clock_correction,concurrency,endpoint,framework,model,run,ceiling_rps,censoring_fraction,chunks_ok_pct,clock_rate_half_diff,clock_rate_off_nominal,clock_rate_ratio,clock_rate_uncertainty,clock_rate_unstable,clock_step_detected,clock_step_ms,closed_system_consistency,completions,cpu_max_loaded_pct,cpu_mean_loaded_pct,cpu_ms_per_request,derived_queue_wait_ms,derived_ttft_ms,e2e_client_p50_ms,e2e_client_p95_ms,e2e_client_p99_ms,e2e_server_p50_ms,e2e_server_p95_ms,e2e_server_p99_ms,error_rate_pct,failures,failures_by_type,finished_loaded,idle_drift,idle_rss_diff_mb,idle_rss_mb,idle_uss_diff_mb,idle_uss_mb,inflight_at_stop,late_inflight,latency_mean_ms,latency_p50_ms,latency_p90_ms,latency_p95_ms,latency_p99_ms,locust_rps,max_inflight_age_ms,min_1s_completion_ratio,min_1s_completions,monitor_cpu_pct,peak_rss_mb,peak_uss_mb,percentiles_censored,pipeline_completion_pct,response_law_R_ms,rss_growth_mb,service_time_s,share_of_ceiling,share_of_ceiling_completion_rate,sim_cpu_mean_pct,sim_cpu_p95_pct,sim_monitor_cpu_pct,sim_peak_uss_mb,stage1_p50_ms,stage1_p95_ms,stage1_p99_ms,stage2_p50_ms,stage2_p95_ms,stage2_p99_ms,stage3_p50_ms,stage3_p95_ms,stage3_p99_ms,stage4_p50_ms,stage4_p95_ms,stage4_p99_ms,stream_csr_pct,stream_finished_loaded,throughput_completion_rate,throughput_fixed_window,token_count_max,token_count_min,token_count_p50,tpot_p50_ms,tpot_p95_ms,tpot_p99_ms,ttft_p50_ms,ttft_p95_ms,ttft_p99_ms,uss_growth_mb,window_s,workers
uncorrected,100,inference,django,sync_single,1,0.34746351633078526,0.8333333333333334,,0.0003110148857647932,False,1.0000989186945517,0.0005896262795333644,False,False,0.003,0.10901153661414753,20,4.0,0.1506276150627615,4.497490000016114,285824.53900000657,,,,,,,,0.0,0,{},20,False,0.0,64.12,0.0,50.39,100,81,30043.7727,30043.677499999998,51768.0322,54481.01,,0.3463414438586385,59265.53,0.0,0,0.597,64.25,50.57,True,,288711.6555555622,0.12999999999999545,2.878,1.0110226132861013,0.9968423320014294,0.0502092050209205,0.0,0.382,16.86,,,,,,,,,,,,,,,0.3463663419045967,0.35129347230232844,,,,,,,,,,0.17999999999999972,54.086,1
uncorrected,100,inference,django,sync_single,2,0.34746351633078526,0.8333333333333334,,1.1751699165118978e-05,False,1.0001991961494843,0.0006522228253888395,False,False,0.001,0.10901400842607815,20,4.0,0.13389121338912133,3.9944160000013658,285830.26450000395,,,,,,,,0.0,0,{},20,False,0.13,64.25,0.01,50.4,100,81,30045.1131,30044.0985,51770.2689,54484.60445,,0.34631709362464347,59259.839,0.0,0,0.514,64.38,50.57,True,,288717.4388888929,0.12999999999999545,2.878,1.0111159204531712,0.9968223641342081,0.03347280334728033,0.0,0.448,16.86,,,,,,,,,,,,,,,0.3463594037992384,0.35132589313869744,,,,,,,,,,0.1700000000000017,54.081,1
uncorrected,100,inference,django,sync_single,3,0.34746351633078526,0.8333333333333334,,0.0003267459021274455,False,0.9999992278938833,0.0006116790154695529,False,False,0.003,0.10902219523914489,20,4.0,0.13445378151260504,4.003049999999348,285875.63949999824,,,,,,,,0.0,0,{},20,False,-0.06,64.06,-0.03,50.36,100,81,30052.30245,30051.9335,51777.64920000001,54492.92585,,0.3462489597650763,59042.976,0.0,0,0.613,64.18,50.53,True,,288763.27222222043,0.12000000000000455,2.878,1.0152052967419571,0.9966641456345627,0.05042016806722689,0.0,0.365,16.86,,,,,,,,,,,,,,,0.34630442864300304,0.3527468022035987,,,,,,,,,,0.1700000000000017,53.863,1
uncorrected,100,inference,django,sync_single,4,0.34746351633078526,0.8333333333333334,,0.0001785236428806236,False,1.000184859140859,0.0006192888614187704,False,False,0.001,0.10903550918827769,20,4.0,0.13389121338912133,3.9899980000118376,285869.7214999957,,,,,,,,0.0,0,{},20,False,0.13,64.25,0.0,50.39,100,81,30055.4314,30056.1595,51785.39250000001,54500.994249999996,,0.3462317332815141,59125.672,0.0,0,0.563,64.38,50.57,True,,288757.29444444005,0.12999999999999545,2.878,1.0136295223132938,0.9966847783143216,0.03347280334728033,0.0,0.397,16.86,,,,,,,,,,,,,,,0.34631159774646336,0.3521992780796713,,,,,,,,,,0.17999999999999972,53.947,1
uncorrected,100,inference,django,sync_single,5,0.34746351633078526,0.8333333333333334,,6.184124405828051e-05,False,0.9998224378078432,0.0005962205134104089,False,False,0.018,0.10901736456280804,20,4.0,0.1506276150627615,4.498144000011963,285883.83999999316,,,,,,,,0.0,0,{},20,False,-0.12,64.0,-0.07,50.32,100,81,30051.8565,30053.22,51779.66330000001,54494.98335,,0.3462486596374505,59128.453,0.0,0,0.596,64.13,50.5,True,,288771.55555554864,0.12999999999999545,2.878,1.0135751324367948,0.9966355565953181,0.03347280334728033,0.0,0.381,16.86,,,,,,,,,,,,,,,0.34629449499489856,0.35218037958193005,,,,,,,,,,0.17999999999999972,53.95,1
uncorrected,10,inference,django,sync_single,1,0.34746351633078526,0.3333333333333333,,0.00033156686456059514,False,1.0000564029475012,0.0006179703587761978,False,False,0.001,0.7869936091927563,20,8.0,0.1506276150627615,4.502816000000166,25984.778500000175,,,,,,,,0.0,0,{},20,False,0.0,64.25,0.0,50.34,10,0,21730.5422,27575.611,28872.7013,28873.5544,,0.34630815081358396,28081.226000000002,0.0,0,0.514,64.37,50.52,False,,28871.976111111304,0.12000000000000455,2.878,1.0109233890898297,0.9968143465221313,0.0502092050209205,0.0,0.415,16.86,,,,,,,,,,,,,,,0.3463566179715536,0.3512589955141868,,,,,,,,,,0.17999999999999972,54.091,1
uncorrected,10,inference,django,sync_single,2,0.34746351633078526,0.3333333333333333,,4.452384059372427e-05,False,0.9999468334566102,0.0006069204079118772,False,False,0.06,0.7869481242767816,20,4.2,0.1682008368200837,5.003385299997899,25988.250500000504,,,,,,,,0.0,0,{},20,False,0.0,64.25,0.09,50.43,10,0,21732.2815,27578.7465,28877.6846,28878.00785,,0.34627521865882954,28080.443,0.0,0,0.564,64.25,50.61,False,,28875.83388888945,0.0,2.878,1.0109677321070658,0.9966811732863472,0.0502092050209205,0.0,0.365,16.86,,,,,,,,,,,,,,,0.3463103451307669,0.3512744030948804,,,,,,,,,,0.17999999999999972,54.089,1
uncorrected,10,inference,django,sync_single,3,0.34746351633078526,0.3333333333333333,,0.0003029438289494646,False,1.0001759047212344,0.0006120213975636,False,False,0.001,0.7869890716959281,20,4.0,0.1506276150627615,4.50152999999409,25983.162000000444,,,,,,,,0.0,0,{},20,False,-0.12,64.13,-0.01,50.33,10,0,21729.17435,27575.542,28871.4947,28872.316,,0.34633541817951213,28072.690000000002,0.0,0,0.581,64.38,50.51,False,,28870.180000000495,0.25,2.878,1.0110776084247366,0.996876361699148,0.0502092050209205,0.0,0.382,16.86,,,,,,,,,,,,,,,0.3463781659830257,0.35131258110657976,,,,,,,,,,0.17999999999999972,54.083,1
uncorrected,10,inference,django,sync_single,4,0.34746351633078526,0.3333333333333333,,7.236455597214864e-05,False,0.9998794383706081,0.0006121481125286371,False,False,0.001,0.7869130294086855,20,4.0,0.11715481171548117,3.4977779999971976,25983.83900000044,,,,,,,,0.0,0,{},20,False,-0.08,64.17,0.02,50.36,10,0,21727.63325,27573.671000000002,28869.3312,28869.75795,,0.34634585100208765,28079.007,0.0,0,0.547,64.42,50.53,False,,28870.932222222713,0.25,2.878,1.011065234006731,0.9968503884279594,0.0502092050209205,0.0,0.431,16.86,,,,,,,,,,,,,,,0.3463691412188879,0.35130828144778703,,,,,,,,,,0.1700000000000017,54.084,1
uncorrected,10,inference,django,sync_single,5,0.34746351633078526,0.3333333333333333,,0.00019935503004131494,False,1.00009760065334,0.0006207462294476946,False,False,0.015,0.7869821130419625,20,4.0,0.13389121338912133,3.995612000006077,25984.871999999086,,,,,,,,0.0,0,{},20,False,-0.24,64.01,0.0,50.34,10,0,21730.26745,27574.878,28874.1446,28874.755,,0.3463181101748466,28080.577,0.0,0,0.514,64.26,50.52,False,,28872.079999998987,0.25,2.878,1.0109603743012565,0.9968107597374699,0.0502092050209205,0.0,0.431,16.86,,,,,,,,,,,,,,,0.34635537169474284,0.35127184652580146,,,,,,,,,,0.17999999999999972,54.089,1
uncorrected,1,inference,django,sync_single,1,0.34746351633078526,0.047619047619047616,,0.00016468801165137048,False,1.0000050695275027,0.0006116173924755377,False,False,0.003,0.9999350339750331,20,4.0,0.1506276150627615,4.505514000004041,0.0,,,,,,,,0.0,0,{},20,False,0.0,64.03,0.0,50.36,1,0,2889.3703,2889.1620000000003,2890.1691,2890.65585,,0.3460713437734159,2049.013,0.0,0,0.531,64.16,50.54,False,,2889.3644999999296,0.12999999999999545,2.878,1.011055438891533,0.9960667821592154,0.0502092050209205,0.0,0.431,16.86,,,,,,,,,,,,,,,0.34609686662933126,0.3513048780026174,,,,,,,,,,0.17999999999999972,54.084,1
uncorrected,1,inference,django,sync_single,2,0.34746351633078526,0.047619047619047616,,0.0005533951739720155,False,1.0000344376113584,0.0006109406783145642,False,False,0.042,0.9999517848442986,20,4.0,0.1506276150627615,4.502195999994002,0.0,,,,,,,,0.0,0,{},20,False,0.13,64.16,0.0,50.36,1,0,2889.09,2889.1255,2889.5258,2889.9874,,0.3461070588823407,2060.1569999999997,0.0,0,0.498,64.29,50.53,False,,2889.0966666666723,0.13000000000000966,2.878,1.0109588063095456,0.9961591224015791,0.0502092050209205,0.0,0.481,16.86,,,,,,,,,,,,,,,0.3461289514946418,0.351271301705888,,,,,,,,,,0.1700000000000017,54.089,1
uncorrected,1,inference,django,sync_single,3,0.34746351633078526,0.047619047619047616,,0.0001139815468318428,False,1.0000678893771269,0.0005978924219692868,False,False,0.003,0.9999283537395384,20,4.0,0.13389121338912133,4.001825999992435,0.0,,,,,,,,0.0,0,{},20,False,0.22,64.25,-0.03,50.33,1,0,2889.0872,2889.0585,2890.3872,2890.8761,,0.34610700461799865,2058.185,0.0,0,0.564,64.38,50.5,False,,2889.1539444444384,0.12999999999999545,2.878,1.0109972024211409,0.9961393734432579,0.03347280334728033,0.0,0.382,16.86,,,,,,,,,,,,,,,0.3461220894521396,0.35128464295383627,,,,,,,,,,0.1700000000000017,54.087,1
uncorrected,1,inference,django,sync_single,4,0.34746351633078526,0.047619047619047616,,0.00033166835911779824,False,0.9998581522854376,0.0006075025955640784,False,False,0.001,0.9999484617149722,20,4.0,0.1506276150627615,4.507053999994241,4.547473508864641e-13,,,,,,,,0.0,0,{},20,False,0.14,64.17,-0.03,50.33,1,0,2889.40515,2889.41,2890.0190000000002,2890.1513999999997,,0.3460665295870037,2051.536,0.0,0,0.597,64.29,50.51,False,,2889.409388888857,0.12000000000000455,2.878,1.010994732262087,0.9960513076019165,0.0502092050209205,0.0,0.365,16.86,,,,,,,,,,,,,,,0.3460914897852385,0.3512837846636855,,,,,,,,,,0.17999999999999972,54.087,1
uncorrected,1,inference,django,sync_single,5,0.34746351633078526,0.047619047619047616,,7.097744223349967e-05,False,0.999842629504366,0.0006109903577756216,False,False,0.003,0.9999387273997028,20,4.0,0.13389121338912133,3.997567999998864,0.0,,,,,,,,0.0,0,{},20,False,0.13,64.16,-0.02,50.34,1,0,2889.38835,2889.2815,2890.2315,2891.59825,,0.3460684012787959,2042.5059999999999,0.0,0,0.531,64.29,50.51,False,,2889.4458333333105,0.13000000000000966,2.878,1.011171332041527,0.9960387444536012,0.0502092050209205,0.0,0.448,16.86,,,,,,,,,,,,,,,0.3460871245495487,0.351345146644033,,,,,,,,,,0.1699999999999946,54.078,1
uncorrected,25,inference,django,sync_single,1,0.34746351633078526,0.5555555555555556,,1.562545922961789e-05,False,1.0001064109011537,0.0006148452628239483,False,False,0.029,0.4241241547533721,20,4.0,0.13347280334728034,4.000575049989857,69289.95999999945,,,,,,,,0.0,0,{},20,False,0.0,64.25,0.0,50.36,25,7,29226.06805,29224.771,50292.499200000006,52926.67235000001,,0.3463202133518077,57538.471,0.0,0,0.581,64.38,50.53,True,,72177.0416666661,0.12999999999999545,2.878,1.0110238848554967,0.9968543783255257,0.06694560669456066,0.0,0.365,16.86,,,,,,,,,,,,,,,0.34637052756272607,0.35129391412630184,,,,,,,,,,0.1700000000000017,54.086,1
uncorrected,25,inference,django,sync_single,2,0.34746351633078526,0.5555555555555556,,0.00030572458577671213,False,1.0001580739313845,0.0006278248873541062,False,False,0.051,0.4240960532859593,20,4.0,0.13389121338912133,4.008491999993566,69287.48266666662,,,,,,,,0.0,0,{},20,False,-0.07,64.18,0.03,50.39,25,7,29223.04635,29221.953999999998,50290.0115,52925.6236,,0.3463354524969771,57541.981999999996,0.0,0,0.531,64.31,50.57,True,,72174.46111111106,0.12999999999999545,2.878,1.0109568914830898,0.996890020269559,0.0502092050209205,0.0,0.448,16.86,,,,,,,,,,,,,,,0.34638291183792874,0.35127063637355443,,,,,,,,,,0.17999999999999972,54.089,1
uncorrected,25,inference,django,sync_single,3,0.34746351633078526,0.5555555555555556,,0.0003830068643653206,False,0.9999299857048216,0.000620002749841792,False,False,0.021,0.42415066640206045,20,4.0,0.1506276150627615,4.496062000005622,69291.06533333348,,,,,,,,0.0,0,{},20,False,-0.09,64.16,0.01,50.37,25,7,29228.38565,29228.9435,50293.6479,52930.441750000005,,0.3463101981118182,57542.081000000006,0.0,0,0.597,64.28,50.54,True,,72178.1930555557,0.12000000000000455,2.878,1.0109610829007307,0.9968384764719717,0.0502092050209205,0.0,0.464,16.86,,,,,,,,,,,,,,,0.34636500224877403,0.35127209273826643,,,,,,,,,,0.1700000000000017,54.089,1
uncorrected,25,inference,django,sync_single,4,0.34746351633078526,0.5555555555555556,,0.0004780004652816805,False,1.0000568131124858,0.0006091330594830491,False,False,0.003,0.42406804617289606,20,4.0,0.16736401673640167,5.006391999995685,69291.72400000002,,,,,,,,0.0,0,{},20,False,-0.1,64.15,-0.01,50.35,25,7,29222.863,29220.324500000002,50290.600600000005,52926.503150000004,,0.34633477758808134,57530.195999999996,0.0,0,0.614,64.28,50.52,True,,72178.87916666668,0.12999999999999545,2.878,1.0111811403973556,0.9968290008197803,0.0502092050209205,0.0,0.365,16.86,,,,,,,,,,,,,,,0.3463617098053441,0.3513485546898386,,,,,,,,,,0.1700000000000017,54.077,1
uncorrected,25,inference,django,sync_single,5,0.34746351633078526,0.5555555555555556,,0.00021182745894177124,False,1.0001463734757456,0.0006503767532085741,False,False,0.19,0.4240724547172944,20,4.0,0.1506276150627615,4.50371200000518,69292.8359999981,,,,,,,,0.0,0,{},20,False,-0.13,64.12,0.0,50.36,25,7,29223.62525,29223.283499999998,50292.105200000005,52925.86155,,0.34632982452362343,57557.58500000001,0.0,0,0.63,64.25,50.53,True,,72180.03749999803,0.12999999999999545,2.878,1.0106727911366695,0.9968130038724622,0.0502092050209205,0.0,0.431,16.86,,,,,,,,,,,,,,,0.3463561514497784,0.3511719218681965,,,,,,,,,,0.1700000000000017,54.105,1
uncorrected,50,inference,django,sync_single,1,0.34746351633078526,0.7142857142857143,,0.00025250184363490025,False,1.0000766310378253,0.0005968960026356975,False,False,0.003,0.21607046244171887,20,4.1,0.13487394957983193,4.012515150005493,141478.79977777967,,,,,,,,0.0,0,{},20,False,0.0,64.0,0.0,50.37,50,31,29778.39215,29778.9745,51283.382900000004,53972.3147,,0.3462863282902141,58526.354,0.0,0,0.597,64.12,50.55,True,,144366.12222222416,0.12000000000000455,2.878,1.0140763984367702,0.9967712492719957,0.03361344537815126,0.0,0.414,16.86,,,,,,,,,,,,,,,0.3463416432494773,0.3523545512288986,,,,,,,,,,0.17999999999999972,53.923,1
uncorrected,50,inference,django,sync_single,2,0.34746351633078526,0.7142857142857143,,0.0008835069430305209,False,0.9999821942905349,0.0006221670726922958,False,False,0.001,0.21610309623642757,20,4.0,0.15126050420168066,4.493108000002394,141452.6473888909,,,,,,,,0.0,0,{},20,False,0.25,64.25,-0.01,50.36,50,31,29777.532900000002,29776.3475,51279.6241,53968.18,,0.34630480970916455,58504.686,0.0,0,0.547,64.38,50.54,True,,144339.43611111317,0.12999999999999545,2.878,1.0144789225060296,0.9969555367337386,0.05042016806722689,0.0,0.431,16.86,,,,,,,,,,,,,,,0.34640567641895015,0.35249441365741124,,,,,,,,,,0.17999999999999972,53.902,1
uncorrected,50,inference,django,sync_single,3,0.34746351633078526,0.7142857142857143,,0.0003621081586810959,False,1.000198623449001,0.0006195098773123978,False,False,0.017,0.21602332427601897,20,4.0,0.13389121338912133,4.005554000010307,141461.83761111472,,,,,,,,0.0,0,{},20,False,0.15,64.15,-0.02,50.35,50,32,29768.19915,29768.961000000003,51269.409100000004,53957.5148,,0.34635673063456135,58689.047,0.0,0,0.614,64.28,50.52,True,,144348.81388889256,0.12999999999999545,2.878,1.0110421063301196,0.9968907684323752,0.0502092050209205,0.0,0.365,16.86,,,,,,,,,,,,,,,0.3463831717972117,0.351300245423947,,,,,,,,,,0.1700000000000017,54.085,1
uncorrected,50,inference,django,sync_single,4,0.34746351633078526,0.7142857142857143,,4.1642290185439634e-05,False,0.9999086713778108,0.0006160992984310695,False,False,0.001,0.21601891102532356,20,4.0,0.13389121338912133,4.001036000001476,141453.93500000218,,,,,,,,0.0,0,{},20,False,0.25,64.25,-0.01,50.36,50,32,29765.97,29762.9415,51268.045600000005,53958.910200000006,,0.3463587027126228,58692.281,0.0,0,0.597,64.38,50.54,True,,144340.7500000022,0.12999999999999545,2.878,1.0109809874180922,0.9969464617580122,0.06694560669456066,0.0,0.348,16.86,,,,,,,,,,,,,,,0.34640252319597364,0.3512790088318597,,,,,,,,,,0.17999999999999972,54.088,1
uncorrected,50,inference,django,sync_single,5,0.34746351633078526,0.7142857142857143,,0.00015425656971645996,False,1.000000460938066,0.000609048901397513,False,False,0.059,0.2160286416624078,20,4.0,0.13389121338912133,4.001879999996163,141458.93844443708,,,,,,,,0.0,0,{},20,False,0.03,64.03,-0.01,50.36,50,32,29768.2249,29768.906000000003,51269.021700000005,53961.392100000005,,0.34636355506411204,58694.533,0.0,0,0.531,64.15,50.54,True,,144345.85555554804,0.12000000000000455,2.878,1.0109278316024417,0.996911199467196,0.03347280334728033,0.0,0.448,16.86,,,,,,,,,,,,,,,0.3463902708364128,0.35126053912524036,,,,,,,,,,0.17999999999999972,54.091,1
uncorrected,5,inference,django,sync_single,1,0.34746351633078526,0.2,,8.897540636354506e-05,False,1.000047030904658,0.0006127000579403674,False,False,0.001,0.915877415932084,20,8.0,0.1506276150627615,4.5005180000007385,11549.12644444428,,,,,,,,0.0,0,{},20,False,0.0,63.94,0.0,50.33,5,0,12705.425,14434.5795,14441.891500000002,14442.75315,,0.3463052514689515,13640.49,0.0,0,0.597,64.06,50.5,False,,14436.40805555535,0.12000000000000455,2.878,1.011024473964952,0.9967853460932415,0.0502092050209205,0.0,0.398,16.86,,,,,,,,,,,,,,,0.3463465413805565,0.3512941188203447,,,,,,,,,,0.1700000000000017,54.086,1
uncorrected,5,inference,django,sync_single,2,0.34746351633078526,0.2,,0.00048407911063930165,False,1.0001117964350499,0.0006088140376181185,False,False,0.003,0.9159208799360561,20,4.0,0.13389121338912133,4.003769999995711,11549.078000000412,,,,,,,,0.0,0,{},20,False,0.31,64.25,0.02,50.35,5,0,12706.10795,14435.5415,14441.0288,14441.05305,,0.34630408631207676,13634.681999999999,0.0,0,0.564,64.37,50.53,False,,14436.347500000516,0.12000000000000455,2.878,1.011093977680926,0.9967895272678553,0.03347280334728033,0.0,0.348,16.86,,,,,,,,,,,,,,,0.34634799418619017,0.35131826882589506,,,,,,,,,,0.17999999999999972,54.082,1
uncorrected,5,inference,django,sync_single,3,0.34746351633078526,0.2,,0.0007465220802272965,False,1.0001026303436988,0.000606528576617356,False,False,0.003,0.9159025077383234,20,4.0,0.1506276150627615,4.4993759999997565,11548.14222222275,,,,,,,,0.0,0,{},20,False,0.44,64.38,0.08,50.41,5,0,12704.7584,14434.7575,14436.7362,14438.401100000001,,0.3463321609110878,13643.117999999999,0.0,0,0.514,64.5,50.59,False,,14435.177777778437,0.12000000000000455,2.878,1.0109938334629969,0.9968702998692552,0.06694560669456066,0.0,0.481,16.86,,,,,,,,,,,,,,,0.34637605971829577,0.3512834723637932,,,,,,,,,,0.18000000000000682,54.087,1
uncorrected,5,inference,django,sync_single,4,0.34746351633078526,0.2,,5.302561158071484e-05,False,1.0000801766010683,0.0006103913018424403,False,False,0.003,0.9158858620647006,20,4.1,0.1514644351464435,4.495537250001326,11548.454666666254,,,,,,,,0.0,0,{},20,False,0.23,64.17,0.01,50.34,5,0,12704.8395,14434.344000000001,14439.1109,14439.9995,,0.346326267098233,13645.788,0.0,0,0.63,64.42,50.52,False,,14435.568333332816,0.25,2.878,1.0109562179339866,0.9968433294567561,0.050627615062761505,0.0,0.348,16.86,,,,,,,,,,,,,,,0.34636668848393193,0.35127040233981466,,,,,,,,,,0.17999999999999972,54.089,1
uncorrected,5,inference,django,sync_single,5,0.34746351633078526,0.2,,0.00016959868838140046,False,0.99992435281112,0.0006097763703374969,False,False,0.003,0.9158166019686419,20,4.0,0.1506276150627615,4.503745999994863,11548.249999999825,,,,,,,,0.0,0,{},20,False,0.18,64.12,0.04,50.37,5,0,12703.70845,14433.4885,14437.1243,14437.9897,,0.3463455135270469,13648.838,0.0,0,0.514,64.37,50.54,False,,14435.312499999782,0.25,2.878,1.0110099011889422,0.9968609962548588,0.06694560669456066,0.0,0.448,16.86,,,,,,,,,,,,,,,0.346372827051723,0.3512890553123496,,,,,,,,,,0.1700000000000017,54.087,1
uncorrected,100,pipeline,django,sync_single,1,0.3621220351258374,0.8264462809917356,,0.00031120079152935354,False,0.999935934710934,0.0006124217189460679,False,False,0.026,0.11396912740810594,21,4.0,0.200836820083682,5.715125714279046,274529.5740000084,,30230.421,54940.72,,2771.325,2772.359,,0.0,0,{},21,False,0.0,64.13,0.0,50.39,100,80,30231.329761904763,30230.421,52196.829,54940.72,,0.3605631898788094,59258.909,0.0,0,0.663,64.38,50.61,True,100.0,277302.6000000085,0.25,2.7615,1.0168068756865807,0.9958435297757453,0.0502092050209205,0.0,0.381,16.86,0.001,0.001,,50.677,51.583,,2720.519,2721.358,,0.002,0.002,,,,0.36061688566929034,0.36820817515356896,,,,,,,,,,0.21999999999999886,54.317,1
uncorrected,100,pipeline,django,sync_single,2,0.3621220351258374,0.8264462809917356,,0.00012758415055169614,False,1.0000947620994398,0.0006323948578987169,False,False,0.001,0.11398468630114118,21,4.0,0.2184873949579832,6.188192380941472,274534.19573684176,,30235.748,54944.574,,2771.469,2772.373,,0.0,0,{},21,False,0.04,64.17,-0.03,50.36,100,80,30235.96614285714,30235.748,52201.073,54944.574,,0.36054254195358576,59050.489,0.0,0,0.597,64.42,50.58,True,100.0,277307.2684210523,0.25,2.7615,1.0207235584226495,0.9958267649180579,0.06722689075630252,0.0,0.431,16.86,0.001,0.001,,50.712,50.959,,2720.626,2721.537,,0.002,0.003,,,,0.36061081474490597,0.3696264922768964,,,,,,,,,,0.21999999999999886,54.109,1
uncorrected,100,pipeline,django,sync_single,3,0.3621220351258374,0.8264462809917356,,0.00019878760661351524,False,0.9999995458879201,0.0006323703876598394,False,False,0.001,0.11396551073778405,21,4.0,0.2175732217573222,6.199508571430454,274582.3305789404,,30235.448,54950.156,,2771.693,2773.341,,0.0,0,{},21,False,-0.09,64.04,-0.03,50.36,100,80,30236.208,30235.448,52203.72,54950.156,,0.360505440667663,59262.383,0.0,0,0.646,64.29,50.56,True,100.0,277355.88947367715,0.25,2.7615,1.0167429148178293,0.9956521944568564,0.06694560669456066,0.0,0.448,16.86,0.001,0.001,,50.748,50.972,,2720.733,2722.052,,0.002,0.003,,,,0.36054759893422283,0.3681850135136083,,,,,,,,,,0.20000000000000284,54.321,1
uncorrected,100,pipeline,django,sync_single,4,0.3621220351258374,0.8264462809917356,,0.0005286005722831,False,0.9999911074426995,0.0006216588458610056,False,False,0.001,0.11398143801553401,21,4.0,0.2184873949579832,6.197211428578678,274591.62615788804,,30240.552,54955.952,,2771.755,2772.751,,0.0,0,{},21,False,-0.08,64.05,0.0,50.39,100,80,30241.629095238095,30240.552,52210.503,54955.952,,0.360466719862832,59126.136000000006,0.0,0,0.613,64.3,50.59,True,100.0,277365.2789473616,0.25,2.7615,1.0193032091630854,0.9956184892645042,0.06722689075630252,0.0,0.414,16.86,0.001,0.001,,50.772,51.147,,2720.857,2721.511,,0.002,0.003,,,,0.360535393541374,0.3691121525124336,,,,,,,,,,0.20000000000000284,54.184,1
uncorrected,100,pipeline,django,sync_single,5,0.3621220351258374,0.8264462809917356,,7.920383971482536e-05,False,1.000028349488785,0.0006327395589285173,False,False,0.001,0.11397254448385954,21,4.0,0.2175732217573222,6.191866666666189,274553.5163684217,,30233.299,54949.06,,2771.255,2773.878,,0.0,0,{},21,False,0.12,64.25,-0.04,50.35,100,80,30234.99885714286,30233.299,52200.992,54949.06,,0.3605277297417331,59270.702999999994,0.0,0,0.597,64.38,50.57,True,100.0,277326.78421052697,0.12999999999999545,2.7615,1.0165955302846208,0.9957566874981912,0.0502092050209205,0.0,0.431,16.86,0.001,0.001,,50.661,52.894,,2720.475,2722.458,,0.002,0.003,,,,0.3605854381670075,0.36813164232649676,,,,,,,,,,0.21999999999999886,54.328,1
uncorrected,10,pipeline,django,sync_single,1,0.3621220351258374,0.3225806451612903,,0.000509924421099428,False,1.0001664721349006,0.0006271541033151765,False,False,0.001,0.7975663709559053,21,8.0,0.23430962343096234,6.670676190496168,24961.41378947466,,27726.947,27741.488,,2771.352,2772.22,,0.0,0,{},21,False,0.0,64.25,0.0,50.36,10,0,21199.380857142856,27726.947,27740.782,27741.488,,0.3605346346754044,26550.998,0.0,0,0.647,64.5,50.57,False,100.0,27734.904210527402,0.25,2.7615,1.017013485407855,0.9956767757473671,0.06694560669456066,0.0,0.382,16.86,0.001,0.001,,50.663,50.915,,2720.729,2721.419,,0.002,0.002,,,,0.3605565003611686,0.36828299308631357,,,,,,,,,,0.21000000000000085,54.306,1
uncorrected,10,pipeline,django,sync_single,2,0.3621220351258374,0.3225806451612903,,4.9029175661408075e-05,False,1.0000558314453327,0.0006251017603140332,False,False,0.003,0.7977123004412416,21,8.0,0.2175732217573222,6.1816971428648,24959.162368421523,,27732.337,27735.272,,2771.524,2772.637,,0.0,0,{},21,False,0.0,64.25,0.01,50.37,10,0,21201.42980952381,27732.337,27734.333,27735.272,,0.36053347178282225,26555.493,0.0,0,0.663,64.38,50.58,False,100.0,27732.40263157947,0.12999999999999545,2.7615,1.0167372869908304,0.9957665899655669,0.06652719665271967,0.0,0.381,16.86,0.001,0.001,,50.715,50.889,,2720.678,2721.69,,0.002,0.003,,,,0.36058902406864635,0.3681829755534421,,,,,,,,,,0.21000000000000085,54.321,1
uncorrected,10,pipeline,django,sync_single,3,0.3621220351258374,0.3225806451612903,,0.000330389151899535,False,1.0000737442572185,0.000615151836636532,False,False,0.001,0.7976095392554686,21,4.0,0.2175732217573222,6.1878704761953225,24958.114578948112,,27727.152,27733.87,,2771.323,2773.156,,0.0,0,{},21,False,-0.01,64.24,-0.01,50.35,10,0,21197.72561904762,27727.152,27733.821,27733.87,,0.3605771887166114,26566.264,0.0,0,0.647,64.37,50.56,False,100.0,27731.23842105346,0.13000000000000966,2.7615,1.016696654605148,0.9958083941550475,0.0502092050209205,0.0,0.382,16.86,0.001,0.001,,50.707,51.165,,2720.569,2721.467,,0.002,0.002,,,,0.36060416228681785,0.3681682616712467,,,,,,,,,,0.21000000000000085,54.323,1
uncorrected,10,pipeline,django,sync_single,4,0.3621220351258374,0.3225806451612903,,0.0005960009106079633,False,0.9999434290500587,0.0006173961375261564,False,False,0.003,0.7976855385360248,21,4.0,0.2175732217573222,6.193140952375308,24960.902684210807,,27731.67,27737.335,,2771.564,2772.381,,0.0,0,{},21,False,-0.09,64.16,0.03,50.39,10,0,21202.242857142857,27731.67,27736.223,27737.335,,0.3605109916510267,26568.532000000003,0.0,0,0.547,64.41,50.6,False,100.0,27734.336315789784,0.25,2.7615,1.0165091703999387,0.9956971634572037,0.06694560669456066,0.0,0.498,16.86,0.001,0.001,,50.681,50.963,,2720.655,2721.422,,0.002,0.003,,,,0.3605638832001462,0.3681003695093024,,,,,,,,,,0.21000000000000085,54.333,1
uncorrected,10,pipeline,django,sync_single,5,0.3621220351258374,0.3225806451612903,,0.00040780856379829533,False,0.9998629596146962,0.0006051228453140559,False,False,0.001,0.7975626733156923,21,4.0,0.20168067226890757,5.7229657142861035,24958.9160526331,,27722.463,27739.035,,2771.487,2772.806,,0.0,0,{},21,False,-0.09,64.16,0.05,50.41,10,0,21197.28042857143,27722.463,27737.667,27739.035,,0.36055563444153876,26398.458000000002,0.0,0,0.63,64.29,50.61,False,100.0,27732.12894737011,0.13000000000000966,2.7615,1.0199359143794482,0.9957764170362687,0.06722689075630252,0.0,0.398,16.86,0.001,0.001,,50.726,50.994,,2720.572,2721.604,,0.002,0.002,,,,0.3605925826674882,0.36934126901301767,,,,,,,,,,0.20000000000000284,54.15,1
uncorrected,1,pipeline,django,sync_single,1,0.3621220351258374,0.045454545454545456,,0.00037271679827066695,False,0.9998241596447291,0.0006394267085064124,False,False,0.001,0.9998276010423067,21,8.0,0.2184873949579832,6.179860952369859,4.547473508864641e-13,,2775.737,2778.381,,2771.171,2772.528,,0.0,0,{},21,False,0.0,64.0,0.0,50.37,1,0,2775.513761904762,2775.737,2776.993,2778.381,,0.36025539591251216,1396.595,0.0,0,0.58,64.25,50.58,False,100.0,2775.767789473704,0.25,2.7615,1.0196611327125604,0.9948598764176851,0.06680672268907563,0.0,0.447,16.86,0.001,0.001,,50.694,50.98,,2720.3,2721.915,,0.003,0.003,,,,0.36026068311341125,0.36924176451658897,,,,,,,,,,0.21000000000000085,54.165,1
uncorrected,1,pipeline,django,sync_single,2,0.3621220351258374,0.045454545454545456,,0.00024218557451238798,False,0.9999261839325648,0.0006220934412996234,False,False,0.001,0.9998872993329216,21,4.0,0.2175732217573222,6.191464761906814,0.0,,2776.017,2777.511,,2771.707,2772.386,,0.0,0,{},21,False,0.05,64.05,0.02,50.39,1,0,2776.032761904762,2776.017,2776.902,2777.511,,0.36018453292000513,1542.095,0.0,0,0.68,64.3,50.59,False,100.0,2776.217631579034,0.25,2.7615,1.0167157737621273,0.9946986751284831,0.06694560669456066,0.0,0.481,16.86,0.001,0.001,,50.695,50.962,,2720.781,2721.67,,0.002,0.002,,,,0.3602023085745005,0.368175185139282,,,,,,,,,,0.20000000000000284,54.322,1
uncorrected,1,pipeline,django,sync_single,3,0.3621220351258374,0.045454545454545456,,0.00024239100354694898,False,1.000128853761948,0.0006248324155853178,False,False,0.021,0.999851558599162,21,4.0,0.23430962343096234,6.667994285727175,0.0,,2775.77,2777.903,,2771.472,2773.043,,0.0,0,{},21,False,0.38,64.38,0.06,50.43,1,0,2775.868238095238,2775.77,2777.515,2777.903,,0.36020811546572934,1548.4450000000002,0.0,0,0.663,64.63,50.64,False,100.0,2776.161947368421,0.25,2.7615,1.0166685651972434,0.9947186267781247,0.06694560669456066,0.0,0.365,16.86,0.001,0.001,,50.629,50.939,,2720.757,2721.912,,0.002,0.003,,,,0.36020953350647283,0.3681580898776909,,,,,,,,,,0.21000000000000085,54.324,1
uncorrected,1,pipeline,django,sync_single,4,0.3621220351258374,0.045454545454545456,,3.657475814433653e-05,False,1.0000950727383762,0.0006161397807828565,False,False,0.097,0.9999027583989779,21,8.0,0.200836820083682,5.709518095238656,4.547473508864641e-13,,2775.288,2777.093,,2771.116,2771.737,,0.0,0,{},21,False,0.15,64.15,0.01,50.38,1,0,2775.303523809524,2775.288,2776.826,2777.093,,0.36028366373740034,1562.294,0.0,0,0.664,64.4,50.6,False,100.0,2775.4257368421686,0.25,2.7615,1.0166364910199406,0.994982486233621,0.0502092050209205,0.0,0.365,16.86,0.001,0.001,,50.679,50.804,,2720.34,2720.954,,0.002,0.002,,,,0.3603050828294843,0.368146475111331,,,,,,,,,,0.21999999999999886,54.326,1
uncorrected,1,pipeline,django,sync_single,5,0.3621220351258374,0.045454545454545456,,1.9155703644857525e-05,False,0.9999442869178501,0.0006275166302109633,False,False,0.003,0.9998996345634842,21,8.0,0.2175732217573222,6.194527619040206,4.547473508864641e-13,,2775.345,2776.83,,2771.144,2772.542,,0.0,0,{},21,False,0.16,64.16,0.01,50.38,1,0,2775.5128571428572,2775.345,2776.724,2776.83,,0.3602541184171066,1553.566,0.0,0,0.647,64.41,50.59,False,100.0,2775.54136842101,0.25,2.7615,1.0167121560112398,0.9949410343579215,0.06694560669456066,0.0,0.365,16.86,0.001,0.001,,50.656,50.904,,2720.475,2721.59,,0.002,0.003,,,,0.36029007219189624,0.3681738750719681,,,,,,,,,,0.21000000000000085,54.322,1
uncorrected,25,pipeline,django,sync_single,1,0.3621220351258374,0.5434782608695652,,0.0003809685737543589,False,0.9999904780783221,0.0006311539174449597,False,False,0.001,0.4433657983037177,21,8.0,0.21715481171548118,6.1874467142773755,66558.87789473758,,29408.176,53374.349,,2771.55,2773.562,,0.0,0,{},21,False,0.0,64.03,0.0,50.38,25,6,29408.217095238095,29408.176,50706.402,53374.349,,0.36052904459544327,57525.224,0.0,0,0.548,64.28,50.58,True,100.0,69332.16447368498,0.25,2.7615,1.0166866938319865,0.9957499599800201,0.0502092050209205,0.0,0.465,16.86,0.001,0.001,,50.745,50.95,,2720.689,2721.764,,0.002,0.003,,,,0.36058300198443605,0.3681646546557981,,,,,,,,,,0.19999999999999574,54.324,1
uncorrected,25,pipeline,django,sync_single,2,0.3621220351258374,0.5434782608695652,,3.814129816837042e-05,False,0.9999179723087518,0.0006060112833438984,False,False,0.001,0.44340877026783443,21,4.0,0.23430962343096234,6.673179047620146,66563.68042105246,,29415.543,53377.176,,2771.85,2773.163,,0.0,0,{},21,False,0.1,64.13,-0.02,50.36,25,6,29413.121952380952,29415.543,50713.796,53377.176,,0.3604948438104576,57521.555,0.0,0,0.631,64.26,50.58,True,100.0,69337.16710526298,0.13000000000000966,2.7615,1.0167571818894003,0.9956781172670635,0.06694560669456066,0.0,0.382,16.86,0.001,0.001,,50.769,51.13,,2720.806,2722.385,,0.002,0.002,,,,0.3605569861550112,0.36819017993460085,,,,,,,,,,0.21999999999999886,54.32,1
uncorrected,25,pipeline,django,sync_single,3,0.3621220351258374,0.5434782608695652,,0.0007365778748573693,False,0.9998801524838115,0.00062525301004089,False,False,0.001,0.4433391050045294,21,4.0,0.200836820083682,5.716940952392872,66562.35031578934,,29406.041,53376.516,,2771.698,2772.334,,0.0,0,{},21,False,0.12,64.15,-0.02,50.36,25,6,29407.88266666667,29406.041,50711.986,53376.516,,0.360524188095946,57528.722,0.0,0,0.68,64.4,50.57,True,100.0,69335.78157894724,0.25,2.7615,1.0166287655983628,0.9956980137505538,0.06694560669456066,0.0,0.348,16.86,0.001,0.001,,50.715,50.988,,2720.854,2721.476,,0.002,0.002,,,,0.36056419111010457,0.368143677565947,,,,,,,,,,0.21000000000000085,54.327,1
uncorrected,25,pipeline,django,sync_single,4,0.3621220351258374,0.5434782608695652,,0.00016541760717969645,False,1.000097765530553,0.0006052251025212461,False,False,0.001,0.4433572067674584,21,4.0,0.2175732217573222,6.18708190477004,66555.65305263428,,29408.288,53372.994,,2771.534,2773.541,,0.0,0,{},21,False,0.12,64.15,-0.02,50.36,25,6,29406.241285714284,29408.288,50705.667,53372.994,,0.3605330541468349,57530.638000000006,0.0,0,0.631,64.4,50.57,True,100.0,69328.80526316071,0.25,2.7615,1.0166021832288172,0.9957982073677027,0.06694560669456066,0.0,0.465,16.86,0.001,0.001,,50.823,52.029,,2720.311,2722.652,,0.002,0.003,,,,0.3606004734266532,0.3681340515041887,,,,,,,,,,0.21000000000000085,54.328,1
uncorrected,25,pipeline,django,sync_single,5,0.3621220351258374,0.5434782608695652,,0.00026065096333338644,False,1.0001326310700052,0.0006291816221259803,False,False,0.001,0.4433458142554377,21,8.0,0.21799163179916317,6.201170238082773,66547.64715789382,,29401.509,53359.887,,2770.921,2772.226,,0.0,0,{},21,False,0.1,64.13,-0.03,50.35,25,6,29401.826666666668,29401.509,50699.085,53359.887,,0.3605984429314123,57523.981,0.0,0,0.647,64.25,50.56,True,100.0,69320.46578947273,0.12000000000000455,2.7615,1.0167252113332086,0.9959180050761328,0.06694560669456066,0.0,0.365,16.86,0.001,0.001,,50.712,50.871,,2720.33,2721.582,,0.002,0.003,,,,0.3606438548166333,0.36817860269172864,,,,,,,,,,0.21000000000000085,54.321,1
uncorrected,50,pipeline,django,sync_single,1,0.3621220351258374,0.704225352112676,,0.00020934296716912382,False,0.9999341504094384,0.0006279794093604344,False,False,0.064,0.22584938472886448,21,8.0,0.23430962343096234,6.667714285701681,135896.11257894838,,29961.813,54425.194,,2771.508,2773.186,,0.0,0,{},21,False,0.0,64.04,0.0,50.38,50,30,29959.328238095237,29961.813,51703.938,54425.194,,0.36052496577637133,58671.613,0.0,0,0.663,64.29,50.58,True,100.0,138669.50263158,0.25,2.7615,1.016951344840805,0.9957128090870889,0.06694560669456066,0.0,0.365,16.86,0.001,0.001,,50.738,50.976,,2720.738,2722.027,,0.002,0.003,,,,0.36056954882748105,0.36826049061770955,,,,,,,,,,0.19999999999999574,54.309,1
uncorrected,50,pipeline,django,sync_single,2,0.3621220351258374,0.704225352112676,,0.0004631249041062713,False,0.9998541038698028,0.0006137260789778135,False,False,0.001,0.22584786766461026,21,4.0,0.18487394957983194,5.240750476174678,135896.2853684243,,29956.71,54424.503,,2771.419,2773.984,,0.0,0,{},21,False,-0.04,64.0,-0.04,50.34,50,30,29959.433238095236,29956.71,51705.58,54424.503,,0.3605063894280931,58481.905,0.0,0,0.613,64.12,50.55,True,100.0,138669.67894737172,0.12000000000000455,2.7615,1.020524784374533,0.9957115430576758,0.06722689075630252,0.0,0.381,16.86,0.001,0.001,,50.699,50.984,,2720.53,2721.599,,0.002,0.002,,,,0.36056909037033347,0.36955451181406235,,,,,,,,,,0.20999999999999375,54.119,1
uncorrected,50,pipeline,django,sync_single,3,0.3621220351258374,0.704225352112676,,0.00021337390570141945,False,1.000082034893475,0.0006391222209620975,False,False,0.003,0.22589030589451067,21,8.0,0.2175732217573222,6.18132190476033,135883.88063157655,,29962.213,54426.043,,2771.328,2772.189,,0.0,0,{},21,False,-0.09,63.95,0.0,50.38,50,30,29962.24142857143,29962.213,51704.941,54426.043,,0.36051816893341954,58568.402,0.0,0,0.58,64.2,50.59,True,100.0,138657.02105262913,0.25,2.7615,1.0188850664746114,0.9958024408125123,0.0502092050209205,0.0,0.464,16.86,0.001,0.001,,50.724,52.729,,2720.609,2721.272,,0.002,0.003,,,,0.3606020064503032,0.3689607338311104,,,,,,,,,,0.21000000000000085,54.206,1
uncorrected,50,pipeline,django,sync_single,4,0.3621220351258374,0.704225352112676,,1.84333168018469e-06,False,0.9998560175376954,0.0006193301394064101,False,False,0.053,0.22584555204161963,21,4.0,0.200836820083682,5.714860952395525,135890.98305263178,,29957.427,54421.439,,2771.409,2772.489,,0.0,0,{},21,False,-0.13,63.91,0.03,50.41,50,30,29957.75161904762,29957.427,51699.753,54421.439,,0.36053654136323193,58481.435,0.0,0,0.597,64.16,50.63,True,100.0,138664.26842105284,0.25,2.7615,1.0205232445537749,0.9957503946203103,0.08368200836820083,0.0,0.398,16.86,0.001,0.001,,50.735,51.097,,2720.522,2721.716,,0.002,0.002,,,,0.3605831593772625,0.3695539542110356,,,,,,,,,,0.22000000000000597,54.119,1
uncorrected,50,pipeline,django,sync_single,5,0.3621220351258374,0.704225352112676,,1.9164935704862884e-05,False,0.9999939232008082,0.0006260470580337174,False,False,0.003,0.22588033342040234,21,4.0,0.23529411764705882,6.664173333334648,135884.110157895,,29960.368,54422.615,,2771.41,2772.049,,0.0,0,{},21,False,0.12,64.16,0.0,50.38,50,30,29961.028380952383,29960.368,51704.109,54422.615,,0.3605376998482703,58489.361000000004,0.0,0,0.564,64.29,50.59,True,100.0,138657.25526315815,0.13000000000000966,2.7615,1.0203811702023775,0.9958007587698668,0.06722689075630252,0.0,0.431,16.86,0.001,0.001,,50.593,50.809,,2720.695,2721.424,,0.002,0.002,,,,0.36060139734559726,0.36950250595776846,,,,,,,,,,0.21000000000000085,54.127,1
uncorrected,5,pipeline,django,sync_single,1,0.3621220351258374,0.19230769230769232,,0.000488788253768413,False,0.9999691612222794,0.0006216321197160157,False,False,0.003,0.9200808957712747,21,4.0,0.2175732217573222,6.184801904760423,11092.662315789645,,13864.878,13868.042,,2771.374,2772.543,,0.0,0,{},21,False,0.0,64.25,0.0,50.39,5,0,12282.507904761906,13864.878,13868.036,13868.042,,0.3605656636559333,12703.079000000002,0.0,0,0.614,64.38,50.61,False,100.0,13865.827894737056,0.12999999999999545,2.7615,1.0165670231649793,0.9957934069873176,0.06694560669456066,0.0,0.431,16.86,0.001,0.001,,50.722,50.973,,2720.602,2721.5,,0.002,0.002,,,,0.3605987351031387,0.3681213192703166,,,,,,,,,,0.21999999999999886,54.33,1
uncorrected,5,pipeline,django,sync_single,2,0.3621220351258374,0.19230769230769232,,0.00028307368930324817,False,0.9998674864441375,0.0006310554628854268,False,False,0.022,0.9200543612490952,21,4.0,0.2175732217573222,6.186209523806438,11093.854526315943,,13866.102,13868.024,,2771.56,2772.461,,0.0,0,{},21,False,-0.05,64.2,0.02,50.41,5,0,12283.523666666666,13866.102,13867.309,13868.024,,0.36052628060992103,12687.433,0.0,0,0.647,64.32,50.61,False,100.0,13867.31815789493,0.11999999999999034,2.7615,1.0167791987965196,0.9956863932006295,0.06694560669456066,0.0,0.382,16.86,0.001,0.001,,50.722,50.967,,2720.722,2721.501,,0.002,0.002,,,,0.3605599830529167,0.36819815274181406,,,,,,,,,,0.20000000000000284,54.319,1
uncorrected,5,pipeline,django,sync_single,3,0.3621220351258374,0.19230769230769232,,0.0005910232176021823,False,1.0000614790930624,0.0006047582894846139,False,False,0.114,0.9200345050087819,21,4.0,0.2175732217573222,6.1890799999846875,11092.821263157499,,13865.155,13868.747,,2771.383,2772.451,,0.0,0,{},21,False,-0.22,64.03,0.01,50.4,5,0,12282.006571428572,13865.155,13868.235,13868.747,,0.3605694245706728,12691.065,0.0,0,0.597,64.28,50.61,False,100.0,13866.026578946874,0.25,2.7615,1.0168561288222955,0.9957791384133262,0.0502092050209205,0.0,0.448,16.86,0.001,0.001,,50.63,50.854,,2720.733,2721.458,,0.002,0.003,,,,0.36059356813808663,0.36822601079931033,,,,,,,,,,0.21000000000000085,54.314,1
uncorrected,5,pipeline,django,sync_single,4,0.3621220351258374,0.19230769230769232,,9.107177628020491e-05,False,0.9999926150184538,0.0006103691871206927,False,False,0.001,0.9200540755155716,21,4.0,0.200836820083682,5.715299047622554,11092.674736841887,,13863.841,13868.65,,2771.454,2772.241,,0.0,0,{},21,False,0.0,64.25,-0.04,50.35,5,0,12282.063761904761,13863.841,13867.403,13868.65,,0.3605664208510624,12701.232,0.0,0,0.531,64.38,50.56,False,100.0,13865.84342105236,0.12999999999999545,2.7615,1.016656246800753,0.9957922919449835,0.06694560669456066,0.0,0.481,16.86,0.001,0.001,,50.77,50.928,,2720.681,2721.375,,0.002,0.002,,,,0.36059833132173946,0.3681536291148843,,,,,,,,,,0.21000000000000085,54.325,1
uncorrected,5,pipeline,django,sync_single,5,0.3621220351258374,0.19230769230769232,,0.000294320721510255,False,0.9998453721834692,0.000622976536074014,False,False,0.02,0.9201042438128206,21,8.0,0.2175732217573222,6.184457142849819,11091.66926315811,,13862.391,13868.786,,2771.06,2773.182,,0.0,0,{},21,False,-0.24,64.01,-0.01,50.38,5,0,12281.859666666667,13862.391,13868.489,13868.786,,0.36057783377571884,12701.166000000001,0.0,0,0.63,64.14,50.58,False,100.0,13864.586578947637,0.12999999999999545,2.7615,1.0166604912743096,0.9958825617610323,0.06694560669456066,0.0,0.464,16.86,0.001,0.001,,50.716,50.934,,2720.165,2721.498,,0.002,0.002,,,,0.3606310200112375,0.36815516613228666,,,,,,,,,,0.19999999999999574,54.325,1
uncorrected,100,stream,django,sync_single,1,0.3596604805064019,0.8264462809917356,100.0,0.0006119461213895949,False,1.0000804202838185,0.0006027825698375074,False,False,0.003,0.11397957891415393,21,4.0,0.502092050209205,14.274638095237258,275932.0705263149,276498.0945263149,,,,,,,0.0,0,{},21,False,0.0,65.37,0.0,51.47,100,80,30388.59766666667,30389.639,52464.966,55223.586,,0.3587215663846125,59130.372,0.0,0,0.564,65.49,51.64,True,,278719.26315789385,0.11999999999999034,2.7804,1.026848745261152,0.9975629127667828,0.2510460251046025,4.0,0.431,16.86,,,,,,,,,,,,,100.0,21,0.358783956541067,0.3693169131280219,12,12,12.0,202.072,202.31,,28163.511,53000.472,,0.1700000000000017,54.154,1
uncorrected,100,stream,django,sync_single,2,0.3596604805064019,0.8264462809917356,100.0,0.0006215240710165659,False,0.9999237702787606,0.0006118774146667968,False,False,0.042,0.11402124850897664,21,8.0,0.48535564853556484,13.797653333326927,276003.4130526331,276569.4370526331,,,,,,,0.0,0,{},21,False,-0.32,65.05,-0.1,51.37,100,80,30407.92923809524,30407.011,52485.887,55248.516,,0.3585570744351838,59027.888,0.0,0,0.563,65.3,51.54,True,,278791.326315791,0.25,2.7804,1.0287942862573716,0.9973050584976239,0.2510460251046025,4.0,0.381,16.86,,,,,,,,,,,,,100.0,21,0.35869121655072067,0.37001664733756706,12,12,12.0,202.224,202.382,,28182.807,53022.743,,0.1700000000000017,54.052,1
uncorrected,100,stream,django,sync_single,3,0.3596604805064019,0.8264462809917356,100.0,0.0004125401668058082,False,1.0000247393653459,0.0006051069314552579,False,False,0.001,0.1139575675525508,21,8.0,0.48535564853556484,13.79554857142336,275978.9548420914,276544.9788420914,,,,,,,0.0,0,{},21,False,-0.12,65.25,-0.07,51.4,100,80,30387.726380952383,30382.812,52467.159,55228.131,,0.35869007834094346,59270.026,0.0,0,0.614,65.5,51.57,True,,278766.6210526176,0.25,2.7804,1.0242019878451756,0.9973934431250274,0.23430962343096234,4.0,0.381,16.86,,,,,,,,,,,,,100.0,21,0.358723005008282,0.36836497908400784,12,12,12.0,202.014,202.235,,28159.424,53004.888,,0.1700000000000017,54.294,1
uncorrected,100,stream,django,sync_single,4,0.3596604805064019,0.8264462809917356,100.0,8.83061961838294e-05,False,1.000057864007301,0.0006483171248952429,False,False,0.028,0.1139912735564436,21,8.0,0.5546218487394958,15.721436190506214,276059.36889474443,276625.3928947444,,,,,,,0.0,0,{},21,False,-0.34,65.03,-0.05,51.42,100,80,30405.806095238095,30405.302,52488.676,55247.838,,0.3585388739988396,59075.32,0.0,0,0.663,65.16,51.59,True,,278847.8473684287,0.12999999999999545,2.7804,1.0278908785680925,0.9971029097909392,0.2689075630252101,4.0,0.398,16.86,,,,,,,,,,,,,100.0,21,0.35861851164974073,0.3696917272939478,12,12,12.0,202.234,202.399,,28180.326,53025.43,,0.1700000000000017,54.099,1
uncorrected,100,stream,django,sync_single,5,0.3596604805064019,0.8264462809917356,100.0,0.00032338578035129295,False,1.0000672170155251,0.0006267321628301343,False,False,0.008,0.1139738634107696,21,8.0,0.5372384937238494,15.23702980950059,276054.38242104027,276620.40642104024,,,,,,,0.0,0,{},21,False,-0.28,65.09,-0.13,51.34,100,80,30400.44838095238,30399.514,52482.402,55241.655,,0.35858527635488613,59271.272000000004,0.0,0,0.713,65.21,51.52,True,,278842.8105263033,0.11999999999999034,2.7804,1.0241787151315145,0.9971209208342577,0.26778242677824265,4.0,0.365,16.86,,,,,,,,,,,,,100.0,21,0.3586249895102351,0.36835660880862986,12,12,12.0,202.289,202.47,,28176.741,53020.434,,0.17999999999999972,54.295,1
uncorrected,10,stream,django,sync_single,1,0.3596604805064019,0.3225806451612903,100.0,0.00021015052744721707,False,1.0001078019435607,0.0006113500740204795,False,False,0.001,0.7976003168196126,21,8.0,0.502092050209205,14.293072380934888,25089.957473682785,25655.981473682787,,,,,,,0.0,0,{},21,False,0.0,65.12,0.0,51.39,10,0,21309.546523809524,27874.807,27877.577,27878.06,,0.3586618847625121,26388.064,0.0,0,0.597,65.25,51.57,False,,27877.730526314204,0.12999999999999545,2.7804,1.0243323175740322,0.9973552177698034,0.2510460251046025,4.0,0.348,16.86,,,,,,,,,,,,,100.0,21,0.3587092568586546,0.3684118535369127,12,12,12.0,202.271,202.411,,25650.563,25654.962,,0.17999999999999972,54.287,1
uncorrected,10,stream,django,sync_single,2,0.3596604805064019,0.3225806451612903,100.0,0.00042696411847664706,False,1.0000068480585351,0.0006057019243751727,False,False,0.029,0.7976776911029863,21,4.0,0.502092050209205,14.28711238092676,25089.732473684162,25655.756473684163,,,,,,,0.0,0,{},21,False,0.13,65.25,0.02,51.41,10,0,21311.669095238096,27871.808,27876.747,27877.351,,0.35863243835725445,26201.118000000002,0.0,0,0.58,65.5,51.59,False,,27877.480526315736,0.25,2.7804,1.0277615376706801,0.9973641618636817,0.2510460251046025,4.0,0.397,16.86,,,,,,,,,,,,,100.0,21,0.3587124736957566,0.36964520848463533,12,12,12.0,202.039,202.355,,25648.394,25652.218,,0.18000000000000682,54.106,1
uncorrected,10,stream,django,sync_single,3,0.3596604805064019,0.3225806451612903,100.0,0.0003202659306731359,False,0.9999617353412851,0.0006108652184740997,False,False,0.001,0.7977885844692123,21,4.0,0.5042016806722689,14.288834285710308,25088.062263157648,25654.08626315765,,,,,,,0.0,0,{},21,False,0.13,65.25,0.02,51.41,10,0,21313.312380952382,27872.08,27880.126,27880.669,,0.35864093123008284,26129.131999999998,0.0,0,0.613,65.5,51.58,False,,27875.62473684183,0.25,2.7804,1.029090294882931,0.9974305603006929,0.25210084033613445,4.0,0.381,16.86,,,,,,,,,,,,,100.0,21,0.3587363545895169,0.3701231099420698,12,12,12.0,202.239,202.397,,25648.059,25655.755,,0.1700000000000017,54.036,1
uncorrected,10,stream,django,sync_single,4,0.3596604805064019,0.3225806451612903,100.0,0.00011022874459187815,False,0.999828295466889,0.0005895070027129395,False,False,0.003,0.7976073639398954,21,4.0,0.48535564853556484,13.822599999991887,25088.37063157798,25654.39463157798,,,,,,,0.0,0,{},21,False,-0.3,64.82,0.0,51.39,10,0,21308.360047619048,27871.015,27874.761,27876.975,,0.3586895714805113,26386.309,0.0,0,0.531,65.07,51.57,False,,27875.967368419977,0.25,2.7804,1.0244399110079483,0.9974183005931659,0.23430962343096234,4.0,0.448,16.86,,,,,,,,,,,,,100.0,21,0.3587319452572169,0.3684505506430543,12,12,12.0,202.054,202.388,,25649.021,25652.416,,0.17999999999999972,54.281,1
uncorrected,10,stream,django,sync_single,5,0.3596604805064019,0.3225806451612903,100.0,0.0004185706342346718,False,1.0001159910381372,0.0005995545601990256,False,False,0.003,0.797688689440929,21,4.0,0.48535564853556484,13.81873904760661,25085.87573684264,25651.899736842643,,,,,,,0.0,0,{},21,False,-0.12,65.0,-0.05,51.34,10,0,21308.420619047618,27871.833,27876.984,27877.427,,0.358714653295715,26386.175000000003,0.0,0,0.597,65.25,51.52,False,,27873.19526315849,0.25,2.7804,1.024431940701787,0.9975174979938541,0.23430962343096234,4.0,0.365,16.86,,,,,,,,,,,,,100.0,21,0.3587676226420134,0.36844768403891054,12,12,12.0,202.083,202.358,,25648.26,25652.81,,0.17999999999999972,54.282,1
uncorrected,1,stream,django,sync_single,1,0.3596604805064019,0.045454545454545456,100.0,0.0001371653604702594,False,1.0001186611671897,0.0006076278878385904,False,False,0.001,0.9999182488761923,21,8.0,0.5210084033613446,14.763700952386165,0.0,566.024,,,,,,,0.0,0,{},21,False,0.0,65.17,0.0,51.41,1,0,2789.419142857143,2789.127,2789.991,2791.201,,0.35846415773291845,1041.518,0.0,0,0.531,65.3,51.59,False,,2789.3065789474736,0.12999999999999545,2.7804,1.0285699902856975,0.9968068841859492,0.23430962343096234,4.0,0.448,16.86,,,,,,,,,,,,,100.0,21,0.3585120429384078,0.36993597694061914,12,12,12.0,202.057,202.161,,566.089,566.979,,0.18000000000000682,54.063,1
uncorrected,1,stream,django,sync_single,2,0.3596604805064019,0.045454545454545456,100.0,0.0004632385653894344,False,0.9999449791989979,0.0005999320919325091,False,False,0.001,0.9999230688517132,21,8.0,0.502092050209205,14.286369523809604,0.0,566.024,,,,,,,0.0,0,{},21,False,-0.17,65.0,-0.03,51.38,1,0,2789.7640952380953,2789.919,2790.341,2790.4,,0.35841646971513874,1252.53,0.0,0,0.598,65.12,51.55,False,,2789.883578947315,0.12000000000000455,2.7804,1.0244276909768844,0.9966007259159921,0.23430962343096234,4.0,0.365,16.86,,,,,,,,,,,,,100.0,21,0.3584378959559747,0.36844615558081006,12,12,12.0,202.07,202.195,,566.024,566.93,,0.1699999999999946,54.282,1
uncorrected,1,stream,django,sync_single,3,0.3596604805064019,0.045454545454545456,100.0,0.00025942052740046684,False,1.0001235408366715,0.0006174175210352626,False,False,0.001,0.9999031055746486,21,4.0,0.502092050209205,14.290655238056347,0.0,566.024,,,,,,,0.0,0,{},21,False,0.08,65.25,0.0,51.41,1,0,2789.2125714285717,2789.074,2790.338,2791.182,,0.3584858901618836,1261.839,0.0,0,0.514,65.38,51.58,False,,2789.3354210527355,0.12999999999999545,2.7804,1.0244609180800404,0.9967965770680377,0.23430962343096234,4.0,0.448,16.86,,,,,,,,,,,,,100.0,21,0.35850833587542713,0.368458106056697,12,12,12.0,202.039,202.209,,565.86,567.69,,0.1700000000000017,54.28,1
uncorrected,1,stream,django,sync_single,4,0.3596604805064019,0.045454545454545456,100.0,0.0005294179106963837,False,1.0000024396950185,0.0006132439507324867,False,False,0.017,0.9999233335981189,21,4.0,0.5188284518828452,14.764211428576218,0.0,566.024,,,,,,,0.0,0,{},21,False,-0.13,65.04,0.0,51.41,1,0,2789.6627619047617,2789.657,2790.625,2791.122,,0.35843303429454254,1264.7489999999998,0.0,0,0.498,65.29,51.58,False,,2789.8036842104234,0.25,2.7804,1.024243768684884,0.9966292666886758,0.2510460251046025,4.0,0.448,16.86,,,,,,,,,,,,,100.0,21,0.3584481609439921,0.3683800060008934,12,12,12.0,202.127,202.179,,566.117,567.161,,0.1700000000000017,54.292,1
uncorrected,1,stream,django,sync_single,5,0.3596604805064019,0.045454545454545456,100.0,0.00032927298683982364,False,0.9999782507709257,0.0006108344450378546,False,False,0.001,0.9998666641913893,21,4.0,0.48535564853556484,13.802596190466177,0.0,566.024,,,,,,,0.0,0,{},21,False,-0.01,65.16,-0.02,51.39,1,0,2789.5377619047617,2789.242,2790.817,2792.37,,0.35844940055825564,1131.244,0.0,0,0.547,65.29,51.57,False,,2789.7113684210985,0.13000000000000966,2.7804,1.0268191802470825,0.9966622466659092,0.26778242677824265,4.0,0.414,16.86,,,,,,,,,,,,,100.0,21,0.358460022538451,0.36930627976085545,12,12,12.0,202.045,202.212,,566.001,568.735,,0.17999999999999972,54.156,1
uncorrected,25,stream,django,sync_single,1,0.3596604805064019,0.5434782608695652,100.0,2.190202599661184e-05,False,1.0000421952111396,0.0005932442225564764,False,False,0.001,0.4432889746332008,21,4.0,0.502092050209205,14.288548571424883,66904.75578947256,67470.77978947257,,,,,,,0.0,0,{},21,False,0.0,65.25,0.0,51.39,25,6,29555.674714285713,29557.925,50968.349,53642.836,,0.3586820403167525,57507.436,0.0,0,0.581,65.38,51.56,True,,69692.45394736725,0.12999999999999545,2.7804,1.0244130659474766,0.9973820128717946,0.2510460251046025,4.0,0.382,16.86,,,,,,,,,,,,,100.0,21,0.358718893997912,0.3684408955357058,12,12,12.0,202.041,202.304,,27332.934,51419.656,,0.1700000000000017,54.283,1
uncorrected,25,stream,django,sync_single,2,0.3596604805064019,0.5434782608695652,100.0,0.0007656695378672751,False,1.0000074172222406,0.0006183435634210003,False,False,0.001,0.44327986556945503,21,8.0,0.48535564853556484,13.79848761905339,66897.57978947417,67463.60378947417,,,,,,,0.0,0,{},21,False,-0.21,65.04,-0.01,51.38,25,6,29551.879857142856,29549.524,50962.799,53638.414,,0.35873277369309675,57504.379,0.0,0,0.581,65.29,51.57,True,,69684.97894736893,0.25,2.7804,1.024454901285319,0.99748900049893,0.26778242677824265,4.0,0.348,16.86,,,,,,,,,,,,,100.0,21,0.35875737321929574,0.36845594205341636,12,12,12.0,202.008,202.322,,27327.383,51416.112,,0.18999999999999773,54.281,1
uncorrected,25,stream,django,sync_single,3,0.3596604805064019,0.5434782608695652,100.0,0.0002568785161254361,False,1.0000128247356534,0.0006035516698491764,False,False,0.003,0.4433033373673842,21,4.0,0.48535564853556484,13.816262857130603,66898.06231578786,67464.08631578786,,,,,,,0.0,0,{},21,False,0.0,65.25,-0.03,51.36,25,6,29553.763714285713,29552.967,50961.372,53636.28,,0.3587206006983227,57501.519,0.0,0,0.63,65.37,51.54,True,,69685.48157894569,0.12000000000000455,2.7804,1.024507350448767,0.9974818057510746,0.23347280334728032,3.8199999999999985,0.332,16.86,,,,,,,,,,,,,100.0,21,0.358754785552825,0.36847480594474424,12,12,12.0,202.211,202.41,,27328.819,51414.305,,0.17999999999999972,54.278,1
uncorrected,25,stream,django,sync_single,4,0.3596604805064019,0.5434782608695652,100.0,0.00015785482613084323,False,0.9999722100469939,0.0005968494666347559,False,False,0.193,0.44342791160489065,21,4.0,0.5042016806722689,14.296514285683985,66896.88757894788,67462.91157894788,,,,,,,0.0,0,{},21,False,0.0,65.25,-0.01,51.38,25,6,29561.92304761905,29560.325,50974.006,53647.155,,0.35866840001672473,57303.859000000004,0.0,0,0.58,65.25,51.56,True,,69684.25789473737,0.0,2.7804,1.0282738060192111,0.9974993219415411,0.25210084033613445,4.0,0.398,16.86,,,,,,,,,,,,,100.0,21,0.3587610854343048,0.3698294511650162,12,12,12.0,202.121,202.352,,27339.489,51425.018,,0.17999999999999972,54.079,1
uncorrected,25,stream,django,sync_single,5,0.3596604805064019,0.5434782608695652,100.0,0.00021422795014536256,False,1.0000626214133483,0.0006037522644012817,False,False,0.011,0.4432964578124854,21,4.0,0.48535564853556484,13.809028571427223,66895.3263157899,67461.35031578991,,,,,,,0.0,0,{},21,False,-0.13,65.12,0.02,51.41,25,6,29552.14323809524,29551.944,50960.354,53637.094,,0.35873053392860677,57329.162,0.0,0,0.613,65.25,51.59,True,,69682.63157894782,0.12999999999999545,2.7804,1.0277858440767205,0.9975226024758806,0.23430962343096234,4.0,0.365,16.86,,,,,,,,,,,,,100.0,21,0.3587694585224718,0.3696539505383112,12,12,12.0,202.163,202.35,,27329.231,51411.2,,0.18000000000000682,54.105,1
uncorrected,50,stream,django,sync_single,1,0.3596604805064019,0.704225352112676,100.0,0.0005441771551717434,False,1.0001020734698427,0.0006066281809796335,False,False,0.027,0.22584665800493353,21,4.0,0.501673640167364,14.28182828571395,136599.4508421111,137165.4748421111,,,,,,,0.0,0,{},21,False,0.0,65.16,0.0,51.4,50,30,30114.085142857144,30112.995,51969.787,54702.867,,0.35867784397733293,58679.494,0.0,0,0.597,65.54,51.58,True,,139387.19473684806,0.38000000000000966,2.7804,1.0243213553853259,0.9973656494232395,0.2510460251046025,4.0,0.365,16.86,,,,,,,,,,,,,100.0,21,0.3587130087121419,0.36840791087085517,12,12,12.0,202.001,202.334,,27890.169,52478.196,,0.17999999999999972,54.288,1
uncorrected,50,stream,django,sync_single,2,0.3596604805064019,0.704225352112676,100.0,0.00026993221488513797,False,1.0000199211967948,0.0006126286656240843,False,False,0.001,0.22587425731065228,21,4.0,0.5042016806722689,14.295340952355348,136584.25568421365,137150.27968421366,,,,,,,0.0,0,{},21,False,-0.33,64.83,-0.02,51.38,50,30,30114.502666666667,30113.693,51969.499,54698.97,,0.35867150218462895,58524.558,0.0,0,0.58,65.08,51.56,True,,139371.6894736874,0.25,2.7804,1.0272649728857879,0.9974766075160924,0.23529411764705882,4.0,0.381,16.86,,,,,,,,,,,,,100.0,21,0.35875291595313347,0.3694666137554984,12,12,12.0,202.191,202.415,,27890.96,52475.585,,0.17999999999999972,54.132,1
uncorrected,50,stream,django,sync_single,3,0.3596604805064019,0.704225352112676,100.0,9.988626602519535e-05,False,0.9997609317193002,0.0006243912598382451,False,False,0.026,0.22582403898831413,21,8.0,0.48535564853556484,13.820988571401571,136608.7505263175,137174.77452631752,,,,,,,0.0,0,{},21,False,-0.13,65.03,-0.04,51.36,50,30,30113.010619047618,30112.391,51972.804,54701.7,,0.3586633335499773,58679.357,0.0,0,0.63,65.28,51.54,True,,139396.68421052807,0.25,2.7804,1.0243219799487926,0.9972977534389617,0.2510460251046025,4.0,0.365,16.86,,,,,,,,,,,,,100.0,21,0.3586885892098121,0.36840813550165175,12,12,12.0,202.135,202.367,,27890.03,52478.913,,0.17999999999999972,54.288,1
uncorrected,50,stream,django,sync_single,4,0.3596604805064019,0.704225352112676,100.0,0.00020376857970394457,False,0.9999274463872329,0.0005996234683686084,False,False,0.033,0.2258378579066777,21,8.0,0.48739495798319327,13.810232380963582,136611.31657894523,137177.34057894524,,,,,,,0.0,0,{},21,False,-0.03,65.13,-0.02,51.38,50,30,30115.598666666665,30114.687,51974.429,54704.745,,0.3586396958250258,58489.197,0.0,0,0.564,65.25,51.55,True,,139399.30263157678,0.12000000000000455,2.7804,1.0279268122006857,0.9972790205946781,0.23529411764705882,4.0,0.381,16.86,,,,,,,,,,,,,100.0,21,0.35868185174603584,0.36970465120151264,12,12,12.0,202.034,202.368,,27892.627,52481.571,,0.1699999999999946,54.097,1
uncorrected,50,stream,django,sync_single,5,0.3596604805064019,0.704225352112676,100.0,0.0003329231472063432,False,0.9999347347467091,0.0006081887781318381,False,False,0.099,0.22587552297937993,21,4.0,0.48535564853556484,13.813899047645032,136600.83831578653,137166.86231578654,,,,,,,0.0,0,{},21,False,-0.04,65.12,-0.01,51.39,50,30,30118.519476190475,30117.255,51977.12,54708.066,,0.3586258820644629,58553.128000000004,0.0,0,0.579,65.38,51.56,True,,139388.61052631278,0.2599999999999909,2.7804,1.0267159905112369,0.9973555190419006,0.2510460251046025,4.0,0.43,16.86,,,,,,,,,,,,,100.0,21,0.35870936521432184,0.3692691664908779,12,12,12.0,202.051,202.381,,27892.169,52486.588,,0.1700000000000017,54.161,1
uncorrected,5,stream,django,sync_single,1,0.3596604805064019,0.19230769230769232,100.0,0.00011401250968079424,False,1.0002359411151318,0.0006356932345987839,False,False,0.055,0.9201832360735767,21,4.0,0.48535564853556484,13.80607809524961,11149.378947368334,11715.402947368333,,,,,,,0.0,0,{},21,False,0.0,65.12,0.0,51.38,5,0,12346.964952380953,13935.469,13939.173,13939.999,,0.3586836747685957,12281.41,0.0,0,0.547,65.25,51.57,False,,13936.723684210418,0.12999999999999545,2.7804,1.0275121907840155,0.9975084758084315,0.2510460251046025,4.0,0.414,16.86,,,,,,,,,,,,,100.0,21,0.3587643777184691,0.3695555282635647,12,12,12.0,202.216,202.399,,11711.333,11714.824,,0.18999999999999773,54.119,1
uncorrected,5,stream,django,sync_single,2,0.3596604805064019,0.19230769230769232,100.0,0.0001972165796568781,False,1.0001298979288102,0.000622905247169258,False,False,0.001,0.920060128555116,21,4.0,0.502092050209205,14.280203809522348,11149.864842105766,11715.888842105765,,,,,,,0.0,0,{},21,False,-0.09,65.03,0.0,51.38,5,0,12345.409761904762,13937.024,13940.339,13941.927,,0.3587220148972596,12452.988,0.0,0,0.531,65.28,51.56,False,,13937.331052632208,0.25,2.7804,1.024393321026421,0.9974650058537904,0.2510460251046025,4.0,0.448,16.86,,,,,,,,,,,,,100.0,21,0.35874874329369527,0.3684337940679115,12,12,12.0,202.05,202.433,,11713.056,11719.048,,0.17999999999999972,54.284,1
uncorrected,5,stream,django,sync_single,3,0.3596604805064019,0.19230769230769232,100.0,0.0002710865198960466,False,1.0001128821390435,0.0006220358475031087,False,False,0.001,0.9200832140284415,21,4.0,0.502092050209205,14.291500952392763,11151.434526315394,11717.458526315393,,,,,,,0.0,0,{},21,False,-0.21,64.91,-0.01,51.37,5,0,12347.719190476191,13937.726,13941.385,13942.828,,0.35864833945809843,12441.25,0.0,0,0.514,65.16,51.54,False,,13939.293157894243,0.25,2.7804,1.0244329820107774,0.9973246019384332,0.23430962343096234,4.0,0.448,16.86,,,,,,,,,,,,,100.0,21,0.3586982455540329,0.3684480585566024,12,12,12.0,202.065,202.376,,11713.794,11719.069,,0.1700000000000017,54.282,1
uncorrected,5,stream,django,sync_single,4,0.3596604805064019,0.19230769230769232,100.0,0.0003614444122344018,False,1.0000250112484215,0.0006125398037196292,False,False,0.003,0.9201262747973707,21,8.0,0.502092050209205,14.28450476192492,11150.58526315797,11716.609263157969,,,,,,,0.0,0,{},21,False,-0.09,65.03,0.01,51.39,5,0,12347.106857142857,13938.176,13941.846,13942.414,,0.3586834410659002,12446.259,0.0,0,0.58,65.28,51.56,False,,13938.231578947461,0.25,2.7804,1.0243763360178681,0.9974005612733409,0.2673640167364017,4.0,0.431,16.86,,,,,,,,,,,,,100.0,21,0.35872556512492476,0.36842768523157393,12,12,12.0,202.269,202.406,,11713.258,11717.501,,0.1700000000000017,54.285,1
uncorrected,5,stream,django,sync_single,5,0.3596604805064019,0.19230769230769232,100.0,0.00035053558095032855,False,0.9999575775547317,0.0005998246137482407,False,False,0.003,0.9201746359803196,21,8.0,0.502092050209205,14.282207619045428,11149.917894736926,11715.941894736925,,,,,,,0.0,0,{},21,False,0.01,65.13,0.01,51.39,5,0,12347.442238095238,13935.867,13939.395,13940.689,,0.35866378045653735,12213.177,0.0,0,0.597,65.25,51.56,False,,13937.397368421156,0.12000000000000455,2.7804,1.028777191158275,0.9974602597970438,0.23430962343096234,4.0,0.381,16.86,,,,,,,,,,,,,100.0,21,0.3587470363246453,0.3700104989060117,12,12,12.0,202.191,202.317,,11712.838,11714.403,,0.1700000000000017,54.053,1
uncorrected,100,inference,fastapi,async,1,34.746351633078525,0.04777992277992278,,0.00019779101936334698,False,1.0001559374939086,0.0006386882338096284,False,False,0.001,1.0002205701521745,1973,28.1,19.935146443514643,6.039813310851904,10.028059860924714,,,,,,,,0.0,0,{},1972,False,0.0,59.71,0.0,48.21,99,0,2888.7163005575267,2888.174,2890.133,2893.0897999999997,2902.74476,32.94994138327999,2866.12,0.8952886985568868,31,0.564,65.71,54.21,False,,2888.0280598609247,5.999999999999993,2.878,0.9961553994096434,0.9965277138403538,5.489539748953975,8.0,0.381,18.76,,,,,,,,,,,,,,,34.62570235720479,34.61276578907725,,,,,,,,,,6.0,54.084,1
uncorrected,100,inference,fastapi,async,2,34.746351633078525,0.04777992277992278,,0.0002687062128134965,False,0.9999948524411912,0.000613019480870355,False,False,0.003,1.0003028002296552,1973,40.0,19.935564853556485,6.039850623224375,9.822073757307408,,,,,,,,0.0,0,{},1972,False,0.03,59.74,-0.01,48.2,99,0,2888.8563639128233,2888.149,2891.608,2894.389,2900.6116,32.9479244364467,2865.841,0.8952248428647653,31,0.597,65.62,54.22,False,,2887.8220737573074,5.880000000000003,2.878,0.9960211609056172,0.9965987953875123,5.438912133891213,8.0,0.415,18.84,,,,,,,,,,,,,,,34.62817218163698,34.60810149081366,,,,,,,,,,6.019999999999996,54.091,1
uncorrected,100,inference,fastapi,async,3,34.746351633078525,0.04777992277992278,,8.547028551497693e-05,False,0.999891471773402,0.0006450784388139601,False,False,0.001,1.0004191483639149,1973,32.1,19.71589958158996,5.973415230223285,9.206627471793581,,,,,,,,0.0,0,{},1972,False,0.03,59.74,-0.05,48.16,99,0,2888.5995443487077,2888.044,2890.891,2892.3158,2899.55304,32.9542578844731,2857.243,0.8372899219668202,29,0.597,65.49,54.16,False,,2887.2066274717936,5.749999999999993,2.878,0.9961581331485079,0.9968112336040682,5.456485355648535,8.0,0.398,18.87,,,,,,,,,,,,,,,34.635553634609735,34.61286077652911,,,,,,,,,,6.0,54.084,1
uncorrected,100,inference,fastapi,async,4,34.746351633078525,0.04777992277992278,,0.0003151935745487888,False,1.0000581731751377,0.000612144996789329,False,False,0.001,1.0004625173801847,1973,32.0,19.83682008368201,6.009640210953043,9.276803848098552,,,,,,,,0.0,0,{},1972,False,0.04,59.75,-0.03,48.18,99,0,2888.7695114039534,2888.062,2890.8766,2893.3816,2904.51352,32.95033950742443,2858.0899999999997,0.9239285772313915,32,0.547,65.75,54.2,False,,2887.2768038480986,6.0,2.878,0.9960709676389093,0.9967870057225776,5.423849372384937,8.0,0.431,18.88,,,,,,,,,,,,,,,34.63471180412014,34.609832093082325,,,,,,,,,,6.020000000000003,54.089,1
uncorrected,100,inference,fastapi,async,5,34.746351633078525,0.04777992277992278,,0.0001909037448737383,False,1.0001496019337959,0.0006244817200430221,False,False,0.001,1.0002894912625373,1973,36.1,19.833891213389123,6.008757262677496,9.595938001081777,,,,,,,,0.0,0,{},1972,False,-0.12,59.59,-0.07,48.14,99,0,2888.533274708566,2888.091,2890.1764000000003,2891.589,2899.94728,32.946310592977646,2862.853,0.952906659540357,33,0.547,65.59,54.14,False,,2887.595938001082,6.0,2.878,0.9960176664625051,0.996676841841063,5.489121338912134,8.0,0.464,18.89,,,,,,,,,,,,,,,34.630884011155764,34.60798007166453,,,,,,,,,,6.0,54.092,1
uncorrected,10,inference,fastapi,async,1,3.4746351633078527,0.04807692307692308,,0.0005098409403181403,False,1.000049946864965,0.0006198334188349986,False,False,0.013,1.000024253955822,198,8.0,1.99163179916318,6.0117587878865875,9.818288770035451,,,,,,,,0.0,0,{},198,False,0.0,59.62,0.0,48.09,10,0,2888.0614343434345,2887.9489999999996,2889.0834,2890.6803,2892.63772,3.3099382771989405,2670.388,0.8663454866310107,3,0.514,60.37,48.91,False,,2887.8182887700355,0.75,2.878,1.0003339246402614,0.9966001016032704,0.5523012552301255,4.0,0.448,17.05,,,,,,,,,,,,,,,3.462821756786902,3.4757954296047995,,,,,,,,,,0.8199999999999932,54.088,1
uncorrected,10,inference,fastapi,async,2,3.4746351633078527,0.04830917874396135,,0.00014474799192321086,False,0.9999947945697095,0.0006109967579977636,False,False,0.016,0.9999829781933574,197,8.0,2.034873949579832,6.141176685279733,9.89940860223578,,,,,,,,0.0,0,{},197,False,-0.02,59.6,0.01,48.1,10,0,2888.0608578680203,2887.87,2889.4656,2890.2038000000002,2894.03176,3.310003177628511,2773.222,0.8663698225806706,3,0.547,60.47,48.93,False,,2887.899408602236,0.8699999999999974,2.878,0.9982985364950714,0.9965721075419913,0.5390756302521008,4.0,0.447,17.07,,,,,,,,,,,,,,,3.462724487637218,3.468723198384543,,,,,,,,,,0.8299999999999983,53.91,1
uncorrected,10,inference,fastapi,async,3,3.4746351633078527,0.04830917874396135,,0.00027184194172935605,False,0.9999460850904476,0.0006166919338490112,False,False,0.068,1.0000088105757148,197,8.0,2.0168067226890756,6.092946192892007,9.960860215013781,,,,,,,,0.0,0,{},197,False,0.0,59.62,0.0,48.09,10,0,2888.193766497462,2888.043,2889.596,2890.3386,2898.3206800000003,3.3100868754796178,2792.049,0.8663882580645041,3,0.564,60.37,48.92,False,,2887.960860215014,0.75,2.878,0.9979121665690148,0.9965509019349132,0.5378151260504201,4.0,0.398,17.08,,,,,,,,,,,,,,,3.462650805889205,3.467380703853422,,,,,,,,,,0.8299999999999983,53.931,1
uncorrected,10,inference,fastapi,async,4,3.4746351633078527,0.04830917874396135,,5.505625967971994e-05,False,0.9999655669236749,0.0006144345899534269,False,False,0.001,0.9999263305760907,197,4.0,2.0585774058577404,6.243306192889133,10.48225806456594,,,,,,,,0.0,0,{},197,False,-0.13,59.49,0.0,48.09,10,0,2888.3718578680205,2888.228,2889.607,2890.0992,2891.91916,3.309697638708387,2792.8869999999997,0.8665446774193697,3,0.563,60.37,48.92,False,,2888.482258064566,0.8799999999999955,2.878,0.9981663743831697,0.9963710152502063,0.5523012552301255,4.0,0.447,17.1,,,,,,,,,,,,,,,3.4620257652891118,3.468263983263272,,,,,,,,,,0.8299999999999983,53.917,1
uncorrected,10,inference,fastapi,async,5,3.4746351633078527,0.04830917874396135,,0.00012233387351578973,False,0.9999313023712437,0.0006161202368728479,False,False,0.093,0.9999536130299411,197,8.0,1.99163179916318,6.038079187816906,10.155913978377612,,,,,,,,0.0,0,{},197,False,-0.12,59.5,0.01,48.1,10,0,2888.1929898477156,2887.95,2889.4822,2890.2734,2893.76464,3.310041435916171,2802.48,0.8664467741935133,3,0.58,60.25,48.93,False,,2888.1559139783776,0.75,2.878,0.9977581564668477,0.9964835991266177,0.5355648535564853,4.0,0.431,17.11,,,,,,,,,,,,,,,3.462416953184912,3.4668455749369276,,,,,,,,,,0.8299999999999983,53.94,1
uncorrected,1,inference,fastapi,async,1,0.34746351633078526,0.047619047619047616,,1.434032858393941e-05,False,0.9998235362515498,0.0006288909664728456,False,False,0.001,0.9999562017006911,20,4.0,0.41841004184100417,12.496566000001621,11.70872222226808,,,,,,,,0.0,0,{},20,False,0.0,59.49,0.0,48.08,1,0,2889.8496999999998,2890.0045,2890.7131999999997,2891.2679,,0.34601424176035656,1919.628,0.0,0,0.547,59.62,48.24,False,,2889.708722222268,0.12999999999999545,2.878,1.0133012830245656,0.9959481306429862,0.03347280334728033,0.0,0.431,16.86,,,,,,,,,,,,,,,0.34605563955628427,0.35208522690221183,,,,,,,,,,0.1600000000000037,53.964,1
uncorrected,1,inference,fastapi,async,2,0.34746351633078526,0.047619047619047616,,0.0003070023694181634,False,1.0000873296654764,0.0006255709567456975,False,False,0.083,0.9999389069742818,20,8.0,0.401673640167364,12.006024000023897,11.850444444366076,,,,,,,,0.0,0,{},20,False,0.12,59.61,0.02,48.1,1,0,2889.7881,2889.7934999999998,2890.8938000000003,2890.98805,,0.3460210712549046,2027.1659999999997,0.0,0,0.614,59.74,48.25,False,,2889.850444444366,0.13000000000000256,2.878,1.011306962771444,0.9958992879831728,0.0502092050209205,0.0,0.398,16.86,,,,,,,,,,,,,,,0.3460386685139586,0.35139227337437245,,,,,,,,,,0.14999999999999858,54.071,1
uncorrected,1,inference,fastapi,async,3,0.34746351633078526,0.047619047619047616,,0.0001905866984747151,False,0.9999840936922705,0.000626496698711994,False,False,0.001,0.9999232901240415,20,4.0,0.41841004184100417,12.50378999998793,11.637611111134447,,,,,,,,0.0,0,{},20,False,0.12,59.61,0.02,48.1,1,0,2889.6013,2889.4785,2891.3100999999997,2891.42725,,0.34604253489268183,2053.671,0.0,0,0.597,59.74,48.26,False,,2889.6376111111344,0.13000000000000256,2.878,1.0108798330490263,0.9959726399371375,0.0502092050209205,0.0,0.431,16.86,,,,,,,,,,,,,,,0.34606415564181287,0.3512438613790918,,,,,,,,,,0.1599999999999966,54.093,1
uncorrected,1,inference,fastapi,async,4,0.34746351633078526,0.047619047619047616,,0.00039490053684465565,False,0.9999191598386569,0.0006325754716815126,False,False,0.003,0.999967393844715,20,4.0,0.41841004184100417,12.496852000003857,11.796277777754767,,,,,,,,0.0,0,{},20,False,0.12,59.61,0.03,48.11,1,0,2889.8218,2889.8965,2891.1382,2891.18785,,0.34601839508855475,2048.5730000000003,0.0,0,0.531,59.74,48.26,False,,2889.7962777777548,0.13000000000000256,2.878,1.0108991819574062,0.9959179552314927,0.0502092050209205,0.0,0.481,16.86,,,,,,,,,,,,,,,0.34604515470170005,0.3512505844188347,,,,,,,,,,0.14999999999999858,54.092,1
uncorrected,1,inference,fastapi,async,5,0.34746351633078526,0.047619047619047616,,0.0004802865896383901,False,1.0001192979651043,0.0006341868009243823,False,False,0.003,0.9999548252429112,20,4.0,0.401673640167364,11.99473799998668,11.752333333388833,,,,,,,,0.0,0,{},20,False,-0.1,59.39,0.04,48.12,1,0,2889.7609,2889.6465,2890.6654,2890.77285,,0.34602411856672627,2049.5420000000004,0.0,0,0.498,59.64,48.29,False,,2889.752333333389,0.25,2.878,1.0108992548232802,0.9959331001491631,0.03347280334728033,0.0,0.481,16.86,,,,,,,,,,,,,,,0.34605041700804834,0.35125060973706745,,,,,,,,,,0.1700000000000017,54.092,1
uncorrected,25,inference,fastapi,async,1,8.686587908269631,0.048355899419729204,,0.00026211310184942604,False,1.0000555360737235,0.0006197147724076931,False,False,0.129,0.9999963889310763,492,8.1,4.73765690376569,5.7526644979681345,9.714753218804617,,,,,,,,0.0,0,{},492,False,0.0,59.62,0.0,48.09,25,0,2887.8746951219514,2887.803,2889.0615,2890.0706,2892.36557,8.24976386432461,2864.675,0.9240687210300174,8,0.564,61.37,49.85,False,,2887.7147532188046,1.75,2.878,0.9968306506258122,0.996635833505378,1.3548117154811716,4.0,0.431,17.34,,,,,,,,,,,,,,,8.657364780276042,8.65905707631873,,,,,,,,,,1.759999999999998,53.932,1
uncorrected,25,inference,fastapi,async,2,8.686587908269631,0.048355899419729204,,6.337736274431016e-05,False,0.9998834226646888,0.000634284596981385,False,False,0.001,1.0000955014634403,492,12.0,4.870292887029288,5.914363030488726,9.797585836767666,,,,,,,,0.0,0,{},492,False,-0.26,59.36,0.05,48.14,25,0,2888.2598536585365,2888.0195,2889.6121,2890.61955,2893.00237,8.249089572767629,2838.21,0.9240952274677655,8,0.58,61.11,49.91,False,,2887.7975858367677,1.75,2.878,0.9970243727087086,0.9966072463372019,1.3723849372384938,4.0,0.397,17.37,,,,,,,,,,,,,,,8.657116455326632,8.660739860221582,,,,,,,,,,1.769999999999996,53.921,1
uncorrected,25,inference,fastapi,async,3,8.686587908269631,0.048355899419729204,,9.390458019242764e-05,False,1.0001068248852587,0.0006182732686061745,False,False,0.041,1.0001799834230118,492,8.1,4.78744769874477,5.813062166666361,9.49640557937073,,,,,,,,0.0,0,{},492,False,0.12,59.74,0.11,48.2,25,0,2888.148611788618,2887.9314999999997,2889.3837000000003,2890.26995,2892.3477000000003,8.249235089677525,2835.209,0.9239988497853986,8,0.596,61.49,49.97,False,,2887.4964055793707,1.75,2.878,0.9971665644904449,0.9967111974369834,1.3723849372384938,4.0,0.38,17.38,,,,,,,,,,,,,,,8.658019435693046,8.661975021633468,,,,,,,,,,1.769999999999996,53.914,1
uncorrected,25,inference,fastapi,async,4,8.686587908269631,0.04633204633204633,,0.0001132761036336527,False,0.9999880337037385,0.0006355194214256002,False,False,0.053,0.9999750557292966,494,12.0,4.886610878661088,5.922755647060878,10.094379014844435,,,,,,,,0.0,0,{},493,False,-0.15,59.47,0.11,48.2,24,0,2888.2215546558705,2888.041,2889.4771,2890.5574,2892.50186,8.249361188496069,2767.828,0.9241902012847504,8,0.614,61.22,49.96,False,,2888.0943790148444,1.75,2.878,0.9961712422887293,0.9965048306287387,1.389539748953975,4.0,0.398,17.39,,,,,,,,,,,,,,,8.656226812271878,8.653329067831214,,,,,,,,,,1.759999999999998,54.083,1
uncorrected,25,inference,fastapi,async,5,8.686587908269631,0.04633204633204633,,0.00014996626716479167,False,1.0000368395573105,0.0006146102964568358,False,False,0.001,0.9999944970265666,494,11.9,4.735983263598326,5.7401303488833335,9.756102783577262,,,,,,,,0.0,0,{},493,False,-0.11,59.51,0.07,48.16,24,0,2887.9447246963564,2887.7745,2889.3046999999997,2890.3254,2892.21061,8.24989197852141,2784.494,0.9240819528907447,8,0.581,61.26,49.92,False,,2887.7561027835773,1.75,2.878,0.9960344078986322,0.9966215627510326,1.3556485355648535,4.0,0.398,17.4,,,,,,,,,,,,,,,8.657240816113903,8.65214044387276,,,,,,,,,,1.7600000000000051,54.091,1
uncorrected,50,inference,fastapi,async,1,17.373175816539263,0.0472972972972973,,8.690235532926582e-05,False,0.9999460966777063,0.0006077980921705179,False,False,0.001,1.0001104543640331,987,16.0,9.573640167364017,5.801244795131927,9.410267379657853,,,,,,,,0.0,0,{},986,False,0.0,59.74,0.0,48.19,49,0,2887.9268682877405,2887.815,2889.1241999999997,2890.1394999999998,2892.12956,16.483528847929893,2849.531,0.9817194909090838,17,0.614,62.99,51.38,False,,2887.410267379658,3.25,2.878,0.9959715742033457,0.9967409316625455,2.811715481171548,4.0,0.448,17.8,,,,,,,,,,,,,,,17.31655544931455,17.303189266910106,,,,,,,,,,3.190000000000005,54.094,1
uncorrected,50,inference,fastapi,async,2,17.373175816539263,0.04826254826254826,,0.00019131790487869615,False,1.000095585787278,0.0006103791013736374,False,False,0.001,1.000144757056506,986,16.0,9.92510460251046,6.014809188640939,9.604010695193665,,,,,,,,0.0,0,{},986,False,-0.13,59.61,-0.04,48.15,50,0,2888.152372210953,2888.047,2889.384,2890.0555,2891.3015,16.48104048920366,2881.865,0.9817853636363658,17,0.581,62.74,51.36,False,,2887.6040106951937,3.1300000000000026,2.878,0.9964333580250554,0.9966740554938898,2.8451882845188283,4.0,0.448,17.86,,,,,,,,,,,,,,,17.315393597878558,17.3112119184339,,,,,,,,,,3.210000000000001,54.069,1
uncorrected,50,inference,fastapi,async,3,17.373175816539263,0.0472972972972973,,0.000506991465093698,False,0.9999776377110148,0.0006365111570874746,False,False,0.012,1.0000541546770432,987,16.1,9.676987447698744,5.862851551723976,9.654331550724237,,,,,,,,0.0,0,{},986,False,-0.12,59.62,-0.06,48.13,49,0,2887.9887193515706,2887.857,2889.2648,2890.1013000000003,2892.04092,16.481918228703435,2836.57,0.9818024727272462,17,0.614,62.74,51.32,False,,2887.6543315507242,3.1200000000000045,2.878,0.9960632486503361,0.9966566872477637,2.794979079497908,4.0,0.382,17.86,,,,,,,,,,,,,,,17.315091856284983,17.304781943195554,,,,,,,,,,3.1899999999999977,54.089,1
uncorrected,50,inference,fastapi,async,4,17.373175816539263,0.0472972972972973,,0.00047143697925688954,False,1.0002359433342602,0.0006202975744077445,False,False,0.001,0.9999980731410727,987,16.2,9.689121338912134,5.871185003043313,9.826310160402045,,,,,,,,0.0,0,{},986,False,0.0,59.74,-0.01,48.18,49,0,2888.031747720365,2887.851,2889.4334,2890.4953,2892.03042,16.481520266510515,2843.676,0.9818609454545367,17,0.547,62.87,51.38,False,,2887.826310160402,3.1299999999999955,2.878,0.9960407098000966,0.9965973333902287,2.79581589958159,4.399999999999977,0.431,17.86,,,,,,,,,,,,,,,17.314060691282638,17.30439037178764,,,,,,,,,,3.200000000000003,54.09,1
uncorrected,50,inference,fastapi,async,5,17.373175816539263,0.0472972972972973,,0.0005021667654220296,False,0.9998878809909214,0.0006438929307647922,False,False,0.001,0.9999863068128095,987,16.0,9.523430962343097,5.770928793103443,9.6940641712672,,,,,,,,0.0,0,{},986,False,-0.03,59.71,-0.01,48.18,49,0,2887.8427467071933,2887.737,2889.0428,2890.1619,2891.799,16.486065642212843,2843.799,0.9818159818182308,17,0.564,62.96,51.37,False,,2887.694064171267,3.25,2.878,0.9958911208034655,0.9966429739592068,2.728033472803347,4.0,0.398,17.87,,,,,,,,,,,,,,,17.31485361291186,17.30179153584895,,,,,,,,,,3.1899999999999977,54.098,1
uncorrected,5,inference,fastapi,async,1,1.7373175816539264,0.04807692307692308,,0.0004579926119113731,False,1.0002291990145846,0.0005999960797539685,False,False,0.059,0.9999231047317283,99,4.0,1.104602510460251,6.664764444439874,10.663709677285624,,,,,,,,0.0,0,{},99,False,0.0,59.49,0.0,48.08,5,0,2888.525838383838,2888.482,2889.7068,2890.1405,,1.6631799492975101,2653.94,0.5777327419354572,1,0.498,59.99,48.59,False,,2888.6637096772856,0.5,2.878,1.0004365708282226,0.9963084281352788,0.26778242677824265,4.0,0.481,16.92,,,,,,,,,,,,,,,1.7309041489494073,1.7380760438294347,,,,,,,,,,0.5100000000000051,54.083,1
uncorrected,5,inference,fastapi,async,2,1.7373175816539264,0.04807692307692308,,0.00015675217519417473,False,1.0000921120301178,0.0006367820481234577,False,False,0.003,1.000237161296466,99,8.0,1.1552301255230126,6.97221614141745,9.641344086171102,,,,,,,,0.0,0,{},99,False,0.13,59.62,0.01,48.09,5,0,2888.517797979798,2888.447,2889.6822,2890.9638999999997,,1.662973556347591,2654.73,0.5775282688172342,1,0.597,59.99,48.6,False,,2887.641344086171,0.37000000000000455,2.878,1.0001856745777888,0.9966611698139326,0.26778242677824265,4.0,0.464,16.94,,,,,,,,,,,,,,,1.7315169732695146,1.737640157362385,,,,,,,,,,0.509999999999998,54.096,1
uncorrected,5,inference,fastapi,async,3,1.7373175816539264,0.04807692307692308,,0.0002323741401825119,False,1.0001057403265148,0.0006124993095838148,False,False,0.09,1.0000060759329963,99,8.0,1.1213389121338913,6.766490101005243,9.991559139771198,,,,,,,,0.0,0,{},99,False,0.0,59.49,0.03,48.11,5,0,2888.2877575757575,2888.056,2889.438,2891.7695,,1.6628343459072765,2542.597,0.5775983118279543,1,0.596,59.87,48.62,False,,2887.991559139771,0.37999999999999545,2.878,1.0026433061414128,0.9965403087456572,0.2510460251046025,4.0,0.381,16.95,,,,,,,,,,,,,,,1.7313069992106624,1.7419098438870968,,,,,,,,,,0.509999999999998,53.964,1
uncorrected,5,inference,fastapi,async,4,1.7373175816539264,0.04807692307692308,,0.00017544305297323426,False,1.0000856002692298,0.000624421398788487,False,False,0.001,0.9998480026279083,99,8.0,1.104602510460251,6.664664242421032,10.813655913949333,,,,,,,,0.0,0,{},99,False,0.13,59.62,0.06,48.14,5,0,2888.5409696969696,2888.294,2889.6128,2890.5326,,1.6631499625161685,2611.685,0.5777627311827899,1,0.614,60.12,48.65,False,,2888.8136559139493,0.5,2.878,1.0007154380008028,0.9962567139310591,0.26778242677824265,4.0,0.415,16.95,,,,,,,,,,,,,,,1.730814304953195,1.7385605246713043,,,,,,,,,,0.509999999999998,54.068,1
uncorrected,5,inference,fastapi,async,5,1.7373175816539264,0.04807692307692308,,0.0005425734619934897,False,1.0000885855823314,0.0005994711452504357,False,False,0.058,1.0002193253666893,99,8.0,1.1260504201680672,6.7630452525301035,9.954247311896324,,,,,,,,0.0,0,{},99,False,0.09,59.58,0.01,48.09,5,0,2888.7017676767678,2888.646,2890.504,2890.9064999999996,,1.66279515618038,2494.1659999999997,0.5775908494623793,1,0.547,59.95,48.6,False,,2887.9542473118963,0.37000000000000455,2.878,1.0031377736449214,0.9965531838597644,0.2684873949579832,4.0,0.447,16.96,,,,,,,,,,,,,,,1.7313293673727665,1.7427688909744985,,,,,,,,,,0.509999999999998,53.937,1
uncorrected,100,pipeline,fastapi,async,1,36.21220351258374,0.0458970792767733,,0.00029374210907717746,False,0.9999920208667705,0.0006035328019788257,False,False,0.038,1.0002720826044977,2058,40.3,20.890376569037656,6.067703703938129,11.661656441814102,,2773.7110000000002,2778.43735,2783.2666200000003,2770.362,2774.6848499999996,2778.32407,0.0,0,{},2057,False,0.0,59.68,0.0,48.25,99,0,2774.086570456754,2773.7110000000002,2777.0245999999997,2778.43735,2783.2666200000003,34.37042286616185,2749.0130000000004,0.9151433466257987,33,0.547,66.05,54.62,False,100.0,2773.161656441814,6.369999999999997,2.7615,0.9952587826295576,0.9957948154898489,5.2384937238493725,8.0,0.398,19.4,0.001,0.001,0.001,51.3825,52.8905,53.970060000000004,2718.7405,2722.7170499999997,2725.99832,0.002,0.002,0.003,,,36.059924515294185,36.040513584267885,,,,,,,,,,6.369999999999997,54.3,1
uncorrected,100,pipeline,fastapi,async,2,36.21220351258374,0.04640371229698376,,0.0004026259438707491,False,1.0000226846336917,0.0006171677972410395,False,False,0.003,0.999655455440797,2055,32.0,21.238493723849373,6.175149287104525,13.525435004794872,,2773.919,2777.7048,2780.5388,2770.635,2774.1182000000003,2776.4761,0.0,0,{},2055,False,0.05,59.73,-0.04,48.21,100,0,2774.2367917274937,2773.919,2776.911,2777.7048,2780.5388,34.3797218637551,2758.899,0.9435086479016302,34,0.564,65.98,54.61,False,100.0,2775.025435004795,6.250000000000007,2.7615,0.9944712001046105,0.9951260140414635,5.405857740585774,8.0,0.381,19.41,0.001,0.001,0.001,51.416,52.9546,53.66182,2718.978,2722.3693,2724.26214,0.002,0.003,0.003,,,36.03570574113574,36.011993485591546,,,,,,,,,,6.399999999999999,54.287,1
uncorrected,100,pipeline,fastapi,async,3,36.21220351258374,0.04591836734693878,,0.0003733087969907123,False,1.0000290631571906,0.000613764888252226,False,False,0.001,0.9998115540219473,2057,32.0,21.47489539748954,6.240680548151124,12.844194373261416,,2773.665,2777.369,2781.04888,2770.368,2773.9162,2776.47332,0.0,0,{},2056,False,0.06,59.74,0.0,48.25,99,0,2774.0278658240154,2773.665,2776.7084,2777.369,2781.04888,34.37461318160793,2743.616,0.9710204680306417,35,0.531,66.11,54.6,False,100.0,2774.3441943732614,6.369999999999997,2.7615,0.9942307551340103,0.9953703673829255,5.505857740585774,8.0,0.398,19.41,0.001,0.001,0.001,51.393,52.7628,53.46964,2718.769,2722.2218,2724.61632,0.002,0.002,0.003,,,36.04455431406574,36.00328644338259,,,,,,,,,,6.350000000000001,54.328,1
uncorrected,100,pipeline,fastapi,async,4,36.21220351258374,0.04549675023212628,,8.066571016152047e-06,False,0.9999027468601298,0.000597556074323811,False,False,0.037,1.0001513968651259,2056,35.9,21.559832635983263,6.271600326193772,12.11571940603153,,2773.7495,2778.60725,2783.2868000000003,2770.364,2774.32125,2778.28965,0.0,0,{},2054,False,0.07,59.75,-0.03,48.22,98,0,2774.2155009727626,2773.7495,2776.9065,2778.60725,2783.2868000000003,34.369363538666576,2703.805,0.9152931874039903,33,0.564,66.12,54.62,False,100.0,2773.6157194060315,6.3700000000000045,2.7615,0.993290572642037,0.9956317959545506,5.489121338912134,8.0,0.398,19.41,0.001,0.001,0.001,51.3805,52.9805,54.197100000000006,2718.741,2722.4515,2725.551,0.002,0.002,0.003,,,36.05402121870544,35.96924036364429,,,,,,,,,,6.399999999999999,54.324,1
uncorrected,100,pipeline,fastapi,async,5,36.21220351258374,0.045454545454545456,,0.0001723047133803668,False,0.9999682420235284,0.0005973630423406313,False,False,0.018,1.000378331575413,2058,32.0,21.441004184100418,6.230821469843347,11.593145779918359,,2773.864,2778.7461,2783.33414,2770.4505,2774.94255,2777.71678,0.0,0,{},2056,False,0.01,59.69,0.0,48.25,98,0,2774.3572526724975,2773.864,2777.3699,2778.7461,2783.33414,34.37216582896069,2725.4809999999998,0.915120738107373,33,0.514,66.06,54.65,False,100.0,2773.0931457799184,6.3700000000000045,2.7615,0.9947238413379618,0.9958194171019604,5.406276150627615,8.0,0.415,19.41,0.001,0.001,0.001,51.428,52.996300000000005,53.961580000000005,2718.8475,2722.75645,2725.77488,0.002,0.002,0.003,,,36.060815393878705,36.02114218134933,,,,,,,,,,6.399999999999999,54.301,1
uncorrected,10,pipeline,fastapi,async,1,3.6212203512583745,0.046296296296296294,,4.0765389176633526e-05,False,0.999860469395239,0.0006483447193156648,False,False,0.029,1.000151188376623,206,8.0,2.1255230125523012,6.162718058253238,9.282615384609016,,2771.581,2774.45725,2775.8858999999998,2768.5045,2770.70425,2772.18255,0.0,0,{},206,False,0.0,59.51,0.0,48.17,10,0,2771.364203883495,2771.581,2773.4145,2774.45725,2775.8858999999998,3.4557506728024596,2546.883,0.8312347846153828,3,0.53,60.51,49.12,False,100.0,2770.782615384609,1.0,2.7615,0.9999371886130417,0.9966498218470593,0.5523012552301255,4.0,0.364,19.11,0.001,0.001,0.001,50.742,51.8855,52.53845,2717.5535,2719.14025,2720.2132,0.002,0.003,0.003,,,3.6090886179506043,3.6209928973856305,,,,,,,,,,0.9499999999999957,54.129,1
uncorrected,10,pipeline,fastapi,async,2,3.6212203512583745,0.046511627906976744,,0.0008261172738356359,False,1.000023817676847,0.0007056924817135821,False,False,0.001,1.0000566792406036,205,8.0,2.369327731092437,6.874488414642392,10.760721649592597,,2772.438,2775.2996,2777.6792,2769.17,2771.4851999999996,2772.4721600000003,0.0,0,{},205,False,0.11,59.62,0.0,48.17,10,0,2772.591014634146,2772.438,2774.4182,2775.2996,2777.6792,3.4529957044922783,2663.613,0.8316782164948778,3,0.513,60.62,49.11,False,100.0,2772.2607216495926,1.0,2.7615,0.997684979734207,0.9961184308656258,0.6050420168067226,4.0,0.414,19.11,0.001,0.001,0.001,50.955,52.373200000000004,53.5768,2718.084,2719.8392,2720.77236,0.002,0.003,0.003,,,3.607164334114162,3.6128371527583094,,,,,,,,,,0.9399999999999977,53.974,1
uncorrected,10,pipeline,fastapi,async,3,3.6212203512583745,0.046296296296296294,,2.1746991199611543e-05,False,1.0000509785672613,0.0006230513381561187,False,False,0.054,1.0001191710867956,206,8.1,2.2426778242677825,6.505357470875488,10.331846153826064,,2772.1684999999998,2774.83325,2776.5511,2769.088,2770.7832500000004,2771.9091999999996,0.0,0,{},206,False,0.01,59.52,0.0,48.17,10,0,2772.335868932039,2772.1684999999998,2773.6135,2774.83325,2776.5511,3.4543325730869237,2614.7290000000003,0.8315495538461478,3,0.497,60.52,49.12,False,100.0,2771.831846153826,1.0,2.7615,0.9984805356702626,0.9962725566602596,0.5690376569037657,4.0,0.398,19.11,0.001,0.001,0.001,50.872,52.009750000000004,52.58235,2717.991,2719.45875,2720.41565,0.002,0.002,0.003,,,3.607722457578344,3.6157180361045183,,,,,,,,,,0.9499999999999957,54.208,1
uncorrected,10,pipeline,fastapi,async,4,3.6212203512583745,0.046296296296296294,,0.00042686968685679005,False,1.0001098068125531,0.0006054048380940932,False,False,0.003,1.0001456646688538,206,8.0,2.2765690376569037,6.600911383498473,10.290615384816192,,2772.2,2774.5855,2777.9056,2769.0375000000004,2770.9030000000002,2772.1275,0.0,0,{},206,False,0.24,59.75,0.01,48.18,10,0,2772.35613592233,2772.2,2774.123,2774.5855,2777.9056,3.454246976914266,2590.788,0.8315371846154449,3,0.53,60.62,49.13,False,100.0,2771.790615384816,0.8699999999999974,2.7615,0.9990436986281879,0.9962873763524205,0.5861924686192469,4.0,0.365,19.11,0.001,0.001,0.001,50.875,52.150499999999994,52.58885,2717.9895,2719.37575,2720.45205,0.002,0.003,0.003,,,3.6077761229491965,3.617757373268832,,,,,,,,,,0.9500000000000028,54.177,1
uncorrected,10,pipeline,fastapi,async,5,3.6212203512583745,0.046296296296296294,,0.00024629961950062285,False,1.0000880955943448,0.0006362395739879592,False,False,0.007,1.000169721455094,206,8.1,2.274058577405858,6.600631543684443,10.23220512803482,,2772.134,2774.67675,2776.76755,2769.0375,2770.65725,2771.8067,0.0,0,{},206,False,0.04,59.55,0.01,48.18,10,0,2772.3556699029127,2772.134,2773.723,2774.67675,2776.76755,3.454351218498532,2565.7290000000003,0.8315196615384104,3,0.497,60.55,49.12,False,100.0,2771.732205128035,1.0,2.7615,0.9994157829470397,0.9963083716712949,0.5686192468619247,4.0,0.414,19.11,0.001,0.001,0.001,50.8975,52.049499999999995,52.4786,2718.032,2719.1225,2720.1420500000004,0.002,0.002,0.003,,,3.6078521516251856,3.6191047725766423,,,,,,,,,,0.9399999999999977,54.157,1
uncorrected,1,pipeline,fastapi,async,1,0.3621220351258374,0.045454545454545456,,0.00044566516231547837,False,1.0000825168574372,0.0006734059520308932,False,False,0.003,0.9999597144836918,21,8.0,0.48535564853556484,13.80293142857097,14.670789473613695,,2776.193,2779.03,,2772.705,2774.492,,0.0,0,{},21,False,0.0,59.71,0.0,48.27,1,0,2776.3660476190475,2776.193,2777.485,2779.03,,0.3601448678868612,1535.148,0.0,0,0.63,59.83,48.45,False,100.0,2776.1707894736137,0.11999999999999744,2.7615,1.016724903123337,0.9947154585988583,0.0502092050209205,0.0,0.431,19.11,0.001,0.001,,51.145,52.661,,2721.545,2722.403,,0.002,0.003,,,,0.36020838623894924,0.3681784910821427,,,,,,,,,,0.17999999999999972,54.321,1
uncorrected,1,pipeline,fastapi,async,2,0.3621220351258374,0.045454545454545456,,0.00033475829096329957,False,1.0000905673151137,0.0006257965037946719,False,False,0.001,0.9999375192239899,21,8.0,0.48535564853556484,13.813794285690948,14.638105263127727,,2776.056,2777.911,,2772.573,2773.957,,0.0,0,{},21,False,0.03,59.74,-0.06,48.21,1,0,2776.1862857142855,2776.056,2777.725,2777.911,,0.3601677869159505,1539.272,0.0,0,0.614,59.99,48.39,False,100.0,2776.1381052631277,0.25,2.7615,1.0167173568228924,0.994727169647873,0.0502092050209205,0.0,0.448,19.11,0.001,0.001,,50.892,52.032,,2721.317,2722.332,,0.002,0.003,,,,0.3602126270678519,0.368175758400468,,,,,,,,,,0.17999999999999972,54.322,1
uncorrected,1,pipeline,fastapi,async,3,0.3621220351258374,0.045454545454545456,,0.00021706855739678232,False,1.0001494680785996,0.0006350118955813005,False,False,0.003,0.9999438839357735,21,4.0,0.4686192468619247,13.333512381054572,14.46652631588131,,2775.908,2777.971,,2772.44,2774.086,,0.0,0,{},21,False,-0.1,59.61,-0.04,48.23,1,0,2776.094476190476,2775.908,2777.719,2777.971,,0.36017976817724046,1550.747,0.0,0,0.597,59.61,48.41,False,100.0,2775.9665263158813,0.0,2.7615,1.0165390746207934,0.9947886524643794,0.0502092050209205,0.0,0.415,19.11,0.001,0.001,,51.098,51.729,,2721.223,2722.456,,0.002,0.003,,,,0.36023489135049047,0.36811119848661716,,,,,,,,,,0.17999999999999972,54.331,1
uncorrected,1,pipeline,fastapi,async,4,0.3621220351258374,0.045454545454545456,,0.00028696097860780867,False,1.0001581571219753,0.0006429599738515008,False,False,0.11,0.9998891781422711,21,8.0,0.4686192468619247,13.335615238133222,14.956842105146734,,2776.626,2777.18,,2772.765,2773.469,,0.0,0,{},21,False,-0.05,59.66,-0.06,48.21,1,0,2776.326285714286,2776.626,2777.003,2777.18,,0.3601511264082173,1540.0819999999999,0.0,0,0.614,59.79,48.4,False,100.0,2776.4568421051467,0.13000000000000256,2.7615,1.0166526914921534,0.9946129751133441,0.08368200836820083,0.0,0.398,19.11,0.001,0.001,,51.285,51.71,,2721.514,2722.013,,0.002,0.003,,,,0.36017127471060806,0.3681523416592987,,,,,,,,,,0.18999999999999773,54.325,1
uncorrected,1,pipeline,fastapi,async,5,0.3621220351258374,0.045454545454545456,,0.0003174830405614504,False,1.0001528406337754,0.0006332532059911195,False,False,0.001,0.9998942733801144,21,8.0,0.48535564853556484,13.806295238110968,14.751473684264965,,2775.74,2778.502,,2772.359,2774.364,,0.0,0,{},21,False,0.03,59.74,-0.05,48.22,1,0,2776.1819047619047,2775.74,2778.21,2778.502,,0.36017081050755323,1546.697,0.0,0,0.531,59.86,48.41,False,100.0,2776.251473684265,0.11999999999999744,2.7615,1.016586974253386,0.994686549895032,0.0502092050209205,0.0,0.464,19.11,0.001,0.001,,50.896,51.848,,2721.267,2723.022,,0.002,0.002,,,,0.3601979177602868,0.36812854399905337,,,,,,,,,,0.18999999999999773,54.329,1
uncorrected,25,pipeline,fastapi,async,1,9.053050878145935,0.04460966542750929,,9.513919224546363e-05,False,1.000030437673446,0.000599960694635601,False,False,0.003,1.0001595524595948,514,12.0,5.405857740585774,6.296632124760531,10.122997946723444,,2772.06,2774.58075,2777.69029,2768.956,2770.82215,2772.1854,0.0,0,{},513,False,0.0,59.74,0.0,48.18,24,0,2772.271994163424,2772.06,2773.7261,2774.58075,2777.69029,8.611748402954321,2689.473,0.8869193593429514,8,0.513,61.61,50.09,False,100.0,2771.6229979467234,1.8699999999999974,2.7615,0.9952397575282408,0.9963476281030202,1.4401673640167365,4.0,0.381,19.11,0.001,0.001,0.001,50.852,52.1879,52.52957,2717.8615,2719.5335999999998,2720.53984,0.002,0.002,0.003,,,9.019985769536667,9.009956160856788,,,,,,,,,,1.9100000000000037,54.162,1
uncorrected,25,pipeline,fastapi,async,2,9.053050878145935,0.046468401486988845,,0.0002003504647508647,False,0.9999093309694664,0.0005983955351492635,False,False,0.015,1.000091125992148,513,12.0,5.487866108786611,6.392055883041555,10.500564681915876,,2772.219,2774.947,2776.1644,2769.073,2770.7962,2771.5321599999997,0.0,0,{},513,False,0.0,59.74,-0.01,48.17,25,0,2772.421949317739,2772.219,2773.9524,2774.947,2776.1644,8.609838408040632,2717.0190000000002,0.8870401806982131,8,0.53,61.61,50.06,False,100.0,2772.000564681916,1.8699999999999974,2.7615,0.9967894263030218,0.9962119182745834,1.4560669456066946,4.0,0.397,19.11,0.001,0.001,0.001,50.919,52.0876,52.48296,2717.978,2719.4948,2720.3500000000004,0.002,0.002,0.003,,,9.018757181555165,9.023985391119155,,,,,,,,,,1.8900000000000006,54.078,1
uncorrected,25,pipeline,fastapi,async,3,9.053050878145935,0.04638218923933209,,0.00027385806725233053,False,1.00006777297786,0.0006132758109055266,False,False,0.042,1.00012466216277,514,12.0,5.294117647058823,6.128427782102761,9.967879098262983,,2771.8235000000004,2774.3675500000004,2776.58827,2768.7565,2770.67835,2771.88801,0.0,0,{},514,False,-0.28,59.46,-0.08,48.1,25,0,2771.9774163424127,2771.8235000000004,2773.5183,2774.3675500000004,2776.58827,8.612594734011848,2728.058,0.8868697213114441,8,0.481,61.33,50.03,False,100.0,2771.467879098263,1.8699999999999974,2.7615,0.996626689330046,0.9964033936047254,1.411764705882353,4.0,0.398,19.11,0.001,0.001,0.001,50.831,52.14735,52.44448,2717.746,2719.3312,2720.33554,0.002,0.002,0.003,,,9.02049061746085,9.022512125023049,,,,,,,,,,1.9299999999999997,54.198,1
uncorrected,25,pipeline,fastapi,async,4,9.053050878145935,0.046296296296296294,,7.054368783754317e-05,False,0.9999157431029762,0.000594201057788028,False,False,0.001,1.0001167645841575,515,12.0,5.539748953974895,6.427082796118819,10.494325153702903,,2772.262,2774.7782,2776.68356,2769.127,2771.0032,2771.8835999999997,0.0,0,{},515,False,-0.02,59.72,0.06,48.24,25,0,2772.4452019417477,2772.262,2774.0294,2774.7782,2776.68356,8.61077814478514,2733.6040000000003,0.887038184049185,8,0.547,61.47,50.14,False,100.0,2771.994325153703,1.75,2.7615,0.9963555715877057,0.996214160664589,1.4723849372384936,4.0,0.382,19.11,0.001,0.001,0.001,50.931,52.2406,52.522040000000004,2718.044,2719.5539000000003,2720.57008,0.002,0.003,0.003,,,9.018777482025973,9.020057682307675,,,,,,,,,,1.8999999999999986,54.323,1
uncorrected,25,pipeline,fastapi,async,5,9.053050878145935,0.046296296296296294,,0.00017499938433385154,False,0.9999559090709617,0.0005946546616449895,False,False,0.001,1.000177869077968,515,12.0,5.489121338912134,6.368530077674825,10.249795501149038,,2772.149,2774.7848,2776.143,2769.055,2770.7567999999997,2771.9109,0.0,0,{},515,False,-0.18,59.56,0.03,48.21,25,0,2772.3937475728158,2772.149,2773.871,2774.7848,2776.143,8.610926597970698,2727.1369999999997,0.9978299263804137,9,0.514,61.43,50.11,False,100.0,2771.749795501149,1.8699999999999974,2.7615,0.9964208400648676,0.996302048793226,1.4393305439330544,4.0,0.431,19.11,0.001,0.001,0.001,50.902,52.2556,52.56002,2717.979,2719.4831,2720.36138,0.002,0.002,0.003,,,9.019573137726109,9.02064856115216,,,,,,,,,,1.8999999999999986,54.32,1
uncorrected,50,pipeline,fastapi,async,1,18.10610175629187,0.04633920296570899,,0.00011477014257599283,False,1.0000281603824197,0.0006236932555434868,False,False,0.001,0.9997125657373271,1029,16.0,10.276569037656904,5.9671465675412865,12.499233129030017,,2773.106,2776.6524,2778.3152,2769.849,2772.9872,2774.16816,0.0,0,{},1029,False,0.0,59.74,0.0,48.25,50,0,2773.412638483965,2773.106,2775.7075999999997,2776.6524,2778.3152,17.197607659941617,2759.092,0.9431597392638702,17,0.514,63.24,51.69,False,100.0,2773.99923312903,3.5,2.7615,0.9954674604993697,0.9954941468693446,2.712133891213389,4.0,0.365,19.15,0.001,0.001,0.001,51.303,52.676,53.17344,2718.357,2721.3478,2722.8514800000003,0.002,0.002,0.003,,,18.024518321009317,18.024035134879046,,,,,,,,,,3.4399999999999977,54.316,1
uncorrected,50,pipeline,fastapi,async,2,18.10610175629187,0.04541241890639481,,0.0003410743216570866,False,1.0000570674512836,0.0006100714601328175,False,False,0.046,1.0000545255759123,1030,16.0,10.260251046025104,5.957569030125384,11.47699386510476,,2773.0215,2776.52155,2778.58903,2769.7345,2772.7434,2774.45939,0.0,0,{},1029,False,0.01,59.75,-0.02,48.23,49,0,2773.3164116504854,2773.0215,2775.6035,2776.52155,2778.58903,17.19842069301403,2725.024,0.9428121779141356,17,0.564,63.12,51.7,False,100.0,2772.9769938651048,3.3699999999999974,2.7615,0.9954083512916683,0.9958611290715732,2.728033472803347,4.0,0.381,19.16,0.001,0.001,0.001,51.295500000000004,52.5321,53.09473,2718.2075,2721.2822,2722.8606999999997,0.002,0.003,0.003,,,18.031162938105616,18.02296489754967,,,,,,,,,,3.470000000000006,54.32,1
uncorrected,50,pipeline,fastapi,async,3,18.10610175629187,0.045454545454545456,,0.00041850036232005117,False,0.9999243206182973,0.0005969529926350669,False,False,0.003,0.9996418867314613,1029,16.1,10.143933054393305,5.895857102139276,12.625076765447375,,2773.076,2776.804,2778.57056,2769.842,2772.9868,2774.7931200000003,0.0,0,{},1028,False,0.01,59.75,0.0,48.25,49,0,2773.358731778426,2773.076,2775.6614,2776.804,2778.57056,17.198578325105682,2756.567,0.9432025261002521,17,0.498,63.25,51.73,False,100.0,2774.1250767654474,3.5,2.7615,0.9945041090403274,0.9954489879093095,2.678242677824268,4.0,0.415,19.16,0.001,0.001,0.001,51.311,52.6954,53.49264,2718.271,2721.4628,2722.98396,0.002,0.002,0.003,,,18.023700668283713,18.006592595334553,,,,,,,,,,3.479999999999997,54.313,1
uncorrected,50,pipeline,fastapi,async,4,18.10610175629187,0.04541241890639481,,0.00010923509656357577,False,1.0000434256293447,0.0006102766696972488,False,False,0.001,1.0000392994549612,1030,16.1,10.209623430962344,5.928227721086738,11.544427402702695,,2773.0834999999997,2776.49195,2778.56004,2769.8085,2772.796,2774.6625999999997,0.0,0,{},1029,False,-0.23,59.51,0.0,48.25,49,0,2773.344477669903,2773.0834999999997,2775.5885,2776.49195,2778.56004,17.19722997344244,2719.7079999999996,0.9428351053169189,17,0.564,63.01,51.74,False,100.0,2773.0444274027027,3.5,2.7615,0.9953895013993119,0.9958369122078886,2.711297071129707,4.0,0.398,19.17,0.001,0.001,0.001,51.337500000000006,52.62795,53.06888,2718.29,2721.1912,2722.96288,0.002,0.003,0.003,,,18.030724465107525,18.02262359948057,,,,,,,,,,3.490000000000002,54.321,1
uncorrected,50,pipeline,fastapi,async,5,18.10610175629187,0.04633920296570899,,0.00045767238857485903,False,0.999978435676004,0.0006041625284010075,False,False,0.003,0.9996886057303561,1029,16.1,10.243514644351464,5.94741600097169,12.637730061189814,,2773.145,2776.5836,2778.64716,2769.857,2773.0492,2774.57692,0.0,0,{},1029,False,-0.01,59.73,-0.07,48.18,50,0,2773.409274052478,2773.145,2775.5848,2776.5836,2778.64716,17.193861306160073,2760.327,0.9432068282208045,17,0.531,63.11,51.62,False,100.0,2774.13773006119,3.3800000000000026,2.7615,0.9954170600478416,0.9954444475037254,2.694560669456067,4.0,0.431,19.18,0.001,0.001,0.001,51.325,52.6578,53.00704,2718.356,2721.515,2722.86196,0.002,0.003,0.003,,,18.023618459238193,18.023122579175116,,,,,,,,,,3.4399999999999977,54.319,1
uncorrected,5,pipeline,fastapi,async,1,1.8106101756291872,0.046296296296296294,,0.0006815583124816227,False,1.0000050450936666,0.0006170330401138921,False,False,0.003,1.0001071135829558,103,8.0,1.4560669456066946,8.449476504847024,12.369329897015177,,2774.31,2777.1427000000003,2778.19912,2770.724,2772.4499,2773.36382,0.0,0,{},103,False,0.0,59.75,0.0,48.2,5,0,2774.35445631068,2774.31,2775.8586,2777.1427000000003,2778.19912,1.7339088130936642,2683.212,0.554773865979403,1,0.647,60.38,48.79,False,100.0,2773.869329897015,0.6300000000000026,2.7615,0.996469496830602,0.9955407669122341,0.33472803347280333,4.0,0.448,19.11,0.001,0.001,0.001,51.118,52.5181,52.8095,2719.388,2721.1037,2721.8009,0.002,0.003,0.003,,,1.802536242824976,1.8042178106655842,,,,,,,,,,0.5899999999999963,54.317,1
uncorrected,5,pipeline,fastapi,async,2,1.8106101756291872,0.046296296296296294,,0.0002442905352377789,False,1.0000070130070124,0.0006240948813589213,False,False,0.026,0.9998886051536866,103,8.0,1.4281512605042017,8.247987796105324,12.838608247377579,,2774.156,2776.6632,2780.0702,2770.468,2772.8866000000003,2773.5637,0.0,0,{},103,False,-0.09,59.66,-0.01,48.19,5,0,2774.2540388349516,2774.156,2775.8814,2776.6632,2780.0702,1.734350743085803,2576.982,0.5548677216494755,1,0.58,60.29,48.79,False,100.0,2774.3386082473776,0.6300000000000026,2.7615,0.9985687309007928,0.995372371559401,0.33613445378151263,4.0,0.414,19.11,0.001,0.001,0.001,51.062,52.4646,52.741139999999994,2719.346,2720.8227,2721.5609,0.002,0.003,0.003980000000000004,,,1.8022313444856075,1.808018705234099,,,,,,,,,,0.6000000000000014,54.203,1
uncorrected,5,pipeline,fastapi,async,3,1.8106101756291872,0.046296296296296294,,5.5330834079603264e-05,False,1.0000953269891832,0.0006090509866750576,False,False,0.001,0.999965507239209,103,8.0,1.4221757322175732,8.248512601933895,12.53103092755282,,2774.033,2776.1629000000003,2776.9696599999997,2770.463,2772.2319,2772.98228,0.0,0,{},103,False,-0.13,59.62,-0.05,48.15,5,0,2774.039776699029,2774.033,2775.3938,2776.1629000000003,2776.9696599999997,1.734144423418686,2679.7870000000003,0.5548062061855106,1,0.531,60.24,48.75,False,100.0,2774.031030927553,0.6200000000000045,2.7615,0.9967050035514775,0.9954827358497994,0.3179916317991632,4.0,0.481,19.11,0.001,0.001,0.001,51.033,52.2192,52.651720000000005,2719.163,2720.3594000000003,2721.41068,0.002,0.003,0.003,,,1.8024311711928291,1.8046442215308305,,,,,,,,,,0.6000000000000014,54.304,1
uncorrected,5,pipeline,fastapi,async,4,1.8106101756291872,0.046296296296296294,,0.00017130443672741524,False,1.0000850978961673,0.0006291781242239163,False,False,0.056,1.0002676396683934,103,8.0,1.2773109243697478,7.375911067966687,10.271082473972001,,2772.708,2776.4673000000003,2779.5272800000002,2769.305,2771.9335,2772.52474,0.0,0,{},103,False,0.0,59.75,-0.01,48.19,5,0,2772.802349514563,2772.708,2775.5418,2776.4673000000003,2779.5272800000002,1.7350531095910744,2548.651,0.5543542164947943,1,0.514,60.37,48.79,False,100.0,2771.771082473972,0.6199999999999974,2.7615,0.999458399444143,0.9962943972758369,0.2857142857142857,4.0,0.415,19.11,0.001,0.001,0.028440000000000114,51.004,51.6869,52.96242000000001,2718.393,2720.5423,2721.12194,0.002,0.003,0.003,,,1.8039007736299784,1.8096295481516262,,,,,,,,,,0.6000000000000014,54.155,1
uncorrected,5,pipeline,fastapi,async,5,1.8106101756291872,0.046296296296296294,,0.0005025627814874145,False,0.9999001661644211,0.0006159455532004473,False,False,0.001,0.9999915869795556,103,8.0,1.3054393305439331,7.572284660192468,11.420206185405277,,2772.884,2775.388,2776.66256,2769.664,2771.6284,2772.70288,0.0,0,{},103,False,-0.14,59.61,-0.04,48.16,5,0,2773.023,2772.884,2774.5162,2775.388,2776.66256,1.7348620857882977,2696.1569999999997,0.554584041237081,1,0.564,60.24,48.76,False,100.0,2772.9202061854053,0.6300000000000026,2.7615,0.9968119415035768,0.99588152368758,0.301255230125523,4.0,0.381,19.11,0.001,0.001,0.001,50.928,52.1572,52.5006,2718.529,2720.21,2720.8673599999997,0.002,0.003,0.003,,,1.8031532205098317,1.8048378444750623,,,,,,,,,,0.6000000000000014,54.299,1
uncorrected,100,stream,fastapi,async,1,35.96604805064019,0.04526364909006066,100.0,0.000293313534619255,False,1.000088125705301,0.0006388568894225803,False,False,0.038,1.000532518932099,2046,84.1,58.692887029288705,17.165133150268687,9.997066392508259,577.3630663925082,,,,,,,0.0,0,{},2043,False,0.0,60.66,0.0,49.28,97,0,2792.0256911045944,2791.0924999999997,2794.692,2797.19025,2813.77095,34.154525488839255,2746.23,0.8929270612456027,32,0.547,76.16,65.06,False,,2790.3970663925083,15.5,2.7804,0.9956130391723607,0.996417331958626,12.586610878661087,16.0,0.348,19.04,,,,,,,,,,,,,100.0,2043,35.83719363971464,35.80826640671704,12,12,12.0,202.08749999999998,202.322,202.5931,566.7245,573.6875,589.8543999999999,15.780000000000001,54.289,1
uncorrected,100,stream,fastapi,async,2,35.96604805064019,0.046196920205319646,100.0,0.0004561104245324188,False,0.9998220761543357,0.000619029695939652,False,False,0.016,1.0009965541825574,2044,87.9,60.60502092050209,17.724226181104804,10.921718991178295,578.2877189911783,,,,,,,0.0,0,{},2043,False,0.2,60.86,0.04,49.32,99,0,2794.07628962818,2792.065,2796.89,2805.22965,2846.61719,34.06757235092486,2777.193,0.78157008131753,28,0.564,76.36,65.16,False,,2791.3217189911784,15.5,2.7804,0.9956962203722325,0.9960872589795471,13.438912133891213,16.0,0.365,19.09,,,,,,,,,,,,,100.0,2043,35.82532221908887,35.811258105748536,12,12,12.0,202.088,202.3877,203.90684000000002,567.746,578.5666,604.3218599999999,15.839999999999996,54.285,1
uncorrected,100,stream,fastapi,async,3,35.96604805064019,0.046196920205319646,100.0,0.00027294951662393263,False,1.0000593331994192,0.0006444512969189829,False,False,0.001,1.001959722519832,2044,84.2,59.034309623430964,17.264624523736277,6.5174382715531465,573.8834382715531,,,,,,,0.0,0,{},2043,False,0.08,60.74,0.0,49.28,99,0,2792.4889726027395,2791.447,2795.5344,2798.9480000000003,2818.1471,34.11976115301448,2781.683,0.8639444058641815,31,0.514,76.12,64.95,False,,2786.9174382715532,15.380000000000003,2.7804,0.9962935983447139,0.9976614168105407,12.970292887029288,16.0,0.331,19.1,,,,,,,,,,,,,100.0,2043,35.88193845527768,35.832743430611195,12,12,12.0,202.0865,202.32585,202.60953,567.049,574.0766,592.3983399999998,15.670000000000002,54.28,1
uncorrected,100,stream,fastapi,async,4,35.96604805064019,0.046196920205319646,100.0,0.0006219635949156199,False,1.0001274430234157,0.0006151071704608863,False,False,0.027,1.0002667631758595,2044,87.8,58.293723849372384,17.048116529121828,11.333556356196368,578.6995563561964,,,,,,,0.0,0,{},2043,False,0.08,60.74,-0.01,49.27,99,0,2792.602971624266,2791.5950000000003,2795.9417000000003,2798.99275,2812.78299,34.10158880596088,2781.257,0.8933547380339829,32,0.547,76.37,65.08,False,,2791.7335563561965,15.630000000000003,2.7804,0.9957856947297061,0.9959403158906794,12.654811715481172,16.0,0.348,19.11,,,,,,,,,,,,,100.0,2043,35.82003725689395,35.814476144788735,12,12,12.0,202.085,202.3457,202.63128,567.2355,574.0939999999999,586.8772099999999,15.809999999999995,54.28,1
uncorrected,100,stream,fastapi,async,5,35.96604805064019,0.04617537313432836,100.0,0.0002694041584780926,False,1.000177767984911,0.0006325201645387568,False,False,0.038,1.000467909968436,2045,84.0,57.58995815899581,16.833842826321145,10.602624807123902,577.9686248071239,,,,,,,0.0,0,{},2044,False,0.08,60.74,-0.04,49.24,99,0,2792.444227383863,2791.153,2795.621,2799.7032,2822.8516799999998,34.076831864904406,2780.71,0.7814807349459948,28,0.514,76.24,65.06,False,,2791.002624807124,15.499999999999993,2.7804,0.9957490659860639,0.9962011412268534,12.685774058577406,16.0,0.365,19.11,,,,,,,,,,,,,100.0,2044,35.829418113467604,35.813158753634866,12,12,12.0,202.086,202.3522,202.82392,567.008,575.708,598.6907199999999,15.82,54.282,1
uncorrected,10,stream,fastapi,async,1,3.596604805064019,0.046511627906976744,100.0,0.00011514190097938748,False,0.9999435016109139,0.0006114814569448753,False,False,0.001,0.9999357407588766,205,20.0,8.652301255230126,25.21752086341349,11.167886598039331,578.5338865980393,,,,,,,0.0,0,{},205,False,0.0,60.8,0.0,49.29,10,0,2791.482512195122,2791.413,2793.1102,2793.5148,2794.70496,3.4285599359576526,2615.323,0.8374703659794118,3,0.58,64.92,53.54,False,,2791.5678865980394,4.1200000000000045,2.7804,0.9988246523997248,0.9959994214535657,2.6108786610878663,4.0,0.464,18.9,,,,,,,,,,,,,100.0,205,3.5822163050408773,3.592377544237249,12,12,12.0,202.141,202.3854,202.50008,566.824,569.918,570.88432,4.25,54.282,1
uncorrected,10,stream,fastapi,async,2,3.596604805064019,0.046511627906976744,100.0,1.0051762916685192e-05,False,1.0000656599865891,0.0006328155902383389,False,False,0.015,0.9998648788685223,205,23.9,8.734166666666667,25.563115799997433,11.709226804088757,579.0752268040887,,,,,,,0.0,0,{},205,False,0.06,60.86,0.01,49.3,10,0,2791.8258536585367,2791.794,2793.1608,2793.5894,2795.00148,3.4286402286222546,2612.559,0.8376327680412267,3,0.58,64.86,53.57,False,,2792.109226804089,4.0,2.7804,0.9987529866434621,0.9958063149207486,2.6333333333333333,4.2000000000000455,0.464,18.9,,,,,,,,,,,,,100.0,205,3.581521777157058,3.592119790833916,12,12,12.0,202.166,202.3618,202.4628,566.987,570.0304,572.04292,4.270000000000003,54.285,1
uncorrected,10,stream,fastapi,async,3,3.596604805064019,0.046511627906976744,100.0,2.4503335185777075e-05,False,0.999938917610268,0.0006078231921516696,False,False,0.029,1.0000182311320487,205,16.1,8.785774058577406,25.607429873171675,11.12592783501259,578.4919278350126,,,,,,,0.0,0,{},205,False,-0.06,60.74,-0.02,49.27,10,0,2791.727868292683,2791.754,2793.1534,2793.6189999999997,2795.48568,3.428530480994694,2610.2940000000003,0.8374577783505038,3,0.614,64.74,53.46,False,,2791.5259278350127,3.999999999999993,2.7804,0.9987109304880146,0.9960143920842458,2.6447698744769874,4.01,0.465,18.9,,,,,,,,,,,,,100.0,205,3.5822701484831163,3.591968531463151,12,12,12.0,202.16,202.3936,202.45044,567.005,570.1212,571.7182,4.189999999999998,54.288,1
uncorrected,10,stream,fastapi,async,4,3.596604805064019,0.046511627906976744,100.0,0.0001765834715465875,False,1.0000964385804851,0.0006204358934675985,False,False,0.003,0.9999941022109754,205,20.0,8.92133891213389,26.001249604879764,11.5529381442675,578.9189381442675,,,,,,,0.0,0,{},205,False,0.06,60.86,-0.01,49.28,10,0,2792.0576097560975,2791.982,2793.3776,2793.9898000000003,2795.44064,3.4284650658710674,2606.359,0.8375858814432803,3,0.647,64.99,53.53,False,,2791.9529381442676,4.1299999999999955,2.7804,0.9987213164185711,0.9958620584228235,2.711297071129707,4.01,0.431,18.9,,,,,,,,,,,,,100.0,205,3.5817222645044717,3.5920058855508956,12,12,12.0,202.173,202.4022,202.44979999999998,567.118,570.3342,571.25272,4.25,54.287,1
uncorrected,10,stream,fastapi,async,5,3.596604805064019,0.046511627906976744,100.0,9.100506598080926e-05,False,0.9999095916207579,0.0006002499916606338,False,False,0.031,0.9998638223637324,205,24.0,8.90418410041841,25.95219085366434,11.818350515428847,579.1843505154288,,,,,,,0.0,0,{},205,False,-0.06,60.74,-0.03,49.26,10,0,2791.928356097561,2791.805,2793.3634,2793.8796,2794.79936,3.4287446271969193,2603.605,0.8376655051546287,3,0.63,64.86,53.53,False,,2792.218350515429,4.119999999999997,2.7804,0.9987466831255646,0.9957673974482522,2.711297071129707,4.0,0.481,18.9,,,,,,,,,,,,,100.0,205,3.581381806388477,3.592097119571157,12,12,12.0,202.157,202.40959999999998,202.51272,567.052,570.6798,572.0115999999999,4.270000000000003,54.286,1
uncorrected,1,stream,fastapi,async,1,0.3596604805064019,0.045454545454545456,100.0,0.0005229421217127772,False,0.9999090544073068,0.0006339091434344489,False,False,0.001,0.9998735486676239,21,8.0,1.0376569037656904,29.54174857140364,11.00052631574772,578.3665263157477,,,,,,,0.0,0,{},21,False,0.0,60.87,0.0,49.32,1,0,2791.1704285714286,2791.687,2792.497,2792.581,,0.35821757810647475,1216.867,0.0,0,0.531,61.5,49.98,False,,2791.400526315748,0.6300000000000026,2.7804,1.0244861710924735,0.9960591372638786,0.26778242677824265,4.0,0.464,18.89,,,,,,,,,,,,,100.0,21,0.35824310792111874,0.3684671885672829,12,12,12.0,202.138,202.277,,567.366,568.237,,0.6599999999999966,54.279,1
uncorrected,1,stream,fastapi,async,2,0.3596604805064019,0.045454545454545456,100.0,9.659278934703863e-06,False,1.0001216226643632,0.0006683771353542576,False,False,0.032,0.9998406606565081,21,8.0,1.0878661087866108,30.943234285708364,11.572421052617301,578.9384210526173,,,,,,,0.0,0,{},21,False,0.0,60.87,-0.05,49.27,1,0,2791.5801428571426,2791.326,2792.632,2792.879,,0.35816791954679233,1214.947,0.0,0,0.597,61.49,49.95,False,,2791.9724210526174,0.6200000000000045,2.7804,1.02436490638253,0.9958551091101915,0.28451882845188287,4.0,0.431,18.89,,,,,,,,,,,,,100.0,21,0.3581697270573268,0.36842357444343615,12,12,12.0,202.067,202.335,,567.427,568.541,,0.6799999999999997,54.285,1
uncorrected,1,stream,fastapi,async,3,0.3596604805064019,0.045454545454545456,100.0,0.00014683881241417396,False,0.9999089943605274,0.0005999355006335207,False,False,0.003,0.9998281364869485,21,8.0,1.0711297071129706,30.474459047635765,11.809578947414138,579.1755789474141,,,,,,,0.0,0,{},21,False,-0.12,60.75,-0.05,49.27,1,0,2791.7962857142857,2791.758,2793.128,2793.49,,0.35813815956066203,1207.6009999999999,0.0,0,0.614,61.37,49.95,False,,2792.2095789474142,0.6199999999999974,2.7804,1.0244129503389485,0.9957705255950502,0.28451882845188287,4.0,0.415,18.89,,,,,,,,,,,,,100.0,21,0.35813930570962815,0.3684408539558871,12,12,12.0,202.21,202.293,,567.463,568.374,,0.6799999999999997,54.283,1
uncorrected,1,stream,fastapi,async,4,0.3596604805064019,0.045454545454545456,100.0,0.00012244482361944975,False,1.0000966510079337,0.000631563271718017,False,False,0.021,0.999846322293613,21,8.0,1.0376569037656904,29.52271619048026,11.036631579065215,578.4026315790652,,,,,,,0.0,0,{},21,False,-0.12,60.75,-0.03,49.29,1,0,2791.073476190476,2791.371,2792.307,2792.39,,0.35823323554872155,1224.1299999999999,0.0,0,0.63,61.37,49.95,False,,2791.4366315790653,0.6199999999999974,2.7804,1.024393467786611,0.9960462539417124,0.2510460251046025,4.0,0.398,18.89,,,,,,,,,,,,,100.0,21,0.3582384742992779,0.36843384685175185,12,12,12.0,202.135,202.281,,567.141,568.305,,0.6600000000000037,54.284,1
uncorrected,1,stream,fastapi,async,5,0.3596604805064019,0.045454545454545456,100.0,7.425355049595073e-05,False,1.0000299711579266,0.0006257572903179047,False,False,0.001,0.9999000489304746,21,8.0,1.0543933054393306,30.001935238105943,10.886842105221149,578.2528421052211,,,,,,,0.0,0,{},21,False,-0.25,60.62,-0.04,49.28,1,0,2791.082904761905,2791.053,2792.016,2792.584,,0.3582337382063251,1229.2289999999998,0.0,0,0.614,61.25,49.95,False,,2791.2868421052212,0.6300000000000026,2.7804,1.0242979391740321,0.996099705003084,0.26778242677824265,4.0,0.365,18.89,,,,,,,,,,,,,100.0,21,0.3582576985336944,0.36839948898504965,12,12,12.0,202.107,202.226,,567.183,568.159,,0.6700000000000017,54.289,1
uncorrected,25,stream,fastapi,async,1,8.991512012660047,0.04664179104477612,100.0,0.00011387658985584359,False,0.9999850836587931,0.0006051311212122109,False,False,0.001,0.999995617170219,511,32.0,20.802928870292888,24.32375855773086,11.526958762843151,578.8929587628431,,,,,,,0.0,0,{},511,False,0.0,60.74,0.0,49.29,25,0,2792.0104618395303,2791.984,2793.53,2794.2705,2795.1944000000003,8.545616717687606,2759.29,0.8934166268041098,8,0.564,70.12,58.75,False,,2791.9269587628432,9.380000000000003,2.7804,0.9958584446460933,0.9958713250980067,5.539748953974895,8.0,0.465,18.9,,,,,,,,,,,,,100.0,511,8.954388982682406,8.954273167944299,12,12,12.0,202.088,202.2665,202.3708,567.417,570.654,571.4625,9.46,54.276,1
uncorrected,25,stream,fastapi,async,2,8.991512012660047,0.04664179104477612,100.0,0.00018697182656701727,False,0.9999588378428741,0.0006289996610284183,False,False,0.105,0.9995251320202027,511,36.1,21.086610878661087,24.65448505087959,13.035309278307523,580.4013092783075,,,,,,,0.0,0,{},511,False,0.13,60.87,-0.01,49.28,25,0,2792.1619021526417,2792.056,2793.634,2794.052,2795.0487,8.544606369887514,2771.975,0.8938992989690585,8,0.614,69.99,58.76,False,,2793.4353092783076,9.119999999999997,2.7804,0.9957159391763746,0.9953335918555154,5.656903765690377,8.0,0.464,18.9,,,,,,,,,,,,,100.0,511,8.949553947772939,8.952991828301453,12,12,12.0,202.098,202.2665,202.3417,567.568,570.722,571.7682,9.479999999999997,54.284,1
uncorrected,25,stream,fastapi,async,3,8.991512012660047,0.04664179104477612,100.0,0.0004070932634063773,False,1.0001557397157756,0.0006293712565883463,False,False,0.13,1.0000894325048513,511,36.1,20.702510460251045,24.20679438356129,11.25304123716387,578.6190412371639,,,,,,,0.0,0,{},511,False,0.0,60.74,-0.03,49.26,25,0,2791.9928649706458,2791.958,2793.665,2794.1409999999996,2795.1836000000003,8.546350742699312,2777.806,0.8933289731958924,8,0.614,69.99,58.77,False,,2791.653041237164,9.249999999999993,2.7804,0.9955865268463612,0.9959690401812338,5.589958158995816,8.0,0.464,18.9,,,,,,,,,,,,,100.0,511,8.955267589027061,8.951828215781552,12,12,12.0,202.091,202.26850000000002,202.3701,567.448,570.591,571.9771999999999,9.510000000000005,54.291,1
uncorrected,25,stream,fastapi,async,4,8.991512012660047,0.04664179104477612,100.0,0.0006728639534401282,False,0.999994562066977,0.0006359494386287183,False,False,0.001,1.0000149329117587,511,40.1,21.069456066945605,24.636044326811668,11.620206185586994,578.986206185587,,,,,,,0.0,0,{},511,False,0.12,60.86,0.0,49.29,25,0,2792.1783307240703,2792.097,2793.76,2794.2974999999997,2795.7909,8.54798047496832,2778.385,0.8934464659793879,8,0.614,70.23,58.79,False,,2792.020206185587,9.370000000000005,2.7804,0.9955643177681102,0.9958380651544559,5.707112970711297,8.0,0.481,18.9,,,,,,,,,,,,,100.0,511,8.95408992550043,8.951628522587667,12,12,12.0,202.111,202.2745,202.3603,567.441,570.521,572.2989,9.5,54.292,1
uncorrected,25,stream,fastapi,async,5,8.991512012660047,0.04664179104477612,100.0,0.00013319307102999112,False,0.9999054197062959,0.0006330088229644513,False,False,0.001,1.0001157236931242,511,36.1,20.569037656903767,24.049970573385465,10.969587628782392,578.3355876287824,,,,,,,0.0,0,{},511,False,0.14,60.88,0.03,49.32,25,0,2791.8172935420744,2791.71,2793.485,2793.9955,2795.5894,8.54684444768468,2759.486,0.8932382680412104,8,0.613,70.38,58.78,False,,2791.3695876287825,9.499999999999993,2.7804,0.9957684110348828,0.9960701772787814,5.5389121338912135,8.0,0.448,18.9,,,,,,,,,,,,,100.0,511,8.956176964454587,8.953463629647556,12,12,12.0,202.098,202.27749999999997,202.3199,567.17,570.64,572.1844,9.46,54.281,1
uncorrected,50,stream,fastapi,async,1,17.983024025320095,0.04664179104477612,100.0,0.0001543793577595265,False,0.9999492524796554,0.00062003136640671,False,False,0.001,0.999870711422885,1022,52.1,37.25564853556485,21.780135534247684,11.920751802363611,579.2867518023636,,,,,,,0.0,0,{},1022,False,0.0,60.75,0.0,49.29,50,0,2792.082107632094,2792.0654999999997,2793.9756,2794.5649,2796.0600099999997,17.072923989221295,2774.3669999999997,0.9493890556128036,17,0.597,72.5,61.16,False,,2792.3207518023637,11.75,2.7804,0.9954932048490409,0.9957308802025453,8.988284518828452,12.0,0.381,18.91,,,,,,,,,,,,,100.0,1022,17.906252341435497,17.9019782198432,12,12,12.0,202.08749999999998,202.26795,202.32958000000002,567.5955,571.09885,573.32667,11.869999999999997,54.296,1
uncorrected,50,stream,fastapi,async,2,17.983024025320095,0.0457516339869281,100.0,9.710776434990187e-05,False,1.0000622635639762,0.0006252166663822467,False,False,0.079,1.0001201380263756,1022,56.0,38.094560669456065,22.292784798236923,11.486237113262177,578.8522371132622,,,,,,,0.0,0,{},1021,False,0.12,60.87,0.01,49.3,49,0,2792.3892025440314,2792.148,2794.0553999999997,2794.85065,2796.41379,17.07355857177614,2756.4579999999996,0.9492413206185092,17,0.58,72.87,61.29,False,,2791.8862371132623,12.000000000000007,2.7804,0.994590650312261,0.9958858505906967,9.121757322175732,12.0,0.448,18.91,,,,,,,,,,,,,100.0,1021,17.909039177648836,17.885747559924127,12,12,12.0,202.084,202.24395,202.33953,567.7435,571.1569000000001,573.6226499999999,11.990000000000002,54.289,1
uncorrected,50,stream,fastapi,async,3,17.983024025320095,0.04672897196261682,100.0,0.000583516159109454,False,1.0000922202461393,0.0006340112519212623,False,False,0.026,0.9999037324801671,1020,60.1,37.805020920502095,22.14470818529416,12.149896801028262,579.5158968010282,,,,,,,0.0,0,{},1020,False,-0.14,60.61,-0.01,49.28,50,0,2792.4529166666666,2792.119,2794.1331,2794.84935,2799.57072,17.07417899697834,2756.079,0.8936159669763291,16,0.614,72.23,61.12,False,,2792.5498968010284,11.620000000000005,2.7804,0.9936113335125683,0.9956491746790466,9.122175732217574,12.0,0.415,18.91,,,,,,,,,,,,,100.0,1020,17.90478302904342,17.868136482386852,12,12,12.0,202.092,202.2662,202.36224,567.587,571.23705,574.6240799999999,11.839999999999996,54.287,1
uncorrected,50,stream,fastapi,async,4,17.983024025320095,0.0457516339869281,100.0,0.0003669118164434382,False,0.9997918983320818,0.000612908410439762,False,False,0.001,1.0001314387884184,1022,60.3,38.14016736401673,22.3192890989261,11.20469072164633,578.5706907216463,,,,,,,0.0,0,{},1021,False,-0.01,60.74,0.03,49.32,49,0,2792.146354207436,2791.9865,2793.6996999999997,2794.2466999999997,2795.88845,17.074754919892104,2769.49,0.9491455948453598,17,0.614,72.24,61.15,False,,2791.6046907216464,11.499999999999993,2.7804,0.9946122200033205,0.9959862903372793,9.255230125523013,12.0,0.381,18.91,,,,,,,,,,,,,100.0,1021,17.91084538802473,17.88613544819667,12,12,12.0,202.07999999999998,202.243,202.33015999999998,567.5785000000001,571.4471,573.29809,11.829999999999998,54.288,1
uncorrected,50,stream,fastapi,async,5,17.983024025320095,0.0457516339869281,100.0,9.377139823096847e-05,False,1.0002123048504825,0.0006233317128725485,False,False,0.001,1.0000656489539417,1022,60.0,37.65439330543933,22.035638204701556,11.463298969230436,578.8292989692304,,,,,,,0.0,0,{},1021,False,-0.01,60.74,0.0,49.29,49,0,2792.221035225049,2791.982,2793.8012,2794.49185,2796.54202,17.07525426381518,2773.9379999999996,0.9492335216495383,17,0.63,72.24,61.25,False,,2791.8632989692305,11.499999999999993,2.7804,0.9945085915286693,0.9958940328584632,8.836401673640168,12.0,0.415,18.91,,,,,,,,,,,,,100.0,1021,17.909186319566665,17.88427189484731,12,12,12.0,202.085,202.2619,202.34511,567.514,571.0358,573.32408,11.96,54.294,1
uncorrected,5,stream,fastapi,async,1,1.7983024025320096,0.046296296296296294,100.0,3.518208076047635e-05,False,1.0000305913498186,0.0006383496065138184,False,False,0.068,0.9997111901042606,103,12.0,4.384937238493724,25.43302291261376,12.076494845330672,579.4424948453307,,,,,,,0.0,0,{},103,False,0.0,60.87,0.0,49.29,5,0,2791.7720873786407,2791.842,2793.1252,2793.9248,2794.8389,1.7227349237663085,2327.035,0.5584952989690661,1,0.63,63.25,51.7,False,,2792.4764948453308,2.3800000000000026,2.7804,1.0040716142708626,0.9956753459276658,1.3221757322175731,4.0,0.381,18.9,,,,,,,,,,,,,100.0,103,1.7905253667236112,1.8056243962574852,12,12,12.0,202.203,202.4371,202.54042,566.558,569.7098,571.1169199999999,2.4100000000000037,54.275,1
uncorrected,5,stream,fastapi,async,2,1.7983024025320096,0.04672897196261682,100.0,0.0001596577142592981,False,1.0000437342078272,0.0006226583194465703,False,False,0.086,0.9998201933617012,102,12.1,4.404602510460251,25.793611852935527,11.59791666674937,578.9639166667494,,,,,,,0.0,0,{},102,False,-0.23,60.64,-0.03,49.26,5,0,2791.696519607843,2791.6125,2793.2865,2793.63375,2798.34673,1.722474138575291,2632.354,0.5583995833333498,1,0.63,63.02,51.64,False,,2791.9979166667495,2.3800000000000026,2.7804,0.9984904692648835,0.9958460152862165,1.3221757322175731,4.0,0.431,18.9,,,,,,,,,,,,,100.0,102,1.7908322818411315,1.7955878097843536,12,12,12.0,202.171,202.3869,202.44367,566.6755,570.0815,572.9429100000001,2.3800000000000026,54.021,1
uncorrected,5,stream,fastapi,async,3,1.7983024025320096,0.04672897196261682,100.0,0.0002637128850018211,False,0.9999779368975811,0.000619833029378005,False,False,0.085,1.0002215115747353,102,12.1,4.371848739495798,25.493646264717185,10.42656249992524,577.7925624999252,,,,,,,0.0,0,{},102,False,-0.01,60.86,0.02,49.31,5,0,2791.6,2791.596,2792.8684000000003,2793.51025,2796.8463,1.7226242888067713,2703.748,0.5581653124999851,1,0.58,63.24,51.74,False,,2790.8265624999253,2.3800000000000026,2.7804,0.9969893546167966,0.9962639876515346,1.311344537815126,4.0,0.48,18.9,,,,,,,,,,,,,100.0,102,1.7915839225498749,1.792888351706223,12,12,12.0,202.1485,202.3818,202.45266,566.819,570.6807,572.09856,2.4299999999999997,54.103,1
uncorrected,5,stream,fastapi,async,4,1.7983024025320096,0.04672897196261682,100.0,0.00022817766879745793,False,1.000054261790544,0.0006203289590368397,False,False,0.021,1.000029888819976,102,12.0,4.4213389121338915,25.889958705879685,11.314218750106193,578.6802187501062,,,,,,,0.0,0,{},102,False,-0.11,60.76,-0.04,49.25,5,0,2791.9334215686276,2791.804,2793.1816999999996,2793.7871,2795.16228,1.7221498048152972,2754.083,0.5583428437500212,1,0.563,63.14,51.67,False,,2791.7142187501063,2.3800000000000026,2.7804,0.9961808826191643,0.9959472145558038,1.3221757322175731,4.0,0.464,18.9,,,,,,,,,,,,,100.0,102,1.7910142687307649,1.7914344745705009,12,12,12.0,202.158,202.38685,202.42595999999998,567.1105,570.0124,571.58529,2.4200000000000017,54.147,1
uncorrected,5,stream,fastapi,async,5,1.7983024025320096,0.04672897196261682,100.0,0.00028485850930315415,False,1.0000214861527088,0.0006180525277059931,False,False,0.001,1.0002632588248588,102,12.0,4.470588235294118,26.07595177451963,10.666041666757337,578.0320416667573,,,,,,,0.0,0,{},102,False,0.0,60.87,0.03,49.32,5,0,2791.9585588235295,2791.634,2793.3044999999997,2794.2600500000003,2795.8597999999997,1.722011028016323,2575.072,0.5582132083333514,1,0.596,63.12,51.73,False,,2791.0660416667574,2.25,2.7804,0.9993180431581589,0.9961785061666304,1.3781512605042017,4.0,0.48,18.9,,,,,,,,,,,,,100.0,102,1.7914302009901997,1.7970760379049036,12,12,12.0,202.1565,202.37369999999999,202.43393,567.1995,569.9056,571.83539,2.4099999999999966,53.977,1
uncorrected,100,inference,flask,sync_single,1,0.34746351633078526,0.8333333333333334,,0.0004796889164908613,False,1.0000696512589347,0.0006150521217126858,False,False,0.003,0.10901602643950645,20,4.0,0.13389121338912133,4.000646000000416,285796.8134999947,,,,,,,,0.0,0,{},20,False,0.0,56.43,0.0,42.59,100,81,30042.2332,30041.339,51764.65290000001,54480.62215,,0.3463531140247402,59271.301,0.0,0,0.498,56.68,42.75,True,,288683.6499999946,0.25,2.878,1.0109082221234276,0.9969390369007923,0.0502092050209205,0.0,0.464,16.83,,,,,,,,,,,,,,,0.3463999433289758,0.35125372554670864,,,,,,,,,,0.1599999999999966,54.092,1
uncorrected,100,inference,flask,sync_single,2,0.34746351633078526,0.8333333333333334,,5.693049656274596e-05,False,0.9999974288852447,0.0006013627532082397,False,False,0.003,0.10901805693599367,20,4.0,0.1506276150627615,4.4990079999952295,285859.6509999979,,,,,,,,0.0,0,{},20,False,0.1,56.53,0.02,42.61,100,81,30049.29625,30048.5115,51776.8896,54490.7024,,0.34628584798260614,59273.716,0.0,0,0.531,56.65,42.77,True,,288747.1222222201,0.11999999999999744,2.878,1.0108610159082347,0.9967198903492752,0.06694560669456066,0.0,0.348,16.84,,,,,,,,,,,,,,,0.3463237978975939,0.3512373231091851,,,,,,,,,,0.1600000000000037,54.094,1
uncorrected,100,inference,flask,sync_single,3,0.34746351633078526,0.8333333333333334,,0.0001485427875189682,False,1.0001144625835592,0.0005969704472995508,False,False,0.011,0.10900362578479679,20,4.0,0.1506276150627615,4.495160000002216,285884.76400000585,,,,,,,,0.0,0,{},20,False,-0.29,56.14,-0.02,42.57,100,81,30048.2323,30045.576999999997,51772.7143,54485.6023,,0.3462455997945395,59172.994000000006,0.0,0,0.53,56.39,42.73,True,,288772.4888888948,0.25,2.878,1.0127516374697696,0.9966323353978885,0.06694560669456066,0.0,0.398,16.84,,,,,,,,,,,,,,,0.3462933757463129,0.3518942451250068,,,,,,,,,,0.1599999999999966,53.993,1
uncorrected,100,inference,flask,sync_single,4,0.34746351633078526,0.8333333333333334,,0.00027151223186405726,False,1.0000432651244922,0.0006056600509893254,False,False,0.003,0.10902255115328253,20,4.0,0.1502092050209205,4.487318550003875,285811.377500003,,,,,,,,0.0,0,{},20,False,0.08,56.51,0.02,42.61,100,81,30045.461049999998,30043.8525,51768.95650000001,54482.5059,,0.34633372090337733,59266.905999999995,0.0,0,0.514,56.64,42.77,True,,288698.3611111141,0.13000000000000256,2.878,1.0109974043506684,0.9968882361934563,0.0502092050209205,0.0,0.431,16.84,,,,,,,,,,,,,,,0.3463822919365727,0.35128471311698,,,,,,,,,,0.1600000000000037,54.087,1
uncorrected,100,inference,flask,sync_single,5,0.34746351633078526,0.8333333333333334,,2.3658154436723144e-05,False,0.9998047648990974,0.000613521404471445,False,False,0.003,0.10902328966205657,20,4.0,0.1506276150627615,4.499095999992277,285814.8645000029,,,,,,,,0.0,0,{},20,False,0.09,56.52,0.01,42.6,100,81,30046.11015,30047.235,51770.23180000001,54486.9708,,0.3463112003245974,59265.913,0.0,0,0.564,56.77,42.77,True,,288701.8833333362,0.25,2.878,1.0110163804478203,0.9968760739524,0.06694560669456066,0.0,0.348,16.84,,,,,,,,,,,,,,,0.3463780660015288,0.3512913066184226,,,,,,,,,,0.1700000000000017,54.086,1
uncorrected,10,inference,flask,sync_single,1,0.34746351633078526,0.3333333333333333,,0.00027968713268289314,False,1.0001223500783842,0.0006083351258907144,False,False,0.001,0.7868653873136456,20,4.0,0.11715481171548117,3.4987880000044242,25986.75749999984,,,,,,,,0.0,0,{},20,False,0.0,56.52,0.0,42.61,10,0,21728.863550000002,27569.341,28871.010700000003,28880.8498,,0.3462775943332584,28082.154,0.0,0,0.531,56.64,42.77,False,,28874.17499999982,0.11999999999999744,2.878,1.0110463985784819,0.9967384349509616,0.08368200836820083,0.0,0.398,16.82,,,,,,,,,,,,,,,0.34633024147010477,0.35130173682365595,,,,,,,,,,0.1600000000000037,54.085,1
uncorrected,10,inference,flask,sync_single,2,0.34746351633078526,0.3333333333333333,,9.273670488574304e-05,False,1.0000717464356037,0.0005926377478557746,False,False,0.003,0.7869861328235149,20,4.0,0.13389121338912133,4.003334000000905,25979.92350000004,,,,,,,,0.0,0,{},20,False,-0.12,56.4,0.0,42.61,10,0,21726.2632,27570.3015,28867.2801,28868.3319,,0.34637731199801536,28086.289,0.0,0,0.581,56.53,42.77,False,,28866.581666666712,0.13000000000000256,2.878,1.0109775205510134,0.9970006262720504,0.03347280334728033,0.0,0.332,16.82,,,,,,,,,,,,,,,0.34642134338848174,0.3512778042220338,,,,,,,,,,0.1600000000000037,54.088,1
uncorrected,10,inference,flask,sync_single,3,0.34746351633078526,0.3333333333333333,,0.0003581504213696629,False,1.0000129671188156,0.0006099549020134321,False,False,0.058,0.7870187226652888,20,4.0,0.13389121338912133,4.001835999999458,25980.35549999986,,,,,,,,0.0,0,{},20,False,-0.09,56.43,-0.04,42.57,10,0,21727.65975,27571.434,28870.7362,28870.856900000002,,0.34636164013521525,28086.392,0.0,0,0.531,56.68,42.73,False,,28867.061666666512,0.25,2.878,1.0109412936429742,0.9969840481974983,0.0502092050209205,0.0,0.348,16.82,,,,,,,,,,,,,,,0.34641558311240384,0.3512652166931808,,,,,,,,,,0.1599999999999966,54.09,1
uncorrected,10,inference,flask,sync_single,4,0.34746351633078526,0.3333333333333333,,0.0001984977905886698,False,1.0000602232351292,0.0006145396808230628,False,False,0.001,0.7870547661045749,20,4.0,0.13389121338912133,3.9991839999966037,25984.400499999538,,,,,,,,0.0,0,{},20,False,0.01,56.53,-0.02,42.59,10,0,21731.94515,27577.0585,28875.2926,28875.384550000002,,0.3462950884198642,28076.657,0.0,0,0.531,56.78,42.75,False,,28871.556111110596,0.25,2.878,1.0109683072824147,0.9968288473694231,0.0502092050209205,0.0,0.431,16.83,,,,,,,,,,,,,,,0.3463616564869434,0.35127460294732965,,,,,,,,,,0.1599999999999966,54.089,1
uncorrected,10,inference,flask,sync_single,5,0.34746351633078526,0.3333333333333333,,0.00013250011303755915,False,1.0000553266184395,0.0006111123905981163,False,False,0.001,0.7870641115001142,20,8.0,0.1506276150627615,4.501398000000337,25983.361999999943,,,,,,,,0.0,0,{},20,False,-0.11,56.41,-0.04,42.57,10,0,21731.4506,27576.0415,28872.909499999998,28873.046000000002,,0.34630427645370626,28075.793,0.0,0,0.581,56.53,42.73,False,,28870.402222222157,0.12000000000000455,2.878,1.0109866093893458,0.9968686885092106,0.0502092050209205,0.0,0.365,16.83,,,,,,,,,,,,,,,0.3463754998294686,0.35128096226176014,,,,,,,,,,0.1599999999999966,54.088,1
uncorrected,1,inference,flask,sync_single,1,0.34746351633078526,0.047619047619047616,,0.00039776919702283475,False,0.9997996572155166,0.0007163265210474214,False,False,0.079,0.9999501052096953,20,4.0,0.200836820083682,5.9959860000017215,0.0,,,,,,,,0.0,0,{},20,False,0.0,56.52,0.0,42.59,1,0,2890.6742,2890.8175,2891.6318,2891.9062999999996,,0.3459120827297733,1928.882,0.0,0,0.662,56.64,42.75,False,,2890.5852777778714,0.11999999999999744,2.878,1.0128091743819334,0.9956461143441696,0.06694560669456066,0.0,0.497,16.8,,,,,,,,,,,,,,,0.3459506999111083,0.35191423710282604,,,,,,,,,,0.1599999999999966,53.99,1
uncorrected,1,inference,flask,sync_single,2,0.34746351633078526,0.047619047619047616,,0.0007637039884007546,False,0.9999753620364618,0.00063013385785281,False,False,0.029,0.9998657332541249,20,4.0,0.16806722689075632,5.003469999999652,0.0,,,,,,,,0.0,0,{},20,False,-0.13,56.39,0.02,42.61,1,0,2890.37545,2890.0415000000003,2891.9616,2892.80675,,0.3459434207406752,1751.249,0.0,0,0.794,56.52,42.77,False,,2890.0747777778533,0.13000000000000256,2.878,1.0162597449701076,0.9958219843061855,0.06722689075630252,0.0,0.579,16.81,,,,,,,,,,,,,,,0.3460118083065273,0.35311318449274065,,,,,,,,,,0.1600000000000037,53.807,1
uncorrected,1,inference,flask,sync_single,3,0.34746351633078526,0.047619047619047616,,0.0001785678300263438,False,0.9999901758730395,0.0006103345784306077,False,False,0.002,0.9999201846282757,20,4.0,0.16736401673640167,5.003329999999551,0.0,,,,,,,,0.0,0,{},20,False,-0.13,56.39,0.02,42.61,1,0,2890.8864,2890.1355000000003,2892.127,2893.28095,,0.3458841360911391,1830.932,0.0,0,0.679,56.52,42.77,False,,2890.296111111133,0.13000000000000256,2.878,1.0145664343788694,0.9957457261683801,0.06694560669456066,0.0,0.48,16.81,,,,,,,,,,,,,,,0.34598531138581656,0.3525248208404688,,,,,,,,,,0.1600000000000037,53.897,1
uncorrected,1,inference,flask,sync_single,4,0.34746351633078526,0.047619047619047616,,0.0002601396068493411,False,0.9999196679786925,0.0005911730736577366,False,False,0.001,0.99991479995805,20,4.0,0.13389121338912133,3.996753999999782,0.0,,,,,,,,0.0,0,{},20,False,-0.09,56.43,0.02,42.61,1,0,2887.85345,2888.2405,2889.3941999999997,2889.51985,,0.346256077229817,2080.784,0.0,0,0.432,56.68,42.77,False,,2887.9059444444565,0.25,2.878,1.0110395506155927,0.9965698521229499,0.0502092050209205,0.0,0.365,16.82,,,,,,,,,,,,,,,0.34627166508789087,0.3512993574063908,,,,,,,,,,0.1600000000000037,54.085,1
uncorrected,1,inference,flask,sync_single,5,0.34746351633078526,0.047619047619047616,,0.0005112325259852835,False,1.0000514749508338,0.0006178132972866183,False,False,0.018,0.9999473388270524,20,4.0,0.1506276150627615,4.498862000000372,0.0,,,,,,,,0.0,0,{},20,False,0.0,56.52,-0.03,42.56,1,0,2889.1,2888.8445,2890.3305,2891.2322,,0.3461030305152,2043.269,0.0,0,0.581,56.65,42.72,False,,2889.0977222221813,0.12999999999999545,2.878,1.0112654224059305,0.9961587584466872,0.0502092050209205,0.0,0.332,16.82,,,,,,,,,,,,,,,0.34612882503359527,0.35137783961290153,,,,,,,,,,0.1599999999999966,54.073,1
uncorrected,25,inference,flask,sync_single,1,0.34746351633078526,0.5555555555555556,,0.00034883862610557426,False,1.0000019098682944,0.0006115525652081409,False,False,0.001,0.42412059683457415,20,4.0,0.1506276150627615,4.503254000002927,69294.46666666627,,,,,,,,0.0,0,{},20,False,0.0,56.4,0.0,42.56,25,7,29227.83625,29229.0445,50295.6328,52930.118350000004,,0.3463186377538866,57541.424999999996,0.0,0,0.498,56.52,42.72,True,,72181.73611111069,0.12000000000000455,2.878,1.0109635080001373,0.9967895464476778,0.03347280334728033,0.0,0.448,16.83,,,,,,,,,,,,,,,0.34634800085047873,0.3512729353718337,,,,,,,,,,0.1599999999999966,54.089,1
uncorrected,25,inference,flask,sync_single,2,0.34746351633078526,0.5555555555555556,,5.55312286341092e-05,False,0.99986821166339,0.0006087484733274068,False,False,0.014,0.42411779233830077,20,4.0,0.1506276150627615,4.499958000000333,69285.1973333333,,,,,,,,0.0,0,{},20,False,0.08,56.48,0.05,42.61,25,7,29223.6576,29225.911500000002,50288.803,52922.2347,,0.3463426807646051,57538.323,0.0,0,0.614,56.6,42.77,True,,72172.08055555553,0.12000000000000455,2.878,1.0110300096086284,0.9969229021271657,0.0502092050209205,0.0,0.381,16.83,,,,,,,,,,,,,,,0.3463943370837963,0.3512960422545617,,,,,,,,,,0.1600000000000037,54.085,1
uncorrected,25,inference,flask,sync_single,3,0.34746351633078526,0.5555555555555556,,0.00046047566265638995,False,0.999993205168003,0.0006216700814984158,False,False,0.001,0.42408696626623477,20,4.0,0.13389121338912133,4.002631999999721,69293.2653333337,,,,,,,,0.0,0,{},20,False,0.03,56.43,0.01,42.57,25,7,29224.9353,29225.807999999997,50291.5146,52925.963,,0.3463221607077047,57542.46,0.0,0,0.547,56.68,42.73,True,,72180.4847222226,0.25,2.878,1.0109446091711882,0.9968068277303819,0.0502092050209205,0.0,0.348,16.83,,,,,,,,,,,,,,,0.3463540054657338,0.3512663687182725,,,,,,,,,,0.1599999999999966,54.09,1
uncorrected,25,inference,flask,sync_single,4,0.34746351633078526,0.5555555555555556,,0.00010096855153352013,False,0.9997577440832345,0.0006216141689202489,False,False,0.003,0.42409542091603875,20,4.0,0.1506276150627615,4.501869999996416,69284.60000000146,,,,,,,,0.0,0,{},20,False,0.13,56.53,0.06,42.62,25,7,29221.825,29220.3305,50289.0065,52922.4256,,0.34635140513494805,57539.681000000004,0.0,0,0.498,56.65,42.79,True,,72171.45833333486,0.11999999999999744,2.878,1.0109932923524367,0.9969314970426117,0.0502092050209205,0.0,0.415,16.83,,,,,,,,,,,,,,,0.34639732350333974,0.35128328434761524,,,,,,,,,,0.1700000000000017,54.087,1
uncorrected,25,inference,flask,sync_single,5,0.34746351633078526,0.5555555555555556,,0.00010443984497787717,False,1.0000804176413072,0.000681739684135342,False,False,0.001,0.42409468241638115,20,4.0,0.13389121338912133,3.998714000001201,69300.5653333336,,,,,,,,0.0,0,{},20,False,0.03,56.43,0.03,42.59,25,7,29228.43645,29225.91,50299.495500000005,52931.7067,,0.34628176542173345,57536.013,0.0,0,0.497,56.56,42.75,True,,72188.08888888916,0.13000000000000256,2.878,1.0110738773165697,0.9967018258475352,0.0502092050209205,0.0,0.431,16.83,,,,,,,,,,,,,,,0.3463175211422985,0.3513112846826163,,,,,,,,,,0.1599999999999966,54.083,1
uncorrected,50,inference,flask,sync_single,1,0.34746351633078526,0.7142857142857143,,6.88677125989523e-05,False,0.999971435552652,0.0006028394016724261,False,False,0.035,0.21604373465604573,20,4.0,0.1502092050209205,4.495797949997723,141491.94811111264,,,,,,,,0.0,0,{},20,False,0.0,56.43,0.0,42.57,50,32,29777.3338,29777.8285,51281.5137,53972.068100000004,,0.3462683305307913,58693.325000000004,0.0,0,0.581,56.68,42.74,True,,144379.53888889044,0.25,2.878,1.0109530874201786,0.9966786229365958,0.0502092050209205,0.0,0.365,16.83,,,,,,,,,,,,,,,0.34630945897727444,0.35126931460047905,,,,,,,,,,0.1700000000000017,54.09,1
uncorrected,50,inference,flask,sync_single,2,0.34746351633078526,0.7142857142857143,,0.00015547307548868794,False,1.000124295131394,0.0006006115280064575,False,False,0.044,0.21603461051971473,20,4.1,0.15104602510460252,4.498601600001348,141485.14255555568,,,,,,,,0.0,0,{},20,False,0.09,56.52,0.0,42.57,50,32,29774.62965,29776.338,51280.3246,53971.71405,,0.34627806890028756,58694.892,0.0,0,0.564,56.65,42.73,True,,144372.59444444458,0.12999999999999545,2.878,1.0109236073243746,0.9967265640250966,0.03347280334728033,0.0,0.415,16.83,,,,,,,,,,,,,,,0.34632611675646163,0.35125907134272916,,,,,,,,,,0.1599999999999966,54.091,1
uncorrected,50,inference,flask,sync_single,3,0.34746351633078526,0.7142857142857143,,0.00046275570695752943,False,1.0000031388372934,0.0006174906811967368,False,False,0.001,0.21604344569106104,20,4.0,0.13389121338912133,4.001564000005601,141464.27672222457,,,,,,,,0.0,0,{},20,False,0.07,56.5,-0.01,42.56,50,32,29771.4904,29771.0445,51276.7298,53966.38395,,0.34632751390460126,58668.907,0.0,0,0.597,56.62,42.71,True,,144351.3027777802,0.11999999999999744,2.878,1.0114195583545207,0.9968735801541401,0.0502092050209205,0.0,0.365,16.83,,,,,,,,,,,,,,,0.3463771994976164,0.35143139623159164,,,,,,,,,,0.14999999999999858,54.065,1
uncorrected,50,inference,flask,sync_single,4,0.34746351633078526,0.7142857142857143,,2.9957026201010706e-05,False,1.000099391431897,0.0005913798009533411,False,False,0.001,0.216055107938631,20,4.0,0.13389121338912133,4.002887999999075,141454.40049999635,,,,,,,,0.0,0,{},20,False,0.0,56.43,0.01,42.58,50,32,29770.9569,29771.1645,51273.22810000001,53961.68845,,0.3463537032023686,58681.655999999995,0.0,0,0.514,56.55,42.74,True,,144341.22499999628,0.11999999999999744,2.878,1.0111627844638262,0.9969431809935361,0.0502092050209205,0.0,0.448,16.83,,,,,,,,,,,,,,,0.3464013832500125,0.35134217667262896,,,,,,,,,,0.1600000000000037,54.078,1
uncorrected,50,inference,flask,sync_single,5,0.34746351633078526,0.7142857142857143,,4.695234702478679e-05,False,1.0001035319626919,0.0006273698785330359,False,False,0.049,0.2160577556166903,20,4.0,0.1506276150627615,4.4999079999979585,141469.03516666568,,,,,,,,0.0,0,{},20,False,0.02,56.45,0.02,42.59,50,32,29774.52015,29774.804,51277.8552,53966.94105,,0.34631344067000336,58690.453,0.0,0,0.564,56.7,42.76,True,,144356.15833333234,0.25,2.878,1.0110179953686722,0.9968400493709523,0.0502092050209205,0.0,0.381,16.83,,,,,,,,,,,,,,,0.34636554877378467,0.3512918677445004,,,,,,,,,,0.1699999999999946,54.086,1
uncorrected,5,inference,flask,sync_single,1,0.34746351633078526,0.2,,0.00032745881690032785,False,1.0001058554158677,0.0006423744614792372,False,False,0.002,0.9159018729487262,20,8.0,0.1506276150627615,4.504078000009031,11547.056888889023,,,,,,,,0.0,0,{},20,False,0.0,56.3,0.0,42.56,5,0,12703.52535,14433.605,14436.407000000001,14437.618349999999,,0.3463630330686989,13649.279,0.0,0,0.581,56.42,42.72,False,,14433.821111111278,0.12000000000000455,2.878,1.0109802014831082,0.9969639979064487,0.03347280334728033,0.0,0.348,16.82,,,,,,,,,,,,,,,0.3464086163677723,0.3512787357481265,,,,,,,,,,0.1599999999999966,54.088,1
uncorrected,5,inference,flask,sync_single,2,0.34746351633078526,0.2,,0.00016552423411264616,False,0.9999133907078654,0.0006224776572280422,False,False,0.002,0.9159538498541686,20,4.0,0.1506276150627615,4.509522000007564,11548.393555555473,,,,,,,,0.0,0,{},20,False,0.13,56.43,0.01,42.57,5,0,12705.7432,14435.804,14438.8696,14439.30105,,0.34632087104665116,13623.188,0.0,0,0.614,56.68,42.73,False,,14435.49194444434,0.25,2.878,1.0112852236075096,0.9968486044937424,0.0502092050209205,0.0,0.515,16.82,,,,,,,,,,,,,,,0.34636852136683194,0.35138471980802977,,,,,,,,,,0.1599999999999966,54.072,1
uncorrected,5,inference,flask,sync_single,3,0.34746351633078526,0.2,,0.000282024643814327,False,1.000012981826538,0.0006332948266043649,False,False,0.001,0.9157943315833318,20,4.0,0.13389121338912133,3.9999460000035474,11546.39622222223,,,,,,,,0.0,0,{},20,False,0.16,56.46,0.0,42.56,5,0,12701.20235,14432.700499999999,14434.5141,14434.8544,,0.3464206765876868,13647.114,0.0,0,0.497,56.59,42.72,False,,14432.995277777789,0.13000000000000256,2.878,1.011113300424163,0.9970210426214171,0.06694560669456066,0.0,0.381,16.82,,,,,,,,,,,,,,,0.3464284373250233,0.3513249827742053,,,,,,,,,,0.1599999999999966,54.081,1
uncorrected,5,inference,flask,sync_single,4,0.34746351633078526,0.2,,3.3673530538180785e-05,False,1.0000357509121685,0.0006046158763300859,False,False,0.001,0.9160296653678743,20,4.0,0.13347280334728034,3.9980162000038035,11547.093333333678,,,,,,,,0.0,0,{},20,False,-0.02,56.28,0.05,42.61,5,0,12705.81605,14433.217,14436.5712,14437.0726,,0.3463205121737204,13491.542000000001,0.0,0,0.514,56.41,42.77,False,,14433.866666667098,0.12999999999999545,2.878,1.013753997272917,0.9969608513310988,0.0502092050209205,0.0,0.365,16.82,,,,,,,,,,,,,,,0.34640752304763683,0.3522425285868371,,,,,,,,,,0.1600000000000037,53.94,1
uncorrected,5,inference,flask,sync_single,5,0.34746351633078526,0.2,,7.829624353294928e-05,False,0.9999824664961791,0.0006103711213563505,False,False,0.014,0.9159816247834124,20,4.0,0.11715481171548117,3.500940000005358,11548.221777778153,,,,,,,,0.0,0,{},20,False,-0.13,56.17,0.06,42.62,5,0,12706.3321,14433.498,14437.377700000001,14438.2953,,0.346283835279501,13538.679,0.0,0,0.514,56.42,42.78,False,,14435.277222222692,0.25,2.878,1.0128094869266249,0.9968634324422264,0.0502092050209205,0.0,0.381,16.82,,,,,,,,,,,,,,,0.3463736735379522,0.35191434570070357,,,,,,,,,,0.1600000000000037,53.99,1
uncorrected,100,pipeline,flask,sync_single,1,0.3621220351258374,0.8264462809917356,,6.864696982433749e-05,False,1.0000561965434736,0.0006099446198779964,False,False,0.012,0.11397501257511465,21,8.0,0.18410041841004185,5.2410171428692545,274425.4572631578,,30222.469,54921.087,,2770.537,2771.244,,0.0,0,{},21,False,0.0,56.43,0.0,42.64,100,80,30221.45319047619,30222.469,52176.048,54921.087,,0.3607034339886047,59259.687999999995,0.0,0,0.547,56.68,42.83,True,100.0,277197.4315789473,0.25,2.7615,1.0168059921862211,0.9962213517889361,0.0502092050209205,0.0,0.365,16.86,0.001,0.001,,50.584,50.697,,2719.954,2720.315,,0.002,0.002,,,,0.36075370334562235,0.3682078552186207,,,,,,,,,,0.18999999999999773,54.317,1
uncorrected,100,pipeline,flask,sync_single,2,0.3621220351258374,0.8264462809917356,,0.0003976430323000546,False,1.0000029553021368,0.0006137181472921384,False,False,0.027,0.11396318565233052,21,4.0,0.2175732217573222,6.186097142843731,274553.3913158047,,30230.055,54945.05,,2771.004,2772.95,,0.0,0,{},21,False,0.04,56.47,0.01,42.65,100,80,30232.383857142857,30230.055,52199.615,54945.05,,0.36053705936008046,59267.136999999995,0.0,0,0.564,56.72,42.85,True,100.0,277326.6578947522,0.25,2.7615,1.016660726851736,0.9957571410419594,0.06694560669456066,0.0,0.381,16.86,0.001,0.001,,50.599,50.784,,2720.374,2721.766,,0.002,0.003,,,,0.3605856024051999,0.3681552514400638,,,,,,,,,,0.20000000000000284,54.325,1
uncorrected,100,pipeline,flask,sync_single,3,0.3621220351258374,0.8264462809917356,,3.858597253225682e-05,False,0.9999750308950894,0.0006000975985073223,False,False,0.003,0.11399248037918999,21,4.0,0.18361344537815125,5.230603142860284,274416.2971578834,,30224.372,54925.537,,2770.347,2771.194,,0.0,0,{},21,False,-0.11,56.32,-0.01,42.63,100,80,30225.251047619047,30224.372,52178.482,54925.537,,0.3606624450863828,59076.556,0.0,0,0.564,56.44,42.83,True,100.0,277188.178947357,0.11999999999999744,2.7615,1.0202396465190167,0.9962546059817573,0.05042016806722689,0.0,0.365,16.86,0.001,0.001,,50.557,50.801,,2719.771,2720.596,,0.002,0.003,,,,0.3607657454216032,0.36945125711353133,,,,,,,,,,0.19999999999999574,54.134,1
uncorrected,100,pipeline,flask,sync_single,4,0.3621220351258374,0.8264462809917356,,0.00014331877040052454,False,0.9999244377292642,0.0006122965707518021,False,False,0.001,0.11396528530243534,21,4.0,0.18410041841004185,5.233308571429613,274454.6883157902,,30220.807,54926.532,,2770.479,2772.113,,0.0,0,{},21,False,0.03,56.46,0.04,42.68,100,80,30222.047285714285,30220.807,52181.085,54926.532,,0.36066173031501564,59259.794,0.0,0,0.514,56.58,42.87,True,100.0,277226.9578947376,0.11999999999999744,2.7615,1.0168026151085081,0.996115248304436,0.06694560669456066,0.0,0.431,16.86,0.001,0.001,,50.569,50.731,,2719.906,2720.564,,0.002,0.003,,,,0.36071528093588123,0.3682066323043665,,,,,,,,,,0.18999999999999773,54.317,1
uncorrected,100,pipeline,flask,sync_single,5,0.3621220351258374,0.8264462809917356,,0.00022367695159930534,False,1.0001189181307593,0.000605399892337341,False,False,0.001,0.1139880084812373,21,4.0,0.18487394957983194,5.246386666660241,274485.87331578915,,30232.648,54935.185,,2770.762,2771.912,,0.0,0,{},21,False,-0.07,56.36,0.02,42.66,100,80,30231.630999999998,30232.648,52190.969,54935.185,,0.360607976994425,59109.521,0.0,0,0.547,56.61,42.85,True,100.0,277258.4578947365,0.25,2.7615,1.0196179534362695,0.9960020772561705,0.08403361344537816,0.0,0.365,16.86,0.001,0.001,,50.595,52.82,,2720.039,2720.86,,0.002,0.002,,,,0.360674299205566,0.3692261283491832,,,,,,,,,,0.19000000000000483,54.167,1
uncorrected,10,pipeline,flask,sync_single,1,0.3621220351258374,0.3225806451612903,,0.00032790989510367297,False,1.0001213067164076,0.0006023921441722343,False,False,0.001,0.7976301097994244,21,8.0,0.2175732217573222,6.195411428568713,24957.25484210446,,27725.614,27731.078,,2771.291,2772.942,,0.0,0,{},21,False,0.0,56.43,0.0,42.63,10,0,21197.613904761904,27725.614,27730.951,27731.078,,0.36058312718545765,26564.461000000003,0.0,0,0.514,56.68,42.83,False,100.0,27730.283157893846,0.25,2.7615,1.0167035840171965,0.9958426981348356,0.08368200836820083,0.0,0.465,16.86,0.001,0.001,,50.632,50.836,,2720.513,2721.937,,0.002,0.003,,,,0.36061658451379164,0.36817077096404,,,,,,,,,,0.19999999999999574,54.323,1
uncorrected,10,pipeline,flask,sync_single,2,0.3621220351258374,0.3225806451612903,,0.00045943705936191126,False,0.9999876236449005,0.0006106352619028051,False,False,0.003,0.7975983201321765,21,4.0,0.18410041841004185,5.2366057142838445,24952.602315789547,,27718.516,27727.285,,2770.641,2772.629,,0.0,0,{},21,False,0.02,56.45,0.01,42.64,10,0,21192.740476190476,27718.516,27723.775,27727.285,,0.3606499310896717,26573.284,0.0,0,0.547,56.7,42.84,False,100.0,27725.113684210606,0.25,2.7615,1.0166898636326067,0.996028377540132,0.06694560669456066,0.0,0.382,16.86,0.001,0.001,,50.601,50.762,,2719.876,2721.823,,0.002,0.002,,,,0.3606838231179185,0.36816580251044967,,,,,,,,,,0.20000000000000284,54.323,1
uncorrected,10,pipeline,flask,sync_single,3,0.3621220351258374,0.3225806451612903,,0.0005372843886668477,False,1.0000896325992923,0.0006164531842884856,False,False,0.003,0.7976401114991922,21,8.0,0.18410041841004185,5.235906666670677,24950.55268421033,,27719.766,27723.703,,2770.76,2771.775,,0.0,0,{},21,False,0.09,56.52,0.01,42.64,10,0,21192.16542857143,27719.766,27723.525,27723.703,,0.36067336342349404,26570.869,0.0,0,0.548,56.77,42.84,False,100.0,27722.836315789256,0.25,2.7615,1.01671846010753,0.9961101990228959,0.06694560669456066,0.0,0.365,16.86,0.001,0.001,,50.566,50.808,,2720.158,2720.982,,0.002,0.003,,,,0.360713452479774,0.3681761579241463,,,,,,,,,,0.20000000000000284,54.322,1
uncorrected,10,pipeline,flask,sync_single,4,0.3621220351258374,0.3225806451612903,,0.00027072571699615633,False,1.000021635849083,0.0006143696605248015,False,False,0.001,0.7975709496689534,21,4.0,0.18410041841004185,5.244622857152578,24948.87015789534,,27714.189,27720.348,,2770.481,2771.511,,0.0,0,{},21,False,0.21,56.64,0.01,42.64,10,0,21188.95257142857,27714.189,27718.712,27720.348,,0.36069282401151476,26571.835,0.0,0,0.564,56.77,42.84,False,100.0,27720.966842105932,0.13000000000000256,2.7615,1.0168319998544808,0.996177375677064,0.0502092050209205,0.0,0.398,16.86,0.001,0.001,,50.589,51.043,,2719.731,2720.755,,0.002,0.003,,,,0.3607377786264943,0.3682172731683798,,,,,,,,,,0.20000000000000284,54.316,1
uncorrected,10,pipeline,flask,sync_single,5,0.3621220351258374,0.3225806451612903,,7.281693895500041e-05,False,0.9999000666215774,0.0006052988161982317,False,False,0.042,0.7976729187482231,21,4.0,0.200836820083682,5.714192380955432,24948.103736841735,,27713.676,27725.3,,2770.653,2772.576,,0.0,0,{},21,False,-0.25,56.18,0.0,42.63,10,0,21191.100047619046,27713.676,27723.331,27725.3,,0.36068489537030524,26572.918,0.0,0,0.531,56.43,42.82,False,100.0,27720.115263157484,0.25,2.7615,1.0167429676573099,0.9962079788572454,0.0502092050209205,0.0,0.332,16.86,0.001,0.001,,50.613,50.876,,2719.984,2721.627,,0.002,0.003,,,,0.36074886071238293,0.36818503264794855,,,,,,,,,,0.18999999999999773,54.321,1
uncorrected,1,pipeline,flask,sync_single,1,0.3621220351258374,0.045454545454545456,,0.0002511186536390264,False,1.0000239827358228,0.000598080348701917,False,False,0.001,0.9999219182641479,21,8.0,0.18410041841004185,5.2461619047521495,0.0,,2774.365,2774.882,,2770.363,2770.962,,0.0,0,{},21,False,0.0,56.52,0.0,42.62,1,0,2774.412428571429,2774.365,2774.813,2774.882,,0.3604010824293258,1578.22,0.0,0,0.564,56.65,42.82,False,100.0,2774.420631578898,0.12999999999999545,2.7615,1.0166945178860969,0.9953429442414633,0.06694560669456066,0.0,0.365,16.86,0.001,0.001,,50.578,50.687,,2719.66,2720.308,,0.002,0.003,,,,0.3604356126168616,0.3681674879181955,,,,,,,,,,0.20000000000000284,54.323,1
uncorrected,1,pipeline,flask,sync_single,2,0.3621220351258374,0.045454545454545456,,8.243832967380627e-07,False,1.000022031719364,0.0006016135480334393,False,False,0.001,0.9999141534632272,21,4.0,0.18410041841004185,5.2411790476201405,0.0,,2774.442,2775.806,,2770.413,2771.668,,0.0,0,{},21,False,-0.31,56.21,0.0,42.62,1,0,2774.6681904761904,2774.442,2775.57,2775.806,,0.3603667570038527,1575.0010000000002,0.0,0,0.581,56.46,42.82,False,100.0,2774.6268421052314,0.25,2.7615,1.016651793980829,0.9952689702607824,0.06694560669456066,0.0,0.365,16.86,0.001,0.001,,50.481,50.731,,2719.892,2720.833,,0.002,0.003,,,,0.3604088250084311,0.3681520166506714,,,,,,,,,,0.20000000000000284,54.325,1
uncorrected,1,pipeline,flask,sync_single,3,0.3621220351258374,0.045454545454545456,,0.00023219551322295473,False,0.9998510550864871,0.0006492369253400385,False,False,0.003,0.9999307543825255,21,4.0,0.200836820083682,5.718588571426586,0.0,,2774.642,2776.307,,2770.637,2771.789,,0.0,0,{},21,False,-0.02,56.5,0.06,42.68,1,0,2774.761285714286,2774.642,2776.052,2776.307,,0.36035622137268586,1568.4389999999999,0.0,0,0.514,56.75,42.88,False,100.0,2774.790842105224,0.25,2.7615,1.0167420277038939,0.9952101463275912,0.0502092050209205,0.0,0.431,16.86,0.001,0.001,,50.637,50.759,,2719.916,2720.639,,0.002,0.002,,,,0.36038752356602977,0.3681846922701046,,,,,,,,,,0.20000000000000284,54.321,1
uncorrected,1,pipeline,flask,sync_single,4,0.3621220351258374,0.045454545454545456,,8.368287709681344e-05,False,0.9998823331899048,0.000603319097249234,False,False,0.001,0.9999155305795718,21,4.0,0.18410041841004185,5.239571428561855,0.0,,2774.225,2775.056,,2770.522,2770.893,,0.0,0,{},21,False,-0.07,56.45,0.01,42.63,1,0,2774.2928095238094,2774.225,2774.884,2775.056,,0.3604150819550984,1572.689,0.0,0,0.564,56.7,42.82,False,100.0,2774.4391052632345,0.25,2.7615,1.0168404759904544,0.9953363167212109,0.06694560669456066,0.0,0.349,16.86,0.001,0.001,,50.547,50.703,,2719.928,2720.343,,0.002,0.003,,,,0.36043321264573996,0.36822034256398856,,,,,,,,,,0.18999999999999773,54.315,1
uncorrected,1,pipeline,flask,sync_single,5,0.3621220351258374,0.045454545454545456,,0.0003144200100281269,False,1.0000429760994565,0.0006308987247983023,False,False,0.001,0.9999556093917927,21,8.0,0.200836820083682,5.7046019047647,0.0,,2774.603,2777.195,,2770.501,2772.797,,0.0,0,{},21,False,0.01,56.53,0.06,42.68,1,0,2774.977142857143,2774.603,2776.726,2777.195,,0.3603276458745117,1569.167,0.0,0,0.481,56.78,42.88,False,100.0,2774.8875789473364,0.25,2.7615,1.016642362451036,0.9951754517736482,0.06694560669456066,0.0,0.415,16.86,0.001,0.001,,50.59,50.781,,2719.922,2721.821,,0.002,0.003,,,,0.3603749599035481,0.3681486012859083,,,,,,,,,,0.20000000000000284,54.326,1
uncorrected,25,pipeline,flask,sync_single,1,0.3621220351258374,0.5434782608695652,,0.00014028640241414703,False,0.9999518900705168,0.0006177861400646685,False,False,0.017,0.4433745290126742,21,4.0,0.200836820083682,5.722260952371429,66557.27115789379,,29411.004,53369.251,,2770.81,2772.894,,0.0,0,{},21,False,0.0,56.4,0.0,42.63,25,6,29407.940666666665,29411.004,50705.897,53369.251,,0.36056118992271563,57526.219,0.0,0,0.514,56.65,42.83,True,100.0,69330.4907894727,0.25,2.7615,1.016681186105221,0.9957739980470874,0.06694560669456066,0.0,0.415,16.86,0.001,0.001,,50.591,50.85,,2720.032,2721.972,,0.002,0.002,,,,0.36059170669820295,0.3681626601865729,,,,,,,,,,0.19999999999999574,54.324,1
uncorrected,25,pipeline,flask,sync_single,2,0.3621220351258374,0.5434782608695652,,0.0001536965050555894,False,0.99990757599403,0.0006181994422942592,False,False,0.001,0.4434359025450349,21,4.0,0.18410041841004185,5.2331904761792565,66525.22610526341,,29399.458,53349.874,,2770.336,2772.643,,0.0,0,{},21,False,0.06,56.46,0.01,42.64,25,6,29397.965,29399.458,50687.175,53349.874,,0.3606854448103553,57513.139,0.0,0,0.564,56.71,42.84,True,100.0,69297.11052631606,0.25,2.7615,1.0169273417123634,0.9962536601548853,0.0502092050209205,0.0,0.348,16.86,0.001,0.001,,50.547,50.847,,2719.702,2721.872,,0.002,0.003,,,,0.36076540291685144,0.36825179855598894,,,,,,,,,,0.20000000000000284,54.311,1
uncorrected,25,pipeline,flask,sync_single,3,0.3621220351258374,0.5434782608695652,,0.00018231812769686773,False,0.9999138804042841,0.000600289267765241,False,False,0.001,0.44334380516685334,21,4.0,0.18410041841004185,5.242255238076073,66526.6496842102,,29392.237,53348.781,,2770.541,2771.407,,0.0,0,{},21,False,-0.13,56.27,-0.01,42.62,25,6,29392.399523809523,29392.237,50681.393,53348.781,,0.36070146054174396,57528.297,0.0,0,0.498,56.52,42.82,True,100.0,69298.5934210523,0.25,2.7615,1.01664393783509,0.9962323416946443,0.0502092050209205,0.0,0.431,16.86,0.001,0.001,,50.562,50.881,,2719.787,2720.766,,0.002,0.002,,,,0.3607576830326432,0.36814917176718814,,,,,,,,,,0.20000000000000284,54.326,1
uncorrected,25,pipeline,flask,sync_single,4,0.3621220351258374,0.5434782608695652,,2.528342066321354e-05,False,0.9999954592500379,0.0005988275528387908,False,False,0.001,0.4433306761568014,21,4.0,0.16736401673640167,4.763693333342894,66530.77010526537,,29393.15,53348.338,,2770.488,2771.363,,0.0,0,{},21,False,0.13,56.53,0.02,42.65,25,6,29393.39623809524,29393.15,50684.454,53348.338,,0.3606887193305309,57519.82,0.0,0,0.564,56.78,42.85,True,100.0,69302.88552631809,0.25,2.7615,1.0168066094344692,0.9961706424732155,0.0502092050209205,0.0,0.332,16.86,0.001,0.001,,50.567,50.819,,2719.898,2720.752,,0.002,0.002,,,,0.36073534038501376,0.3682080787378125,,,,,,,,,,0.20000000000000284,54.317,1
uncorrected,25,pipeline,flask,sync_single,5,0.3621220351258374,0.5434782608695652,,0.00027824702642087473,False,1.0001796391389974,0.0006115291754182884,False,False,0.02,0.44331397107450166,21,8.0,0.200836820083682,5.720920000000791,66532.7330526274,,29391.209,53350.575,,2770.556,2772.519,,0.0,0,{},21,False,0.0,56.4,0.07,42.7,25,6,29393.142809523808,29391.209,50684.038,53350.575,,0.36067689913924966,57521.896,0.0,0,0.564,56.53,42.89,True,100.0,69304.93026315354,0.13000000000000256,2.7615,1.016752961259912,0.9961412519695484,0.03347280334728033,0.0,0.365,16.86,0.001,0.001,,50.588,50.923,,2719.887,2721.576,,0.002,0.003,,,,0.36072469743601243,0.36818865155166103,,,,,,,,,,0.18999999999999773,54.32,1
uncorrected,50,pipeline,flask,sync_single,1,0.3621220351258374,0.704225352112676,,0.00041006038751345564,False,0.9999581053760027,0.0006221317421969559,False,False,0.003,0.22586281636101194,21,4.0,0.200836820083682,5.718165714268772,135860.48700000596,,29952.739,54411.43,,2770.922,2771.892,,0.0,0,{},21,False,0.0,56.52,0.0,42.61,50,30,29953.40861904762,29952.739,51691.366,54411.43,,0.3606084080912559,58665.218,0.0,0,0.547,56.77,42.81,True,100.0,138633.15000000608,0.25,2.7615,1.0170633616257045,0.9959739066737929,0.08368200836820083,0.0,0.348,16.86,0.001,0.001,,50.593,50.683,,2720.396,2721.22,,0.002,0.003,,,,0.36066409801694477,0.36830105436382565,,,,,,,,,,0.20000000000000284,54.303,1
uncorrected,50,pipeline,flask,sync_single,2,0.3621220351258374,0.704225352112676,,0.00013949565661408592,False,1.0000757678367405,0.0006000061548499322,False,False,0.062,0.22585615081854446,21,4.0,0.18410041841004185,5.234838095230295,135850.72052631792,,29949.323,54406.504,,2770.637,2772.181,,0.0,0,{},21,False,-0.08,56.44,0.04,42.65,50,30,29950.35585714286,29949.323,51688.74,54406.504,,0.3606359974793422,58687.061,0.0,0,0.514,56.69,42.85,True,100.0,138623.1842105285,0.25,2.7615,1.0166562384915965,0.9960455084504769,0.06694560669456066,0.0,0.431,16.86,0.001,0.001,,50.595,50.789,,2720.025,2721.165,,0.002,0.003,,,,0.3606900265980362,0.36815362610595564,,,,,,,,,,0.20000000000000284,54.325,1
uncorrected,50,pipeline,flask,sync_single,3,0.3621220351258374,0.704225352112676,,0.00010789442532921356,False,0.9999051626168066,0.0005988567976130043,False,False,0.065,0.22589698778630485,21,8.0,0.20125523012552302,5.719155428580138,135825.11415789736,,29953.55,54402.295,,2770.489,2772.313,,0.0,0,{},21,False,0.12,56.64,0.05,42.66,50,30,29950.23942857143,29953.55,51684.679,54402.295,,0.36068060772763105,58553.820999999996,0.0,0,0.53,56.89,42.86,True,100.0,138597.05526316058,0.25,2.7615,1.0191699838851456,0.9962332874809691,0.06694560669456066,0.0,0.398,16.86,0.001,0.001,,50.637,50.862,,2719.852,2720.718,,0.002,0.002,,,,0.36075802552271197,0.36906390870365585,,,,,,,,,,0.20000000000000284,54.191,1
uncorrected,50,pipeline,flask,sync_single,4,0.3621220351258374,0.704225352112676,,0.0005852341144528816,False,1.0000012912405283,0.0006182903888157377,False,False,0.001,0.22585601812701342,21,4.0,0.18410041841004185,5.235449523800829,135839.13589473898,,29949.728,54399.999,,2770.554,2772.004,,0.0,0,{},21,False,-0.09,56.43,0.01,42.62,50,30,29947.808047619048,29949.728,51679.552,54399.999,,0.36067603071141374,58678.151999999995,0.0,0,0.581,56.68,42.82,True,100.0,138611.3631578969,0.25,2.7615,1.0168354899394356,0.9961304531917351,0.0502092050209205,0.0,0.365,16.86,0.001,0.001,,50.538,50.679,,2719.948,2721.368,,0.002,0.003,,,,0.3607207869606138,0.3682185370050464,,,,,,,,,,0.20000000000000284,54.316,1
uncorrected,50,pipeline,flask,sync_single,5,0.3621220351258374,0.704225352112676,,4.62077867540156e-05,False,1.0001428557976872,0.0005933433958099649,False,False,0.001,0.22586458410266136,21,4.0,0.18410041841004185,5.235567619044256,135832.5234736901,,29944.622,54399.193,,2770.606,2771.523,,0.0,0,{},21,False,0.01,56.53,0.01,42.62,50,30,29947.435857142857,29944.622,51679.688,54399.193,,0.3606833238628439,58681.254,0.0,0,0.498,56.78,42.82,True,100.0,138604.6157894797,0.25,2.7615,1.016764253748965,0.9961789455101258,0.06694560669456066,0.0,0.448,16.86,0.001,0.001,,50.589,50.714,,2719.969,2720.953,,0.002,0.003,,,,0.3607383470976374,0.3681927408107786,,,,,,,,,,0.20000000000000284,54.319,1
uncorrected,5,pipeline,flask,sync_single,1,0.3621220351258374,0.19230769230769232,,0.00011232935478155959,False,1.000147827207583,0.000607442850684375,False,False,0.046,0.9201322564349411,21,7.9,0.18368200836820084,5.235543428574168,11086.914526315491,,13858.053,13859.498,,2770.385,2771.857,,0.0,0,{},21,False,0.0,56.65,0.0,42.66,5,0,12276.925666666666,13858.053,13859.186,13859.498,,0.36072235565414673,12707.978000000001,0.0,0,0.481,56.9,42.86,False,100.0,13858.643157894365,0.25,2.7615,1.016852655126747,0.9963096561970981,0.0502092050209205,0.0,0.465,16.86,0.001,0.001,,50.559,50.984,,2719.542,2721.156,,0.002,0.002,,,,0.36078568031761654,0.36822475289760886,,,,,,,,,,0.20000000000000284,54.315,1
uncorrected,5,pipeline,flask,sync_single,2,0.3621220351258374,0.19230769230769232,,0.00012321369384304948,False,1.0000597606097668,0.0006022026851312403,False,False,0.003,0.9202371682175936,21,4.0,0.18410041841004185,5.238051428570458,11088.696210526427,,13859.623,13863.561,,2770.815,2772.497,,0.0,0,{},21,False,-0.29,56.36,0.01,42.67,5,0,12280.545285714286,13859.623,13862.015,13863.561,,0.36063434666297933,12699.212,0.0,0,0.564,56.61,42.87,False,100.0,13860.870263158033,0.25,2.7615,1.016774733761935,0.9961495734290299,0.06694560669456066,0.0,0.448,16.86,0.001,0.001,,50.601,51.511,,2720.031,2720.889,,0.002,0.002,,,,0.3607277108198551,0.36819653585440343,,,,,,,,,,0.19999999999999574,54.319,1
uncorrected,5,pipeline,flask,sync_single,3,0.3621220351258374,0.19230769230769232,,0.0004656646222389593,False,0.9999638061755306,0.0005995538287330617,False,False,0.101,0.9201038386600932,21,4.0,0.18410041841004185,5.2331390476216,11088.781473684465,,13860.217,13864.685,,2770.73,2771.72,,0.0,0,{},21,False,-0.01,56.64,0.0,42.66,5,0,12278.46119047619,13860.217,13862.719,13864.685,,0.3606909791829182,12709.68,0.0,0,0.498,56.89,42.86,False,100.0,13860.976842105581,0.25,2.7615,1.016740121766421,0.9961419138986558,0.06694560669456066,0.0,0.448,16.86,0.001,0.001,,50.616,50.738,,2719.905,2721.039,,0.002,0.003,,,,0.36072493713512793,0.3681840020881481,,,,,,,,,,0.20000000000000284,54.321,1
uncorrected,5,pipeline,flask,sync_single,4,0.3621220351258374,0.19230769230769232,,0.0006107020667743823,False,1.0000550623336137,0.0006140942968196803,False,False,0.003,0.9201205774766892,21,4.0,0.16736401673640167,4.763367619047391,11086.752421052599,,13857.691,13861.378,,2770.448,2771.29,,0.0,0,{},21,False,-0.14,56.51,0.0,42.66,5,0,12276.520523809524,13857.691,13860.742,13861.378,,0.36073714397276924,12719.769,0.0,0,0.581,56.63,42.86,False,100.0,13858.440526315748,0.12000000000000455,2.7615,1.016681535798853,0.9963242237668072,0.06694560669456066,0.0,0.365,16.86,0.001,0.001,,50.565,50.719,,2719.905,2720.835,,0.002,0.002,,,,0.3607909555556064,0.3681627868183426,,,,,,,,,,0.20000000000000284,54.324,1
uncorrected,5,pipeline,flask,sync_single,5,0.3621220351258374,0.19230769230769232,,0.00037608941135225393,False,1.0000235371676705,0.000604073424997155,False,False,0.058,0.9200987002398391,21,8.0,0.200836820083682,5.722152380951142,11088.588210526244,,13860.159,13862.289,,2770.653,2771.799,,0.0,0,{},21,False,-0.22,56.43,0.0,42.66,5,0,12278.262095238095,13860.159,13861.603,13862.289,,0.3606855068440145,12702.075,0.0,0,0.597,56.68,42.86,False,100.0,13860.735263157805,0.25,2.7615,1.0168981603877503,0.9961592756699346,0.06694560669456066,0.0,0.415,16.86,0.001,0.001,,50.572,50.744,,2720.031,2721.093,,0.002,0.003,,,,0.3607312242150768,0.3682412313553323,,,,,,,,,,0.20000000000000284,54.312,1
uncorrected,100,stream,flask,sync_single,1,0.3596604805064019,0.8264462809917356,100.0,0.0006699517264685539,False,1.0000717273310131,0.0006106714066785458,False,False,0.003,0.11396238459261758,21,4.0,0.48535564853556484,13.800836190476687,275957.37284210214,276523.38784210215,,,,,,,0.0,0,{},21,False,0.0,57.38,0.0,43.64,100,80,30386.658476190474,30386.463,52463.581,55223.878,,0.35869810650008227,59265.188,0.0,0,0.581,57.5,43.82,True,,278744.8210526284,0.11999999999999744,2.7804,1.0242828545888996,0.9974714470031524,0.2510460251046025,4.0,0.365,16.86,,,,,,,,,,,,,100.0,21,0.3587510599205698,0.3683940636559126,12,12,12.0,202.305,202.409,,28160.126,53000.468,,0.17999999999999972,54.29,1
uncorrected,100,stream,flask,sync_single,2,0.3596604805064019,0.8264462809917356,100.0,9.382481216557714e-05,False,1.0000759754580706,0.0006054097859193073,False,False,0.003,0.11400666270999407,21,4.0,0.502092050209205,14.285638095250416,275995.12831579166,276561.1433157917,,,,,,,0.0,0,{},21,False,0.14,57.52,-0.02,43.62,100,80,30402.943523809525,30401.52,52482.875,55240.116,,0.35859940379770583,59157.473000000005,0.0,0,0.58,57.64,43.79,True,,278782.95789473905,0.11999999999999744,2.7804,1.02632371068348,0.9973349952940108,0.2510460251046025,4.0,0.365,16.86,,,,,,,,,,,,,100.0,21,0.35870198363329403,0.36912807893953387,12,12,12.0,202.126,202.409,,28177.375,53016.022,,0.1700000000000017,54.182,1
uncorrected,100,stream,flask,sync_single,3,0.3596604805064019,0.8264462809917356,100.0,0.00016332795881046636,False,0.9998718065481095,0.0006127538777470804,False,False,0.079,0.11397556173554428,21,4.0,0.502092050209205,14.28365333332511,275984.12368421204,276550.13868421206,,,,,,,0.0,0,{},21,False,0.06,57.44,0.0,43.64,100,80,30393.122571428572,30391.967,52473.715,55231.754,,0.3586470777157955,59258.911,0.0,0,0.58,57.69,43.81,True,,278771.8421052647,0.25,2.7804,1.0244047897559887,0.997374763176446,0.2514644351464435,4.0,0.381,16.86,,,,,,,,,,,,,100.0,21,0.3587162865689994,0.3684379189166985,12,12,12.0,202.203,202.44,,28168.024,53009.396,,0.1700000000000017,54.283,1
uncorrected,100,stream,flask,sync_single,4,0.3596604805064019,0.8264462809917356,100.0,0.0005182807178178983,False,1.0000192640439711,0.0006114364992455909,False,False,0.003,0.11398798597648019,21,8.0,0.48535564853556484,13.811285714293172,275974.1142631545,276540.1292631545,,,,,,,0.0,0,{},21,False,0.17,57.55,-0.02,43.62,100,80,30395.482761904765,30393.971,52473.222,55236.135,,0.3586520225112938,59110.251,0.0,0,0.563,57.55,43.8,True,,278761.73157894396,0.0,2.7804,1.0272218809881275,0.9974109373806227,0.2510460251046025,4.0,0.364,16.86,,,,,,,,,,,,,100.0,21,0.35872929700065553,0.36945111530287994,12,12,12.0,202.244,202.454,,28172.617,53008.956,,0.17999999999999972,54.134,1
uncorrected,100,stream,flask,sync_single,5,0.3596604805064019,0.8264462809917356,100.0,0.00022847852578844474,False,0.9999731268028903,0.0005950277730574138,False,False,0.003,0.11397544311788615,21,4.0,0.48535564853556484,13.809584761901144,275961.25468420406,276527.2696842041,,,,,,,0.0,0,{},21,False,0.05,57.43,0.01,43.65,100,80,30390.78661904762,30389.508,52469.285,55228.168,,0.35868590372335685,59099.155000000006,0.0,0,0.514,57.68,43.82,True,,278748.74210525665,0.25,2.7804,1.0274266876452847,0.9974574159513552,0.23430962343096234,4.0,0.381,16.86,,,,,,,,,,,,,100.0,21,0.3587460135057384,0.369524776163604,12,12,12.0,202.014,202.367,,28166.634,53003.516,,0.1700000000000017,54.124,1
uncorrected,10,stream,flask,sync_single,1,0.3596604805064019,0.3225806451612903,100.0,0.00015232091954175964,False,1.000177465091125,0.0006111956958327118,False,False,0.01,0.7976373637463864,21,4.0,0.48535564853556484,13.80740380950946,25087.560631578624,25653.575631578624,,,,,,,0.0,0,{},21,False,0.0,57.65,0.0,43.67,10,0,21308.364857142857,27869.704,27876.065,27876.215,,0.3586922869253102,26366.529,0.0,0,0.564,57.77,43.84,False,,27875.067368420692,0.12000000000000455,2.7804,1.0248157363369685,0.9974505041555093,0.2510460251046025,4.0,0.382,16.85,,,,,,,,,,,,,100.0,21,0.3587435276059233,0.3685857201614762,12,12,12.0,202.212,202.338,,25647.469,25652.485,,0.1700000000000017,54.261,1
uncorrected,10,stream,flask,sync_single,2,0.3596604805064019,0.3225806451612903,100.0,0.0007273782986145783,False,1.0000783668321578,0.0006211096534042815,False,False,0.015,0.7976196736835212,21,8.0,0.48535564853556484,13.812297142843207,25085.095578947446,25651.110578947446,,,,,,,0.0,0,{},21,False,-0.21,57.44,-0.02,43.65,10,0,21305.898666666668,27869.875,27874.737,27876.026,,0.35872716922082176,26372.374,0.0,0,0.564,57.69,43.82,False,,27872.32842105272,0.25,2.7804,1.024768209166313,0.9975485212422688,0.2175732217573222,4.0,0.365,16.85,,,,,,,,,,,,,100.0,21,0.3587787804784451,0.3685686265164411,12,12,12.0,202.254,202.415,,25644.111,25651.31,,0.1700000000000017,54.264,1
uncorrected,10,stream,flask,sync_single,3,0.3596604805064019,0.3225806451612903,100.0,0.00034388003679775014,False,1.0000137624186358,0.0006230456291618802,False,False,0.001,0.7976009690503607,21,8.0,0.48535564853556484,13.808186666685199,25092.12884210568,25658.14384210568,,,,,,,0.0,0,{},21,False,-0.38,57.27,-0.03,43.64,10,0,21311.31557142857,27877.264,27883.672,27883.926,,0.358664783809636,26374.600000000002,0.0,0,0.614,57.52,43.81,False,,27880.1431578952,0.25,2.7804,1.0245349215430195,0.9972689107992031,0.2510460251046025,4.0,0.365,16.85,,,,,,,,,,,,,100.0,21,0.3586782156521375,0.3684847221777512,12,12,12.0,202.17,202.42,,25652.216,25658.582,,0.1700000000000017,54.276,1
uncorrected,10,stream,flask,sync_single,4,0.3596604805064019,0.3225806451612903,100.0,0.00016503601724882078,False,1.000058996148485,0.0006222621303296086,False,False,0.001,0.7976307401817506,21,4.0,0.48535564853556484,13.807234285715301,25089.748578947605,25655.763578947604,,,,,,,0.0,0,{},21,False,-0.21,57.44,-0.03,43.64,10,0,21310.17814285714,27874.887,27881.661,27881.711,,0.3586761643005925,26381.969999999998,0.0,0,0.597,57.56,43.81,False,,27877.498421052893,0.12000000000000455,2.7804,1.024472817158852,0.9973635216495113,0.2510460251046025,4.0,0.382,16.85,,,,,,,,,,,,,100.0,21,0.35871224343602043,0.3684623856851,12,12,12.0,202.274,202.366,,25649.316,25655.916,,0.1700000000000017,54.28,1
uncorrected,10,stream,flask,sync_single,5,0.3596604805064019,0.3225806451612903,100.0,0.0004116426206568491,False,0.9999915619370334,0.0006129836724271644,False,False,0.017,0.7975769649391193,21,4.0,0.48535564853556484,13.810746666664874,25089.111947368543,25655.126947368542,,,,,,,0.0,0,{},21,False,-0.09,57.56,-0.03,43.64,10,0,21308.134285714284,27874.894,27877.989,27878.129,,0.35869954827633216,26386.604,0.0,0,0.597,57.69,43.81,False,,27876.791052631714,0.12999999999999545,2.7804,1.0243829744895407,0.997388829564555,0.2510460251046025,4.0,0.365,16.85,,,,,,,,,,,,,100.0,21,0.35872134569290565,0.3684300728274855,12,12,12.0,202.1,202.371,,25650.612,25656.708,,0.1700000000000017,54.284,1
uncorrected,1,stream,flask,sync_single,1,0.3596604805064019,0.045454545454545456,100.0,4.04234791983038e-05,False,1.0000172350848684,0.000617950321375507,False,False,0.018,0.999917452171814,21,8.0,0.48535564853556484,13.810622857140732,0.0,566.015,,,,,,,0.0,0,{},21,False,0.0,57.24,0.0,43.63,1,0,2789.332619047619,2789.273,2790.407,2790.924,,0.35847232167420756,1265.8,0.0,0,0.581,57.49,43.8,False,,2789.483315789479,0.25,2.7804,1.0243443097855462,0.9967437282244836,0.2510460251046025,4.0,0.332,16.84,,,,,,,,,,,,,100.0,21,0.35848932823496027,0.3684161666614682,12,12,12.0,202.004,202.19,,566.015,568.153,,0.1699999999999946,54.286,1
uncorrected,1,stream,flask,sync_single,2,0.3596604805064019,0.045454545454545456,100.0,0.0005314981301913768,False,0.9999912922293072,0.0006143047567739494,False,False,0.001,0.9998839783773376,21,4.0,0.48493723849372383,13.812757904761215,0.0,566.015,,,,,,,0.0,0,{},21,False,0.31,57.55,0.02,43.65,1,0,2789.469095238095,2789.596,2790.447,2791.278,,0.3584563355204392,1262.68,0.0,0,0.497,57.8,43.82,False,,2789.702315789423,0.25,2.7804,1.0243538030121782,0.9966654808519272,0.23430962343096234,4.0,0.414,16.84,,,,,,,,,,,,,100.0,21,0.35846118574734825,0.36841958099992017,12,12,12.0,202.029,202.176,,566.304,567.728,,0.1700000000000017,54.286,1
uncorrected,1,stream,flask,sync_single,3,0.3596604805064019,0.045454545454545456,100.0,0.00017946917001110396,False,1.000035083820025,0.0005957901697163108,False,False,0.001,0.9999239851770085,21,8.0,0.4869747899159664,13.807558380953369,0.0,566.015,,,,,,,0.0,0,{},21,False,0.17,57.41,0.05,43.68,1,0,2789.4456666666665,2788.807,2789.773,2790.099,,0.35846027284283316,1066.3400000000001,0.0,0,0.531,57.53,43.84,False,,2789.0682105263345,0.12000000000000455,2.7804,1.028086969916494,0.9968920765388171,0.25252100840336134,4.0,0.415,16.84,,,,,,,,,,,,,100.0,21,0.35854268326097577,0.36976225360253706,12,12,12.0,202.016,202.141,,565.951,566.91,,0.1600000000000037,54.089,1
uncorrected,1,stream,flask,sync_single,4,0.3596604805064019,0.045454545454545456,100.0,0.0003596509999469477,False,1.0000899629506246,0.0006164609063549266,False,False,0.019,0.9999052137484672,21,4.0,0.48535564853556484,13.809184761907783,4.547473508864641e-13,566.0150000000004,,,,,,,0.0,0,{},21,False,0.07,57.31,0.01,43.64,1,0,2789.8775714285716,2789.598,2790.778,2792.376,,0.35840219334675616,1252.668,0.0,0,0.597,57.56,43.82,False,,2790.017105263121,0.25,2.7804,1.0243801303282016,0.9965530299993579,0.2510460251046025,4.0,0.381,16.84,,,,,,,,,,,,,100.0,21,0.35842074161967985,0.3684290498950516,12,12,12.0,202.095,202.172,,565.937,569.533,,0.17999999999999972,54.285,1
uncorrected,1,stream,flask,sync_single,5,0.3596604805064019,0.045454545454545456,100.0,0.00015019586870801405,False,1.0000780638802105,0.0006112530209945376,False,False,0.024,0.999926449652419,21,4.0,0.48739495798319327,13.801668571437144,0.0,566.015,,,,,,,0.0,0,{},21,False,0.06,57.3,0.01,43.64,1,0,2789.9908571428573,2789.519,2791.223,2793.234,,0.35838751272675995,1106.954,0.0,0,0.53,57.55,43.81,False,,2789.746736842158,0.25,2.7804,1.0270944789201035,0.996649610977684,0.25210084033613445,4.0,0.365,16.84,,,,,,,,,,,,,100.0,21,0.3584554779807524,0.36940529381387693,12,12,12.0,202.087,202.182,,566.344,567.425,,0.1700000000000017,54.141,1
uncorrected,25,stream,flask,sync_single,1,0.3596604805064019,0.5434782608695652,100.0,0.0003277417514626624,False,1.00001285190188,0.000610497613462915,False,False,0.003,0.4433110071401996,21,8.0,0.5200836820083682,14.755110333331604,66906.166736843,67472.181736843,,,,,,,0.0,0,{},21,False,0.0,57.56,0.0,43.64,25,6,29557.906952380952,29556.974,50970.134,53645.895,,0.35867592476536514,57509.793000000005,0.0,0,0.581,57.68,43.83,True,,69693.92368421146,0.11999999999999744,2.7804,1.0243580982983493,0.997360979630809,0.23430962343096234,4.0,0.382,16.85,,,,,,,,,,,,,100.0,21,0.35871132917235254,0.3684211258446084,12,12,12.0,202.06,202.311,,27332.396,51422.354,,0.18999999999999773,54.286,1
uncorrected,25,stream,flask,sync_single,2,0.3596604805064019,0.5434782608695652,100.0,0.0004222372730834367,False,1.0000874914497502,0.000621235682368288,False,False,0.001,0.4434075257502242,21,4.0,0.48535564853556484,13.783072380950516,66901.28463157912,67467.29963157912,,,,,,,0.0,0,{},21,False,-0.26,57.3,-0.02,43.62,25,6,29562.54433333333,29564.453,50970.03,53648.543,,0.35865588527127107,57412.452000000005,0.0,0,0.531,57.43,43.8,True,,69688.83815789492,0.13000000000000256,2.7804,1.0262045897235728,0.9974337618100374,0.26778242677824265,4.0,0.431,16.85,,,,,,,,,,,,,100.0,21,0.3587375060459061,0.36908523583785524,12,12,12.0,202.172,202.366,,27338.25,51423.299,,0.17999999999999972,54.188,1
uncorrected,25,stream,flask,sync_single,3,0.3596604805064019,0.5434782608695652,100.0,9.144836371810516e-05,False,1.000031295097746,0.0006126965417892771,False,False,0.003,0.4432470991764219,21,8.0,0.48535564853556484,13.812883809517924,66903.9764210542,67469.9914210542,,,,,,,0.0,0,{},21,False,-0.17,57.39,-0.01,43.63,25,6,29552.54280952381,29550.738,50962.689,53639.292,,0.35870292269158605,57506.166,0.0,0,0.598,57.64,43.8,True,,69691.6421052648,0.25,2.7804,1.0244258118443061,0.9973936314344491,0.2510460251046025,4.0,0.332,16.85,,,,,,,,,,,,,100.0,21,0.3587230727357391,0.36844547973108405,12,12,12.0,202.109,202.353,,27327.95,51414.877,,0.1699999999999946,54.282,1
uncorrected,25,stream,flask,sync_single,4,0.3596604805064019,0.5434782608695652,100.0,5.270900846277016e-05,False,1.0001568551094318,0.0006095665732278104,False,False,0.001,0.44336156403390214,21,8.0,0.502092050209205,14.28900952380943,66901.91747368494,67467.93247368494,,,,,,,0.0,0,{},21,False,-0.12,57.44,-0.02,43.62,25,6,29559.354571428572,29556.205,50971.918,53645.409,,0.35867537266709626,57508.568,0.0,0,0.597,57.56,43.79,True,,69689.49736842181,0.12000000000000455,2.7804,1.0243856591519616,0.9974243268325946,0.26778242677824265,4.0,0.332,16.85,,,,,,,,,,,,,100.0,21,0.3587341126573855,0.36843103839446173,12,12,12.0,202.101,202.384,,27333.55,51422.939,,0.1700000000000017,54.284,1
uncorrected,25,stream,flask,sync_single,5,0.3596604805064019,0.5434782608695652,100.0,0.0004542144214925159,False,1.0000500237284142,0.0006063790996470221,False,False,0.055,0.44335027863544696,21,4.0,0.48535564853556484,13.823388571427564,66903.26273684332,67469.27773684332,,,,,,,0.0,0,{},21,False,-0.01,57.55,0.0,43.64,25,6,29559.355142857145,29560.807,50970.461,53649.478,,0.35867036150365766,57399.924,0.0,0,0.547,57.68,43.82,True,,69690.89868421179,0.13000000000000256,2.7804,1.02644549209589,0.9974042710364307,0.2510460251046025,4.0,0.398,16.85,,,,,,,,,,,,,100.0,21,0.3587268993801002,0.369171878900838,12,12,12.0,202.192,202.42,,27335.804,51424.272,,0.17999999999999972,54.175,1
uncorrected,50,stream,flask,sync_single,1,0.3596604805064019,0.704225352112676,100.0,0.00016552900246047386,False,1.0000539253027005,0.0006109341904326385,False,False,0.003,0.22583587639607805,21,4.0,0.48535564853556484,13.807563809522046,136603.42757894844,137169.44257894845,,,,,,,0.0,0,{},21,False,0.0,57.65,0.0,43.64,50,30,30113.551428571427,30115.288,51970.735,54704.46,,0.3586639075184097,58672.17,0.0,0,0.481,57.77,43.8,True,,139391.25263158005,0.12000000000000455,2.7804,1.0244597556218533,0.9973366145681948,0.2510460251046025,4.0,0.464,16.85,,,,,,,,,,,,,100.0,21,0.3587025660222251,0.36845768796642686,12,12,12.0,202.197,202.354,,27890.061,52479.045,,0.1599999999999966,54.28,1
uncorrected,50,stream,flask,sync_single,2,0.3596604805064019,0.704225352112676,100.0,5.26660602520046e-05,False,1.0000435885323584,0.0006109662909227222,False,False,0.001,0.22585510735815548,21,8.0,0.48739495798319327,13.80793714284318,136598.75710526397,137164.77210526398,,,,,,,0.0,0,{},21,False,0.0,57.65,0.01,43.65,50,30,30115.18238095238,30114.316,51974.022,54705.642,,0.35864734787977776,58504.31,0.0,0,0.613,57.77,43.82,True,,139386.4868421061,0.12000000000000455,2.7804,1.0276494969435181,0.9973707146911505,0.25210084033613445,4.0,0.381,16.85,,,,,,,,,,,,,100.0,21,0.3587148304888327,0.369604911862868,12,12,12.0,202.243,202.351,,27888.543,52480.139,,0.1700000000000017,54.112,1
uncorrected,50,stream,flask,sync_single,3,0.3596604805064019,0.704225352112676,100.0,0.0003562139581445578,False,1.000054706112449,0.0006110387027626917,False,False,0.001,0.22585005830419622,21,8.0,0.48535564853556484,13.80388380952354,136585.91652631358,137151.9315263136,,,,,,,0.0,0,{},21,False,-0.22,57.43,0.0,43.64,50,30,30111.68604761905,30112.334,51967.378,54697.636,,0.3586929164936925,58572.862,0.0,0,0.547,57.68,43.8,True,,139373.38421052406,0.25,2.7804,1.02632922601291,0.9974644785119786,0.2510460251046025,4.0,0.398,16.86,,,,,,,,,,,,,100.0,21,0.35874855362968583,0.3691300625855668,12,12,12.0,202.232,202.334,,27886.637,52472.492,,0.1599999999999966,54.181,1
uncorrected,50,stream,flask,sync_single,4,0.3596604805064019,0.704225352112676,100.0,0.0005000610212286816,False,1.0000593006663956,0.0006076199424534894,False,False,0.003,0.22584185033512252,21,4.0,0.48535564853556484,13.815222857152722,136567.85615789559,137133.8711578956,,,,,,,0.0,0,{},21,False,-0.13,57.52,0.02,43.66,50,30,30106.57480952381,30107.395,51958.359,54690.87,,0.3587570154907533,58665.740999999995,0.0,0,0.597,57.52,43.83,True,,139354.95526315877,0.0,2.7804,1.0245886355110467,0.9975963878534048,0.23430962343096234,4.0,0.365,16.86,,,,,,,,,,,,,100.0,21,0.35879599620680647,0.3685040409693018,12,12,12.0,202.065,202.342,,27883.358,52467.324,,0.1700000000000017,54.273,1
uncorrected,50,stream,flask,sync_single,5,0.3596604805064019,0.704225352112676,100.0,4.721548365471673e-05,False,1.0000125865465013,0.0006160002254840431,False,False,0.049,0.22585340174784005,21,4.0,0.48535564853556484,13.80128380951993,136591.38905263372,137157.40405263373,,,,,,,0.0,0,{},21,False,-0.01,57.64,0.02,43.66,50,30,30113.26480952381,30110.051,51970.401,54703.885,,0.3586753989574515,58675.202,0.0,0,0.597,57.64,43.84,True,,139378.96842105483,0.0,2.7804,1.024415031088898,0.9974245151537471,0.23430962343096234,4.0,0.448,16.86,,,,,,,,,,,,,100.0,21,0.35873418038906163,0.3684416023194137,12,12,12.0,202.052,202.343,,27887.546,52477.965,,0.18000000000000682,54.283,1
uncorrected,5,stream,flask,sync_single,1,0.3596604805064019,0.19230769230769232,100.0,0.0003442735624867854,False,1.0000458129614351,0.000612110407754082,False,False,0.003,0.9201566614360484,21,4.0,0.48739495798319327,13.812878095244134,11148.29157894756,11714.306578947559,,,,,,,0.0,0,{},21,False,0.0,57.55,0.0,43.63,5,0,12345.116142857143,13935.341,13937.951,13938.197,,0.3587393791888154,12322.346,0.0,0,0.58,57.55,43.8,False,,13935.364473684449,0.0,2.7804,1.0268999762074555,0.9976057695693963,0.25210084033613445,4.0,0.365,16.85,,,,,,,,,,,,,100.0,21,0.35879937043928795,0.36933533887478615,12,12,12.0,202.028,202.389,,11710.603,11714.187,,0.1699999999999946,54.151,1
uncorrected,5,stream,flask,sync_single,2,0.3596604805064019,0.19230769230769232,100.0,0.0005080106020096675,False,1.0000565531144114,0.0006191252482699046,False,False,0.015,0.9200341884773356,21,4.0,0.4686192468619247,13.330060952378389,11150.14021052622,11716.15521052622,,,,,,,0.0,0,{},21,False,-0.02,57.53,-0.01,43.62,5,0,12345.408333333333,13935.802,13939.838,13939.916,,0.358709145805701,12457.198999999999,0.0,0,0.498,57.65,43.8,False,,13937.675263157775,0.11999999999999744,2.7804,1.024338058233563,0.9974403720502747,0.2510460251046025,4.0,0.431,16.85,,,,,,,,,,,,,100.0,21,0.3587398834880861,0.36841391822527797,12,12,12.0,202.054,202.349,,11711.844,11716.279,,0.17999999999999972,54.287,1
uncorrected,5,stream,flask,sync_single,3,0.3596604805064019,0.19230769230769232,100.0,4.4669163261179534e-05,False,0.999895089003387,0.0006111802319078004,False,False,0.002,0.920048565738403,21,4.0,0.502092050209205,14.271939047615716,11150.85431578949,11716.869315789489,,,,,,,0.0,0,{},21,False,0.09,57.64,0.01,43.64,5,0,12346.517714285714,13936.119,13941.94,13942.624,,0.3586853428304284,12436.203000000001,0.0,0,0.564,57.77,43.82,False,,13938.567894736861,0.13000000000000256,2.7804,1.0246504458647543,0.9973764955615944,0.2510460251046025,4.0,0.398,16.85,,,,,,,,,,,,,100.0,21,0.3587169096394743,0.36852627171081653,12,12,12.0,202.057,202.355,,11711.96,11718.136,,0.17999999999999972,54.27,1
uncorrected,5,stream,flask,sync_single,4,0.3596604805064019,0.19230769230769232,100.0,0.00033086278176519546,False,0.9998684973468794,0.0006076743442865652,False,False,0.003,0.9200536396400073,21,8.0,0.48535564853556484,13.81259238094485,11150.041473684005,11716.056473684004,,,,,,,0.0,0,{},21,False,-0.15,57.4,0.06,43.69,5,0,12345.641714285714,13935.869,13939.947,13940.039,,0.3587219988267545,12452.099,0.0,0,0.564,57.65,43.86,False,,13937.551842105006,0.25,2.7804,1.0243818959372486,0.9974492046732624,0.23430962343096234,4.0,0.382,16.85,,,,,,,,,,,,,100.0,21,0.358743060233514,0.36842968491484984,12,12,12.0,202.134,202.42,,11712.015,11716.669,,0.1700000000000017,54.284,1
uncorrected,5,stream,flask,sync_single,5,0.3596604805064019,0.19230769230769232,100.0,0.0005271212695476812,False,1.0000159370076163,0.0006128385247519626,False,False,0.02,0.9200653808535135,21,4.0,0.5,14.282428571421493,11150.72947368447,11716.74447368447,,,,,,,0.0,0,{},21,False,0.09,57.64,0.0,43.63,5,0,12346.782,13936.608,13940.872,13942.612,,0.35867313069820467,12354.009,0.0,0,0.564,57.77,43.79,False,,13938.411842105588,0.13000000000000256,2.7804,1.026136111246925,0.9973876620580551,0.25,4.0,0.381,16.85,,,,,,,,,,,,,100.0,21,0.3587209257869569,0.36906060683603975,12,12,12.0,202.129,202.336,,11713.012,11716.945,,0.1599999999999966,54.192,1
uncorrected,100,inference,tornado,async,1,34.746351633078525,0.04777992277992278,,4.7548459971791246e-05,False,0.9998213765023011,0.0006207186596115874,False,False,0.068,1.0002175203329635,1973,28.0,17.25439330543933,5.228033111055606,8.276002137691648,,,,,,,,0.0,0,{},1972,False,0.0,55.59,0.0,43.55,99,0,2887.071187024835,2886.856,2888.2788,2889.0933999999997,2890.898,32.958340712624626,2878.6589999999997,0.9813338407268151,34,0.498,60.59,48.7,False,,2886.2760021376916,5.0,2.878,0.9962106190841025,0.9971326366114808,5.205020920502092,8.0,0.415,19.12,,,,,,,,,,,,,,,34.64672121652122,34.61468447130307,,,,,,,,,,5.150000000000006,54.081,1
uncorrected,100,inference,tornado,async,2,34.746351633078525,0.04777992277992278,,0.0006196915841740758,False,0.9999880912676349,0.0006003274326149248,False,False,0.025,0.9999993777718335,1973,28.0,17.37196652719665,5.263601217545358,8.926723677549944,,,,,,,,0.0,0,{},1972,False,-0.25,55.34,-0.03,43.52,99,0,2887.086750633553,2886.886,2888.277,2889.1436,2890.63376,32.962155922237635,2882.1569999999997,0.9815550860503669,34,0.564,60.46,48.64,False,,2886.92672367755,5.119999999999997,2.878,0.9961963312688928,0.9969078800634821,5.205020920502092,8.0,0.382,19.12,,,,,,,,,,,,,,,34.63891174647262,34.61418802185173,,,,,,,,,,5.119999999999997,54.082,1
uncorrected,100,inference,tornado,async,3,34.746351633078525,0.04775687409551375,,0.000489580621021446,False,1.0000774881939003,0.0006578376905396769,False,False,0.016,1.0000918943345083,1974,32.0,17.390376569037656,5.266381113026094,8.712553418664356,,,,,,,,0.0,0,{},1973,False,0.0,55.59,-0.01,43.54,99,0,2887.1382284701112,2886.915,2888.3617,2889.2652,2891.4572,32.96004886329501,2850.8900000000003,0.981482268162346,34,0.564,60.59,48.7,False,,2886.7125534186644,5.0,2.878,0.9966008182107067,0.9969818424046598,5.205020920502092,8.0,0.365,19.12,,,,,,,,,,,,,,,34.64148166798679,34.62824246736298,,,,,,,,,,5.160000000000004,54.089,1
uncorrected,100,inference,tornado,async,4,34.746351633078525,0.0472972972972973,,8.387141007037968e-05,False,0.9998276474085117,0.0006093639409873096,False,False,0.001,1.000093105057324,1974,28.1,17.323012552301254,5.248494643509585,8.74714056678431,,,,,,,,0.0,0,{},1972,False,0.0,55.59,-0.01,43.54,98,0,2887.1819103343464,2886.9365,2888.5613,2889.4187,2891.84853,32.96320357436412,2855.3700000000003,0.9526265563870389,33,0.547,60.59,48.7,False,,2886.7471405667843,5.0,2.878,0.9960982934441326,0.9969698972092628,5.239748953974895,8.0,0.398,19.12,,,,,,,,,,,,,,,34.641066616027196,34.61078156511927,,,,,,,,,,5.160000000000004,54.087,1
uncorrected,100,inference,tornado,async,5,34.746351633078525,0.0482392667631452,,0.00029033884195772686,False,0.9999173510408711,0.0006028359032962574,False,False,0.001,1.000042417942081,1973,28.0,17.141004184100417,5.19101188798821,8.701976495505278,,,,,,,,0.0,0,{},1973,False,-0.01,55.58,-0.01,43.54,100,0,2886.9790932589963,2886.805,2888.2606,2888.9592000000002,2890.6272400000003,32.95923487236599,2881.421,0.9814786720084717,34,0.564,60.71,48.68,False,,2886.7019764955053,5.130000000000003,2.878,0.9967214819978463,0.9969854953624033,5.1543933054393305,8.0,0.365,19.12,,,,,,,,,,,,,,,34.64160859494105,34.63243509374031,,,,,,,,,,5.140000000000001,54.082,1
uncorrected,10,inference,tornado,async,1,3.4746351633078527,0.04830917874396135,,0.0002431475837166852,False,1.000014461230542,0.0005891807432439418,False,False,0.026,1.0002507344922662,197,8.0,1.5397489539748954,4.671155329952359,8.286666666868314,,,,,,,,0.0,0,{},197,False,0.0,55.58,0.0,43.56,10,0,2887.1633654822335,2886.964,2888.0789999999997,2889.4728,2894.66176,3.3109365517467184,2794.6879999999996,0.8658860000000606,3,0.547,56.33,44.34,False,,2886.2866666668683,0.75,2.878,0.9982069110062626,0.9971289523100496,0.502092050209205,4.0,0.414,19.12,,,,,,,,,,,,,,,3.4646593200488174,3.4684048332392723,,,,,,,,,,0.7800000000000011,53.915,1
uncorrected,10,inference,tornado,async,2,3.4746351633078527,0.04807692307692308,,0.00047207565635720705,False,1.000171839922144,0.00061344380534732,False,False,0.001,1.0000525233557538,198,4.0,1.5564853556485356,4.697413939388523,8.698609625376776,,,,,,,,0.0,0,{},198,False,0.0,55.58,0.0,43.56,10,0,2887.020813131313,2886.7775,2888.133,2889.442,2891.24242,3.310827306194597,2680.948,0.8660095828876131,3,0.547,56.33,44.36,False,,2886.698609625377,0.75,2.878,1.0005241687879902,0.9969866581858,0.5188284518828452,4.0,0.398,19.12,,,,,,,,,,,,,,,3.4641648998811676,3.476456458610112,,,,,,,,,,0.7999999999999972,54.078,1
uncorrected,10,inference,tornado,async,3,3.4746351633078527,0.04807692307692308,,0.00036993750590608165,False,1.00005546690473,0.0006127461097832468,False,False,0.027,1.000206186960771,198,8.0,1.5230125523012552,4.596027676765739,8.461657754044154,,,,,,,,0.0,0,{},198,False,0.0,55.58,0.0,43.56,10,0,2887.181131313131,2886.959,2888.4840999999997,2889.04185,2891.73729,3.3112708603081895,2685.104,0.8659384973262133,3,0.547,56.33,44.35,False,,2886.461657754044,0.75,2.878,1.0002930323334098,0.9970685015921437,0.502092050209205,4.0,0.365,19.12,,,,,,,,,,,,,,,3.464449275858734,3.4756533437575046,,,,,,,,,,0.7899999999999991,54.091,1
uncorrected,10,inference,tornado,async,4,3.4746351633078527,0.04830917874396135,,0.00011058425730681165,False,1.000116925012217,0.0006137159531490262,False,False,0.027,1.0001192020653005,197,8.0,1.495798319327731,4.5164560406160925,8.245322580542052,,,,,,,,0.0,0,{},197,False,0.01,55.59,0.01,43.57,10,0,2886.786883248731,2886.63,2887.9744,2888.7968,2890.7123199999996,3.311363028207535,2743.066,0.8658735967741625,3,0.53,56.21,44.35,False,,2886.245322580542,0.6199999999999974,2.878,0.9993918918364858,0.9971432357062532,0.48739495798319327,4.0,0.398,19.12,,,,,,,,,,,,,,,3.4647089496395176,3.472522209299812,,,,,,,,,,0.7800000000000011,53.851,1
uncorrected,10,inference,tornado,async,5,3.4746351633078527,0.04807692307692308,,0.000188836117376745,False,0.999990243649283,0.00060940585893906,False,False,0.001,1.0000417621815578,198,4.0,1.5230125523012552,4.596343636356948,8.762192513202535,,,,,,,,0.0,0,{},198,False,-0.12,55.46,-0.06,43.5,10,0,2887.013424242424,2886.7945,2888.1353,2888.8024,2890.75606,3.3104595618016885,2698.5260000000003,0.8660286577539609,3,0.581,56.21,44.3,False,,2886.7621925132025,0.75,2.878,1.0002423425861273,0.9969646988810067,0.48535564853556484,4.0,0.382,19.12,,,,,,,,,,,,,,,3.464088599308571,3.4754772153791778,,,,,,,,,,0.7999999999999972,54.093,1
uncorrected,1,inference,tornado,async,1,0.34746351633078526,0.047619047619047616,,0.0001984868582021182,False,0.9999606948207741,0.0006216025024801603,False,False,0.02,0.9999677493537013,20,4.0,0.13389121338912133,3.9970040000043814,10.558999999885145,,,,,,,,0.0,0,{},20,False,0.0,55.71,0.0,43.61,1,0,2888.6032,2888.5609999999997,2889.937,2890.2230999999997,,0.34616447009083606,2060.211,0.0,0,0.498,55.83,43.76,False,,2888.558999999885,0.11999999999999744,2.878,1.0111377635869752,0.9963445441135578,0.06694560669456066,0.0,0.348,19.12,,,,,,,,,,,,,,,0.34619337877469,0.35133348283077664,,,,,,,,,,0.14999999999999858,54.08,1
uncorrected,1,inference,tornado,async,2,0.34746351633078526,0.047619047619047616,,0.0008382341694725959,False,1.0000678058915573,0.0006105902566536169,False,False,0.055,0.9999588950590108,20,4.0,0.16736401673640167,4.995058000000427,10.627000000269618,,,,,,,,0.0,0,{},20,False,-0.18,55.53,0.01,43.62,1,0,2888.6876,2888.6620000000003,2889.6074,2890.5218,,0.3461541196124132,2061.7309999999998,0.0,0,0.514,55.65,43.78,False,,2888.6270000002696,0.11999999999999744,2.878,1.0110769710951588,0.99632108956945,0.0502092050209205,0.0,0.382,19.12,,,,,,,,,,,,,,,0.34618522917632033,0.3513123596578036,,,,,,,,,,0.1600000000000037,54.083,1
uncorrected,1,inference,tornado,async,3,0.34746351633078526,0.047619047619047616,,0.00010065158736316526,False,1.0000082860050337,0.0006089756349286713,False,False,0.001,0.999942821131295,20,4.0,0.16736401673640167,5.001829999979236,11.158777777791329,,,,,,,,0.0,0,{},20,False,0.0,55.71,0.0,43.61,1,0,2889.0923,2888.8154999999997,2889.9843,2890.20705,,0.3461053581317095,2057.651,0.0,0,0.481,55.83,43.76,False,,2889.1587777777913,0.11999999999999744,2.878,1.0110000921734734,0.9961377069811395,0.03347280334728033,0.0,0.348,19.12,,,,,,,,,,,,,,,0.3461215104173521,0.3512856470373431,,,,,,,,,,0.14999999999999858,54.087,1
uncorrected,1,inference,tornado,async,4,0.34746351633078526,0.047619047619047616,,0.0002654334606199127,False,1.0001110437628284,0.0006048713828647873,False,False,0.001,0.9999610207886951,20,4.0,0.13389121338912133,3.9947220000176458,10.554277778085634,,,,,,,,0.0,0,{},20,False,0.0,55.71,0.03,43.64,1,0,2888.5822,2888.3945,2889.7128,2889.87355,,0.3461677270627507,2071.964,0.0,0,0.547,55.84,43.79,False,,2888.5542777780856,0.13000000000000256,2.878,1.0109282549554948,0.9963461729421944,0.0502092050209205,0.0,0.365,19.12,,,,,,,,,,,,,,,0.3461939447332156,0.3512606862249808,,,,,,,,,,0.14999999999999858,54.091,1
uncorrected,1,inference,tornado,async,5,0.34746351633078526,0.047619047619047616,,0.0004166359569954814,False,0.9999796267977082,0.0006297087031166858,False,False,0.001,0.9999427226922226,20,4.0,0.1506276150627615,4.5014740000187885,10.991999999739619,,,,,,,,0.0,0,{},20,False,0.0,55.71,0.01,43.62,1,0,2888.9202999999998,2888.58,2890.7118,2890.8003000000003,,0.34612714071320344,2065.128,0.0,0,0.547,55.83,43.78,False,,2888.9919999997396,0.11999999999999744,2.878,1.0109284714540316,0.9961952127248048,0.0502092050209205,0.0,0.382,19.12,,,,,,,,,,,,,,,0.3461414915652553,0.3512607614503237,,,,,,,,,,0.1600000000000037,54.091,1
uncorrected,25,inference,tornado,async,1,8.686587908269631,0.048355899419729204,,0.0003966533614544465,False,1.0000405085429953,0.0006079532718062759,False,False,0.001,1.00010665521176,492,8.1,3.9334728033472803,4.776932646340414,8.369742488994234,,,,,,,,0.0,0,{},492,False,0.0,55.58,0.0,43.5,25,0,2886.8331117886178,2886.6544999999996,2887.8894999999998,2889.27275,2890.48384,8.253716311015202,2797.489,0.9236383175964781,8,0.563,57.21,45.09,False,,2886.3697424889942,1.6300000000000026,2.878,0.998215766466042,0.9971002528311649,1.2728033472803346,4.0,0.414,19.12,,,,,,,,,,,,,,,8.66139899957579,8.671089006828023,,,,,,,,,,1.5900000000000034,53.857,1
uncorrected,25,inference,tornado,async,2,8.686587908269631,0.048355899419729204,,0.00024385113019498306,False,0.9999475273695229,0.0005966813549358158,False,False,0.001,1.0003171365753332,492,8.0,3.9326359832635984,4.775992284551774,7.870547210436598,,,,,,,,0.0,0,{},492,False,-0.24,55.34,0.0,43.5,25,0,2886.9350508130083,2886.7685,2888.2571,2889.0563,2891.05374,8.252430659508386,2844.418,0.9234785751073397,8,0.53,56.84,45.08,False,,2885.8705472104366,1.5,2.878,0.9975036601002637,0.9972727303315652,1.2715481171548118,4.0,0.414,19.12,,,,,,,,,,,,,,,8.662897240545215,8.66490323228165,,,,,,,,,,1.5799999999999983,53.896,1
uncorrected,25,inference,tornado,async,3,8.686587908269631,0.04642166344294004,,0.00011847079595139753,False,0.999907926231114,0.0006169294015723712,False,False,0.001,1.0001623078404034,493,8.1,3.9491596638655464,4.776196430897901,8.29527896984473,,,,,,,,0.0,0,{},492,False,-0.12,55.46,-0.04,43.46,24,0,2886.9487018255577,2886.666,2888.1772,2889.0068,2890.99804,8.252772782762245,2794.724,0.9236144892703503,8,0.547,56.84,45.06,False,,2886.2952789698447,1.3800000000000026,2.878,0.9962210201287537,0.9971259770161821,1.2609243697478991,4.0,0.431,19.12,,,,,,,,,,,,,,,8.66162245497031,8.65376146741447,,,,,,,,,,1.6000000000000014,53.965,1
uncorrected,25,inference,tornado,async,4,8.686587908269631,0.048355899419729204,,0.0002540512150359664,False,1.0000904132164754,0.0006132846340424931,False,False,0.033,1.0002848597340592,492,12.0,3.8493723849372383,4.674222300816036,7.853379828506149,,,,,,,,0.0,0,{},492,False,0.01,55.59,0.06,43.56,25,0,2886.8200101626016,2886.5434999999998,2888.2122,2888.78905,2890.27319,8.253344863140592,2855.529,0.9234730815451219,8,0.513,57.21,45.14,False,,2885.853379828506,1.6199999999999974,2.878,0.997222562700147,0.9972786629135773,1.2552301255230125,4.0,0.414,19.12,,,,,,,,,,,,,,,8.662948774440386,8.66246145500475,,,,,,,,,,1.5799999999999983,53.911,1
uncorrected,25,inference,tornado,async,5,8.686587908269631,0.04816955684007707,,0.0005436051635533401,False,0.9999032887163871,0.0006161304045326248,False,False,0.002,1.0001397116468864,494,8.0,3.933054393305439,4.75694008097208,8.404059829038033,,,,,,,,0.0,0,{},494,False,0.01,55.59,0.03,43.53,25,0,2886.9393522267205,2886.7275,2888.3041,2888.9707,2890.17191,8.25288108380304,2795.766,0.9236492991452921,8,0.564,57.21,45.13,False,,2886.404059829038,1.6199999999999974,2.878,0.9983016539202816,0.9970883980015134,1.288702928870293,4.0,0.381,19.12,,,,,,,,,,,,,,,8.661296021555884,8.671835075749492,,,,,,,,,,1.6000000000000014,54.083,1
uncorrected,50,inference,tornado,async,1,17.373175816539263,0.048216007714561235,,0.000247905995619635,False,1.0001037013576226,0.0006121681670067042,False,False,0.001,1.0000873539655664,987,16.0,8.18326359832636,4.953833959473093,8.393749999986085,,,,,,,,0.0,0,{},987,False,0.0,55.59,0.0,43.55,50,0,2886.7960739614996,2886.666,2888.1224,2888.9186,2890.4184800000003,16.48943672956625,2851.676,0.9813738749999953,17,0.564,58.34,46.32,False,,2886.393749999986,2.75,2.878,0.9971535451269077,0.997091959473656,2.5606694560669454,4.0,0.348,19.12,,,,,,,,,,,,,,,17.322653917193467,17.323723855575185,,,,,,,,,,2.770000000000003,54.088,1
uncorrected,50,inference,tornado,async,2,17.373175816539263,0.048216007714561235,,0.00040529226027929965,False,0.999958247561974,0.0006030909677981953,False,False,0.001,0.9999488997446839,987,16.2,8.13305439330544,4.923708622085756,8.802831196299394,,,,,,,,0.0,0,{},987,False,-0.25,55.34,0.0,43.55,50,0,2886.8058409321175,2886.655,2888.1947999999998,2888.8118999999997,2890.31794,16.491098488854643,2860.429,0.9815129626067418,17,0.514,58.09,46.3,False,,2886.8028311962994,2.75,2.878,0.997128167872348,0.9969506642084554,2.5598326359832635,4.0,0.415,19.12,,,,,,,,,,,,,,,17.320199169709092,17.32328297206998,,,,,,,,,,2.75,54.089,1
uncorrected,50,inference,tornado,async,3,17.373175816539263,0.0472972972972973,,0.00024252210851527511,False,1.0001002301165687,0.0006072605542230921,False,False,0.075,1.000087956448803,987,12.0,8.150627615062762,4.93916674442166,8.408930481364678,,,,,,,,0.0,0,{},986,False,-0.13,55.46,-0.02,43.53,49,0,2886.8479756838906,2886.637,2887.9772,2888.7562,2891.05456,16.48987022574656,2865.851,0.9813790363636641,17,0.514,58.21,46.3,False,,2886.4089304813647,2.75,2.878,0.9961361451936939,0.9970867154710603,2.5606694560669454,4.0,0.415,19.12,,,,,,,,,,,,,,,17.32256281221439,17.306048387659725,,,,,,,,,,2.769999999999996,54.085,1
uncorrected,50,inference,tornado,async,4,17.373175816539263,0.0472972972972973,,0.0002562598343649469,False,0.9998387920693531,0.0005927172816717409,False,False,0.001,1.0000436503117838,987,12.1,8.184518828451884,4.95936658620871,8.580855614894062,,,,,,,,0.0,0,{},986,False,0.0,55.59,0.01,43.56,49,0,2886.8751945288755,2886.7,2888.1816,2888.9219,2890.1338800000003,16.49186434879023,2859.5190000000002,0.981437490909064,17,0.531,58.34,46.32,False,,2886.580855614894,2.75,2.878,0.9961732339267793,0.9970273288557975,2.577405857740586,4.0,0.398,19.12,,,,,,,,,,,,,,,17.32153107810628,17.30669273674043,,,,,,,,,,2.759999999999998,54.083,1
uncorrected,50,inference,tornado,async,5,17.373175816539263,0.0472972972972973,,0.00027991940476745913,False,0.9999350689572558,0.0006092329266859046,False,False,0.001,0.9999911448983684,987,12.1,8.117573221757322,4.919180779919484,8.68593582896392,,,,,,,,0.0,0,{},986,False,0.0,55.59,-0.03,43.52,49,0,2886.842938196555,2886.684,2888.0337999999997,2888.7744,2890.55494,16.49074427606368,2848.709,0.9814732181818479,17,0.498,58.34,46.29,False,,2886.685935828964,2.75,2.878,0.9962033347156442,0.9969910353872737,2.5606694560669454,4.0,0.431,19.12,,,,,,,,,,,,,,,17.320900545296624,17.307215683037597,,,,,,,,,,2.769999999999996,54.081,1
uncorrected,5,inference,tornado,async,1,1.7373175816539264,0.04807692307692308,,0.00025822270856123986,False,0.9999181183645386,0.0006747437291942151,False,False,0.045,1.000191941788215,99,8.0,0.7698744769874477,4.645237575759617,8.79295698911801,,,,,,,,0.0,0,{},99,False,0.0,55.59,0.0,43.56,5,0,2887.484393939394,2887.259,2888.68,2890.0429,,1.6634906008637915,2648.578,0.5773585913978236,1,0.58,55.96,44.06,False,,2886.792956989118,0.36999999999999744,2.878,1.0007007131055838,0.9969540742546743,0.2510460251046025,4.0,0.365,19.12,,,,,,,,,,,,,,,1.7320258413041596,1.7385349428519525,,,,,,,,,,0.5,54.069,1
uncorrected,5,inference,tornado,async,2,1.7373175816539264,0.04807692307692308,,0.0001850514761596589,False,0.9998887056249256,0.0006237653974913969,False,False,0.001,1.00015059346501,99,4.0,0.7899159663865546,4.750615757589601,8.833602150477418,,,,,,,,0.0,0,{},99,False,-0.02,55.57,0.01,43.57,5,0,2887.5484646464647,2887.466,2888.6389999999997,2890.8087,,1.6635372224098695,2340.3740000000003,0.5773667204300954,1,0.546,56.07,44.06,False,,2886.8336021504774,0.5,2.878,1.0063481719686944,0.9969400376440483,0.25210084033613445,4.0,0.463,19.12,,,,,,,,,,,,,,,1.7320014552537322,1.7483463724265016,,,,,,,,,,0.490000000000002,53.765,1
uncorrected,5,inference,tornado,async,3,1.7373175816539264,0.04807692307692308,,0.00025091710688018853,False,1.0000238072957701,0.0006489385752261354,False,False,0.015,0.9998906977228227,99,7.9,0.7861924686192469,4.745553212125392,9.407419355010461,,,,,,,,0.0,0,{},99,False,0.0,55.59,0.01,43.57,5,0,2887.250727272727,2887.055,2888.5724,2889.6456,,1.6638861624439991,2679.899,0.5774814838710021,1,0.564,56.09,44.06,False,,2887.4074193550105,0.5,2.878,1.000321368640288,0.9967419148084367,0.2510460251046025,4.0,0.382,19.12,,,,,,,,,,,,,,,1.7316572529680971,1.737875901042891,,,,,,,,,,0.490000000000002,54.089,1
uncorrected,5,inference,tornado,async,4,1.7373175816539264,0.04807692307692308,,0.0002446291348592311,False,1.0001260360565236,0.0006266489415804072,False,False,0.003,0.999969032539453,99,8.0,0.7531380753138075,4.548147474741917,9.640752688316752,,,,,,,,0.0,0,{},99,False,0.0,55.59,0.01,43.57,5,0,2887.7193333333335,2887.343,2889.078,2890.6776,,1.6637437418378342,2671.848,0.5775281505376634,1,0.481,55.96,44.06,False,,2887.6407526883168,0.36999999999999744,2.878,1.0003232251621685,0.9966613739332563,0.2510460251046025,4.0,0.431,19.12,,,,,,,,,,,,,,,1.7315173278896043,1.7378791264109945,,,,,,,,,,0.490000000000002,54.089,1
uncorrected,5,inference,tornado,async,5,1.7373175816539264,0.04807692307692308,,0.00011265408324812043,False,1.00008883884457,0.0006137824755542243,False,False,0.001,1.0001287983946061,99,8.0,0.7866108786610879,4.7471818181884835,8.923870967728817,,,,,,,,0.0,0,{},99,False,-0.12,55.47,0.02,43.58,5,0,2887.4539292929294,2887.34,2888.5214,2889.2297,,1.6635817728327231,2668.249,0.5773847741935457,1,0.564,55.85,44.07,False,,2886.923870967729,0.38000000000000256,2.878,1.0002870756281255,0.9969088651566217,0.2510460251046025,4.0,0.365,19.12,,,,,,,,,,,,,,,1.7319472987432623,1.737816323189933,,,,,,,,,,0.490000000000002,54.091,1
uncorrected,100,pipeline,tornado,async,1,36.21220351258374,0.04596100278551532,,0.0001012801070938707,False,1.0001758554146902,0.0006757643718253514,False,False,0.001,1.00014063650906,2055,32.0,21.558995815899582,6.271259676728739,12.278341014102352,,2773.927,2778.3609,2781.62498,2770.56,2774.2678,2776.7371200000002,0.0,0,{},2054,False,0.0,55.59,0.0,43.55,99,0,2774.33660729927,2773.927,2777.1440000000002,2778.3609,2781.62498,34.34038897451654,2765.411,0.9430846359447947,34,0.613,61.09,49.07,False,100.0,2773.7783410141024,5.5,2.7615,0.9946488434123227,0.9955734238628406,5.857740585774058,8.0,0.431,19.15,0.001,0.001,0.001,51.385,52.7135,53.73668,2718.946,2722.454,2724.87824,0.002,0.003,0.003,,,36.05190743664098,36.01842634120307,,,,,,,,,,5.520000000000003,54.25,1
uncorrected,100,pipeline,tornado,async,2,36.21220351258374,0.04640371229698376,,2.56139339289696e-05,False,0.9998892768985245,0.0006886518731304378,False,False,0.001,1.0001937517650608,2055,40.0,21.689958158995815,6.30626309391857,12.582855680721877,,2774.136,2779.3193,2787.3734200000004,2770.749,2775.2787,2781.2592,0.0,0,{},2055,False,0.0,55.59,0.08,43.63,100,0,2774.8036827250608,2774.136,2777.8106,2779.3193,2787.3734200000004,34.38045765349787,2674.147,0.887706513817831,32,0.53,60.84,49.18,False,100.0,2774.082855680722,5.25,2.7615,0.9947205265619454,0.9954641384791536,5.791213389121339,8.0,0.447,19.16,0.001,0.001,0.001,51.386,52.8125,53.93122,2719.244,2723.3381,2727.7868599999997,0.002,0.002,0.003,,,36.04794997208595,36.02102214600563,,,,,,,,,,5.549999999999997,54.274,1
uncorrected,100,pipeline,tornado,async,3,36.21220351258374,0.04549675023212628,,5.393211687265698e-05,False,0.9997574314444073,0.0006692206086832639,False,False,0.001,1.0002061919199912,2056,36.0,21.493723849372387,6.252135860272728,12.66262160775932,,2774.073,2780.7574999999997,2791.1879,2770.617,2776.3925,2784.51275,0.0,0,{},2054,False,-0.12,55.47,0.07,43.62,98,0,2774.8711605058365,2774.073,2778.12,2780.7574999999997,2791.1879,34.37772748917996,2746.141,0.887732038914483,32,0.596,61.1,49.22,False,100.0,2774.1626216077593,5.630000000000003,2.7615,0.9945509649314382,0.995435515744776,5.6397489539748955,8.0,0.364,19.16,0.001,0.001,0.001,51.376,52.994249999999994,55.212,2719.0815000000002,2723.8022499999997,2730.6063,0.002,0.003,0.003,,,36.046913479803585,36.01488194573378,,,,,,,,,,5.600000000000001,54.255,1
uncorrected,100,pipeline,tornado,async,4,36.21220351258374,0.04596100278551532,,0.00034502605980757384,False,0.9999260502999838,0.0007088223427979134,False,False,0.053,1.0002886200984973,2055,28.1,21.42092050209205,6.231504071079854,11.971070148314539,,2773.976,2778.5072,2783.09904,2770.552,2774.5253,2777.55932,0.0,0,{},2054,False,-0.01,55.58,0.03,43.58,99,0,2774.461900729927,2773.976,2777.208,2778.5072,2783.09904,34.3778971623218,2739.154,0.9429801638504269,34,0.58,61.08,49.14,False,100.0,2773.4710701483145,5.5,2.7615,0.9945212437576987,0.9956837227266717,5.724267782426778,8.0,0.464,19.16,0.001,0.001,0.001,51.359,52.7264,53.55384,2718.97,2722.7787,2725.18146,0.002,0.003,0.003,,,36.05590160154524,36.013805676541686,,,,,,,,,,5.560000000000002,54.257,1
uncorrected,100,pipeline,tornado,async,5,36.21220351258374,0.04551788202508128,,0.0005837812957759647,False,1.0000654196431906,0.000667802098063217,False,False,0.026,0.9996299699805294,2055,36.0,21.626359832635984,6.2934487131021095,13.93068647535938,,2774.032,2779.2,2786.7356,2770.617,2774.9982,2778.34622,0.0,0,{},2053,False,0.11,55.7,0.15,43.7,98,0,2774.5934861313867,2774.032,2777.6296,2779.2,2786.7356,34.37247359573011,2755.5679999999998,0.8881378196721149,32,0.596,61.08,49.21,False,100.0,2775.4306864753594,5.3799999999999955,2.7615,0.9938249543934571,0.9949807118069122,5.706694560669456,8.0,0.447,19.16,0.001,0.001,0.001,51.361,52.8022,54.308840000000004,2719.134,2722.853,2725.35288,0.002,0.003,0.003,,,36.03044402704734,35.988591504380125,,,,,,,,,,5.509999999999998,54.267,1
uncorrected,10,pipeline,tornado,async,1,3.6212203512583745,0.046296296296296294,,0.0007336412177525453,False,1.000028873987885,0.0006213014304924701,False,False,0.001,1.0002414722216737,206,8.0,2.2426778242677825,6.505201359220681,10.411435897495267,,2772.352,2775.112,2777.3944500000002,2769.1845000000003,2771.161,2772.94925,0.0,0,{},206,False,0.0,55.48,0.0,43.57,10,0,2772.5605,2772.352,2773.9945,2775.112,2777.3944500000002,3.454514043192935,2623.616,0.8315734307692485,3,0.531,56.23,44.47,False,100.0,2771.9114358974953,0.75,2.7615,0.998419233279765,0.9962439507400336,0.6527196652719666,4.0,0.415,19.14,0.001,0.001,0.001,50.7435,50.98375,51.2675,2718.3895,2720.1369999999997,2721.9539999999997,0.002,0.003,0.003949999999999988,,,3.607618869237855,3.6154960466404678,,,,,,,,,,0.8999999999999986,54.211,1
uncorrected,10,pipeline,tornado,async,2,3.6212203512583745,0.04205607476635514,,0.00016088181871010132,False,0.9998672415109549,0.0006601550865423634,False,False,0.013,1.0002603723317562,205,8.0,2.227426160337553,6.470264161756966,10.204041450634122,,2772.333,2774.931,2777.95156,2769.205,2770.8234,2771.5111199999997,0.0,0,{},204,False,0.1,55.58,-0.03,43.54,9,0,2772.739326829268,2772.333,2773.9424,2774.931,2777.95156,3.454160408886278,2525.27,0.8315112124351903,3,0.562,56.58,44.46,False,100.0,2771.704041450634,1.0,2.7615,0.9951357114394931,0.9963184953017948,0.6582278481012658,4.0,0.446,19.14,0.001,0.001,0.001,50.738,50.898199999999996,51.02472,2718.438,2719.956,2720.71976,0.002,0.003,0.003,,,3.6078888115219807,3.6036056905286737,,,,,,,,,,0.9200000000000017,53.835,1
uncorrected,10,pipeline,tornado,async,3,3.6212203512583745,0.046511627906976744,,0.00037894541013605565,False,0.9997997992728489,0.0006563458684372996,False,False,0.025,1.0003642456761375,205,8.0,2.2521008403361344,6.5344058536617755,10.157938144401669,,2772.621,2775.1196,2782.40724,2769.391,2771.1506,2771.9882,0.0,0,{},205,False,-0.14,55.34,-0.03,43.54,10,0,2772.8110048780486,2772.621,2774.2396,2775.1196,2782.40724,3.453684055592882,2730.077,0.8314973814433204,3,0.595,56.34,44.45,False,100.0,2771.6579381444017,1.0,2.7615,0.9962758126231427,0.9963350679011991,0.6554621848739496,4.0,0.496,19.14,0.001,0.001,0.001,50.736,50.8998,51.33124000000001,2718.559,2720.1636,2721.11188,0.002,0.002,0.003,,,3.6079488245562166,3.6077342481373993,,,,,,,,,,0.9100000000000037,54.051,1
uncorrected,10,pipeline,tornado,async,4,3.6212203512583745,0.046511627906976744,,0.0002698097231639274,False,1.0000618739068325,0.0006728044661523398,False,False,0.025,1.000552307573664,205,8.0,2.2180672268907564,6.439001180490422,9.41005154643517,,2772.269,2775.319,2777.2108799999996,2769.158,2770.8066,2771.9838,0.0,0,{},205,False,0.11,55.59,-0.02,43.55,10,0,2772.622575609756,2772.269,2773.8408,2775.319,2777.2108799999996,3.4545026623984487,2632.663,0.8312730154639306,3,0.578,56.46,44.46,False,100.0,2770.910051546435,0.8699999999999974,2.7615,0.9981570624157726,0.9966039851993088,0.6386554621848739,4.0,0.413,19.14,0.001,0.001,0.001,50.714,50.9766,51.38124,2718.392,2719.8052,2721.15008,0.002,0.003,0.003,,,3.608922633348937,3.6145466681722715,,,,,,,,,,0.9100000000000037,53.949,1
uncorrected,10,pipeline,tornado,async,5,3.6212203512583745,0.046511627906976744,,0.00025574752055890215,False,0.9998463527997573,0.0006654534009990612,False,False,0.001,1.0001964495844884,205,8.0,2.2016806722689077,6.390341268292994,10.15438144329164,,2772.16,2774.0488,2776.92472,2769.027,2770.4462,2771.7991199999997,0.0,0,{},205,False,-0.14,55.34,-0.01,43.56,10,0,2772.370424390244,2772.16,2773.4246,2774.0488,2776.92472,3.454540863670648,2723.096,0.8314963144329874,3,0.595,56.21,44.46,False,100.0,2771.6543814432916,0.8699999999999974,2.7615,0.9966187911649974,0.9963363464394127,0.638235294117647,4.0,0.463,19.14,0.001,0.001,0.001,50.724,51.1718,52.00688,2718.225,2719.6572,2720.86236,0.002,0.002,0.0029600000000000078,,,3.6079534544248157,3.6089762490132085,,,,,,,,,,0.8999999999999986,54.032,1
uncorrected,1,pipeline,tornado,async,1,0.3621220351258374,0.045454545454545456,,0.0003767088497432791,False,1.000206060300187,0.0006182771844326375,False,False,0.101,0.9999179840085647,21,4.0,0.200836820083682,5.714636190483968,13.023105263237994,,2774.301,2775.394,,2771.229,2772.063,,0.0,0,{},21,False,0.0,55.59,0.0,43.6,1,0,2774.403142857143,2774.301,2775.21,2775.394,,0.3604039757426268,1576.534,0.0,0,0.581,55.59,43.79,False,100.0,2774.523105263238,0.0,2.7615,1.0167346672539095,0.9953061824431977,0.0502092050209205,0.0,0.348,19.14,0.001,0.001,,50.718,50.881,,2720.478,2721.342,,0.002,0.002,,,,0.3604223003596588,0.3681820268889768,,,,,,,,,,0.18999999999999773,54.321,1
uncorrected,1,pipeline,tornado,async,2,0.3621220351258374,0.045454545454545456,,0.00010208027423452837,False,1.0000260112059502,0.0006089511401126172,False,False,0.001,0.9999412936808294,21,4.0,0.200836820083682,5.716552380971345,12.74631578967228,,2773.985,2775.913,,2771.152,2773.127,,0.0,0,{},21,False,0.0,55.59,0.0,43.6,1,0,2774.389380952381,2773.985,2775.759,2775.913,,0.36040473373350523,1572.23,0.0,0,0.465,55.71,43.79,False,100.0,2774.2463157896723,0.11999999999999744,2.7615,1.0168171088161395,0.9954054851881295,0.06694560669456066,0.0,0.481,19.14,0.001,0.001,,50.716,50.851,,2720.355,2722.374,,0.002,0.002,,,,0.3604582600717471,0.3682118807952705,,,,,,,,,,0.18999999999999773,54.317,1
uncorrected,1,pipeline,tornado,async,3,0.3621220351258374,0.045454545454545456,,6.758502265125088e-05,False,1.0000537939549419,0.0006011335904672593,False,False,0.001,0.999901688940522,21,8.0,0.23430962343096234,6.671798095215178,14.008263157941201,,2774.783,2778.35,,2771.88,2774.265,,0.0,0,{},21,False,-0.01,55.58,0.02,43.62,1,0,2775.5399523809524,2774.783,2776.886,2778.35,,0.3602519303404886,1544.336,0.0,0,0.548,55.58,43.8,False,100.0,2775.508263157941,0.0,2.7615,1.0168787391921503,0.9949529016562888,0.06694560669456066,0.0,0.349,19.14,0.001,0.001,,50.812,51.297,,2721.046,2723.585,,0.002,0.002,,,,0.36029436960213246,0.3682341985124571,,,,,,,,,,0.17999999999999972,54.313,1
uncorrected,1,pipeline,tornado,async,4,0.3621220351258374,0.045454545454545456,,0.0002502340824425131,False,1.0000834387243789,0.0005994154693701198,False,False,0.001,0.9999223180801707,21,4.0,0.200836820083682,5.71049904762601,13.07368421049705,,2774.454,2775.823,,2771.436,2772.223,,0.0,0,{},21,False,0.0,55.59,0.0,43.6,1,0,2774.4894285714286,2774.454,2775.736,2775.823,,0.36039149442138246,1575.8609999999999,0.0,0,0.581,55.84,43.79,False,100.0,2774.573684210497,0.25,2.7615,1.016710321008206,0.9952880385606998,0.06694560669456066,0.0,0.365,19.14,0.001,0.001,,50.682,50.907,,2720.665,2721.325,,0.002,0.002,,,,0.36041573006000355,0.368173210576935,,,,,,,,,,0.18999999999999773,54.322,1
uncorrected,1,pipeline,tornado,async,5,0.3621220351258374,0.045454545454545456,,0.0005946374176629687,False,1.0000595399231154,0.0006078802540423735,False,False,0.001,0.9999507518899049,21,8.0,0.23430962343096234,6.657676190481567,13.11889473680003,,2774.182,2777.278,,2771.218,2772.74,,0.0,0,{},21,False,0.12,55.71,0.06,43.66,1,0,2774.6791904761903,2774.182,2777.235,2777.278,,0.3603631624945409,1567.416,0.0,0,0.548,55.96,43.86,False,100.0,2774.6188947368,0.25,2.7615,1.016782002563971,0.9952718210195693,0.06694560669456066,0.0,0.398,19.14,0.001,0.001,,50.71,50.87,,2720.492,2721.943,,0.002,0.002,,,,0.36040985733100467,0.3681991680477896,,,,,,,,,,0.20000000000000284,54.318,1
uncorrected,25,pipeline,tornado,async,1,9.053050878145935,0.04477611940298507,,1.0510028426224949e-05,False,0.9999772939450194,0.0006957314380579329,False,False,0.043,1.000138307553322,512,12.0,5.61344537815126,6.535506095889883,10.341804123769634,,2772.1805,2774.4779,2776.46205,2769.0515,2770.7776,2771.31126,0.0,0,{},511,False,0.0,55.59,0.0,43.55,24,0,2772.380623046875,2772.1805,2773.7892,2774.4779,2776.46205,8.611168080226438,2660.3050000000003,0.9978630494845571,9,0.563,57.21,45.31,False,100.0,2771.8418041237696,1.6199999999999974,2.7615,0.9957595465868113,0.9962689775049991,1.6134453781512605,4.0,0.447,19.14,0.001,0.001,0.001,50.732,50.9388,51.30257,2718.2794999999996,2719.90475,2720.46461,0.002,0.003,0.004779999999999973,,,9.019273741671185,9.01466183764993,,,,,,,,,,1.7600000000000051,53.912,1
uncorrected,25,pipeline,tornado,async,2,9.053050878145935,0.04655493482309125,,0.0004159201782685251,False,1.000218072332121,0.0006869487983547291,False,False,0.001,1.0006554494784765,512,12.0,5.62983193277311,6.543283191406359,8.983024691307037,,2772.1665000000003,2774.50545,2776.84845,2769.059,2770.70405,2771.5797300000004,0.0,0,{},512,False,-0.31,55.28,-0.05,43.5,25,0,2772.4458515625,2772.1665000000003,2773.6852999999996,2774.50545,2776.84845,8.610021342783146,2693.237,0.8865545679012183,8,0.579,56.91,45.26,False,100.0,2770.483024691307,1.6299999999999955,2.7615,0.9971245162292387,0.9967575961984794,1.5970588235294119,4.0,0.463,19.14,0.001,0.001,0.001,50.7375,51.0313,51.39173,2718.251,2719.8719,2720.73205,0.002,0.003,0.003,,,9.023697231563276,9.02701897726995,,,,,,,,,,1.759999999999998,53.949,1
uncorrected,25,pipeline,tornado,async,3,9.053050878145935,0.04452690166975881,,0.0003937741162289843,False,1.0002218656872475,0.0006421107713297528,False,False,0.001,1.0000492781364512,515,12.0,5.640585774058577,6.556175754861721,10.600665983775343,,2772.167,2774.6479,2776.13774,2769.079,2770.6662,2772.11644,0.0,0,{},514,False,0.12,55.71,0.07,43.62,24,0,2772.4158504854367,2772.167,2773.6558,2774.6479,2776.13774,8.609417144946084,2677.862,0.887072213114808,8,0.613,57.46,45.4,False,100.0,2772.1006659837753,1.75,2.7615,0.9953784005622468,0.9961759447938328,1.5899581589958158,4.0,0.481,19.14,0.001,0.001,0.001,50.733,50.9399,51.127480000000006,2718.307,2719.8161,2721.12536,0.002,0.003,0.003,,,9.018431511803664,9.011211303297545,,,,,,,,,,1.7800000000000011,54.266,1
uncorrected,25,pipeline,tornado,async,4,9.053050878145935,0.04452690166975881,,0.00039085037753683327,False,0.9999212194198005,0.0006935904149185603,False,False,0.065,0.9997101899402259,515,8.2,5.60836820083682,6.5182099747079985,11.627663934127213,,2772.218,2774.7250999999997,2777.2086,2769.097,2770.9347000000002,2771.92352,0.0,0,{},514,False,0.05,55.64,0.08,43.63,24,0,2772.440978640777,2772.218,2773.9504,2774.7250999999997,2777.2086,8.610838377741196,2661.0809999999997,0.9983259590162858,9,0.68,57.14,45.4,False,100.0,2773.127663934127,1.5,2.7615,0.9956706844923155,0.9958070217663071,1.6401673640167365,4.0,0.497,19.14,0.001,0.001,0.001,50.729,50.9594,51.2163,2718.325,2720.0865,2720.9190200000003,0.002,0.003,0.003,,,9.015091632865355,9.013857364587322,,,,,,,,,,1.769999999999996,54.25,1
uncorrected,25,pipeline,tornado,async,5,9.053050878145935,0.046296296296296294,,0.0005774612233793164,False,1.000181418825253,0.0006781427123993331,False,False,0.001,1.0001192665360967,515,12.1,5.575313807531381,6.467032568934751,10.335276073297791,,2772.108,2774.5812,2776.40942,2769.001,2770.784,2771.78524,0.0,0,{},515,False,0.12,55.71,0.09,43.64,25,0,2772.3052504854368,2772.108,2773.744,2774.5812,2776.40942,8.608999540625785,2698.9519999999998,0.8869872883434553,8,0.63,57.46,45.4,False,100.0,2771.835276073298,1.75,2.7615,0.9971588680311201,0.9962713238544466,1.606694560669456,4.0,0.497,19.14,0.001,0.001,0.001,50.719,50.9182,51.06924,2718.22,2719.9825,2720.98514,0.002,0.002,0.0038600000000000136,,,9.019294983292111,9.027329965880138,,,,,,,,,,1.759999999999998,54.28,1
uncorrected,50,pipeline,tornado,async,1,18.10610175629187,0.04638218923933209,,7.749304749293806e-05,False,1.0000585288703618,0.0006863274071887105,False,False,0.065,0.9996967310566286,1028,16.1,10.342677824267783,6.011442455251183,12.611105424718062,,2773.1915,2776.7082,2778.79267,2769.7505,2772.94735,2774.80943,0.0,0,{},1028,False,0.0,55.71,0.0,43.63,50,0,2773.4306887159532,2773.1915,2775.7002,2776.7082,2778.79267,17.197756393301322,2755.94,0.9431977758444043,17,0.613,58.71,46.72,False,100.0,2774.111105424718,3.0,2.7615,0.9952692665870625,0.995454001319537,2.9292887029288703,4.0,0.431,19.14,0.001,0.001,0.001,51.010999999999996,52.4538,52.84506,2718.442,2721.49465,2723.22184,0.002,0.002,0.003,,,18.02379144159944,18.020446615735334,,,,,,,,,,3.0899999999999963,54.272,1
uncorrected,50,pipeline,tornado,async,2,18.10610175629187,0.04549675023212628,,9.141936464041045e-05,False,0.9999826383086697,0.0006925799294112131,False,False,0.028,1.0002072232294479,1028,16.1,10.311297071129706,5.998206239531202,11.059631147278651,,2773.018,2776.67685,2780.02866,2769.7055,2772.88055,2774.5803499999997,0.0,0,{},1027,False,-0.04,55.67,-0.02,43.61,49,0,2773.323637159533,2773.018,2775.5562999999997,2776.67685,2780.02866,17.199554445139462,2736.464,0.9426702745900747,17,0.596,58.8,46.69,False,100.0,2772.5596311472787,3.1299999999999955,2.7615,0.9946080269983572,0.9960110393936948,2.9790794979079496,4.0,0.497,19.14,0.001,0.001,0.001,51.0265,52.366699999999994,52.84118,2718.385,2721.6326,2723.10179,0.002,0.002,0.003,,,18.03387722965227,18.008474144456947,,,,,,,,,,3.0799999999999983,54.252,1
uncorrected,50,pipeline,tornado,async,3,18.10610175629187,0.04638218923933209,,3.409193103587338e-05,False,0.9999256881760739,0.0006828627741340843,False,False,0.03,1.0002998225634758,1028,20.0,10.266666666666667,5.992017825875473,10.538843398102472,,2772.7765,2776.2516,2777.8134,2769.4705000000004,2772.437,2773.95406,0.0,0,{},1028,False,0.0,55.71,0.01,43.64,50,0,2773.011409533074,2772.7765,2775.2704,2776.2516,2777.8134,17.197479194700666,2757.1409999999996,0.9424932067553548,17,0.563,58.71,46.68,False,100.0,2772.0388433981025,3.0,2.7615,0.9954136745993795,0.9961981617165281,2.8670833333333334,4.005000000000001,0.464,19.14,0.001,0.001,0.001,50.963,52.30225,52.73471,2718.239,2721.3002,2722.73958,0.002,0.002,0.003,,,18.03726528547036,18.02306128190077,,,,,,,,,,3.039999999999999,54.264,1
uncorrected,50,pipeline,tornado,async,4,18.10610175629187,0.04549675023212628,,0.0007689989481833859,False,1.0001192652590227,0.000655888328774846,False,False,0.014,1.0001899968711911,1028,20.0,10.410878661087866,6.056773333985382,11.16219262311688,,2773.0905000000002,2776.548,2778.9015999999997,2769.756,2772.8849999999998,2774.3667299999997,0.0,0,{},1027,False,-0.13,55.58,-0.01,43.62,49,0,2773.3780749027237,2773.0905000000002,2775.7044,2776.548,2778.9015999999997,17.19807538402112,2742.9199999999996,0.9427051454918598,17,0.58,58.46,46.66,False,100.0,2772.662192623117,2.8800000000000026,2.7615,0.9944507492090111,0.9959741966934108,2.9456066945606696,4.0,0.431,19.14,0.001,0.001,0.001,50.989999999999995,52.4642,52.94124000000001,2718.4015,2721.58225,2723.09936,0.002,0.002,0.003,,,18.03321015197195,18.005626456799043,,,,,,,,,,3.039999999999999,54.261,1
uncorrected,50,pipeline,tornado,async,5,18.10610175629187,0.04638218923933209,,0.0002931800624215164,False,1.000260516742654,0.0006312243908018382,False,False,0.002,1.000263897031011,1028,19.9,10.527196652719665,6.118864809338211,11.122313203430622,,2773.2484999999997,2776.4872,2780.05104,2769.7754999999997,2772.8116,2774.76437,0.0,0,{},1028,False,0.0,55.71,0.01,43.64,50,0,2773.488387159533,2773.2484999999997,2775.5847,2776.4872,2780.05104,17.195295301673525,2737.489,0.9426915864891664,17,0.597,58.71,46.69,False,100.0,2772.6223132034306,3.0,2.7615,0.9957391312043131,0.9959885220751252,2.9790794979079496,4.0,0.414,19.14,0.001,0.001,0.001,51.018,52.41465,52.89384,2718.464,2721.54815,2723.54532,0.002,0.003,0.003,,,18.03346952879097,18.028954032306956,,,,,,,,,,3.049999999999997,54.246,1
uncorrected,5,pipeline,tornado,async,1,1.8106101756291872,0.046296296296296294,,0.00011772841067947404,False,1.0001597990126418,0.0006158726571469319,False,False,0.001,1.0000344410922,103,4.0,1.00418410041841,5.825620194169742,10.38226804111764,,2772.005,2773.3571,2776.34164,2769.042,2770.4736000000003,2772.12914,0.0,0,{},103,False,0.0,55.71,0.0,43.67,5,0,2772.103631067961,2772.005,2773.0668,2773.3571,2776.34164,1.7353941582242862,2738.757,0.5543764536082234,1,0.498,56.21,44.25,False,100.0,2771.8822680411176,0.5,2.7615,0.99631649370492,0.9962544339776542,0.28451882845188287,4.0,0.464,19.14,0.001,0.001,0.001,50.706,50.8987,51.201119999999996,2718.275,2719.4609,2721.10758,0.002,0.002,0.003,,,1.803828415675637,1.8039407816493214,,,,,,,,,,0.5799999999999983,54.326,1
uncorrected,5,pipeline,tornado,async,2,1.8106101756291872,0.046296296296296294,,0.0003248874793669865,False,0.9998272467495685,0.000614667966171151,False,False,0.015,1.000145353084133,103,8.0,1.0209205020920502,5.927131650480553,10.389536082564518,,2772.136,2774.0685,2779.54842,2769.158,2770.3936,2772.91108,0.0,0,{},103,False,-0.12,55.59,-0.1,43.57,5,0,2772.4807475728153,2772.136,2773.2746,2774.0685,2779.54842,1.7353437223261885,2560.8469999999998,0.5543779072165129,1,0.53,56.21,44.16,False,100.0,2771.8895360825645,0.6199999999999974,2.7615,0.9993400457700294,0.9962518217456645,0.301255230125523,4.0,0.397,19.14,0.001,0.001,0.001,50.717,50.9226,51.17902,2718.401,2719.5489,2722.0215399999997,0.002,0.002,0.005940000000000012,,,1.8038236859418153,1.809415255784953,,,,,,,,,,0.5899999999999963,54.161,1
uncorrected,5,pipeline,tornado,async,3,1.8106101756291872,0.046296296296296294,,5.558164893337825e-06,False,0.9998296198201516,0.0006128458739687502,False,False,0.001,1.000169981056509,103,8.0,1.0252100840336134,5.919722330101505,10.117989690771083,,2772.132,2774.1841000000004,2777.48936,2769.126,2770.7477,2772.6754800000003,0.0,0,{},103,False,-0.38,55.33,-0.11,43.56,5,0,2772.307922330097,2772.132,2773.1512,2774.1841000000004,2777.48936,1.7354134534583074,2603.561,0.5543235979381542,1,0.547,55.96,44.14,False,100.0,2771.617989690771,0.6300000000000026,2.7615,0.998835154041606,0.9963494284824223,0.2857142857142857,4.0,0.398,19.14,0.001,0.001,0.001,50.702,50.954600000000006,51.14968,2718.4,2719.9629999999997,2721.71304,0.002,0.002,0.002,,,1.804000413692599,1.8085010936838786,,,,,,,,,,0.5799999999999983,54.189,1
uncorrected,5,pipeline,tornado,async,4,1.8106101756291872,0.046296296296296294,,0.00043378654460424215,False,0.9998337519687839,0.0006104460755791786,False,False,0.015,1.0000477300003996,103,4.0,1.00418410041841,5.823096699028806,10.399329896937616,,2772.052,2773.7246999999998,2775.8945799999997,2769.072,2770.7162,2772.19846,0.0,0,{},103,False,-0.13,55.58,-0.08,43.59,5,0,2772.187932038835,2772.052,2773.2284,2773.7246999999998,2775.8945799999997,1.7352553099566324,2734.849,0.5543798659793875,1,0.531,55.95,44.17,False,100.0,2771.8993298969376,0.37000000000000455,2.7615,0.9963480929856013,0.9962483017385323,0.28451882845188287,4.0,0.398,19.14,0.001,0.001,0.001,50.698,50.900600000000004,51.2399,2718.333,2719.8439000000003,2720.52706,0.002,0.002,0.003,,,1.8038173125810835,1.8039979956284655,,,,,,,,,,0.5799999999999983,54.324,1
uncorrected,5,pipeline,tornado,async,5,1.8106101756291872,0.04672897196261682,,0.0005292452958000071,False,1.0001627291359723,0.0006503450710552299,False,False,0.001,1.0001335468620112,102,8.0,0.9661016949152542,5.586699999985285,9.293020833176797,,2771.2889999999998,2775.28055,2779.86306,2768.257,2770.50525,2773.66798,0.0,0,{},102,False,-0.36,55.35,-0.15,43.52,5,0,2771.472068627451,2771.2889999999998,2772.9414,2775.28055,2779.86306,1.7347618749906217,2317.9599999999996,0.5541586041666354,1,0.463,55.97,44.1,False,100.0,2770.793020833177,0.6199999999999974,2.7615,1.0045345073288998,0.9966460790238374,0.288135593220339,4.0,0.397,16.66,0.001,0.001,0.001,50.565,50.81995,50.89394,2717.639,2719.61695,2723.06108,0.002,0.003,0.003989999999999995,,,1.8045375321814912,1.8188204007403586,,,,,,,,,,0.5799999999999983,53.331,1
uncorrected,100,stream,tornado,async,1,35.96604805064019,0.04617537313432836,100.0,0.00022932245793971795,False,0.9998826416416549,0.0007192727141966024,False,False,0.001,1.0002602251287578,2045,64.0,49.10418410041841,14.35412892269943,9.576994338322947,575.843994338323,,,,,,,0.0,0,{},2044,False,0.0,56.71,0.0,44.66,99,0,2790.7897882640586,2790.341,2792.9758,2794.5646,2798.9692,34.158492474447755,2769.5249999999996,0.9485921780750298,34,0.514,72.46,60.68,False,,2789.976994338323,15.749999999999993,2.7804,0.9958606765537097,0.9965673572370821,13.288702928870293,16.0,0.365,19.12,,,,,,,,,,,,,100.0,2044,35.842589456088405,35.81717294467377,12,12,12.0,202.049,202.2128,202.33856,566.48,570.6714,575.30044,16.020000000000003,54.276,1
uncorrected,100,stream,tornado,async,2,35.96604805064019,0.04617537313432836,100.0,0.00014727141776238462,False,0.9999195814502359,0.0006230517532790159,False,False,0.003,1.0001751181402792,2045,60.1,49.168200836820084,14.372644682485353,10.30890375700119,576.5759037570012,,,,,,,0.0,0,{},2044,False,0.13,56.84,0.03,44.69,99,0,2791.279488997555,2790.65,2794.081,2795.9611999999997,2804.72308,34.15245961774406,2776.454,0.8930268492022404,32,0.498,72.71,60.79,False,,2790.7089037570013,15.86999999999999,2.7804,0.9956215810951645,0.9963059910178655,13.272384937238494,16.0,0.365,19.13,,,,,,,,,,,,,100.0,2044,35.833189146089246,35.808573625923046,12,12,12.0,202.05,202.2328,202.39268,566.774,571.6456,579.88316,16.1,54.289,1
uncorrected,100,stream,tornado,async,3,35.96604805064019,0.04617537313432836,100.0,0.00019653731933477747,False,0.9998481846302718,0.0005962174947445852,False,False,0.041,1.0000831519321967,2045,64.0,49.541004184100416,14.481599474070459,10.222285126278166,576.4892851262782,,,,,,,0.0,0,{},2044,False,-0.12,56.59,0.02,44.68,99,0,2790.949405378973,2790.51,2792.9786,2794.4991999999997,2800.9465999999998,34.1526485043397,2774.875,0.9767177997941973,35,0.481,72.21,60.55,False,,2790.6222851262783,15.61999999999999,2.7804,0.9957222679482922,0.9963369155400352,13.321757322175733,16.0,0.365,19.13,,,,,,,,,,,,,100.0,2044,35.83430137893954,35.812194934120704,12,12,12.0,202.05,202.215,202.318,566.688,570.727,576.80188,15.869999999999997,54.283,1
uncorrected,100,stream,tornado,async,4,35.96604805064019,0.046620046620046623,100.0,0.00017058707241612847,False,1.0000785054132197,0.0006124290357434738,False,False,0.001,1.0004621028855627,2045,60.3,47.80083682008368,13.96632492371557,9.42335390956805,575.6903539095681,,,,,,,0.0,0,{},2045,False,-0.12,56.59,0.01,44.67,100,0,2791.1949574572127,2790.468,2794.4204,2796.6749999999997,2804.85228,34.1616777898419,2781.13,0.8927434732510618,32,0.514,72.46,60.65,False,,2789.823353909568,15.86999999999999,2.7804,0.9963047052772731,0.9966222399363164,13.204602510460251,16.0,0.315,19.14,,,,,,,,,,,,,100.0,2045,35.84456336988621,35.83314290308132,12,12,12.0,202.047,202.2446,202.41904,566.769,572.6192,578.8667999999999,15.979999999999997,54.279,1
uncorrected,100,stream,tornado,async,5,35.96604805064019,0.046620046620046623,100.0,3.4740937539967653e-05,False,0.9999868837200598,0.0006058909126150855,False,False,0.001,1.000408529689366,2045,60.1,48.902510460251044,14.28805087481804,9.354938271377705,575.6219382713778,,,,,,,0.0,0,{},2045,False,0.0,56.71,0.02,44.68,100,0,2790.9860601466994,2790.427,2793.466,2796.0526,2801.01852,34.160209681929615,2782.972,0.9206191296295546,33,0.514,72.83,61.01,False,,2789.754938271378,16.119999999999997,2.7804,0.9962273195422103,0.9966466809886987,13.02092050209205,16.0,0.332,19.14,,,,,,,,,,,,,100.0,2045,35.8454424179506,35.830359644015616,12,12,12.0,202.044,202.22,202.367,566.582,571.4704,576.83104,16.33,54.284,1
uncorrected,10,stream,tornado,async,1,3.596604805064019,0.04672897196261682,100.0,0.0003416371579669786,False,0.9998475576406998,0.0006163986251359987,False,False,0.001,1.0002362785091923,204,12.1,6.31890756302521,18.43100305392464,8.52803108793114,574.7950310879312,,,,,,,0.0,0,{},204,False,0.0,56.46,0.0,44.52,10,0,2789.7558970588234,2789.6825,2791.0981,2792.2482,2793.51149,3.430370118509056,2752.004,0.8366784093263794,3,0.53,58.34,46.36,False,,2788.9280310879312,1.8800000000000026,2.7804,0.9968644032543338,0.996942183163972,2.369747899159664,4.0,0.431,19.12,,,,,,,,,,,,,100.0,204,3.585607046338555,3.585327302741813,12,12,12.0,202.112,202.31955,202.39119,565.582,567.7781,569.34906,1.8399999999999963,54.109,1
uncorrected,10,stream,tornado,async,2,3.596604805064019,0.046511627906976744,100.0,0.00015867238989919485,False,1.0001607076937156,0.0006164892538940319,False,False,0.063,1.0000466075182313,205,12.0,6.527196652719665,19.023859248776628,9.30783505147383,575.5748350514739,,,,,,,0.0,0,{},205,False,0.25,56.71,0.13,44.65,10,0,2789.9483024390242,2789.777,2791.2814000000003,2791.8777999999998,2793.2594,3.430804829554521,2642.599,0.8369123505154422,3,0.581,58.46,46.55,False,,2789.707835051474,1.75,2.7804,0.9989087412907713,0.9966635090117593,2.4602510460251046,4.399999999999977,0.398,19.12,,,,,,,,,,,,,100.0,205,3.5846047655436597,3.5926799787468395,12,12,12.0,202.125,202.3326,202.40868,565.75,568.3226,569.05528,1.8999999999999986,54.277,1
uncorrected,10,stream,tornado,async,3,3.596604805064019,0.046511627906976744,100.0,1.3422214377278863e-05,False,0.9999070658860659,0.0006172361946696211,False,False,0.072,0.9998404259057512,205,12.0,6.5263598326359835,19.022030926829945,9.746855670135119,576.0138556701352,,,,,,,0.0,0,{},205,False,0.25,56.71,0.14,44.66,10,0,2789.776624390244,2789.624,2791.0988,2791.573,2792.25376,3.4313344660423706,2646.862,0.8370440567010405,3,0.564,58.46,46.52,False,,2790.146855670135,1.75,2.7804,0.9987775546731329,0.9965066872195893,2.4769874476987446,4.0,0.398,19.12,,,,,,,,,,,,,100.0,205,3.5840407395324028,3.5922081523274807,12,12,12.0,202.115,202.32999999999998,202.4504,565.708,568.0088000000001,568.81084,1.8600000000000065,54.284,1
uncorrected,10,stream,tornado,async,4,3.596604805064019,0.046511627906976744,100.0,0.00020530601318158315,False,0.9999788687539536,0.0006143972911863921,False,False,0.003,1.0000824090028086,205,12.0,6.493305439330544,18.925638741458148,9.354329896822946,575.621329896823,,,,,,,0.0,0,{},205,False,0.25,56.71,0.15,44.67,10,0,2790.0796926829266,2789.926,2791.6232,2792.5912,2793.4833599999997,3.4306826770540426,2618.233,0.8369262989690469,3,0.564,58.59,46.53,False,,2789.754329896823,1.8800000000000026,2.7804,0.9990767059869442,0.9966468983320231,2.4602510460251046,4.0,0.398,19.12,,,,,,,,,,,,,100.0,205,3.5845450234931056,3.5932840813801756,12,12,12.0,202.108,202.3158,202.48888,565.864,568.0378000000001,570.2754,1.8599999999999994,54.268,1
uncorrected,10,stream,tornado,async,5,3.596604805064019,0.046511627906976744,100.0,0.0004926931088252706,False,1.0000344440061935,0.0006067636716578591,False,False,0.003,0.9998912522096474,205,12.1,6.511297071129707,18.97520105854211,9.717731958686727,575.9847319586868,,,,,,,0.0,0,{},205,False,0.25,56.71,0.1,44.62,10,0,2789.893195121951,2789.885,2791.0364,2791.5013999999996,2792.30312,3.4308349209974236,2657.729,0.8370353195876061,3,0.547,58.46,46.49,False,,2790.117731958687,1.75,2.7804,0.998645956926715,0.9965170889215973,2.4769874476987446,8.0,0.448,19.12,,,,,,,,,,,,,100.0,205,3.5840781503438253,3.5917348472403785,12,12,12.0,202.138,202.3528,202.4308,565.523,567.7994,569.10532,1.8700000000000045,54.291,1
uncorrected,1,stream,tornado,async,1,0.3596604805064019,0.045454545454545456,100.0,0.00022935468247287094,False,0.9999789616124258,0.0006185281311019282,False,False,0.003,0.9998644487929896,21,4.0,0.6527196652719666,18.552024761932746,9.340052631379422,575.6070526313795,,,,,,,0.0,0,{},21,False,0.0,56.52,0.0,44.58,1,0,2789.5485714285714,2789.511,2790.242,2790.544,,0.35842887878511076,1253.946,0.0,0,0.481,56.65,44.75,False,,2789.7400526313795,0.12999999999999545,2.7804,1.024436860610756,0.99665199894787,0.2510460251046025,4.0,0.464,19.12,,,,,,,,,,,,,100.0,21,0.35845633683925693,0.36844945353573433,12,12,12.0,202.047,202.18,,566.267,568.66,,0.1700000000000017,54.282,1
uncorrected,1,stream,tornado,async,2,0.3596604805064019,0.045454545454545456,100.0,0.0005131756213561101,False,1.0000023062688976,0.0006150039907087303,False,False,0.003,0.9998583569004055,21,8.0,0.6192468619246861,17.624043809538264,9.209578947420141,575.4765789474202,,,,,,,0.0,0,{},21,False,0.19,56.71,0.02,44.6,1,0,2789.3522857142857,2789.357,2790.866,2790.889,,0.3584596017851064,1250.3690000000001,0.0,0,0.498,56.83,44.75,False,,2789.6095789474202,0.11999999999999744,2.7804,1.0245963581527575,0.996698613663746,0.23430962343096234,4.0,0.464,19.12,,,,,,,,,,,,,100.0,21,0.35847310231036755,0.3685068184983302,12,12,12.0,202.026,202.236,,566.097,567.054,,0.14999999999999858,54.273,1
uncorrected,1,stream,tornado,async,3,0.3596604805064019,0.045454545454545456,100.0,0.0001832317829413288,False,0.9999475667056913,0.0005958116742892756,False,False,0.009,0.9998860770961525,21,8.0,0.6359832635983264,18.099379047524135,9.275157894778204,575.5421578947783,,,,,,,0.0,0,{},21,False,0.19,56.71,0.0,44.58,1,0,2789.5184285714286,2789.702,2790.319,2790.647,,0.35843318015481984,1261.2749999999999,0.0,0,0.581,56.83,44.73,False,,2789.6751578947783,0.11999999999999744,2.7804,1.0243100677887187,0.9966751835357857,0.2510460251046025,4.0,0.382,19.12,,,,,,,,,,,,,100.0,21,0.358464675419287,0.36840385116843566,12,12,12.0,202.079,202.19,,566.304,567.141,,0.14999999999999858,54.288,1
uncorrected,1,stream,tornado,async,4,0.3596604805064019,0.045454545454545456,100.0,1.2249427522093015e-05,False,0.9999376051363973,0.0005965689671921988,False,False,0.025,0.9998428401945886,21,4.0,0.6527196652719666,18.578862857178876,10.004789473732671,576.2717894737327,,,,,,,0.0,0,{},21,False,0.19,56.71,0.01,44.59,1,0,2790.0759523809525,2789.834,2791.377,2791.874,,0.3583619648702324,1235.2,0.0,0,0.548,56.84,44.75,False,,2790.4047894737328,0.13000000000000256,2.7804,1.024581731195278,0.9964145741465633,0.2510460251046025,4.0,0.365,19.12,,,,,,,,,,,,,100.0,21,0.3583709445211348,0.36850155775977483,12,12,12.0,202.08,202.208,,566.4,568.476,,0.1599999999999966,54.274,1
uncorrected,1,stream,tornado,async,5,0.3596604805064019,0.045454545454545456,100.0,0.0002252449830789649,False,1.0000564612941627,0.0006017660933006034,False,False,0.001,0.9998740032349892,21,8.0,0.6192468619246861,17.615567619005947,9.375052631739436,575.6420526317395,,,,,,,0.0,0,{},21,False,0.06,56.58,0.02,44.6,1,0,2789.5885714285714,2789.462,2790.009,2790.589,,0.3584269228556149,1237.42,0.0,0,0.564,56.71,44.76,False,,2789.7750526317395,0.13000000000000256,2.7804,1.024741006534495,0.9966394951367511,0.26778242677824265,4.0,0.349,19.12,,,,,,,,,,,,,100.0,21,0.35845183971254174,0.36855884280481044,12,12,12.0,202.115,202.195,,566.127,567.085,,0.1599999999999966,54.265,1
uncorrected,25,stream,tornado,async,1,8.991512012660047,0.04477611940298507,100.0,0.00025036023529911855,False,1.000045306326495,0.0006101806933113498,False,False,0.001,1.0000325294907615,512,24.0,16.068200836820083,18.787787645787198,9.43654639174747,575.7035463917475,,,,,,,0.0,0,{},511,False,0.0,56.62,0.0,44.68,24,0,2790.068791015625,2789.9065,2791.2115,2792.0192,2793.2186,8.553559896491162,2702.029,0.8927476948453593,8,0.481,60.49,48.7,False,,2789.8365463917476,3.8700000000000045,2.7804,0.9957090497323893,0.9966175271436772,5.522594142259414,8.0,0.448,19.12,,,,,,,,,,,,,100.0,511,8.961098467339925,8.9529298817831,12,12,12.0,202.067,202.21345,202.31246,565.9835,568.2625,569.5683899999999,4.020000000000003,54.284,1
uncorrected,25,stream,tornado,async,2,8.991512012660047,0.04477611940298507,100.0,0.0003893108098727005,False,0.999993870882879,0.0006225790081469762,False,False,0.001,1.0001808873271534,512,24.0,15.934309623430963,18.630800590999613,9.021494845114375,575.2884948451144,,,,,,,0.0,0,{},511,False,-0.16,56.46,-0.06,44.62,24,0,2790.068650390625,2789.8644999999997,2791.4426,2791.913,2793.16504,8.551446679701815,2702.911,0.8926148783504367,8,0.547,60.46,48.66,False,,2789.4214948451145,4.0,2.7804,0.9956394138561439,0.9967658186968925,5.456485355648535,8.0,0.381,19.12,,,,,,,,,,,,,100.0,511,8.962431832622036,8.952303749965326,12,12,12.0,202.059,202.21835000000002,202.34882000000002,566.0485,568.5994999999999,569.3605100000001,4.039999999999999,54.288,1
uncorrected,25,stream,tornado,async,3,8.991512012660047,0.04477611940298507,100.0,0.0002258955169623933,False,1.0000878876889043,0.0006083062187202903,False,False,0.001,0.9998153426954012,512,24.0,15.81673640167364,18.49397375929989,10.015515463763677,576.2825154637637,,,,,,,0.0,0,{},511,False,0.08,56.7,-0.05,44.63,24,0,2790.038115234375,2789.888,2791.3147,2791.9616,2793.04042,8.551531990691373,2697.337,0.8929329649484044,8,0.581,60.58,48.71,False,,2790.4155154637638,3.8799999999999955,2.7804,0.9956786445950447,0.9964107440600657,5.423012552301255,8.0,0.365,19.12,,,,,,,,,,,,,100.0,511,8.959239174759617,8.952656493625419,12,12,12.0,202.05450000000002,202.2047,202.25067,566.0745,568.3048,569.10551,4.079999999999998,54.286,1
uncorrected,25,stream,tornado,async,4,8.991512012660047,0.04477611940298507,100.0,0.0002132480628749267,False,1.0001228703751266,0.0006225329305380142,False,False,0.063,0.9998011142733227,512,24.0,15.648117154811716,18.29572741683472,10.122628865707156,576.3896288657072,,,,,,,0.0,0,{},511,False,-0.16,56.46,-0.05,44.63,24,0,2790.12490625,2789.97,2791.4336000000003,2792.0878,2793.3796300000004,8.5510570880173,2701.9570000000003,0.8929672412370263,8,0.514,60.33,48.67,False,,2790.5226288657072,3.8699999999999974,2.7804,0.9957039678987697,0.9963724971225832,5.322175732217573,8.0,0.448,19.12,,,,,,,,,,,,,100.0,511,8.958895276961796,8.952884188415062,12,12,12.0,202.061,202.21745,202.31424,566.0419999999999,568.2957,569.91509,4.039999999999999,54.284,1
uncorrected,25,stream,tornado,async,5,8.991512012660047,0.04477611940298507,100.0,0.00026718809420556155,False,0.9997883055784846,0.0005900531989252093,False,False,0.001,0.9998778047422143,512,23.9,15.801255230125523,18.47609437182154,9.81309278345816,576.0800927834582,,,,,,,0.0,0,{},511,False,0.21,56.83,-0.02,44.66,24,0,2789.996556640625,2789.8455,2791.2286,2791.7896,2793.01114,8.552119961238303,2689.037,0.8928681896907067,8,0.514,60.71,48.74,False,,2790.2130927834583,3.8800000000000026,2.7804,0.9958939368536216,0.9964830310599437,5.422175732217573,8.0,0.448,19.12,,,,,,,,,,,,,100.0,511,8.959889144187379,8.954592296554646,12,12,12.0,202.051,202.21345,202.305,566.0364999999999,568.3200499999999,570.0786,4.080000000000005,54.274,1
uncorrected,50,stream,tornado,async,1,17.983024025320095,0.0457089552238806,100.0,0.00031266548801511806,False,1.0001527300257846,0.0006135645455260909,False,False,0.024,0.9999019695767529,1023,40.0,28.21673640167364,16.49646623581403,9.96668383114502,576.2336838311451,,,,,,,0.0,0,{},1022,False,0.0,56.58,0.0,44.63,49,0,2790.2723714565004,2790.081,2791.6958,2792.2029,2793.87444,17.089441829805438,2758.99,0.9487246725025894,17,0.531,64.46,52.62,False,,2790.366683831145,7.8799999999999955,2.7804,0.9955336587118461,0.9964281813250936,8.535564853556485,12.0,0.382,19.12,,,,,,,,,,,,,100.0,1022,17.918791924275165,17.902705702629945,12,12,12.0,202.054,202.2079,202.27056,566.203,568.7584,570.72004,7.989999999999995,54.293,1
uncorrected,50,stream,tornado,async,2,17.983024025320095,0.0457089552238806,100.0,0.00031817675866951944,False,1.000188981532767,0.0006149356052343751,False,False,0.018,0.9998308741224534,1023,40.1,28.13389121338912,16.447805875733575,9.849021627112961,576.116021627113,,,,,,,0.0,0,{},1022,False,0.13,56.71,0.02,44.65,49,0,2789.937512218964,2789.84,2791.4056,2792.0236,2793.3172799999998,17.09186728241586,2742.99,0.9486846673532185,17,0.514,64.58,52.7,False,,2790.249021627113,7.869999999999997,2.7804,0.9959029797010288,0.9964701997740082,8.552301255230125,12.0,0.415,19.12,,,,,,,,,,,,,100.0,1022,17.919547543051504,17.90934721085147,12,12,12.0,202.041,202.2039,202.2779,566.092,568.5032,570.18404,8.050000000000004,54.273,1
uncorrected,50,stream,tornado,async,3,17.983024025320095,0.0457089552238806,100.0,0.00020147383118696016,False,0.9999085479388009,0.0006033360194137281,False,False,0.001,0.999777383017136,1023,36.1,28.034728033472803,16.39017831409226,10.190267765243334,576.4572677652434,,,,,,,0.0,0,{},1022,False,0.01,56.59,-0.04,44.59,49,0,2790.104607038123,2789.904,2791.3474,2791.9739,2793.7219800000003,17.089330105234637,2773.151,0.9488006910401827,17,0.514,64.59,52.62,False,,2790.5902677652434,8.0,2.7804,0.9956864055859622,0.9963483468415436,8.585355648535565,12.0,0.398,19.12,,,,,,,,,,,,,100.0,1022,17.917356258839437,17.905452553336968,12,12,12.0,202.046,202.1919,202.25336,566.21,568.2564,569.6838799999999,8.029999999999994,54.285,1
uncorrected,50,stream,tornado,async,4,17.983024025320095,0.0457089552238806,100.0,0.00021273259292442503,False,1.0000886107139206,0.0006165738463853666,False,False,0.013,0.9998739146233362,1023,36.0,28.502092050209207,16.66307098923792,10.158908341843016,576.4259083418431,,,,,,,0.0,0,{},1022,False,0.0,56.58,0.05,44.68,49,0,2790.355386119257,2790.189,2791.5528,2792.2538,2793.83832,17.084583885135572,2750.685,0.9487900288362265,17,0.531,64.46,52.72,False,,2790.558908341843,7.8799999999999955,2.7804,0.9956766944938482,0.9963595434909207,8.735983263598326,12.0,0.398,19.12,,,,,,,,,,,,,100.0,1022,17.91755760845419,17.905277918534168,12,12,12.0,202.05,202.2089,202.29,566.364,568.7502,570.34736,8.04,54.286,1
uncorrected,50,stream,tornado,async,5,17.983024025320095,0.0457089552238806,100.0,0.00020354990753523872,False,1.0000556520600097,0.000611433318730395,False,False,0.001,0.9998718202215854,1023,36.1,27.833891213389123,16.272403849311797,10.078836251082521,576.3458362510826,,,,,,,0.0,0,{},1022,False,0.01,56.59,-0.02,44.61,49,0,2790.3151876832844,2790.001,2791.7166,2792.7983,2795.7513599999997,17.08932437757828,2769.6510000000003,0.9487628043253682,17,0.514,64.46,52.62,False,,2790.4788362510826,7.86999999999999,2.7804,0.9956158116643389,0.9963881337782791,8.451882845188285,12.0,0.431,19.12,,,,,,,,,,,,,100.0,1022,17.918071748278646,17.904183061148373,12,12,12.0,202.045,202.2037,202.28635999999997,566.283,569.0828,571.4304599999999,8.009999999999998,54.289,1
uncorrected,5,stream,tornado,async,1,1.7983024025320096,0.04672897196261682,100.0,8.153972816637989e-05,False,0.9998685404508277,0.0006098788949004981,False,False,0.001,1.0003396463615322,102,8.1,3.2305439330543932,18.925397823526048,8.55203124989157,574.8190312498916,,,,,,,0.0,0,{},102,False,0.0,56.46,0.0,44.6,5,0,2790.1232843137254,2789.595,2791.5708,2792.6960999999997,2796.71111,1.7232801869352192,2701.5009999999997,0.5577904062499783,1,0.563,57.46,45.52,False,,2788.9520312498917,1.0,2.7804,0.9977126075774445,0.9969336040369046,1.2384937238493723,4.0,0.381,19.12,,,,,,,,,,,,,100.0,102,1.7927880953044606,1.7941889792429946,12,12,12.0,202.09300000000002,202.286,202.41457,565.9475,568.9227500000001,572.78824,0.9200000000000017,54.063,1
uncorrected,5,stream,tornado,async,2,1.7983024025320096,0.04672897196261682,100.0,0.0002496749679621324,False,0.9999915230460351,0.0006075641364335402,False,False,0.001,1.0000165152361722,102,8.0,3.1460251046025105,18.429759549000487,9.321927083519313,575.5889270835194,,,,,,,0.0,0,{},102,False,0.25,56.71,0.0,44.6,5,0,2789.871862745098,2789.7394999999997,2791.1677999999997,2791.7418,2792.96409,1.7236469826592997,2760.808,0.5579443854167039,1,0.546,57.34,45.52,False,,2789.7219270835194,0.6300000000000026,2.7804,0.9966612441074526,0.9966584744547409,1.2217573221757323,4.0,0.397,19.12,,,,,,,,,,,,,100.0,102,1.792293329115848,1.7922983097889738,12,12,12.0,202.126,202.3428,202.354,565.653,568.47045,569.93537,0.9200000000000017,54.12,1
uncorrected,5,stream,tornado,async,3,1.7983024025320096,0.04672897196261682,100.0,0.0001166557812909419,False,0.9999647752452469,0.0006092954690838623,False,False,0.003,0.9999868838113797,102,8.1,3.193697478991597,18.62877477449972,9.167083333395112,575.4340833333952,,,,,,,0.0,0,{},102,False,0.12,56.58,-0.01,44.59,5,0,2789.713980392157,2789.54,2790.7907999999998,2791.7925,2792.6296,1.7235934246206552,2738.719,0.557913416666679,1,0.53,57.46,45.5,False,,2789.567083333395,0.8800000000000026,2.7804,0.9972388032980983,0.9967137971378554,1.2100840336134453,4.0,0.431,19.12,,,,,,,,,,,,,100.0,102,1.7923928160298073,1.7933369358691162,12,12,12.0,202.1105,202.3111,202.35668,565.628,568.7752,570.56584,0.9099999999999966,54.089,1
uncorrected,5,stream,tornado,async,4,1.7983024025320096,0.04672897196261682,100.0,0.0002153113026313047,False,0.9999361937379976,0.0006002945866381064,False,False,0.001,1.0000340495287507,102,12.0,3.1260504201680672,18.230762745076262,9.167604166525507,575.4346041665256,,,,,,,0.0,0,{},102,False,0.25,56.71,0.07,44.67,5,0,2789.7615294117645,2789.7380000000003,2791.1228,2791.7989,2792.57591,1.7234983720318338,2687.969,0.5579135208333051,1,0.514,57.46,45.59,False,,2789.5676041665256,0.75,2.7804,0.997946499644463,0.9967136110439364,1.1932773109243697,4.0,0.447,19.12,,,,,,,,,,,,,100.0,102,1.7923924813766658,1.7946095879090471,12,12,12.0,202.1255,202.28375,202.30292,565.8305,568.40545,569.07777,0.9200000000000017,54.051,1
uncorrected,5,stream,tornado,async,5,1.7983024025320096,0.04672897196261682,100.0,3.800492228278607e-05,False,0.9999423011117744,0.0006106196329340625,False,False,0.001,1.0000686424820935,102,8.1,3.1631799163179917,18.52979234312664,9.145312500270848,575.4123125002709,,,,,,,0.0,0,{},102,False,-0.07,56.39,-0.02,44.58,5,0,2789.8117549019607,2789.725,2791.4249,2791.5742999999998,2792.7984300000003,1.7233931917856138,2770.213,0.5579090625000542,1,0.513,57.27,45.5,False,,2789.545312500271,0.8800000000000026,2.7804,0.9965199649659603,0.9967215759287761,1.187866108786611,4.0,0.414,19.12,,,,,,,,,,,,,100.0,102,1.792406804648209,1.7920442471694005,12,12,12.0,202.073,202.28045,202.3669,565.9055000000001,568.5363,569.35178,0.9200000000000017,54.128,1
