start_ts,end_ts,start_mono,end_mono,response_time_ms,request_type,name,success,exception,response_length,user,http_status,stages_logged
1790479271.506116,1790479274.395943,39315.111007,39318.000834,2889.828,POST,/api/inference,True,,1191,0,200,
1790479271.53573,1790479274.423465,39315.140621,39318.028356,2887.736,POST,/api/inference,True,,1191,1,200,
1790479271.565118,1790479274.454548,39315.170009,39318.059439,2889.43,POST,/api/inference,True,,1191,2,200,
1790479271.593107,1790479274.481995,39315.197998,39318.086886,2888.889,POST,/api/inference,True,,1191,3,200,
1790479271.622251,1790479274.513407,39315.227142,39318.118298,2891.156,POST,/api/inference,True,,1191,4,200,
1790479271.650741,1790479274.538947,39315.255632,39318.143839,2888.207,POST,/api/inference,True,,1191,5,200,
1790479271.679519,1790479274.568352,39315.284411,39318.173243,2888.833,POST,/api/inference,True,,1191,6,200,
1790479271.708636,1790479274.598651,39315.313527,39318.203543,2890.015,POST,/api/inference,True,,1191,7,200,
1790479271.737839,1790479274.625503,39315.34273,39318.230394,2887.664,POST,/api/inference,True,,1191,8,200,
1790479271.765744,1790479274.654165,39315.370636,39318.259056,2888.42,POST,/api/inference,True,,1191,9,200,
1790479271.794666,1790479274.683535,39315.399557,39318.288426,2888.869,POST,/api/inference,True,,1191,10,200,
1790479271.823537,1790479274.7135,39315.428428,39318.318391,2889.963,POST,/api/inference,True,,1191,11,200,
1790479271.852287,1790479274.74203,39315.457178,39318.346921,2889.743,POST,/api/inference,True,,1191,12,200,
1790479271.881651,1790479274.770769,39315.486542,39318.375661,2889.119,POST,/api/inference,True,,1191,13,200,
1790479271.909885,1790479274.800061,39315.514776,39318.404952,2890.176,POST,/api/inference,True,,1191,14,200,
1790479271.938974,1790479274.828504,39315.543866,39318.433395,2889.53,POST,/api/inference,True,,1191,15,200,
1790479271.967827,1790479274.855824,39315.572718,39318.460715,2887.997,POST,/api/inference,True,,1191,16,200,
1790479271.996524,1790479274.885837,39315.601415,39318.490728,2889.313,POST,/api/inference,True,,1191,17,200,
1790479272.025615,1790479274.913932,39315.630506,39318.518824,2888.318,POST,/api/inference,True,,1191,18,200,
1790479272.053597,1790479274.942752,39315.658488,39318.547643,2889.155,POST,/api/inference,True,,1191,19,200,
1790479272.082591,1790479274.97177,39315.687482,39318.576661,2889.179,POST,/api/inference,True,,1191,20,200,
1790479272.111643,1790479275.000732,39315.716534,39318.605623,2889.09,POST,/api/inference,True,,1191,21,200,
1790479272.140456,1790479275.02994,39315.745347,39318.634832,2889.484,POST,/api/inference,True,,1191,22,200,
1790479272.169415,1790479275.059208,39315.774307,39318.664099,2889.793,POST,/api/inference,True,,1191,23,200,
1790479272.197738,1790479275.086382,39315.802629,39318.691274,2888.645,POST,/api/inference,True,,1191,24,200,
1790479272.226698,1790479275.116613,39315.831589,39318.721504,2889.915,POST,/api/inference,True,,1191,25,200,
1790479272.255497,1790479275.144203,39315.860388,39318.749095,2888.707,POST,/api/inference,True,,1191,26,200,
1790479272.284249,1790479275.174162,39315.889141,39318.779054,2889.913,POST,/api/inference,True,,1191,27,200,
1790479272.313273,1790479275.22009,39315.918164,39318.824981,2906.816,POST,/api/inference,True,,1191,28,200,
1790479272.341434,1790479275.230778,39315.946325,39318.835669,2889.344,POST,/api/inference,True,,1191,29,200,
1790479272.371052,1790479275.261631,39315.975943,39318.866522,2890.579,POST,/api/inference,True,,1191,30,200,
1790479272.399918,1790479275.292553,39316.004809,39318.897444,2892.635,POST,/api/inference,True,,1191,31,200,
1790479272.427564,1790479275.317738,39316.032456,39318.922629,2890.173,POST,/api/inference,True,,1191,32,200,
1790479272.456242,1790479275.346125,39316.061133,39318.951016,2889.884,POST,/api/inference,True,,1191,33,200,
1790479272.500921,1790479275.387713,39316.105813,39318.992605,2886.792,POST,/api/inference,True,,1191,34,200,
1790479272.514091,1790479275.402215,39316.118982,39319.007106,2888.124,POST,/api/inference,True,,1191,35,200,
1790479272.543445,1790479275.430781,39316.148336,39319.035672,2887.336,POST,/api/inference,True,,1191,36,200,
1790479272.572504,1790479275.460538,39316.177395,39319.065429,2888.034,POST,/api/inference,True,,1191,37,200,
1790479272.601157,1790479275.489875,39316.206048,39319.094766,2888.718,POST,/api/inference,True,,1191,38,200,
1790479272.62986,1790479275.517995,39316.234751,39319.122887,2888.135,POST,/api/inference,True,,1191,39,200,
1790479272.658659,1790479275.548503,39316.263549,39319.153394,2889.845,POST,/api/inference,True,,1191,40,200,
1790479272.686985,1790479275.575409,39316.291876,39319.1803,2888.424,POST,/api/inference,True,,1191,41,200,
1790479272.715938,1790479275.60471,39316.320829,39319.209601,2888.772,POST,/api/inference,True,,1191,42,200,
1790479272.74472,1790479275.63297,39316.349611,39319.237861,2888.25,POST,/api/inference,True,,1191,43,200,
1790479272.77356,1790479275.661723,39316.378451,39319.266615,2888.163,POST,/api/inference,True,,1191,44,200,
1790479272.802609,1790479275.692078,39316.407501,39319.296969,2889.468,POST,/api/inference,True,,1191,45,200,
1790479272.830501,1790479275.720232,39316.435392,39319.325123,2889.731,POST,/api/inference,True,,1191,46,200,
1790479272.859688,1790479275.749119,39316.464579,39319.354011,2889.431,POST,/api/inference,True,,1191,47,200,
1790479272.888653,1790479275.778444,39316.493544,39319.383336,2889.792,POST,/api/inference,True,,1191,48,200,
1790479272.91743,1790479275.807478,39316.522321,39319.41237,2890.048,POST,/api/inference,True,,1191,49,200,
1790479272.946269,1790479275.836556,39316.55116,39319.441448,2890.287,POST,/api/inference,True,,1191,50,200,
1790479272.975379,1790479275.864595,39316.580271,39319.469486,2889.215,POST,/api/inference,True,,1191,51,200,
1790479273.003363,1790479275.893088,39316.608254,39319.497979,2889.725,POST,/api/inference,True,,1191,52,200,
1790479273.03192,1790479275.921295,39316.636811,39319.526186,2889.376,POST,/api/inference,True,,1191,53,200,
1790479273.060892,1790479275.951325,39316.665784,39319.556216,2890.432,POST,/api/inference,True,,1191,54,200,
1790479273.090301,1790479275.991302,39316.695192,39319.596193,2901.001,POST,/api/inference,True,,1191,55,200,
1790479273.119105,1790479276.010021,39316.723996,39319.614912,2890.916,POST,/api/inference,True,,1191,56,200,
1790479273.147467,1790479276.037364,39316.752358,39319.642255,2889.897,POST,/api/inference,True,,1191,57,200,
1790479273.176235,1790479276.065581,39316.781126,39319.670472,2889.346,POST,/api/inference,True,,1191,58,200,
1790479273.204812,1790479276.094299,39316.809703,39319.69919,2889.487,POST,/api/inference,True,,1191,59,200,
1790479273.233869,1790479276.139388,39316.83876,39319.744279,2905.519,POST,/api/inference,True,,1191,60,200,
1790479273.262901,1790479276.151368,39316.867792,39319.75626,2888.468,POST,/api/inference,True,,1191,61,200,
1790479273.291717,1790479276.181806,39316.896608,39319.786697,2890.089,POST,/api/inference,True,,1191,62,200,
1790479273.320885,1790479276.21016,39316.925776,39319.815051,2889.275,POST,/api/inference,True,,1191,63,200,
1790479273.349115,1790479276.238325,39316.954006,39319.843216,2889.21,POST,/api/inference,True,,1191,64,200,
1790479273.378099,1790479276.267034,39316.98299,39319.871925,2888.935,POST,/api/inference,True,,1191,65,200,
1790479273.4068,1790479276.296658,39317.011691,39319.901549,2889.858,POST,/api/inference,True,,1191,66,200,
1790479273.43586,1790479276.326058,39317.040752,39319.93095,2890.198,POST,/api/inference,True,,1191,67,200,
1790479273.467067,1790479276.357713,39317.071958,39319.962604,2890.646,POST,/api/inference,True,,1191,68,200,
1790479273.492825,1790479276.381253,39317.097716,39319.986144,2888.428,POST,/api/inference,True,,1191,69,200,
1790479273.521364,1790479276.412672,39317.126255,39320.017563,2891.307,POST,/api/inference,True,,1191,70,200,
1790479273.55045,1790479276.440458,39317.155341,39320.045349,2890.007,POST,/api/inference,True,,1191,71,200,
1790479273.579464,1790479276.467609,39317.184355,39320.0725,2888.145,POST,/api/inference,True,,1191,72,200,
1790479273.607949,1790479276.499411,39317.21284,39320.104302,2891.462,POST,/api/inference,True,,1191,73,200,
1790479273.636398,1790479276.526886,39317.241289,39320.131777,2890.488,POST,/api/inference,True,,1191,74,200,
1790479273.665325,1790479276.554916,39317.270217,39320.159808,2889.591,POST,/api/inference,True,,1191,75,200,
1790479273.69454,1790479276.586167,39317.299431,39320.191058,2891.627,POST,/api/inference,True,,1191,76,200,
1790479273.722613,1790479276.611797,39317.327505,39320.216688,2889.183,POST,/api/inference,True,,1191,77,200,
1790479273.75169,1790479276.640949,39317.356581,39320.24584,2889.259,POST,/api/inference,True,,1191,78,200,
1790479273.78048,1790479276.669513,39317.385372,39320.274405,2889.033,POST,/api/inference,True,,1191,79,200,
1790479273.809338,1790479276.697507,39317.414229,39320.302398,2888.169,POST,/api/inference,True,,1191,80,200,
1790479273.838294,1790479276.726678,39317.443185,39320.331569,2888.384,POST,/api/inference,True,,1191,81,200,
1790479273.866855,1790479276.755982,39317.471746,39320.360873,2889.127,POST,/api/inference,True,,1191,82,200,
1790479273.89572,1790479276.785595,39317.500611,39320.390486,2889.875,POST,/api/inference,True,,1191,83,200,
1790479273.924605,1790479276.81474,39317.529496,39320.419632,2890.135,POST,/api/inference,True,,1191,84,200,
1790479273.953388,1790479276.84301,39317.558279,39320.447901,2889.622,POST,/api/inference,True,,1191,85,200,
1790479273.982657,1790479276.870993,39317.587548,39320.475884,2888.336,POST,/api/inference,True,,1191,86,200,
1790479274.011828,1790479276.901953,39317.616719,39320.506845,2890.125,POST,/api/inference,True,,1191,87,200,
1790479274.039816,1790479276.929057,39317.644707,39320.533948,2889.241,POST,/api/inference,True,,1191,88,200,
1790479274.068593,1790479276.958646,39317.673484,39320.563537,2890.052,POST,/api/inference,True,,1191,89,200,
1790479274.09772,1790479276.988307,39317.702611,39320.593198,2890.586,POST,/api/inference,True,,1191,90,200,
1790479274.126718,1790479277.015795,39317.731609,39320.620686,2889.076,POST,/api/inference,True,,1191,91,200,
1790479274.154764,1790479277.044738,39317.759655,39320.649629,2889.974,POST,/api/inference,True,,1191,92,200,
1790479274.183978,1790479277.073659,39317.788869,39320.678551,2889.681,POST,/api/inference,True,,1191,93,200,
1790479274.211812,1790479277.100486,39317.816703,39320.705377,2888.674,POST,/api/inference,True,,1191,94,200,
1790479274.241585,1790479277.129709,39317.846476,39320.7346,2888.123,POST,/api/inference,True,,1191,95,200,
1790479274.27043,1790479277.160498,39317.875321,39320.765389,2890.068,POST,/api/inference,True,,1191,96,200,
1790479274.29832,1790479277.190514,39317.903211,39320.795405,2892.194,POST,/api/inference,True,,1191,97,200,
1790479274.327327,1790479277.218437,39317.932217,39320.823328,2891.11,POST,/api/inference,True,,1191,98,200,
1790479274.356553,1790479277.246414,39317.961444,39320.851306,2889.862,POST,/api/inference,True,,1191,99,200,
1790479274.396145,1790479277.282865,39318.001036,39320.887756,2886.721,POST,/api/inference,True,,1191,0,200,
1790479274.423652,1790479277.310801,39318.028543,39320.915692,2887.149,POST,/api/inference,True,,1191,1,200,
1790479274.454699,1790479277.341682,39318.05959,39320.946573,2886.983,POST,/api/inference,True,,1191,2,200,
1790479274.482142,1790479277.369038,39318.087033,39320.973929,2886.896,POST,/api/inference,True,,1191,3,200,
1790479274.513545,1790479277.400755,39318.118436,39321.005646,2887.21,POST,/api/inference,True,,1191,4,200,
1790479274.539074,1790479277.424788,39318.143965,39321.029679,2885.714,POST,/api/inference,True,,1191,5,200,
1790479274.568503,1790479277.455476,39318.173394,39321.060368,2886.973,POST,/api/inference,True,,1191,6,200,
1790479274.598804,1790479277.487009,39318.203695,39321.0919,2888.205,POST,/api/inference,True,,1191,7,200,
1790479274.625627,1790479277.512744,39318.230519,39321.117635,2887.116,POST,/api/inference,True,,1191,8,200,
1790479274.65432,1790479277.541484,39318.259211,39321.146375,2887.164,POST,/api/inference,True,,1191,9,200,
1790479274.683695,1790479277.57018,39318.288586,39321.175071,2886.485,POST,/api/inference,True,,1191,10,200,
1790479274.713666,1790479277.60109,39318.318558,39321.205981,2887.424,POST,/api/inference,True,,1191,11,200,
1790479274.74218,1790479277.629672,39318.347071,39321.234563,2887.492,POST,/api/inference,True,,1191,12,200,
1790479274.77091,1790479277.656501,39318.375801,39321.261392,2885.59,POST,/api/inference,True,,1191,13,200,
1790479274.800215,1790479277.687053,39318.405107,39321.291944,2886.838,POST,/api/inference,True,,1191,14,200,
1790479274.828655,1790479277.715428,39318.433546,39321.320319,2886.773,POST,/api/inference,True,,1191,15,200,
1790479274.855972,1790479277.741821,39318.460863,39321.346712,2885.849,POST,/api/inference,True,,1191,16,200,
1790479274.885982,1790479277.772707,39318.490873,39321.377599,2886.726,POST,/api/inference,True,,1191,17,200,
1790479274.914064,1790479277.799788,39318.518955,39321.404679,2885.724,POST,/api/inference,True,,1191,18,200,
1790479274.942922,1790479277.829911,39318.547814,39321.434803,2886.989,POST,/api/inference,True,,1191,19,200,
1790479274.97193,1790479277.85819,39318.576821,39321.463081,2886.26,POST,/api/inference,True,,1191,20,200,
1790479275.000903,1790479277.888114,39318.605794,39321.493005,2887.21,POST,/api/inference,True,,1191,21,200,
1790479275.03009,1790479277.916102,39318.634981,39321.520993,2886.013,POST,/api/inference,True,,1191,22,200,
1790479275.059371,1790479277.946342,39318.664262,39321.551233,2886.971,POST,/api/inference,True,,1191,23,200,
1790479275.08653,1790479277.973917,39318.691422,39321.578808,2887.387,POST,/api/inference,True,,1191,24,200,
1790479275.116776,1790479278.004683,39318.721667,39321.609574,2887.907,POST,/api/inference,True,,1191,25,200,
1790479275.144367,1790479278.03204,39318.749258,39321.636931,2887.673,POST,/api/inference,True,,1191,26,200,
1790479275.174309,1790479278.06077,39318.7792,39321.665661,2886.461,POST,/api/inference,True,,1191,27,200,
1790479275.220243,1790479278.10684,39318.825134,39321.711731,2886.597,POST,/api/inference,True,,1191,28,200,
1790479275.230933,1790479278.118083,39318.835824,39321.722975,2887.15,POST,/api/inference,True,,1191,29,200,
1790479275.261783,1790479278.148465,39318.866674,39321.753357,2886.682,POST,/api/inference,True,,1191,30,200,
1790479275.292753,1790479278.180176,39318.897645,39321.785068,2887.423,POST,/api/inference,True,,1191,31,200,
1790479275.317896,1790479278.205158,39318.922787,39321.810049,2887.262,POST,/api/inference,True,,1191,32,200,
1790479275.346283,1790479278.233094,39318.951174,39321.837986,2886.812,POST,/api/inference,True,,1191,33,200,
1790479275.387878,1790479278.274262,39318.99277,39321.879153,2886.384,POST,/api/inference,True,,1191,34,200,
1790479275.402404,1790479278.289625,39319.007295,39321.894516,2887.22,POST,/api/inference,True,,1191,35,200,
1790479275.430933,1790479278.317672,39319.035824,39321.922563,2886.739,POST,/api/inference,True,,1191,36,200,
1790479275.460692,1790479278.346774,39319.065583,39321.951666,2886.083,POST,/api/inference,True,,1191,37,200,
1790479275.490029,1790479278.376756,39319.09492,39321.981647,2886.727,POST,/api/inference,True,,1191,38,200,
1790479275.518131,1790479278.404615,39319.123022,39322.009507,2886.485,POST,/api/inference,True,,1191,39,200,
1790479275.548659,1790479278.435863,39319.153551,39322.040754,2887.203,POST,/api/inference,True,,1191,40,200,
1790479275.575528,1790479278.461012,39319.180419,39322.065904,2885.485,POST,/api/inference,True,,1191,41,200,
1790479275.604858,1790479278.490939,39319.209749,39322.09583,2886.081,POST,/api/inference,True,,1191,42,200,
1790479275.633117,1790479278.519343,39319.238008,39322.124234,2886.225,POST,/api/inference,True,,1191,43,200,
1790479275.661852,1790479278.549174,39319.266744,39322.154065,2887.322,POST,/api/inference,True,,1191,44,200,
1790479275.692234,1790479278.578634,39319.297125,39322.183525,2886.399,POST,/api/inference,True,,1191,45,200,
1790479275.720399,1790479278.609518,39319.32529,39322.214409,2889.119,POST,/api/inference,True,,1191,46,200,
1790479275.749272,1790479278.635851,39319.354163,39322.240742,2886.58,POST,/api/inference,True,,1191,47,200,
1790479275.778599,1790479278.664728,39319.38349,39322.26962,2886.13,POST,/api/inference,True,,1191,48,200,
1790479275.807634,1790479278.692799,39319.412525,39322.29769,2885.166,POST,/api/inference,True,,1191,49,200,
1790479275.836742,1790479278.723869,39319.441633,39322.32876,2887.127,POST,/api/inference,True,,1191,50,200,
1790479275.864747,1790479278.751321,39319.469639,39322.356212,2886.574,POST,/api/inference,True,,1191,51,200,
1790479275.893235,1790479278.778588,39319.498127,39322.383479,2885.353,POST,/api/inference,True,,1191,52,200,
1790479275.921451,1790479278.808212,39319.526343,39322.413103,2886.76,POST,/api/inference,True,,1191,53,200,
1790479275.951493,1790479278.838102,39319.556384,39322.442993,2886.61,POST,/api/inference,True,,1191,54,200,
1790479275.991464,1790479278.878489,39319.596355,39322.48338,2887.025,POST,/api/inference,True,,1191,55,200,
1790479276.010195,1790479278.896627,39319.615086,39322.501519,2886.433,POST,/api/inference,True,,1191,56,200,
1790479276.037517,1790479278.923451,39319.642408,39322.528342,2885.934,POST,/api/inference,True,,1191,57,200,
1790479276.065727,1790479278.95261,39319.670619,39322.557502,2886.883,POST,/api/inference,True,,1191,58,200,
1790479276.094445,1790479278.98059,39319.699336,39322.585481,2886.145,POST,/api/inference,True,,1191,59,200,
1790479276.139532,1790479279.026547,39319.744423,39322.631438,2887.015,POST,/api/inference,True,,1191,60,200,
1790479276.151512,1790479279.038137,39319.756403,39322.643029,2886.626,POST,/api/inference,True,,1191,61,200,
1790479276.181955,1790479279.067953,39319.786846,39322.672844,2885.998,POST,/api/inference,True,,1191,62,200,
1790479276.210311,1790479279.097075,39319.815203,39322.701967,2886.764,POST,/api/inference,True,,1191,63,200,
1790479276.238485,1790479279.125266,39319.843376,39322.730157,2886.781,POST,/api/inference,True,,1191,64,200,
1790479276.267283,1790479279.154646,39319.872174,39322.759537,2887.363,POST,/api/inference,True,,1191,65,200,
1790479276.296814,1790479279.185112,39319.901705,39322.790003,2888.298,POST,/api/inference,True,,1191,66,200,
1790479276.326213,1790479279.213762,39319.931104,39322.818653,2887.549,POST,/api/inference,True,,1191,67,200,
1790479276.357875,1790479279.245213,39319.962767,39322.850105,2887.338,POST,/api/inference,True,,1191,68,200,
1790479276.381421,1790479279.267678,39319.986312,39322.872569,2886.257,POST,/api/inference,True,,1191,69,200,
1790479276.412852,1790479279.300074,39320.017743,39322.904965,2887.222,POST,/api/inference,True,,1191,70,200,
1790479276.440609,1790479279.326771,39320.0455,39322.931662,2886.162,POST,/api/inference,True,,1191,71,200,
1790479276.467773,1790479279.35638,39320.072665,39322.961271,2888.606,POST,/api/inference,True,,1191,72,200,
1790479276.499582,1790479279.386478,39320.104473,39322.991369,2886.896,POST,/api/inference,True,,1191,73,200,
1790479276.527036,1790479279.413543,39320.131927,39323.018434,2886.507,POST,/api/inference,True,,1191,74,200,
1790479276.55507,1790479279.44132,39320.159961,39323.046211,2886.25,POST,/api/inference,True,,1191,75,200,
1790479276.586314,1790479279.472465,39320.191205,39323.077356,2886.151,POST,/api/inference,True,,1191,76,200,
1790479276.611911,1790479279.497392,39320.216802,39323.102284,2885.482,POST,/api/inference,True,,1191,77,200,
1790479276.641093,1790479279.527505,39320.245985,39323.132397,2886.412,POST,/api/inference,True,,1191,78,200,
1790479276.669663,1790479279.556798,39320.274554,39323.161689,2887.135,POST,/api/inference,True,,1191,79,200,
1790479276.697642,1790479279.584043,39320.302533,39323.188934,2886.401,POST,/api/inference,True,,1191,80,200,
1790479276.726815,1790479279.612966,39320.331706,39323.217857,2886.151,POST,/api/inference,True,,1191,81,200,
1790479276.756118,1790479279.641801,39320.361009,39323.246692,2885.683,POST,/api/inference,True,,1191,82,200,
1790479276.78574,1790479279.672237,39320.390631,39323.277128,2886.497,POST,/api/inference,True,,1191,83,200,
1790479276.814888,1790479279.701423,39320.419778,39323.306314,2886.536,POST,/api/inference,True,,1191,84,200,
1790479276.843367,1790479279.728866,39320.448258,39323.333757,2885.498,POST,/api/inference,True,,1191,85,200,
1790479276.871267,1790479279.758542,39320.476158,39323.363433,2887.275,POST,/api/inference,True,,1191,86,200,
1790479276.902106,1790479279.788733,39320.506997,39323.393624,2886.627,POST,/api/inference,True,,1191,87,200,
1790479276.929209,1790479279.814687,39320.534101,39323.419578,2885.477,POST,/api/inference,True,,1191,88,200,
1790479276.958804,1790479279.845089,39320.563695,39323.449981,2886.285,POST,/api/inference,True,,1191,89,200,
1790479276.988443,1790479279.874614,39320.593335,39323.479505,2886.17,POST,/api/inference,True,,1191,90,200,
1790479277.015963,1790479279.902307,39320.620854,39323.507198,2886.344,POST,/api/inference,True,,1191,91,200,
1790479277.044885,1790479279.930351,39320.649776,39323.535242,2885.466,POST,/api/inference,True,,1191,92,200,
1790479277.073807,1790479279.959884,39320.678698,39323.564775,2886.077,POST,/api/inference,True,,1191,93,200,
1790479277.100629,1790479279.986432,39320.70552,39323.591323,2885.803,POST,/api/inference,True,,1191,94,200,
1790479277.12986,1790479280.016752,39320.734751,39323.621643,2886.892,POST,/api/inference,True,,1191,95,200,
1790479277.160658,1790479280.049656,39320.765549,39323.654547,2888.997,POST,/api/inference,True,,1191,96,200,
1790479277.190688,1790479280.077779,39320.795579,39323.68267,2887.091,POST,/api/inference,True,,1191,97,200,
1790479277.218594,1790479280.105326,39320.823485,39323.710217,2886.732,POST,/api/inference,True,,1191,98,200,
1790479277.246567,1790479280.133062,39320.851458,39323.737953,2886.495,POST,/api/inference,True,,1191,99,200,
1790479277.283023,1790479280.170247,39320.887915,39323.775138,2887.224,POST,/api/inference,True,,1191,0,200,
1790479277.310976,1790479280.197737,39320.915867,39323.802628,2886.761,POST,/api/inference,True,,1191,1,200,
1790479277.341871,1790479280.2283,39320.946762,39323.833192,2886.43,POST,/api/inference,True,,1191,2,200,
1790479277.369201,1790479280.256944,39320.974092,39323.861835,2887.743,POST,/api/inference,True,,1191,3,200,
1790479277.40092,1790479280.287348,39321.005811,39323.892239,2886.428,POST,/api/inference,True,,1191,4,200,
1790479277.424952,1790479280.313484,39321.029843,39323.918375,2888.532,POST,/api/inference,True,,1191,5,200,
1790479277.455805,1790479280.344059,39321.060696,39323.94895,2888.254,POST,/api/inference,True,,1191,6,200,
1790479277.487318,1790479280.375431,39321.092209,39323.980322,2888.113,POST,/api/inference,True,,1191,7,200,
1790479277.5129,1790479280.399803,39321.117791,39324.004694,2886.903,POST,/api/inference,True,,1191,8,200,
1790479277.54164,1790479280.428154,39321.146531,39324.033045,2886.514,POST,/api/inference,True,,1191,9,200,
1790479277.570341,1790479280.457574,39321.175232,39324.062465,2887.233,POST,/api/inference,True,,1191,10,200,
1790479277.601255,1790479280.488808,39321.206146,39324.093699,2887.553,POST,/api/inference,True,,1191,11,200,
1790479277.629822,1790479280.516581,39321.234714,39324.121472,2886.759,POST,/api/inference,True,,1191,12,200,
1790479277.656631,1790479280.544078,39321.261522,39324.148969,2887.447,POST,/api/inference,True,,1191,13,200,
1790479277.687338,1790479280.574766,39321.292229,39324.179657,2887.428,POST,/api/inference,True,,1191,14,200,
1790479277.715583,1790479280.602326,39321.320475,39324.207217,2886.742,POST,/api/inference,True,,1191,15,200,
1790479277.741954,1790479280.629737,39321.346845,39324.234628,2887.783,POST,/api/inference,True,,1191,16,200,
1790479277.77286,1790479280.658835,39321.377751,39324.263726,2885.975,POST,/api/inference,True,,1191,17,200,
1790479277.79995,1790479280.686143,39321.404841,39324.291034,2886.193,POST,/api/inference,True,,1191,18,200,
1790479277.830063,1790479280.716259,39321.434954,39324.321151,2886.197,POST,/api/inference,True,,1191,19,200,
1790479277.858346,1790479280.74538,39321.463237,39324.350271,2887.034,POST,/api/inference,True,,1191,20,200,
1790479277.888273,1790479280.772987,39321.493164,39324.377878,2884.714,POST,/api/inference,True,,1191,21,200,
1790479277.916249,1790479280.802374,39321.521141,39324.407265,2886.125,POST,/api/inference,True,,1191,22,200,
1790479277.946501,1790479280.833166,39321.551392,39324.438057,2886.665,POST,/api/inference,True,,1191,23,200,
1790479277.974066,1790479280.859388,39321.578958,39324.464279,2885.321,POST,/api/inference,True,,1191,24,200,
1790479278.004861,1790479280.891953,39321.609752,39324.496845,2887.093,POST,/api/inference,True,,1191,25,200,
1790479278.0323,1790479280.919389,39321.63719,39324.52428,2887.089,POST,/api/inference,True,,1191,26,200,
1790479278.060922,1790479280.948781,39321.665814,39324.553672,2887.859,POST,/api/inference,True,,1191,27,200,
1790479278.106989,1790479280.993939,39321.71188,39324.598831,2886.95,POST,/api/inference,True,,1191,28,200,
1790479278.118236,1790479281.005675,39321.723127,39324.610566,2887.439,POST,/api/inference,True,,1191,29,200,
1790479278.14872,1790479281.035235,39321.753611,39324.640126,2886.516,POST,/api/inference,True,,1191,30,200,
1790479278.180329,1790479281.066804,39321.78522,39324.671695,2886.475,POST,/api/inference,True,,1191,31,200,
1790479278.20531,1790479281.092366,39321.810201,39324.697257,2887.056,POST,/api/inference,True,,1191,32,200,
1790479278.23324,1790479281.119768,39321.838132,39324.724659,2886.527,POST,/api/inference,True,,1191,33,200,
1790479278.274411,1790479281.161292,39321.879302,39324.766183,2886.881,POST,/api/inference,True,,1191,34,200,
1790479278.289785,1790479281.17704,39321.894676,39324.781932,2887.256,POST,/api/inference,True,,1191,35,200,
1790479278.31782,1790479281.204626,39321.922712,39324.809517,2886.806,POST,/api/inference,True,,1191,36,200,
1790479278.34692,1790479281.233415,39321.951811,39324.838306,2886.495,POST,/api/inference,True,,1191,37,200,
1790479278.376887,1790479281.262575,39321.981778,39324.867466,2885.688,POST,/api/inference,True,,1191,38,200,
1790479278.404773,1790479281.290872,39322.009664,39324.895763,2886.1,POST,/api/inference,True,,1191,39,200,
1790479278.436007,1790479281.321434,39322.040898,39324.926325,2885.427,POST,/api/inference,True,,1191,40,200,
1790479278.461152,1790479281.345993,39322.066043,39324.950885,2884.842,POST,/api/inference,True,,1191,41,200,
1790479278.491086,1790479281.37655,39322.095977,39324.981441,2885.464,POST,/api/inference,True,,1191,42,200,
1790479278.519492,1790479281.40473,39322.124383,39325.009621,2885.238,POST,/api/inference,True,,1191,43,200,
1790479278.549328,1790479281.434997,39322.154219,39325.039889,2885.669,POST,/api/inference,True,,1191,44,200,
1790479278.578779,1790479281.4641,39322.18367,39325.068991,2885.322,POST,/api/inference,True,,1191,45,200,
1790479278.609712,1790479281.497608,39322.214603,39325.1025,2887.896,POST,/api/inference,True,,1191,46,200,
1790479278.635997,1790479281.522451,39322.240888,39325.127342,2886.454,POST,/api/inference,True,,1191,47,200,
1790479278.664873,1790479281.550518,39322.269764,39325.155409,2885.645,POST,/api/inference,True,,1191,48,200,
1790479278.692925,1790479281.580246,39322.297817,39325.185137,2887.321,POST,/api/inference,True,,1191,49,200,
1790479278.724057,1790479281.610851,39322.328949,39325.215742,2886.793,POST,/api/inference,True,,1191,50,200,
1790479278.751473,1790479281.637791,39322.356364,39325.242682,2886.318,POST,/api/inference,True,,1191,51,200,
1790479278.778723,1790479281.664438,39322.383614,39325.26933,2885.716,POST,/api/inference,True,,1191,52,200,
1790479278.808357,1790479281.694189,39322.413249,39325.29908,2885.832,POST,/api/inference,True,,1191,53,200,
1790479278.838251,1790479281.724263,39322.443142,39325.329154,2886.012,POST,/api/inference,True,,1191,54,200,
1790479278.87869,1790479281.765782,39322.48358,39325.370673,2887.093,POST,/api/inference,True,,1191,55,200,
1790479278.896773,1790479281.784309,39322.501665,39325.389201,2887.536,POST,/api/inference,True,,1191,56,200,
1790479278.923616,1790479281.808393,39322.528507,39325.413284,2884.778,POST,/api/inference,True,,1191,57,200,
1790479278.952761,1790479281.838588,39322.557653,39325.443479,2885.827,POST,/api/inference,True,,1191,58,200,
1790479278.98074,1790479281.867915,39322.585631,39325.472807,2887.175,POST,/api/inference,True,,1191,59,200,
1790479279.026748,1790479281.912796,39322.631639,39325.517688,2886.048,POST,/api/inference,True,,1191,60,200,
1790479279.038284,1790479281.925008,39322.643175,39325.5299,2886.724,POST,/api/inference,True,,1191,61,200,
1790479279.068112,1790479281.95601,39322.673003,39325.560901,2887.898,POST,/api/inference,True,,1191,62,200,
1790479279.097226,1790479281.983619,39322.702117,39325.58851,2886.393,POST,/api/inference,True,,1191,63,200,
1790479279.125423,1790479282.012186,39322.730314,39325.617078,2886.763,POST,/api/inference,True,,1191,64,200,
1790479279.154812,1790479282.041943,39322.759703,39325.646835,2887.132,POST,/api/inference,True,,1191,65,200,
1790479279.185272,1790479282.073023,39322.790162,39325.677914,2887.752,POST,/api/inference,True,,1191,66,200,
1790479279.213919,1790479282.100472,39322.81881,39325.705363,2886.553,POST,/api/inference,True,,1191,67,200,
1790479279.245368,1790479282.133645,39322.850259,39325.738536,2888.278,POST,/api/inference,True,,1191,68,200,
1790479279.267833,1790479282.155828,39322.872725,39325.76072,2887.995,POST,/api/inference,True,,1191,69,200,
1790479279.300234,1790479282.186791,39322.905125,39325.791682,2886.557,POST,/api/inference,True,,1191,70,200,
1790479279.326916,1790479282.21448,39322.931807,39325.819371,2887.564,POST,/api/inference,True,,1191,71,200,
1790479279.356542,1790479282.243834,39322.961433,39325.848726,2887.292,POST,/api/inference,True,,1191,72,200,
1790479279.38664,1790479282.2734,39322.991532,39325.878292,2886.76,POST,/api/inference,True,,1191,73,200,
1790479279.413688,1790479282.300678,39323.01858,39325.905569,2886.989,POST,/api/inference,True,,1191,74,200,
1790479279.441467,1790479282.328565,39323.046358,39325.933456,2887.099,POST,/api/inference,True,,1191,75,200,
1790479279.472612,1790479282.35872,39323.077504,39325.963611,2886.108,POST,/api/inference,True,,1191,76,200,
1790479279.497541,1790479282.383531,39323.102432,39325.988422,2885.99,POST,/api/inference,True,,1191,77,200,
1790479279.527654,1790479282.413789,39323.132546,39326.01868,2886.134,POST,/api/inference,True,,1191,78,200,
1790479279.556954,1790479282.444141,39323.161845,39326.049032,2887.187,POST,/api/inference,True,,1191,79,200,
1790479279.584201,1790479282.473579,39323.189093,39326.07847,2889.378,POST,/api/inference,True,,1191,80,200,
1790479279.613112,1790479282.498747,39323.218003,39326.103638,2885.635,POST,/api/inference,True,,1191,81,200,
1790479279.641954,1790479282.528338,39323.246846,39326.133229,2886.383,POST,/api/inference,True,,1191,82,200,
1790479279.672394,1790479282.559586,39323.277286,39326.164478,2887.192,POST,/api/inference,True,,1191,83,200,
1790479279.701582,1790479282.588039,39323.306473,39326.192931,2886.457,POST,/api/inference,True,,1191,84,200,
1790479279.728997,1790479282.615671,39323.333888,39326.220562,2886.674,POST,/api/inference,True,,1191,85,200,
1790479279.75869,1790479282.645598,39323.363582,39326.250489,2886.908,POST,/api/inference,True,,1191,86,200,
1790479279.788877,1790479282.67586,39323.393769,39326.280751,2886.982,POST,/api/inference,True,,1191,87,200,
1790479279.814852,1790479282.70103,39323.419743,39326.305921,2886.178,POST,/api/inference,True,,1191,88,200,
1790479279.845237,1790479282.73253,39323.450128,39326.337421,2887.293,POST,/api/inference,True,,1191,89,200,
1790479279.874762,1790479282.761677,39323.479653,39326.366569,2886.916,POST,/api/inference,True,,1191,90,200,
1790479279.902475,1790479282.789081,39323.507367,39326.393972,2886.605,POST,/api/inference,True,,1191,91,200,
1790479279.930491,1790479282.817171,39323.535382,39326.422062,2886.679,POST,/api/inference,True,,1191,92,200,
1790479279.960034,1790479282.845749,39323.564925,39326.45064,2885.715,POST,/api/inference,True,,1191,93,200,
1790479279.986578,1790479282.872464,39323.591469,39326.477356,2885.887,POST,/api/inference,True,,1191,94,200,
1790479280.016924,1790479282.903755,39323.621815,39326.508646,2886.832,POST,/api/inference,True,,1191,95,200,
1790479280.049811,1790479282.935093,39323.654702,39326.539984,2885.282,POST,/api/inference,True,,1191,96,200,
1790479280.077953,1790479282.96534,39323.682845,39326.570231,2887.386,POST,/api/inference,True,,1191,97,200,
1790479280.105479,1790479282.99295,39323.71037,39326.597842,2887.471,POST,/api/inference,True,,1191,98,200,
1790479280.133216,1790479283.021153,39323.738108,39326.626044,2887.936,POST,/api/inference,True,,1191,99,200,
1790479280.170399,1790479283.057517,39323.77529,39326.662408,2887.117,POST,/api/inference,True,,1191,0,200,
1790479280.197896,1790479283.084615,39323.802787,39326.689506,2886.719,POST,/api/inference,True,,1191,1,200,
1790479280.228455,1790479283.114849,39323.833346,39326.71974,2886.394,POST,/api/inference,True,,1191,2,200,
1790479280.257118,1790479283.143674,39323.862009,39326.748565,2886.556,POST,/api/inference,True,,1191,3,200,
1790479280.287511,1790479283.175078,39323.892402,39326.779969,2887.567,POST,/api/inference,True,,1191,4,200,
1790479280.313637,1790479283.200772,39323.918528,39326.805663,2887.135,POST,/api/inference,True,,1191,5,200,
1790479280.344231,1790479283.231703,39323.949122,39326.836594,2887.472,POST,/api/inference,True,,1191,6,200,
1790479280.375599,1790479283.262536,39323.98049,39326.867427,2886.937,POST,/api/inference,True,,1191,7,200,
1790479280.399956,1790479283.286214,39324.004847,39326.891105,2886.258,POST,/api/inference,True,,1191,8,200,
1790479280.428309,1790479283.314515,39324.0332,39326.919406,2886.206,POST,/api/inference,True,,1191,9,200,
1790479280.457779,1790479283.344505,39324.06267,39326.949396,2886.726,POST,/api/inference,True,,1191,10,200,
1790479280.488973,1790479283.377149,39324.093864,39326.98204,2888.176,POST,/api/inference,True,,1191,11,200,
1790479280.516726,1790479283.403983,39324.121617,39327.008874,2887.257,POST,/api/inference,True,,1191,12,200,
1790479280.544238,1790479283.431533,39324.149129,39327.036424,2887.295,POST,/api/inference,True,,1191,13,200,
1790479280.574928,1790479283.462273,39324.179819,39327.067164,2887.345,POST,/api/inference,True,,1191,14,200,
1790479280.602477,1790479283.489824,39324.207368,39327.094715,2887.347,POST,/api/inference,True,,1191,15,200,
1790479280.629892,1790479283.517343,39324.234783,39327.122234,2887.451,POST,/api/inference,True,,1191,16,200,
1790479280.658994,1790479283.545604,39324.263885,39327.150495,2886.61,POST,/api/inference,True,,1191,17,200,
1790479280.686306,1790479283.575527,39324.291198,39327.180418,2889.221,POST,/api/inference,True,,1191,18,200,
1790479280.716409,1790479283.602897,39324.3213,39327.207788,2886.488,POST,/api/inference,True,,1191,19,200,
1790479280.745532,1790479283.6326,39324.350424,39327.237491,2887.067,POST,/api/inference,True,,1191,20,200,
1790479280.773114,1790479283.66003,39324.378005,39327.264922,2886.916,POST,/api/inference,True,,1191,21,200,
1790479280.802525,1790479283.689614,39324.407416,39327.294505,2887.089,POST,/api/inference,True,,1191,22,200,
1790479280.833316,1790479283.720125,39324.438208,39327.325016,2886.809,POST,/api/inference,True,,1191,23,200,
1790479280.859526,1790479283.745185,39324.464417,39327.350076,2885.659,POST,/api/inference,True,,1191,24,200,
1790479280.892112,1790479283.778302,39324.497004,39327.383193,2886.19,POST,/api/inference,True,,1191,25,200,
1790479280.919553,1790479283.806509,39324.524444,39327.4114,2886.956,POST,/api/inference,True,,1191,26,200,
1790479280.948929,1790479283.835322,39324.55382,39327.440213,2886.393,POST,/api/inference,True,,1191,27,200,
1790479280.99409,1790479283.880046,39324.598982,39327.484937,2885.955,POST,/api/inference,True,,1191,28,200,
1790479281.005827,1790479283.890012,39324.610718,39327.494903,2884.185,POST,/api/inference,True,,1191,29,200,
1790479281.035381,1790479283.921852,39324.640272,39327.526743,2886.472,POST,/api/inference,True,,1191,30,200,
1790479281.06696,1790479283.953491,39324.671851,39327.558382,2886.531,POST,/api/inference,True,,1191,31,200,
1790479281.092515,1790479283.977611,39324.697406,39327.582502,2885.097,POST,/api/inference,True,,1191,32,200,
1790479281.119922,1790479284.005865,39324.724813,39327.610756,2885.943,POST,/api/inference,True,,1191,33,200,
1790479281.161479,1790479284.04739,39324.76637,39327.652281,2885.91,POST,/api/inference,True,,1191,34,200,
1790479281.177192,1790479284.062876,39324.782083,39327.667767,2885.684,POST,/api/inference,True,,1191,35,200,
1790479281.204791,1790479284.091801,39324.809682,39327.696692,2887.01,POST,/api/inference,True,,1191,36,200,
1790479281.233567,1790479284.120401,39324.838458,39327.725292,2886.834,POST,/api/inference,True,,1191,37,200,
1790479281.262686,1790479284.149355,39324.867577,39327.754246,2886.669,POST,/api/inference,True,,1191,38,200,
1790479281.291066,1790479284.17998,39324.895957,39327.784871,2888.914,POST,/api/inference,True,,1191,39,200,
1790479281.321573,1790479284.208823,39324.926464,39327.813714,2887.25,POST,/api/inference,True,,1191,40,200,
1790479281.346123,1790479284.23181,39324.951014,39327.836701,2885.687,POST,/api/inference,True,,1191,41,200,
1790479281.376678,1790479284.262436,39324.981569,39327.867327,2885.758,POST,/api/inference,True,,1191,42,200,
1790479281.404854,1790479284.290431,39325.009745,39327.895322,2885.577,POST,/api/inference,True,,1191,43,200,
1790479281.435126,1790479284.321577,39325.040017,39327.926468,2886.451,POST,/api/inference,True,,1191,44,200,
1790479281.464224,1790479284.350147,39325.069116,39327.955038,2885.922,POST,/api/inference,True,,1191,45,200,
1790479281.497747,1790479284.384919,39325.102638,39327.98981,2887.172,POST,/api/inference,True,,1191,46,200,
1790479281.522599,1790479284.409288,39325.12749,39328.014179,2886.69,POST,/api/inference,True,,1191,47,200,
1790479281.550669,1790479284.437768,39325.15556,39328.042659,2887.099,POST,/api/inference,True,,1191,48,200,
1790479281.580395,1790479284.466584,39325.185286,39328.071475,2886.189,POST,/api/inference,True,,1191,49,200,
1790479281.610995,1790479284.497069,39325.215886,39328.101961,2886.075,POST,/api/inference,True,,1191,50,200,
1790479281.637941,1790479284.524309,39325.242832,39328.1292,2886.368,POST,/api/inference,True,,1191,51,200,
1790479281.664581,1790479284.551414,39325.269473,39328.156306,2886.833,POST,/api/inference,True,,1191,52,200,
1790479281.694349,1790479284.581439,39325.29924,39328.18633,2887.091,POST,/api/inference,True,,1191,53,200,
1790479281.724423,1790479284.612189,39325.329314,39328.21708,2887.766,POST,/api/inference,True,,1191,54,200,
1790479281.765942,1790479284.653493,39325.370833,39328.258384,2887.551,POST,/api/inference,True,,1191,55,200,
1790479281.784474,1790479284.671417,39325.389365,39328.276308,2886.943,POST,/api/inference,True,,1191,56,200,
1790479281.808521,1790479284.696123,39325.413412,39328.301014,2887.603,POST,/api/inference,True,,1191,57,200,
1790479281.838735,1790479284.725535,39325.443626,39328.330426,2886.8,POST,/api/inference,True,,1191,58,200,
1790479281.868112,1790479284.754842,39325.473003,39328.359733,2886.73,POST,/api/inference,True,,1191,59,200,
1790479281.91295,1790479284.800047,39325.517841,39328.404939,2887.097,POST,/api/inference,True,,1191,60,200,
1790479281.925163,1790479284.811474,39325.530055,39328.416366,2886.311,POST,/api/inference,True,,1191,61,200,
1790479281.956199,1790479284.84302,39325.561091,39328.447911,2886.82,POST,/api/inference,True,,1191,62,200,
1790479281.983764,1790479284.870102,39325.588656,39328.474993,2886.337,POST,/api/inference,True,,1191,63,200,
1790479282.012448,1790479284.899216,39325.617339,39328.504107,2886.768,POST,/api/inference,True,,1191,64,200,
1790479282.042091,1790479284.927761,39325.646983,39328.532652,2885.669,POST,/api/inference,True,,1191,65,200,
1790479282.073197,1790479284.959553,39325.678088,39328.564445,2886.357,POST,/api/inference,True,,1191,66,200,
1790479282.100623,1790479284.987426,39325.705514,39328.592317,2886.802,POST,/api/inference,True,,1191,67,200,
1790479282.13379,1790479285.018908,39325.738681,39328.623799,2885.118,POST,/api/inference,True,,1191,68,200,
1790479282.155982,1790479285.042776,39325.760873,39328.647667,2886.794,POST,/api/inference,True,,1191,69,200,
1790479282.186946,1790479285.075296,39325.791837,39328.680187,2888.35,POST,/api/inference,True,,1191,70,200,
1790479282.214632,1790479285.10215,39325.819523,39328.707041,2887.517,POST,/api/inference,True,,1191,71,200,
1790479282.243983,1790479285.130355,39325.848874,39328.735247,2886.372,POST,/api/inference,True,,1191,72,200,
1790479282.273552,1790479285.160922,39325.878443,39328.765814,2887.371,POST,/api/inference,True,,1191,73,200,
1790479282.300833,1790479285.188581,39325.905724,39328.793472,2887.748,POST,/api/inference,True,,1191,74,200,
1790479282.328726,1790479285.216102,39325.933617,39328.820993,2887.376,POST,/api/inference,True,,1191,75,200,
1790479282.358875,1790479285.247422,39325.963766,39328.852313,2888.547,POST,/api/inference,True,,1191,76,200,
1790479282.3837,1790479285.272307,39325.988592,39328.877198,2888.606,POST,/api/inference,True,,1191,77,200,
1790479282.41394,1790479285.300278,39326.018832,39328.90517,2886.338,POST,/api/inference,True,,1191,78,200,
1790479282.444295,1790479285.331008,39326.049186,39328.935899,2886.713,POST,/api/inference,True,,1191,79,200,
1790479282.473763,1790479285.361051,39326.078655,39328.965942,2887.288,POST,/api/inference,True,,1191,80,200,
1790479282.498897,1790479285.385792,39326.103788,39328.990684,2886.896,POST,/api/inference,True,,1191,81,200,
1790479282.528483,1790479285.414415,39326.133374,39329.019306,2885.931,POST,/api/inference,True,,1191,82,200,
1790479282.559745,1790479285.446416,39326.164637,39329.051307,2886.67,POST,/api/inference,True,,1191,83,200,
1790479282.588191,1790479285.474558,39326.193082,39329.07945,2886.367,POST,/api/inference,True,,1191,84,200,
1790479282.61583,1790479285.502269,39326.220721,39329.10716,2886.439,POST,/api/inference,True,,1191,85,200,
1790479282.645738,1790479285.532554,39326.250629,39329.137446,2886.816,POST,/api/inference,True,,1191,86,200,
1790479282.676011,1790479285.562958,39326.280902,39329.16785,2886.947,POST,/api/inference,True,,1191,87,200,
1790479282.701185,1790479285.587493,39326.306076,39329.192384,2886.308,POST,/api/inference,True,,1191,88,200,
1790479282.732676,1790479285.618872,39326.337567,39329.223763,2886.197,POST,/api/inference,True,,1191,89,200,
1790479282.761833,1790479285.648533,39326.366724,39329.253424,2886.7,POST,/api/inference,True,,1191,90,200,
1790479282.789238,1790479285.676935,39326.394129,39329.281826,2887.697,POST,/api/inference,True,,1191,91,200,
1790479282.817334,1790479285.704176,39326.422225,39329.309067,2886.842,POST,/api/inference,True,,1191,92,200,
1790479282.845886,1790479285.732738,39326.450777,39329.337629,2886.852,POST,/api/inference,True,,1191,93,200,
1790479282.87261,1790479285.759945,39326.477501,39329.364836,2887.335,POST,/api/inference,True,,1191,94,200,
1790479282.903956,1790479285.790019,39326.508848,39329.394911,2886.063,POST,/api/inference,True,,1191,95,200,
1790479282.935325,1790479285.821418,39326.540216,39329.426309,2886.094,POST,/api/inference,True,,1191,96,200,
1790479282.965493,1790479285.852274,39326.570384,39329.457165,2886.781,POST,/api/inference,True,,1191,97,200,
1790479282.99312,1790479285.879801,39326.598012,39329.484692,2886.681,POST,/api/inference,True,,1191,98,200,
1790479283.021329,1790479285.908487,39326.62622,39329.513378,2887.158,POST,/api/inference,True,,1191,99,200,
1790479283.057671,1790479285.944,39326.662562,39329.548891,2886.329,POST,/api/inference,True,,1191,0,200,
1790479283.084759,1790479285.970352,39326.68965,39329.575243,2885.593,POST,/api/inference,True,,1191,1,200,
1790479283.115004,1790479286.00193,39326.719895,39329.606821,2886.926,POST,/api/inference,True,,1191,2,200,
1790479283.143831,1790479286.030354,39326.748722,39329.635245,2886.522,POST,/api/inference,True,,1191,3,200,
1790479283.175402,1790479286.061029,39326.780293,39329.66592,2885.627,POST,/api/inference,True,,1191,4,200,
1790479283.200925,1790479286.087694,39326.805816,39329.692585,2886.769,POST,/api/inference,True,,1191,5,200,
1790479283.23187,1790479286.11888,39326.836761,39329.723771,2887.01,POST,/api/inference,True,,1191,6,200,
1790479283.262736,1790479286.150164,39326.867627,39329.755055,2887.427,POST,/api/inference,True,,1191,7,200,
1790479283.28636,1790479286.17294,39326.891251,39329.777831,2886.579,POST,/api/inference,True,,1191,8,200,
1790479283.314677,1790479286.201053,39326.919568,39329.805944,2886.376,POST,/api/inference,True,,1191,9,200,
1790479283.344673,1790479286.231678,39326.949565,39329.836569,2887.004,POST,/api/inference,True,,1191,10,200,
1790479283.377349,1790479286.263249,39326.98224,39329.86814,2885.9,POST,/api/inference,True,,1191,11,200,
1790479283.404263,1790479286.292417,39327.009154,39329.897308,2888.155,POST,/api/inference,True,,1191,12,200,
1790479283.431683,1790479286.317504,39327.036575,39329.922395,2885.821,POST,/api/inference,True,,1191,13,200,
1790479283.462419,1790479286.347743,39327.06731,39329.952634,2885.324,POST,/api/inference,True,,1191,14,200,
1790479283.490019,1790479286.378017,39327.09491,39329.982908,2887.998,POST,/api/inference,True,,1191,15,200,
1790479283.517495,1790479286.405406,39327.122386,39330.010298,2887.912,POST,/api/inference,True,,1191,16,200,
1790479283.545759,1790479286.433059,39327.150651,39330.03795,2887.299,POST,/api/inference,True,,1191,17,200,
1790479283.575773,1790479286.462569,39327.180664,39330.06746,2886.796,POST,/api/inference,True,,1191,18,200,
1790479283.603044,1790479286.48953,39327.207935,39330.094422,2886.487,POST,/api/inference,True,,1191,19,200,
1790479283.632752,1790479286.519684,39327.237643,39330.124575,2886.932,POST,/api/inference,True,,1191,20,200,
1790479283.660191,1790479286.547054,39327.265082,39330.151945,2886.863,POST,/api/inference,True,,1191,21,200,
1790479283.689779,1790479286.577262,39327.29467,39330.182153,2887.483,POST,/api/inference,True,,1191,22,200,
1790479283.720267,1790479286.606623,39327.325158,39330.211515,2886.356,POST,/api/inference,True,,1191,23,200,
1790479283.745342,1790479286.631814,39327.350233,39330.236705,2886.472,POST,/api/inference,True,,1191,24,200,
1790479283.778447,1790479286.664467,39327.383339,39330.269358,2886.019,POST,/api/inference,True,,1191,25,200,
1790479283.806657,1790479286.693362,39327.411548,39330.298253,2886.705,POST,/api/inference,True,,1191,26,200,
1790479283.835476,1790479286.722554,39327.440367,39330.327446,2887.078,POST,/api/inference,True,,1191,27,200,
1790479283.880188,1790479286.768139,39327.485079,39330.37303,2887.951,POST,/api/inference,True,,1191,28,200,
1790479283.8901,1790479286.774072,39327.494992,39330.378963,2883.972,POST,/api/inference,True,,1191,29,200,
1790479283.921989,1790479286.808674,39327.526881,39330.413565,2886.685,POST,/api/inference,True,,1191,30,200,
1790479283.953639,1790479286.841129,39327.558531,39330.44602,2887.489,POST,/api/inference,True,,1191,31,200,
1790479283.977742,1790479286.864502,39327.582633,39330.469393,2886.76,POST,/api/inference,True,,1191,32,200,
1790479284.006026,1790479286.892916,39327.610917,39330.497807,2886.89,POST,/api/inference,True,,1191,33,200,
1790479284.047539,1790479286.934259,39327.65243,39330.539151,2886.72,POST,/api/inference,True,,1191,34,200,
1790479284.063032,1790479286.948652,39327.667923,39330.553544,2885.621,POST,/api/inference,True,,1191,35,200,
1790479284.091965,1790479286.978456,39327.696856,39330.583347,2886.491,POST,/api/inference,True,,1191,36,200,
1790479284.120542,1790479287.005757,39327.725434,39330.610648,2885.215,POST,/api/inference,True,,1191,37,200,
1790479284.149517,1790479287.036097,39327.754408,39330.640988,2886.58,POST,/api/inference,True,,1191,38,200,
1790479284.180169,1790479287.066477,39327.785061,39330.671368,2886.308,POST,/api/inference,True,,1191,39,200,
1790479284.208973,1790479287.095397,39327.813864,39330.700288,2886.424,POST,/api/inference,True,,1191,40,200,
1790479284.231956,1790479287.117663,39327.836847,39330.722554,2885.707,POST,/api/inference,True,,1191,41,200,
1790479284.26258,1790479287.148875,39327.867471,39330.753766,2886.295,POST,/api/inference,True,,1191,42,200,
1790479284.290587,1790479287.178046,39327.895478,39330.782938,2887.46,POST,/api/inference,True,,1191,43,200,
1790479284.321735,1790479287.208799,39327.926626,39330.81369,2887.064,POST,/api/inference,True,,1191,44,200,
1790479284.3503,1790479287.2363,39327.955191,39330.841191,2886.0,POST,/api/inference,True,,1191,45,200,
1790479284.385072,1790479287.271855,39327.989963,39330.876746,2886.783,POST,/api/inference,True,,1191,46,200,
1790479284.409437,1790479287.295919,39328.014328,39330.900811,2886.483,POST,/api/inference,True,,1191,47,200,
1790479284.437915,1790479287.324926,39328.042806,39330.929818,2887.012,POST,/api/inference,True,,1191,48,200,
1790479284.46674,1790479287.353558,39328.071631,39330.958449,2886.818,POST,/api/inference,True,,1191,49,200,
1790479284.497241,1790479287.384079,39328.102132,39330.98897,2886.838,POST,/api/inference,True,,1191,50,200,
1790479284.524456,1790479287.411528,39328.129348,39331.016419,2887.072,POST,/api/inference,True,,1191,51,200,
1790479284.551569,1790479287.438617,39328.156461,39331.043508,2887.048,POST,/api/inference,True,,1191,52,200,
1790479284.581604,1790479287.467931,39328.186496,39331.072822,2886.327,POST,/api/inference,True,,1191,53,200,
1790479284.612455,1790479287.49923,39328.217346,39331.104121,2886.775,POST,/api/inference,True,,1191,54,200,
1790479284.653651,1790479287.540701,39328.258542,39331.145593,2887.05,POST,/api/inference,True,,1191,55,200,
1790479284.671593,1790479287.558488,39328.276484,39331.163379,2886.895,POST,/api/inference,True,,1191,56,200,
1790479284.696367,1790479287.583189,39328.301258,39331.188079,2886.822,POST,/api/inference,True,,1191,57,200,
1790479284.725691,1790479287.61302,39328.330582,39331.217911,2887.329,POST,/api/inference,True,,1191,58,200,
1790479284.755004,1790479287.641787,39328.359895,39331.246679,2886.784,POST,/api/inference,True,,1191,59,200,
1790479284.800197,1790479287.687033,39328.405088,39331.291924,2886.836,POST,/api/inference,True,,1191,60,200,
1790479284.811621,1790479287.697463,39328.416512,39331.302354,2885.842,POST,/api/inference,True,,1191,61,200,
1790479284.843252,1790479287.729705,39328.448143,39331.334596,2886.454,POST,/api/inference,True,,1191,62,200,
1790479284.870255,1790479287.757329,39328.475146,39331.36222,2887.075,POST,/api/inference,True,,1191,63,200,
1790479284.899375,1790479287.785446,39328.504266,39331.390337,2886.071,POST,/api/inference,True,,1191,64,200,
1790479284.927934,1790479287.814688,39328.532825,39331.419579,2886.755,POST,/api/inference,True,,1191,65,200,
1790479284.959704,1790479287.846933,39328.564595,39331.451824,2887.229,POST,/api/inference,True,,1191,66,200,
1790479284.987598,1790479287.874207,39328.592489,39331.479099,2886.609,POST,/api/inference,True,,1191,67,200,
1790479285.019095,1790479287.905633,39328.623986,39331.510524,2886.538,POST,/api/inference,True,,1191,68,200,
1790479285.042931,1790479287.929354,39328.647823,39331.534245,2886.422,POST,/api/inference,True,,1191,69,200,
1790479285.075453,1790479287.962455,39328.680344,39331.567346,2887.003,POST,/api/inference,True,,1191,70,200,
1790479285.102302,1790479287.990396,39328.707193,39331.595287,2888.094,POST,/api/inference,True,,1191,71,200,
1790479285.13051,1790479288.019069,39328.735401,39331.62396,2888.559,POST,/api/inference,True,,1191,72,200,
1790479285.161065,1790479288.045655,39328.765956,39331.650547,2884.59,POST,/api/inference,True,,1191,73,200,
1790479285.188739,1790479288.074817,39328.793631,39331.679709,2886.078,POST,/api/inference,True,,1191,74,200,
1790479285.216255,1790479288.102228,39328.821146,39331.707119,2885.973,POST,/api/inference,True,,1191,75,200,
1790479285.247586,1790479288.133791,39328.852478,39331.738683,2886.205,POST,/api/inference,True,,1191,76,200,
1790479285.272488,1790479288.160162,39328.87738,39331.765053,2887.673,POST,/api/inference,True,,1191,77,200,
1790479285.300436,1790479288.186819,39328.905327,39331.79171,2886.383,POST,/api/inference,True,,1191,78,200,
1790479285.331261,1790479288.217308,39328.936152,39331.822199,2886.047,POST,/api/inference,True,,1191,79,200,
1790479285.361207,1790479288.248299,39328.966098,39331.85319,2887.092,POST,/api/inference,True,,1191,80,200,
1790479285.385991,1790479288.272383,39328.990882,39331.877274,2886.392,POST,/api/inference,True,,1191,81,200,
1790479285.414557,1790479288.300325,39329.019448,39331.905216,2885.768,POST,/api/inference,True,,1191,82,200,
1790479285.446568,1790479288.332712,39329.051459,39331.937603,2886.144,POST,/api/inference,True,,1191,83,200,
1790479285.474711,1790479288.362218,39329.079602,39331.967109,2887.507,POST,/api/inference,True,,1191,84,200,
1790479285.50242,1790479288.389784,39329.107311,39331.994675,2887.364,POST,/api/inference,True,,1191,85,200,
1790479285.532709,1790479288.418814,39329.137601,39332.023705,2886.105,POST,/api/inference,True,,1191,86,200,
1790479285.563118,1790479288.450113,39329.16801,39332.055004,2886.994,POST,/api/inference,True,,1191,87,200,
1790479285.587662,1790479288.474279,39329.192553,39332.079171,2886.617,POST,/api/inference,True,,1191,88,200,
1790479285.619029,1790479288.505972,39329.22392,39332.110863,2886.943,POST,/api/inference,True,,1191,89,200,
1790479285.648687,1790479288.536174,39329.253578,39332.141065,2887.486,POST,/api/inference,True,,1191,90,200,
1790479285.677091,1790479288.563504,39329.281982,39332.168395,2886.413,POST,/api/inference,True,,1191,91,200,
1790479285.704334,1790479288.593173,39329.309226,39332.198064,2888.838,POST,/api/inference,True,,1191,92,200,
1790479285.732891,1790479288.620791,39329.337782,39332.225683,2887.901,POST,/api/inference,True,,1191,93,200,
1790479285.760119,1790479288.647801,39329.365011,39332.252692,2887.682,POST,/api/inference,True,,1191,94,200,
1790479285.790169,1790479288.67602,39329.395061,39332.280912,2885.851,POST,/api/inference,True,,1191,95,200,
1790479285.821591,1790479288.709849,39329.426482,39332.31474,2888.258,POST,/api/inference,True,,1191,96,200,
1790479285.852451,1790479288.73927,39329.457342,39332.344161,2886.819,POST,/api/inference,True,,1191,97,200,
1790479285.879954,1790479288.766272,39329.484845,39332.371163,2886.318,POST,/api/inference,True,,1191,98,200,
1790479285.908644,1790479288.795568,39329.513535,39332.400459,2886.924,POST,/api/inference,True,,1191,99,200,
1790479285.944176,1790479288.83125,39329.549068,39332.436142,2887.074,POST,/api/inference,True,,1191,0,200,
1790479285.970482,1790479288.856293,39329.575373,39332.461184,2885.811,POST,/api/inference,True,,1191,1,200,
1790479286.002091,1790479288.88951,39329.606982,39332.494401,2887.419,POST,/api/inference,True,,1191,2,200,
1790479286.0305,1790479288.91636,39329.635391,39332.521252,2885.861,POST,/api/inference,True,,1191,3,200,
1790479286.061167,1790479288.947475,39329.666058,39332.552366,2886.308,POST,/api/inference,True,,1191,4,200,
1790479286.087857,1790479288.976021,39329.692749,39332.580912,2888.163,POST,/api/inference,True,,1191,5,200,
1790479286.11902,1790479289.005507,39329.723911,39332.610399,2886.488,POST,/api/inference,True,,1191,6,200,
1790479286.150557,1790479289.036633,39329.755448,39332.641524,2886.076,POST,/api/inference,True,,1191,7,200,
1790479286.173102,1790479289.060141,39329.777993,39332.665032,2887.039,POST,/api/inference,True,,1191,8,200,
1790479286.201199,1790479289.086274,39329.80609,39332.691165,2885.075,POST,/api/inference,True,,1191,9,200,
1790479286.231837,1790479289.119327,39329.836728,39332.724218,2887.49,POST,/api/inference,True,,1191,10,200,
1790479286.263398,1790479289.149056,39329.868289,39332.753947,2885.658,POST,/api/inference,True,,1191,11,200,
1790479286.292568,1790479289.180201,39329.897459,39332.785092,2887.633,POST,/api/inference,True,,1191,12,200,
1790479286.317627,1790479289.203802,39329.922519,39332.808694,2886.175,POST,/api/inference,True,,1191,13,200,
1790479286.347865,1790479289.232915,39329.952756,39332.837806,2885.05,POST,/api/inference,True,,1191,14,200,
1790479286.378188,1790479289.266173,39329.98308,39332.871065,2887.985,POST,/api/inference,True,,1191,15,200,
1790479286.405575,1790479289.293424,39330.010467,39332.898315,2887.849,POST,/api/inference,True,,1191,16,200,
1790479286.433207,1790479289.319282,39330.038099,39332.924173,2886.075,POST,/api/inference,True,,1191,17,200,
1790479286.46271,1790479289.348678,39330.067601,39332.953569,2885.968,POST,/api/inference,True,,1191,18,200,
1790479286.489683,1790479289.376673,39330.094574,39332.981564,2886.99,POST,/api/inference,True,,1191,19,200,
1790479286.519929,1790479289.407218,39330.12482,39333.012109,2887.288,POST,/api/inference,True,,1191,20,200,
1790479286.547312,1790479289.43491,39330.152204,39333.039801,2887.598,POST,/api/inference,True,,1191,21,200,
1790479286.57742,1790479289.464326,39330.182311,39333.069218,2886.906,POST,/api/inference,True,,1191,22,200,
1790479286.606771,1790479289.493503,39330.211662,39333.098394,2886.732,POST,/api/inference,True,,1191,23,200,
1790479286.631972,1790479289.518393,39330.236863,39333.123284,2886.42,POST,/api/inference,True,,1191,24,200,
1790479286.664607,1790479289.550552,39330.269498,39333.155444,2885.946,POST,/api/inference,True,,1191,25,200,
1790479286.69351,1790479289.580148,39330.298402,39333.18504,2886.638,POST,/api/inference,True,,1191,26,200,
1790479286.722703,1790479289.609715,39330.327594,39333.214606,2887.012,POST,/api/inference,True,,1191,27,200,
1790479286.768293,1790479289.655488,39330.373184,39333.260379,2887.195,POST,/api/inference,True,,1191,28,200,
1790479286.77419,1790479289.659576,39330.379081,39333.264467,2885.386,POST,/api/inference,True,,1191,29,200,
1790479286.808827,1790479289.696717,39330.413718,39333.301608,2887.889,POST,/api/inference,True,,1191,30,200,
1790479286.841287,1790479289.727792,39330.446178,39333.332683,2886.505,POST,/api/inference,True,,1191,31,200,
1790479286.864654,1790479289.751331,39330.469545,39333.356222,2886.678,POST,/api/inference,True,,1191,32,200,
1790479286.893066,1790479289.779906,39330.497958,39333.384797,2886.84,POST,/api/inference,True,,1191,33,200,
1790479286.934409,1790479289.82238,39330.5393,39333.427272,2887.971,POST,/api/inference,True,,1191,34,200,
1790479286.948805,1790479289.834975,39330.553696,39333.439867,2886.17,POST,/api/inference,True,,1191,35,200,
1790479286.978599,1790479289.866394,39330.58349,39333.471286,2887.796,POST,/api/inference,True,,1191,36,200,
1790479287.006016,1790479289.89183,39330.610907,39333.496722,2885.815,POST,/api/inference,True,,1191,37,200,
1790479287.036249,1790479289.922928,39330.64114,39333.527819,2886.679,POST,/api/inference,True,,1191,38,200,
1790479287.066632,1790479289.952465,39330.671523,39333.557357,2885.834,POST,/api/inference,True,,1191,39,200,
1790479287.09554,1790479289.981242,39330.700431,39333.586133,2885.702,POST,/api/inference,True,,1191,40,200,
1790479287.117806,1790479290.004513,39330.722697,39333.609404,2886.707,POST,/api/inference,True,,1191,41,200,
1790479287.149024,1790479290.035495,39330.753915,39333.640386,2886.47,POST,/api/inference,True,,1191,42,200,
1790479287.178213,1790479290.065512,39330.783104,39333.670403,2887.299,POST,/api/inference,True,,1191,43,200,
1790479287.208958,1790479290.096107,39330.81385,39333.700998,2887.149,POST,/api/inference,True,,1191,44,200,
1790479287.236439,1790479290.121564,39330.841331,39333.726456,2885.125,POST,/api/inference,True,,1191,45,200,
1790479287.27201,1790479290.158636,39330.876901,39333.763527,2886.626,POST,/api/inference,True,,1191,46,200,
1790479287.29607,1790479290.181942,39330.900961,39333.786834,2885.873,POST,/api/inference,True,,1191,47,200,
1790479287.325078,1790479290.211353,39330.92997,39333.816244,2886.275,POST,/api/inference,True,,1191,48,200,
1790479287.353722,1790479290.240798,39330.958614,39333.845689,2887.075,POST,/api/inference,True,,1191,49,200,
1790479287.384232,1790479290.270603,39330.989124,39333.875495,2886.371,POST,/api/inference,True,,1191,50,200,
1790479287.411686,1790479290.299031,39331.016578,39333.903923,2887.345,POST,/api/inference,True,,1191,51,200,
1790479287.438769,1790479290.330782,39331.043661,39333.935673,2892.012,POST,/api/inference,True,,1191,52,200,
1790479287.468092,1790479290.355805,39331.072983,39333.960697,2887.714,POST,/api/inference,True,,1191,53,200,
1790479287.499391,1790479290.386996,39331.104282,39333.991887,2887.604,POST,/api/inference,True,,1191,54,200,
1790479287.540862,1790479290.427022,39331.145753,39334.031913,2886.161,POST,/api/inference,True,,1191,55,200,
1790479287.55864,1790479290.447378,39331.163532,39334.05227,2888.738,POST,/api/inference,True,,1191,56,200,
1790479287.583346,1790479290.469975,39331.188237,39334.074866,2886.629,POST,/api/inference,True,,1191,57,200,
1790479287.61317,1790479290.499616,39331.218062,39334.104507,2886.445,POST,/api/inference,True,,1191,58,200,
1790479287.641928,1790479290.528974,39331.246819,39334.133865,2887.045,POST,/api/inference,True,,1191,59,200,
1790479287.687277,1790479290.574466,39331.292168,39334.179357,2887.189,POST,/api/inference,True,,1191,60,200,
1790479287.697622,1790479290.583598,39331.302513,39334.188489,2885.976,POST,/api/inference,True,,1191,61,200,
1790479287.72985,1790479290.616735,39331.334741,39334.221626,2886.885,POST,/api/inference,True,,1191,62,200,
1790479287.757492,1790479290.6443,39331.362383,39334.249192,2886.809,POST,/api/inference,True,,1191,63,200,
1790479287.785594,1790479290.671741,39331.390486,39334.276632,2886.146,POST,/api/inference,True,,1191,64,200,
1790479287.814836,1790479290.701845,39331.419727,39334.306736,2887.009,POST,/api/inference,True,,1191,65,200,
1790479287.847096,1790479290.735542,39331.451987,39334.340433,2888.446,POST,/api/inference,True,,1191,66,200,
1790479287.874367,1790479290.761229,39331.479259,39334.36612,2886.862,POST,/api/inference,True,,1191,67,200,
1790479287.905789,1790479290.793201,39331.51068,39334.398092,2887.412,POST,/api/inference,True,,1191,68,200,
1790479287.929508,1790479290.816521,39331.5344,39334.421413,2887.013,POST,/api/inference,True,,1191,69,200,
1790479287.96267,1790479290.850008,39331.567561,39334.4549,2887.338,POST,/api/inference,True,,1191,70,200,
1790479287.990557,1790479290.877721,39331.595448,39334.482612,2887.164,POST,/api/inference,True,,1191,71,200,
1790479288.019321,1790479290.906404,39331.624212,39334.511296,2887.084,POST,/api/inference,True,,1191,72,200,
1790479288.045781,1790479290.931981,39331.650672,39334.536872,2886.2,POST,/api/inference,True,,1191,73,200,
1790479288.074964,1790479290.962229,39331.679856,39334.567121,2887.265,POST,/api/inference,True,,1191,74,200,
1790479288.102386,1790479290.991604,39331.707277,39334.596495,2889.218,POST,/api/inference,True,,1191,75,200,
1790479288.133932,1790479291.020194,39331.738823,39334.625085,2886.262,POST,/api/inference,True,,1191,76,200,
1790479288.160342,1790479291.047761,39331.765233,39334.652652,2887.418,POST,/api/inference,True,,1191,77,200,
1790479288.186968,1790479291.075072,39331.791859,39334.679963,2888.104,POST,/api/inference,True,,1191,78,200,
1790479288.217454,1790479291.103798,39331.822345,39334.708689,2886.345,POST,/api/inference,True,,1191,79,200,
1790479288.248456,1790479291.134957,39331.853347,39334.739848,2886.501,POST,/api/inference,True,,1191,80,200,
1790479288.272518,1790479291.156913,39331.87741,39334.761804,2884.394,POST,/api/inference,True,,1191,81,200,
1790479288.300475,1790479291.186515,39331.905366,39334.791407,2886.04,POST,/api/inference,True,,1191,82,200,
1790479288.332869,1790479291.219709,39331.93776,39334.8246,2886.84,POST,/api/inference,True,,1191,83,200,
1790479288.362366,1790479291.249156,39331.967257,39334.854048,2886.79,POST,/api/inference,True,,1191,84,200,
1790479288.389953,1790479291.276571,39331.994845,39334.881462,2886.617,POST,/api/inference,True,,1191,85,200,
1790479288.418971,1790479291.306258,39332.023862,39334.911149,2887.288,POST,/api/inference,True,,1191,86,200,
1790479288.450262,1790479291.336621,39332.055153,39334.941512,2886.359,POST,/api/inference,True,,1191,87,200,
1790479288.474438,1790479291.361886,39332.079329,39334.966777,2887.448,POST,/api/inference,True,,1191,88,200,
1790479288.506128,1790479291.392079,39332.111019,39334.996971,2885.952,POST,/api/inference,True,,1191,89,200,
1790479288.536327,1790479291.423493,39332.141218,39335.028384,2887.166,POST,/api/inference,True,,1191,90,200,
1790479288.563668,1790479291.451471,39332.168559,39335.056362,2887.804,POST,/api/inference,True,,1191,91,200,
1790479288.593361,1790479291.481549,39332.198252,39335.086441,2888.188,POST,/api/inference,True,,1191,92,200,
1790479288.620937,1790479291.506829,39332.225828,39335.11172,2885.892,POST,/api/inference,True,,1191,93,200,
1790479288.647965,1790479291.533549,39332.252856,39335.13844,2885.584,POST,/api/inference,True,,1191,94,200,
1790479288.676175,1790479291.564613,39332.281066,39335.169505,2888.438,POST,/api/inference,True,,1191,95,200,
1790479288.710031,1790479291.596536,39332.314922,39335.201428,2886.506,POST,/api/inference,True,,1191,96,200,
1790479288.73943,1790479291.626417,39332.344321,39335.231309,2886.987,POST,/api/inference,True,,1191,97,200,
1790479288.766422,1790479291.653984,39332.371313,39335.258875,2887.562,POST,/api/inference,True,,1191,98,200,
1790479288.795728,1790479291.682722,39332.400619,39335.287613,2886.994,POST,/api/inference,True,,1191,99,200,
1790479288.831406,1790479291.718436,39332.436297,39335.323327,2887.03,POST,/api/inference,True,,1191,0,200,
1790479288.856442,1790479291.74231,39332.461334,39335.347201,2885.867,POST,/api/inference,True,,1191,1,200,
1790479288.889669,1790479291.778074,39332.494561,39335.382965,2888.405,POST,/api/inference,True,,1191,2,200,
1790479288.9165,1790479291.802172,39332.521391,39335.407064,2885.672,POST,/api/inference,True,,1191,3,200,
1790479288.947634,1790479291.834251,39332.552525,39335.439142,2886.617,POST,/api/inference,True,,1191,4,200,
1790479288.976187,1790479291.862469,39332.581078,39335.46736,2886.282,POST,/api/inference,True,,1191,5,200,
1790479289.005673,1790479291.892057,39332.610564,39335.496948,2886.384,POST,/api/inference,True,,1191,6,200,
1790479289.036785,1790479291.923987,39332.641677,39335.528878,2887.202,POST,/api/inference,True,,1191,7,200,
1790479289.060298,1790479291.946791,39332.665189,39335.551683,2886.493,POST,/api/inference,True,,1191,8,200,
1790479289.086404,1790479291.972603,39332.691295,39335.577494,2886.199,POST,/api/inference,True,,1191,9,200,
1790479289.119491,1790479292.007053,39332.724382,39335.611944,2887.562,POST,/api/inference,True,,1191,10,200,
1790479289.1492,1790479292.035043,39332.754091,39335.639935,2885.843,POST,/api/inference,True,,1191,11,200,
1790479289.180377,1790479292.067013,39332.785268,39335.671904,2886.635,POST,/api/inference,True,,1191,12,200,
1790479289.203954,1790479292.090372,39332.808845,39335.695263,2886.419,POST,/api/inference,True,,1191,13,200,
1790479289.233061,1790479292.119725,39332.837952,39335.724617,2886.665,POST,/api/inference,True,,1191,14,200,
1790479289.266318,1790479292.153283,39332.871209,39335.758174,2886.965,POST,/api/inference,True,,1191,15,200,
1790479289.293581,1790479292.180296,39332.898472,39335.785187,2886.715,POST,/api/inference,True,,1191,16,200,
1790479289.319429,1790479292.207945,39332.92432,39335.812836,2888.516,POST,/api/inference,True,,1191,17,200,
1790479289.348828,1790479292.235343,39332.953719,39335.840234,2886.516,POST,/api/inference,True,,1191,18,200,
1790479289.37684,1790479292.262645,39332.981731,39335.867536,2885.805,POST,/api/inference,True,,1191,19,200,
1790479289.407381,1790479292.294462,39333.012273,39335.899354,2887.081,POST,/api/inference,True,,1191,20,200,
1790479289.435089,1790479292.322277,39333.03998,39335.927169,2887.188,POST,/api/inference,True,,1191,21,200,
1790479289.464476,1790479292.351243,39333.069368,39335.956134,2886.766,POST,/api/inference,True,,1191,22,200,
1790479289.493649,1790479292.379955,39333.09854,39335.984846,2886.306,POST,/api/inference,True,,1191,23,200,
1790479289.518533,1790479292.405043,39333.123425,39336.009934,2886.51,POST,/api/inference,True,,1191,24,200,
1790479289.550715,1790479292.4383,39333.155606,39336.043191,2887.585,POST,/api/inference,True,,1191,25,200,
1790479289.580306,1790479292.466754,39333.185197,39336.071646,2886.448,POST,/api/inference,True,,1191,26,200,
1790479289.60987,1790479292.497278,39333.214761,39336.102169,2887.408,POST,/api/inference,True,,1191,27,200,
1790479289.655642,1790479292.545905,39333.260533,39336.150797,2890.263,POST,/api/inference,True,,1191,28,200,
1790479289.659692,1790479292.547617,39333.264584,39336.152509,2887.925,POST,/api/inference,True,,1191,29,200,
1790479289.696893,1790479292.584369,39333.301784,39336.18926,2887.476,POST,/api/inference,True,,1191,30,200,
1790479289.727958,1790479292.614607,39333.33285,39336.219498,2886.649,POST,/api/inference,True,,1191,31,200,
1790479289.751496,1790479292.638779,39333.356387,39336.24367,2887.283,POST,/api/inference,True,,1191,32,200,
1790479289.780062,1790479292.666174,39333.384954,39336.271065,2886.111,POST,/api/inference,True,,1191,33,200,
1790479289.822529,1790479292.709612,39333.42742,39336.314503,2887.083,POST,/api/inference,True,,1191,34,200,
1790479289.835123,1790479292.721907,39333.440014,39336.326798,2886.784,POST,/api/inference,True,,1191,35,200,
1790479289.866547,1790479292.753258,39333.471438,39336.358149,2886.711,POST,/api/inference,True,,1191,36,200,
1790479289.892,1790479292.778751,39333.496891,39336.383642,2886.751,POST,/api/inference,True,,1191,37,200,
1790479289.923087,1790479292.810525,39333.527979,39336.415417,2887.438,POST,/api/inference,True,,1191,38,200,
1790479289.952598,1790479292.838312,39333.557489,39336.443203,2885.714,POST,/api/inference,True,,1191,39,200,
1790479289.981398,1790479292.867807,39333.58629,39336.472698,2886.408,POST,/api/inference,True,,1191,40,200,
1790479290.004689,1790479292.892689,39333.60958,39336.497581,2888.001,POST,/api/inference,True,,1191,41,200,
1790479290.035795,1790479292.92293,39333.640686,39336.527822,2887.136,POST,/api/inference,True,,1191,42,200,
1790479290.065675,1790479292.952089,39333.670566,39336.55698,2886.414,POST,/api/inference,True,,1191,43,200,
1790479290.096258,1790479292.982177,39333.70115,39336.587068,2885.919,POST,/api/inference,True,,1191,44,200,
1790479290.121683,1790479293.007933,39333.726575,39336.612824,2886.249,POST,/api/inference,True,,1191,45,200,
1790479290.158778,1790479293.046353,39333.763669,39336.651244,2887.575,POST,/api/inference,True,,1191,46,200,
1790479290.182103,1790479293.068592,39333.786994,39336.673483,2886.489,POST,/api/inference,True,,1191,47,200,
1790479290.211494,1790479293.097872,39333.816385,39336.702764,2886.379,POST,/api/inference,True,,1191,48,200,
1790479290.240946,1790479293.126657,39333.845837,39336.731548,2885.711,POST,/api/inference,True,,1191,49,200,
1790479290.270858,1790479293.157526,39333.875749,39336.762418,2886.669,POST,/api/inference,True,,1191,50,200,
1790479290.299282,1790479293.185944,39333.904173,39336.790836,2886.662,POST,/api/inference,True,,1191,51,200,
1790479290.330938,1790479293.217577,39333.935829,39336.822469,2886.64,POST,/api/inference,True,,1191,52,200,
1790479290.355972,1790479293.241169,39333.960863,39336.84606,2885.197,POST,/api/inference,True,,1191,53,200,
1790479290.387205,1790479293.275645,39333.992096,39336.880536,2888.44,POST,/api/inference,True,,1191,54,200,
1790479290.427272,1790479293.312187,39334.032163,39336.917079,2884.916,POST,/api/inference,True,,1191,55,200,
1790479290.447536,1790479293.333575,39334.052427,39336.938467,2886.039,POST,/api/inference,True,,1191,56,200,
1790479290.47013,1790479293.356654,39334.075021,39336.961545,2886.524,POST,/api/inference,True,,1191,57,200,
1790479290.499767,1790479293.385684,39334.104658,39336.990576,2885.917,POST,/api/inference,True,,1191,58,200,
1790479290.529124,1790479293.415489,39334.134015,39337.02038,2886.365,POST,/api/inference,True,,1191,59,200,
1790479290.574623,1790479293.461992,39334.179514,39337.066883,2887.369,POST,/api/inference,True,,1191,60,200,
1790479290.583742,1790479293.468916,39334.188633,39337.073807,2885.174,POST,/api/inference,True,,1191,61,200,
1790479290.616901,1790479293.503866,39334.221792,39337.108757,2886.965,POST,/api/inference,True,,1191,62,200,
1790479290.644464,1790479293.531794,39334.249355,39337.136685,2887.33,POST,/api/inference,True,,1191,63,200,
1790479290.6719,1790479293.558997,39334.276791,39337.163888,2887.097,POST,/api/inference,True,,1191,64,200,
1790479290.702002,1790479293.58818,39334.306893,39337.193071,2886.178,POST,/api/inference,True,,1191,65,200,
1790479290.73572,1790479293.623517,39334.340611,39337.228408,2887.797,POST,/api/inference,True,,1191,66,200,
1790479290.761391,1790479293.64782,39334.366283,39337.252712,2886.429,POST,/api/inference,True,,1191,67,200,
1790479290.793357,1790479293.679956,39334.398248,39337.284847,2886.599,POST,/api/inference,True,,1191,68,200,
1790479290.816669,1790479293.7031,39334.42156,39337.307992,2886.432,POST,/api/inference,True,,1191,69,200,
1790479290.850165,1790479293.736746,39334.455056,39337.341637,2886.581,POST,/api/inference,True,,1191,70,200,
1790479290.877879,1790479293.76387,39334.48277,39337.368761,2885.991,POST,/api/inference,True,,1191,71,200,
1790479290.906556,1790479293.792817,39334.511447,39337.397708,2886.261,POST,/api/inference,True,,1191,72,200,
1790479290.932153,1790479293.818152,39334.537044,39337.423043,2886.0,POST,/api/inference,True,,1191,73,200,
1790479290.962387,1790479293.849199,39334.567279,39337.45409,2886.812,POST,/api/inference,True,,1191,74,200,
1790479290.991764,1790479293.878523,39334.596655,39337.483414,2886.759,POST,/api/inference,True,,1191,75,200,
1790479291.020372,1790479293.906595,39334.625264,39337.511486,2886.222,POST,/api/inference,True,,1191,76,200,
1790479291.047926,1790479293.934908,39334.652817,39337.539799,2886.982,POST,/api/inference,True,,1191,77,200,
1790479291.075333,1790479293.962119,39334.680224,39337.56701,2886.786,POST,/api/inference,True,,1191,78,200,
1790479291.10396,1790479293.990186,39334.708851,39337.595077,2886.226,POST,/api/inference,True,,1191,79,200,
1790479291.135116,1790479294.02209,39334.740007,39337.626981,2886.974,POST,/api/inference,True,,1191,80,200,
1790479291.157033,1790479294.044773,39334.761924,39337.649665,2887.74,POST,/api/inference,True,,1191,81,200,
1790479291.186717,1790479294.075101,39334.791608,39337.679992,2888.384,POST,/api/inference,True,,1191,82,200,
1790479291.219866,1790479294.107028,39334.824757,39337.711919,2887.162,POST,/api/inference,True,,1191,83,200,
1790479291.249316,1790479294.138914,39334.854206,39337.743805,2889.598,POST,/api/inference,True,,1191,84,200,
1790479291.276727,1790479294.16364,39334.881618,39337.768531,2886.913,POST,/api/inference,True,,1191,85,200,
1790479291.306424,1790479294.193798,39334.911316,39337.798689,2887.373,POST,/api/inference,True,,1191,86,200,
1790479291.336777,1790479294.223828,39334.941668,39337.828719,2887.051,POST,/api/inference,True,,1191,87,200,
1790479291.3621,1790479294.249449,39334.966991,39337.85434,2887.349,POST,/api/inference,True,,1191,88,200,
1790479291.392232,1790479294.278286,39334.997123,39337.883177,2886.054,POST,/api/inference,True,,1191,89,200,
1790479291.423663,1790479294.309986,39335.028554,39337.914877,2886.323,POST,/api/inference,True,,1191,90,200,
1790479291.451639,1790479294.338782,39335.05653,39337.943673,2887.143,POST,/api/inference,True,,1191,91,200,
1790479291.481712,1790479294.367684,39335.086603,39337.972575,2885.972,POST,/api/inference,True,,1191,92,200,
1790479291.506958,1790479294.393673,39335.11185,39337.998565,2886.715,POST,/api/inference,True,,1191,93,200,
1790479291.533696,1790479294.420507,39335.138587,39338.025398,2886.811,POST,/api/inference,True,,1191,94,200,
1790479291.564761,1790479294.450736,39335.169653,39338.055628,2885.975,POST,/api/inference,True,,1191,95,200,
1790479291.596689,1790479294.482908,39335.20158,39338.0878,2886.22,POST,/api/inference,True,,1191,96,200,
1790479291.626578,1790479294.513498,39335.231469,39338.118389,2886.92,POST,/api/inference,True,,1191,97,200,
1790479291.654265,1790479294.541048,39335.259157,39338.14594,2886.783,POST,/api/inference,True,,1191,98,200,
1790479291.683059,1790479294.570473,39335.28795,39338.175364,2887.415,POST,/api/inference,True,,1191,99,200,
1790479291.718585,1790479294.606007,39335.323476,39338.210898,2887.422,POST,/api/inference,True,,1191,0,200,
1790479291.742466,1790479294.629219,39335.347358,39338.23411,2886.752,POST,/api/inference,True,,1191,1,200,
1790479291.778229,1790479294.66407,39335.383121,39338.268962,2885.841,POST,/api/inference,True,,1191,2,200,
1790479291.802327,1790479294.690392,39335.407218,39338.295283,2888.065,POST,/api/inference,True,,1191,3,200,
1790479291.834406,1790479294.721146,39335.439297,39338.326037,2886.74,POST,/api/inference,True,,1191,4,200,
1790479291.862621,1790479294.750141,39335.467512,39338.355032,2887.52,POST,/api/inference,True,,1191,5,200,
1790479291.892206,1790479294.783395,39335.497098,39338.388286,2891.188,POST,/api/inference,True,,1191,6,200,
1790479291.924163,1790479294.811662,39335.529054,39338.416553,2887.5,POST,/api/inference,True,,1191,7,200,
1790479291.946949,1790479294.834145,39335.551841,39338.439036,2887.196,POST,/api/inference,True,,1191,8,200,
1790479291.972777,1790479294.860562,39335.577668,39338.465453,2887.785,POST,/api/inference,True,,1191,9,200,
1790479292.007336,1790479294.893525,39335.612227,39338.498416,2886.189,POST,/api/inference,True,,1191,10,200,
1790479292.035243,1790479294.922286,39335.640134,39338.527177,2887.043,POST,/api/inference,True,,1191,11,200,
1790479292.067253,1790479294.954434,39335.672145,39338.559325,2887.181,POST,/api/inference,True,,1191,12,200,
1790479292.090525,1790479294.977004,39335.695416,39338.581895,2886.479,POST,/api/inference,True,,1191,13,200,
1790479292.119889,1790479295.006724,39335.724781,39338.611615,2886.835,POST,/api/inference,True,,1191,14,200,
1790479292.15344,1790479295.04065,39335.758331,39338.645541,2887.21,POST,/api/inference,True,,1191,15,200,
1790479292.180451,1790479295.067685,39335.785342,39338.672576,2887.234,POST,/api/inference,True,,1191,16,200,
1790479292.208048,1790479295.094509,39335.812939,39338.6994,2886.461,POST,/api/inference,True,,1191,17,200,
1790479292.235489,1790479295.122175,39335.84038,39338.727067,2886.686,POST,/api/inference,True,,1191,18,200,
1790479292.262788,1790479295.149611,39335.86768,39338.754503,2886.823,POST,/api/inference,True,,1191,19,200,
1790479292.294632,1790479295.180979,39335.899523,39338.78587,2886.347,POST,/api/inference,True,,1191,20,200,
1790479292.322437,1790479295.208575,39335.927328,39338.813466,2886.138,POST,/api/inference,True,,1191,21,200,
1790479292.351405,1790479295.239979,39335.956296,39338.84487,2888.574,POST,/api/inference,True,,1191,22,200,
1790479292.380099,1790479295.267612,39335.98499,39338.872503,2887.513,POST,/api/inference,True,,1191,23,200,
1790479292.405193,1790479295.291868,39336.010085,39338.896759,2886.674,POST,/api/inference,True,,1191,24,200,
1790479292.43846,1790479295.324365,39336.043351,39338.929256,2885.905,POST,/api/inference,True,,1191,25,200,
1790479292.466915,1790479295.353732,39336.071806,39338.958623,2886.817,POST,/api/inference,True,,1191,26,200,
1790479292.49752,1790479295.383223,39336.102411,39338.988114,2885.703,POST,/api/inference,True,,1191,27,200,
1790479292.546061,1790479295.434273,39336.150952,39339.039164,2888.212,POST,/api/inference,True,,1191,28,200,
1790479292.547729,1790479295.435499,39336.15262,39339.04039,2887.77,POST,/api/inference,True,,1191,29,200,
1790479292.584535,1790479295.472455,39336.189426,39339.077346,2887.92,POST,/api/inference,True,,1191,30,200,
1790479292.614757,1790479295.502418,39336.219648,39339.10731,2887.661,POST,/api/inference,True,,1191,31,200,
1790479292.638937,1790479295.525901,39336.243828,39339.130792,2886.964,POST,/api/inference,True,,1191,32,200,
1790479292.666325,1790479295.5536,39336.271217,39339.158491,2887.274,POST,/api/inference,True,,1191,33,200,
1790479292.709768,1790479295.595896,39336.31466,39339.200787,2886.127,POST,/api/inference,True,,1191,34,200,
1790479292.722056,1790479295.60903,39336.326947,39339.213921,2886.974,POST,/api/inference,True,,1191,35,200,
1790479292.753429,1790479295.640086,39336.35832,39339.244977,2886.657,POST,/api/inference,True,,1191,36,200,
1790479292.778913,1790479295.667289,39336.383804,39339.27218,2888.376,POST,/api/inference,True,,1191,37,200,
1790479292.810832,1790479295.697711,39336.415723,39339.302602,2886.879,POST,/api/inference,True,,1191,38,200,
1790479292.838471,1790479295.72518,39336.443362,39339.330071,2886.709,POST,/api/inference,True,,1191,39,200,
1790479292.867961,1790479295.754859,39336.472852,39339.35975,2886.898,POST,/api/inference,True,,1191,40,200,
1790479292.89285,1790479295.779582,39336.497742,39339.384473,2886.732,POST,/api/inference,True,,1191,41,200,
1790479292.923086,1790479295.810245,39336.527977,39339.415136,2887.159,POST,/api/inference,True,,1191,42,200,
1790479292.952254,1790479295.839481,39336.557145,39339.444372,2887.227,POST,/api/inference,True,,1191,43,200,
1790479292.982344,1790479295.869411,39336.587235,39339.474302,2887.067,POST,/api/inference,True,,1191,44,200,
1790479293.008114,1790479295.895576,39336.613006,39339.500467,2887.462,POST,/api/inference,True,,1191,45,200,
1790479293.04651,1790479295.933661,39336.651401,39339.538552,2887.151,POST,/api/inference,True,,1191,46,200,
1790479293.068752,1790479295.956685,39336.673643,39339.561576,2887.933,POST,/api/inference,True,,1191,47,200,
1790479293.098024,1790479295.984294,39336.702915,39339.589185,2886.27,POST,/api/inference,True,,1191,48,200,
1790479293.126836,1790479296.015283,39336.731727,39339.620174,2888.447,POST,/api/inference,True,,1191,49,200,
1790479293.157684,1790479296.044863,39336.762575,39339.649754,2887.179,POST,/api/inference,True,,1191,50,200,
1790479293.186098,1790479296.073259,39336.790989,39339.67815,2887.161,POST,/api/inference,True,,1191,51,200,
1790479293.217734,1790479296.104554,39336.822625,39339.709445,2886.82,POST,/api/inference,True,,1191,52,200,
1790479293.241295,1790479296.126713,39336.846186,39339.731605,2885.418,POST,/api/inference,True,,1191,53,200,
1790479293.275806,1790479296.162699,39336.880697,39339.76759,2886.893,POST,/api/inference,True,,1191,54,200,
1790479293.312322,1790479296.198217,39336.917214,39339.803108,2885.894,POST,/api/inference,True,,1191,55,200,
1790479293.333726,1790479296.219649,39336.938617,39339.82454,2885.922,POST,/api/inference,True,,1191,56,200,
1790479293.356798,1790479296.242505,39336.961689,39339.847396,2885.707,POST,/api/inference,True,,1191,57,200,
1790479293.385829,1790479296.272336,39336.990721,39339.877227,2886.507,POST,/api/inference,True,,1191,58,200,
1790479293.415647,1790479296.302406,39337.020538,39339.907297,2886.759,POST,/api/inference,True,,1191,59,200,
1790479293.462147,1790479296.350819,39337.067038,39339.95571,2888.673,POST,/api/inference,True,,1191,60,200,
1790479293.46905,1790479296.354491,39337.073942,39339.959382,2885.441,POST,/api/inference,True,,1191,61,200,
1790479293.504022,1790479296.390578,39337.108913,39339.995469,2886.556,POST,/api/inference,True,,1191,62,200,
1790479293.531946,1790479296.418025,39337.136837,39340.022916,2886.079,POST,/api/inference,True,,1191,63,200,
1790479293.559228,1790479296.445383,39337.16412,39340.050274,2886.155,POST,/api/inference,True,,1191,64,200,
1790479293.588336,1790479296.475013,39337.193227,39340.079904,2886.677,POST,/api/inference,True,,1191,65,200,
1790479293.623672,1790479296.510112,39337.228563,39340.115004,2886.44,POST,/api/inference,True,,1191,66,200,
1790479293.647973,1790479296.53418,39337.252864,39340.139071,2886.206,POST,/api/inference,True,,1191,67,200,
1790479293.680119,1790479296.566509,39337.285011,39340.171401,2886.39,POST,/api/inference,True,,1191,68,200,
1790479293.703346,1790479296.589676,39337.308237,39340.194567,2886.33,POST,/api/inference,True,,1191,69,200,
1790479293.736901,1790479296.62505,39337.341793,39340.229942,2888.149,POST,/api/inference,True,,1191,70,200,
1790479293.764022,1790479296.650273,39337.368913,39340.255164,2886.25,POST,/api/inference,True,,1191,71,200,
1790479293.792965,1790479296.680751,39337.397856,39340.285643,2887.786,POST,/api/inference,True,,1191,72,200,
1790479293.818296,1790479296.703886,39337.423187,39340.308777,2885.589,POST,/api/inference,True,,1191,73,200,
1790479293.849354,1790479296.735426,39337.454245,39340.340317,2886.072,POST,/api/inference,True,,1191,74,200,
1790479293.87868,1790479296.765302,39337.483571,39340.370194,2886.622,POST,/api/inference,True,,1191,75,200,
1790479293.906749,1790479296.793475,39337.51164,39340.398366,2886.727,POST,/api/inference,True,,1191,76,200,
1790479293.935066,1790479296.824062,39337.539957,39340.428953,2888.996,POST,/api/inference,True,,1191,77,200,
1790479293.96228,1790479296.849911,39337.567171,39340.454803,2887.632,POST,/api/inference,True,,1191,78,200,
1790479293.990387,1790479296.878482,39337.595278,39340.483373,2888.095,POST,/api/inference,True,,1191,79,200,
1790479294.022287,1790479296.910364,39337.627178,39340.515255,2888.078,POST,/api/inference,True,,1191,80,200,
1790479294.044932,1790479296.932387,39337.649823,39340.537279,2887.456,POST,/api/inference,True,,1191,81,200,
1790479294.075326,1790479296.962752,39337.680218,39340.567644,2887.426,POST,/api/inference,True,,1191,82,200,
1790479294.107264,1790479296.993444,39337.712155,39340.598336,2886.181,POST,/api/inference,True,,1191,83,200,
1790479294.139105,1790479297.029265,39337.743996,39340.634156,2890.16,POST,/api/inference,True,,1191,84,200,
1790479294.163802,1790479297.052092,39337.768694,39340.656983,2888.29,POST,/api/inference,True,,1191,85,200,
1790479294.193963,1790479297.081271,39337.798854,39340.686162,2887.309,POST,/api/inference,True,,1191,86,200,
1790479294.223988,1790479297.110456,39337.828879,39340.715347,2886.467,POST,/api/inference,True,,1191,87,200,
1790479294.249605,1790479297.138043,39337.854496,39340.742934,2888.438,POST,/api/inference,True,,1191,88,200,
1790479294.278442,1790479297.165613,39337.883333,39340.770504,2887.172,POST,/api/inference,True,,1191,89,200,
1790479294.31014,1790479297.197401,39337.915031,39340.802292,2887.261,POST,/api/inference,True,,1191,90,200,
1790479294.338938,1790479297.225905,39337.943829,39340.830796,2886.968,POST,/api/inference,True,,1191,91,200,
1790479294.367827,1790479297.254459,39337.972719,39340.85935,2886.632,POST,/api/inference,True,,1191,92,200,
1790479294.393805,1790479297.279554,39337.998696,39340.884445,2885.749,POST,/api/inference,True,,1191,93,200,
1790479294.420666,1790479297.307104,39338.025558,39340.911995,2886.438,POST,/api/inference,True,,1191,94,200,
1790479294.450984,1790479297.3374,39338.055875,39340.942291,2886.416,POST,/api/inference,True,,1191,95,200,
1790479294.483064,1790479297.369244,39338.087955,39340.974136,2886.18,POST,/api/inference,True,,1191,96,200,
1790479294.513638,1790479297.398601,39338.11853,39341.003492,2884.963,POST,/api/inference,True,,1191,97,200,
1790479294.541195,1790479297.427939,39338.146086,39341.03283,2886.744,POST,/api/inference,True,,1191,98,200,
1790479294.570627,1790479297.457145,39338.175518,39341.062036,2886.518,POST,/api/inference,True,,1191,99,200,
1790479294.606157,1790479297.492821,39338.211048,39341.097712,2886.665,POST,/api/inference,True,,1191,0,200,
1790479294.629375,1790479297.517289,39338.234266,39341.12218,2887.914,POST,/api/inference,True,,1191,1,200,
1790479294.664214,1790479297.550182,39338.269105,39341.155074,2885.969,POST,/api/inference,True,,1191,2,200,
1790479294.690578,1790479297.578334,39338.295469,39341.183225,2887.756,POST,/api/inference,True,,1191,3,200,
1790479294.721303,1790479297.607555,39338.326195,39341.212446,2886.251,POST,/api/inference,True,,1191,4,200,
1790479294.750306,1790479297.636886,39338.355197,39341.241778,2886.581,POST,/api/inference,True,,1191,5,200,
1790479294.783544,1790479297.670434,39338.388435,39341.275325,2886.89,POST,/api/inference,True,,1191,6,200,
1790479294.811829,1790479297.699261,39338.41672,39341.304152,2887.432,POST,/api/inference,True,,1191,7,200,
1790479294.83431,1790479297.722277,39338.439201,39341.327168,2887.967,POST,/api/inference,True,,1191,8,200,
1790479294.860712,1790479297.746972,39338.465603,39341.351864,2886.26,POST,/api/inference,True,,1191,9,200,
1790479294.89367,1790479297.780838,39338.498561,39341.385729,2887.168,POST,/api/inference,True,,1191,10,200,
1790479294.922432,1790479297.809211,39338.527323,39341.414102,2886.779,POST,/api/inference,True,,1191,11,200,
1790479294.954588,1790479297.841174,39338.559479,39341.446065,2886.586,POST,/api/inference,True,,1191,12,200,
1790479294.977168,1790479297.864238,39338.582059,39341.469129,2887.07,POST,/api/inference,True,,1191,13,200,
1790479295.006929,1790479297.893781,39338.61182,39341.498673,2886.853,POST,/api/inference,True,,1191,14,200,
1790479295.040807,1790479297.92764,39338.645698,39341.532531,2886.834,POST,/api/inference,True,,1191,15,200,
1790479295.067831,1790479297.954916,39338.672723,39341.559808,2887.085,POST,/api/inference,True,,1191,16,200,
1790479295.094661,1790479297.981573,39338.699552,39341.586464,2886.911,POST,/api/inference,True,,1191,17,200,
1790479295.122325,1790479298.00881,39338.727216,39341.613701,2886.484,POST,/api/inference,True,,1191,18,200,
1790479295.14977,1790479298.036778,39338.754661,39341.641669,2887.008,POST,/api/inference,True,,1191,19,200,
1790479295.181141,1790479298.068428,39338.786032,39341.673319,2887.287,POST,/api/inference,True,,1191,20,200,
1790479295.20874,1790479298.096283,39338.813631,39341.701174,2887.542,POST,/api/inference,True,,1191,21,200,
1790479295.240163,1790479298.126428,39338.845055,39341.73132,2886.265,POST,/api/inference,True,,1191,22,200,
1790479295.26777,1790479298.15416,39338.872662,39341.759051,2886.39,POST,/api/inference,True,,1191,23,200,
1790479295.292036,1790479298.179432,39338.896927,39341.784323,2887.397,POST,/api/inference,True,,1191,24,200,
1790479295.3245,1790479298.210811,39338.929391,39341.815702,2886.31,POST,/api/inference,True,,1191,25,200,
1790479295.353896,1790479298.241754,39338.958787,39341.846645,2887.858,POST,/api/inference,True,,1191,26,200,
1790479295.383374,1790479298.26992,39338.988265,39341.874811,2886.546,POST,/api/inference,True,,1191,27,200,
1790479295.434425,1790479298.321437,39339.039316,39341.926328,2887.012,POST,/api/inference,True,,1191,28,200,
1790479295.436028,1790479298.323049,39339.04092,39341.927941,2887.021,POST,/api/inference,True,,1191,29,200,
1790479295.472616,1790479298.360003,39339.077507,39341.964894,2887.386,POST,/api/inference,True,,1191,30,200,
1790479295.502564,1790479298.389579,39339.107455,39341.994471,2887.016,POST,/api/inference,True,,1191,31,200,
1790479295.526063,1790479298.413368,39339.130954,39342.018259,2887.304,POST,/api/inference,True,,1191,32,200,
1790479295.55375,1790479298.439802,39339.158641,39342.044693,2886.052,POST,/api/inference,True,,1191,33,200,
1790479295.59604,1790479298.482137,39339.200931,39342.087028,2886.098,POST,/api/inference,True,,1191,34,200,
1790479295.609182,1790479298.495452,39339.214073,39342.100343,2886.27,POST,/api/inference,True,,1191,35,200,
1790479295.640235,1790479298.526584,39339.245126,39342.131475,2886.35,POST,/api/inference,True,,1191,36,200,
1790479295.667449,1790479298.554515,39339.27234,39342.159406,2887.066,POST,/api/inference,True,,1191,37,200,
1790479295.697891,1790479298.586164,39339.302782,39342.191055,2888.273,POST,/api/inference,True,,1191,38,200,
1790479295.725338,1790479298.611695,39339.330229,39342.216586,2886.357,POST,/api/inference,True,,1191,39,200,
1790479295.755009,1790479298.642214,39339.359901,39342.247105,2887.204,POST,/api/inference,True,,1191,40,200,
1790479295.779749,1790479298.666308,39339.384641,39342.271199,2886.558,POST,/api/inference,True,,1191,41,200,
1790479295.810417,1790479298.697875,39339.415308,39342.302766,2887.458,POST,/api/inference,True,,1191,42,200,
1790479295.83966,1790479298.726346,39339.444551,39342.331237,2886.686,POST,/api/inference,True,,1191,43,200,
1790479295.869565,1790479298.758389,39339.474456,39342.36328,2888.824,POST,/api/inference,True,,1191,44,200,
1790479295.895751,1790479298.782016,39339.500642,39342.386907,2886.265,POST,/api/inference,True,,1191,45,200,
1790479295.933816,1790479298.820863,39339.538707,39342.425754,2887.047,POST,/api/inference,True,,1191,46,200,
1790479295.956842,1790479298.843772,39339.561733,39342.448663,2886.93,POST,/api/inference,True,,1191,47,200,
1790479295.984457,1790479298.871074,39339.589348,39342.475965,2886.617,POST,/api/inference,True,,1191,48,200,
1790479296.015519,1790479298.903691,39339.62041,39342.508582,2888.172,POST,/api/inference,True,,1191,49,200,
1790479296.045021,1790479298.931902,39339.649913,39342.536793,2886.881,POST,/api/inference,True,,1191,50,200,
1790479296.073446,1790479298.960111,39339.678337,39342.565002,2886.665,POST,/api/inference,True,,1191,51,200,
1790479296.10471,1790479298.990597,39339.709601,39342.595488,2885.887,POST,/api/inference,True,,1191,52,200,
1790479296.126861,1790479299.013019,39339.731753,39342.61791,2886.157,POST,/api/inference,True,,1191,53,200,
1790479296.162846,1790479299.050617,39339.767738,39342.655508,2887.77,POST,/api/inference,True,,1191,54,200,
1790479296.198369,1790479299.085855,39339.80326,39342.690746,2887.487,POST,/api/inference,True,,1191,55,200,
1790479296.219807,1790479299.106665,39339.824698,39342.711556,2886.858,POST,/api/inference,True,,1191,56,200,
1790479296.242648,1790479299.12931,39339.84754,39342.734202,2886.662,POST,/api/inference,True,,1191,57,200,
1790479296.272495,1790479299.158864,39339.877386,39342.763755,2886.369,POST,/api/inference,True,,1191,58,200,
1790479296.302564,1790479299.191341,39339.907455,39342.796232,2888.777,POST,/api/inference,True,,1191,59,200,
1790479296.350957,1790479299.23798,39339.955848,39342.842871,2887.023,POST,/api/inference,True,,1191,60,200,
1790479296.354643,1790479299.239205,39339.959534,39342.844096,2884.562,POST,/api/inference,True,,1191,61,200,
1790479296.390737,1790479299.277743,39339.995628,39342.882634,2887.006,POST,/api/inference,True,,1191,62,200,
1790479296.418161,1790479299.30547,39340.023053,39342.910361,2887.308,POST,/api/inference,True,,1191,63,200,
1790479296.445534,1790479299.332617,39340.050425,39342.937508,2887.083,POST,/api/inference,True,,1191,64,200,
1790479296.475254,1790479299.361936,39340.080145,39342.966827,2886.682,POST,/api/inference,True,,1191,65,200,
1790479296.510247,1790479299.397168,39340.115139,39343.00206,2886.921,POST,/api/inference,True,,1191,66,200,
1790479296.534333,1790479299.421833,39340.139224,39343.026724,2887.5,POST,/api/inference,True,,1191,67,200,
1790479296.566663,1790479299.453227,39340.171554,39343.058118,2886.565,POST,/api/inference,True,,1191,68,200,
1790479296.589817,1790479299.47638,39340.194708,39343.081271,2886.562,POST,/api/inference,True,,1191,69,200,
1790479296.625209,1790479299.51211,39340.2301,39343.117001,2886.901,POST,/api/inference,True,,1191,70,200,
1790479296.650421,1790479299.536645,39340.255312,39343.141536,2886.224,POST,/api/inference,True,,1191,71,200,
1790479296.680916,1790479299.567243,39340.285807,39343.172134,2886.327,POST,/api/inference,True,,1191,72,200,
1790479296.70404,1790479299.590909,39340.308931,39343.1958,2886.868,POST,/api/inference,True,,1191,73,200,
1790479296.735578,1790479299.621843,39340.34047,39343.226734,2886.265,POST,/api/inference,True,,1191,74,200,
1790479296.765453,1790479299.652546,39340.370344,39343.257437,2887.093,POST,/api/inference,True,,1191,75,200,
1790479296.79364,1790479299.681769,39340.398531,39343.28666,2888.129,POST,/api/inference,True,,1191,76,200,
1790479296.824218,1790479299.711269,39340.42911,39343.31616,2887.05,POST,/api/inference,True,,1191,77,200,
1790479296.850075,1790479299.736321,39340.454966,39343.341212,2886.246,POST,/api/inference,True,,1191,78,200,
1790479296.878654,1790479299.765626,39340.483545,39343.370518,2886.972,POST,/api/inference,True,,1191,79,200,
1790479296.910535,1790479299.799255,39340.515426,39343.404146,2888.72,POST,/api/inference,True,,1191,80,200,
1790479296.932651,1790479299.819239,39340.537542,39343.424131,2886.589,POST,/api/inference,True,,1191,81,200,
1790479296.962965,1790479299.849912,39340.567856,39343.454803,2886.947,POST,/api/inference,True,,1191,82,200,
1790479296.993579,1790479299.879244,39340.59847,39343.484135,2885.665,POST,/api/inference,True,,1191,83,200,
1790479297.029467,1790479299.916069,39340.634358,39343.52096,2886.601,POST,/api/inference,True,,1191,84,200,
1790479297.052255,1790479299.939475,39340.657146,39343.544366,2887.22,POST,/api/inference,True,,1191,85,200,
1790479297.08142,1790479299.968033,39340.686311,39343.572924,2886.613,POST,/api/inference,True,,1191,86,200,
1790479297.110617,1790479299.997783,39340.715508,39343.602674,2887.166,POST,/api/inference,True,,1191,87,200,
1790479297.138199,1790479300.024364,39340.74309,39343.629255,2886.165,POST,/api/inference,True,,1191,88,200,
1790479297.165776,1790479300.054037,39340.770667,39343.658928,2888.261,POST,/api/inference,True,,1191,89,200,
1790479297.197555,1790479300.084751,39340.802446,39343.689642,2887.196,POST,/api/inference,True,,1191,90,200,
1790479297.226061,1790479300.112307,39340.830952,39343.717198,2886.246,POST,/api/inference,True,,1191,91,200,
1790479297.254622,1790479300.141727,39340.859513,39343.746618,2887.106,POST,/api/inference,True,,1191,92,200,
1790479297.279711,1790479300.165837,39340.884603,39343.770729,2886.126,POST,/api/inference,True,,1191,93,200,
1790479297.307365,1790479300.195256,39340.912256,39343.800147,2887.891,POST,/api/inference,True,,1191,94,200,
1790479297.337559,1790479300.223894,39340.94245,39343.828785,2886.336,POST,/api/inference,True,,1191,95,200,
1790479297.369394,1790479300.256268,39340.974285,39343.86116,2886.874,POST,/api/inference,True,,1191,96,200,
1790479297.39872,1790479300.284076,39341.003611,39343.888967,2885.355,POST,/api/inference,True,,1191,97,200,
1790479297.428115,1790479300.31496,39341.033006,39343.919851,2886.845,POST,/api/inference,True,,1191,98,200,
1790479297.457297,1790479300.343417,39341.062188,39343.948309,2886.121,POST,/api/inference,True,,1191,99,200,
1790479297.492975,1790479300.379826,39341.097866,39343.984717,2886.851,POST,/api/inference,True,,1191,0,200,
1790479297.517438,1790479300.404652,39341.12233,39344.009543,2887.214,POST,/api/inference,True,,1191,1,200,
1790479297.550331,1790479300.437303,39341.155222,39344.042194,2886.972,POST,/api/inference,True,,1191,2,200,
1790479297.578491,1790479300.465115,39341.183383,39344.070006,2886.624,POST,/api/inference,True,,1191,3,200,
1790479297.607714,1790479300.494238,39341.212605,39344.099129,2886.524,POST,/api/inference,True,,1191,4,200,
1790479297.637034,1790479300.52221,39341.241925,39344.127101,2885.176,POST,/api/inference,True,,1191,5,200,
1790479297.670589,1790479300.557575,39341.27548,39344.162466,2886.986,POST,/api/inference,True,,1191,6,200,
1790479297.699419,1790479300.585191,39341.304311,39344.190083,2885.772,POST,/api/inference,True,,1191,7,200,
1790479297.722426,1790479300.609239,39341.327317,39344.21413,2886.813,POST,/api/inference,True,,1191,8,200,
1790479297.747256,1790479300.634157,39341.352147,39344.239048,2886.9,POST,/api/inference,True,,1191,9,200,
1790479297.780998,1790479300.666938,39341.385889,39344.271829,2885.94,POST,/api/inference,True,,1191,10,200,
1790479297.809361,1790479300.69662,39341.414253,39344.301512,2887.259,POST,/api/inference,True,,1191,11,200,
1790479297.841322,1790479300.728058,39341.446213,39344.332949,2886.735,POST,/api/inference,True,,1191,12,200,
1790479297.864396,1790479300.751418,39341.469287,39344.356309,2887.022,POST,/api/inference,True,,1191,13,200,
1790479297.893931,1790479300.781113,39341.498822,39344.386004,2887.181,POST,/api/inference,True,,1191,14,200,
1790479297.927806,1790479300.816094,39341.532697,39344.420985,2888.288,POST,/api/inference,True,,1191,15,200,
1790479297.955066,1790479300.842966,39341.559958,39344.447858,2887.9,POST,/api/inference,True,,1191,16,200,
1790479297.981726,1790479300.8684,39341.586617,39344.473291,2886.674,POST,/api/inference,True,,1191,17,200,
1790479298.008984,1790479300.895093,39341.613876,39344.499984,2886.109,POST,/api/inference,True,,1191,18,200,
1790479298.036945,1790479300.923455,39341.641836,39344.528346,2886.51,POST,/api/inference,True,,1191,19,200,
1790479298.068585,1790479300.955804,39341.673476,39344.560695,2887.219,POST,/api/inference,True,,1191,20,200,
1790479298.096445,1790479300.982778,39341.701336,39344.587669,2886.333,POST,/api/inference,True,,1191,21,200,
1790479298.126593,1790479301.01385,39341.731485,39344.618742,2887.257,POST,/api/inference,True,,1191,22,200,
1790479298.15431,1790479301.040071,39341.759201,39344.644962,2885.761,POST,/api/inference,True,,1191,23,200,
1790479298.179594,1790479301.067022,39341.784486,39344.671913,2887.428,POST,/api/inference,True,,1191,24,200,
1790479298.210967,1790479301.099097,39341.815858,39344.703988,2888.13,POST,/api/inference,True,,1191,25,200,
1790479298.24191,1790479301.128537,39341.846801,39344.733428,2886.627,POST,/api/inference,True,,1191,26,200,
1790479298.270066,1790479301.155919,39341.874957,39344.76081,2885.853,POST,/api/inference,True,,1191,27,200,
1790479298.321591,1790479301.208128,39341.926482,39344.813019,2886.536,POST,/api/inference,True,,1191,28,200,
1790479298.32324,1790479301.209587,39341.928131,39344.814478,2886.347,POST,/api/inference,True,,1191,29,200,
1790479298.360169,1790479301.24735,39341.96506,39344.852241,2887.181,POST,/api/inference,True,,1191,30,200,
1790479298.389755,1790479301.276719,39341.994646,39344.881611,2886.964,POST,/api/inference,True,,1191,31,200,
1790479298.413529,1790479301.301149,39342.01842,39344.90604,2887.62,POST,/api/inference,True,,1191,32,200,
1790479298.439931,1790479301.326406,39342.044822,39344.931297,2886.475,POST,/api/inference,True,,1191,33,200,
1790479298.482282,1790479301.37001,39342.087173,39344.974901,2887.729,POST,/api/inference,True,,1191,34,200,
1790479298.495604,1790479301.382137,39342.100495,39344.987028,2886.533,POST,/api/inference,True,,1191,35,200,
1790479298.52673,1790479301.413026,39342.131621,39345.017917,2886.295,POST,/api/inference,True,,1191,36,200,
1790479298.554667,1790479301.44367,39342.159558,39345.048561,2889.003,POST,/api/inference,True,,1191,37,200,
1790479298.58634,1790479301.47305,39342.191231,39345.077942,2886.71,POST,/api/inference,True,,1191,38,200,
1790479298.611856,1790479301.498227,39342.216747,39345.103119,2886.372,POST,/api/inference,True,,1191,39,200,
1790479298.642374,1790479301.529623,39342.247265,39345.134514,2887.249,POST,/api/inference,True,,1191,40,200,
1790479298.666457,1790479301.552568,39342.271349,39345.157459,2886.11,POST,/api/inference,True,,1191,41,200,
1790479298.69803,1790479301.58508,39342.302921,39345.189971,2887.05,POST,/api/inference,True,,1191,42,200,
1790479298.726502,1790479301.613101,39342.331394,39345.217992,2886.599,POST,/api/inference,True,,1191,43,200,
1790479298.758536,1790479301.645411,39342.363427,39345.250303,2886.876,POST,/api/inference,True,,1191,44,200,
1790479298.782156,1790479301.669392,39342.387048,39345.274283,2887.235,POST,/api/inference,True,,1191,45,200,
1790479298.82102,1790479301.707358,39342.425911,39345.31225,2886.338,POST,/api/inference,True,,1191,46,200,
1790479298.843927,1790479301.730793,39342.448818,39345.335684,2886.866,POST,/api/inference,True,,1191,47,200,
1790479298.871304,1790479301.758014,39342.476195,39345.362906,2886.711,POST,/api/inference,True,,1191,48,200,
1790479298.90385,1790479301.790017,39342.508742,39345.394908,2886.167,POST,/api/inference,True,,1191,49,200,
1790479298.932059,1790479301.818157,39342.53695,39345.423048,2886.098,POST,/api/inference,True,,1191,50,200,
1790479298.960281,1790479301.84759,39342.565172,39345.452481,2887.309,POST,/api/inference,True,,1191,51,200,
1790479298.990948,1790479301.879619,39342.595839,39345.48451,2888.671,POST,/api/inference,True,,1191,52,200,
1790479299.013167,1790479301.900381,39342.618059,39345.505272,2887.213,POST,/api/inference,True,,1191,53,200,
1790479299.050787,1790479301.937828,39342.655679,39345.54272,2887.041,POST,/api/inference,True,,1191,54,200,
1790479299.086012,1790479301.97374,39342.690903,39345.578632,2887.728,POST,/api/inference,True,,1191,55,200,
1790479299.106869,1790479301.993535,39342.71176,39345.598426,2886.666,POST,/api/inference,True,,1191,56,200,
1790479299.129707,1790479302.016597,39342.734598,39345.621488,2886.89,POST,/api/inference,True,,1191,57,200,
1790479299.159024,1790479302.045626,39342.763915,39345.650517,2886.602,POST,/api/inference,True,,1191,58,200,
1790479299.19152,1790479302.078773,39342.796411,39345.683664,2887.253,POST,/api/inference,True,,1191,59,200,
1790479299.23813,1790479302.125547,39342.843022,39345.730438,2887.417,POST,/api/inference,True,,1191,60,200,
1790479299.239764,1790479302.129204,39342.844656,39345.734095,2889.439,POST,/api/inference,True,,1191,61,200,
1790479299.277902,1790479302.164536,39342.882794,39345.769427,2886.633,POST,/api/inference,True,,1191,62,200,
1790479299.305711,1790479302.192683,39342.910602,39345.797575,2886.973,POST,/api/inference,True,,1191,63,200,
1790479299.332773,1790479302.220284,39342.937664,39345.825175,2887.51,POST,/api/inference,True,,1191,64,200,
1790479299.362094,1790479302.248995,39342.966985,39345.853886,2886.901,POST,/api/inference,True,,1191,65,200,
1790479299.397324,1790479302.284408,39343.002215,39345.889299,2887.084,POST,/api/inference,True,,1191,66,200,
1790479299.421988,1790479302.309619,39343.026879,39345.91451,2887.631,POST,/api/inference,True,,1191,67,200,
1790479299.453399,1790479302.341856,39343.05829,39345.946747,2888.457,POST,/api/inference,True,,1191,68,200,
1790479299.476501,1790479302.362768,39343.081392,39345.967659,2886.267,POST,/api/inference,True,,1191,69,200,
1790479299.512267,1790479302.400073,39343.117158,39346.004964,2887.806,POST,/api/inference,True,,1191,70,200,
1790479299.536798,1790479302.423487,39343.14169,39346.028379,2886.689,POST,/api/inference,True,,1191,71,200,
1790479299.567388,1790479302.453912,39343.172279,39346.058804,2886.524,POST,/api/inference,True,,1191,72,200,
1790479299.591058,1790479302.477837,39343.195949,39346.082728,2886.779,POST,/api/inference,True,,1191,73,200,
1790479299.621994,1790479302.508596,39343.226885,39346.113487,2886.602,POST,/api/inference,True,,1191,74,200,
1790479299.652709,1790479302.539566,39343.2576,39346.144457,2886.857,POST,/api/inference,True,,1191,75,200,
1790479299.681944,1790479302.569391,39343.286836,39346.174282,2887.447,POST,/api/inference,True,,1191,76,200,
1790479299.711414,1790479302.59674,39343.316306,39346.201632,2885.326,POST,/api/inference,True,,1191,77,200,
1790479299.736474,1790479302.623029,39343.341365,39346.22792,2886.555,POST,/api/inference,True,,1191,78,200,
1790479299.76578,1790479302.651592,39343.370671,39346.256483,2885.812,POST,/api/inference,True,,1191,79,200,
1790479299.799419,1790479302.686076,39343.40431,39346.290968,2886.657,POST,/api/inference,True,,1191,80,200,
1790479299.819397,1790479302.706332,39343.424288,39346.311223,2886.935,POST,/api/inference,True,,1191,81,200,
1790479299.850107,1790479302.73679,39343.454998,39346.341681,2886.683,POST,/api/inference,True,,1191,82,200,
1790479299.879401,1790479302.76622,39343.484292,39346.371111,2886.818,POST,/api/inference,True,,1191,83,200,
1790479299.916216,1790479302.802526,39343.521107,39346.407417,2886.309,POST,/api/inference,True,,1191,84,200,
1790479299.939645,1790479302.826136,39343.544536,39346.431027,2886.491,POST,/api/inference,True,,1191,85,200,
1790479299.968192,1790479302.85565,39343.573084,39346.460541,2887.458,POST,/api/inference,True,,1191,86,200,
1790479299.997956,1790479302.884678,39343.602847,39346.489569,2886.722,POST,/api/inference,True,,1191,87,200,
1790479300.024532,1790479302.911709,39343.629424,39346.5166,2887.177,POST,/api/inference,True,,1191,88,200,
1790479300.054227,1790479302.941928,39343.659118,39346.54682,2887.701,POST,/api/inference,True,,1191,89,200,
1790479300.084903,1790479302.971463,39343.689794,39346.576354,2886.56,POST,/api/inference,True,,1191,90,200,
1790479300.112472,1790479302.999674,39343.717363,39346.604565,2887.202,POST,/api/inference,True,,1191,91,200,
1790479300.141884,1790479303.028324,39343.746775,39346.633216,2886.44,POST,/api/inference,True,,1191,92,200,
1790479300.165988,1790479303.055455,39343.77088,39346.660346,2889.466,POST,/api/inference,True,,1191,93,200,
1790479300.195417,1790479303.083046,39343.800308,39346.687938,2887.629,POST,/api/inference,True,,1191,94,200,
1790479300.224058,1790479303.110876,39343.828949,39346.715767,2886.818,POST,/api/inference,True,,1191,95,200,
1790479300.256426,1790479303.142559,39343.861317,39346.74745,2886.133,POST,/api/inference,True,,1191,96,200,
1790479300.284227,1790479303.170907,39343.889119,39346.775798,2886.68,POST,/api/inference,True,,1191,97,200,
1790479300.315106,1790479303.202628,39343.919997,39346.80752,2887.523,POST,/api/inference,True,,1191,98,200,
1790479300.343588,1790479303.23026,39343.948479,39346.835152,2886.672,POST,/api/inference,True,,1191,99,200,
1790479300.380013,1790479303.266752,39343.984904,39346.871644,2886.74,POST,/api/inference,True,,1191,0,200,
1790479300.40481,1790479303.292129,39344.009701,39346.89702,2887.319,POST,/api/inference,True,,1191,1,200,
1790479300.437458,1790479303.323907,39344.042349,39346.928798,2886.449,POST,/api/inference,True,,1191,2,200,
1790479300.465264,1790479303.352656,39344.070155,39346.957547,2887.392,POST,/api/inference,True,,1191,3,200,
1790479300.494425,1790479303.380631,39344.099317,39346.985522,2886.205,POST,/api/inference,True,,1191,4,200,
1790479300.522328,1790479303.408329,39344.127219,39347.01322,2886.001,POST,/api/inference,True,,1191,5,200,
1790479300.557724,1790479303.444665,39344.162616,39347.049556,2886.94,POST,/api/inference,True,,1191,6,200,
1790479300.585328,1790479303.472578,39344.19022,39347.07747,2887.25,POST,/api/inference,True,,1191,7,200,
1790479300.609387,1790479303.495764,39344.214279,39347.100656,2886.377,POST,/api/inference,True,,1191,8,200,
1790479300.634308,1790479303.522568,39344.239199,39347.127459,2888.26,POST,/api/inference,True,,1191,9,200,
1790479300.66711,1790479303.556206,39344.272001,39347.161097,2889.095,POST,/api/inference,True,,1191,10,200,
1790479300.696787,1790479303.584987,39344.301678,39347.189878,2888.2,POST,/api/inference,True,,1191,11,200,
1790479300.728209,1790479303.613459,39344.3331,39347.21835,2885.25,POST,/api/inference,True,,1191,12,200,
1790479300.751574,1790479303.63725,39344.356465,39347.242141,2885.677,POST,/api/inference,True,,1191,13,200,
1790479300.781299,1790479303.667934,39344.38619,39347.272826,2886.636,POST,/api/inference,True,,1191,14,200,
1790479300.816242,1790479303.70271,39344.421133,39347.307602,2886.469,POST,/api/inference,True,,1191,15,200,
1790479300.843251,1790479303.730191,39344.448143,39347.335082,2886.94,POST,/api/inference,True,,1191,16,200,
1790479300.868554,1790479303.754602,39344.473445,39347.359493,2886.049,POST,/api/inference,True,,1191,17,200,
1790479300.895322,1790479303.782693,39344.500213,39347.387584,2887.371,POST,/api/inference,True,,1191,18,200,
1790479300.923617,1790479303.810415,39344.528508,39347.415306,2886.798,POST,/api/inference,True,,1191,19,200,
1790479300.95596,1790479303.842734,39344.560851,39347.447626,2886.775,POST,/api/inference,True,,1191,20,200,
1790479300.982934,1790479303.870533,39344.587826,39347.475424,2887.598,POST,/api/inference,True,,1191,21,200,
1790479301.014045,1790479303.899957,39344.618936,39347.504848,2885.912,POST,/api/inference,True,,1191,22,200,
1790479301.040228,1790479303.926982,39344.645119,39347.531873,2886.754,POST,/api/inference,True,,1191,23,200,
1790479301.067281,1790479303.955527,39344.672173,39347.560418,2888.245,POST,/api/inference,True,,1191,24,200,
1790479301.099342,1790479303.98584,39344.704233,39347.590731,2886.498,POST,/api/inference,True,,1191,25,200,
1790479301.12869,1790479304.015778,39344.733581,39347.620669,2887.088,POST,/api/inference,True,,1191,26,200,
1790479301.156196,1790479304.043242,39344.761087,39347.648133,2887.046,POST,/api/inference,True,,1191,27,200,
1790479301.208281,1790479304.094983,39344.813173,39347.699874,2886.702,POST,/api/inference,True,,1191,28,200,
1790479301.209687,1790479304.096346,39344.814578,39347.701238,2886.659,POST,/api/inference,True,,1191,29,200,
1790479301.247518,1790479304.134407,39344.852409,39347.739298,2886.889,POST,/api/inference,True,,1191,30,200,
1790479301.276876,1790479304.163472,39344.881767,39347.768363,2886.596,POST,/api/inference,True,,1191,31,200,
1790479301.301306,1790479304.189127,39344.906197,39347.794018,2887.821,POST,/api/inference,True,,1191,32,200,
1790479301.326569,1790479304.213516,39344.93146,39347.818408,2886.948,POST,/api/inference,True,,1191,33,200,
1790479301.370166,1790479304.256614,39344.975057,39347.861505,2886.448,POST,/api/inference,True,,1191,34,200,
1790479301.382287,1790479304.269045,39344.987178,39347.873936,2886.759,POST,/api/inference,True,,1191,35,200,
1790479301.41317,1790479304.299981,39345.018061,39347.904872,2886.811,POST,/api/inference,True,,1191,36,200,
1790479301.443824,1790479304.32966,39345.048715,39347.934552,2885.837,POST,/api/inference,True,,1191,37,200,
1790479301.473203,1790479304.35987,39345.078094,39347.964761,2886.667,POST,/api/inference,True,,1191,38,200,
1790479301.498376,1790479304.385321,39345.103268,39347.990213,2886.945,POST,/api/inference,True,,1191,39,200,
1790479301.529782,1790479304.416687,39345.134673,39348.021578,2886.905,POST,/api/inference,True,,1191,40,200,
1790479301.552713,1790479304.439051,39345.157605,39348.043943,2886.338,POST,/api/inference,True,,1191,41,200,
1790479301.58523,1790479304.472872,39345.190121,39348.077763,2887.642,POST,/api/inference,True,,1191,42,200,
1790479301.613261,1790479304.500388,39345.218153,39348.10528,2887.127,POST,/api/inference,True,,1191,43,200,
1790479301.645565,1790479304.53213,39345.250456,39348.137022,2886.566,POST,/api/inference,True,,1191,44,200,
1790479301.669539,1790479304.556017,39345.27443,39348.160908,2886.478,POST,/api/inference,True,,1191,45,200,
1790479301.707515,1790479304.593773,39345.312406,39348.198664,2886.257,POST,/api/inference,True,,1191,46,200,
1790479301.730944,1790479304.61756,39345.335835,39348.222451,2886.616,POST,/api/inference,True,,1191,47,200,
1790479301.758168,1790479304.645545,39345.363059,39348.250436,2887.377,POST,/api/inference,True,,1191,48,200,
1790479301.790162,1790479304.675846,39345.395054,39348.280737,2885.683,POST,/api/inference,True,,1191,49,200,
1790479301.81831,1790479304.70471,39345.423202,39348.309601,2886.399,POST,/api/inference,True,,1191,50,200,
1790479301.847741,1790479304.732823,39345.452632,39348.337714,2885.082,POST,/api/inference,True,,1191,51,200,
1790479301.879794,1790479304.766881,39345.484685,39348.371773,2887.087,POST,/api/inference,True,,1191,52,200,
1790479301.900595,1790479304.786654,39345.505486,39348.391546,2886.06,POST,/api/inference,True,,1191,53,200,
1790479301.937986,1790479304.825051,39345.542877,39348.429942,2887.064,POST,/api/inference,True,,1191,54,200,
1790479301.973884,1790479304.862092,39345.578775,39348.466983,2888.208,POST,/api/inference,True,,1191,55,200,
1790479301.993688,1790479304.879974,39345.598579,39348.484865,2886.286,POST,/api/inference,True,,1191,56,200,
1790479302.016776,1790479304.902717,39345.621668,39348.507609,2885.941,POST,/api/inference,True,,1191,57,200,
1790479302.045799,1790479304.933384,39345.65069,39348.538276,2887.585,POST,/api/inference,True,,1191,58,200,
1790479302.078934,1790479304.966165,39345.683825,39348.571056,2887.231,POST,/api/inference,True,,1191,59,200,
1790479302.125697,1790479305.016118,39345.730588,39348.621009,2890.421,POST,/api/inference,True,,1191,60,200,
1790479302.129308,1790479305.017309,39345.734199,39348.6222,2888.001,POST,/api/inference,True,,1191,61,200,
1790479302.164673,1790479305.05317,39345.769565,39348.658061,2888.497,POST,/api/inference,True,,1191,62,200,
1790479302.192852,1790479305.08166,39345.797743,39348.686551,2888.808,POST,/api/inference,True,,1191,63,200,
1790479302.220436,1790479305.107257,39345.825327,39348.712148,2886.821,POST,/api/inference,True,,1191,64,200,
1790479302.249155,1790479305.136126,39345.854046,39348.741017,2886.971,POST,/api/inference,True,,1191,65,200,
1790479302.28458,1790479305.17156,39345.889471,39348.776451,2886.98,POST,/api/inference,True,,1191,66,200,
1790479302.309782,1790479305.19633,39345.914674,39348.801221,2886.547,POST,/api/inference,True,,1191,67,200,
1790479302.342042,1790479305.229716,39345.946933,39348.834607,2887.674,POST,/api/inference,True,,1191,68,200,
1790479302.36292,1790479305.250124,39345.967811,39348.855016,2887.204,POST,/api/inference,True,,1191,69,200,
1790479302.40022,1790479305.286442,39346.005111,39348.891333,2886.222,POST,/api/inference,True,,1191,70,200,
1790479302.42365,1790479305.310715,39346.028541,39348.915606,2887.065,POST,/api/inference,True,,1191,71,200,
1790479302.454216,1790479305.34124,39346.059107,39348.946131,2887.024,POST,/api/inference,True,,1191,72,200,
1790479302.477999,1790479305.365745,39346.08289,39348.970636,2887.746,POST,/api/inference,True,,1191,73,200,
1790479302.508763,1790479305.397745,39346.113655,39349.002637,2888.982,POST,/api/inference,True,,1191,74,200,
1790479302.539727,1790479305.42624,39346.144618,39349.031131,2886.513,POST,/api/inference,True,,1191,75,200,
1790479302.569605,1790479305.45664,39346.174496,39349.061531,2887.035,POST,/api/inference,True,,1191,76,200,
1790479302.596861,1790479305.484114,39346.201753,39349.089005,2887.253,POST,/api/inference,True,,1191,77,200,
1790479302.623259,1790479305.510184,39346.228151,39349.115075,2886.924,POST,/api/inference,True,,1191,78,200,
1790479302.651726,1790479305.537546,39346.256617,39349.142437,2885.82,POST,/api/inference,True,,1191,79,200,
1790479302.686228,1790479305.573811,39346.291119,39349.178702,2887.583,POST,/api/inference,True,,1191,80,200,
1790479302.706489,1790479305.593712,39346.31138,39349.198603,2887.223,POST,/api/inference,True,,1191,81,200,
1790479302.736946,1790479305.623028,39346.341837,39349.227919,2886.082,POST,/api/inference,True,,1191,82,200,
1790479302.766374,1790479305.653209,39346.371265,39349.2581,2886.835,POST,/api/inference,True,,1191,83,200,
1790479302.802683,1790479305.689318,39346.407574,39349.294209,2886.634,POST,/api/inference,True,,1191,84,200,
1790479302.826288,1790479305.711812,39346.43118,39349.316703,2885.523,POST,/api/inference,True,,1191,85,200,
1790479302.855802,1790479305.741921,39346.460694,39349.346813,2886.119,POST,/api/inference,True,,1191,86,200,
1790479302.884826,1790479305.775455,39346.489717,39349.380346,2890.629,POST,/api/inference,True,,1191,87,200,
1790479302.911866,1790479305.798115,39346.516758,39349.403007,2886.249,POST,/api/inference,True,,1191,88,200,
1790479302.942147,1790479305.829083,39346.547038,39349.433974,2886.936,POST,/api/inference,True,,1191,89,200,
1790479302.971622,1790479305.858154,39346.576513,39349.463045,2886.532,POST,/api/inference,True,,1191,90,200,
1790479302.99984,1790479305.886442,39346.604731,39349.491333,2886.602,POST,/api/inference,True,,1191,91,200,
1790479303.028503,1790479305.914412,39346.633395,39349.519304,2885.909,POST,/api/inference,True,,1191,92,200,
1790479303.055627,1790479305.942377,39346.660518,39349.547268,2886.749,POST,/api/inference,True,,1191,93,200,
1790479303.0833,1790479305.969689,39346.688192,39349.57458,2886.389,POST,/api/inference,True,,1191,94,200,
1790479303.111036,1790479305.998122,39346.715928,39349.603013,2887.085,POST,/api/inference,True,,1191,95,200,
1790479303.142707,1790479306.030539,39346.747599,39349.635431,2887.832,POST,/api/inference,True,,1191,96,200,
1790479303.171074,1790479306.057936,39346.775965,39349.662827,2886.862,POST,/api/inference,True,,1191,97,200,
1790479303.202786,1790479306.090158,39346.807678,39349.695049,2887.372,POST,/api/inference,True,,1191,98,200,
1790479303.230419,1790479306.117512,39346.83531,39349.722403,2887.093,POST,/api/inference,True,,1191,99,200,
1790479303.266909,1790479306.153854,39346.8718,39349.758746,2886.945,POST,/api/inference,True,,1191,0,200,
1790479303.292283,1790479306.178541,39346.897174,39349.783432,2886.258,POST,/api/inference,True,,1191,1,200,
1790479303.324058,1790479306.211041,39346.928949,39349.815932,2886.983,POST,/api/inference,True,,1191,2,200,
1790479303.352808,1790479306.240089,39346.957699,39349.84498,2887.281,POST,/api/inference,True,,1191,3,200,
1790479303.38078,1790479306.267029,39346.985671,39349.87192,2886.249,POST,/api/inference,True,,1191,4,200,
1790479303.408475,1790479306.295805,39347.013367,39349.900697,2887.33,POST,/api/inference,True,,1191,5,200,
1790479303.444823,1790479306.331804,39347.049714,39349.936695,2886.981,POST,/api/inference,True,,1191,6,200,
1790479303.472734,1790479306.358536,39347.077625,39349.963427,2885.802,POST,/api/inference,True,,1191,7,200,
1790479303.495915,1790479306.381921,39347.100806,39349.986812,2886.006,POST,/api/inference,True,,1191,8,200,
1790479303.522722,1790479306.410116,39347.127613,39350.015007,2887.394,POST,/api/inference,True,,1191,9,200,
1790479303.556403,1790479306.445335,39347.161295,39350.050226,2888.931,POST,/api/inference,True,,1191,10,200,
1790479303.585148,1790479306.472473,39347.19004,39350.077364,2887.324,POST,/api/inference,True,,1191,11,200,
1790479303.613605,1790479306.499439,39347.218496,39350.104331,2885.834,POST,/api/inference,True,,1191,12,200,
1790479303.637449,1790479306.523784,39347.242341,39350.128675,2886.335,POST,/api/inference,True,,1191,13,200,
1790479303.668099,1790479306.55543,39347.27299,39350.160321,2887.331,POST,/api/inference,True,,1191,14,200,
1790479303.702847,1790479306.588543,39347.307739,39350.193434,2885.695,POST,/api/inference,True,,1191,15,200,
1790479303.730331,1790479306.616643,39347.335222,39350.221535,2886.313,POST,/api/inference,True,,1191,16,200,
1790479303.754772,1790479306.641908,39347.359663,39350.246799,2887.136,POST,/api/inference,True,,1191,17,200,
1790479303.782849,1790479306.669061,39347.387741,39350.273952,2886.212,POST,/api/inference,True,,1191,18,200,
1790479303.810572,1790479306.697337,39347.415463,39350.302228,2886.765,POST,/api/inference,True,,1191,19,200,
1790479303.842885,1790479306.729054,39347.447777,39350.333945,2886.169,POST,/api/inference,True,,1191,20,200,
1790479303.870691,1790479306.755456,39347.475583,39350.360348,2884.765,POST,/api/inference,True,,1191,21,200,
1790479303.900101,1790479306.785863,39347.504992,39350.390755,2885.763,POST,/api/inference,True,,1191,22,200,
1790479303.927128,1790479306.813248,39347.532019,39350.418139,2886.12,POST,/api/inference,True,,1191,23,200,
1790479303.955687,1790479306.841924,39347.560578,39350.446815,2886.237,POST,/api/inference,True,,1191,24,200,
1790479303.985991,1790479306.872516,39347.590882,39350.477407,2886.525,POST,/api/inference,True,,1191,25,200,
1790479304.015948,1790479306.901881,39347.620839,39350.506772,2885.933,POST,/api/inference,True,,1191,26,200,
1790479304.04342,1790479306.930254,39347.648311,39350.535145,2886.834,POST,/api/inference,True,,1191,27,200,
1790479304.095134,1790479306.982693,39347.700026,39350.587584,2887.559,POST,/api/inference,True,,1191,28,200,
1790479304.096909,1790479306.983746,39347.7018,39350.588638,2886.838,POST,/api/inference,True,,1191,29,200,
1790479304.134563,1790479307.021486,39347.739455,39350.626377,2886.922,POST,/api/inference,True,,1191,30,200,
1790479304.163622,1790479307.050578,39347.768513,39350.65547,2886.956,POST,/api/inference,True,,1191,31,200,
1790479304.1893,1790479307.078099,39347.794191,39350.68299,2888.799,POST,/api/inference,True,,1191,32,200,
1790479304.21367,1790479307.102806,39347.818561,39350.707697,2889.136,POST,/api/inference,True,,1191,33,200,
1790479304.256764,1790479307.14361,39347.861656,39350.748501,2886.845,POST,/api/inference,True,,1191,34,200,
1790479304.269198,1790479307.156066,39347.87409,39350.760957,2886.867,POST,/api/inference,True,,1191,35,200,
1790479304.300128,1790479307.18638,39347.90502,39350.791271,2886.252,POST,/api/inference,True,,1191,36,200,
1790479304.329811,1790479307.215923,39347.934702,39350.820815,2886.112,POST,/api/inference,True,,1191,37,200,
1790479304.360024,1790479307.246172,39347.964915,39350.851063,2886.148,POST,/api/inference,True,,1191,38,200,
1790479304.38548,1790479307.273353,39347.990372,39350.878244,2887.873,POST,/api/inference,True,,1191,39,200,
1790479304.416842,1790479307.303287,39348.021733,39350.908178,2886.445,POST,/api/inference,True,,1191,40,200,
1790479304.439307,1790479307.325996,39348.044198,39350.930887,2886.689,POST,/api/inference,True,,1191,41,200,
1790479304.473037,1790479307.361529,39348.077929,39350.96642,2888.491,POST,/api/inference,True,,1191,42,200,
1790479304.500546,1790479307.387093,39348.105437,39350.991984,2886.547,POST,/api/inference,True,,1191,43,200,
1790479304.532391,1790479307.419214,39348.137282,39351.024105,2886.823,POST,/api/inference,True,,1191,44,200,
1790479304.556174,1790479307.442607,39348.161065,39351.047498,2886.433,POST,/api/inference,True,,1191,45,200,
1790479304.593918,1790479307.480019,39348.198809,39351.08491,2886.101,POST,/api/inference,True,,1191,46,200,
1790479304.61772,1790479307.503881,39348.222612,39351.108772,2886.161,POST,/api/inference,True,,1191,47,200,
1790479304.645746,1790479307.533269,39348.250637,39351.13816,2887.522,POST,/api/inference,True,,1191,48,200,
1790479304.67595,1790479307.561249,39348.280841,39351.16614,2885.299,POST,/api/inference,True,,1191,49,200,
1790479304.704852,1790479307.591634,39348.309743,39351.196525,2886.782,POST,/api/inference,True,,1191,50,200,
1790479304.732935,1790479307.618822,39348.337827,39351.223713,2885.886,POST,/api/inference,True,,1191,51,200,
1790479304.767031,1790479307.654289,39348.371922,39351.25918,2887.258,POST,/api/inference,True,,1191,52,200,
1790479304.786805,1790479307.673721,39348.391696,39351.278613,2886.916,POST,/api/inference,True,,1191,53,200,
1790479304.825208,1790479307.711931,39348.430099,39351.316822,2886.722,POST,/api/inference,True,,1191,54,200,
1790479304.86224,1790479307.749548,39348.467132,39351.354439,2887.307,POST,/api/inference,True,,1191,55,200,
1790479304.880172,1790479307.766103,39348.485063,39351.370994,2885.93,POST,/api/inference,True,,1191,56,200,
1790479304.902865,1790479307.788593,39348.507756,39351.393485,2885.728,POST,/api/inference,True,,1191,57,200,
1790479304.933535,1790479307.82229,39348.538426,39351.427181,2888.755,POST,/api/inference,True,,1191,58,200,
1790479304.966326,1790479307.852239,39348.571218,39351.45713,2885.912,POST,/api/inference,True,,1191,59,200,
1790479305.016288,1790479307.902979,39348.621179,39351.50787,2886.691,POST,/api/inference,True,,1191,60,200,
1790479305.017876,1790479307.904287,39348.622767,39351.509178,2886.412,POST,/api/inference,True,,1191,61,200,
1790479305.053319,1790479307.941219,39348.658211,39351.54611,2887.9,POST,/api/inference,True,,1191,62,200,
1790479305.081845,1790479307.969862,39348.686735,39351.574753,2888.018,POST,/api/inference,True,,1191,63,200,
1790479305.107407,1790479307.993816,39348.712298,39351.598707,2886.409,POST,/api/inference,True,,1191,64,200,
1790479305.136276,1790479308.022413,39348.741167,39351.627304,2886.137,POST,/api/inference,True,,1191,65,200,
1790479305.171723,1790479308.059066,39348.776614,39351.663957,2887.343,POST,/api/inference,True,,1191,66,200,
1790479305.196477,1790479308.082744,39348.801368,39351.687635,2886.267,POST,/api/inference,True,,1191,67,200,
1790479305.22988,1790479308.119249,39348.834771,39351.72414,2889.37,POST,/api/inference,True,,1191,68,200,
1790479305.25028,1790479308.137409,39348.855171,39351.7423,2887.129,POST,/api/inference,True,,1191,69,200,
1790479305.286593,1790479308.173794,39348.891484,39351.778685,2887.202,POST,/api/inference,True,,1191,70,200,
1790479305.310868,1790479308.197668,39348.915759,39351.802559,2886.8,POST,/api/inference,True,,1191,71,200,
1790479305.341397,1790479308.227721,39348.946288,39351.832613,2886.325,POST,/api/inference,True,,1191,72,200,
1790479305.365922,1790479308.252997,39348.970814,39351.857888,2887.075,POST,/api/inference,True,,1191,73,200,
1790479305.397922,1790479308.285501,39349.002813,39351.890392,2887.58,POST,/api/inference,True,,1191,74,200,
1790479305.426395,1790479308.3134,39349.031286,39351.918291,2887.005,POST,/api/inference,True,,1191,75,200,
1790479305.456798,1790479308.343725,39349.061689,39351.948616,2886.927,POST,/api/inference,True,,1191,76,200,
1790479305.48427,1790479308.371048,39349.089161,39351.975939,2886.778,POST,/api/inference,True,,1191,77,200,
1790479305.510333,1790479308.396667,39349.115224,39352.001559,2886.335,POST,/api/inference,True,,1191,78,200,
1790479305.537707,1790479308.424142,39349.142598,39352.029033,2886.435,POST,/api/inference,True,,1191,79,200,
1790479305.57397,1790479308.460293,39349.178861,39352.065184,2886.323,POST,/api/inference,True,,1191,80,200,
1790479305.593873,1790479308.480047,39349.198764,39352.084938,2886.174,POST,/api/inference,True,,1191,81,200,
1790479305.623293,1790479308.511318,39349.228185,39352.116209,2888.025,POST,/api/inference,True,,1191,82,200,
1790479305.65337,1790479308.540733,39349.258261,39352.145624,2887.363,POST,/api/inference,True,,1191,83,200,
1790479305.689473,1790479308.57608,39349.294364,39352.180971,2886.607,POST,/api/inference,True,,1191,84,200,
1790479305.711943,1790479308.59821,39349.316834,39352.203101,2886.267,POST,/api/inference,True,,1191,85,200,
1790479305.74206,1790479308.629449,39349.346952,39352.23434,2887.388,POST,/api/inference,True,,1191,86,200,
1790479305.7756,1790479308.661762,39349.380492,39352.266653,2886.162,POST,/api/inference,True,,1191,87,200,
1790479305.79826,1790479308.685066,39349.403151,39352.289958,2886.807,POST,/api/inference,True,,1191,88,200,
1790479305.829231,1790479308.715532,39349.434122,39352.320423,2886.301,POST,/api/inference,True,,1191,89,200,
1790479305.858304,1790479308.745186,39349.463195,39352.350077,2886.882,POST,/api/inference,True,,1191,90,200,
1790479305.886599,1790479308.773638,39349.49149,39352.37853,2887.04,POST,/api/inference,True,,1191,91,200,
1790479305.914559,1790479308.801371,39349.51945,39352.406263,2886.813,POST,/api/inference,True,,1191,92,200,
1790479305.942528,1790479308.82802,39349.54742,39352.432912,2885.492,POST,/api/inference,True,,1191,93,200,
1790479305.96983,1790479308.855795,39349.574721,39352.460686,2885.965,POST,/api/inference,True,,1191,94,200,
1790479305.998275,1790479308.884014,39349.603167,39352.488905,2885.738,POST,/api/inference,True,,1191,95,200,
1790479306.030714,1790479308.917292,39349.635605,39352.522184,2886.579,POST,/api/inference,True,,1191,96,200,
1790479306.0581,1790479308.944503,39349.662991,39352.549395,2886.403,POST,/api/inference,True,,1191,97,200,
1790479306.090321,1790479308.976581,39349.695212,39352.581472,2886.26,POST,/api/inference,True,,1191,98,200,
1790479306.11766,1790479309.003615,39349.722552,39352.608506,2885.955,POST,/api/inference,True,,1191,99,200,
1790479306.154133,1790479309.040818,39349.759024,39352.645709,2886.685,POST,/api/inference,True,,1191,0,200,
1790479306.1787,1790479309.065725,39349.783591,39352.670616,2887.025,POST,/api/inference,True,,1191,1,200,
1790479306.211297,1790479309.098992,39349.816188,39352.703883,2887.695,POST,/api/inference,True,,1191,2,200,
1790479306.240249,1790479309.12665,39349.84514,39352.731541,2886.401,POST,/api/inference,True,,1191,3,200,
1790479306.267323,1790479309.155324,39349.872215,39352.760216,2888.001,POST,/api/inference,True,,1191,4,200,
1790479306.29598,1790479309.183916,39349.900871,39352.788807,2887.936,POST,/api/inference,True,,1191,5,200,
1790479306.331994,1790479309.220029,39349.936886,39352.82492,2888.034,POST,/api/inference,True,,1191,6,200,
1790479306.358686,1790479309.24539,39349.963578,39352.850282,2886.704,POST,/api/inference,True,,1191,7,200,
1790479306.382076,1790479309.268664,39349.986967,39352.873555,2886.588,POST,/api/inference,True,,1191,8,200,
1790479306.410261,1790479309.296718,39350.015152,39352.901609,2886.457,POST,/api/inference,True,,1191,9,200,
1790479306.445491,1790479309.332119,39350.050382,39352.93701,2886.627,POST,/api/inference,True,,1191,10,200,
1790479306.472633,1790479309.359596,39350.077524,39352.964487,2886.963,POST,/api/inference,True,,1191,11,200,
1790479306.499679,1790479309.387203,39350.10457,39352.992094,2887.524,POST,/api/inference,True,,1191,12,200,
1790479306.523946,1790479309.410493,39350.128837,39353.015384,2886.547,POST,/api/inference,True,,1191,13,200,
1790479306.5556,1790479309.441929,39350.160491,39353.04682,2886.329,POST,/api/inference,True,,1191,14,200,
1790479306.588691,1790479309.4755,39350.193582,39353.080391,2886.808,POST,/api/inference,True,,1191,15,200,
1790479306.616794,1790479309.50356,39350.221685,39353.108451,2886.766,POST,/api/inference,True,,1191,16,200,
1790479306.642064,1790479309.530734,39350.246955,39353.135625,2888.67,POST,/api/inference,True,,1191,17,200,
1790479306.669209,1790479309.555069,39350.2741,39353.15996,2885.86,POST,/api/inference,True,,1191,18,200,
1790479306.697489,1790479309.582946,39350.30238,39353.187837,2885.456,POST,/api/inference,True,,1191,19,200,
1790479306.729204,1790479309.615086,39350.334095,39353.219977,2885.882,POST,/api/inference,True,,1191,20,200,
1790479306.755624,1790479309.642818,39350.360515,39353.247709,2887.194,POST,/api/inference,True,,1191,21,200,
1790479306.785998,1790479309.672844,39350.390889,39353.277735,2886.846,POST,/api/inference,True,,1191,22,200,
1790479306.813398,1790479309.700944,39350.418289,39353.305835,2887.546,POST,/api/inference,True,,1191,23,200,
1790479306.842076,1790479309.729287,39350.446967,39353.334178,2887.211,POST,/api/inference,True,,1191,24,200,
1790479306.872686,1790479309.759782,39350.477578,39353.364673,2887.096,POST,/api/inference,True,,1191,25,200,
1790479306.902038,1790479309.789266,39350.506929,39353.394158,2887.229,POST,/api/inference,True,,1191,26,200,
1790479306.930414,1790479309.819288,39350.535306,39353.42418,2888.874,POST,/api/inference,True,,1191,27,200,
1790479306.982822,1790479309.868067,39350.587714,39353.472958,2885.245,POST,/api/inference,True,,1191,28,200,
1790479306.984254,1790479309.869445,39350.589145,39353.474336,2885.19,POST,/api/inference,True,,1191,29,200,
1790479307.021647,1790479309.906583,39350.626538,39353.511475,2884.936,POST,/api/inference,True,,1191,30,200,
1790479307.050736,1790479309.937367,39350.655627,39353.542258,2886.631,POST,/api/inference,True,,1191,31,200,
1790479307.078296,1790479309.964584,39350.683188,39353.569475,2886.288,POST,/api/inference,True,,1191,32,200,
1790479307.102978,1790479309.989864,39350.707869,39353.594755,2886.886,POST,/api/inference,True,,1191,33,200,
1790479307.143772,1790479310.030528,39350.748663,39353.63542,2886.756,POST,/api/inference,True,,1191,34,200,
1790479307.156217,1790479310.042187,39350.761108,39353.647078,2885.97,POST,/api/inference,True,,1191,35,200,
1790479307.186535,1790479310.073223,39350.791426,39353.678115,2886.689,POST,/api/inference,True,,1191,36,200,
1790479307.216074,1790479310.101746,39350.820965,39353.706637,2885.672,POST,/api/inference,True,,1191,37,200,
1790479307.246328,1790479310.133058,39350.85122,39353.73795,2886.73,POST,/api/inference,True,,1191,38,200,
1790479307.27351,1790479310.160143,39350.878401,39353.765034,2886.633,POST,/api/inference,True,,1191,39,200,
1790479307.303443,1790479310.190778,39350.908334,39353.79567,2887.335,POST,/api/inference,True,,1191,40,200,
1790479307.326149,1790479310.214487,39350.93104,39353.819378,2888.338,POST,/api/inference,True,,1191,41,200,
1790479307.361693,1790479310.249419,39350.966584,39353.85431,2887.726,POST,/api/inference,True,,1191,42,200,
1790479307.387468,1790479310.275418,39350.992359,39353.880309,2887.949,POST,/api/inference,True,,1191,43,200,
1790479307.419381,1790479310.306184,39351.024273,39353.911075,2886.802,POST,/api/inference,True,,1191,44,200,
1790479307.442767,1790479310.330374,39351.047658,39353.935265,2887.607,POST,/api/inference,True,,1191,45,200,
1790479307.480177,1790479310.368025,39351.085068,39353.972916,2887.848,POST,/api/inference,True,,1191,46,200,
1790479307.504039,1790479310.39146,39351.10893,39353.996351,2887.421,POST,/api/inference,True,,1191,47,200,
1790479307.533413,1790479310.419745,39351.138304,39354.024637,2886.333,POST,/api/inference,True,,1191,48,200,
1790479307.561408,1790479310.447961,39351.166299,39354.052852,2886.553,POST,/api/inference,True,,1191,49,200,
1790479307.591796,1790479310.478328,39351.196687,39354.083219,2886.532,POST,/api/inference,True,,1191,50,200,
1790479307.618973,1790479310.505837,39351.223864,39354.110728,2886.864,POST,/api/inference,True,,1191,51,200,
1790479307.654445,1790479310.541095,39351.259336,39354.145986,2886.65,POST,/api/inference,True,,1191,52,200,
1790479307.673877,1790479310.560387,39351.278768,39354.165278,2886.51,POST,/api/inference,True,,1191,53,200,
1790479307.712087,1790479310.598289,39351.316979,39354.20318,2886.201,POST,/api/inference,True,,1191,54,200,
1790479307.749706,1790479310.636607,39351.354597,39354.241498,2886.901,POST,/api/inference,True,,1191,55,200,
1790479307.766278,1790479310.654357,39351.371169,39354.259248,2888.079,POST,/api/inference,True,,1191,56,200,
1790479307.788718,1790479310.674353,39351.393609,39354.279244,2885.635,POST,/api/inference,True,,1191,57,200,
1790479307.822428,1790479310.710074,39351.427319,39354.314965,2887.646,POST,/api/inference,True,,1191,58,200,
1790479307.852381,1790479310.738518,39351.457272,39354.343409,2886.137,POST,/api/inference,True,,1191,59,200,
1790479307.903122,1790479310.790978,39351.508013,39354.395869,2887.856,POST,/api/inference,True,,1191,60,200,
1790479307.904822,1790479310.792721,39351.509713,39354.397612,2887.898,POST,/api/inference,True,,1191,61,200,
1790479307.941392,1790479310.828401,39351.546283,39354.433292,2887.009,POST,/api/inference,True,,1191,62,200,
1790479307.970171,1790479310.856691,39351.575062,39354.461582,2886.52,POST,/api/inference,True,,1191,63,200,
1790479307.993976,1790479310.881082,39351.598867,39354.485974,2887.106,POST,/api/inference,True,,1191,64,200,
1790479308.022586,1790479310.907785,39351.627478,39354.512677,2885.199,POST,/api/inference,True,,1191,65,200,
1790479308.05935,1790479310.945571,39351.664241,39354.550462,2886.221,POST,/api/inference,True,,1191,66,200,
1790479308.082895,1790479310.969253,39351.687786,39354.574145,2886.359,POST,/api/inference,True,,1191,67,200,
1790479308.119421,1790479311.006312,39351.724313,39354.611203,2886.89,POST,/api/inference,True,,1191,68,200,
1790479308.137557,1790479311.02465,39351.742449,39354.629541,2887.092,POST,/api/inference,True,,1191,69,200,
1790479308.173951,1790479311.062136,39351.778842,39354.667027,2888.185,POST,/api/inference,True,,1191,70,200,
1790479308.197816,1790479311.083962,39351.802707,39354.688853,2886.146,POST,/api/inference,True,,1191,71,200,
1790479308.227874,1790479311.113382,39351.832765,39354.718273,2885.508,POST,/api/inference,True,,1191,72,200,
1790479308.253147,1790479311.140485,39351.858038,39354.745376,2887.338,POST,/api/inference,True,,1191,73,200,
1790479308.285667,1790479311.173023,39351.890558,39354.777915,2887.357,POST,/api/inference,True,,1191,74,200,
1790479308.313557,1790479311.200484,39351.918448,39354.805376,2886.928,POST,/api/inference,True,,1191,75,200,
1790479308.343896,1790479311.233508,39351.948787,39354.838399,2889.612,POST,/api/inference,True,,1191,76,200,
1790479308.371307,1790479311.258176,39351.976198,39354.863067,2886.869,POST,/api/inference,True,,1191,77,200,
1790479308.396824,1790479311.283694,39352.001715,39354.888586,2886.87,POST,/api/inference,True,,1191,78,200,
1790479308.424309,1790479311.311785,39352.029201,39354.916677,2887.476,POST,/api/inference,True,,1191,79,200,
1790479308.460457,1790479311.347352,39352.065348,39354.952243,2886.896,POST,/api/inference,True,,1191,80,200,
1790479308.480196,1790479311.366973,39352.085088,39354.971864,2886.776,POST,/api/inference,True,,1191,81,200,
1790479308.511488,1790479311.398442,39352.116379,39355.003333,2886.954,POST,/api/inference,True,,1191,82,200,
1790479308.540892,1790479311.427461,39352.145783,39355.032352,2886.569,POST,/api/inference,True,,1191,83,200,
1790479308.576228,1790479311.462506,39352.181119,39355.067397,2886.277,POST,/api/inference,True,,1191,84,200,
1790479308.598363,1790479311.485323,39352.203254,39355.090214,2886.96,POST,/api/inference,True,,1191,85,200,
1790479308.629608,1790479311.516893,39352.2345,39355.121785,2887.285,POST,/api/inference,True,,1191,86,200,
1790479308.661912,1790479311.549228,39352.266804,39355.154119,2887.315,POST,/api/inference,True,,1191,87,200,
1790479308.685216,1790479311.573546,39352.290108,39355.178438,2888.33,POST,/api/inference,True,,1191,88,200,
1790479308.715686,1790479311.602248,39352.320578,39355.207139,2886.562,POST,/api/inference,True,,1191,89,200,
1790479308.745342,1790479311.632446,39352.350233,39355.237337,2887.104,POST,/api/inference,True,,1191,90,200,
1790479308.773805,1790479311.661059,39352.378696,39355.26595,2887.254,POST,/api/inference,True,,1191,91,200,
1790479308.801523,1790479311.688639,39352.406415,39355.29353,2887.116,POST,/api/inference,True,,1191,92,200,
1790479308.828142,1790479311.713924,39352.433033,39355.318815,2885.782,POST,/api/inference,True,,1191,93,200,
1790479308.85594,1790479311.743025,39352.460832,39355.347916,2887.085,POST,/api/inference,True,,1191,94,200,
1790479308.884155,1790479311.771418,39352.489046,39355.376309,2887.263,POST,/api/inference,True,,1191,95,200,
1790479308.917449,1790479311.804765,39352.52234,39355.409656,2887.315,POST,/api/inference,True,,1191,96,200,
1790479308.944657,1790479311.832674,39352.549548,39355.437565,2888.018,POST,/api/inference,True,,1191,97,200,
1790479308.976734,1790479311.864003,39352.581625,39355.468894,2887.269,POST,/api/inference,True,,1191,98,200,
1790479309.003792,1790479311.892288,39352.608683,39355.497179,2888.496,POST,/api/inference,True,,1191,99,200,
1790479309.040967,1790479311.927503,39352.645859,39355.532394,2886.535,POST,/api/inference,True,,1191,0,200,
1790479309.065886,1790479311.951772,39352.670777,39355.556663,2885.886,POST,/api/inference,True,,1191,1,200,
1790479309.099235,1790479311.985666,39352.704126,39355.590557,2886.431,POST,/api/inference,True,,1191,2,200,
1790479309.126806,1790479312.013851,39352.731697,39355.618742,2887.045,POST,/api/inference,True,,1191,3,200,
1790479309.155477,1790479312.042229,39352.760368,39355.64712,2886.752,POST,/api/inference,True,,1191,4,200,
1790479309.184101,1790479312.07138,39352.788992,39355.676271,2887.279,POST,/api/inference,True,,1191,5,200,
1790479309.220184,1790479312.106411,39352.825076,39355.711303,2886.227,POST,/api/inference,True,,1191,6,200,
1790479309.245545,1790479312.134163,39352.850436,39355.739054,2888.618,POST,/api/inference,True,,1191,7,200,
1790479309.268808,1790479312.156408,39352.873699,39355.761299,2887.6,POST,/api/inference,True,,1191,8,200,
1790479309.296867,1790479312.183947,39352.901758,39355.788838,2887.08,POST,/api/inference,True,,1191,9,200,
1790479309.332277,1790479312.219286,39352.937169,39355.824177,2887.008,POST,/api/inference,True,,1191,10,200,
1790479309.359756,1790479312.248755,39352.964647,39355.853647,2888.999,POST,/api/inference,True,,1191,11,200,
1790479309.387376,1790479312.27601,39352.992267,39355.880901,2888.634,POST,/api/inference,True,,1191,12,200,
1790479309.410646,1790479312.298244,39353.015537,39355.903135,2887.598,POST,/api/inference,True,,1191,13,200,
1790479309.442084,1790479312.329678,39353.046976,39355.934569,2887.593,POST,/api/inference,True,,1191,14,200,
1790479309.475653,1790479312.362271,39353.080544,39355.967162,2886.618,POST,/api/inference,True,,1191,15,200,
1790479309.503731,1790479312.391447,39353.108623,39355.996338,2887.715,POST,/api/inference,True,,1191,16,200,
1790479309.53088,1790479312.418919,39353.135771,39356.02381,2888.039,POST,/api/inference,True,,1191,17,200,
1790479309.555354,1790479312.443104,39353.160245,39356.047995,2887.749,POST,/api/inference,True,,1191,18,200,
1790479309.5831,1790479312.470746,39353.187991,39356.075637,2887.646,POST,/api/inference,True,,1191,19,200,
1790479309.61533,1790479312.502315,39353.220221,39356.107206,2886.985,POST,/api/inference,True,,1191,20,200,
1790479309.642982,1790479312.530503,39353.247874,39356.135394,2887.52,POST,/api/inference,True,,1191,21,200,
1790479309.673002,1790479312.559919,39353.277893,39356.16481,2886.917,POST,/api/inference,True,,1191,22,200,
1790479309.701116,1790479312.588452,39353.306007,39356.193344,2887.336,POST,/api/inference,True,,1191,23,200,
1790479309.729442,1790479312.615693,39353.334333,39356.220584,2886.251,POST,/api/inference,True,,1191,24,200,
1790479309.759942,1790479312.646941,39353.364834,39356.251832,2886.999,POST,/api/inference,True,,1191,25,200,
1790479309.789428,1790479312.676411,39353.394319,39356.281302,2886.984,POST,/api/inference,True,,1191,26,200,
1790479309.819464,1790479312.707056,39353.424355,39356.311947,2887.592,POST,/api/inference,True,,1191,27,200,
1790479309.868207,1790479312.75465,39353.473098,39356.359541,2886.443,POST,/api/inference,True,,1191,28,200,
1790479309.869551,1790479312.756473,39353.474442,39356.361364,2886.922,POST,/api/inference,True,,1191,29,200,
1790479309.906718,1790479312.793142,39353.511609,39356.398033,2886.424,POST,/api/inference,True,,1191,30,200,
1790479309.937514,1790479312.823886,39353.542405,39356.428777,2886.372,POST,/api/inference,True,,1191,31,200,
1790479309.964732,1790479312.8506,39353.569624,39356.455492,2885.868,POST,/api/inference,True,,1191,32,200,
1790479309.990016,1790479312.876281,39353.594908,39356.481172,2886.265,POST,/api/inference,True,,1191,33,200,
1790479310.030701,1790479312.916727,39353.635593,39356.521618,2886.025,POST,/api/inference,True,,1191,34,200,
1790479310.042336,1790479312.928519,39353.647227,39356.533411,2886.184,POST,/api/inference,True,,1191,35,200,
1790479310.073373,1790479312.959576,39353.678264,39356.564467,2886.203,POST,/api/inference,True,,1191,36,200,
1790479310.101903,1790479312.987304,39353.706795,39356.592195,2885.401,POST,/api/inference,True,,1191,37,200,
1790479310.133203,1790479313.019549,39353.738095,39356.62444,2886.346,POST,/api/inference,True,,1191,38,200,
1790479310.160292,1790479313.046799,39353.765183,39356.65169,2886.507,POST,/api/inference,True,,1191,39,200,
1790479310.190938,1790479313.07778,39353.795829,39356.682671,2886.842,POST,/api/inference,True,,1191,40,200,
1790479310.214658,1790479313.102744,39353.819549,39356.707635,2888.086,POST,/api/inference,True,,1191,41,200,
1790479310.24959,1790479313.138968,39353.854481,39356.743859,2889.378,POST,/api/inference,True,,1191,42,200,
1790479310.275599,1790479313.162856,39353.88049,39356.767747,2887.257,POST,/api/inference,True,,1191,43,200,
1790479310.306345,1790479313.192142,39353.911236,39356.797033,2885.797,POST,/api/inference,True,,1191,44,200,
1790479310.330534,1790479313.218278,39353.935425,39356.823169,2887.744,POST,/api/inference,True,,1191,45,200,
1790479310.368212,1790479313.256526,39353.973103,39356.861417,2888.314,POST,/api/inference,True,,1191,46,200,
1790479310.391625,1790479313.279046,39353.996516,39356.883937,2887.421,POST,/api/inference,True,,1191,47,200,
1790479310.419907,1790479313.307563,39354.024798,39356.912454,2887.656,POST,/api/inference,True,,1191,48,200,
1790479310.448121,1790479313.334875,39354.053012,39356.939766,2886.754,POST,/api/inference,True,,1191,49,200,
1790479310.478484,1790479313.365425,39354.083375,39356.970316,2886.94,POST,/api/inference,True,,1191,50,200,
1790479310.505993,1790479313.392684,39354.110884,39356.997575,2886.691,POST,/api/inference,True,,1191,51,200,
1790479310.54125,1790479313.428017,39354.146141,39357.032908,2886.767,POST,/api/inference,True,,1191,52,200,
1790479310.560548,1790479313.447511,39354.165439,39357.052402,2886.964,POST,/api/inference,True,,1191,53,200,
1790479310.598441,1790479313.485049,39354.203332,39357.08994,2886.607,POST,/api/inference,True,,1191,54,200,
1790479310.636765,1790479313.523587,39354.241656,39357.128478,2886.822,POST,/api/inference,True,,1191,55,200,
1790479310.654508,1790479313.541525,39354.259399,39357.146416,2887.017,POST,/api/inference,True,,1191,56,200,
1790479310.674508,1790479313.562579,39354.2794,39357.167471,2888.071,POST,/api/inference,True,,1191,57,200,
1790479310.710232,1790479313.597958,39354.315123,39357.202849,2887.726,POST,/api/inference,True,,1191,58,200,
1790479310.738672,1790479313.625041,39354.343563,39357.229932,2886.369,POST,/api/inference,True,,1191,59,200,
1790479310.791136,1790479313.678282,39354.396027,39357.283174,2887.147,POST,/api/inference,True,,1191,60,200,
1790479310.79284,1790479313.680087,39354.397731,39357.284978,2887.247,POST,/api/inference,True,,1191,61,200,
1790479310.828558,1790479313.716425,39354.433449,39357.321316,2887.867,POST,/api/inference,True,,1191,62,200,
1790479310.856847,1790479313.743493,39354.461739,39357.348384,2886.646,POST,/api/inference,True,,1191,63,200,
1790479310.881233,1790479313.767606,39354.486124,39357.372498,2886.373,POST,/api/inference,True,,1191,64,200,
1790479310.907914,1790479313.794542,39354.512805,39357.399434,2886.629,POST,/api/inference,True,,1191,65,200,
1790479310.945707,1790479313.838027,39354.550598,39357.442918,2892.32,POST,/api/inference,True,,1191,66,200,
1790479310.969404,1790479313.856618,39354.574296,39357.461509,2887.214,POST,/api/inference,True,,1191,67,200,
1790479311.006493,1790479313.893076,39354.611384,39357.497967,2886.583,POST,/api/inference,True,,1191,68,200,
1790479311.024802,1790479313.911233,39354.629693,39357.516125,2886.431,POST,/api/inference,True,,1191,69,200,
1790479311.062286,1790479313.949175,39354.667177,39357.554067,2886.889,POST,/api/inference,True,,1191,70,200,
1790479311.084189,1790479313.971207,39354.689081,39357.576099,2887.018,POST,/api/inference,True,,1191,71,200,
1790479311.113542,1790479314.000767,39354.718433,39357.605658,2887.224,POST,/api/inference,True,,1191,72,200,
1790479311.140633,1790479314.026611,39354.745524,39357.631502,2885.978,POST,/api/inference,True,,1191,73,200,
1790479311.173172,1790479314.060214,39354.778063,39357.665106,2887.042,POST,/api/inference,True,,1191,74,200,
1790479311.200634,1790479314.086324,39354.805525,39357.691215,2885.69,POST,/api/inference,True,,1191,75,200,
1790479311.233672,1790479314.122757,39354.838563,39357.727648,2889.085,POST,/api/inference,True,,1191,76,200,
1790479311.258337,1790479314.146021,39354.863229,39357.750912,2887.683,POST,/api/inference,True,,1191,77,200,
1790479311.283866,1790479314.170479,39354.888757,39357.77537,2886.612,POST,/api/inference,True,,1191,78,200,
1790479311.311956,1790479314.198655,39354.916847,39357.803546,2886.699,POST,/api/inference,True,,1191,79,200,
1790479311.347515,1790479314.233757,39354.952406,39357.838648,2886.242,POST,/api/inference,True,,1191,80,200,
1790479311.36713,1790479314.253999,39354.972022,39357.85889,2886.868,POST,/api/inference,True,,1191,81,200,
1790479311.398599,1790479314.285631,39355.00349,39357.890522,2887.032,POST,/api/inference,True,,1191,82,200,
1790479311.427616,1790479314.314436,39355.032507,39357.919327,2886.82,POST,/api/inference,True,,1191,83,200,
1790479311.462688,1790479314.350003,39355.067579,39357.954894,2887.315,POST,/api/inference,True,,1191,84,200,
1790479311.485472,1790479314.372201,39355.090364,39357.977092,2886.728,POST,/api/inference,True,,1191,85,200,
1790479311.517145,1790479314.403234,39355.122036,39358.008125,2886.089,POST,/api/inference,True,,1191,86,200,
1790479311.549393,1790479314.435534,39355.154284,39358.040425,2886.141,POST,/api/inference,True,,1191,87,200,
1790479311.573704,1790479314.460039,39355.178595,39358.064931,2886.336,POST,/api/inference,True,,1191,88,200,
1790479311.602398,1790479314.489288,39355.207289,39358.09418,2886.891,POST,/api/inference,True,,1191,89,200,
1790479311.632608,1790479314.519607,39355.237499,39358.124498,2886.999,POST,/api/inference,True,,1191,90,200,
1790479311.661214,1790479314.548244,39355.266105,39358.153135,2887.03,POST,/api/inference,True,,1191,91,200,
1790479311.688828,1790479314.576056,39355.29372,39358.180947,2887.227,POST,/api/inference,True,,1191,92,200,
1790479311.714077,1790479314.600984,39355.318968,39358.205875,2886.907,POST,/api/inference,True,,1191,93,200,
1790479311.743282,1790479314.630451,39355.348174,39358.235342,2887.169,POST,/api/inference,True,,1191,94,200,
1790479311.771575,1790479314.658142,39355.376466,39358.263033,2886.567,POST,/api/inference,True,,1191,95,200,
1790479311.804925,1790479314.694046,39355.409817,39358.298937,2889.121,POST,/api/inference,True,,1191,96,200,
1790479311.832839,1790479314.719492,39355.437731,39358.324384,2886.653,POST,/api/inference,True,,1191,97,200,
1790479311.864181,1790479314.751317,39355.469072,39358.356208,2887.136,POST,/api/inference,True,,1191,98,200,
1790479311.892466,1790479314.779081,39355.497357,39358.383972,2886.615,POST,/api/inference,True,,1191,99,200,
1790479311.927662,1790479314.814691,39355.532553,39358.419582,2887.029,POST,/api/inference,True,,1191,0,200,
1790479311.951902,1790479314.838479,39355.556794,39358.44337,2886.577,POST,/api/inference,True,,1191,1,200,
1790479311.985819,1790479314.873649,39355.59071,39358.47854,2887.831,POST,/api/inference,True,,1191,2,200,
1790479312.014033,1790479314.900339,39355.618924,39358.50523,2886.306,POST,/api/inference,True,,1191,3,200,
1790479312.042395,1790479314.928787,39355.647286,39358.533678,2886.392,POST,/api/inference,True,,1191,4,200,
1790479312.071529,1790479314.957977,39355.67642,39358.562868,2886.449,POST,/api/inference,True,,1191,5,200,
1790479312.10656,1790479314.993031,39355.711452,39358.597922,2886.471,POST,/api/inference,True,,1191,6,200,
1790479312.134313,1790479315.021185,39355.739204,39358.626076,2886.872,POST,/api/inference,True,,1191,7,200,
1790479312.156561,1790479315.043354,39355.761452,39358.648245,2886.793,POST,/api/inference,True,,1191,8,200,
1790479312.184098,1790479315.06946,39355.78899,39358.674351,2885.361,POST,/api/inference,True,,1191,9,200,
1790479312.219433,1790479315.105025,39355.824324,39358.709916,2885.592,POST,/api/inference,True,,1191,10,200,
1790479312.248909,1790479315.134988,39355.8538,39358.739879,2886.079,POST,/api/inference,True,,1191,11,200,
1790479312.276176,1790479315.164003,39355.881067,39358.768894,2887.827,POST,/api/inference,True,,1191,12,200,
1790479312.298401,1790479315.186424,39355.903292,39358.791316,2888.023,POST,/api/inference,True,,1191,13,200,
1790479312.329842,1790479315.218605,39355.934733,39358.823496,2888.763,POST,/api/inference,True,,1191,14,200,
1790479312.362427,1790479315.248531,39355.967318,39358.853423,2886.105,POST,/api/inference,True,,1191,15,200,
1790479312.391641,1790479315.278438,39355.996533,39358.883329,2886.796,POST,/api/inference,True,,1191,16,200,
1790479312.419067,1790479315.305963,39356.023958,39358.910854,2886.896,POST,/api/inference,True,,1191,17,200,
1790479312.44336,1790479315.33023,39356.048251,39358.935122,2886.871,POST,/api/inference,True,,1191,18,200,
1790479312.470912,1790479315.358032,39356.075803,39358.962923,2887.12,POST,/api/inference,True,,1191,19,200,
1790479312.502472,1790479315.390732,39356.107363,39358.995623,2888.26,POST,/api/inference,True,,1191,20,200,
1790479312.530662,1790479315.418629,39356.135553,39359.02352,2887.967,POST,/api/inference,True,,1191,21,200,
1790479312.56008,1790479315.447487,39356.164971,39359.052378,2887.407,POST,/api/inference,True,,1191,22,200,
1790479312.588636,1790479315.474846,39356.193527,39359.079737,2886.21,POST,/api/inference,True,,1191,23,200,
1790479312.615841,1790479315.503615,39356.220732,39359.108506,2887.774,POST,/api/inference,True,,1191,24,200,
1790479312.647098,1790479315.533849,39356.25199,39359.138741,2886.751,POST,/api/inference,True,,1191,25,200,
1790479312.676564,1790479315.562959,39356.281455,39359.16785,2886.395,POST,/api/inference,True,,1191,26,200,
1790479312.707312,1790479315.594132,39356.312203,39359.199023,2886.82,POST,/api/inference,True,,1191,27,200,
1790479312.754814,1790479315.641477,39356.359705,39359.246368,2886.663,POST,/api/inference,True,,1191,28,200,
1790479312.756584,1790479315.64351,39356.361476,39359.248401,2886.925,POST,/api/inference,True,,1191,29,200,
1790479312.793294,1790479315.680877,39356.398185,39359.285768,2887.583,POST,/api/inference,True,,1191,30,200,
1790479312.824032,1790479315.709936,39356.428923,39359.314827,2885.904,POST,/api/inference,True,,1191,31,200,
1790479312.850749,1790479315.737184,39356.45564,39359.342076,2886.436,POST,/api/inference,True,,1191,32,200,
1790479312.876442,1790479315.764934,39356.481333,39359.369825,2888.492,POST,/api/inference,True,,1191,33,200,
1790479312.916884,1790479315.804897,39356.521775,39359.409788,2888.013,POST,/api/inference,True,,1191,34,200,
1790479312.928672,1790479315.81645,39356.533563,39359.421341,2887.779,POST,/api/inference,True,,1191,35,200,
1790479312.959753,1790479315.846812,39356.564644,39359.451703,2887.059,POST,/api/inference,True,,1191,36,200,
1790479312.987448,1790479315.874372,39356.592339,39359.479263,2886.924,POST,/api/inference,True,,1191,37,200,
1790479313.019709,1790479315.906658,39356.6246,39359.511549,2886.949,POST,/api/inference,True,,1191,38,200,
1790479313.046941,1790479315.934195,39356.651832,39359.539086,2887.254,POST,/api/inference,True,,1191,39,200,
1790479313.077935,1790479315.964703,39356.682826,39359.569594,2886.768,POST,/api/inference,True,,1191,40,200,
1790479313.102891,1790479315.989219,39356.707782,39359.59411,2886.328,POST,/api/inference,True,,1191,41,200,
1790479313.139142,1790479316.026353,39356.744034,39359.631245,2887.211,POST,/api/inference,True,,1191,42,200,
1790479313.163017,1790479316.050442,39356.767908,39359.655333,2887.424,POST,/api/inference,True,,1191,43,200,
1790479313.192302,1790479316.078807,39356.797193,39359.683698,2886.505,POST,/api/inference,True,,1191,44,200,
1790479313.218436,1790479316.104768,39356.823327,39359.70966,2886.332,POST,/api/inference,True,,1191,45,200,
1790479313.256681,1790479316.142419,39356.861573,39359.74731,2885.737,POST,/api/inference,True,,1191,46,200,
1790479313.279277,1790479316.166184,39356.884168,39359.771075,2886.907,POST,/api/inference,True,,1191,47,200,
1790479313.307717,1790479316.194496,39356.912608,39359.799388,2886.78,POST,/api/inference,True,,1191,48,200,
1790479313.335032,1790479316.222278,39356.939923,39359.827169,2887.246,POST,/api/inference,True,,1191,49,200,
1790479313.365578,1790479316.252604,39356.970469,39359.857496,2887.026,POST,/api/inference,True,,1191,50,200,
1790479313.392845,1790479316.27987,39356.997736,39359.884761,2887.025,POST,/api/inference,True,,1191,51,200,
1790479313.428177,1790479316.315401,39357.033068,39359.920292,2887.224,POST,/api/inference,True,,1191,52,200,
1790479313.447675,1790479316.333854,39357.052566,39359.938745,2886.179,POST,/api/inference,True,,1191,53,200,
1790479313.48521,1790479316.372329,39357.090101,39359.97722,2887.119,POST,/api/inference,True,,1191,54,200,
1790479313.523745,1790479316.410921,39357.128636,39360.015812,2887.176,POST,/api/inference,True,,1191,55,200,
1790479313.541678,1790479316.42936,39357.146569,39360.034252,2887.683,POST,/api/inference,True,,1191,56,200,
1790479313.562731,1790479316.449919,39357.167622,39360.05481,2887.188,POST,/api/inference,True,,1191,57,200,
1790479313.598135,1790479316.485317,39357.203026,39360.090208,2887.182,POST,/api/inference,True,,1191,58,200,
1790479313.625198,1790479316.512563,39357.230089,39360.117455,2887.366,POST,/api/inference,True,,1191,59,200,
1790479313.678441,1790479316.565141,39357.283332,39360.170032,2886.7,POST,/api/inference,True,,1191,60,200,
1790479313.6802,1790479316.566306,39357.285091,39360.171197,2886.106,POST,/api/inference,True,,1191,61,200,
1790479313.716594,1790479316.604075,39357.321485,39360.208966,2887.481,POST,/api/inference,True,,1191,62,200,
1790479313.743649,1790479316.631268,39357.348541,39360.236159,2887.619,POST,/api/inference,True,,1191,63,200,
1790479313.76776,1790479316.655013,39357.372651,39360.259905,2887.253,POST,/api/inference,True,,1191,64,200,
1790479313.794703,1790479316.681664,39357.399594,39360.286555,2886.961,POST,/api/inference,True,,1191,65,200,
1790479313.838179,1790479316.725428,39357.44307,39360.330319,2887.25,POST,/api/inference,True,,1191,66,200,
1790479313.856775,1790479316.743263,39357.461666,39360.348154,2886.488,POST,/api/inference,True,,1191,67,200,
1790479313.893263,1790479316.780424,39357.498154,39360.385315,2887.161,POST,/api/inference,True,,1191,68,200,
1790479313.911397,1790479316.798591,39357.516289,39360.403483,2887.194,POST,/api/inference,True,,1191,69,200,
1790479313.94933,1790479316.836451,39357.554221,39360.441342,2887.121,POST,/api/inference,True,,1191,70,200,
1790479313.971363,1790479316.858311,39357.576254,39360.463202,2886.948,POST,/api/inference,True,,1191,71,200,
1790479314.000972,1790479316.88766,39357.605863,39360.492551,2886.688,POST,/api/inference,True,,1191,72,200,
1790479314.026737,1790479316.913603,39357.631629,39360.518494,2886.866,POST,/api/inference,True,,1191,73,200,
1790479314.060356,1790479316.946827,39357.665247,39360.551719,2886.471,POST,/api/inference,True,,1191,74,200,
1790479314.086429,1790479316.972213,39357.69132,39360.577104,2885.784,POST,/api/inference,True,,1191,75,200,
1790479314.122937,1790479317.009454,39357.727829,39360.614346,2886.517,POST,/api/inference,True,,1191,76,200,
1790479314.146199,1790479317.034267,39357.75109,39360.639158,2888.068,POST,/api/inference,True,,1191,77,200,
1790479314.170634,1790479317.057366,39357.775525,39360.662257,2886.732,POST,/api/inference,True,,1191,78,200,
1790479314.198804,1790479317.08556,39357.803695,39360.690451,2886.755,POST,/api/inference,True,,1191,79,200,
1790479314.233901,1790479317.12093,39357.838792,39360.725821,2887.029,POST,/api/inference,True,,1191,80,200,
1790479314.254144,1790479317.138881,39357.859035,39360.743772,2884.737,POST,/api/inference,True,,1191,81,200,
1790479314.285788,1790479317.173023,39357.890679,39360.777915,2887.236,POST,/api/inference,True,,1191,82,200,
1790479314.314585,1790479317.201114,39357.919476,39360.806006,2886.529,POST,/api/inference,True,,1191,83,200,
1790479314.350168,1790479317.237293,39357.955059,39360.842185,2887.126,POST,/api/inference,True,,1191,84,200,
1790479314.372356,1790479317.259043,39357.977248,39360.863934,2886.686,POST,/api/inference,True,,1191,85,200,
1790479314.4034,1790479317.290465,39358.008291,39360.895357,2887.065,POST,/api/inference,True,,1191,86,200,
1790479314.435692,1790479317.322512,39358.040583,39360.927403,2886.82,POST,/api/inference,True,,1191,87,200,
1790479314.460191,1790479317.346997,39358.065083,39360.951888,2886.805,POST,/api/inference,True,,1191,88,200,
1790479314.489437,1790479317.37604,39358.094328,39360.980932,2886.603,POST,/api/inference,True,,1191,89,200,
1790479314.519768,1790479317.406106,39358.124659,39361.010997,2886.338,POST,/api/inference,True,,1191,90,200,
1790479314.548417,1790479317.434938,39358.153308,39361.039829,2886.521,POST,/api/inference,True,,1191,91,200,
1790479314.576241,1790479317.467802,39358.181132,39361.072694,2891.561,POST,/api/inference,True,,1191,92,200,
1790479314.601151,1790479317.490378,39358.206042,39361.095269,2889.228,POST,/api/inference,True,,1191,93,200,
1790479314.630607,1790479317.518465,39358.235499,39361.123357,2887.858,POST,/api/inference,True,,1191,94,200,
1790479314.658314,1790479317.544786,39358.263205,39361.149677,2886.472,POST,/api/inference,True,,1191,95,200,
1790479314.694221,1790479317.581952,39358.299113,39361.186843,2887.731,POST,/api/inference,True,,1191,96,200,
1790479314.719654,1790479317.606697,39358.324545,39361.211588,2887.043,POST,/api/inference,True,,1191,97,200,
1790479314.751487,1790479317.638657,39358.356378,39361.243548,2887.17,POST,/api/inference,True,,1191,98,200,
1790479314.779349,1790479317.665723,39358.38424,39361.270614,2886.374,POST,/api/inference,True,,1191,99,200,
1790479314.814848,1790479317.702917,39358.419739,39361.307808,2888.069,POST,/api/inference,True,,1191,0,200,
1790479314.838636,1790479317.72674,39358.443527,39361.331631,2888.105,POST,/api/inference,True,,1191,1,200,
1790479314.873801,1790479317.762451,39358.478692,39361.367343,2888.65,POST,/api/inference,True,,1191,2,200,
1790479314.900493,1790479317.786613,39358.505384,39361.391505,2886.12,POST,/api/inference,True,,1191,3,200,
1790479314.928963,1790479317.815834,39358.533854,39361.420725,2886.871,POST,/api/inference,True,,1191,4,200,
1790479314.958123,1790479317.84815,39358.563014,39361.453041,2890.027,POST,/api/inference,True,,1191,5,200,
1790479314.993191,1790479317.879371,39358.598082,39361.484262,2886.18,POST,/api/inference,True,,1191,6,200,
1790479315.021352,1790479317.907731,39358.626243,39361.512622,2886.379,POST,/api/inference,True,,1191,7,200,
1790479315.043524,1790479317.930261,39358.648415,39361.535152,2886.737,POST,/api/inference,True,,1191,8,200,
1790479315.069588,1790479317.955491,39358.674479,39361.560382,2885.903,POST,/api/inference,True,,1191,9,200,
1790479315.10517,1790479317.994967,39358.710061,39361.599858,2889.797,POST,/api/inference,True,,1191,10,200,
1790479315.135137,1790479318.02331,39358.740028,39361.628202,2888.173,POST,/api/inference,True,,1191,11,200,
1790479315.164198,1790479318.052071,39358.769089,39361.656963,2887.873,POST,/api/inference,True,,1191,12,200,
1790479315.186607,1790479318.07447,39358.791499,39361.679362,2887.863,POST,/api/inference,True,,1191,13,200,
1790479315.218792,1790479318.106063,39358.823683,39361.710954,2887.271,POST,/api/inference,True,,1191,14,200,
1790479315.248672,1790479318.136817,39358.853563,39361.741708,2888.145,POST,/api/inference,True,,1191,15,200,
1790479315.278598,1790479318.165565,39358.883489,39361.770456,2886.967,POST,/api/inference,True,,1191,16,200,
1790479315.306107,1790479318.192611,39358.910998,39361.797502,2886.504,POST,/api/inference,True,,1191,17,200,
1790479315.330384,1790479318.21604,39358.935275,39361.820932,2885.656,POST,/api/inference,True,,1191,18,200,
1790479315.358188,1790479318.245561,39358.96308,39361.850453,2887.373,POST,/api/inference,True,,1191,19,200,
1790479315.391094,1790479318.278314,39358.995985,39361.883205,2887.22,POST,/api/inference,True,,1191,20,200,
1790479315.418784,1790479318.305509,39359.023675,39361.9104,2886.725,POST,/api/inference,True,,1191,21,200,
1790479315.447664,1790479318.334573,39359.052554,39361.939463,2886.909,POST,/api/inference,True,,1191,22,200,
1790479315.475003,1790479318.36214,39359.079894,39361.967032,2887.138,POST,/api/inference,True,,1191,23,200,
1790479315.50376,1790479318.390214,39359.108651,39361.995106,2886.455,POST,/api/inference,True,,1191,24,200,
1790479315.534003,1790479318.421193,39359.138895,39362.026084,2887.189,POST,/api/inference,True,,1191,25,200,
1790479315.563104,1790479318.449847,39359.167996,39362.054738,2886.742,POST,/api/inference,True,,1191,26,200,
1790479315.594287,1790479318.480429,39359.199178,39362.085321,2886.142,POST,/api/inference,True,,1191,27,200,
1790479315.641638,1790479318.529711,39359.246529,39362.134602,2888.073,POST,/api/inference,True,,1191,28,200,
1790479315.644078,1790479318.53154,39359.248969,39362.136431,2887.462,POST,/api/inference,True,,1191,29,200,
1790479315.681095,1790479318.567818,39359.285986,39362.172709,2886.723,POST,/api/inference,True,,1191,30,200,
1790479315.710082,1790479318.596004,39359.314973,39362.200896,2885.923,POST,/api/inference,True,,1191,31,200,
1790479315.737331,1790479318.624177,39359.342223,39362.229069,2886.846,POST,/api/inference,True,,1191,32,200,
1790479315.765096,1790479318.651327,39359.369987,39362.256218,2886.231,POST,/api/inference,True,,1191,33,200,
1790479315.80508,1790479318.692717,39359.409971,39362.297608,2887.637,POST,/api/inference,True,,1191,34,200,
1790479315.8166,1790479318.703056,39359.421491,39362.307947,2886.456,POST,/api/inference,True,,1191,35,200,
1790479315.846968,1790479318.733583,39359.451859,39362.338475,2886.616,POST,/api/inference,True,,1191,36,200,
1790479315.874531,1790479318.761944,39359.479422,39362.366835,2887.413,POST,/api/inference,True,,1191,37,200,
1790479315.906811,1790479318.793614,39359.511702,39362.398505,2886.803,POST,/api/inference,True,,1191,38,200,
1790479315.934353,1790479318.821392,39359.539245,39362.426283,2887.038,POST,/api/inference,True,,1191,39,200,
1790479315.964858,1790479318.851689,39359.569749,39362.45658,2886.831,POST,/api/inference,True,,1191,40,200,
1790479315.989371,1790479318.875966,39359.594262,39362.480857,2886.595,POST,/api/inference,True,,1191,41,200,
1790479316.026542,1790479318.913014,39359.631434,39362.517905,2886.471,POST,/api/inference,True,,1191,42,200,
1790479316.050606,1790479318.938517,39359.655497,39362.543408,2887.911,POST,/api/inference,True,,1191,43,200,
1790479316.078959,1790479318.96589,39359.68385,39362.570781,2886.931,POST,/api/inference,True,,1191,44,200,
1790479316.104908,1790479318.990958,39359.7098,39362.595849,2886.05,POST,/api/inference,True,,1191,45,200,
1790479316.142542,1790479319.029601,39359.747433,39362.634492,2887.059,POST,/api/inference,True,,1191,46,200,
1790479316.166343,1790479319.05277,39359.771234,39362.657661,2886.427,POST,/api/inference,True,,1191,47,200,
1790479316.194658,1790479319.081711,39359.79955,39362.686602,2887.052,POST,/api/inference,True,,1191,48,200,
1790479316.222434,1790479319.109168,39359.827326,39362.71406,2886.734,POST,/api/inference,True,,1191,49,200,
1790479316.252759,1790479319.140124,39359.85765,39362.745015,2887.365,POST,/api/inference,True,,1191,50,200,
1790479316.280028,1790479319.166586,39359.884919,39362.771478,2886.559,POST,/api/inference,True,,1191,51,200,
1790479316.315564,1790479319.202893,39359.920455,39362.807785,2887.329,POST,/api/inference,True,,1191,52,200,
1790479316.334009,1790479319.220974,39359.938901,39362.825865,2886.964,POST,/api/inference,True,,1191,53,200,
1790479316.372472,1790479319.258098,39359.977363,39362.86299,2885.627,POST,/api/inference,True,,1191,54,200,
1790479316.411072,1790479319.297445,39360.015964,39362.902336,2886.372,POST,/api/inference,True,,1191,55,200,
1790479316.429516,1790479319.316678,39360.034407,39362.921569,2887.162,POST,/api/inference,True,,1191,56,200,
1790479316.450072,1790479319.336962,39360.054963,39362.941854,2886.891,POST,/api/inference,True,,1191,57,200,
1790479316.485466,1790479319.372011,39360.090357,39362.976903,2886.545,POST,/api/inference,True,,1191,58,200,
1790479316.512708,1790479319.398593,39360.117599,39363.003485,2885.885,POST,/api/inference,True,,1191,59,200,
1790479316.565294,1790479319.452213,39360.170185,39363.057104,2886.919,POST,/api/inference,True,,1191,60,200,
1790479316.566869,1790479319.45377,39360.17176,39363.058661,2886.901,POST,/api/inference,True,,1191,61,200,
1790479316.604232,1790479319.490144,39360.209123,39363.095035,2885.912,POST,/api/inference,True,,1191,62,200,
1790479316.631431,1790479319.518416,39360.236322,39363.123307,2886.985,POST,/api/inference,True,,1191,63,200,
1790479316.655266,1790479319.542097,39360.260157,39363.146988,2886.831,POST,/api/inference,True,,1191,64,200,
1790479316.681805,1790479319.580195,39360.286697,39363.185086,2898.39,POST,/api/inference,True,,1191,65,200,
1790479316.725566,1790479319.609673,39360.330457,39363.214564,2884.107,POST,/api/inference,True,,1191,66,200,
1790479316.743424,1790479319.63136,39360.348315,39363.236251,2887.936,POST,/api/inference,True,,1191,67,200,
1790479316.780581,1790479319.667373,39360.385472,39363.272264,2886.791,POST,/api/inference,True,,1191,68,200,
1790479316.798746,1790479319.686138,39360.403637,39363.291029,2887.392,POST,/api/inference,True,,1191,69,200,
1790479316.836617,1790479319.724576,39360.441508,39363.329467,2887.959,POST,/api/inference,True,,1191,70,200,
1790479316.858625,1790479319.745106,39360.463516,39363.349997,2886.481,POST,/api/inference,True,,1191,71,200,
1790479316.88782,1790479319.774824,39360.492711,39363.379715,2887.004,POST,/api/inference,True,,1191,72,200,
1790479316.913762,1790479319.800684,39360.518654,39363.405576,2886.922,POST,/api/inference,True,,1191,73,200,
1790479316.946982,1790479319.834098,39360.551873,39363.438989,2887.116,POST,/api/inference,True,,1191,74,200,
1790479316.972364,1790479319.859327,39360.577255,39363.464218,2886.963,POST,/api/inference,True,,1191,75,200,
1790479317.009631,1790479319.895759,39360.614522,39363.500651,2886.128,POST,/api/inference,True,,1191,76,200,
1790479317.034507,1790479319.920626,39360.639398,39363.525517,2886.118,POST,/api/inference,True,,1191,77,200,
1790479317.057518,1790479319.944019,39360.66241,39363.54891,2886.5,POST,/api/inference,True,,1191,78,200,
1790479317.085731,1790479319.972463,39360.690622,39363.577354,2886.733,POST,/api/inference,True,,1191,79,200,
1790479317.121125,1790479320.007859,39360.726016,39363.61275,2886.734,POST,/api/inference,True,,1191,80,200,
1790479317.139014,1790479320.025084,39360.743905,39363.629975,2886.071,POST,/api/inference,True,,1191,81,200,
1790479317.173162,1790479320.061106,39360.778053,39363.665997,2887.944,POST,/api/inference,True,,1191,82,200,
1790479317.201271,1790479320.090548,39360.806162,39363.695439,2889.277,POST,/api/inference,True,,1191,83,200,
1790479317.237446,1790479320.123347,39360.842337,39363.728238,2885.901,POST,/api/inference,True,,1191,84,200,
1790479317.259285,1790479320.145774,39360.864177,39363.750665,2886.489,POST,/api/inference,True,,1191,85,200,
1790479317.290611,1790479320.176834,39360.895502,39363.781726,2886.224,POST,/api/inference,True,,1191,86,200,
1790479317.322668,1790479320.208942,39360.927559,39363.813833,2886.275,POST,/api/inference,True,,1191,87,200,
1790479317.347281,1790479320.235095,39360.952172,39363.839986,2887.814,POST,/api/inference,True,,1191,88,200,
1790479317.376187,1790479320.262073,39360.981078,39363.866965,2885.886,POST,/api/inference,True,,1191,89,200,
1790479317.406255,1790479320.291777,39361.011147,39363.896668,2885.522,POST,/api/inference,True,,1191,90,200,
1790479317.435093,1790479320.322446,39361.039984,39363.927338,2887.353,POST,/api/inference,True,,1191,91,200,
1790479317.46796,1790479320.354325,39361.072851,39363.959216,2886.365,POST,/api/inference,True,,1191,92,200,
1790479317.490561,1790479320.378223,39361.095452,39363.983115,2887.663,POST,/api/inference,True,,1191,93,200,
1790479317.518628,1790479320.405306,39361.123519,39364.010197,2886.678,POST,/api/inference,True,,1191,94,200,
1790479317.54495,1790479320.432687,39361.149841,39364.037579,2887.738,POST,/api/inference,True,,1191,95,200,
1790479317.582112,1790479320.468691,39361.187003,39364.073582,2886.579,POST,/api/inference,True,,1191,96,200,
1790479317.606858,1790479320.493887,39361.211749,39364.098779,2887.029,POST,/api/inference,True,,1191,97,200,
1790479317.63883,1790479320.526051,39361.243721,39364.130942,2887.221,POST,/api/inference,True,,1191,98,200,
1790479317.665875,1790479320.553311,39361.270766,39364.158202,2887.436,POST,/api/inference,True,,1191,99,200,
1790479317.703072,1790479320.590457,39361.307963,39364.195349,2887.386,POST,/api/inference,True,,1191,0,200,
1790479317.726885,1790479320.612366,39361.331776,39364.217258,2885.482,POST,/api/inference,True,,1191,1,200,
1790479317.762608,1790479320.649439,39361.367499,39364.25433,2886.831,POST,/api/inference,True,,1191,2,200,
1790479317.786769,1790479320.673465,39361.39166,39364.278357,2886.697,POST,/api/inference,True,,1191,3,200,
1790479317.815998,1790479320.703318,39361.420889,39364.308209,2887.32,POST,/api/inference,True,,1191,4,200,
1790479317.848309,1790479320.735557,39361.4532,39364.340448,2887.248,POST,/api/inference,True,,1191,5,200,
1790479317.879536,1790479320.767593,39361.484428,39364.372484,2888.057,POST,/api/inference,True,,1191,6,200,
1790479317.907913,1790479320.795066,39361.512804,39364.399957,2887.153,POST,/api/inference,True,,1191,7,200,
1790479317.930419,1790479320.817506,39361.53531,39364.422397,2887.086,POST,/api/inference,True,,1191,8,200,
1790479317.955777,1790479320.843022,39361.560668,39364.447913,2887.244,POST,/api/inference,True,,1191,9,200,
1790479317.995297,1790479320.882478,39361.600188,39364.487369,2887.181,POST,/api/inference,True,,1191,10,200,
1790479318.023504,1790479320.910955,39361.628395,39364.515846,2887.451,POST,/api/inference,True,,1191,11,200,
1790479318.052231,1790479320.939633,39361.657122,39364.544524,2887.402,POST,/api/inference,True,,1191,12,200,
1790479318.074629,1790479320.961595,39361.67952,39364.566486,2886.966,POST,/api/inference,True,,1191,13,200,
1790479318.106218,1790479320.993193,39361.71111,39364.598084,2886.975,POST,/api/inference,True,,1191,14,200,
1790479318.136964,1790479321.023363,39361.741855,39364.628254,2886.399,POST,/api/inference,True,,1191,15,200,
1790479318.165729,1790479321.053215,39361.77062,39364.658106,2887.486,POST,/api/inference,True,,1191,16,200,
1790479318.192739,1790479321.078981,39361.79763,39364.683872,2886.241,POST,/api/inference,True,,1191,17,200,
1790479318.21616,1790479321.102309,39361.821051,39364.7072,2886.149,POST,/api/inference,True,,1191,18,200,
1790479318.245719,1790479321.132544,39361.85061,39364.737435,2886.826,POST,/api/inference,True,,1191,19,200,
1790479318.278462,1790479321.164039,39361.883354,39364.76893,2885.576,POST,/api/inference,True,,1191,20,200,
1790479318.305658,1790479321.191417,39361.910549,39364.796309,2885.76,POST,/api/inference,True,,1191,21,200,
1790479318.334898,1790479321.221866,39361.939789,39364.826757,2886.969,POST,/api/inference,True,,1191,22,200,
1790479318.362302,1790479321.249474,39361.967193,39364.854365,2887.172,POST,/api/inference,True,,1191,23,200,
1790479318.390365,1790479321.277119,39361.995256,39364.88201,2886.754,POST,/api/inference,True,,1191,24,200,
1790479318.421332,1790479321.306446,39362.026223,39364.911337,2885.114,POST,/api/inference,True,,1191,25,200,
1790479318.449997,1790479321.337402,39362.054889,39364.942294,2887.405,POST,/api/inference,True,,1191,26,200,
1790479318.480589,1790479321.368334,39362.08548,39364.973225,2887.745,POST,/api/inference,True,,1191,27,200,
1790479318.52987,1790479321.417711,39362.134762,39365.022603,2887.841,POST,/api/inference,True,,1191,28,200,
1790479318.531658,1790479321.419108,39362.136549,39365.023999,2887.45,POST,/api/inference,True,,1191,29,200,
1790479318.56798,1790479321.455587,39362.172871,39365.060478,2887.607,POST,/api/inference,True,,1191,30,200,
1790479318.596153,1790479321.483076,39362.201044,39365.087967,2886.923,POST,/api/inference,True,,1191,31,200,
1790479318.62433,1790479321.510538,39362.229221,39365.115429,2886.209,POST,/api/inference,True,,1191,32,200,
1790479318.651491,1790479321.538954,39362.256382,39365.143845,2887.463,POST,/api/inference,True,,1191,33,200,
1790479318.69289,1790479321.579967,39362.297781,39365.184858,2887.077,POST,/api/inference,True,,1191,34,200,
1790479318.703318,1790479321.589578,39362.308209,39365.194469,2886.26,POST,/api/inference,True,,1191,35,200,
1790479318.733732,1790479321.621074,39362.338624,39365.225966,2887.342,POST,/api/inference,True,,1191,36,200,
1790479318.762099,1790479321.648348,39362.36699,39365.253239,2886.249,POST,/api/inference,True,,1191,37,200,
1790479318.793781,1790479321.68128,39362.398672,39365.286171,2887.498,POST,/api/inference,True,,1191,38,200,
1790479318.821552,1790479321.713148,39362.426443,39365.318039,2891.596,POST,/api/inference,True,,1191,39,200,
1790479318.851848,1790479321.738451,39362.456739,39365.343342,2886.602,POST,/api/inference,True,,1191,40,200,
1790479318.876123,1790479321.762675,39362.481014,39365.367566,2886.552,POST,/api/inference,True,,1191,41,200,
1790479318.91317,1790479321.800097,39362.518061,39365.404989,2886.927,POST,/api/inference,True,,1191,42,200,
1790479318.938676,1790479321.825262,39362.543567,39365.430154,2886.586,POST,/api/inference,True,,1191,43,200,
1790479318.966045,1790479321.852381,39362.570937,39365.457272,2886.336,POST,/api/inference,True,,1191,44,200,
1790479318.991125,1790479321.878643,39362.596016,39365.483534,2887.518,POST,/api/inference,True,,1191,45,200,
1790479319.02978,1790479321.915801,39362.634672,39365.520692,2886.02,POST,/api/inference,True,,1191,46,200,
1790479319.052928,1790479321.940511,39362.657819,39365.545402,2887.583,POST,/api/inference,True,,1191,47,200,
1790479319.081871,1790479321.969591,39362.686762,39365.574482,2887.72,POST,/api/inference,True,,1191,48,200,
1790479319.109315,1790479321.995549,39362.714206,39365.60044,2886.234,POST,/api/inference,True,,1191,49,200,
1790479319.14028,1790479322.026321,39362.745171,39365.631212,2886.041,POST,/api/inference,True,,1191,50,200,
1790479319.166728,1790479322.053768,39362.771619,39365.65866,2887.041,POST,/api/inference,True,,1191,51,200,
1790479319.203062,1790479322.09055,39362.807953,39365.695441,2887.488,POST,/api/inference,True,,1191,52,200,
1790479319.221133,1790479322.10905,39362.826025,39365.713941,2887.916,POST,/api/inference,True,,1191,53,200,
1790479319.258235,1790479322.145637,39362.863126,39365.750529,2887.402,POST,/api/inference,True,,1191,54,200,
1790479319.297594,1790479322.184885,39362.902485,39365.789776,2887.291,POST,/api/inference,True,,1191,55,200,
1790479319.316833,1790479322.203358,39362.921724,39365.80825,2886.526,POST,/api/inference,True,,1191,56,200,
1790479319.337109,1790479322.225513,39362.942,39365.830405,2888.405,POST,/api/inference,True,,1191,57,200,
1790479319.372159,1790479322.258351,39362.977051,39365.863242,2886.191,POST,/api/inference,True,,1191,58,200,
1790479319.398746,1790479322.285899,39363.003637,39365.89079,2887.152,POST,/api/inference,True,,1191,59,200,
1790479319.452362,1790479322.339613,39363.057253,39365.944504,2887.251,POST,/api/inference,True,,1191,60,200,
1790479319.453976,1790479322.34123,39363.058867,39365.946121,2887.254,POST,/api/inference,True,,1191,61,200,
1790479319.490297,1790479322.375837,39363.095188,39365.980728,2885.54,POST,/api/inference,True,,1191,62,200,
1790479319.518571,1790479322.405176,39363.123462,39366.010067,2886.606,POST,/api/inference,True,,1191,63,200,
1790479319.542238,1790479322.461179,39363.147129,39366.066071,2918.941,POST,/api/inference,True,,1191,64,200,
1790479319.580293,1790479322.464321,39363.185185,39366.069212,2884.027,POST,/api/inference,True,,1191,65,200,
1790479319.609795,1790479322.494671,39363.214686,39366.099562,2884.876,POST,/api/inference,True,,1191,66,200,
1790479319.631558,1790479322.518101,39363.236449,39366.122992,2886.543,POST,/api/inference,True,,1191,67,200,
1790479319.667536,1790479322.555269,39363.272427,39366.160161,2887.733,POST,/api/inference,True,,1191,68,200,
1790479319.686294,1790479322.57415,39363.291185,39366.179041,2887.855,POST,/api/inference,True,,1191,69,200,
1790479319.724729,1790479322.611538,39363.32962,39366.216429,2886.809,POST,/api/inference,True,,1191,70,200,
1790479319.745265,1790479322.633985,39363.350156,39366.238876,2888.72,POST,/api/inference,True,,1191,71,200,
1790479319.774973,1790479322.662223,39363.379865,39366.267114,2887.25,POST,/api/inference,True,,1191,72,200,
1790479319.800838,1790479322.687732,39363.405729,39366.292623,2886.895,POST,/api/inference,True,,1191,73,200,
1790479319.834253,1790479322.721154,39363.439144,39366.326046,2886.902,POST,/api/inference,True,,1191,74,200,
1790479319.859498,1790479322.747606,39363.464389,39366.352497,2888.108,POST,/api/inference,True,,1191,75,200,
1790479319.895919,1790479322.786016,39363.50081,39366.390907,2890.097,POST,/api/inference,True,,1191,76,200,
1790479319.920784,1790479322.806644,39363.525675,39366.411536,2885.86,POST,/api/inference,True,,1191,77,200,
1790479319.944185,1790479322.831383,39363.549076,39366.436274,2887.199,POST,/api/inference,True,,1191,78,200,
1790479319.972726,1790479322.859245,39363.577617,39366.464136,2886.52,POST,/api/inference,True,,1191,79,200,
1790479320.008038,1790479322.894396,39363.612929,39366.499287,2886.358,POST,/api/inference,True,,1191,80,200,
1790479320.025329,1790479322.912952,39363.63022,39366.517843,2887.623,POST,/api/inference,True,,1191,81,200,
1790479320.061282,1790479322.948617,39363.666173,39366.553508,2887.335,POST,/api/inference,True,,1191,82,200,
1790479320.09073,1790479322.97785,39363.695621,39366.582741,2887.12,POST,/api/inference,True,,1191,83,200,
1790479320.123495,1790479323.009854,39363.728386,39366.614745,2886.359,POST,/api/inference,True,,1191,84,200,
1790479320.145925,1790479323.032545,39363.750816,39366.637436,2886.62,POST,/api/inference,True,,1191,85,200,
1790479320.177047,1790479323.063925,39363.781938,39366.668816,2886.878,POST,/api/inference,True,,1191,86,200,
1790479320.209111,1790479323.096391,39363.814002,39366.701283,2887.28,POST,/api/inference,True,,1191,87,200,
1790479320.235307,1790479323.121442,39363.840198,39366.726334,2886.135,POST,/api/inference,True,,1191,88,200,
1790479320.262223,1790479323.148603,39363.867115,39366.753494,2886.38,POST,/api/inference,True,,1191,89,200,
1790479320.291904,1790479323.178565,39363.896796,39366.783457,2886.661,POST,/api/inference,True,,1191,90,200,
1790479320.322608,1790479323.20837,39363.9275,39366.813261,2885.762,POST,/api/inference,True,,1191,91,200,
1790479320.35447,1790479323.241229,39363.959361,39366.846121,2886.76,POST,/api/inference,True,,1191,92,200,
1790479320.378375,1790479323.264488,39363.983266,39366.869379,2886.113,POST,/api/inference,True,,1191,93,200,
1790479320.405456,1790479323.291609,39364.010347,39366.8965,2886.153,POST,/api/inference,True,,1191,94,200,
1790479320.432836,1790479323.319017,39364.037727,39366.923908,2886.181,POST,/api/inference,True,,1191,95,200,
1790479320.468843,1790479323.355719,39364.073734,39366.96061,2886.876,POST,/api/inference,True,,1191,96,200,
1790479320.494035,1790479323.381695,39364.098926,39366.986587,2887.66,POST,/api/inference,True,,1191,97,200,
1790479320.526197,1790479323.41151,39364.131089,39367.016401,2885.313,POST,/api/inference,True,,1191,98,200,
1790479320.55346,1790479323.44014,39364.158352,39367.045032,2886.68,POST,/api/inference,True,,1191,99,200,
1790479320.590606,1790479323.476977,39364.195498,39367.081868,2886.371,POST,/api/inference,True,,1191,0,200,
1790479320.61248,1790479323.497767,39364.217371,39367.102659,2885.288,POST,/api/inference,True,,1191,1,200,
1790479320.649603,1790479323.538877,39364.254494,39367.143768,2889.274,POST,/api/inference,True,,1191,2,200,
1790479320.673629,1790479323.56191,39364.27852,39367.166801,2888.281,POST,/api/inference,True,,1191,3,200,
1790479320.703523,1790479323.590103,39364.308414,39367.194994,2886.58,POST,/api/inference,True,,1191,4,200,
1790479320.735725,1790479323.622215,39364.340616,39367.227106,2886.49,POST,/api/inference,True,,1191,5,200,
1790479320.767768,1790479323.654493,39364.37266,39367.259385,2886.725,POST,/api/inference,True,,1191,6,200,
1790479320.79531,1790479323.681245,39364.400202,39367.286136,2885.934,POST,/api/inference,True,,1191,7,200,
1790479320.817659,1790479323.706274,39364.42255,39367.311165,2888.615,POST,/api/inference,True,,1191,8,200,
1790479320.843271,1790479323.729426,39364.448162,39367.334318,2886.155,POST,/api/inference,True,,1191,9,200,
1790479320.882622,1790479323.768485,39364.487513,39367.373376,2885.863,POST,/api/inference,True,,1191,10,200,
1790479320.911099,1790479323.797503,39364.515991,39367.402394,2886.404,POST,/api/inference,True,,1191,11,200,
1790479320.939781,1790479323.826936,39364.544672,39367.431827,2887.155,POST,/api/inference,True,,1191,12,200,
1790479320.961756,1790479323.849502,39364.566647,39367.454393,2887.746,POST,/api/inference,True,,1191,13,200,
1790479320.993356,1790479323.879755,39364.598247,39367.484646,2886.399,POST,/api/inference,True,,1191,14,200,
1790479321.023549,1790479323.91203,39364.62844,39367.516921,2888.48,POST,/api/inference,True,,1191,15,200,
1790479321.053379,1790479323.940848,39364.65827,39367.545739,2887.469,POST,/api/inference,True,,1191,16,200,
1790479321.079146,1790479323.968832,39364.684037,39367.573723,2889.685,POST,/api/inference,True,,1191,17,200,
1790479321.102461,1790479323.98977,39364.707352,39367.594661,2887.31,POST,/api/inference,True,,1191,18,200,
1790479321.132701,1790479324.018848,39364.737592,39367.623739,2886.147,POST,/api/inference,True,,1191,19,200,
1790479321.164185,1790479324.049786,39364.769076,39367.654677,2885.601,POST,/api/inference,True,,1191,20,200,
1790479321.191581,1790479324.078829,39364.796472,39367.68372,2887.248,POST,/api/inference,True,,1191,21,200,
1790479321.22203,1790479324.108878,39364.826921,39367.713769,2886.848,POST,/api/inference,True,,1191,22,200,
1790479321.249629,1790479324.136582,39364.85452,39367.741473,2886.953,POST,/api/inference,True,,1191,23,200,
1790479321.277283,1790479324.164083,39364.882174,39367.768974,2886.8,POST,/api/inference,True,,1191,24,200,
1790479321.306553,1790479324.19268,39364.911444,39367.797571,2886.127,POST,/api/inference,True,,1191,25,200,
1790479321.337551,1790479324.226279,39364.942442,39367.83117,2888.727,POST,/api/inference,True,,1191,26,200,
1790479321.368526,1790479324.255256,39364.973418,39367.860147,2886.729,POST,/api/inference,True,,1191,27,200,
1790479321.417876,1790479324.305934,39365.022768,39367.910825,2888.057,POST,/api/inference,True,,1191,28,200,
1790479321.419784,1790479324.308088,39365.024675,39367.912979,2888.305,POST,/api/inference,True,,1191,29,200,
1790479321.455781,1790479324.342344,39365.060672,39367.947235,2886.563,POST,/api/inference,True,,1191,30,200,
1790479321.483346,1790479324.37047,39365.088238,39367.975362,2887.124,POST,/api/inference,True,,1191,31,200,
1790479321.510686,1790479324.39826,39365.115578,39368.003151,2887.574,POST,/api/inference,True,,1191,32,200,
1790479321.539134,1790479324.426021,39365.144025,39368.030912,2886.887,POST,/api/inference,True,,1191,33,200,
1790479321.580109,1790479324.465772,39365.185001,39368.070664,2885.663,POST,/api/inference,True,,1191,34,200,
1790479321.589723,1790479324.475811,39365.194615,39368.080703,2886.088,POST,/api/inference,True,,1191,35,200,
1790479321.621228,1790479324.507353,39365.226119,39368.112244,2886.125,POST,/api/inference,True,,1191,36,200,
1790479321.648502,1790479324.536671,39365.253393,39368.141562,2888.169,POST,/api/inference,True,,1191,37,200,
1790479321.681443,1790479324.568257,39365.286334,39368.173148,2886.814,POST,/api/inference,True,,1191,38,200,
1790479321.713315,1790479324.60093,39365.318206,39368.205821,2887.615,POST,/api/inference,True,,1191,39,200,
1790479321.738607,1790479324.625549,39365.343498,39368.23044,2886.942,POST,/api/inference,True,,1191,40,200,
1790479321.76284,1790479324.650773,39365.367731,39368.255664,2887.933,POST,/api/inference,True,,1191,41,200,
1790479321.800259,1790479324.687693,39365.40515,39368.292584,2887.434,POST,/api/inference,True,,1191,42,200,
1790479321.825413,1790479324.711928,39365.430304,39368.316819,2886.515,POST,/api/inference,True,,1191,43,200,
1790479321.852534,1790479324.740484,39365.457425,39368.345375,2887.95,POST,/api/inference,True,,1191,44,200,
1790479321.878811,1790479324.765849,39365.483703,39368.370741,2887.038,POST,/api/inference,True,,1191,45,200,
1790479321.91607,1790479324.803227,39365.520961,39368.408118,2887.156,POST,/api/inference,True,,1191,46,200,
1790479321.940678,1790479324.827389,39365.545569,39368.43228,2886.71,POST,/api/inference,True,,1191,47,200,
1790479321.96975,1790479324.857937,39365.574641,39368.462829,2888.187,POST,/api/inference,True,,1191,48,200,
1790479321.995695,1790479324.881805,39365.600587,39368.486696,2886.11,POST,/api/inference,True,,1191,49,200,
1790479322.026491,1790479324.912701,39365.631383,39368.517593,2886.21,POST,/api/inference,True,,1191,50,200,
1790479322.053933,1790479324.941111,39365.658824,39368.546002,2887.179,POST,/api/inference,True,,1191,51,200,
1790479322.090711,1790479324.977413,39365.695602,39368.582304,2886.701,POST,/api/inference,True,,1191,52,200,
1790479322.109204,1790479324.996431,39365.714095,39368.601323,2887.228,POST,/api/inference,True,,1191,53,200,
1790479322.145803,1790479325.032453,39365.750694,39368.637344,2886.65,POST,/api/inference,True,,1191,54,200,
1790479322.185034,1790479325.071838,39365.789925,39368.676729,2886.804,POST,/api/inference,True,,1191,55,200,
1790479322.203516,1790479325.090364,39365.808407,39368.695256,2886.849,POST,/api/inference,True,,1191,56,200,
1790479322.225662,1790479325.113952,39365.830553,39368.718843,2888.29,POST,/api/inference,True,,1191,57,200,
1790479322.258507,1790479325.144553,39365.863398,39368.749444,2886.046,POST,/api/inference,True,,1191,58,200,
1790479322.286057,1790479325.172915,39365.890948,39368.777806,2886.859,POST,/api/inference,True,,1191,59,200,
1790479322.339773,1790479325.227492,39365.944665,39368.832383,2887.718,POST,/api/inference,True,,1191,60,200,
1790479322.341351,1790479325.229265,39365.946242,39368.834156,2887.914,POST,/api/inference,True,,1191,61,200,
1790479322.375982,1790479325.263287,39365.980873,39368.868178,2887.305,POST,/api/inference,True,,1191,62,200,
1790479322.405332,1790479325.291576,39366.010223,39368.896467,2886.245,POST,/api/inference,True,,1191,63,200,
1790479322.461326,1790479325.350908,39366.066218,39368.955799,2889.581,POST,/api/inference,True,,1191,64,200,
1790479322.464437,1790479325.352319,39366.069328,39368.95721,2887.882,POST,/api/inference,True,,1191,65,200,
1790479322.494825,1790479325.38164,39366.099716,39368.986531,2886.815,POST,/api/inference,True,,1191,66,200,
1790479322.518305,1790479325.405373,39366.123196,39369.010264,2887.068,POST,/api/inference,True,,1191,67,200,
1790479322.555437,1790479325.442938,39366.160328,39369.047829,2887.501,POST,/api/inference,True,,1191,68,200,
1790479322.574305,1790479325.461219,39366.179196,39369.066111,2886.914,POST,/api/inference,True,,1191,69,200,
1790479322.611696,1790479325.497602,39366.216588,39369.102493,2885.906,POST,/api/inference,True,,1191,70,200,
1790479322.634141,1790479325.521134,39366.239032,39369.126025,2886.993,POST,/api/inference,True,,1191,71,200,
1790479322.662381,1790479325.549291,39366.267272,39369.154182,2886.91,POST,/api/inference,True,,1191,72,200,
1790479322.687905,1790479325.574554,39366.292796,39369.179445,2886.649,POST,/api/inference,True,,1191,73,200,
1790479322.721327,1790479325.608037,39366.326218,39369.212928,2886.71,POST,/api/inference,True,,1191,74,200,
1790479322.747776,1790479325.635317,39366.352667,39369.240209,2887.542,POST,/api/inference,True,,1191,75,200,
1790479322.786182,1790479325.673216,39366.391073,39369.278107,2887.034,POST,/api/inference,True,,1191,76,200,
1790479322.806801,1790479325.69356,39366.411693,39369.298452,2886.759,POST,/api/inference,True,,1191,77,200,
1790479322.831547,1790479325.719302,39366.436438,39369.324193,2887.755,POST,/api/inference,True,,1191,78,200,
1790479322.859411,1790479325.747402,39366.464302,39369.352293,2887.991,POST,/api/inference,True,,1191,79,200,
1790479322.894551,1790479325.784195,39366.499442,39369.389086,2889.645,POST,/api/inference,True,,1191,80,200,
1790479322.913097,1790479325.799386,39366.517989,39369.404277,2886.288,POST,/api/inference,True,,1191,81,200,
1790479322.948778,1790479325.83559,39366.55367,39369.440481,2886.811,POST,/api/inference,True,,1191,82,200,
1790479322.978009,1790479325.86392,39366.582901,39369.468811,2885.91,POST,/api/inference,True,,1191,83,200,
1790479323.010033,1790479325.897055,39366.614924,39369.501946,2887.022,POST,/api/inference,True,,1191,84,200,
1790479323.032717,1790479325.919377,39366.637608,39369.524268,2886.66,POST,/api/inference,True,,1191,85,200,
1790479323.064086,1790479325.950853,39366.668978,39369.555745,2886.767,POST,/api/inference,True,,1191,86,200,
1790479323.096548,1790479325.982786,39366.70144,39369.587677,2886.238,POST,/api/inference,True,,1191,87,200,
1790479323.121603,1790479326.00849,39366.726495,39369.613381,2886.886,POST,/api/inference,True,,1191,88,200,
1790479323.14876,1790479326.036628,39366.753651,39369.641519,2887.867,POST,/api/inference,True,,1191,89,200,
1790479323.178729,1790479326.065306,39366.783621,39369.670197,2886.577,POST,/api/inference,True,,1191,90,200,
1790479323.208524,1790479326.094594,39366.813415,39369.699485,2886.07,POST,/api/inference,True,,1191,91,200,
1790479323.241382,1790479326.127784,39366.846273,39369.732676,2886.402,POST,/api/inference,True,,1191,92,200,
1790479323.264645,1790479326.15132,39366.869536,39369.756211,2886.675,POST,/api/inference,True,,1191,93,200,
1790479323.291764,1790479326.178786,39366.896655,39369.783677,2887.021,POST,/api/inference,True,,1191,94,200,
1790479323.319254,1790479326.205819,39366.924145,39369.81071,2886.564,POST,/api/inference,True,,1191,95,200,
1790479323.355889,1790479326.243776,39366.96078,39369.848667,2887.887,POST,/api/inference,True,,1191,96,200,
1790479323.381846,1790479326.269898,39366.986737,39369.874789,2888.052,POST,/api/inference,True,,1191,97,200,
1790479323.411654,1790479326.298886,39367.016545,39369.903777,2887.232,POST,/api/inference,True,,1191,98,200,
1790479323.4403,1790479326.32923,39367.045191,39369.934121,2888.931,POST,/api/inference,True,,1191,99,200,
1790479323.47713,1790479326.363045,39367.082021,39369.967937,2885.916,POST,/api/inference,True,,1191,0,200,
1790479323.497929,1790479326.385571,39367.10282,39369.990462,2887.642,POST,/api/inference,True,,1191,1,200,
1790479323.539118,1790479326.426567,39367.144009,39370.031459,2887.45,POST,/api/inference,True,,1191,2,200,
1790479323.562069,1790479326.450272,39367.16696,39370.055163,2888.202,POST,/api/inference,True,,1191,3,200,
1790479323.59025,1790479326.477438,39367.195141,39370.08233,2887.188,POST,/api/inference,True,,1191,4,200,
1790479323.622374,1790479326.508285,39367.227265,39370.113176,2885.91,POST,/api/inference,True,,1191,5,200,
1790479323.654638,1790479326.53936,39367.25953,39370.144251,2884.722,POST,/api/inference,True,,1191,6,200,
1790479323.681383,1790479326.565984,39367.286274,39370.170876,2884.601,POST,/api/inference,True,,1191,7,200,
1790479323.706431,1790479326.592602,39367.311322,39370.197494,2886.171,POST,/api/inference,True,,1191,8,200,
1790479323.729581,1790479326.616477,39367.334472,39370.221368,2886.896,POST,/api/inference,True,,1191,9,200,
1790479323.768627,1790479326.655053,39367.373518,39370.259944,2886.426,POST,/api/inference,True,,1191,10,200,
1790479323.797654,1790479326.684713,39367.402546,39370.289605,2887.059,POST,/api/inference,True,,1191,11,200,
1790479323.827094,1790479326.714319,39367.431985,39370.31921,2887.224,POST,/api/inference,True,,1191,12,200,
1790479323.849657,1790479326.736508,39367.454548,39370.341399,2886.851,POST,/api/inference,True,,1191,13,200,
1790479323.879915,1790479326.766635,39367.484806,39370.371527,2886.72,POST,/api/inference,True,,1191,14,200,
1790479323.912181,1790479326.798815,39367.517072,39370.403706,2886.634,POST,/api/inference,True,,1191,15,200,
1790479323.94101,1790479326.829956,39367.545901,39370.434847,2888.946,POST,/api/inference,True,,1191,16,200,
1790479323.968981,1790479326.855848,39367.573872,39370.460739,2886.867,POST,/api/inference,True,,1191,17,200,
1790479323.989932,1790479326.877357,39367.594824,39370.482249,2887.425,POST,/api/inference,True,,1191,18,200,
1790479324.01903,1790479326.907629,39367.623922,39370.512521,2888.599,POST,/api/inference,True,,1191,19,200,
1790479324.049938,1790479326.936221,39367.65483,39370.541112,2886.283,POST,/api/inference,True,,1191,20,200,
1790479324.079005,1790479326.966751,39367.683896,39370.571642,2887.746,POST,/api/inference,True,,1191,21,200,
1790479324.10903,1790479326.994818,39367.713921,39370.59971,2885.789,POST,/api/inference,True,,1191,22,200,
1790479324.136744,1790479327.023612,39367.741635,39370.628503,2886.868,POST,/api/inference,True,,1191,23,200,
1790479324.164241,1790479327.051991,39367.769132,39370.656882,2887.75,POST,/api/inference,True,,1191,24,200,
1790479324.192842,1790479327.081266,39367.797733,39370.686158,2888.424,POST,/api/inference,True,,1191,25,200,
1790479324.226461,1790479327.113361,39367.831353,39370.718252,2886.9,POST,/api/inference,True,,1191,26,200,
1790479324.25542,1790479327.142244,39367.860311,39370.747135,2886.824,POST,/api/inference,True,,1191,27,200,
1790479324.306111,1790479327.193612,39367.911002,39370.798503,2887.501,POST,/api/inference,True,,1191,28,200,
1790479324.308239,1790479327.195675,39367.91313,39370.800566,2887.437,POST,/api/inference,True,,1191,29,200,
1790479324.34251,1790479327.230051,39367.947401,39370.834942,2887.541,POST,/api/inference,True,,1191,30,200,
1790479324.370637,1790479327.257525,39367.975528,39370.862416,2886.888,POST,/api/inference,True,,1191,31,200,
1790479324.398419,1790479327.285911,39368.003311,39370.890803,2887.492,POST,/api/inference,True,,1191,32,200,
1790479324.426165,1790479327.313327,39368.031056,39370.918218,2887.162,POST,/api/inference,True,,1191,33,200,
1790479324.465905,1790479327.352783,39368.070796,39370.957674,2886.878,POST,/api/inference,True,,1191,34,200,
1790479324.475988,1790479327.362487,39368.080879,39370.967378,2886.499,POST,/api/inference,True,,1191,35,200,
1790479324.507517,1790479327.393944,39368.112408,39370.998836,2886.427,POST,/api/inference,True,,1191,36,200,
1790479324.536823,1790479327.425294,39368.141714,39371.030185,2888.472,POST,/api/inference,True,,1191,37,200,
1790479324.568407,1790479327.454752,39368.173299,39371.059643,2886.344,POST,/api/inference,True,,1191,38,200,
1790479324.601105,1790479327.48838,39368.205996,39371.093271,2887.275,POST,/api/inference,True,,1191,39,200,
1790479324.625704,1790479327.51283,39368.230595,39371.117721,2887.126,POST,/api/inference,True,,1191,40,200,
1790479324.650944,1790479327.539292,39368.255835,39371.144183,2888.348,POST,/api/inference,True,,1191,41,200,
1790479324.687857,1790479327.574136,39368.292749,39371.179028,2886.279,POST,/api/inference,True,,1191,42,200,
1790479324.712069,1790479327.5969,39368.31696,39371.201791,2884.831,POST,/api/inference,True,,1191,43,200,
1790479324.740639,1790479327.626494,39368.34553,39371.231385,2885.855,POST,/api/inference,True,,1191,44,200,
1790479324.766003,1790479327.653468,39368.370894,39371.258359,2887.465,POST,/api/inference,True,,1191,45,200,
1790479324.803393,1790479327.689825,39368.408284,39371.294716,2886.432,POST,/api/inference,True,,1191,46,200,
1790479324.827548,1790479327.714542,39368.432439,39371.319433,2886.994,POST,/api/inference,True,,1191,47,200,
1790479324.858088,1790479327.745019,39368.462979,39371.34991,2886.931,POST,/api/inference,True,,1191,48,200,
1790479324.881955,1790479327.768346,39368.486846,39371.373237,2886.391,POST,/api/inference,True,,1191,49,200,
1790479324.912884,1790479327.8001,39368.517775,39371.404992,2887.217,POST,/api/inference,True,,1191,50,200,
1790479324.941281,1790479327.828966,39368.546172,39371.433857,2887.685,POST,/api/inference,True,,1191,51,200,
1790479324.977567,1790479327.865641,39368.582458,39371.470533,2888.074,POST,/api/inference,True,,1191,52,200,
1790479324.996582,1790479327.884164,39368.601473,39371.489055,2887.582,POST,/api/inference,True,,1191,53,200,
1790479325.032627,1790479327.919695,39368.637519,39371.524587,2887.068,POST,/api/inference,True,,1191,54,200,
1790479325.072,1790479327.958844,39368.676891,39371.563736,2886.844,POST,/api/inference,True,,1191,55,200,
1790479325.090525,1790479327.978429,39368.695416,39371.58332,2887.904,POST,/api/inference,True,,1191,56,200,
1790479325.114103,1790479328.000825,39368.718994,39371.605716,2886.721,POST,/api/inference,True,,1191,57,200,
1790479325.144696,1790479328.030985,39368.749587,39371.635877,2886.29,POST,/api/inference,True,,1191,58,200,
1790479325.173088,1790479328.060619,39368.777979,39371.66551,2887.531,POST,/api/inference,True,,1191,59,200,
1790479325.227664,1790479328.116359,39368.832555,39371.72125,2888.695,POST,/api/inference,True,,1191,60,200,
1790479325.229389,1790479328.118735,39368.83428,39371.723626,2889.346,POST,/api/inference,True,,1191,61,200,
1790479325.263441,1790479328.15001,39368.868332,39371.754901,2886.569,POST,/api/inference,True,,1191,62,200,
1790479325.29173,1790479328.178776,39368.896621,39371.783667,2887.045,POST,/api/inference,True,,1191,63,200,
1790479325.351065,1790479328.238497,39368.955956,39371.843388,2887.432,POST,/api/inference,True,,1191,64,200,
1790479325.352903,1790479328.239716,39368.957795,39371.844607,2886.813,POST,/api/inference,True,,1191,65,200,
1790479325.381802,1790479328.268948,39368.986693,39371.87384,2887.147,POST,/api/inference,True,,1191,66,200,
1790479325.405531,1790479328.291987,39369.010422,39371.896878,2886.456,POST,/api/inference,True,,1191,67,200,
1790479325.443097,1790479328.330154,39369.047988,39371.935045,2887.057,POST,/api/inference,True,,1191,68,200,
1790479325.461367,1790479328.348437,39369.066258,39371.953328,2887.069,POST,/api/inference,True,,1191,69,200,
1790479325.497739,1790479328.385027,39369.10263,39371.989919,2887.288,POST,/api/inference,True,,1191,70,200,
1790479325.521296,1790479328.408205,39369.126187,39372.013096,2886.909,POST,/api/inference,True,,1191,71,200,
1790479325.549451,1790479328.435902,39369.154342,39372.040793,2886.451,POST,/api/inference,True,,1191,72,200,
1790479325.574703,1790479328.461767,39369.179594,39372.066658,2887.064,POST,/api/inference,True,,1191,73,200,
1790479325.608196,1790479328.494359,39369.213087,39372.09925,2886.163,POST,/api/inference,True,,1191,74,200,
1790479325.63549,1790479328.525608,39369.240382,39372.130499,2890.117,POST,/api/inference,True,,1191,75,200,
1790479325.673375,1790479328.560392,39369.278266,39372.165284,2887.017,POST,/api/inference,True,,1191,76,200,
1790479325.693718,1790479328.580598,39369.29861,39372.185489,2886.879,POST,/api/inference,True,,1191,77,200,
1790479325.719459,1790479328.606197,39369.32435,39372.211088,2886.738,POST,/api/inference,True,,1191,78,200,
1790479325.747555,1790479328.634722,39369.352446,39372.239614,2887.167,POST,/api/inference,True,,1191,79,200,
1790479325.784371,1790479328.671453,39369.389262,39372.276344,2887.082,POST,/api/inference,True,,1191,80,200,
1790479325.799532,1790479328.685589,39369.404423,39372.29048,2886.057,POST,/api/inference,True,,1191,81,200,
1790479325.835743,1790479328.722733,39369.440635,39372.327624,2886.99,POST,/api/inference,True,,1191,82,200,
1790479325.864067,1790479328.750113,39369.468958,39372.355005,2886.047,POST,/api/inference,True,,1191,83,200,
1790479325.897204,1790479328.785134,39369.502095,39372.390025,2887.93,POST,/api/inference,True,,1191,84,200,
1790479325.919543,1790479328.807437,39369.524435,39372.412328,2887.894,POST,/api/inference,True,,1191,85,200,
1790479325.951024,1790479328.839024,39369.555916,39372.443915,2887.999,POST,/api/inference,True,,1191,86,200,
1790479325.982942,1790479328.869918,39369.587833,39372.474809,2886.976,POST,/api/inference,True,,1191,87,200,
1790479326.008707,1790479328.89801,39369.613598,39372.502902,2889.304,POST,/api/inference,True,,1191,88,200,
1790479326.036782,1790479328.923515,39369.641673,39372.528406,2886.733,POST,/api/inference,True,,1191,89,200,
1790479326.065463,1790479328.952462,39369.670354,39372.557353,2886.999,POST,/api/inference,True,,1191,90,200,
1790479326.094749,1790479328.982142,39369.699641,39372.587033,2887.392,POST,/api/inference,True,,1191,91,200,
1790479326.127939,1790479329.01532,39369.73283,39372.620211,2887.381,POST,/api/inference,True,,1191,92,200,
1790479326.151479,1790479329.037996,39369.75637,39372.642887,2886.517,POST,/api/inference,True,,1191,93,200,
1790479326.178943,1790479329.065915,39369.783834,39372.670806,2886.972,POST,/api/inference,True,,1191,94,200,
1790479326.205977,1790479329.093427,39369.810868,39372.698319,2887.451,POST,/api/inference,True,,1191,95,200,
1790479326.243966,1790479329.130438,39369.848857,39372.735329,2886.472,POST,/api/inference,True,,1191,96,200,
1790479326.270064,1790479329.156613,39369.874955,39372.761504,2886.549,POST,/api/inference,True,,1191,97,200,
1790479326.299047,1790479329.187612,39369.903938,39372.792503,2888.565,POST,/api/inference,True,,1191,98,200,
1790479326.329425,1790479329.217245,39369.934316,39372.822136,2887.82,POST,/api/inference,True,,1191,99,200,
1790479326.363378,1790479329.251197,39369.968269,39372.856088,2887.819,POST,/api/inference,True,,1191,0,200,
1790479326.385725,1790479329.274017,39369.990617,39372.878908,2888.292,POST,/api/inference,True,,1191,1,200,
1790479326.426728,1790479329.313226,39370.03162,39372.918117,2886.497,POST,/api/inference,True,,1191,2,200,
1790479326.450447,1790479329.337509,39370.055338,39372.9424,2887.063,POST,/api/inference,True,,1191,3,200,
1790479326.477588,1790479329.365006,39370.082479,39372.969897,2887.418,POST,/api/inference,True,,1191,4,200,
1790479326.50844,1790479329.394889,39370.113331,39372.99978,2886.449,POST,/api/inference,True,,1191,5,200,
1790479326.539484,1790479329.426166,39370.144375,39373.031057,2886.681,POST,/api/inference,True,,1191,6,200,
1790479326.566099,1790479329.45146,39370.17099,39373.056351,2885.361,POST,/api/inference,True,,1191,7,200,
1790479326.592743,1790479329.479271,39370.197634,39373.084162,2886.528,POST,/api/inference,True,,1191,8,200,
1790479326.616631,1790479329.503097,39370.221522,39373.107988,2886.466,POST,/api/inference,True,,1191,9,200,
1790479326.655319,1790479329.541402,39370.26021,39373.146293,2886.083,POST,/api/inference,True,,1191,10,200,
1790479326.684868,1790479329.571623,39370.289759,39373.176514,2886.755,POST,/api/inference,True,,1191,11,200,
1790479326.714479,1790479329.602286,39370.31937,39373.207177,2887.807,POST,/api/inference,True,,1191,12,200,
1790479326.736659,1790479329.623327,39370.34155,39373.228218,2886.668,POST,/api/inference,True,,1191,13,200,
1790479326.766921,1790479329.653238,39370.371812,39373.258129,2886.317,POST,/api/inference,True,,1191,14,200,
1790479326.798955,1790479329.684176,39370.403846,39373.289067,2885.221,POST,/api/inference,True,,1191,15,200,
1790479326.830123,1790479329.718384,39370.435014,39373.323275,2888.26,POST,/api/inference,True,,1191,16,200,
1790479326.856015,1790479329.742482,39370.460906,39373.347373,2886.467,POST,/api/inference,True,,1191,17,200,
1790479326.877523,1790479329.764645,39370.482414,39373.369536,2887.121,POST,/api/inference,True,,1191,18,200,
1790479326.907786,1790479329.794928,39370.512677,39373.39982,2887.142,POST,/api/inference,True,,1191,19,200,
1790479326.936385,1790479329.823478,39370.541276,39373.428369,2887.094,POST,/api/inference,True,,1191,20,200,
1790479326.966917,1790479329.854705,39370.571808,39373.459597,2887.789,POST,/api/inference,True,,1191,21,200,
1790479326.994966,1790479329.881734,39370.599857,39373.486625,2886.768,POST,/api/inference,True,,1191,22,200,
1790479327.023787,1790479329.909986,39370.628678,39373.514877,2886.199,POST,/api/inference,True,,1191,23,200,
1790479327.052158,1790479329.941453,39370.65705,39373.546345,2889.295,POST,/api/inference,True,,1191,24,200,
1790479327.081416,1790479329.968811,39370.686308,39373.573702,2887.394,POST,/api/inference,True,,1191,25,200,
1790479327.113503,1790479330.000288,39370.718394,39373.605179,2886.785,POST,/api/inference,True,,1191,26,200,
1790479327.142399,1790479330.028101,39370.74729,39373.632992,2885.702,POST,/api/inference,True,,1191,27,200,
1790479327.193771,1790479330.080825,39370.798662,39373.685716,2887.054,POST,/api/inference,True,,1191,28,200,
1790479327.195796,1790479330.081992,39370.800688,39373.686883,2886.196,POST,/api/inference,True,,1191,29,200,
1790479327.230213,1790479330.116765,39370.835105,39373.721657,2886.552,POST,/api/inference,True,,1191,30,200,
1790479327.257679,1790479330.144013,39370.862571,39373.748904,2886.333,POST,/api/inference,True,,1191,31,200,
1790479327.286069,1790479330.172579,39370.89096,39373.77747,2886.509,POST,/api/inference,True,,1191,32,200,
1790479327.313482,1790479330.201359,39370.918374,39373.80625,2887.877,POST,/api/inference,True,,1191,33,200,
1790479327.352934,1790479330.239723,39370.957826,39373.844615,2886.789,POST,/api/inference,True,,1191,34,200,
1790479327.362645,1790479330.248728,39370.967536,39373.853619,2886.083,POST,/api/inference,True,,1191,35,200,
1790479327.394101,1790479330.28162,39370.998992,39373.886511,2887.519,POST,/api/inference,True,,1191,36,200,
1790479327.425447,1790479330.311802,39371.030338,39373.916693,2886.354,POST,/api/inference,True,,1191,37,200,
1790479327.454908,1790479330.341398,39371.0598,39373.946289,2886.489,POST,/api/inference,True,,1191,38,200,
1790479327.488534,1790479330.37644,39371.093425,39373.981331,2887.906,POST,/api/inference,True,,1191,39,200,
1790479327.512991,1790479330.40052,39371.117883,39374.005411,2887.529,POST,/api/inference,True,,1191,40,200,
1790479327.539448,1790479330.4258,39371.144339,39374.030691,2886.351,POST,/api/inference,True,,1191,41,200,
1790479327.57426,1790479330.461325,39371.179152,39374.066216,2887.065,POST,/api/inference,True,,1191,42,200,
1790479327.597013,1790479330.483875,39371.201904,39374.088766,2886.862,POST,/api/inference,True,,1191,43,200,
1790479327.626631,1790479330.513363,39371.231523,39374.118254,2886.731,POST,/api/inference,True,,1191,44,200,
1790479327.653618,1790479330.541286,39371.258509,39374.146177,2887.667,POST,/api/inference,True,,1191,45,200,
1790479327.689986,1790479330.578246,39371.294877,39374.183137,2888.26,POST,/api/inference,True,,1191,46,200,
1790479327.714711,1790479330.601551,39371.319602,39374.206442,2886.84,POST,/api/inference,True,,1191,47,200,
1790479327.745179,1790479330.632943,39371.35007,39374.237834,2887.764,POST,/api/inference,True,,1191,48,200,
1790479327.768503,1790479330.654987,39371.373394,39374.259878,2886.484,POST,/api/inference,True,,1191,49,200,
1790479327.800249,1790479330.686127,39371.40514,39374.291018,2885.878,POST,/api/inference,True,,1191,50,200,
1790479327.829124,1790479330.714731,39371.434015,39374.319622,2885.606,POST,/api/inference,True,,1191,51,200,
1790479327.8658,1790479330.752998,39371.470691,39374.357889,2887.198,POST,/api/inference,True,,1191,52,200,
1790479327.88433,1790479330.771501,39371.489221,39374.376392,2887.171,POST,/api/inference,True,,1191,53,200,
1790479327.919863,1790479330.807438,39371.524754,39374.412329,2887.575,POST,/api/inference,True,,1191,54,200,
1790479327.959004,1790479330.846674,39371.563895,39374.451566,2887.67,POST,/api/inference,True,,1191,55,200,
1790479327.978593,1790479330.865535,39371.583484,39374.470426,2886.942,POST,/api/inference,True,,1191,56,200,
1790479328.001003,1790479330.887975,39371.605894,39374.492867,2886.972,POST,/api/inference,True,,1191,57,200,
1790479328.031133,1790479330.917205,39371.636024,39374.522096,2886.072,POST,/api/inference,True,,1191,58,200,
1790479328.060778,1790479330.949523,39371.665669,39374.554414,2888.746,POST,/api/inference,True,,1191,59,200,
1790479328.116508,1790479331.004613,39371.721399,39374.609504,2888.105,POST,/api/inference,True,,1191,60,200,
1790479328.118845,1790479331.005923,39371.723736,39374.610814,2887.079,POST,/api/inference,True,,1191,61,200,
1790479328.150174,1790479331.037369,39371.755065,39374.642261,2887.196,POST,/api/inference,True,,1191,62,200,
1790479328.178934,1790479331.065726,39371.783825,39374.670617,2886.792,POST,/api/inference,True,,1191,63,200,
1790479328.238651,1790479331.127025,39371.843542,39374.731917,2888.374,POST,/api/inference,True,,1191,64,200,
1790479328.240326,1790479331.129311,39371.845217,39374.734202,2888.985,POST,/api/inference,True,,1191,65,200,
1790479328.269099,1790479331.156997,39371.87399,39374.761888,2887.897,POST,/api/inference,True,,1191,66,200,
1790479328.292138,1790479331.178976,39371.89703,39374.783867,2886.838,POST,/api/inference,True,,1191,67,200,
1790479328.330305,1790479331.216974,39371.935196,39374.821866,2886.669,POST,/api/inference,True,,1191,68,200,
1790479328.348594,1790479331.236831,39371.953485,39374.841722,2888.237,POST,/api/inference,True,,1191,69,200,
1790479328.385175,1790479331.27368,39371.990067,39374.878571,2888.505,POST,/api/inference,True,,1191,70,200,
1790479328.408368,1790479331.297264,39372.01326,39374.902155,2888.896,POST,/api/inference,True,,1191,71,200,
1790479328.436055,1790479331.346345,39372.040947,39374.951236,2910.29,POST,/api/inference,True,,1191,72,200,
