start_ts,end_ts,start_mono,end_mono,response_time_ms,request_type,name,success,exception,response_length,user,http_status,stages_logged
1790479475.875567,1790479478.765449,39519.480458,39522.37034,2889.882,POST,/api/inference,True,,1191,0,200,
1790479475.904989,1790479478.797124,39519.50988,39522.402015,2892.135,POST,/api/inference,True,,1191,1,200,
1790479475.934083,1790479478.822032,39519.538974,39522.426923,2887.95,POST,/api/inference,True,,1191,2,200,
1790479475.962895,1790479478.851323,39519.567787,39522.456215,2888.428,POST,/api/inference,True,,1191,3,200,
1790479475.991435,1790479478.881128,39519.596326,39522.486019,2889.693,POST,/api/inference,True,,1191,4,200,
1790479476.021663,1790479478.910556,39519.626555,39522.515448,2888.893,POST,/api/inference,True,,1191,5,200,
1790479476.049429,1790479478.938623,39519.654321,39522.543515,2889.194,POST,/api/inference,True,,1191,6,200,
1790479476.078519,1790479478.968305,39519.68341,39522.573196,2889.786,POST,/api/inference,True,,1191,7,200,
1790479476.10648,1790479478.995487,39519.711372,39522.600379,2889.007,POST,/api/inference,True,,1191,8,200,
1790479476.135369,1790479479.024509,39519.74026,39522.6294,2889.14,POST,/api/inference,True,,1191,9,200,
1790479476.164346,1790479479.054004,39519.769237,39522.658895,2889.658,POST,/api/inference,True,,1191,10,200,
1790479476.193173,1790479479.08222,39519.798064,39522.687111,2889.047,POST,/api/inference,True,,1191,11,200,
1790479476.222141,1790479479.1106,39519.827032,39522.715492,2888.459,POST,/api/inference,True,,1191,12,200,
1790479476.250385,1790479479.138735,39519.855276,39522.743626,2888.35,POST,/api/inference,True,,1191,13,200,
1790479476.279565,1790479479.1685,39519.884456,39522.773391,2888.935,POST,/api/inference,True,,1191,14,200,
1790479476.308439,1790479479.197912,39519.91333,39522.802804,2889.473,POST,/api/inference,True,,1191,15,200,
1790479476.337248,1790479479.225265,39519.942139,39522.830156,2888.017,POST,/api/inference,True,,1191,16,200,
1790479476.366235,1790479479.256724,39519.971126,39522.861615,2890.489,POST,/api/inference,True,,1191,17,200,
1790479476.394828,1790479479.284133,39519.999719,39522.889024,2889.305,POST,/api/inference,True,,1191,18,200,
1790479476.424105,1790479479.313391,39520.028996,39522.918283,2889.286,POST,/api/inference,True,,1191,19,200,
1790479476.451833,1790479479.340898,39520.056724,39522.945789,2889.065,POST,/api/inference,True,,1191,20,200,
1790479476.481106,1790479479.37049,39520.085997,39522.975381,2889.384,POST,/api/inference,True,,1191,21,200,
1790479476.509525,1790479479.398291,39520.114416,39523.003183,2888.766,POST,/api/inference,True,,1191,22,200,
1790479476.538332,1790479479.427663,39520.143224,39523.032554,2889.33,POST,/api/inference,True,,1191,23,200,
1790479476.567718,1790479479.457202,39520.172609,39523.062094,2889.484,POST,/api/inference,True,,1191,24,200,
1790479476.59669,1790479479.486773,39520.201581,39523.091664,2890.083,POST,/api/inference,True,,1191,25,200,
1790479476.62467,1790479479.513999,39520.229562,39523.11889,2889.329,POST,/api/inference,True,,1191,26,200,
1790479476.653581,1790479479.544181,39520.258472,39523.149072,2890.601,POST,/api/inference,True,,1191,27,200,
1790479476.682859,1790479479.587565,39520.28775,39523.192457,2904.707,POST,/api/inference,True,,1191,28,200,
1790479476.711444,1790479479.600796,39520.316336,39523.205687,2889.352,POST,/api/inference,True,,1191,29,200,
1790479476.740051,1790479479.628444,39520.344942,39523.233335,2888.394,POST,/api/inference,True,,1191,30,200,
1790479476.768301,1790479479.65789,39520.373192,39523.262781,2889.589,POST,/api/inference,True,,1191,31,200,
1790479476.797192,1790479479.686097,39520.402083,39523.290988,2888.905,POST,/api/inference,True,,1191,32,200,
1790479476.826361,1790479479.716317,39520.431253,39523.321209,2889.956,POST,/api/inference,True,,1191,33,200,
1790479476.874564,1790479479.76216,39520.479455,39523.367051,2887.596,POST,/api/inference,True,,1191,34,200,
1790479476.883576,1790479479.771419,39520.488467,39523.37631,2887.843,POST,/api/inference,True,,1191,35,200,
1790479476.913026,1790479479.802958,39520.517917,39523.407849,2889.932,POST,/api/inference,True,,1191,36,200,
1790479476.941066,1790479479.829912,39520.545957,39523.434803,2888.846,POST,/api/inference,True,,1191,37,200,
1790479476.970346,1790479479.859697,39520.575237,39523.464589,2889.352,POST,/api/inference,True,,1191,38,200,
1790479476.998422,1790479479.887969,39520.603314,39523.49286,2889.547,POST,/api/inference,True,,1191,39,200,
1790479477.027504,1790479479.917058,39520.632396,39523.52195,2889.554,POST,/api/inference,True,,1191,40,200,
1790479477.056845,1790479479.947428,39520.661736,39523.552319,2890.583,POST,/api/inference,True,,1191,41,200,
1790479477.085285,1790479479.974451,39520.690176,39523.579342,2889.166,POST,/api/inference,True,,1191,42,200,
1790479477.11441,1790479480.004333,39520.719302,39523.609224,2889.922,POST,/api/inference,True,,1191,43,200,
1790479477.143315,1790479480.032807,39520.748207,39523.637699,2889.492,POST,/api/inference,True,,1191,44,200,
1790479477.17222,1790479480.059825,39520.777111,39523.664716,2887.605,POST,/api/inference,True,,1191,45,200,
1790479477.199929,1790479480.08888,39520.804821,39523.693771,2888.951,POST,/api/inference,True,,1191,46,200,
1790479477.228924,1790479480.118078,39520.833816,39523.72297,2889.154,POST,/api/inference,True,,1191,47,200,
1790479477.257877,1790479480.14749,39520.862768,39523.752381,2889.613,POST,/api/inference,True,,1191,48,200,
1790479477.286669,1790479480.174627,39520.891561,39523.779518,2887.958,POST,/api/inference,True,,1191,49,200,
1790479477.315671,1790479480.205138,39520.920562,39523.810029,2889.467,POST,/api/inference,True,,1191,50,200,
1790479477.344469,1790479480.234118,39520.94936,39523.839009,2889.65,POST,/api/inference,True,,1191,51,200,
1790479477.372749,1790479480.261351,39520.97764,39523.866243,2888.603,POST,/api/inference,True,,1191,52,200,
1790479477.402011,1790479480.290332,39521.006902,39523.895223,2888.321,POST,/api/inference,True,,1191,53,200,
1790479477.430121,1790479480.317792,39521.035013,39523.922683,2887.67,POST,/api/inference,True,,1191,54,200,
1790479477.458916,1790479480.362985,39521.063807,39523.967876,2904.069,POST,/api/inference,True,,1191,55,200,
1790479477.487549,1790479480.375061,39521.092441,39523.979952,2887.511,POST,/api/inference,True,,1191,56,200,
1790479477.516929,1790479480.40508,39521.121821,39524.009971,2888.15,POST,/api/inference,True,,1191,57,200,
1790479477.545584,1790479480.435624,39521.150475,39524.040515,2890.04,POST,/api/inference,True,,1191,58,200,
1790479477.57495,1790479480.465921,39521.179842,39524.070812,2890.97,POST,/api/inference,True,,1191,59,200,
1790479477.602923,1790479480.511494,39521.207815,39524.116385,2908.571,POST,/api/inference,True,,1191,60,200,
1790479477.632277,1790479480.521179,39521.237168,39524.126071,2888.903,POST,/api/inference,True,,1191,61,200,
1790479477.661025,1790479480.550643,39521.265917,39524.155535,2889.618,POST,/api/inference,True,,1191,62,200,
1790479477.690068,1790479480.579021,39521.29496,39524.183913,2888.953,POST,/api/inference,True,,1191,63,200,
1790479477.71897,1790479480.608104,39521.323861,39524.212995,2889.134,POST,/api/inference,True,,1191,64,200,
1790479477.747725,1790479480.638788,39521.352616,39524.24368,2891.063,POST,/api/inference,True,,1191,65,200,
1790479477.775815,1790479480.663762,39521.380707,39524.268653,2887.946,POST,/api/inference,True,,1191,66,200,
1790479477.804994,1790479480.695625,39521.409885,39524.300516,2890.631,POST,/api/inference,True,,1191,67,200,
1790479477.837883,1790479480.727877,39521.442775,39524.332769,2889.994,POST,/api/inference,True,,1191,68,200,
1790479477.86281,1790479480.752382,39521.467701,39524.357273,2889.572,POST,/api/inference,True,,1191,69,200,
1790479477.890861,1790479480.780998,39521.495752,39524.385889,2890.137,POST,/api/inference,True,,1191,70,200,
1790479477.920077,1790479480.810872,39521.524968,39524.415763,2890.796,POST,/api/inference,True,,1191,71,200,
1790479477.949277,1790479480.839801,39521.554168,39524.444692,2890.524,POST,/api/inference,True,,1191,72,200,
1790479477.977208,1790479480.868749,39521.582099,39524.47364,2891.542,POST,/api/inference,True,,1191,73,200,
1790479478.006435,1790479480.89543,39521.611327,39524.500322,2888.995,POST,/api/inference,True,,1191,74,200,
1790479478.034777,1790479480.923863,39521.639669,39524.528754,2889.085,POST,/api/inference,True,,1191,75,200,
1790479478.063751,1790479480.953443,39521.668643,39524.558335,2889.692,POST,/api/inference,True,,1191,76,200,
1790479478.093182,1790479480.982514,39521.698073,39524.587405,2889.332,POST,/api/inference,True,,1191,77,200,
1790479478.121392,1790479481.010679,39521.726284,39524.615571,2889.287,POST,/api/inference,True,,1191,78,200,
1790479478.149837,1790479481.038441,39521.754728,39524.643332,2888.604,POST,/api/inference,True,,1191,79,200,
1790479478.179505,1790479481.06886,39521.784396,39524.673751,2889.355,POST,/api/inference,True,,1191,80,200,
1790479478.207599,1790479481.09721,39521.81249,39524.702101,2889.612,POST,/api/inference,True,,1191,81,200,
1790479478.236815,1790479481.126978,39521.841706,39524.731869,2890.163,POST,/api/inference,True,,1191,82,200,
1790479478.264965,1790479481.158001,39521.869856,39524.762892,2893.036,POST,/api/inference,True,,1191,83,200,
1790479478.293996,1790479481.183964,39521.898887,39524.788856,2889.969,POST,/api/inference,True,,1191,84,200,
1790479478.322908,1790479481.211081,39521.927799,39524.815973,2888.173,POST,/api/inference,True,,1191,85,200,
1790479478.352105,1790479481.242893,39521.956996,39524.847784,2890.788,POST,/api/inference,True,,1191,86,200,
1790479478.379848,1790479481.26874,39521.984739,39524.873631,2888.892,POST,/api/inference,True,,1191,87,200,
1790479478.409354,1790479481.298455,39522.014245,39524.903347,2889.102,POST,/api/inference,True,,1191,88,200,
1790479478.438167,1790479481.327829,39522.043059,39524.93272,2889.662,POST,/api/inference,True,,1191,89,200,
1790479478.466928,1790479481.369132,39522.071819,39524.974023,2902.203,POST,/api/inference,True,,1191,90,200,
1790479478.495393,1790479481.384097,39522.100284,39524.988988,2888.704,POST,/api/inference,True,,1191,91,200,
1790479478.5238,1790479481.413821,39522.128691,39525.018712,2890.021,POST,/api/inference,True,,1191,92,200,
1790479478.552703,1790479481.440923,39522.157594,39525.045814,2888.221,POST,/api/inference,True,,1191,93,200,
1790479478.581937,1790479481.471234,39522.186828,39525.076125,2889.297,POST,/api/inference,True,,1191,94,200,
1790479478.61083,1790479481.500475,39522.215722,39525.105367,2889.645,POST,/api/inference,True,,1191,95,200,
1790479478.639211,1790479481.52871,39522.244103,39525.133602,2889.499,POST,/api/inference,True,,1191,96,200,
1790479478.6681,1790479481.562886,39522.272991,39525.167777,2894.787,POST,/api/inference,True,,1191,97,200,
1790479478.697254,1790479481.58673,39522.302146,39525.191621,2889.475,POST,/api/inference,True,,1191,98,200,
1790479478.726156,1790479481.615313,39522.331047,39525.220204,2889.158,POST,/api/inference,True,,1191,99,200,
1790479478.765645,1790479481.652667,39522.370536,39525.257558,2887.022,POST,/api/inference,True,,1191,0,200,
1790479478.797298,1790479481.68418,39522.402189,39525.289071,2886.882,POST,/api/inference,True,,1191,1,200,
1790479478.822174,1790479481.708854,39522.427065,39525.313745,2886.68,POST,/api/inference,True,,1191,2,200,
1790479478.851488,1790479481.738312,39522.456379,39525.343203,2886.824,POST,/api/inference,True,,1191,3,200,
1790479478.881281,1790479481.767317,39522.486172,39525.372208,2886.036,POST,/api/inference,True,,1191,4,200,
1790479478.910714,1790479481.797034,39522.515605,39525.401925,2886.32,POST,/api/inference,True,,1191,5,200,
1790479478.938781,1790479481.825875,39522.543672,39525.430766,2887.094,POST,/api/inference,True,,1191,6,200,
1790479478.968459,1790479481.855354,39522.57335,39525.460246,2886.896,POST,/api/inference,True,,1191,7,200,
1790479478.995638,1790479481.882895,39522.600529,39525.487786,2887.257,POST,/api/inference,True,,1191,8,200,
1790479479.024724,1790479481.910602,39522.629616,39525.515494,2885.878,POST,/api/inference,True,,1191,9,200,
1790479479.054157,1790479481.939958,39522.659048,39525.544849,2885.801,POST,/api/inference,True,,1191,10,200,
1790479479.082375,1790479481.968229,39522.687266,39525.57312,2885.854,POST,/api/inference,True,,1191,11,200,
1790479479.110756,1790479481.999731,39522.715647,39525.604622,2888.974,POST,/api/inference,True,,1191,12,200,
1790479479.138883,1790479482.025374,39522.743774,39525.630266,2886.491,POST,/api/inference,True,,1191,13,200,
1790479479.168656,1790479482.055013,39522.773547,39525.659904,2886.358,POST,/api/inference,True,,1191,14,200,
1790479479.198079,1790479482.08438,39522.80297,39525.689271,2886.301,POST,/api/inference,True,,1191,15,200,
1790479479.225419,1790479482.1122,39522.83031,39525.717091,2886.781,POST,/api/inference,True,,1191,16,200,
1790479479.256879,1790479482.143104,39522.86177,39525.747996,2886.225,POST,/api/inference,True,,1191,17,200,
1790479479.284291,1790479482.171041,39522.889182,39525.775933,2886.751,POST,/api/inference,True,,1191,18,200,
1790479479.313547,1790479482.200046,39522.918438,39525.804937,2886.499,POST,/api/inference,True,,1191,19,200,
1790479479.341056,1790479482.227474,39522.945947,39525.832365,2886.418,POST,/api/inference,True,,1191,20,200,
1790479479.37064,1790479482.257197,39522.975532,39525.862088,2886.557,POST,/api/inference,True,,1191,21,200,
1790479479.398443,1790479482.285214,39523.003335,39525.890105,2886.77,POST,/api/inference,True,,1191,22,200,
1790479479.427797,1790479482.314074,39523.032688,39525.918965,2886.278,POST,/api/inference,True,,1191,23,200,
1790479479.457347,1790479482.345059,39523.062238,39525.94995,2887.712,POST,/api/inference,True,,1191,24,200,
1790479479.486928,1790479482.37553,39523.091819,39525.980421,2888.602,POST,/api/inference,True,,1191,25,200,
1790479479.514152,1790479482.400555,39523.119043,39526.005446,2886.403,POST,/api/inference,True,,1191,26,200,
1790479479.544338,1790479482.430903,39523.14923,39526.035795,2886.565,POST,/api/inference,True,,1191,27,200,
1790479479.587722,1790479482.472845,39523.192613,39526.077736,2885.123,POST,/api/inference,True,,1191,28,200,
1790479479.600953,1790479482.486365,39523.205844,39526.091256,2885.412,POST,/api/inference,True,,1191,29,200,
1790479479.628628,1790479482.515303,39523.233519,39526.120194,2886.674,POST,/api/inference,True,,1191,30,200,
1790479479.658051,1790479482.544988,39523.262942,39526.149879,2886.938,POST,/api/inference,True,,1191,31,200,
1790479479.686247,1790479482.572891,39523.291138,39526.177782,2886.644,POST,/api/inference,True,,1191,32,200,
1790479479.716475,1790479482.603366,39523.321366,39526.208257,2886.892,POST,/api/inference,True,,1191,33,200,
1790479479.762315,1790479482.649143,39523.367207,39526.254034,2886.827,POST,/api/inference,True,,1191,34,200,
1790479479.771573,1790479482.65854,39523.376465,39526.263431,2886.967,POST,/api/inference,True,,1191,35,200,
1790479479.803308,1790479482.689673,39523.408199,39526.294564,2886.366,POST,/api/inference,True,,1191,36,200,
1790479479.830055,1790479482.717218,39523.434946,39526.322109,2887.164,POST,/api/inference,True,,1191,37,200,
1790479479.85983,1790479482.746343,39523.464722,39526.351235,2886.513,POST,/api/inference,True,,1191,38,200,
1790479479.888116,1790479482.774459,39523.493007,39526.379351,2886.343,POST,/api/inference,True,,1191,39,200,
1790479479.917212,1790479482.804378,39523.522104,39526.409269,2887.165,POST,/api/inference,True,,1191,40,200,
1790479479.947582,1790479482.83419,39523.552473,39526.439081,2886.608,POST,/api/inference,True,,1191,41,200,
1790479479.974605,1790479482.861909,39523.579496,39526.466801,2887.305,POST,/api/inference,True,,1191,42,200,
1790479480.004502,1790479482.89092,39523.609393,39526.495812,2886.418,POST,/api/inference,True,,1191,43,200,
1790479480.03296,1790479482.919958,39523.637851,39526.52485,2886.998,POST,/api/inference,True,,1191,44,200,
1790479480.059964,1790479482.947727,39523.664855,39526.552618,2887.763,POST,/api/inference,True,,1191,45,200,
1790479480.089003,1790479482.973491,39523.693895,39526.578383,2884.488,POST,/api/inference,True,,1191,46,200,
1790479480.118227,1790479483.004305,39523.723118,39526.609197,2886.079,POST,/api/inference,True,,1191,47,200,
1790479480.147659,1790479483.034716,39523.75255,39526.639607,2887.057,POST,/api/inference,True,,1191,48,200,
1790479480.174789,1790479483.062422,39523.77968,39526.667313,2887.633,POST,/api/inference,True,,1191,49,200,
1790479480.205295,1790479483.091859,39523.810186,39526.69675,2886.564,POST,/api/inference,True,,1191,50,200,
1790479480.234281,1790479483.123825,39523.839173,39526.728716,2889.543,POST,/api/inference,True,,1191,51,200,
1790479480.26151,1790479483.148999,39523.866401,39526.753891,2887.489,POST,/api/inference,True,,1191,52,200,
1790479480.29049,1790479483.177698,39523.895381,39526.782589,2887.208,POST,/api/inference,True,,1191,53,200,
1790479480.317956,1790479483.205335,39523.922847,39526.810226,2887.379,POST,/api/inference,True,,1191,54,200,
1790479480.363254,1790479483.251231,39523.968145,39526.856122,2887.977,POST,/api/inference,True,,1191,55,200,
1790479480.375318,1790479483.262,39523.980209,39526.866892,2886.682,POST,/api/inference,True,,1191,56,200,
1790479480.405208,1790479483.290946,39524.0101,39526.895837,2885.738,POST,/api/inference,True,,1191,57,200,
1790479480.435777,1790479483.321804,39524.040668,39526.926695,2886.027,POST,/api/inference,True,,1191,58,200,
1790479480.466064,1790479483.351825,39524.070955,39526.956716,2885.761,POST,/api/inference,True,,1191,59,200,
1790479480.511653,1790479483.401648,39524.116545,39527.006539,2889.994,POST,/api/inference,True,,1191,60,200,
1790479480.521316,1790479483.40805,39524.126207,39527.012941,2886.734,POST,/api/inference,True,,1191,61,200,
1790479480.550799,1790479483.437613,39524.15569,39527.042504,2886.814,POST,/api/inference,True,,1191,62,200,
1790479480.579429,1790479483.46692,39524.18432,39527.071811,2887.491,POST,/api/inference,True,,1191,63,200,
1790479480.608246,1790479483.493809,39524.213137,39527.0987,2885.563,POST,/api/inference,True,,1191,64,200,
1790479480.638945,1790479483.52497,39524.243836,39527.129861,2886.025,POST,/api/inference,True,,1191,65,200,
1790479480.663934,1790479483.552871,39524.268825,39527.157762,2888.937,POST,/api/inference,True,,1191,66,200,
1790479480.695784,1790479483.582714,39524.300675,39527.187605,2886.93,POST,/api/inference,True,,1191,67,200,
1790479480.728041,1790479483.614398,39524.332933,39527.219289,2886.357,POST,/api/inference,True,,1191,68,200,
1790479480.752542,1790479483.639268,39524.357433,39527.244159,2886.726,POST,/api/inference,True,,1191,69,200,
1790479480.781162,1790479483.66926,39524.386053,39527.274151,2888.098,POST,/api/inference,True,,1191,70,200,
1790479480.811081,1790479483.69841,39524.415972,39527.303301,2887.329,POST,/api/inference,True,,1191,71,200,
1790479480.839989,1790479483.727232,39524.44488,39527.332123,2887.243,POST,/api/inference,True,,1191,72,200,
1790479480.86891,1790479483.755515,39524.473801,39527.360406,2886.605,POST,/api/inference,True,,1191,73,200,
1790479480.895582,1790479483.782507,39524.500473,39527.387398,2886.925,POST,/api/inference,True,,1191,74,200,
1790479480.924007,1790479483.810294,39524.528898,39527.415185,2886.287,POST,/api/inference,True,,1191,75,200,
1790479480.953597,1790479483.839779,39524.558488,39527.44467,2886.182,POST,/api/inference,True,,1191,76,200,
1790479480.982678,1790479483.869739,39524.587569,39527.47463,2887.061,POST,/api/inference,True,,1191,77,200,
1790479481.010884,1790479483.898516,39524.615775,39527.503407,2887.632,POST,/api/inference,True,,1191,78,200,
1790479481.038602,1790479483.926146,39524.643493,39527.531037,2887.544,POST,/api/inference,True,,1191,79,200,
1790479481.069014,1790479483.95574,39524.673905,39527.560631,2886.726,POST,/api/inference,True,,1191,80,200,
1790479481.097366,1790479483.984326,39524.702258,39527.589217,2886.96,POST,/api/inference,True,,1191,81,200,
1790479481.127122,1790479484.01233,39524.732014,39527.617222,2885.208,POST,/api/inference,True,,1191,82,200,
1790479481.158176,1790479484.045199,39524.763067,39527.65009,2887.023,POST,/api/inference,True,,1191,83,200,
1790479481.184106,1790479484.07089,39524.788998,39527.675782,2886.784,POST,/api/inference,True,,1191,84,200,
1790479481.211353,1790479484.097872,39524.816244,39527.702763,2886.519,POST,/api/inference,True,,1191,85,200,
1790479481.243063,1790479484.129671,39524.847955,39527.734562,2886.608,POST,/api/inference,True,,1191,86,200,
1790479481.268896,1790479484.157852,39524.873787,39527.762744,2888.957,POST,/api/inference,True,,1191,87,200,
1790479481.298611,1790479484.185448,39524.903502,39527.790339,2886.837,POST,/api/inference,True,,1191,88,200,
1790479481.327998,1790479484.216366,39524.93289,39527.821257,2888.367,POST,/api/inference,True,,1191,89,200,
1790479481.369285,1790479484.255658,39524.974176,39527.860549,2886.373,POST,/api/inference,True,,1191,90,200,
1790479481.384248,1790479484.27131,39524.98914,39527.876201,2887.061,POST,/api/inference,True,,1191,91,200,
1790479481.414004,1790479484.302767,39525.018895,39527.907658,2888.763,POST,/api/inference,True,,1191,92,200,
1790479481.441045,1790479484.326907,39525.045936,39527.931799,2885.863,POST,/api/inference,True,,1191,93,200,
1790479481.471392,1790479484.358061,39525.076283,39527.962952,2886.669,POST,/api/inference,True,,1191,94,200,
1790479481.50063,1790479484.387461,39525.105521,39527.992352,2886.831,POST,/api/inference,True,,1191,95,200,
1790479481.528874,1790479484.416794,39525.133765,39528.021685,2887.92,POST,/api/inference,True,,1191,96,200,
1790479481.563044,1790479484.450023,39525.167935,39528.054914,2886.979,POST,/api/inference,True,,1191,97,200,
1790479481.586889,1790479484.473683,39525.19178,39528.078574,2886.794,POST,/api/inference,True,,1191,98,200,
1790479481.615477,1790479484.502915,39525.220368,39528.107806,2887.438,POST,/api/inference,True,,1191,99,200,
1790479481.652825,1790479484.539348,39525.257716,39528.14424,2886.524,POST,/api/inference,True,,1191,0,200,
1790479481.684333,1790479484.57047,39525.289225,39528.175362,2886.137,POST,/api/inference,True,,1191,1,200,
1790479481.709017,1790479484.597235,39525.313908,39528.202126,2888.218,POST,/api/inference,True,,1191,2,200,
1790479481.738464,1790479484.625507,39525.343355,39528.230399,2887.043,POST,/api/inference,True,,1191,3,200,
1790479481.767488,1790479484.655098,39525.372379,39528.259989,2887.611,POST,/api/inference,True,,1191,4,200,
1790479481.797192,1790479484.68522,39525.402083,39528.290111,2888.028,POST,/api/inference,True,,1191,5,200,
1790479481.826032,1790479484.712106,39525.430923,39528.316997,2886.074,POST,/api/inference,True,,1191,6,200,
1790479481.855513,1790479484.742185,39525.460404,39528.347077,2886.672,POST,/api/inference,True,,1191,7,200,
1790479481.883037,1790479484.772055,39525.487928,39528.376947,2889.018,POST,/api/inference,True,,1191,8,200,
1790479481.910763,1790479484.796879,39525.515654,39528.40177,2886.116,POST,/api/inference,True,,1191,9,200,
1790479481.940117,1790479484.826622,39525.545009,39528.431513,2886.504,POST,/api/inference,True,,1191,10,200,
1790479481.96837,1790479484.855371,39525.573261,39528.460263,2887.002,POST,/api/inference,True,,1191,11,200,
1790479481.999863,1790479484.886008,39525.604754,39528.490899,2886.145,POST,/api/inference,True,,1191,12,200,
1790479482.025527,1790479484.911472,39525.630418,39528.516363,2885.946,POST,/api/inference,True,,1191,13,200,
1790479482.055137,1790479484.942089,39525.660029,39528.54698,2886.951,POST,/api/inference,True,,1191,14,200,
1790479482.084529,1790479484.971539,39525.68942,39528.57643,2887.01,POST,/api/inference,True,,1191,15,200,
1790479482.112346,1790479484.999067,39525.717237,39528.603958,2886.721,POST,/api/inference,True,,1191,16,200,
1790479482.143371,1790479485.029336,39525.748262,39528.634228,2885.965,POST,/api/inference,True,,1191,17,200,
1790479482.171311,1790479485.057242,39525.776202,39528.662134,2885.931,POST,/api/inference,True,,1191,18,200,
1790479482.200198,1790479485.086643,39525.80509,39528.691535,2886.445,POST,/api/inference,True,,1191,19,200,
1790479482.227647,1790479485.11498,39525.832538,39528.719871,2887.333,POST,/api/inference,True,,1191,20,200,
1790479482.257353,1790479485.144805,39525.862244,39528.749696,2887.452,POST,/api/inference,True,,1191,21,200,
1790479482.285369,1790479485.171833,39525.89026,39528.776724,2886.465,POST,/api/inference,True,,1191,22,200,
1790479482.314229,1790479485.200233,39525.91912,39528.805124,2886.004,POST,/api/inference,True,,1191,23,200,
1790479482.345218,1790479485.231281,39525.950109,39528.836172,2886.063,POST,/api/inference,True,,1191,24,200,
1790479482.375689,1790479485.262512,39525.98058,39528.867403,2886.824,POST,/api/inference,True,,1191,25,200,
1790479482.40071,1790479485.287336,39526.005601,39528.892227,2886.626,POST,/api/inference,True,,1191,26,200,
1790479482.431068,1790479485.320137,39526.035959,39528.925028,2889.068,POST,/api/inference,True,,1191,27,200,
1790479482.472976,1790479485.358624,39526.077867,39528.963515,2885.648,POST,/api/inference,True,,1191,28,200,
1790479482.486501,1790479485.372471,39526.091392,39528.977362,2885.97,POST,/api/inference,True,,1191,29,200,
1790479482.515479,1790479485.402785,39526.12037,39529.007676,2887.306,POST,/api/inference,True,,1191,30,200,
1790479482.54515,1790479485.431881,39526.150041,39529.036772,2886.731,POST,/api/inference,True,,1191,31,200,
1790479482.573056,1790479485.460152,39526.177947,39529.065043,2887.096,POST,/api/inference,True,,1191,32,200,
1790479482.603529,1790479485.490599,39526.208421,39529.095491,2887.07,POST,/api/inference,True,,1191,33,200,
1790479482.649307,1790479485.535914,39526.254199,39529.140805,2886.606,POST,/api/inference,True,,1191,34,200,
1790479482.658695,1790479485.545284,39526.263587,39529.150176,2886.589,POST,/api/inference,True,,1191,35,200,
1790479482.689823,1790479485.575746,39526.294714,39529.180638,2885.924,POST,/api/inference,True,,1191,36,200,
1790479482.717374,1790479485.603255,39526.322265,39529.208146,2885.881,POST,/api/inference,True,,1191,37,200,
1790479482.746507,1790479485.633177,39526.351398,39529.238068,2886.67,POST,/api/inference,True,,1191,38,200,
1790479482.77462,1790479485.661604,39526.379511,39529.266495,2886.985,POST,/api/inference,True,,1191,39,200,
1790479482.804529,1790479485.690733,39526.409421,39529.295625,2886.204,POST,/api/inference,True,,1191,40,200,
1790479482.834343,1790479485.720882,39526.439234,39529.325773,2886.538,POST,/api/inference,True,,1191,41,200,
1790479482.862073,1790479485.749385,39526.466964,39529.354276,2887.312,POST,/api/inference,True,,1191,42,200,
1790479482.891072,1790479485.777586,39526.495963,39529.382478,2886.515,POST,/api/inference,True,,1191,43,200,
1790479482.920112,1790479485.80678,39526.525003,39529.411671,2886.668,POST,/api/inference,True,,1191,44,200,
1790479482.947999,1790479485.835239,39526.55289,39529.440131,2887.241,POST,/api/inference,True,,1191,45,200,
1790479482.973618,1790479485.861352,39526.578509,39529.466243,2887.734,POST,/api/inference,True,,1191,46,200,
1790479483.004475,1790479485.890061,39526.609366,39529.494952,2885.586,POST,/api/inference,True,,1191,47,200,
1790479483.034882,1790479485.921686,39526.639774,39529.526578,2886.804,POST,/api/inference,True,,1191,48,200,
1790479483.062591,1790479485.950426,39526.667482,39529.555317,2887.834,POST,/api/inference,True,,1191,49,200,
1790479483.092012,1790479485.979029,39526.696903,39529.583921,2887.017,POST,/api/inference,True,,1191,50,200,
1790479483.124032,1790479486.01166,39526.728923,39529.616551,2887.628,POST,/api/inference,True,,1191,51,200,
1790479483.149156,1790479486.035057,39526.754048,39529.639948,2885.901,POST,/api/inference,True,,1191,52,200,
1790479483.17786,1790479486.0661,39526.782751,39529.670991,2888.241,POST,/api/inference,True,,1191,53,200,
1790479483.205486,1790479486.090646,39526.810377,39529.695538,2885.161,POST,/api/inference,True,,1191,54,200,
1790479483.25139,1790479486.138448,39526.856281,39529.743339,2887.058,POST,/api/inference,True,,1191,55,200,
1790479483.262149,1790479486.148162,39526.86704,39529.753053,2886.013,POST,/api/inference,True,,1191,56,200,
1790479483.291104,1790479486.177824,39526.895995,39529.782715,2886.72,POST,/api/inference,True,,1191,57,200,
1790479483.321952,1790479486.207552,39526.926843,39529.812444,2885.601,POST,/api/inference,True,,1191,58,200,
1790479483.352087,1790479486.239216,39526.956979,39529.844107,2887.129,POST,/api/inference,True,,1191,59,200,
1790479483.401791,1790479486.288969,39527.006682,39529.89386,2887.178,POST,/api/inference,True,,1191,60,200,
1790479483.408153,1790479486.29409,39527.013044,39529.898981,2885.937,POST,/api/inference,True,,1191,61,200,
1790479483.43777,1790479486.323977,39527.042661,39529.928868,2886.207,POST,/api/inference,True,,1191,62,200,
1790479483.467079,1790479486.354217,39527.07197,39529.959108,2887.138,POST,/api/inference,True,,1191,63,200,
1790479483.493958,1790479486.380142,39527.09885,39529.985034,2886.184,POST,/api/inference,True,,1191,64,200,
1790479483.525118,1790479486.412537,39527.130009,39530.017428,2887.419,POST,/api/inference,True,,1191,65,200,
1790479483.553024,1790479486.440744,39527.157915,39530.045636,2887.72,POST,/api/inference,True,,1191,66,200,
1790479483.582857,1790479486.469361,39527.187749,39530.074252,2886.504,POST,/api/inference,True,,1191,67,200,
1790479483.61454,1790479486.502716,39527.219432,39530.107607,2888.176,POST,/api/inference,True,,1191,68,200,
1790479483.639431,1790479486.526525,39527.244322,39530.131416,2887.094,POST,/api/inference,True,,1191,69,200,
1790479483.669447,1790479486.557385,39527.274338,39530.162276,2887.938,POST,/api/inference,True,,1191,70,200,
1790479483.698583,1790479486.585486,39527.303474,39530.190378,2886.903,POST,/api/inference,True,,1191,71,200,
1790479483.727396,1790479486.613809,39527.332287,39530.2187,2886.413,POST,/api/inference,True,,1191,72,200,
1790479483.755663,1790479486.640594,39527.360555,39530.245485,2884.931,POST,/api/inference,True,,1191,73,200,
1790479483.782668,1790479486.668921,39527.387559,39530.273812,2886.252,POST,/api/inference,True,,1191,74,200,
1790479483.810452,1790479486.697535,39527.415344,39530.302426,2887.083,POST,/api/inference,True,,1191,75,200,
1790479483.839939,1790479486.726816,39527.44483,39530.331707,2886.877,POST,/api/inference,True,,1191,76,200,
1790479483.869908,1790479486.756886,39527.474799,39530.361778,2886.979,POST,/api/inference,True,,1191,77,200,
1790479483.898674,1790479486.785176,39527.503565,39530.390067,2886.502,POST,/api/inference,True,,1191,78,200,
1790479483.926316,1790479486.813781,39527.531208,39530.418673,2887.465,POST,/api/inference,True,,1191,79,200,
1790479483.95599,1790479486.843203,39527.560881,39530.448094,2887.212,POST,/api/inference,True,,1191,80,200,
1790479483.984485,1790479486.871431,39527.589376,39530.476322,2886.946,POST,/api/inference,True,,1191,81,200,
1790479484.012474,1790479486.898648,39527.617365,39530.503539,2886.174,POST,/api/inference,True,,1191,82,200,
1790479484.04536,1790479486.932306,39527.650252,39530.537197,2886.945,POST,/api/inference,True,,1191,83,200,
1790479484.071043,1790479486.957842,39527.675934,39530.562734,2886.8,POST,/api/inference,True,,1191,84,200,
1790479484.098018,1790479486.985056,39527.70291,39530.589947,2887.038,POST,/api/inference,True,,1191,85,200,
1790479484.129812,1790479487.016324,39527.734704,39530.621215,2886.512,POST,/api/inference,True,,1191,86,200,
1790479484.158011,1790479487.043874,39527.762902,39530.648765,2885.862,POST,/api/inference,True,,1191,87,200,
1790479484.185607,1790479487.07248,39527.790498,39530.677372,2886.873,POST,/api/inference,True,,1191,88,200,
1790479484.216548,1790479487.105205,39527.821439,39530.710096,2888.656,POST,/api/inference,True,,1191,89,200,
1790479484.255825,1790479487.141415,39527.860716,39530.746306,2885.59,POST,/api/inference,True,,1191,90,200,
1790479484.271475,1790479487.159075,39527.876367,39530.763967,2887.6,POST,/api/inference,True,,1191,91,200,
1790479484.302952,1790479487.190274,39527.907843,39530.795165,2887.322,POST,/api/inference,True,,1191,92,200,
1790479484.327064,1790479487.213974,39527.931956,39530.818865,2886.91,POST,/api/inference,True,,1191,93,200,
1790479484.358212,1790479487.244575,39527.963103,39530.849466,2886.363,POST,/api/inference,True,,1191,94,200,
1790479484.387623,1790479487.274598,39527.992514,39530.879489,2886.975,POST,/api/inference,True,,1191,95,200,
1790479484.416946,1790479487.303467,39528.021837,39530.908358,2886.521,POST,/api/inference,True,,1191,96,200,
1790479484.450173,1790479487.336774,39528.055064,39530.941665,2886.601,POST,/api/inference,True,,1191,97,200,
1790479484.473835,1790479487.360384,39528.078726,39530.965275,2886.549,POST,/api/inference,True,,1191,98,200,
1790479484.503072,1790479487.389732,39528.107963,39530.994623,2886.66,POST,/api/inference,True,,1191,99,200,
1790479484.539531,1790479487.424809,39528.144423,39531.0297,2885.277,POST,/api/inference,True,,1191,0,200,
1790479484.570616,1790479487.457165,39528.175508,39531.062056,2886.549,POST,/api/inference,True,,1191,1,200,
1790479484.597386,1790479487.485016,39528.202278,39531.089908,2887.63,POST,/api/inference,True,,1191,2,200,
1790479484.625665,1790479487.513673,39528.230556,39531.118564,2888.008,POST,/api/inference,True,,1191,3,200,
1790479484.655495,1790479487.543042,39528.260386,39531.147933,2887.547,POST,/api/inference,True,,1191,4,200,
1790479484.685376,1790479487.571763,39528.290267,39531.176654,2886.387,POST,/api/inference,True,,1191,5,200,
1790479484.712275,1790479487.599309,39528.317166,39531.2042,2887.034,POST,/api/inference,True,,1191,6,200,
1790479484.742339,1790479487.629328,39528.34723,39531.234219,2886.989,POST,/api/inference,True,,1191,7,200,
1790479484.772226,1790479487.65874,39528.377117,39531.263631,2886.514,POST,/api/inference,True,,1191,8,200,
1790479484.797053,1790479487.683608,39528.401944,39531.288499,2886.555,POST,/api/inference,True,,1191,9,200,
1790479484.826784,1790479487.713656,39528.431675,39531.318547,2886.872,POST,/api/inference,True,,1191,10,200,
1790479484.855534,1790479487.743762,39528.460425,39531.348653,2888.229,POST,/api/inference,True,,1191,11,200,
1790479484.886143,1790479487.773468,39528.491035,39531.378359,2887.324,POST,/api/inference,True,,1191,12,200,
1790479484.911637,1790479487.798517,39528.516529,39531.403409,2886.88,POST,/api/inference,True,,1191,13,200,
1790479484.942254,1790479487.829658,39528.547145,39531.434549,2887.404,POST,/api/inference,True,,1191,14,200,
1790479484.971698,1790479487.857756,39528.576589,39531.462647,2886.059,POST,/api/inference,True,,1191,15,200,
1790479484.999325,1790479487.885993,39528.604216,39531.490885,2886.669,POST,/api/inference,True,,1191,16,200,
1790479485.02953,1790479487.916577,39528.634421,39531.521468,2887.047,POST,/api/inference,True,,1191,17,200,
1790479485.057383,1790479487.944683,39528.662274,39531.549574,2887.3,POST,/api/inference,True,,1191,18,200,
1790479485.086788,1790479487.973477,39528.691679,39531.578368,2886.689,POST,/api/inference,True,,1191,19,200,
1790479485.115138,1790479488.00149,39528.72003,39531.606382,2886.352,POST,/api/inference,True,,1191,20,200,
1790479485.144964,1790479488.03219,39528.749855,39531.637081,2887.227,POST,/api/inference,True,,1191,21,200,
1790479485.171995,1790479488.060915,39528.776886,39531.665806,2888.92,POST,/api/inference,True,,1191,22,200,
1790479485.200385,1790479488.087189,39528.805276,39531.69208,2886.804,POST,/api/inference,True,,1191,23,200,
1790479485.231469,1790479488.117364,39528.836361,39531.722255,2885.895,POST,/api/inference,True,,1191,24,200,
1790479485.262678,1790479488.149207,39528.867569,39531.754098,2886.529,POST,/api/inference,True,,1191,25,200,
1790479485.287503,1790479488.173436,39528.892394,39531.778327,2885.933,POST,/api/inference,True,,1191,26,200,
1790479485.32029,1790479488.206165,39528.925181,39531.811056,2885.875,POST,/api/inference,True,,1191,27,200,
1790479485.358779,1790479488.246367,39528.96367,39531.851258,2887.587,POST,/api/inference,True,,1191,28,200,
1790479485.372628,1790479488.258307,39528.977519,39531.863198,2885.679,POST,/api/inference,True,,1191,29,200,
1790479485.402939,1790479488.290566,39529.00783,39531.895457,2887.627,POST,/api/inference,True,,1191,30,200,
1790479485.432036,1790479488.318388,39529.036927,39531.923279,2886.351,POST,/api/inference,True,,1191,31,200,
1790479485.460313,1790479488.346651,39529.065204,39531.951542,2886.338,POST,/api/inference,True,,1191,32,200,
1790479485.490751,1790479488.377062,39529.095642,39531.981954,2886.312,POST,/api/inference,True,,1191,33,200,
1790479485.536187,1790479488.42323,39529.141078,39532.028122,2887.043,POST,/api/inference,True,,1191,34,200,
1790479485.545433,1790479488.432371,39529.150324,39532.037262,2886.938,POST,/api/inference,True,,1191,35,200,
1790479485.576054,1790479488.462931,39529.180945,39532.067823,2886.877,POST,/api/inference,True,,1191,36,200,
1790479485.603409,1790479488.490872,39529.2083,39532.095763,2887.464,POST,/api/inference,True,,1191,37,200,
1790479485.633327,1790479488.519495,39529.238218,39532.124386,2886.168,POST,/api/inference,True,,1191,38,200,
1790479485.66177,1790479488.548563,39529.266662,39532.153454,2886.793,POST,/api/inference,True,,1191,39,200,
1790479485.690885,1790479488.578379,39529.295776,39532.18327,2887.494,POST,/api/inference,True,,1191,40,200,
1790479485.721042,1790479488.607817,39529.325933,39532.212708,2886.775,POST,/api/inference,True,,1191,41,200,
1790479485.749545,1790479488.636623,39529.354436,39532.241514,2887.078,POST,/api/inference,True,,1191,42,200,
1790479485.777746,1790479488.664662,39529.382637,39532.269553,2886.916,POST,/api/inference,True,,1191,43,200,
1790479485.806959,1790479488.693448,39529.41185,39532.298339,2886.489,POST,/api/inference,True,,1191,44,200,
1790479485.835404,1790479488.721884,39529.440295,39532.326775,2886.48,POST,/api/inference,True,,1191,45,200,
1790479485.861515,1790479488.748641,39529.466406,39532.353533,2887.127,POST,/api/inference,True,,1191,46,200,
1790479485.890205,1790479488.775979,39529.495096,39532.38087,2885.774,POST,/api/inference,True,,1191,47,200,
1790479485.921844,1790479488.807776,39529.526736,39532.412668,2885.932,POST,/api/inference,True,,1191,48,200,
1790479485.950577,1790479488.837624,39529.555468,39532.442515,2887.047,POST,/api/inference,True,,1191,49,200,
1790479485.979284,1790479488.865897,39529.584175,39532.470788,2886.613,POST,/api/inference,True,,1191,50,200,
1790479486.011872,1790479488.898803,39529.616763,39532.503694,2886.931,POST,/api/inference,True,,1191,51,200,
1790479486.035304,1790479488.92197,39529.640195,39532.526861,2886.666,POST,/api/inference,True,,1191,52,200,
1790479486.066275,1790479488.954302,39529.671166,39532.559193,2888.027,POST,/api/inference,True,,1191,53,200,
1790479486.090778,1790479488.976502,39529.695669,39532.581393,2885.724,POST,/api/inference,True,,1191,54,200,
1790479486.138604,1790479489.024756,39529.743495,39532.629648,2886.153,POST,/api/inference,True,,1191,55,200,
1790479486.148307,1790479489.034561,39529.753199,39532.639452,2886.253,POST,/api/inference,True,,1191,56,200,
1790479486.177975,1790479489.06514,39529.782866,39532.670031,2887.165,POST,/api/inference,True,,1191,57,200,
1790479486.207701,1790479489.093987,39529.812593,39532.698878,2886.285,POST,/api/inference,True,,1191,58,200,
1790479486.239395,1790479489.126376,39529.844286,39532.731267,2886.981,POST,/api/inference,True,,1191,59,200,
1790479486.28913,1790479489.178816,39529.894021,39532.783707,2889.686,POST,/api/inference,True,,1191,60,200,
1790479486.294203,1790479489.180869,39529.899095,39532.785761,2886.666,POST,/api/inference,True,,1191,61,200,
1790479486.324133,1790479489.209717,39529.929024,39532.814608,2885.584,POST,/api/inference,True,,1191,62,200,
1790479486.354377,1790479489.241746,39529.959268,39532.846637,2887.369,POST,/api/inference,True,,1191,63,200,
1790479486.380304,1790479489.266732,39529.985195,39532.871623,2886.428,POST,/api/inference,True,,1191,64,200,
1790479486.412712,1790479489.300059,39530.017603,39532.90495,2887.347,POST,/api/inference,True,,1191,65,200,
1790479486.44091,1790479489.327594,39530.045801,39532.932485,2886.684,POST,/api/inference,True,,1191,66,200,
1790479486.469521,1790479489.356544,39530.074413,39532.961436,2887.023,POST,/api/inference,True,,1191,67,200,
1790479486.502868,1790479489.389112,39530.107759,39532.994003,2886.244,POST,/api/inference,True,,1191,68,200,
1790479486.526834,1790479489.413406,39530.131725,39533.018297,2886.572,POST,/api/inference,True,,1191,69,200,
1790479486.557548,1790479489.44534,39530.162439,39533.050231,2887.793,POST,/api/inference,True,,1191,70,200,
1790479486.585639,1790479489.472483,39530.190531,39533.077374,2886.843,POST,/api/inference,True,,1191,71,200,
1790479486.613956,1790479489.499456,39530.218847,39533.104347,2885.5,POST,/api/inference,True,,1191,72,200,
1790479486.640735,1790479489.527064,39530.245626,39533.131955,2886.329,POST,/api/inference,True,,1191,73,200,
1790479486.66908,1790479489.555493,39530.273972,39533.160385,2886.413,POST,/api/inference,True,,1191,74,200,
1790479486.697702,1790479489.583565,39530.302593,39533.188456,2885.863,POST,/api/inference,True,,1191,75,200,
1790479486.726968,1790479489.613325,39530.331859,39533.218216,2886.357,POST,/api/inference,True,,1191,76,200,
1790479486.757046,1790479489.643232,39530.361937,39533.248123,2886.186,POST,/api/inference,True,,1191,77,200,
1790479486.785336,1790479489.67288,39530.390227,39533.277771,2887.544,POST,/api/inference,True,,1191,78,200,
1790479486.813962,1790479489.701383,39530.418853,39533.306275,2887.421,POST,/api/inference,True,,1191,79,200,
1790479486.843373,1790479489.73137,39530.448264,39533.336262,2887.998,POST,/api/inference,True,,1191,80,200,
1790479486.871578,1790479489.757604,39530.47647,39533.362496,2886.026,POST,/api/inference,True,,1191,81,200,
1790479486.898819,1790479489.786898,39530.50371,39533.391789,2888.078,POST,/api/inference,True,,1191,82,200,
1790479486.932484,1790479489.819526,39530.537376,39533.424418,2887.042,POST,/api/inference,True,,1191,83,200,
1790479486.958004,1790479489.844974,39530.562895,39533.449865,2886.97,POST,/api/inference,True,,1191,84,200,
1790479486.985202,1790479489.876539,39530.590093,39533.48143,2891.336,POST,/api/inference,True,,1191,85,200,
1790479487.016485,1790479489.904109,39530.621376,39533.509,2887.624,POST,/api/inference,True,,1191,86,200,
1790479487.044034,1790479489.931509,39530.648925,39533.536401,2887.476,POST,/api/inference,True,,1191,87,200,
1790479487.072642,1790479489.959067,39530.677534,39533.563958,2886.425,POST,/api/inference,True,,1191,88,200,
1790479487.105356,1790479489.99162,39530.710247,39533.596512,2886.264,POST,/api/inference,True,,1191,89,200,
1790479487.141557,1790479490.028378,39530.746448,39533.633269,2886.821,POST,/api/inference,True,,1191,90,200,
1790479487.159338,1790479490.046374,39530.764229,39533.651265,2887.036,POST,/api/inference,True,,1191,91,200,
1790479487.190434,1790479490.076889,39530.795326,39533.68178,2886.455,POST,/api/inference,True,,1191,92,200,
1790479487.214131,1790479490.101044,39530.819022,39533.705936,2886.914,POST,/api/inference,True,,1191,93,200,
1790479487.244732,1790479490.131719,39530.849623,39533.736611,2886.987,POST,/api/inference,True,,1191,94,200,
1790479487.274754,1790479490.161572,39530.879646,39533.766463,2886.817,POST,/api/inference,True,,1191,95,200,
1790479487.30362,1790479490.189945,39530.908512,39533.794836,2886.324,POST,/api/inference,True,,1191,96,200,
1790479487.336935,1790479490.225091,39530.941826,39533.829982,2888.156,POST,/api/inference,True,,1191,97,200,
1790479487.360538,1790479490.246009,39530.965429,39533.8509,2885.471,POST,/api/inference,True,,1191,98,200,
1790479487.389882,1790479490.27594,39530.994773,39533.880832,2886.059,POST,/api/inference,True,,1191,99,200,
1790479487.42497,1790479490.31131,39531.029861,39533.916201,2886.34,POST,/api/inference,True,,1191,0,200,
1790479487.457332,1790479490.344033,39531.062223,39533.948924,2886.701,POST,/api/inference,True,,1191,1,200,
1790479487.48518,1790479490.372774,39531.090071,39533.977665,2887.595,POST,/api/inference,True,,1191,2,200,
1790479487.513848,1790479490.40111,39531.11874,39534.006002,2887.262,POST,/api/inference,True,,1191,3,200,
1790479487.543329,1790479490.430316,39531.14822,39534.035207,2886.987,POST,/api/inference,True,,1191,4,200,
1790479487.571932,1790479490.458132,39531.176823,39534.063023,2886.2,POST,/api/inference,True,,1191,5,200,
1790479487.599484,1790479490.487258,39531.204375,39534.092149,2887.774,POST,/api/inference,True,,1191,6,200,
1790479487.629491,1790479490.515906,39531.234382,39534.120797,2886.415,POST,/api/inference,True,,1191,7,200,
1790479487.65889,1790479490.544418,39531.263781,39534.149309,2885.527,POST,/api/inference,True,,1191,8,200,
1790479487.683733,1790479490.570072,39531.288624,39534.174963,2886.34,POST,/api/inference,True,,1191,9,200,
1790479487.713816,1790479490.600019,39531.318707,39534.20491,2886.203,POST,/api/inference,True,,1191,10,200,
1790479487.743927,1790479490.631428,39531.348818,39534.236319,2887.501,POST,/api/inference,True,,1191,11,200,
1790479487.773622,1790479490.66164,39531.378514,39534.266531,2888.018,POST,/api/inference,True,,1191,12,200,
1790479487.79867,1790479490.685337,39531.403562,39534.290228,2886.666,POST,/api/inference,True,,1191,13,200,
1790479487.829936,1790479490.717184,39531.434827,39534.322075,2887.248,POST,/api/inference,True,,1191,14,200,
1790479487.857906,1790479490.744593,39531.462797,39534.349484,2886.687,POST,/api/inference,True,,1191,15,200,
1790479487.886155,1790479490.772065,39531.491046,39534.376956,2885.91,POST,/api/inference,True,,1191,16,200,
1790479487.916723,1790479490.80234,39531.521615,39534.407231,2885.616,POST,/api/inference,True,,1191,17,200,
1790479487.944862,1790479490.833725,39531.549753,39534.438616,2888.863,POST,/api/inference,True,,1191,18,200,
1790479487.973636,1790479490.862039,39531.578528,39534.466931,2888.403,POST,/api/inference,True,,1191,19,200,
1790479488.001663,1790479490.889669,39531.606554,39534.494561,2888.006,POST,/api/inference,True,,1191,20,200,
1790479488.032354,1790479490.918554,39531.637245,39534.523445,2886.199,POST,/api/inference,True,,1191,21,200,
1790479488.061093,1790479490.947327,39531.665984,39534.552219,2886.234,POST,/api/inference,True,,1191,22,200,
1790479488.087351,1790479490.974055,39531.692243,39534.578946,2886.704,POST,/api/inference,True,,1191,23,200,
1790479488.117517,1790479491.004383,39531.722408,39534.609274,2886.866,POST,/api/inference,True,,1191,24,200,
1790479488.149395,1790479491.037491,39531.754286,39534.642382,2888.096,POST,/api/inference,True,,1191,25,200,
1790479488.173578,1790479491.059766,39531.778469,39534.664658,2886.188,POST,/api/inference,True,,1191,26,200,
1790479488.206321,1790479491.095486,39531.811213,39534.700377,2889.165,POST,/api/inference,True,,1191,27,200,
1790479488.246544,1790479491.134048,39531.851435,39534.73894,2887.505,POST,/api/inference,True,,1191,28,200,
1790479488.258457,1790479491.14463,39531.863348,39534.749521,2886.173,POST,/api/inference,True,,1191,29,200,
1790479488.29072,1790479491.177868,39531.895612,39534.782759,2887.148,POST,/api/inference,True,,1191,30,200,
1790479488.318533,1790479491.206364,39531.923425,39534.811255,2887.831,POST,/api/inference,True,,1191,31,200,
1790479488.346802,1790479491.233848,39531.951694,39534.838739,2887.046,POST,/api/inference,True,,1191,32,200,
1790479488.377224,1790479491.264216,39531.982115,39534.869107,2886.992,POST,/api/inference,True,,1191,33,200,
1790479488.423403,1790479491.310032,39532.028294,39534.914923,2886.629,POST,/api/inference,True,,1191,34,200,
1790479488.432521,1790479491.318273,39532.037412,39534.923164,2885.752,POST,/api/inference,True,,1191,35,200,
1790479488.463142,1790479491.350194,39532.068033,39534.955085,2887.052,POST,/api/inference,True,,1191,36,200,
1790479488.49104,1790479491.378686,39532.095931,39534.983577,2887.646,POST,/api/inference,True,,1191,37,200,
1790479488.51965,1790479491.406149,39532.124541,39535.01104,2886.499,POST,/api/inference,True,,1191,38,200,
1790479488.548727,1790479491.434703,39532.153619,39535.039595,2885.976,POST,/api/inference,True,,1191,39,200,
1790479488.578537,1790479491.465025,39532.183428,39535.069917,2886.489,POST,/api/inference,True,,1191,40,200,
1790479488.607986,1790479491.495469,39532.212878,39535.10036,2887.483,POST,/api/inference,True,,1191,41,200,
1790479488.636786,1790479491.523801,39532.241677,39535.128692,2887.015,POST,/api/inference,True,,1191,42,200,
1790479488.664829,1790479491.550623,39532.26972,39535.155514,2885.794,POST,/api/inference,True,,1191,43,200,
1790479488.69363,1790479491.580876,39532.298521,39535.185767,2887.246,POST,/api/inference,True,,1191,44,200,
1790479488.722028,1790479491.608752,39532.32692,39535.213643,2886.724,POST,/api/inference,True,,1191,45,200,
1790479488.7488,1790479491.636621,39532.353691,39535.241513,2887.822,POST,/api/inference,True,,1191,46,200,
1790479488.776133,1790479491.662826,39532.381024,39535.267717,2886.693,POST,/api/inference,True,,1191,47,200,
1790479488.80794,1790479491.695523,39532.412831,39535.300414,2887.583,POST,/api/inference,True,,1191,48,200,
1790479488.83779,1790479491.724073,39532.442682,39535.328965,2886.283,POST,/api/inference,True,,1191,49,200,
1790479488.866048,1790479491.753077,39532.470939,39535.357968,2887.029,POST,/api/inference,True,,1191,50,200,
1790479488.898957,1790479491.786138,39532.503848,39535.39103,2887.182,POST,/api/inference,True,,1191,51,200,
1790479488.922128,1790479491.808905,39532.52702,39535.413796,2886.777,POST,/api/inference,True,,1191,52,200,
1790479488.954453,1790479491.840082,39532.559345,39535.444973,2885.629,POST,/api/inference,True,,1191,53,200,
1790479488.976674,1790479491.864602,39532.581565,39535.469493,2887.927,POST,/api/inference,True,,1191,54,200,
1790479489.024923,1790479491.911041,39532.629815,39535.515932,2886.118,POST,/api/inference,True,,1191,55,200,
1790479489.03471,1790479491.920934,39532.639601,39535.525825,2886.224,POST,/api/inference,True,,1191,56,200,
1790479489.065308,1790479491.953332,39532.670199,39535.558224,2888.024,POST,/api/inference,True,,1191,57,200,
1790479489.094141,1790479491.980726,39532.699033,39535.585618,2886.585,POST,/api/inference,True,,1191,58,200,
1790479489.126533,1790479492.012769,39532.731425,39535.61766,2886.236,POST,/api/inference,True,,1191,59,200,
1790479489.179008,1790479492.067385,39532.783899,39535.672276,2888.377,POST,/api/inference,True,,1191,60,200,
1790479489.180988,1790479492.06908,39532.785879,39535.673971,2888.092,POST,/api/inference,True,,1191,61,200,
1790479489.209837,1790479492.094625,39532.814728,39535.699516,2884.788,POST,/api/inference,True,,1191,62,200,
1790479489.241901,1790479492.129949,39532.846792,39535.734841,2888.049,POST,/api/inference,True,,1191,63,200,
1790479489.266885,1790479492.153453,39532.871777,39535.758344,2886.568,POST,/api/inference,True,,1191,64,200,
1790479489.300223,1790479492.187263,39532.905114,39535.792154,2887.04,POST,/api/inference,True,,1191,65,200,
1790479489.327757,1790479492.214782,39532.932648,39535.819674,2887.025,POST,/api/inference,True,,1191,66,200,
1790479489.356699,1790479492.243473,39532.96159,39535.848364,2886.774,POST,/api/inference,True,,1191,67,200,
1790479489.389271,1790479492.276641,39532.994163,39535.881533,2887.37,POST,/api/inference,True,,1191,68,200,
1790479489.413565,1790479492.300651,39533.018456,39535.905542,2887.086,POST,/api/inference,True,,1191,69,200,
1790479489.445565,1790479492.331208,39533.050456,39535.936099,2885.642,POST,/api/inference,True,,1191,70,200,
1790479489.472637,1790479492.358903,39533.077528,39535.963794,2886.266,POST,/api/inference,True,,1191,71,200,
1790479489.499619,1790479492.387347,39533.10451,39535.992238,2887.728,POST,/api/inference,True,,1191,72,200,
1790479489.52731,1790479492.415089,39533.132202,39536.019981,2887.779,POST,/api/inference,True,,1191,73,200,
1790479489.555659,1790479492.442615,39533.16055,39536.047506,2886.956,POST,/api/inference,True,,1191,74,200,
1790479489.583715,1790479492.470877,39533.188606,39536.075768,2887.162,POST,/api/inference,True,,1191,75,200,
1790479489.613471,1790479492.50076,39533.218362,39536.105651,2887.289,POST,/api/inference,True,,1191,76,200,
1790479489.643395,1790479492.530201,39533.248286,39536.135092,2886.806,POST,/api/inference,True,,1191,77,200,
1790479489.673043,1790479492.560608,39533.277934,39536.165499,2887.565,POST,/api/inference,True,,1191,78,200,
1790479489.70155,1790479492.588331,39533.306441,39536.193222,2886.781,POST,/api/inference,True,,1191,79,200,
1790479489.731554,1790479492.618831,39533.336445,39536.223722,2887.277,POST,/api/inference,True,,1191,80,200,
1790479489.757739,1790479492.643531,39533.36263,39536.248422,2885.792,POST,/api/inference,True,,1191,81,200,
1790479489.787063,1790479492.673888,39533.391955,39536.278779,2886.825,POST,/api/inference,True,,1191,82,200,
1790479489.819687,1790479492.706195,39533.424578,39536.311086,2886.508,POST,/api/inference,True,,1191,83,200,
1790479489.845142,1790479492.733128,39533.450033,39536.338019,2887.986,POST,/api/inference,True,,1191,84,200,
1790479489.876727,1790479492.763757,39533.481619,39536.368649,2887.03,POST,/api/inference,True,,1191,85,200,
1790479489.904268,1790479492.790997,39533.509159,39536.395889,2886.73,POST,/api/inference,True,,1191,86,200,
1790479489.931674,1790479492.818549,39533.536565,39536.42344,2886.875,POST,/api/inference,True,,1191,87,200,
1790479489.959327,1790479492.84628,39533.564219,39536.451171,2886.953,POST,/api/inference,True,,1191,88,200,
1790479489.991776,1790479492.877638,39533.596668,39536.482529,2885.861,POST,/api/inference,True,,1191,89,200,
1790479490.028554,1790479492.916536,39533.633445,39536.521428,2887.982,POST,/api/inference,True,,1191,90,200,
1790479490.046538,1790479492.934563,39533.651429,39536.539454,2888.025,POST,/api/inference,True,,1191,91,200,
1790479490.077048,1790479492.964226,39533.681939,39536.569117,2887.178,POST,/api/inference,True,,1191,92,200,
1790479490.101194,1790479492.988995,39533.706085,39536.593886,2887.801,POST,/api/inference,True,,1191,93,200,
1790479490.131881,1790479493.018286,39533.736773,39536.623177,2886.404,POST,/api/inference,True,,1191,94,200,
1790479490.161734,1790479493.047961,39533.766625,39536.652853,2886.227,POST,/api/inference,True,,1191,95,200,
1790479490.190093,1790479493.075657,39533.794984,39536.680549,2885.564,POST,/api/inference,True,,1191,96,200,
1790479490.225256,1790479493.111414,39533.830147,39536.716306,2886.158,POST,/api/inference,True,,1191,97,200,
1790479490.246149,1790479493.133717,39533.85104,39536.738608,2887.567,POST,/api/inference,True,,1191,98,200,
1790479490.276104,1790479493.163276,39533.880996,39536.768167,2887.172,POST,/api/inference,True,,1191,99,200,
1790479490.311511,1790479493.199044,39533.916402,39536.803936,2887.533,POST,/api/inference,True,,1191,0,200,
1790479490.344197,1790479493.231912,39533.949088,39536.836803,2887.715,POST,/api/inference,True,,1191,1,200,
1790479490.37294,1790479493.260877,39533.977832,39536.865768,2887.937,POST,/api/inference,True,,1191,2,200,
1790479490.401264,1790479493.288572,39534.006156,39536.893463,2887.308,POST,/api/inference,True,,1191,3,200,
1790479490.430479,1790479493.317347,39534.03537,39536.922238,2886.868,POST,/api/inference,True,,1191,4,200,
1790479490.458292,1790479493.345208,39534.063183,39536.9501,2886.916,POST,/api/inference,True,,1191,5,200,
1790479490.487416,1790479493.373261,39534.092307,39536.978152,2885.845,POST,/api/inference,True,,1191,6,200,
1790479490.51606,1790479493.402462,39534.120951,39537.007354,2886.402,POST,/api/inference,True,,1191,7,200,
1790479490.544574,1790479493.431968,39534.149465,39537.036859,2887.395,POST,/api/inference,True,,1191,8,200,
1790479490.570233,1790479493.456945,39534.175124,39537.061837,2886.713,POST,/api/inference,True,,1191,9,200,
1790479490.600162,1790479493.485934,39534.205053,39537.090825,2885.772,POST,/api/inference,True,,1191,10,200,
1790479490.631598,1790479493.517968,39534.236489,39537.122859,2886.37,POST,/api/inference,True,,1191,11,200,
1790479490.661808,1790479493.548946,39534.266699,39537.153837,2887.138,POST,/api/inference,True,,1191,12,200,
1790479490.685587,1790479493.573215,39534.290478,39537.178106,2887.628,POST,/api/inference,True,,1191,13,200,
1790479490.717355,1790479493.604936,39534.322246,39537.209827,2887.581,POST,/api/inference,True,,1191,14,200,
1790479490.744744,1790479493.634247,39534.349636,39537.239138,2889.503,POST,/api/inference,True,,1191,15,200,
1790479490.772219,1790479493.659457,39534.37711,39537.264348,2887.237,POST,/api/inference,True,,1191,16,200,
1790479490.802473,1790479493.689092,39534.407364,39537.293983,2886.619,POST,/api/inference,True,,1191,17,200,
1790479490.833902,1790479493.721407,39534.438793,39537.326298,2887.505,POST,/api/inference,True,,1191,18,200,
1790479490.862199,1790479493.749034,39534.46709,39537.353926,2886.836,POST,/api/inference,True,,1191,19,200,
1790479490.889833,1790479493.777734,39534.494724,39537.382625,2887.901,POST,/api/inference,True,,1191,20,200,
1790479490.918713,1790479493.805765,39534.523604,39537.410656,2887.052,POST,/api/inference,True,,1191,21,200,
1790479490.947478,1790479493.83375,39534.552369,39537.438641,2886.272,POST,/api/inference,True,,1191,22,200,
1790479490.97421,1790479493.860759,39534.579101,39537.46565,2886.549,POST,/api/inference,True,,1191,23,200,
1790479491.00456,1790479493.890875,39534.609452,39537.495766,2886.314,POST,/api/inference,True,,1191,24,200,
1790479491.037654,1790479493.923216,39534.642546,39537.528108,2885.562,POST,/api/inference,True,,1191,25,200,
1790479491.059925,1790479493.945817,39534.664816,39537.550708,2885.892,POST,/api/inference,True,,1191,26,200,
1790479491.095679,1790479493.983041,39534.70057,39537.587932,2887.362,POST,/api/inference,True,,1191,27,200,
1790479491.134208,1790479494.021485,39534.739099,39537.626376,2887.277,POST,/api/inference,True,,1191,28,200,
1790479491.14478,1790479494.030216,39534.749671,39537.635107,2885.435,POST,/api/inference,True,,1191,29,200,
1790479491.178031,1790479494.065106,39534.782922,39537.669997,2887.075,POST,/api/inference,True,,1191,30,200,
1790479491.206515,1790479494.09261,39534.811406,39537.697501,2886.095,POST,/api/inference,True,,1191,31,200,
1790479491.234002,1790479494.121136,39534.838893,39537.726027,2887.134,POST,/api/inference,True,,1191,32,200,
1790479491.26438,1790479494.151436,39534.869271,39537.756327,2887.056,POST,/api/inference,True,,1191,33,200,
1790479491.310188,1790479494.19805,39534.915079,39537.802942,2887.863,POST,/api/inference,True,,1191,34,200,
1790479491.318405,1790479494.203386,39534.923296,39537.808277,2884.981,POST,/api/inference,True,,1191,35,200,
1790479491.350345,1790479494.237798,39534.955236,39537.842689,2887.453,POST,/api/inference,True,,1191,36,200,
1790479491.378849,1790479494.265935,39534.98374,39537.870826,2887.086,POST,/api/inference,True,,1191,37,200,
1790479491.406301,1790479494.293958,39535.011192,39537.898849,2887.657,POST,/api/inference,True,,1191,38,200,
1790479491.43486,1790479494.321864,39535.039751,39537.926755,2887.004,POST,/api/inference,True,,1191,39,200,
1790479491.465185,1790479494.352025,39535.070076,39537.956916,2886.84,POST,/api/inference,True,,1191,40,200,
1790479491.495634,1790479494.382853,39535.100525,39537.987744,2887.219,POST,/api/inference,True,,1191,41,200,
1790479491.523948,1790479494.409034,39535.128839,39538.013925,2885.086,POST,/api/inference,True,,1191,42,200,
1790479491.550796,1790479494.438332,39535.155687,39538.043224,2887.536,POST,/api/inference,True,,1191,43,200,
1790479491.58103,1790479494.467702,39535.185921,39538.072593,2886.672,POST,/api/inference,True,,1191,44,200,
1790479491.608908,1790479494.495927,39535.213799,39538.100818,2887.019,POST,/api/inference,True,,1191,45,200,
1790479491.636792,1790479494.524423,39535.241683,39538.129315,2887.631,POST,/api/inference,True,,1191,46,200,
1790479491.662994,1790479494.550299,39535.267885,39538.155191,2887.306,POST,/api/inference,True,,1191,47,200,
1790479491.695692,1790479494.583719,39535.300584,39538.18861,2888.027,POST,/api/inference,True,,1191,48,200,
1790479491.724231,1790479494.610613,39535.329122,39538.215505,2886.383,POST,/api/inference,True,,1191,49,200,
1790479491.753238,1790479494.640543,39535.358129,39538.245434,2887.305,POST,/api/inference,True,,1191,50,200,
1790479491.7863,1790479494.673021,39535.391192,39538.277912,2886.721,POST,/api/inference,True,,1191,51,200,
1790479491.809077,1790479494.702058,39535.413968,39538.306949,2892.981,POST,/api/inference,True,,1191,52,200,
1790479491.840236,1790479494.726318,39535.445127,39538.331209,2886.082,POST,/api/inference,True,,1191,53,200,
1790479491.86479,1790479494.752522,39535.469682,39538.357413,2887.731,POST,/api/inference,True,,1191,54,200,
1790479491.911274,1790479494.7987,39535.516165,39538.403591,2887.425,POST,/api/inference,True,,1191,55,200,
1790479491.921086,1790479494.80974,39535.525977,39538.414631,2888.654,POST,/api/inference,True,,1191,56,200,
1790479491.953511,1790479494.840753,39535.558402,39538.445644,2887.242,POST,/api/inference,True,,1191,57,200,
1790479491.980878,1790479494.867499,39535.585769,39538.47239,2886.621,POST,/api/inference,True,,1191,58,200,
1790479492.012934,1790479494.899039,39535.617825,39538.50393,2886.105,POST,/api/inference,True,,1191,59,200,
1790479492.067543,1790479494.953469,39535.672434,39538.55836,2885.926,POST,/api/inference,True,,1191,60,200,
1790479492.069183,1790479494.954467,39535.674074,39538.559358,2885.284,POST,/api/inference,True,,1191,61,200,
1790479492.094776,1790479494.982563,39535.699667,39538.587454,2887.787,POST,/api/inference,True,,1191,62,200,
1790479492.130106,1790479495.017774,39535.734998,39538.622665,2887.667,POST,/api/inference,True,,1191,63,200,
1790479492.153619,1790479495.040969,39535.75851,39538.64586,2887.35,POST,/api/inference,True,,1191,64,200,
1790479492.187428,1790479495.073791,39535.792319,39538.678682,2886.363,POST,/api/inference,True,,1191,65,200,
1790479492.214939,1790479495.102005,39535.81983,39538.706896,2887.066,POST,/api/inference,True,,1191,66,200,
1790479492.243637,1790479495.13043,39535.848528,39538.735322,2886.794,POST,/api/inference,True,,1191,67,200,
1790479492.276795,1790479495.163824,39535.881687,39538.768715,2887.028,POST,/api/inference,True,,1191,68,200,
1790479492.300806,1790479495.187332,39535.905697,39538.792223,2886.526,POST,/api/inference,True,,1191,69,200,
1790479492.331349,1790479495.216918,39535.93624,39538.82181,2885.57,POST,/api/inference,True,,1191,70,200,
1790479492.359062,1790479495.246057,39535.963953,39538.850948,2886.995,POST,/api/inference,True,,1191,71,200,
1790479492.387511,1790479495.278066,39535.992402,39538.882958,2890.556,POST,/api/inference,True,,1191,72,200,
1790479492.415339,1790479495.301762,39536.02023,39538.906653,2886.424,POST,/api/inference,True,,1191,73,200,
1790479492.442799,1790479495.329941,39536.04769,39538.934832,2887.142,POST,/api/inference,True,,1191,74,200,
1790479492.471029,1790479495.359426,39536.07592,39538.964317,2888.397,POST,/api/inference,True,,1191,75,200,
1790479492.50094,1790479495.38781,39536.105831,39538.992701,2886.87,POST,/api/inference,True,,1191,76,200,
1790479492.53038,1790479495.417762,39536.135271,39539.022653,2887.383,POST,/api/inference,True,,1191,77,200,
1790479492.560777,1790479495.446416,39536.165668,39539.051307,2885.638,POST,/api/inference,True,,1191,78,200,
1790479492.588496,1790479495.475303,39536.193388,39539.080194,2886.806,POST,/api/inference,True,,1191,79,200,
1790479492.618984,1790479495.504763,39536.223875,39539.109654,2885.779,POST,/api/inference,True,,1191,80,200,
1790479492.643702,1790479495.531489,39536.248593,39539.13638,2887.787,POST,/api/inference,True,,1191,81,200,
1790479492.674056,1790479495.561398,39536.278947,39539.166289,2887.342,POST,/api/inference,True,,1191,82,200,
1790479492.706342,1790479495.592875,39536.311233,39539.197767,2886.533,POST,/api/inference,True,,1191,83,200,
1790479492.73328,1790479495.62007,39536.338171,39539.224961,2886.79,POST,/api/inference,True,,1191,84,200,
1790479492.763932,1790479495.650377,39536.368823,39539.255268,2886.445,POST,/api/inference,True,,1191,85,200,
1790479492.791254,1790479495.678493,39536.396145,39539.283384,2887.239,POST,/api/inference,True,,1191,86,200,
1790479492.818709,1790479495.706438,39536.4236,39539.311329,2887.729,POST,/api/inference,True,,1191,87,200,
1790479492.846442,1790479495.733981,39536.451333,39539.338873,2887.539,POST,/api/inference,True,,1191,88,200,
1790479492.877774,1790479495.764606,39536.482665,39539.369497,2886.832,POST,/api/inference,True,,1191,89,200,
1790479492.916691,1790479495.802876,39536.521582,39539.407767,2886.185,POST,/api/inference,True,,1191,90,200,
1790479492.934731,1790479495.823645,39536.539622,39539.428536,2888.914,POST,/api/inference,True,,1191,91,200,
1790479492.964384,1790479495.851346,39536.569275,39539.456238,2886.962,POST,/api/inference,True,,1191,92,200,
1790479492.98919,1790479495.875172,39536.594081,39539.480063,2885.982,POST,/api/inference,True,,1191,93,200,
1790479493.018496,1790479495.905067,39536.623387,39539.509959,2886.572,POST,/api/inference,True,,1191,94,200,
1790479493.048126,1790479495.937239,39536.653017,39539.54213,2889.113,POST,/api/inference,True,,1191,95,200,
1790479493.075815,1790479495.964102,39536.680706,39539.568993,2888.287,POST,/api/inference,True,,1191,96,200,
1790479493.111571,1790479495.996613,39536.716462,39539.601504,2885.041,POST,/api/inference,True,,1191,97,200,
1790479493.133878,1790479496.020271,39536.73877,39539.625162,2886.393,POST,/api/inference,True,,1191,98,200,
1790479493.163437,1790479496.050021,39536.768328,39539.654912,2886.585,POST,/api/inference,True,,1191,99,200,
1790479493.199304,1790479496.086058,39536.804196,39539.69095,2886.754,POST,/api/inference,True,,1191,0,200,
1790479493.23209,1790479496.119012,39536.836982,39539.723903,2886.921,POST,/api/inference,True,,1191,1,200,
1790479493.261281,1790479496.148432,39536.866172,39539.753324,2887.152,POST,/api/inference,True,,1191,2,200,
1790479493.288734,1790479496.175346,39536.893625,39539.780237,2886.611,POST,/api/inference,True,,1191,3,200,
1790479493.317507,1790479496.203896,39536.922398,39539.808787,2886.389,POST,/api/inference,True,,1191,4,200,
1790479493.34538,1790479496.232173,39536.950271,39539.837064,2886.793,POST,/api/inference,True,,1191,5,200,
1790479493.373395,1790479496.259984,39536.978286,39539.864875,2886.589,POST,/api/inference,True,,1191,6,200,
1790479493.402613,1790479496.289777,39537.007505,39539.894668,2887.163,POST,/api/inference,True,,1191,7,200,
1790479493.432126,1790479496.318535,39537.037017,39539.923426,2886.409,POST,/api/inference,True,,1191,8,200,
1790479493.457109,1790479496.344809,39537.062,39539.9497,2887.7,POST,/api/inference,True,,1191,9,200,
1790479493.486089,1790479496.374323,39537.090981,39539.979214,2888.234,POST,/api/inference,True,,1191,10,200,
1790479493.518119,1790479496.404947,39537.12301,39540.009838,2886.828,POST,/api/inference,True,,1191,11,200,
1790479493.549116,1790479496.43611,39537.154007,39540.041001,2886.994,POST,/api/inference,True,,1191,12,200,
1790479493.573377,1790479496.46093,39537.178268,39540.065821,2887.553,POST,/api/inference,True,,1191,13,200,
1790479493.605111,1790479496.491418,39537.210002,39540.096309,2886.307,POST,/api/inference,True,,1191,14,200,
1790479493.634404,1790479496.521015,39537.239296,39540.125906,2886.611,POST,/api/inference,True,,1191,15,200,
1790479493.659625,1790479496.54592,39537.264516,39540.150811,2886.296,POST,/api/inference,True,,1191,16,200,
1790479493.689248,1790479496.576847,39537.29414,39540.181738,2887.599,POST,/api/inference,True,,1191,17,200,
1790479493.721564,1790479496.607824,39537.326455,39540.212716,2886.26,POST,/api/inference,True,,1191,18,200,
1790479493.749198,1790479496.63615,39537.354089,39540.241041,2886.952,POST,/api/inference,True,,1191,19,200,
1790479493.77791,1790479496.664985,39537.382801,39540.269876,2887.076,POST,/api/inference,True,,1191,20,200,
1790479493.805935,1790479496.693558,39537.410826,39540.298449,2887.623,POST,/api/inference,True,,1191,21,200,
1790479493.833911,1790479496.720712,39537.438803,39540.325603,2886.8,POST,/api/inference,True,,1191,22,200,
1790479493.860923,1790479496.748021,39537.465814,39540.352912,2887.098,POST,/api/inference,True,,1191,23,200,
1790479493.891031,1790479496.778641,39537.495922,39540.383532,2887.61,POST,/api/inference,True,,1191,24,200,
1790479493.923354,1790479496.809488,39537.528245,39540.414379,2886.134,POST,/api/inference,True,,1191,25,200,
1790479493.945966,1790479496.832385,39537.550857,39540.437276,2886.419,POST,/api/inference,True,,1191,26,200,
1790479493.983256,1790479496.870243,39537.588147,39540.475134,2886.987,POST,/api/inference,True,,1191,27,200,
1790479494.021661,1790479496.911329,39537.626552,39540.51622,2889.668,POST,/api/inference,True,,1191,28,200,
1790479494.030326,1790479496.916327,39537.635217,39540.521219,2886.001,POST,/api/inference,True,,1191,29,200,
1790479494.065266,1790479496.951961,39537.670157,39540.556853,2886.696,POST,/api/inference,True,,1191,30,200,
1790479494.092769,1790479496.979853,39537.69766,39540.584744,2887.084,POST,/api/inference,True,,1191,31,200,
1790479494.121297,1790479497.008332,39537.726188,39540.613223,2887.035,POST,/api/inference,True,,1191,32,200,
1790479494.151583,1790479497.036553,39537.756474,39540.641445,2884.971,POST,/api/inference,True,,1191,33,200,
1790479494.198204,1790479497.085043,39537.803095,39540.689934,2886.838,POST,/api/inference,True,,1191,34,200,
1790479494.203503,1790479497.087657,39537.808394,39540.692549,2884.154,POST,/api/inference,True,,1191,35,200,
1790479494.23795,1790479497.125058,39537.842841,39540.729949,2887.108,POST,/api/inference,True,,1191,36,200,
1790479494.266089,1790479497.153019,39537.87098,39540.75791,2886.93,POST,/api/inference,True,,1191,37,200,
1790479494.294123,1790479497.18254,39537.899014,39540.787431,2888.417,POST,/api/inference,True,,1191,38,200,
1790479494.322032,1790479497.21021,39537.926923,39540.815101,2888.178,POST,/api/inference,True,,1191,39,200,
1790479494.352205,1790479497.239098,39537.957096,39540.843989,2886.893,POST,/api/inference,True,,1191,40,200,
1790479494.383014,1790479497.26987,39537.987905,39540.874761,2886.856,POST,/api/inference,True,,1191,41,200,
1790479494.409184,1790479497.296427,39538.014075,39540.901318,2887.243,POST,/api/inference,True,,1191,42,200,
1790479494.438498,1790479497.326115,39538.043389,39540.931006,2887.617,POST,/api/inference,True,,1191,43,200,
1790479494.467859,1790479497.354539,39538.07275,39540.95943,2886.68,POST,/api/inference,True,,1191,44,200,
1790479494.496079,1790479497.382187,39538.100971,39540.987078,2886.108,POST,/api/inference,True,,1191,45,200,
1790479494.524652,1790479497.412388,39538.129544,39541.017279,2887.736,POST,/api/inference,True,,1191,46,200,
1790479494.550464,1790479497.437697,39538.155355,39541.042588,2887.233,POST,/api/inference,True,,1191,47,200,
1790479494.583889,1790479497.47041,39538.18878,39541.075301,2886.521,POST,/api/inference,True,,1191,48,200,
1790479494.610767,1790479497.498202,39538.215658,39541.103093,2887.435,POST,/api/inference,True,,1191,49,200,
1790479494.640692,1790479497.526135,39538.245583,39541.131027,2885.444,POST,/api/inference,True,,1191,50,200,
1790479494.673189,1790479497.560689,39538.27808,39541.165581,2887.5,POST,/api/inference,True,,1191,51,200,
1790479494.702218,1790479497.588975,39538.307109,39541.193867,2886.758,POST,/api/inference,True,,1191,52,200,
1790479494.72648,1790479497.613152,39538.331371,39541.218043,2886.672,POST,/api/inference,True,,1191,53,200,
1790479494.752691,1790479497.641018,39538.357582,39541.24591,2888.328,POST,/api/inference,True,,1191,54,200,
1790479494.798859,1790479497.68733,39538.403751,39541.292221,2888.471,POST,/api/inference,True,,1191,55,200,
1790479494.809882,1790479497.694136,39538.414773,39541.299028,2884.254,POST,/api/inference,True,,1191,56,200,
1790479494.840905,1790479497.726971,39538.445797,39541.331862,2886.065,POST,/api/inference,True,,1191,57,200,
1790479494.867667,1790479497.754245,39538.472558,39541.359136,2886.578,POST,/api/inference,True,,1191,58,200,
1790479494.899285,1790479497.785792,39538.504176,39541.390683,2886.508,POST,/api/inference,True,,1191,59,200,
1790479494.95496,1790479497.843024,39538.559851,39541.447915,2888.063,POST,/api/inference,True,,1191,61,200,
1790479494.953585,1790479497.843512,39538.558476,39541.448404,2889.927,POST,/api/inference,True,,1191,60,200,
1790479494.982716,1790479497.871087,39538.587607,39541.475978,2888.371,POST,/api/inference,True,,1191,62,200,
1790479495.017938,1790479497.905672,39538.62283,39541.510563,2887.733,POST,/api/inference,True,,1191,63,200,
1790479495.041132,1790479497.929466,39538.646023,39541.534358,2888.334,POST,/api/inference,True,,1191,64,200,
1790479495.073981,1790479497.960723,39538.678872,39541.565614,2886.742,POST,/api/inference,True,,1191,65,200,
1790479495.102162,1790479497.988306,39538.707053,39541.593197,2886.145,POST,/api/inference,True,,1191,66,200,
1790479495.13059,1790479498.016889,39538.735481,39541.62178,2886.299,POST,/api/inference,True,,1191,67,200,
1790479495.163997,1790479498.050904,39538.768888,39541.655795,2886.907,POST,/api/inference,True,,1191,68,200,
1790479495.187487,1790479498.072762,39538.792378,39541.677653,2885.275,POST,/api/inference,True,,1191,69,200,
1790479495.217074,1790479498.103945,39538.821965,39541.708836,2886.871,POST,/api/inference,True,,1191,70,200,
1790479495.246218,1790479498.132709,39538.851109,39541.737601,2886.491,POST,/api/inference,True,,1191,71,200,
1790479495.278238,1790479498.164319,39538.883129,39541.76921,2886.081,POST,/api/inference,True,,1191,72,200,
1790479495.301922,1790479498.188318,39538.906814,39541.793209,2886.396,POST,/api/inference,True,,1191,73,200,
1790479495.330095,1790479498.216931,39538.934986,39541.821822,2886.836,POST,/api/inference,True,,1191,74,200,
1790479495.359582,1790479498.246545,39538.964473,39541.851436,2886.963,POST,/api/inference,True,,1191,75,200,
1790479495.387967,1790479498.274317,39538.992858,39541.879209,2886.35,POST,/api/inference,True,,1191,76,200,
1790479495.417919,1790479498.304968,39539.02281,39541.909859,2887.049,POST,/api/inference,True,,1191,77,200,
1790479495.446542,1790479498.332272,39539.051433,39541.937163,2885.73,POST,/api/inference,True,,1191,78,200,
1790479495.475476,1790479498.362562,39539.080367,39541.967453,2887.086,POST,/api/inference,True,,1191,79,200,
1790479495.504892,1790479498.390937,39539.109783,39541.995828,2886.045,POST,/api/inference,True,,1191,80,200,
1790479495.531676,1790479498.418405,39539.136567,39542.023297,2886.73,POST,/api/inference,True,,1191,81,200,
1790479495.561566,1790479498.449244,39539.166457,39542.054136,2887.679,POST,/api/inference,True,,1191,82,200,
1790479495.593032,1790479498.479491,39539.197923,39542.084383,2886.459,POST,/api/inference,True,,1191,83,200,
1790479495.620223,1790479498.506564,39539.225115,39542.111456,2886.341,POST,/api/inference,True,,1191,84,200,
1790479495.650546,1790479498.538012,39539.255438,39542.142903,2887.465,POST,/api/inference,True,,1191,85,200,
1790479495.678646,1790479498.564098,39539.283537,39542.16899,2885.453,POST,/api/inference,True,,1191,86,200,
1790479495.706607,1790479498.593587,39539.311498,39542.198478,2886.98,POST,/api/inference,True,,1191,87,200,
1790479495.734138,1790479498.620944,39539.33903,39542.225835,2886.806,POST,/api/inference,True,,1191,88,200,
1790479495.764768,1790479498.65186,39539.369659,39542.256751,2887.092,POST,/api/inference,True,,1191,89,200,
1790479495.803223,1790479498.69057,39539.408114,39542.295461,2887.347,POST,/api/inference,True,,1191,90,200,
1790479495.823842,1790479498.710849,39539.428734,39542.315741,2887.007,POST,/api/inference,True,,1191,91,200,
1790479495.851505,1790479498.738163,39539.456396,39542.343054,2886.657,POST,/api/inference,True,,1191,92,200,
1790479495.875346,1790479498.762681,39539.480238,39542.367573,2887.335,POST,/api/inference,True,,1191,93,200,
1790479495.905227,1790479498.792002,39539.510119,39542.396893,2886.774,POST,/api/inference,True,,1191,94,200,
1790479495.937399,1790479498.824362,39539.54229,39542.429253,2886.963,POST,/api/inference,True,,1191,95,200,
1790479495.964293,1790479498.852184,39539.569184,39542.457075,2887.891,POST,/api/inference,True,,1191,96,200,
1790479495.996749,1790479498.882545,39539.60164,39542.487436,2885.796,POST,/api/inference,True,,1191,97,200,
1790479496.020444,1790479498.906483,39539.625335,39542.511374,2886.039,POST,/api/inference,True,,1191,98,200,
1790479496.050189,1790479498.93718,39539.655081,39542.542071,2886.99,POST,/api/inference,True,,1191,99,200,
1790479496.086209,1790479498.973758,39539.6911,39542.578649,2887.549,POST,/api/inference,True,,1191,0,200,
1790479496.119245,1790479499.00622,39539.724136,39542.611111,2886.975,POST,/api/inference,True,,1191,1,200,
1790479496.148587,1790479499.035507,39539.753478,39542.640398,2886.92,POST,/api/inference,True,,1191,2,200,
1790479496.175516,1790479499.063501,39539.780407,39542.668392,2887.985,POST,/api/inference,True,,1191,3,200,
1790479496.204062,1790479499.09065,39539.808954,39542.695541,2886.588,POST,/api/inference,True,,1191,4,200,
1790479496.232327,1790479499.117754,39539.837219,39542.722645,2885.426,POST,/api/inference,True,,1191,5,200,
1790479496.260163,1790479499.148645,39539.865054,39542.753536,2888.483,POST,/api/inference,True,,1191,6,200,
1790479496.289939,1790479499.182293,39539.89483,39542.787184,2892.354,POST,/api/inference,True,,1191,7,200,
1790479496.318694,1790479499.205629,39539.923585,39542.81052,2886.935,POST,/api/inference,True,,1191,8,200,
1790479496.34498,1790479499.233672,39539.949871,39542.838563,2888.692,POST,/api/inference,True,,1191,9,200,
1790479496.374491,1790479499.261157,39539.979382,39542.866048,2886.666,POST,/api/inference,True,,1191,10,200,
1790479496.405102,1790479499.291334,39540.009993,39542.896225,2886.231,POST,/api/inference,True,,1191,11,200,
1790479496.436268,1790479499.323402,39540.041159,39542.928293,2887.134,POST,/api/inference,True,,1191,12,200,
1790479496.461088,1790479499.348159,39540.065979,39542.95305,2887.071,POST,/api/inference,True,,1191,13,200,
1790479496.491568,1790479499.378006,39540.09646,39542.982897,2886.437,POST,/api/inference,True,,1191,14,200,
1790479496.521246,1790479499.407229,39540.126137,39543.01212,2885.983,POST,/api/inference,True,,1191,15,200,
1790479496.546085,1790479499.4336,39540.150976,39543.038492,2887.515,POST,/api/inference,True,,1191,16,200,
1790479496.576999,1790479499.464042,39540.18189,39543.068934,2887.043,POST,/api/inference,True,,1191,17,200,
1790479496.607982,1790479499.495307,39540.212873,39543.100199,2887.325,POST,/api/inference,True,,1191,18,200,
1790479496.636308,1790479499.525652,39540.2412,39543.130543,2889.344,POST,/api/inference,True,,1191,19,200,
1790479496.665138,1790479499.551622,39540.27003,39543.156514,2886.484,POST,/api/inference,True,,1191,20,200,
1790479496.693726,1790479499.580263,39540.298617,39543.185154,2886.537,POST,/api/inference,True,,1191,21,200,
1790479496.720862,1790479499.606671,39540.325753,39543.211562,2885.809,POST,/api/inference,True,,1191,22,200,
1790479496.748181,1790479499.634245,39540.353073,39543.239137,2886.064,POST,/api/inference,True,,1191,23,200,
1790479496.778808,1790479499.665583,39540.383699,39543.270474,2886.775,POST,/api/inference,True,,1191,24,200,
1790479496.809663,1790479499.69791,39540.414554,39543.302801,2888.247,POST,/api/inference,True,,1191,25,200,
1790479496.832547,1790479499.720058,39540.437438,39543.324949,2887.511,POST,/api/inference,True,,1191,26,200,
1790479496.870409,1790479499.757572,39540.4753,39543.362463,2887.163,POST,/api/inference,True,,1191,27,200,
1790479496.911499,1790479499.801662,39540.516391,39543.406553,2890.163,POST,/api/inference,True,,1191,28,200,
1790479496.916442,1790479499.803895,39540.521333,39543.408786,2887.453,POST,/api/inference,True,,1191,29,200,
1790479496.952121,1790479499.839767,39540.557012,39543.444658,2887.646,POST,/api/inference,True,,1191,30,200,
1790479496.980011,1790479499.867792,39540.584902,39543.472684,2887.782,POST,/api/inference,True,,1191,31,200,
1790479497.008497,1790479499.894712,39540.613389,39543.499603,2886.215,POST,/api/inference,True,,1191,32,200,
1790479497.036653,1790479499.921414,39540.641544,39543.526306,2884.761,POST,/api/inference,True,,1191,33,200,
1790479497.085186,1790479499.972665,39540.690078,39543.577556,2887.479,POST,/api/inference,True,,1191,34,200,
1790479497.087767,1790479499.973941,39540.692658,39543.578832,2886.174,POST,/api/inference,True,,1191,35,200,
1790479497.12522,1790479500.012281,39540.730111,39543.617173,2887.062,POST,/api/inference,True,,1191,36,200,
1790479497.153182,1790479500.039868,39540.758073,39543.64476,2886.686,POST,/api/inference,True,,1191,37,200,
1790479497.182693,1790479500.069163,39540.787584,39543.674054,2886.47,POST,/api/inference,True,,1191,38,200,
1790479497.210375,1790479500.09897,39540.815266,39543.703861,2888.595,POST,/api/inference,True,,1191,39,200,
1790479497.23937,1790479500.126461,39540.844261,39543.731352,2887.091,POST,/api/inference,True,,1191,40,200,
1790479497.270021,1790479500.1557,39540.874912,39543.760591,2885.679,POST,/api/inference,True,,1191,41,200,
1790479497.296608,1790479500.182746,39540.901499,39543.787637,2886.138,POST,/api/inference,True,,1191,42,200,
1790479497.326292,1790479500.213868,39540.931183,39543.818759,2887.577,POST,/api/inference,True,,1191,43,200,
1790479497.354707,1790479500.241228,39540.959599,39543.84612,2886.521,POST,/api/inference,True,,1191,44,200,
1790479497.382347,1790479500.269168,39540.987238,39543.874059,2886.821,POST,/api/inference,True,,1191,45,200,
1790479497.41255,1790479500.298957,39541.017441,39543.903848,2886.407,POST,/api/inference,True,,1191,46,200,
1790479497.437857,1790479500.32458,39541.042748,39543.929471,2886.723,POST,/api/inference,True,,1191,47,200,
1790479497.470575,1790479500.35716,39541.075466,39543.962051,2886.585,POST,/api/inference,True,,1191,48,200,
1790479497.498357,1790479500.384254,39541.103248,39543.989145,2885.897,POST,/api/inference,True,,1191,49,200,
1790479497.526262,1790479500.412433,39541.131153,39544.017324,2886.171,POST,/api/inference,True,,1191,50,200,
1790479497.560857,1790479500.447672,39541.165748,39544.052563,2886.815,POST,/api/inference,True,,1191,51,200,
1790479497.589135,1790479500.47644,39541.194026,39544.081332,2887.306,POST,/api/inference,True,,1191,52,200,
1790479497.613303,1790479500.499792,39541.218195,39544.104683,2886.488,POST,/api/inference,True,,1191,53,200,
1790479497.641195,1790479500.529284,39541.246086,39544.134175,2888.089,POST,/api/inference,True,,1191,54,200,
1790479497.687493,1790479500.576594,39541.292384,39544.181486,2889.101,POST,/api/inference,True,,1191,55,200,
1790479497.694252,1790479500.57883,39541.299144,39544.183721,2884.578,POST,/api/inference,True,,1191,56,200,
1790479497.727127,1790479500.614816,39541.332018,39544.219707,2887.689,POST,/api/inference,True,,1191,57,200,
1790479497.754389,1790479500.640376,39541.35928,39544.245268,2885.988,POST,/api/inference,True,,1191,58,200,
1790479497.785954,1790479500.672936,39541.390845,39544.277827,2886.983,POST,/api/inference,True,,1191,59,200,
1790479497.843597,1790479500.734928,39541.448488,39544.339819,2891.33,POST,/api/inference,True,,1191,61,200,
1790479497.843935,1790479500.736413,39541.448827,39544.341304,2892.477,POST,/api/inference,True,,1191,60,200,
1790479497.871328,1790479500.75737,39541.476219,39544.362261,2886.042,POST,/api/inference,True,,1191,62,200,
1790479497.905847,1790479500.793048,39541.510738,39544.397939,2887.201,POST,/api/inference,True,,1191,63,200,
1790479497.929634,1790479500.818383,39541.534525,39544.423274,2888.749,POST,/api/inference,True,,1191,64,200,
1790479497.960906,1790479500.847745,39541.565797,39544.452636,2886.839,POST,/api/inference,True,,1191,65,200,
1790479497.98847,1790479500.875419,39541.593361,39544.48031,2886.949,POST,/api/inference,True,,1191,66,200,
1790479498.017075,1790479500.905161,39541.621966,39544.510052,2888.086,POST,/api/inference,True,,1191,67,200,
1790479498.051115,1790479500.939679,39541.656006,39544.54457,2888.564,POST,/api/inference,True,,1191,68,200,
1790479498.072889,1790479500.958552,39541.67778,39544.563443,2885.663,POST,/api/inference,True,,1191,69,200,
1790479498.104102,1790479500.9903,39541.708993,39544.595191,2886.198,POST,/api/inference,True,,1191,70,200,
1790479498.132855,1790479501.019299,39541.737747,39544.624191,2886.444,POST,/api/inference,True,,1191,71,200,
1790479498.164467,1790479501.050602,39541.769358,39544.655493,2886.135,POST,/api/inference,True,,1191,72,200,
1790479498.188482,1790479501.074825,39541.793374,39544.679716,2886.343,POST,/api/inference,True,,1191,73,200,
1790479498.2171,1790479501.103868,39541.821992,39544.708759,2886.767,POST,/api/inference,True,,1191,74,200,
1790479498.246706,1790479501.133712,39541.851597,39544.738603,2887.006,POST,/api/inference,True,,1191,75,200,
1790479498.27448,1790479501.161239,39541.879372,39544.76613,2886.758,POST,/api/inference,True,,1191,76,200,
1790479498.30521,1790479501.190224,39541.910101,39544.795115,2885.014,POST,/api/inference,True,,1191,77,200,
1790479498.332423,1790479501.217963,39541.937315,39544.822855,2885.54,POST,/api/inference,True,,1191,78,200,
1790479498.362717,1790479501.249367,39541.967608,39544.854259,2886.65,POST,/api/inference,True,,1191,79,200,
1790479498.3911,1790479501.277675,39541.995991,39544.882566,2886.575,POST,/api/inference,True,,1191,80,200,
1790479498.418571,1790479501.306514,39542.023462,39544.911405,2887.943,POST,/api/inference,True,,1191,81,200,
1790479498.449414,1790479501.337225,39542.054305,39544.942116,2887.811,POST,/api/inference,True,,1191,82,200,
1790479498.47966,1790479501.367707,39542.084551,39544.972598,2888.048,POST,/api/inference,True,,1191,83,200,
1790479498.50672,1790479501.393809,39542.111611,39544.9987,2887.089,POST,/api/inference,True,,1191,84,200,
1790479498.538172,1790479501.426435,39542.143063,39545.031327,2888.264,POST,/api/inference,True,,1191,85,200,
1790479498.564203,1790479501.449242,39542.169095,39545.054133,2885.039,POST,/api/inference,True,,1191,86,200,
1790479498.593767,1790479501.4804,39542.198659,39545.085291,2886.633,POST,/api/inference,True,,1191,87,200,
1790479498.621104,1790479501.507369,39542.225995,39545.11226,2886.265,POST,/api/inference,True,,1191,88,200,
1790479498.652032,1790479501.539063,39542.256923,39545.143954,2887.031,POST,/api/inference,True,,1191,89,200,
1790479498.69074,1790479501.578867,39542.295631,39545.183758,2888.127,POST,/api/inference,True,,1191,90,200,
1790479498.711,1790479501.597235,39542.315892,39545.202127,2886.235,POST,/api/inference,True,,1191,91,200,
1790479498.738317,1790479501.624376,39542.343209,39545.229267,2886.058,POST,/api/inference,True,,1191,92,200,
1790479498.762844,1790479501.649955,39542.367735,39545.254846,2887.111,POST,/api/inference,True,,1191,93,200,
1790479498.792148,1790479501.677491,39542.397039,39545.282383,2885.344,POST,/api/inference,True,,1191,94,200,
1790479498.824523,1790479501.712222,39542.429414,39545.317113,2887.699,POST,/api/inference,True,,1191,95,200,
1790479498.852353,1790479501.739654,39542.457244,39545.344545,2887.301,POST,/api/inference,True,,1191,96,200,
1790479498.882699,1790479501.768581,39542.48759,39545.373473,2885.882,POST,/api/inference,True,,1191,97,200,
1790479498.90665,1790479501.793153,39542.511541,39545.398044,2886.503,POST,/api/inference,True,,1191,98,200,
1790479498.937341,1790479501.824011,39542.542233,39545.428902,2886.669,POST,/api/inference,True,,1191,99,200,
1790479498.973915,1790479501.860233,39542.578806,39545.465124,2886.318,POST,/api/inference,True,,1191,0,200,
1790479499.006402,1790479501.893906,39542.611293,39545.498798,2887.504,POST,/api/inference,True,,1191,1,200,
1790479499.035682,1790479501.924352,39542.640574,39545.529243,2888.67,POST,/api/inference,True,,1191,2,200,
1790479499.063677,1790479501.951877,39542.668568,39545.556769,2888.2,POST,/api/inference,True,,1191,3,200,
1790479499.090826,1790479501.979525,39542.695718,39545.584416,2888.699,POST,/api/inference,True,,1191,4,200,
1790479499.117893,1790479502.003642,39542.722784,39545.608533,2885.749,POST,/api/inference,True,,1191,5,200,
1790479499.148834,1790479502.036687,39542.753725,39545.641578,2887.852,POST,/api/inference,True,,1191,6,200,
1790479499.182443,1790479502.069424,39542.787335,39545.674315,2886.98,POST,/api/inference,True,,1191,7,200,
1790479499.20578,1790479502.092674,39542.810671,39545.697565,2886.894,POST,/api/inference,True,,1191,8,200,
1790479499.233857,1790479502.119696,39542.838748,39545.724588,2885.839,POST,/api/inference,True,,1191,9,200,
1790479499.26131,1790479502.147985,39542.866201,39545.752876,2886.675,POST,/api/inference,True,,1191,10,200,
1790479499.291496,1790479502.178315,39542.896388,39545.783206,2886.818,POST,/api/inference,True,,1191,11,200,
1790479499.323567,1790479502.210867,39542.928459,39545.815758,2887.3,POST,/api/inference,True,,1191,12,200,
1790479499.348318,1790479502.233984,39542.953209,39545.838876,2885.667,POST,/api/inference,True,,1191,13,200,
1790479499.378163,1790479502.265153,39542.983055,39545.870045,2886.99,POST,/api/inference,True,,1191,14,200,
1790479499.407414,1790479502.294761,39543.012305,39545.899652,2887.347,POST,/api/inference,True,,1191,15,200,
1790479499.433771,1790479502.320765,39543.038662,39545.925656,2886.994,POST,/api/inference,True,,1191,16,200,
1790479499.464203,1790479502.350338,39543.069094,39545.955229,2886.135,POST,/api/inference,True,,1191,17,200,
1790479499.495481,1790479502.38265,39543.100372,39545.987541,2887.169,POST,/api/inference,True,,1191,18,200,
1790479499.52581,1790479502.413085,39543.130701,39546.017976,2887.275,POST,/api/inference,True,,1191,19,200,
1790479499.551794,1790479502.43804,39543.156685,39546.042931,2886.246,POST,/api/inference,True,,1191,20,200,
1790479499.580436,1790479502.469385,39543.185327,39546.074276,2888.949,POST,/api/inference,True,,1191,21,200,
1790479499.606823,1790479502.494136,39543.211714,39546.099027,2887.313,POST,/api/inference,True,,1191,22,200,
1790479499.634406,1790479502.521694,39543.239297,39546.126585,2887.288,POST,/api/inference,True,,1191,23,200,
1790479499.665743,1790479502.552204,39543.270634,39546.157095,2886.461,POST,/api/inference,True,,1191,24,200,
1790479499.698307,1790479502.584759,39543.303199,39546.189651,2886.452,POST,/api/inference,True,,1191,25,200,
1790479499.720215,1790479502.60808,39543.325106,39546.212971,2887.865,POST,/api/inference,True,,1191,26,200,
1790479499.75774,1790479502.644421,39543.362631,39546.249312,2886.681,POST,/api/inference,True,,1191,27,200,
1790479499.80186,1790479502.689897,39543.406751,39546.294788,2888.037,POST,/api/inference,True,,1191,28,200,
1790479499.804024,1790479502.69102,39543.408915,39546.295911,2886.996,POST,/api/inference,True,,1191,29,200,
1790479499.839925,1790479502.725905,39543.444816,39546.330796,2885.981,POST,/api/inference,True,,1191,30,200,
1790479499.86795,1790479502.754924,39543.472841,39546.359816,2886.974,POST,/api/inference,True,,1191,31,200,
1790479499.89486,1790479502.782742,39543.499751,39546.387633,2887.883,POST,/api/inference,True,,1191,32,200,
1790479499.921575,1790479502.808775,39543.526466,39546.413666,2887.2,POST,/api/inference,True,,1191,33,200,
1790479499.972817,1790479502.860791,39543.577708,39546.465682,2887.974,POST,/api/inference,True,,1191,34,200,
1790479499.974508,1790479502.863063,39543.579399,39546.467954,2888.555,POST,/api/inference,True,,1191,35,200,
1790479500.01248,1790479502.899336,39543.617371,39546.504227,2886.856,POST,/api/inference,True,,1191,36,200,
1790479500.040028,1790479502.927643,39543.644919,39546.532535,2887.616,POST,/api/inference,True,,1191,37,200,
1790479500.06932,1790479502.955763,39543.674212,39546.560654,2886.443,POST,/api/inference,True,,1191,38,200,
1790479500.099235,1790479502.985999,39543.704126,39546.59089,2886.765,POST,/api/inference,True,,1191,39,200,
1790479500.126625,1790479503.014373,39543.731516,39546.619264,2887.748,POST,/api/inference,True,,1191,40,200,
1790479500.155831,1790479503.042182,39543.760722,39546.647073,2886.351,POST,/api/inference,True,,1191,41,200,
1790479500.182893,1790479503.069771,39543.787784,39546.674663,2886.878,POST,/api/inference,True,,1191,42,200,
1790479500.214051,1790479503.101018,39543.818942,39546.705909,2886.968,POST,/api/inference,True,,1191,43,200,
1790479500.241379,1790479503.132011,39543.846271,39546.736902,2890.631,POST,/api/inference,True,,1191,44,200,
1790479500.269355,1790479503.1563,39543.874246,39546.761191,2886.945,POST,/api/inference,True,,1191,45,200,
1790479500.299114,1790479503.18607,39543.904006,39546.790962,2886.956,POST,/api/inference,True,,1191,46,200,
1790479500.324744,1790479503.211473,39543.929635,39546.816364,2886.729,POST,/api/inference,True,,1191,47,200,
1790479500.357314,1790479503.24398,39543.962205,39546.848871,2886.666,POST,/api/inference,True,,1191,48,200,
1790479500.384401,1790479503.270248,39543.989292,39546.87514,2885.848,POST,/api/inference,True,,1191,49,200,
1790479500.412647,1790479503.299178,39544.017538,39546.904069,2886.531,POST,/api/inference,True,,1191,50,200,
1790479500.447843,1790479503.334465,39544.052734,39546.939356,2886.622,POST,/api/inference,True,,1191,51,200,
1790479500.476601,1790479503.36429,39544.081492,39546.969181,2887.689,POST,/api/inference,True,,1191,52,200,
1790479500.499963,1790479503.38734,39544.104853,39546.992231,2887.377,POST,/api/inference,True,,1191,53,200,
1790479500.529445,1790479503.415996,39544.134336,39547.020887,2886.551,POST,/api/inference,True,,1191,54,200,
1790479500.576751,1790479503.463837,39544.181643,39547.068728,2887.086,POST,/api/inference,True,,1191,55,200,
1790479500.578951,1790479503.465582,39544.183842,39547.070473,2886.631,POST,/api/inference,True,,1191,56,200,
1790479500.614973,1790479503.502394,39544.219864,39547.107285,2887.421,POST,/api/inference,True,,1191,57,200,
1790479500.640505,1790479503.526221,39544.245397,39547.131112,2885.715,POST,/api/inference,True,,1191,58,200,
1790479500.673093,1790479503.560222,39544.277984,39547.165114,2887.129,POST,/api/inference,True,,1191,59,200,
1790479500.735085,1790479503.622745,39544.339977,39547.227636,2887.659,POST,/api/inference,True,,1191,61,200,
1790479500.736943,1790479503.624563,39544.341834,39547.229454,2887.62,POST,/api/inference,True,,1191,60,200,
1790479500.757524,1790479503.645824,39544.362416,39547.250715,2888.3,POST,/api/inference,True,,1191,62,200,
1790479500.793209,1790479503.6814,39544.3981,39547.286291,2888.191,POST,/api/inference,True,,1191,63,200,
1790479500.818571,1790479503.705943,39544.423462,39547.310835,2887.372,POST,/api/inference,True,,1191,64,200,
1790479500.847918,1790479503.734074,39544.452809,39547.338965,2886.156,POST,/api/inference,True,,1191,65,200,
1790479500.875571,1790479503.76059,39544.480462,39547.365482,2885.019,POST,/api/inference,True,,1191,66,200,
1790479500.905309,1790479503.79081,39544.510201,39547.395701,2885.501,POST,/api/inference,True,,1191,67,200,
1790479500.939872,1790479503.826881,39544.544763,39547.431772,2887.009,POST,/api/inference,True,,1191,68,200,
1790479500.958714,1790479503.846473,39544.563605,39547.451364,2887.759,POST,/api/inference,True,,1191,69,200,
1790479500.990457,1790479503.87683,39544.595348,39547.481721,2886.373,POST,/api/inference,True,,1191,70,200,
1790479501.019478,1790479503.906803,39544.624369,39547.511694,2887.325,POST,/api/inference,True,,1191,71,200,
1790479501.050745,1790479503.938357,39544.655637,39547.543248,2887.611,POST,/api/inference,True,,1191,72,200,
1790479501.074989,1790479503.963215,39544.67988,39547.568106,2888.226,POST,/api/inference,True,,1191,73,200,
1790479501.104026,1790479503.990298,39544.708918,39547.595189,2886.272,POST,/api/inference,True,,1191,74,200,
1790479501.133876,1790479504.020577,39544.738767,39547.625468,2886.701,POST,/api/inference,True,,1191,75,200,
1790479501.161398,1790479504.048138,39544.766289,39547.653029,2886.74,POST,/api/inference,True,,1191,76,200,
1790479501.190359,1790479504.076632,39544.795251,39547.681523,2886.273,POST,/api/inference,True,,1191,77,200,
1790479501.218113,1790479504.105949,39544.823005,39547.71084,2887.836,POST,/api/inference,True,,1191,78,200,
1790479501.249537,1790479504.136849,39544.854428,39547.741741,2887.313,POST,/api/inference,True,,1191,79,200,
1790479501.277833,1790479504.166316,39544.882724,39547.771207,2888.483,POST,/api/inference,True,,1191,80,200,
1790479501.306691,1790479504.193891,39544.911582,39547.798782,2887.2,POST,/api/inference,True,,1191,81,200,
1790479501.337387,1790479504.223945,39544.942278,39547.828837,2886.558,POST,/api/inference,True,,1191,82,200,
1790479501.367883,1790479504.254541,39544.972774,39547.859433,2886.658,POST,/api/inference,True,,1191,83,200,
1790479501.393977,1790479504.280674,39544.998868,39547.885565,2886.697,POST,/api/inference,True,,1191,84,200,
1790479501.426591,1790479504.311956,39545.031482,39547.916847,2885.365,POST,/api/inference,True,,1191,85,200,
1790479501.449398,1790479504.335701,39545.054289,39547.940593,2886.303,POST,/api/inference,True,,1191,86,200,
1790479501.48055,1790479504.366862,39545.085441,39547.971753,2886.312,POST,/api/inference,True,,1191,87,200,
1790479501.507538,1790479504.394272,39545.112429,39547.999163,2886.734,POST,/api/inference,True,,1191,88,200,
1790479501.53935,1790479504.426968,39545.144241,39548.031859,2887.618,POST,/api/inference,True,,1191,89,200,
1790479501.579037,1790479504.465743,39545.183929,39548.070634,2886.706,POST,/api/inference,True,,1191,90,200,
1790479501.597392,1790479504.483755,39545.202283,39548.088646,2886.363,POST,/api/inference,True,,1191,91,200,
1790479501.624535,1790479504.510922,39545.229426,39548.115813,2886.387,POST,/api/inference,True,,1191,92,200,
1790479501.650109,1790479504.536729,39545.255,39548.14162,2886.62,POST,/api/inference,True,,1191,93,200,
1790479501.677612,1790479504.563801,39545.282503,39548.168693,2886.189,POST,/api/inference,True,,1191,94,200,
1790479501.712387,1790479504.599565,39545.317278,39548.204457,2887.179,POST,/api/inference,True,,1191,95,200,
1790479501.739821,1790479504.626945,39545.344713,39548.231836,2887.123,POST,/api/inference,True,,1191,96,200,
1790479501.768734,1790479504.656798,39545.373625,39548.261689,2888.064,POST,/api/inference,True,,1191,97,200,
1790479501.793315,1790479504.682207,39545.398206,39548.287098,2888.892,POST,/api/inference,True,,1191,98,200,
1790479501.824171,1790479504.711695,39545.429062,39548.316586,2887.525,POST,/api/inference,True,,1191,99,200,
1790479501.860385,1790479504.747814,39545.465276,39548.352706,2887.429,POST,/api/inference,True,,1191,0,200,
1790479501.894042,1790479504.779891,39545.498933,39548.384782,2885.849,POST,/api/inference,True,,1191,1,200,
1790479501.924533,1790479504.811338,39545.529424,39548.41623,2886.805,POST,/api/inference,True,,1191,2,200,
1790479501.952059,1790479504.839483,39545.55695,39548.444375,2887.425,POST,/api/inference,True,,1191,3,200,
1790479501.979676,1790479504.867428,39545.584568,39548.47232,2887.752,POST,/api/inference,True,,1191,4,200,
1790479502.003821,1790479504.890661,39545.608712,39548.495552,2886.84,POST,/api/inference,True,,1191,5,200,
1790479502.036855,1790479504.924163,39545.641746,39548.529054,2887.308,POST,/api/inference,True,,1191,6,200,
1790479502.069573,1790479504.955833,39545.674464,39548.560724,2886.26,POST,/api/inference,True,,1191,7,200,
1790479502.092836,1790479504.979487,39545.697727,39548.584378,2886.651,POST,/api/inference,True,,1191,8,200,
1790479502.119856,1790479505.006846,39545.724747,39548.611738,2886.991,POST,/api/inference,True,,1191,9,200,
1790479502.148144,1790479505.034609,39545.753035,39548.6395,2886.465,POST,/api/inference,True,,1191,10,200,
1790479502.178468,1790479505.064318,39545.78336,39548.669209,2885.849,POST,/api/inference,True,,1191,11,200,
1790479502.211039,1790479505.099371,39545.81593,39548.704262,2888.332,POST,/api/inference,True,,1191,12,200,
1790479502.23414,1790479505.120095,39545.839032,39548.724986,2885.955,POST,/api/inference,True,,1191,13,200,
1790479502.265306,1790479505.151602,39545.870197,39548.756493,2886.296,POST,/api/inference,True,,1191,14,200,
1790479502.294928,1790479505.183435,39545.899819,39548.788327,2888.508,POST,/api/inference,True,,1191,15,200,
1790479502.320934,1790479505.208437,39545.925825,39548.813328,2887.503,POST,/api/inference,True,,1191,16,200,
1790479502.350501,1790479505.238991,39545.955392,39548.843882,2888.489,POST,/api/inference,True,,1191,17,200,
1790479502.382802,1790479505.269185,39545.987693,39548.874076,2886.383,POST,/api/inference,True,,1191,18,200,
1790479502.413244,1790479505.30024,39546.018135,39548.905131,2886.996,POST,/api/inference,True,,1191,19,200,
1790479502.438197,1790479505.325,39546.043088,39548.929891,2886.803,POST,/api/inference,True,,1191,20,200,
1790479502.469564,1790479505.355894,39546.074455,39548.960785,2886.33,POST,/api/inference,True,,1191,21,200,
1790479502.494304,1790479505.382724,39546.099195,39548.987616,2888.421,POST,/api/inference,True,,1191,22,200,
1790479502.521854,1790479505.409627,39546.126745,39549.014518,2887.773,POST,/api/inference,True,,1191,23,200,
1790479502.552365,1790479505.438776,39546.157256,39549.043668,2886.412,POST,/api/inference,True,,1191,24,200,
1790479502.58493,1790479505.472259,39546.189821,39549.077151,2887.33,POST,/api/inference,True,,1191,25,200,
1790479502.608236,1790479505.495101,39546.213127,39549.099992,2886.866,POST,/api/inference,True,,1191,26,200,
1790479502.644579,1790479505.530497,39546.24947,39549.135388,2885.918,POST,/api/inference,True,,1191,27,200,
1790479502.690055,1790479505.577658,39546.294946,39549.182549,2887.603,POST,/api/inference,True,,1191,28,200,
1790479502.6917,1790479505.578941,39546.296591,39549.183832,2887.241,POST,/api/inference,True,,1191,29,200,
1790479502.726043,1790479505.612201,39546.330934,39549.217092,2886.158,POST,/api/inference,True,,1191,30,200,
1790479502.755131,1790479505.642037,39546.360023,39549.246929,2886.906,POST,/api/inference,True,,1191,31,200,
1790479502.782911,1790479505.670245,39546.387802,39549.275137,2887.334,POST,/api/inference,True,,1191,32,200,
1790479502.808935,1790479505.695949,39546.413827,39549.300841,2887.014,POST,/api/inference,True,,1191,33,200,
1790479502.860952,1790479505.750257,39546.465843,39549.355148,2889.305,POST,/api/inference,True,,1191,34,200,
1790479502.863266,1790479505.752091,39546.468157,39549.356982,2888.825,POST,/api/inference,True,,1191,35,200,
1790479502.899496,1790479505.786023,39546.504387,39549.390915,2886.527,POST,/api/inference,True,,1191,36,200,
1790479502.927794,1790479505.814558,39546.532685,39549.419449,2886.765,POST,/api/inference,True,,1191,37,200,
1790479502.955908,1790479505.842281,39546.5608,39549.447172,2886.372,POST,/api/inference,True,,1191,38,200,
1790479502.986152,1790479505.872478,39546.591043,39549.477369,2886.326,POST,/api/inference,True,,1191,39,200,
1790479503.014564,1790479505.901644,39546.619455,39549.506535,2887.08,POST,/api/inference,True,,1191,40,200,
1790479503.042346,1790479505.929784,39546.647238,39549.534675,2887.438,POST,/api/inference,True,,1191,41,200,
1790479503.069932,1790479505.957622,39546.674824,39549.562513,2887.689,POST,/api/inference,True,,1191,42,200,
1790479503.101181,1790479505.988642,39546.706072,39549.593533,2887.461,POST,/api/inference,True,,1191,43,200,
1790479503.132174,1790479506.019261,39546.737066,39549.624153,2887.087,POST,/api/inference,True,,1191,44,200,
1790479503.156457,1790479506.044082,39546.761348,39549.648974,2887.625,POST,/api/inference,True,,1191,45,200,
1790479503.186223,1790479506.072864,39546.791115,39549.677756,2886.641,POST,/api/inference,True,,1191,46,200,
1790479503.211647,1790479506.09821,39546.816538,39549.703101,2886.563,POST,/api/inference,True,,1191,47,200,
1790479503.244134,1790479506.130341,39546.849025,39549.735232,2886.207,POST,/api/inference,True,,1191,48,200,
1790479503.270394,1790479506.157283,39546.875285,39549.762174,2886.889,POST,/api/inference,True,,1191,49,200,
1790479503.299352,1790479506.185842,39546.904243,39549.790733,2886.49,POST,/api/inference,True,,1191,50,200,
1790479503.334617,1790479506.221889,39546.939508,39549.82678,2887.272,POST,/api/inference,True,,1191,51,200,
1790479503.364451,1790479506.251861,39546.969342,39549.856752,2887.411,POST,/api/inference,True,,1191,52,200,
1790479503.387501,1790479506.276585,39546.992392,39549.881476,2889.084,POST,/api/inference,True,,1191,53,200,
1790479503.416158,1790479506.302588,39547.021049,39549.90748,2886.43,POST,/api/inference,True,,1191,54,200,
1790479503.464007,1790479506.350557,39547.068899,39549.955448,2886.549,POST,/api/inference,True,,1191,55,200,
1790479503.465708,1790479506.352897,39547.0706,39549.957789,2887.189,POST,/api/inference,True,,1191,56,200,
1790479503.502554,1790479506.389343,39547.107445,39549.994234,2886.789,POST,/api/inference,True,,1191,57,200,
1790479503.526389,1790479506.413467,39547.13128,39550.018359,2887.078,POST,/api/inference,True,,1191,58,200,
1790479503.560391,1790479506.447246,39547.165282,39550.052137,2886.855,POST,/api/inference,True,,1191,59,200,
1790479503.622908,1790479506.509763,39547.227799,39550.114654,2886.854,POST,/api/inference,True,,1191,61,200,
1790479503.624669,1790479506.512765,39547.22956,39550.117656,2888.097,POST,/api/inference,True,,1191,60,200,
1790479503.645992,1790479506.532176,39547.250883,39550.137067,2886.184,POST,/api/inference,True,,1191,62,200,
1790479503.681555,1790479506.570092,39547.286446,39550.174984,2888.537,POST,/api/inference,True,,1191,63,200,
1790479503.706105,1790479506.59355,39547.310996,39550.198441,2887.445,POST,/api/inference,True,,1191,64,200,
1790479503.734235,1790479506.621358,39547.339126,39550.226249,2887.124,POST,/api/inference,True,,1191,65,200,
1790479503.76069,1790479506.646894,39547.365581,39550.251786,2886.204,POST,/api/inference,True,,1191,66,200,
1790479503.790962,1790479506.677559,39547.395853,39550.282451,2886.597,POST,/api/inference,True,,1191,67,200,
1790479503.827035,1790479506.714865,39547.431926,39550.319757,2887.83,POST,/api/inference,True,,1191,68,200,
1790479503.84663,1790479506.73311,39547.451521,39550.338002,2886.481,POST,/api/inference,True,,1191,69,200,
1790479503.876991,1790479506.764466,39547.481882,39550.369357,2887.475,POST,/api/inference,True,,1191,70,200,
1790479503.907247,1790479506.793918,39547.512139,39550.39881,2886.671,POST,/api/inference,True,,1191,71,200,
1790479503.938512,1790479506.825589,39547.543403,39550.43048,2887.077,POST,/api/inference,True,,1191,72,200,
1790479503.963389,1790479506.850181,39547.56828,39550.455072,2886.792,POST,/api/inference,True,,1191,73,200,
1790479503.990449,1790479506.876034,39547.59534,39550.480925,2885.585,POST,/api/inference,True,,1191,74,200,
1790479504.020753,1790479506.907903,39547.625644,39550.512795,2887.151,POST,/api/inference,True,,1191,75,200,
1790479504.048293,1790479506.934756,39547.653184,39550.539647,2886.463,POST,/api/inference,True,,1191,76,200,
1790479504.076799,1790479506.964061,39547.68169,39550.568952,2887.262,POST,/api/inference,True,,1191,77,200,
1790479504.106128,1790479506.992896,39547.711019,39550.597787,2886.768,POST,/api/inference,True,,1191,78,200,
1790479504.137013,1790479507.02396,39547.741905,39550.628851,2886.946,POST,/api/inference,True,,1191,79,200,
1790479504.16648,1790479507.05323,39547.771371,39550.658122,2886.75,POST,/api/inference,True,,1191,80,200,
1790479504.194052,1790479507.08071,39547.798943,39550.685601,2886.659,POST,/api/inference,True,,1191,81,200,
1790479504.22411,1790479507.111006,39547.829001,39550.715898,2886.897,POST,/api/inference,True,,1191,82,200,
1790479504.25471,1790479507.141554,39547.859601,39550.746446,2886.844,POST,/api/inference,True,,1191,83,200,
1790479504.280837,1790479507.167634,39547.885728,39550.772525,2886.797,POST,/api/inference,True,,1191,84,200,
1790479504.312105,1790479507.198516,39547.916996,39550.803407,2886.411,POST,/api/inference,True,,1191,85,200,
1790479504.335857,1790479507.221699,39547.940749,39550.82659,2885.841,POST,/api/inference,True,,1191,86,200,
1790479504.367025,1790479507.254355,39547.971917,39550.859247,2887.33,POST,/api/inference,True,,1191,87,200,
1790479504.394438,1790479507.282775,39547.999329,39550.887666,2888.337,POST,/api/inference,True,,1191,88,200,
1790479504.42713,1790479507.314673,39548.032021,39550.919564,2887.544,POST,/api/inference,True,,1191,89,200,
1790479504.465899,1790479507.352433,39548.07079,39550.957325,2886.535,POST,/api/inference,True,,1191,90,200,
1790479504.483909,1790479507.370518,39548.0888,39550.975409,2886.609,POST,/api/inference,True,,1191,91,200,
1790479504.511086,1790479507.398197,39548.115977,39551.003088,2887.111,POST,/api/inference,True,,1191,92,200,
1790479504.536886,1790479507.424928,39548.141777,39551.029819,2888.042,POST,/api/inference,True,,1191,93,200,
1790479504.563964,1790479507.451854,39548.168855,39551.056745,2887.89,POST,/api/inference,True,,1191,94,200,
1790479504.599739,1790479507.487236,39548.20463,39551.092127,2887.497,POST,/api/inference,True,,1191,95,200,
1790479504.627108,1790479507.514283,39548.231999,39551.119175,2887.175,POST,/api/inference,True,,1191,96,200,
1790479504.656957,1790479507.543283,39548.261848,39551.148174,2886.326,POST,/api/inference,True,,1191,97,200,
1790479504.682385,1790479507.570724,39548.287276,39551.175615,2888.339,POST,/api/inference,True,,1191,98,200,
1790479504.711894,1790479507.599021,39548.316785,39551.203913,2887.128,POST,/api/inference,True,,1191,99,200,
1790479504.748015,1790479507.635018,39548.352906,39551.239909,2887.003,POST,/api/inference,True,,1191,0,200,
1790479504.780053,1790479507.666914,39548.384944,39551.271806,2886.861,POST,/api/inference,True,,1191,1,200,
1790479504.811498,1790479507.698754,39548.416389,39551.303645,2887.256,POST,/api/inference,True,,1191,2,200,
1790479504.839647,1790479507.725799,39548.444539,39551.33069,2886.152,POST,/api/inference,True,,1191,3,200,
1790479504.867592,1790479507.754122,39548.472483,39551.359013,2886.53,POST,/api/inference,True,,1191,4,200,
1790479504.890852,1790479507.777651,39548.495743,39551.382542,2886.8,POST,/api/inference,True,,1191,5,200,
1790479504.924322,1790479507.813129,39548.529213,39551.41802,2888.807,POST,/api/inference,True,,1191,6,200,
1790479504.955989,1790479507.842301,39548.56088,39551.447192,2886.312,POST,/api/inference,True,,1191,7,200,
1790479504.979661,1790479507.866706,39548.584552,39551.471598,2887.046,POST,/api/inference,True,,1191,8,200,
1790479505.007042,1790479507.895271,39548.611933,39551.500162,2888.228,POST,/api/inference,True,,1191,9,200,
1790479505.034776,1790479507.92205,39548.639667,39551.526941,2887.274,POST,/api/inference,True,,1191,10,200,
1790479505.064471,1790479507.951103,39548.669362,39551.555994,2886.633,POST,/api/inference,True,,1191,11,200,
1790479505.099538,1790479507.987828,39548.704429,39551.592719,2888.29,POST,/api/inference,True,,1191,12,200,
1790479505.120266,1790479508.008168,39548.725157,39551.61306,2887.902,POST,/api/inference,True,,1191,13,200,
1790479505.151761,1790479508.037752,39548.756653,39551.642643,2885.991,POST,/api/inference,True,,1191,14,200,
1790479505.183597,1790479508.070133,39548.788488,39551.675025,2886.537,POST,/api/inference,True,,1191,15,200,
1790479505.208592,1790479508.095071,39548.813483,39551.699963,2886.479,POST,/api/inference,True,,1191,16,200,
1790479505.239292,1790479508.126536,39548.844184,39551.731427,2887.244,POST,/api/inference,True,,1191,17,200,
1790479505.269341,1790479508.156907,39548.874232,39551.761799,2887.566,POST,/api/inference,True,,1191,18,200,
1790479505.300397,1790479508.187073,39548.905288,39551.791964,2886.676,POST,/api/inference,True,,1191,19,200,
1790479505.325177,1790479508.213296,39548.930068,39551.818187,2888.119,POST,/api/inference,True,,1191,20,200,
1790479505.356008,1790479508.242912,39548.960899,39551.847803,2886.904,POST,/api/inference,True,,1191,21,200,
1790479505.382877,1790479508.270535,39548.987768,39551.875426,2887.657,POST,/api/inference,True,,1191,22,200,
1790479505.409784,1790479508.296118,39549.014675,39551.901009,2886.334,POST,/api/inference,True,,1191,23,200,
1790479505.438958,1790479508.326786,39549.04385,39551.931678,2887.828,POST,/api/inference,True,,1191,24,200,
1790479505.472435,1790479508.36008,39549.077326,39551.964971,2887.645,POST,/api/inference,True,,1191,25,200,
1790479505.495352,1790479508.382311,39549.100243,39551.987202,2886.959,POST,/api/inference,True,,1191,26,200,
1790479505.530642,1790479508.418363,39549.135533,39552.023254,2887.721,POST,/api/inference,True,,1191,27,200,
1790479505.577819,1790479508.463336,39549.18271,39552.068227,2885.516,POST,/api/inference,True,,1191,28,200,
1790479505.579583,1790479508.465075,39549.184474,39552.069967,2885.493,POST,/api/inference,True,,1191,29,200,
1790479505.612349,1790479508.498455,39549.21724,39552.103347,2886.106,POST,/api/inference,True,,1191,30,200,
1790479505.642196,1790479508.530238,39549.247087,39552.135129,2888.042,POST,/api/inference,True,,1191,31,200,
1790479505.670411,1790479508.558057,39549.275302,39552.162948,2887.646,POST,/api/inference,True,,1191,32,200,
1790479505.696106,1790479508.583277,39549.300998,39552.188168,2887.171,POST,/api/inference,True,,1191,33,200,
1790479505.750421,1790479508.637167,39549.355312,39552.242058,2886.747,POST,/api/inference,True,,1191,34,200,
1790479505.752199,1790479508.638857,39549.35709,39552.243749,2886.658,POST,/api/inference,True,,1191,35,200,
1790479505.786186,1790479508.67445,39549.391077,39552.279342,2888.265,POST,/api/inference,True,,1191,36,200,
1790479505.814725,1790479508.703908,39549.419617,39552.308799,2889.182,POST,/api/inference,True,,1191,37,200,
1790479505.842407,1790479508.727319,39549.447298,39552.33221,2884.912,POST,/api/inference,True,,1191,38,200,
1790479505.872682,1790479508.759409,39549.477573,39552.3643,2886.727,POST,/api/inference,True,,1191,39,200,
1790479505.9018,1790479508.787555,39549.506691,39552.392447,2885.756,POST,/api/inference,True,,1191,40,200,
1790479505.929944,1790479508.816321,39549.534835,39552.421212,2886.377,POST,/api/inference,True,,1191,41,200,
1790479505.957799,1790479508.846946,39549.56269,39552.451838,2889.148,POST,/api/inference,True,,1191,42,200,
1790479505.98881,1790479508.875372,39549.593701,39552.480263,2886.562,POST,/api/inference,True,,1191,43,200,
1790479506.01945,1790479508.905718,39549.624341,39552.510609,2886.268,POST,/api/inference,True,,1191,44,200,
1790479506.044254,1790479508.930831,39549.649145,39552.535722,2886.577,POST,/api/inference,True,,1191,45,200,
1790479506.073014,1790479508.958561,39549.677905,39552.563452,2885.547,POST,/api/inference,True,,1191,46,200,
1790479506.098362,1790479508.984254,39549.703253,39552.589145,2885.892,POST,/api/inference,True,,1191,47,200,
1790479506.130483,1790479509.015835,39549.735374,39552.620727,2885.353,POST,/api/inference,True,,1191,48,200,
1790479506.157446,1790479509.044191,39549.762337,39552.649082,2886.745,POST,/api/inference,True,,1191,49,200,
1790479506.186,1790479509.072692,39549.790891,39552.677583,2886.692,POST,/api/inference,True,,1191,50,200,
1790479506.222066,1790479509.11186,39549.826957,39552.716751,2889.794,POST,/api/inference,True,,1191,51,200,
1790479506.252008,1790479509.138389,39549.8569,39552.743281,2886.381,POST,/api/inference,True,,1191,52,200,
1790479506.276743,1790479509.163488,39549.881635,39552.768379,2886.744,POST,/api/inference,True,,1191,53,200,
1790479506.302759,1790479509.191092,39549.90765,39552.795984,2888.333,POST,/api/inference,True,,1191,54,200,
1790479506.35072,1790479509.23818,39549.955611,39552.843071,2887.46,POST,/api/inference,True,,1191,55,200,
1790479506.353145,1790479509.239888,39549.958036,39552.844779,2886.743,POST,/api/inference,True,,1191,56,200,
1790479506.389505,1790479509.275684,39549.994396,39552.880576,2886.18,POST,/api/inference,True,,1191,57,200,
1790479506.413638,1790479509.299423,39550.018529,39552.904314,2885.785,POST,/api/inference,True,,1191,58,200,
1790479506.447413,1790479509.334728,39550.052304,39552.939619,2887.315,POST,/api/inference,True,,1191,59,200,
1790479506.509901,1790479509.40008,39550.114792,39553.004971,2890.179,POST,/api/inference,True,,1191,61,200,
1790479506.513301,1790479509.401187,39550.118192,39553.006078,2887.886,POST,/api/inference,True,,1191,60,200,
1790479506.532335,1790479509.418516,39550.137227,39553.023408,2886.181,POST,/api/inference,True,,1191,62,200,
1790479506.570243,1790479509.456898,39550.175134,39553.061789,2886.655,POST,/api/inference,True,,1191,63,200,
1790479506.593713,1790479509.47987,39550.198604,39553.084761,2886.158,POST,/api/inference,True,,1191,64,200,
1790479506.621511,1790479509.506912,39550.226402,39553.111803,2885.4,POST,/api/inference,True,,1191,65,200,
1790479506.647057,1790479509.532754,39550.251948,39553.137645,2885.697,POST,/api/inference,True,,1191,66,200,
1790479506.677712,1790479509.56463,39550.282603,39553.169521,2886.918,POST,/api/inference,True,,1191,67,200,
1790479506.715029,1790479509.601923,39550.31992,39553.206814,2886.894,POST,/api/inference,True,,1191,68,200,
1790479506.733265,1790479509.620244,39550.338156,39553.225135,2886.979,POST,/api/inference,True,,1191,69,200,
1790479506.764631,1790479509.652701,39550.369522,39553.257592,2888.07,POST,/api/inference,True,,1191,70,200,
1790479506.794113,1790479509.680765,39550.399005,39553.285656,2886.651,POST,/api/inference,True,,1191,71,200,
1790479506.825745,1790479509.712535,39550.430636,39553.317426,2886.79,POST,/api/inference,True,,1191,72,200,
1790479506.850341,1790479509.736713,39550.455232,39553.341604,2886.372,POST,/api/inference,True,,1191,73,200,
1790479506.876171,1790479509.763659,39550.481062,39553.36855,2887.488,POST,/api/inference,True,,1191,74,200,
1790479506.908075,1790479509.796354,39550.512966,39553.401245,2888.279,POST,/api/inference,True,,1191,75,200,
1790479506.934916,1790479509.822399,39550.539807,39553.42729,2887.483,POST,/api/inference,True,,1191,76,200,
1790479506.964315,1790479509.851229,39550.569206,39553.45612,2886.914,POST,/api/inference,True,,1191,77,200,
1790479506.993041,1790479509.882408,39550.597932,39553.487299,2889.367,POST,/api/inference,True,,1191,78,200,
1790479507.024131,1790479509.910951,39550.629022,39553.515842,2886.82,POST,/api/inference,True,,1191,79,200,
1790479507.053383,1790479509.940308,39550.658274,39553.545199,2886.925,POST,/api/inference,True,,1191,80,200,
1790479507.080869,1790479509.967662,39550.685761,39553.572553,2886.792,POST,/api/inference,True,,1191,81,200,
1790479507.111247,1790479509.996404,39550.716138,39553.601295,2885.157,POST,/api/inference,True,,1191,82,200,
1790479507.141718,1790479510.028433,39550.746609,39553.633324,2886.714,POST,/api/inference,True,,1191,83,200,
1790479507.167807,1790479510.054291,39550.772698,39553.659183,2886.485,POST,/api/inference,True,,1191,84,200,
1790479507.198693,1790479510.085684,39550.803584,39553.690575,2886.991,POST,/api/inference,True,,1191,85,200,
1790479507.221907,1790479510.109279,39550.826798,39553.714171,2887.373,POST,/api/inference,True,,1191,86,200,
1790479507.254534,1790479510.147444,39550.859426,39553.752335,2892.909,POST,/api/inference,True,,1191,87,200,
1790479507.28294,1790479510.170063,39550.887831,39553.774954,2887.123,POST,/api/inference,True,,1191,88,200,
1790479507.314841,1790479510.203609,39550.919732,39553.808501,2888.768,POST,/api/inference,True,,1191,89,200,
1790479507.352674,1790479510.239502,39550.957566,39553.844393,2886.828,POST,/api/inference,True,,1191,90,200,
1790479507.370671,1790479510.258088,39550.975562,39553.862979,2887.418,POST,/api/inference,True,,1191,91,200,
1790479507.398366,1790479510.285789,39551.003257,39553.89068,2887.422,POST,/api/inference,True,,1191,92,200,
1790479507.425071,1790479510.311707,39551.029963,39553.916599,2886.636,POST,/api/inference,True,,1191,93,200,
1790479507.452011,1790479510.338598,39551.056902,39553.94349,2886.588,POST,/api/inference,True,,1191,94,200,
1790479507.487395,1790479510.374968,39551.092287,39553.97986,2887.573,POST,/api/inference,True,,1191,95,200,
1790479507.514435,1790479510.40267,39551.119326,39554.007562,2888.235,POST,/api/inference,True,,1191,96,200,
1790479507.543465,1790479510.431348,39551.148356,39554.036239,2887.883,POST,/api/inference,True,,1191,97,200,
1790479507.570881,1790479510.457297,39551.175772,39554.062189,2886.416,POST,/api/inference,True,,1191,98,200,
1790479507.599261,1790479510.485292,39551.204153,39554.090183,2886.031,POST,/api/inference,True,,1191,99,200,
1790479507.635274,1790479510.5218,39551.240165,39554.126691,2886.526,POST,/api/inference,True,,1191,0,200,
1790479507.667068,1790479510.553343,39551.271959,39554.158234,2886.275,POST,/api/inference,True,,1191,1,200,
1790479507.698911,1790479510.585009,39551.303802,39554.1899,2886.097,POST,/api/inference,True,,1191,2,200,
1790479507.725956,1790479510.612243,39551.330847,39554.217134,2886.287,POST,/api/inference,True,,1191,3,200,
1790479507.754277,1790479510.641384,39551.359168,39554.246275,2887.107,POST,/api/inference,True,,1191,4,200,
1790479507.777808,1790479510.663515,39551.382699,39554.268406,2885.707,POST,/api/inference,True,,1191,5,200,
1790479507.81329,1790479510.699723,39551.418181,39554.304614,2886.433,POST,/api/inference,True,,1191,6,200,
1790479507.842455,1790479510.729417,39551.447346,39554.334308,2886.962,POST,/api/inference,True,,1191,7,200,
1790479507.866869,1790479510.754147,39551.47176,39554.359038,2887.278,POST,/api/inference,True,,1191,8,200,
1790479507.895443,1790479510.782758,39551.500334,39554.387649,2887.315,POST,/api/inference,True,,1191,9,200,
1790479507.922193,1790479510.808452,39551.527085,39554.413344,2886.259,POST,/api/inference,True,,1191,10,200,
1790479507.951363,1790479510.837945,39551.556254,39554.442837,2886.583,POST,/api/inference,True,,1191,11,200,
1790479507.988016,1790479510.874909,39551.592907,39554.4798,2886.893,POST,/api/inference,True,,1191,12,200,
1790479508.008374,1790479510.894873,39551.613265,39554.499764,2886.499,POST,/api/inference,True,,1191,13,200,
1790479508.037914,1790479510.92513,39551.642806,39554.530021,2887.215,POST,/api/inference,True,,1191,14,200,
1790479508.070291,1790479510.957277,39551.675182,39554.562168,2886.986,POST,/api/inference,True,,1191,15,200,
1790479508.095328,1790479510.982077,39551.700219,39554.586968,2886.749,POST,/api/inference,True,,1191,16,200,
1790479508.126693,1790479511.012982,39551.731584,39554.617873,2886.289,POST,/api/inference,True,,1191,17,200,
1790479508.157058,1790479511.042503,39551.761949,39554.647394,2885.445,POST,/api/inference,True,,1191,18,200,
1790479508.187323,1790479511.075845,39551.792214,39554.680737,2888.523,POST,/api/inference,True,,1191,19,200,
1790479508.213465,1790479511.099956,39551.818356,39554.704847,2886.491,POST,/api/inference,True,,1191,20,200,
1790479508.243094,1790479511.130669,39551.847985,39554.735561,2887.575,POST,/api/inference,True,,1191,21,200,
1790479508.270682,1790479511.156937,39551.875573,39554.761828,2886.255,POST,/api/inference,True,,1191,22,200,
1790479508.296284,1790479511.185063,39551.901175,39554.789955,2888.779,POST,/api/inference,True,,1191,23,200,
1790479508.326957,1790479511.214442,39551.931849,39554.819334,2887.485,POST,/api/inference,True,,1191,24,200,
1790479508.360273,1790479511.247526,39551.965164,39554.852418,2887.254,POST,/api/inference,True,,1191,25,200,
1790479508.382464,1790479511.270124,39551.987355,39554.875015,2887.661,POST,/api/inference,True,,1191,26,200,
1790479508.418519,1790479511.306498,39552.02341,39554.911389,2887.979,POST,/api/inference,True,,1191,27,200,
1790479508.463477,1790479511.350296,39552.068368,39554.955187,2886.819,POST,/api/inference,True,,1191,28,200,
1790479508.465199,1790479511.35206,39552.070091,39554.956951,2886.86,POST,/api/inference,True,,1191,29,200,
1790479508.498615,1790479511.385224,39552.103506,39554.990116,2886.61,POST,/api/inference,True,,1191,30,200,
1790479508.530412,1790479511.417802,39552.135303,39555.022693,2887.39,POST,/api/inference,True,,1191,31,200,
1790479508.558216,1790479511.445787,39552.163107,39555.050678,2887.571,POST,/api/inference,True,,1191,32,200,
1790479508.583444,1790479511.471049,39552.188335,39555.075941,2887.605,POST,/api/inference,True,,1191,33,200,
1790479508.637319,1790479511.525866,39552.24221,39555.130758,2888.548,POST,/api/inference,True,,1191,34,200,
1790479508.638974,1790479511.527099,39552.243865,39555.13199,2888.125,POST,/api/inference,True,,1191,35,200,
1790479508.67461,1790479511.562366,39552.279501,39555.167257,2887.756,POST,/api/inference,True,,1191,36,200,
1790479508.70439,1790479511.590491,39552.309281,39555.195382,2886.1,POST,/api/inference,True,,1191,37,200,
1790479508.727498,1790479511.613717,39552.332389,39555.218608,2886.219,POST,/api/inference,True,,1191,38,200,
1790479508.759567,1790479511.646313,39552.364458,39555.251205,2886.747,POST,/api/inference,True,,1191,39,200,
1790479508.78772,1790479511.674233,39552.392611,39555.279125,2886.513,POST,/api/inference,True,,1191,40,200,
1790479508.816484,1790479511.704497,39552.421375,39555.309389,2888.013,POST,/api/inference,True,,1191,41,200,
1790479508.847104,1790479511.733812,39552.451995,39555.338703,2886.708,POST,/api/inference,True,,1191,42,200,
1790479508.875532,1790479511.762246,39552.480423,39555.367138,2886.714,POST,/api/inference,True,,1191,43,200,
1790479508.905869,1790479511.792662,39552.51076,39555.397553,2886.793,POST,/api/inference,True,,1191,44,200,
1790479508.930996,1790479511.817927,39552.535888,39555.422818,2886.931,POST,/api/inference,True,,1191,45,200,
1790479508.958688,1790479511.845484,39552.563579,39555.450376,2886.796,POST,/api/inference,True,,1191,46,200,
1790479508.984416,1790479511.872982,39552.589307,39555.477873,2888.566,POST,/api/inference,True,,1191,47,200,
1790479509.015993,1790479511.902,39552.620885,39555.506891,2886.006,POST,/api/inference,True,,1191,48,200,
1790479509.044362,1790479511.930782,39552.649253,39555.535673,2886.421,POST,/api/inference,True,,1191,49,200,
1790479509.072845,1790479511.960613,39552.677736,39555.565504,2887.768,POST,/api/inference,True,,1191,50,200,
1790479509.112044,1790479512.001462,39552.716935,39555.606353,2889.418,POST,/api/inference,True,,1191,51,200,
1790479509.13854,1790479512.024663,39552.743431,39555.629554,2886.123,POST,/api/inference,True,,1191,52,200,
1790479509.163655,1790479512.050374,39552.768546,39555.655265,2886.719,POST,/api/inference,True,,1191,53,200,
1790479509.191365,1790479512.076255,39552.796256,39555.681146,2884.89,POST,/api/inference,True,,1191,54,200,
1790479509.238333,1790479512.126612,39552.843225,39555.731504,2888.279,POST,/api/inference,True,,1191,55,200,
1790479509.239998,1790479512.127682,39552.844889,39555.732573,2887.684,POST,/api/inference,True,,1191,56,200,
1790479509.275882,1790479512.163769,39552.880773,39555.76866,2887.887,POST,/api/inference,True,,1191,57,200,
1790479509.299581,1790479512.185844,39552.904472,39555.790736,2886.264,POST,/api/inference,True,,1191,58,200,
1790479509.334887,1790479512.221941,39552.939778,39555.826832,2887.054,POST,/api/inference,True,,1191,59,200,
1790479509.400232,1790479512.290453,39553.005123,39555.895345,2890.222,POST,/api/inference,True,,1191,61,200,
1790479509.401713,1790479512.291876,39553.006604,39555.896767,2890.163,POST,/api/inference,True,,1191,60,200,
1790479509.41868,1790479512.305703,39553.023572,39555.910594,2887.023,POST,/api/inference,True,,1191,62,200,
1790479509.457061,1790479512.345008,39553.061952,39555.949899,2887.947,POST,/api/inference,True,,1191,63,200,
1790479509.480025,1790479512.367867,39553.084916,39555.972758,2887.842,POST,/api/inference,True,,1191,64,200,
1790479509.507054,1790479512.39376,39553.111945,39555.998652,2886.707,POST,/api/inference,True,,1191,65,200,
1790479509.5329,1790479512.420799,39553.137791,39556.02569,2887.899,POST,/api/inference,True,,1191,66,200,
1790479509.564778,1790479512.450814,39553.169669,39556.055706,2886.037,POST,/api/inference,True,,1191,67,200,
1790479509.602082,1790479512.490485,39553.206973,39556.095376,2888.403,POST,/api/inference,True,,1191,68,200,
1790479509.620413,1790479512.50879,39553.225304,39556.113681,2888.377,POST,/api/inference,True,,1191,69,200,
1790479509.652889,1790479512.539787,39553.25778,39556.144678,2886.898,POST,/api/inference,True,,1191,70,200,
1790479509.680923,1790479512.56754,39553.285814,39556.172431,2886.617,POST,/api/inference,True,,1191,71,200,
1790479509.712691,1790479512.601051,39553.317582,39556.205943,2888.361,POST,/api/inference,True,,1191,72,200,
1790479509.736875,1790479512.622484,39553.341766,39556.227375,2885.609,POST,/api/inference,True,,1191,73,200,
1790479509.76384,1790479512.650781,39553.368731,39556.255673,2886.941,POST,/api/inference,True,,1191,74,200,
1790479509.796543,1790479512.68352,39553.401434,39556.288411,2886.977,POST,/api/inference,True,,1191,75,200,
1790479509.822556,1790479512.710651,39553.427447,39556.315542,2888.095,POST,/api/inference,True,,1191,76,200,
1790479509.851396,1790479512.738128,39553.456287,39556.343019,2886.732,POST,/api/inference,True,,1191,77,200,
1790479509.88257,1790479512.769462,39553.487461,39556.374353,2886.892,POST,/api/inference,True,,1191,78,200,
1790479509.911101,1790479512.798442,39553.515992,39556.403334,2887.341,POST,/api/inference,True,,1191,79,200,
1790479509.940473,1790479512.827349,39553.545364,39556.43224,2886.876,POST,/api/inference,True,,1191,80,200,
1790479509.96782,1790479512.854993,39553.572711,39556.459884,2887.173,POST,/api/inference,True,,1191,81,200,
1790479509.99651,1790479512.882218,39553.601401,39556.487109,2885.708,POST,/api/inference,True,,1191,82,200,
1790479510.028624,1790479512.914993,39553.633515,39556.519884,2886.369,POST,/api/inference,True,,1191,83,200,
1790479510.054456,1790479512.941862,39553.659347,39556.546754,2887.407,POST,/api/inference,True,,1191,84,200,
1790479510.085854,1790479512.975796,39553.690745,39556.580687,2889.942,POST,/api/inference,True,,1191,85,200,
1790479510.109435,1790479512.996428,39553.714326,39556.60132,2886.993,POST,/api/inference,True,,1191,86,200,
1790479510.147607,1790479513.035381,39553.752498,39556.640272,2887.775,POST,/api/inference,True,,1191,87,200,
1790479510.17022,1790479513.057097,39553.775111,39556.661989,2886.877,POST,/api/inference,True,,1191,88,200,
1790479510.203803,1790479513.091504,39553.808694,39556.696395,2887.7,POST,/api/inference,True,,1191,89,200,
1790479510.239675,1790479513.126066,39553.844566,39556.730957,2886.391,POST,/api/inference,True,,1191,90,200,
1790479510.25825,1790479513.144572,39553.863141,39556.749463,2886.322,POST,/api/inference,True,,1191,91,200,
1790479510.285946,1790479513.172272,39553.890837,39556.777164,2886.327,POST,/api/inference,True,,1191,92,200,
1790479510.311864,1790479513.199395,39553.916755,39556.804286,2887.531,POST,/api/inference,True,,1191,93,200,
1790479510.338771,1790479513.226529,39553.943662,39556.83142,2887.758,POST,/api/inference,True,,1191,94,200,
1790479510.37513,1790479513.262437,39553.980021,39556.867328,2887.307,POST,/api/inference,True,,1191,95,200,
1790479510.402832,1790479513.289645,39554.007723,39556.894536,2886.813,POST,/api/inference,True,,1191,96,200,
1790479510.431535,1790479513.319992,39554.036426,39556.924883,2888.457,POST,/api/inference,True,,1191,97,200,
1790479510.457485,1790479513.344268,39554.062376,39556.949159,2886.783,POST,/api/inference,True,,1191,98,200,
1790479510.485455,1790479513.372766,39554.090346,39556.977658,2887.311,POST,/api/inference,True,,1191,99,200,
1790479510.521958,1790479513.40948,39554.12685,39557.014371,2887.522,POST,/api/inference,True,,1191,0,200,
1790479510.55348,1790479513.439846,39554.158372,39557.044737,2886.365,POST,/api/inference,True,,1191,1,200,
1790479510.585153,1790479513.472039,39554.190045,39557.07693,2886.886,POST,/api/inference,True,,1191,2,200,
1790479510.612405,1790479513.499754,39554.217296,39557.104646,2887.35,POST,/api/inference,True,,1191,3,200,
1790479510.641538,1790479513.529011,39554.246429,39557.133902,2887.473,POST,/api/inference,True,,1191,4,200,
1790479510.663676,1790479513.551779,39554.268567,39557.15667,2888.104,POST,/api/inference,True,,1191,5,200,
1790479510.699888,1790479513.587655,39554.304779,39557.192546,2887.767,POST,/api/inference,True,,1191,6,200,
1790479510.729576,1790479513.616389,39554.334468,39557.22128,2886.813,POST,/api/inference,True,,1191,7,200,
1790479510.754307,1790479513.641319,39554.359198,39557.24621,2887.012,POST,/api/inference,True,,1191,8,200,
1790479510.782924,1790479513.669974,39554.387815,39557.274865,2887.05,POST,/api/inference,True,,1191,9,200,
1790479510.80861,1790479513.696762,39554.413502,39557.301653,2888.152,POST,/api/inference,True,,1191,10,200,
1790479510.838113,1790479513.724839,39554.443004,39557.32973,2886.726,POST,/api/inference,True,,1191,11,200,
1790479510.875065,1790479513.761853,39554.479957,39557.366744,2886.788,POST,/api/inference,True,,1191,12,200,
1790479510.895022,1790479513.781285,39554.499914,39557.386176,2886.262,POST,/api/inference,True,,1191,13,200,
1790479510.925283,1790479513.811829,39554.530174,39557.41672,2886.546,POST,/api/inference,True,,1191,14,200,
1790479510.957426,1790479513.84391,39554.562317,39557.448802,2886.484,POST,/api/inference,True,,1191,15,200,
1790479510.982232,1790479513.869734,39554.587124,39557.474625,2887.502,POST,/api/inference,True,,1191,16,200,
1790479511.013178,1790479513.899929,39554.618069,39557.504821,2886.752,POST,/api/inference,True,,1191,17,200,
1790479511.042682,1790479513.92973,39554.647573,39557.534621,2887.048,POST,/api/inference,True,,1191,18,200,
1790479511.075994,1790479513.962328,39554.680885,39557.567219,2886.334,POST,/api/inference,True,,1191,19,200,
1790479511.100123,1790479513.986682,39554.705014,39557.591573,2886.559,POST,/api/inference,True,,1191,20,200,
1790479511.130824,1790479514.017105,39554.735716,39557.621996,2886.28,POST,/api/inference,True,,1191,21,200,
1790479511.157076,1790479514.045021,39554.761967,39557.649913,2887.946,POST,/api/inference,True,,1191,22,200,
1790479511.185235,1790479514.075752,39554.790126,39557.680643,2890.517,POST,/api/inference,True,,1191,23,200,
1790479511.214603,1790479514.100584,39554.819495,39557.705475,2885.981,POST,/api/inference,True,,1191,24,200,
1790479511.2477,1790479514.133434,39554.852591,39557.738325,2885.734,POST,/api/inference,True,,1191,25,200,
1790479511.270275,1790479514.155383,39554.875166,39557.760274,2885.108,POST,/api/inference,True,,1191,26,200,
1790479511.306659,1790479514.19301,39554.911551,39557.797901,2886.35,POST,/api/inference,True,,1191,27,200,
1790479511.350453,1790479514.238055,39554.955344,39557.842946,2887.602,POST,/api/inference,True,,1191,28,200,
1790479511.352171,1790479514.239192,39554.957062,39557.844083,2887.021,POST,/api/inference,True,,1191,29,200,
1790479511.385423,1790479514.272885,39554.990314,39557.877776,2887.462,POST,/api/inference,True,,1191,30,200,
1790479511.417954,1790479514.305283,39555.022845,39557.910174,2887.329,POST,/api/inference,True,,1191,31,200,
1790479511.445952,1790479514.332408,39555.050843,39557.937299,2886.456,POST,/api/inference,True,,1191,32,200,
1790479511.471365,1790479514.357773,39555.076256,39557.962664,2886.408,POST,/api/inference,True,,1191,33,200,
1790479511.527833,1790479514.416071,39555.132724,39558.020962,2888.238,POST,/api/inference,True,,1191,35,200,
1790479511.525999,1790479514.416541,39555.13089,39558.021432,2890.542,POST,/api/inference,True,,1191,34,200,
1790479511.562555,1790479514.449677,39555.167446,39558.054568,2887.122,POST,/api/inference,True,,1191,36,200,
1790479511.590639,1790479514.477413,39555.19553,39558.082304,2886.774,POST,/api/inference,True,,1191,37,200,
1790479511.613876,1790479514.500751,39555.218767,39558.105642,2886.875,POST,/api/inference,True,,1191,38,200,
1790479511.646476,1790479514.533281,39555.251367,39558.138172,2886.805,POST,/api/inference,True,,1191,39,200,
1790479511.674385,1790479514.561515,39555.279276,39558.166406,2887.13,POST,/api/inference,True,,1191,40,200,
1790479511.704657,1790479514.590559,39555.309548,39558.19545,2885.902,POST,/api/inference,True,,1191,41,200,
1790479511.733974,1790479514.620118,39555.338866,39558.22501,2886.144,POST,/api/inference,True,,1191,42,200,
1790479511.762405,1790479514.649539,39555.367297,39558.254431,2887.134,POST,/api/inference,True,,1191,43,200,
1790479511.79291,1790479514.679205,39555.397801,39558.284096,2886.295,POST,/api/inference,True,,1191,44,200,
1790479511.818082,1790479514.703461,39555.422973,39558.308352,2885.379,POST,/api/inference,True,,1191,45,200,
1790479511.845643,1790479514.732001,39555.450534,39558.336892,2886.358,POST,/api/inference,True,,1191,46,200,
1790479511.873177,1790479514.760082,39555.478068,39558.364974,2886.905,POST,/api/inference,True,,1191,47,200,
1790479511.902132,1790479514.789567,39555.507024,39558.394458,2887.434,POST,/api/inference,True,,1191,48,200,
1790479511.930943,1790479514.817437,39555.535834,39558.422328,2886.494,POST,/api/inference,True,,1191,49,200,
1790479511.960771,1790479514.847819,39555.565662,39558.452711,2887.049,POST,/api/inference,True,,1191,50,200,
1790479512.001665,1790479514.88777,39555.606556,39558.492661,2886.105,POST,/api/inference,True,,1191,51,200,
1790479512.024817,1790479514.911866,39555.629708,39558.516757,2887.049,POST,/api/inference,True,,1191,52,200,
1790479512.050541,1790479514.93747,39555.655433,39558.542361,2886.929,POST,/api/inference,True,,1191,53,200,
1790479512.076374,1790479514.962651,39555.681265,39558.567542,2886.277,POST,/api/inference,True,,1191,54,200,
1790479512.126764,1790479515.013827,39555.731655,39558.618719,2887.063,POST,/api/inference,True,,1191,55,200,
1790479512.12821,1790479515.015545,39555.733101,39558.620436,2887.335,POST,/api/inference,True,,1191,56,200,
1790479512.163928,1790479515.05177,39555.768819,39558.656661,2887.842,POST,/api/inference,True,,1191,57,200,
1790479512.185999,1790479515.074317,39555.790891,39558.679208,2888.317,POST,/api/inference,True,,1191,58,200,
1790479512.222098,1790479515.109845,39555.826989,39558.714736,2887.747,POST,/api/inference,True,,1191,59,200,
1790479512.290655,1790479515.177165,39555.895546,39558.782056,2886.511,POST,/api/inference,True,,1191,61,200,
1790479512.292515,1790479515.179611,39555.897406,39558.784502,2887.096,POST,/api/inference,True,,1191,60,200,
1790479512.305863,1790479515.191485,39555.910754,39558.796376,2885.622,POST,/api/inference,True,,1191,62,200,
1790479512.345174,1790479515.232386,39555.950065,39558.837277,2887.212,POST,/api/inference,True,,1191,63,200,
1790479512.368024,1790479515.2546,39555.972916,39558.859491,2886.576,POST,/api/inference,True,,1191,64,200,
1790479512.393929,1790479515.282193,39555.99882,39558.887084,2888.264,POST,/api/inference,True,,1191,65,200,
1790479512.421002,1790479515.309659,39556.025893,39558.914551,2888.658,POST,/api/inference,True,,1191,66,200,
1790479512.450971,1790479515.337946,39556.055862,39558.942837,2886.975,POST,/api/inference,True,,1191,67,200,
1790479512.490645,1790479515.37741,39556.095536,39558.982301,2886.765,POST,/api/inference,True,,1191,68,200,
1790479512.508943,1790479515.395955,39556.113835,39559.000846,2887.011,POST,/api/inference,True,,1191,69,200,
1790479512.539954,1790479515.427631,39556.144845,39559.032522,2887.677,POST,/api/inference,True,,1191,70,200,
1790479512.567693,1790479515.454725,39556.172585,39559.059617,2887.032,POST,/api/inference,True,,1191,71,200,
1790479512.601209,1790479515.4878,39556.2061,39559.092691,2886.591,POST,/api/inference,True,,1191,72,200,
1790479512.622625,1790479515.509166,39556.227517,39559.114057,2886.54,POST,/api/inference,True,,1191,73,200,
1790479512.650933,1790479515.538063,39556.255824,39559.142954,2887.13,POST,/api/inference,True,,1191,74,200,
1790479512.683668,1790479515.569729,39556.28856,39559.17462,2886.06,POST,/api/inference,True,,1191,75,200,
1790479512.710812,1790479515.599884,39556.315703,39559.204775,2889.072,POST,/api/inference,True,,1191,76,200,
1790479512.738288,1790479515.625414,39556.34318,39559.230305,2887.126,POST,/api/inference,True,,1191,77,200,
1790479512.769764,1790479515.656678,39556.374656,39559.261569,2886.914,POST,/api/inference,True,,1191,78,200,
1790479512.7986,1790479515.685471,39556.403491,39559.290362,2886.87,POST,/api/inference,True,,1191,79,200,
1790479512.827523,1790479515.714917,39556.432414,39559.319808,2887.395,POST,/api/inference,True,,1191,80,200,
1790479512.85523,1790479515.741086,39556.460121,39559.345978,2885.856,POST,/api/inference,True,,1191,81,200,
1790479512.882367,1790479515.769366,39556.487259,39559.374258,2886.999,POST,/api/inference,True,,1191,82,200,
1790479512.915244,1790479515.802076,39556.520135,39559.406967,2886.832,POST,/api/inference,True,,1191,83,200,
1790479512.942007,1790479515.829482,39556.546898,39559.434373,2887.474,POST,/api/inference,True,,1191,84,200,
1790479512.976107,1790479515.863214,39556.580998,39559.468105,2887.106,POST,/api/inference,True,,1191,85,200,
1790479512.996577,1790479515.881637,39556.601468,39559.486528,2885.061,POST,/api/inference,True,,1191,86,200,
1790479513.035567,1790479515.92281,39556.640458,39559.527701,2887.242,POST,/api/inference,True,,1191,87,200,
1790479513.057243,1790479515.942924,39556.662134,39559.547815,2885.681,POST,/api/inference,True,,1191,88,200,
1790479513.091667,1790479515.978281,39556.696558,39559.583172,2886.613,POST,/api/inference,True,,1191,89,200,
1790479513.126207,1790479516.013388,39556.731098,39559.618279,2887.18,POST,/api/inference,True,,1191,90,200,
1790479513.144721,1790479516.031501,39556.749612,39559.636393,2886.781,POST,/api/inference,True,,1191,91,200,
1790479513.172426,1790479516.058763,39556.777317,39559.663654,2886.337,POST,/api/inference,True,,1191,92,200,
1790479513.199549,1790479516.086177,39556.80444,39559.691068,2886.628,POST,/api/inference,True,,1191,93,200,
1790479513.226688,1790479516.114202,39556.83158,39559.719093,2887.514,POST,/api/inference,True,,1191,94,200,
1790479513.262597,1790479516.15089,39556.867488,39559.755781,2888.293,POST,/api/inference,True,,1191,95,200,
1790479513.289808,1790479516.175797,39556.894699,39559.780688,2885.989,POST,/api/inference,True,,1191,96,200,
1790479513.320145,1790479516.206326,39556.925036,39559.811217,2886.181,POST,/api/inference,True,,1191,97,200,
1790479513.344426,1790479516.230407,39556.949317,39559.835299,2885.981,POST,/api/inference,True,,1191,98,200,
1790479513.372926,1790479516.260287,39556.977817,39559.865178,2887.361,POST,/api/inference,True,,1191,99,200,
1790479513.409641,1790479516.297107,39557.014532,39559.901998,2887.466,POST,/api/inference,True,,1191,0,200,
1790479513.440009,1790479516.327276,39557.044901,39559.932167,2887.266,POST,/api/inference,True,,1191,1,200,
1790479513.472183,1790479516.358128,39557.077075,39559.963019,2885.945,POST,/api/inference,True,,1191,2,200,
1790479513.500022,1790479516.387728,39557.104913,39559.992619,2887.706,POST,/api/inference,True,,1191,3,200,
1790479513.52918,1790479516.416242,39557.134071,39560.021133,2887.061,POST,/api/inference,True,,1191,4,200,
1790479513.551952,1790479516.438658,39557.156843,39560.04355,2886.707,POST,/api/inference,True,,1191,5,200,
1790479513.587826,1790479516.475381,39557.192717,39560.080272,2887.555,POST,/api/inference,True,,1191,6,200,
1790479513.616541,1790479516.502725,39557.221432,39560.107616,2886.184,POST,/api/inference,True,,1191,7,200,
1790479513.641473,1790479516.528223,39557.246364,39560.133114,2886.75,POST,/api/inference,True,,1191,8,200,
1790479513.670119,1790479516.556073,39557.27501,39560.160964,2885.955,POST,/api/inference,True,,1191,9,200,
1790479513.696918,1790479516.583439,39557.301809,39560.18833,2886.521,POST,/api/inference,True,,1191,10,200,
1790479513.724996,1790479516.61192,39557.329888,39560.216811,2886.924,POST,/api/inference,True,,1191,11,200,
1790479513.762016,1790479516.649599,39557.366907,39560.254491,2887.583,POST,/api/inference,True,,1191,12,200,
1790479513.781441,1790479516.667868,39557.386332,39560.272759,2886.427,POST,/api/inference,True,,1191,13,200,
1790479513.812068,1790479516.699187,39557.41696,39560.304078,2887.118,POST,/api/inference,True,,1191,14,200,
1790479513.844059,1790479516.730363,39557.44895,39560.335254,2886.304,POST,/api/inference,True,,1191,15,200,
1790479513.869908,1790479516.757167,39557.474799,39560.362058,2887.259,POST,/api/inference,True,,1191,16,200,
1790479513.900068,1790479516.784924,39557.504959,39560.389815,2884.856,POST,/api/inference,True,,1191,17,200,
1790479513.929892,1790479516.81572,39557.534783,39560.420611,2885.828,POST,/api/inference,True,,1191,18,200,
1790479513.962488,1790479516.851825,39557.567379,39560.456716,2889.336,POST,/api/inference,True,,1191,19,200,
1790479513.986856,1790479516.876186,39557.591747,39560.481077,2889.33,POST,/api/inference,True,,1191,20,200,
1790479514.017289,1790479516.904542,39557.62218,39560.509434,2887.253,POST,/api/inference,True,,1191,21,200,
1790479514.045182,1790479516.932064,39557.650074,39560.536955,2886.881,POST,/api/inference,True,,1191,22,200,
1790479514.075959,1790479516.963519,39557.680851,39560.56841,2887.559,POST,/api/inference,True,,1191,23,200,
1790479514.100739,1790479516.987535,39557.705631,39560.592426,2886.795,POST,/api/inference,True,,1191,24,200,
1790479514.13359,1790479517.019861,39557.738481,39560.624753,2886.272,POST,/api/inference,True,,1191,25,200,
1790479514.155514,1790479517.042603,39557.760405,39560.647494,2887.089,POST,/api/inference,True,,1191,26,200,
1790479514.193151,1790479517.079326,39557.798042,39560.684217,2886.175,POST,/api/inference,True,,1191,27,200,
1790479514.239732,1790479517.127364,39557.844623,39560.732255,2887.632,POST,/api/inference,True,,1191,29,200,
1790479514.23819,1790479517.127877,39557.843081,39560.732768,2889.687,POST,/api/inference,True,,1191,28,200,
1790479514.273075,1790479517.160557,39557.877966,39560.765448,2887.482,POST,/api/inference,True,,1191,30,200,
1790479514.305436,1790479517.191753,39557.910327,39560.796644,2886.317,POST,/api/inference,True,,1191,31,200,
1790479514.332563,1790479517.219663,39557.937454,39560.824554,2887.1,POST,/api/inference,True,,1191,32,200,
1790479514.357926,1790479517.2459,39557.962817,39560.850791,2887.974,POST,/api/inference,True,,1191,33,200,
1790479514.416679,1790479517.304693,39558.021571,39560.909585,2888.014,POST,/api/inference,True,,1191,35,200,
1790479514.417228,1790479517.305801,39558.022119,39560.910692,2888.573,POST,/api/inference,True,,1191,34,200,
1790479514.449836,1790479517.335957,39558.054727,39560.940848,2886.121,POST,/api/inference,True,,1191,36,200,
1790479514.477602,1790479517.364356,39558.082493,39560.969247,2886.755,POST,/api/inference,True,,1191,37,200,
1790479514.50092,1790479517.389735,39558.105811,39560.994626,2888.815,POST,/api/inference,True,,1191,38,200,
1790479514.533447,1790479517.420653,39558.138338,39561.025544,2887.206,POST,/api/inference,True,,1191,39,200,
1790479514.561677,1790479517.447731,39558.166568,39561.052622,2886.054,POST,/api/inference,True,,1191,40,200,
1790479514.590731,1790479517.478128,39558.195622,39561.083019,2887.397,POST,/api/inference,True,,1191,41,200,
1790479514.62028,1790479517.506653,39558.225171,39561.111544,2886.373,POST,/api/inference,True,,1191,42,200,
1790479514.649717,1790479517.537529,39558.254608,39561.14242,2887.812,POST,/api/inference,True,,1191,43,200,
1790479514.679384,1790479517.56724,39558.284276,39561.172131,2887.855,POST,/api/inference,True,,1191,44,200,
1790479514.703604,1790479517.589712,39558.308495,39561.194603,2886.108,POST,/api/inference,True,,1191,45,200,
1790479514.732152,1790479517.61799,39558.337044,39561.222881,2885.837,POST,/api/inference,True,,1191,46,200,
1790479514.760235,1790479517.646554,39558.365127,39561.251445,2886.318,POST,/api/inference,True,,1191,47,200,
1790479514.789721,1790479517.677088,39558.394613,39561.281979,2887.366,POST,/api/inference,True,,1191,48,200,
1790479514.817618,1790479517.704282,39558.422509,39561.309173,2886.664,POST,/api/inference,True,,1191,49,200,
1790479514.84797,1790479517.734435,39558.452861,39561.339326,2886.465,POST,/api/inference,True,,1191,50,200,
1790479514.88793,1790479517.779906,39558.492821,39561.384797,2891.976,POST,/api/inference,True,,1191,51,200,
1790479514.91203,1790479517.798536,39558.516921,39561.403427,2886.506,POST,/api/inference,True,,1191,52,200,
1790479514.937614,1790479517.821896,39558.542505,39561.426787,2884.282,POST,/api/inference,True,,1191,53,200,
1790479514.962804,1790479517.848524,39558.567695,39561.453415,2885.72,POST,/api/inference,True,,1191,54,200,
1790479515.014009,1790479517.901923,39558.6189,39561.506814,2887.914,POST,/api/inference,True,,1191,55,200,
1790479515.015662,1790479517.903724,39558.620553,39561.508615,2888.062,POST,/api/inference,True,,1191,56,200,
1790479515.051954,1790479517.941764,39558.656845,39561.546655,2889.81,POST,/api/inference,True,,1191,57,200,
1790479515.074471,1790479517.960704,39558.679362,39561.565595,2886.233,POST,/api/inference,True,,1191,58,200,
1790479515.110006,1790479517.997533,39558.714897,39561.602424,2887.527,POST,/api/inference,True,,1191,59,200,
1790479515.177315,1790479518.066199,39558.782206,39561.67109,2888.884,POST,/api/inference,True,,1191,61,200,
1790479515.17973,1790479518.068121,39558.784621,39561.673013,2888.392,POST,/api/inference,True,,1191,60,200,
1790479515.191611,1790479518.077846,39558.796503,39561.682738,2886.235,POST,/api/inference,True,,1191,62,200,
1790479515.232538,1790479518.118966,39558.837429,39561.723857,2886.428,POST,/api/inference,True,,1191,63,200,
1790479515.25475,1790479518.141804,39558.859641,39561.746695,2887.054,POST,/api/inference,True,,1191,64,200,
1790479515.282357,1790479518.168636,39558.887249,39561.773528,2886.279,POST,/api/inference,True,,1191,65,200,
1790479515.309826,1790479518.197127,39558.914717,39561.802018,2887.301,POST,/api/inference,True,,1191,66,200,
1790479515.338105,1790479518.224107,39558.942996,39561.828998,2886.002,POST,/api/inference,True,,1191,67,200,
1790479515.377568,1790479518.263994,39558.982459,39561.868885,2886.426,POST,/api/inference,True,,1191,68,200,
1790479515.396121,1790479518.282309,39559.001012,39561.887201,2886.189,POST,/api/inference,True,,1191,69,200,
1790479515.427791,1790479518.31392,39559.032683,39561.918811,2886.129,POST,/api/inference,True,,1191,70,200,
1790479515.454941,1790479518.342265,39559.059832,39561.947156,2887.324,POST,/api/inference,True,,1191,71,200,
1790479515.487952,1790479518.374808,39559.092843,39561.979699,2886.856,POST,/api/inference,True,,1191,72,200,
1790479515.509322,1790479518.397047,39559.114213,39562.001938,2887.725,POST,/api/inference,True,,1191,73,200,
1790479515.538225,1790479518.425223,39559.143117,39562.030115,2886.998,POST,/api/inference,True,,1191,74,200,
1790479515.569884,1790479518.456247,39559.174775,39562.061138,2886.363,POST,/api/inference,True,,1191,75,200,
1790479515.600046,1790479518.485875,39559.204937,39562.090766,2885.829,POST,/api/inference,True,,1191,76,200,
1790479515.625572,1790479518.513369,39559.230463,39562.11826,2887.797,POST,/api/inference,True,,1191,77,200,
1790479515.656864,1790479518.54422,39559.261755,39562.149111,2887.356,POST,/api/inference,True,,1191,78,200,
1790479515.685631,1790479518.572785,39559.290522,39562.177676,2887.154,POST,/api/inference,True,,1191,79,200,
1790479515.715091,1790479518.602303,39559.319982,39562.207194,2887.212,POST,/api/inference,True,,1191,80,200,
1790479515.741214,1790479518.626928,39559.346105,39562.23182,2885.715,POST,/api/inference,True,,1191,81,200,
1790479515.769519,1790479518.655866,39559.37441,39562.260757,2886.347,POST,/api/inference,True,,1191,82,200,
1790479515.802225,1790479518.689539,39559.407117,39562.29443,2887.313,POST,/api/inference,True,,1191,83,200,
1790479515.829633,1790479518.716643,39559.434524,39562.321534,2887.009,POST,/api/inference,True,,1191,84,200,
1790479515.863378,1790479518.750245,39559.468269,39562.355137,2886.867,POST,/api/inference,True,,1191,85,200,
1790479515.88178,1790479518.768574,39559.486671,39562.373465,2886.794,POST,/api/inference,True,,1191,86,200,
1790479515.922953,1790479518.810025,39559.527844,39562.414916,2887.072,POST,/api/inference,True,,1191,87,200,
1790479515.943079,1790479518.829435,39559.54797,39562.434326,2886.357,POST,/api/inference,True,,1191,88,200,
1790479515.978433,1790479518.863766,39559.583325,39562.468658,2885.333,POST,/api/inference,True,,1191,89,200,
1790479516.013567,1790479518.902307,39559.618458,39562.507199,2888.74,POST,/api/inference,True,,1191,90,200,
1790479516.031664,1790479518.917648,39559.636555,39562.52254,2885.984,POST,/api/inference,True,,1191,91,200,
1790479516.058922,1790479518.946209,39559.663813,39562.551101,2887.288,POST,/api/inference,True,,1191,92,200,
1790479516.086333,1790479518.97356,39559.691224,39562.578451,2887.227,POST,/api/inference,True,,1191,93,200,
1790479516.114363,1790479519.00081,39559.719254,39562.605701,2886.447,POST,/api/inference,True,,1191,94,200,
1790479516.151074,1790479519.040609,39559.755965,39562.6455,2889.535,POST,/api/inference,True,,1191,95,200,
1790479516.175946,1790479519.063463,39559.780838,39562.668355,2887.517,POST,/api/inference,True,,1191,96,200,
1790479516.20648,1790479519.096544,39559.811371,39562.701435,2890.064,POST,/api/inference,True,,1191,97,200,
1790479516.230555,1790479519.117372,39559.835446,39562.722263,2886.817,POST,/api/inference,True,,1191,98,200,
1790479516.260448,1790479519.148849,39559.865339,39562.75374,2888.401,POST,/api/inference,True,,1191,99,200,
1790479516.297278,1790479519.184992,39559.90217,39562.789883,2887.714,POST,/api/inference,True,,1191,0,200,
1790479516.327446,1790479519.214112,39559.932337,39562.819004,2886.666,POST,/api/inference,True,,1191,1,200,
1790479516.358268,1790479519.245412,39559.963159,39562.850303,2887.144,POST,/api/inference,True,,1191,2,200,
1790479516.387904,1790479519.274657,39559.992795,39562.879549,2886.754,POST,/api/inference,True,,1191,3,200,
1790479516.416408,1790479519.303533,39560.021299,39562.908424,2887.126,POST,/api/inference,True,,1191,4,200,
1790479516.438817,1790479519.325012,39560.043708,39562.929903,2886.195,POST,/api/inference,True,,1191,5,200,
1790479516.475542,1790479519.361905,39560.080433,39562.966796,2886.363,POST,/api/inference,True,,1191,6,200,
1790479516.502875,1790479519.388892,39560.107766,39562.993783,2886.017,POST,/api/inference,True,,1191,7,200,
1790479516.528383,1790479519.415657,39560.133274,39563.020548,2887.274,POST,/api/inference,True,,1191,8,200,
1790479516.556231,1790479519.442725,39560.161123,39563.047616,2886.494,POST,/api/inference,True,,1191,9,200,
1790479516.583616,1790479519.470817,39560.188507,39563.075708,2887.201,POST,/api/inference,True,,1191,10,200,
1790479516.612078,1790479519.498667,39560.216969,39563.103558,2886.589,POST,/api/inference,True,,1191,11,200,
1790479516.64975,1790479519.537307,39560.254642,39563.142198,2887.556,POST,/api/inference,True,,1191,12,200,
1790479516.668133,1790479519.555392,39560.273024,39563.160283,2887.259,POST,/api/inference,True,,1191,13,200,
1790479516.699347,1790479519.585973,39560.304239,39563.190864,2886.625,POST,/api/inference,True,,1191,14,200,
1790479516.730516,1790479519.617468,39560.335407,39563.222359,2886.952,POST,/api/inference,True,,1191,15,200,
1790479516.757326,1790479519.645399,39560.362217,39563.25029,2888.073,POST,/api/inference,True,,1191,16,200,
1790479516.785028,1790479519.671571,39560.389919,39563.276462,2886.543,POST,/api/inference,True,,1191,17,200,
1790479516.815868,1790479519.702472,39560.420759,39563.307363,2886.604,POST,/api/inference,True,,1191,18,200,
1790479516.851995,1790479519.738972,39560.456886,39563.343864,2886.978,POST,/api/inference,True,,1191,19,200,
1790479516.876385,1790479519.764817,39560.481276,39563.369708,2888.432,POST,/api/inference,True,,1191,20,200,
1790479516.904697,1790479519.79237,39560.509589,39563.397261,2887.672,POST,/api/inference,True,,1191,21,200,
1790479516.932228,1790479519.819768,39560.537119,39563.424659,2887.54,POST,/api/inference,True,,1191,22,200,
1790479516.963673,1790479519.850254,39560.568564,39563.455145,2886.581,POST,/api/inference,True,,1191,23,200,
1790479516.987687,1790479519.877737,39560.592579,39563.482628,2890.05,POST,/api/inference,True,,1191,24,200,
1790479517.020094,1790479519.904956,39560.624986,39563.509848,2884.862,POST,/api/inference,True,,1191,25,200,
1790479517.042768,1790479519.929823,39560.64766,39563.534714,2887.055,POST,/api/inference,True,,1191,26,200,
1790479517.079487,1790479519.96653,39560.684377,39563.571421,2887.043,POST,/api/inference,True,,1191,27,200,
1790479517.127995,1790479520.016848,39560.732886,39563.621739,2888.853,POST,/api/inference,True,,1191,29,200,
1790479517.12852,1790479520.018736,39560.733412,39563.623627,2890.216,POST,/api/inference,True,,1191,28,200,
1790479517.160719,1790479520.049542,39560.76561,39563.654433,2888.823,POST,/api/inference,True,,1191,30,200,
1790479517.19191,1790479520.077556,39560.796802,39563.682447,2885.645,POST,/api/inference,True,,1191,31,200,
1790479517.21984,1790479520.10926,39560.824731,39563.714151,2889.42,POST,/api/inference,True,,1191,32,200,
1790479517.24605,1790479520.13409,39560.850941,39563.738981,2888.04,POST,/api/inference,True,,1191,33,200,
1790479517.304838,1790479520.191649,39560.90973,39563.796541,2886.811,POST,/api/inference,True,,1191,35,200,
1790479517.306339,1790479520.192816,39560.91123,39563.797707,2886.477,POST,/api/inference,True,,1191,34,200,
1790479517.336114,1790479520.222881,39560.941005,39563.827772,2886.767,POST,/api/inference,True,,1191,36,200,
1790479517.36452,1790479520.253677,39560.969411,39563.858568,2889.157,POST,/api/inference,True,,1191,37,200,
1790479517.389936,1790479520.278162,39560.994827,39563.883053,2888.227,POST,/api/inference,True,,1191,38,200,
1790479517.420814,1790479520.308008,39561.025705,39563.912899,2887.194,POST,/api/inference,True,,1191,39,200,
1790479517.447993,1790479520.335218,39561.052884,39563.940109,2887.225,POST,/api/inference,True,,1191,40,200,
1790479517.478285,1790479520.363678,39561.083176,39563.968569,2885.393,POST,/api/inference,True,,1191,41,200,
1790479517.506809,1790479520.392846,39561.1117,39563.997737,2886.036,POST,/api/inference,True,,1191,42,200,
1790479517.537686,1790479520.427438,39561.142577,39564.03233,2889.753,POST,/api/inference,True,,1191,43,200,
1790479517.567401,1790479520.454123,39561.172292,39564.059014,2886.722,POST,/api/inference,True,,1191,44,200,
1790479517.589875,1790479520.476791,39561.194766,39564.081683,2886.916,POST,/api/inference,True,,1191,45,200,
1790479517.618147,1790479520.505061,39561.223038,39564.109952,2886.914,POST,/api/inference,True,,1191,46,200,
1790479517.646713,1790479520.5335,39561.251604,39564.138391,2886.787,POST,/api/inference,True,,1191,47,200,
1790479517.677239,1790479520.563919,39561.28213,39564.16881,2886.68,POST,/api/inference,True,,1191,48,200,
1790479517.704442,1790479520.590911,39561.309333,39564.195803,2886.47,POST,/api/inference,True,,1191,49,200,
1790479517.734588,1790479520.621454,39561.33948,39564.226345,2886.866,POST,/api/inference,True,,1191,50,200,
1790479517.780066,1790479520.6668,39561.384957,39564.271691,2886.734,POST,/api/inference,True,,1191,51,200,
1790479517.798713,1790479520.68551,39561.403604,39564.290402,2886.798,POST,/api/inference,True,,1191,52,200,
1790479517.822028,1790479520.709554,39561.42692,39564.314446,2887.526,POST,/api/inference,True,,1191,53,200,
1790479517.848677,1790479520.734885,39561.453568,39564.339776,2886.207,POST,/api/inference,True,,1191,54,200,
1790479517.902093,1790479520.78944,39561.506984,39564.394331,2887.347,POST,/api/inference,True,,1191,55,200,
1790479517.903836,1790479520.791288,39561.508727,39564.396179,2887.451,POST,/api/inference,True,,1191,56,200,
1790479517.941951,1790479520.829255,39561.546842,39564.434146,2887.304,POST,/api/inference,True,,1191,57,200,
1790479517.960866,1790479520.847966,39561.565757,39564.452857,2887.1,POST,/api/inference,True,,1191,58,200,
1790479517.997693,1790479520.884811,39561.602585,39564.489702,2887.118,POST,/api/inference,True,,1191,59,200,
1790479518.066404,1790479520.952672,39561.671295,39564.557563,2886.268,POST,/api/inference,True,,1191,61,200,
1790479518.068241,1790479520.953928,39561.673132,39564.55882,2885.688,POST,/api/inference,True,,1191,60,200,
1790479518.078002,1790479520.963958,39561.682893,39564.568849,2885.955,POST,/api/inference,True,,1191,62,200,
1790479518.119236,1790479521.006459,39561.724127,39564.61135,2887.223,POST,/api/inference,True,,1191,63,200,
1790479518.141954,1790479521.028682,39561.746846,39564.633573,2886.728,POST,/api/inference,True,,1191,64,200,
1790479518.168791,1790479521.056904,39561.773682,39564.661795,2888.114,POST,/api/inference,True,,1191,65,200,
1790479518.19728,1790479521.083626,39561.802172,39564.688517,2886.345,POST,/api/inference,True,,1191,66,200,
1790479518.224267,1790479521.110669,39561.829158,39564.715561,2886.403,POST,/api/inference,True,,1191,67,200,
1790479518.264146,1790479521.15184,39561.869038,39564.756731,2887.694,POST,/api/inference,True,,1191,68,200,
1790479518.28246,1790479521.168169,39561.887351,39564.77306,2885.709,POST,/api/inference,True,,1191,69,200,
1790479518.314067,1790479521.199793,39561.918958,39564.804684,2885.726,POST,/api/inference,True,,1191,70,200,
1790479518.342426,1790479521.229095,39561.947317,39564.833986,2886.669,POST,/api/inference,True,,1191,71,200,
1790479518.374966,1790479521.262692,39561.979857,39564.867583,2887.726,POST,/api/inference,True,,1191,72,200,
1790479518.397211,1790479521.285122,39562.002102,39564.890013,2887.911,POST,/api/inference,True,,1191,73,200,
1790479518.425388,1790479521.313759,39562.030279,39564.91865,2888.371,POST,/api/inference,True,,1191,74,200,
1790479518.456397,1790479521.34238,39562.061289,39564.947271,2885.983,POST,/api/inference,True,,1191,75,200,
1790479518.486027,1790479521.373424,39562.090919,39564.978315,2887.397,POST,/api/inference,True,,1191,76,200,
1790479518.51352,1790479521.400272,39562.118411,39565.005163,2886.752,POST,/api/inference,True,,1191,77,200,
1790479518.544384,1790479521.431342,39562.149275,39565.036233,2886.958,POST,/api/inference,True,,1191,78,200,
1790479518.572943,1790479521.460133,39562.177834,39565.065024,2887.19,POST,/api/inference,True,,1191,79,200,
1790479518.602465,1790479521.489946,39562.207356,39565.094837,2887.481,POST,/api/inference,True,,1191,80,200,
1790479518.62709,1790479521.514296,39562.231981,39565.119187,2887.206,POST,/api/inference,True,,1191,81,200,
1790479518.656029,1790479521.542205,39562.26092,39565.147096,2886.176,POST,/api/inference,True,,1191,82,200,
1790479518.689694,1790479521.575873,39562.294586,39565.180764,2886.178,POST,/api/inference,True,,1191,83,200,
1790479518.716804,1790479521.60304,39562.321695,39565.207931,2886.236,POST,/api/inference,True,,1191,84,200,
1790479518.750406,1790479521.636612,39562.355297,39565.241504,2886.206,POST,/api/inference,True,,1191,85,200,
1790479518.768726,1790479521.655982,39562.373617,39565.260873,2887.256,POST,/api/inference,True,,1191,86,200,
1790479518.81018,1790479521.697705,39562.415071,39565.302597,2887.525,POST,/api/inference,True,,1191,87,200,
1790479518.829597,1790479521.715958,39562.434488,39565.320849,2886.361,POST,/api/inference,True,,1191,88,200,
1790479518.863904,1790479521.750017,39562.468795,39565.354908,2886.113,POST,/api/inference,True,,1191,89,200,
1790479518.902468,1790479521.790358,39562.507359,39565.395249,2887.889,POST,/api/inference,True,,1191,90,200,
1790479518.917809,1790479521.805293,39562.5227,39565.410184,2887.484,POST,/api/inference,True,,1191,91,200,
1790479518.946373,1790479521.834333,39562.551264,39565.439224,2887.959,POST,/api/inference,True,,1191,92,200,
1790479518.973715,1790479521.85932,39562.578606,39565.464211,2885.606,POST,/api/inference,True,,1191,93,200,
1790479519.000979,1790479521.886577,39562.60587,39565.491468,2885.598,POST,/api/inference,True,,1191,94,200,
1790479519.04079,1790479521.927009,39562.645681,39565.5319,2886.219,POST,/api/inference,True,,1191,95,200,
1790479519.063621,1790479521.949523,39562.668512,39565.554414,2885.902,POST,/api/inference,True,,1191,96,200,
1790479519.096708,1790479521.982896,39562.701599,39565.587787,2886.188,POST,/api/inference,True,,1191,97,200,
1790479519.117548,1790479522.004057,39562.722439,39565.608948,2886.51,POST,/api/inference,True,,1191,98,200,
1790479519.149031,1790479522.035372,39562.753922,39565.640264,2886.341,POST,/api/inference,True,,1191,99,200,
1790479519.185159,1790479522.072833,39562.79005,39565.677724,2887.675,POST,/api/inference,True,,1191,0,200,
1790479519.214286,1790479522.102663,39562.819178,39565.707554,2888.376,POST,/api/inference,True,,1191,1,200,
1790479519.245562,1790479522.132424,39562.850453,39565.737315,2886.862,POST,/api/inference,True,,1191,2,200,
1790479519.274806,1790479522.16118,39562.879697,39565.766071,2886.374,POST,/api/inference,True,,1191,3,200,
1790479519.303699,1790479522.190446,39562.908591,39565.795337,2886.746,POST,/api/inference,True,,1191,4,200,
1790479519.325276,1790479522.211227,39562.930167,39565.816118,2885.951,POST,/api/inference,True,,1191,5,200,
1790479519.362052,1790479522.249333,39562.966944,39565.854224,2887.28,POST,/api/inference,True,,1191,6,200,
1790479519.389044,1790479522.277311,39562.993936,39565.882202,2888.266,POST,/api/inference,True,,1191,7,200,
1790479519.415813,1790479522.3022,39563.020704,39565.907091,2886.387,POST,/api/inference,True,,1191,8,200,
1790479519.442886,1790479522.330055,39563.047778,39565.934946,2887.169,POST,/api/inference,True,,1191,9,200,
1790479519.470993,1790479522.358475,39563.075884,39565.963366,2887.482,POST,/api/inference,True,,1191,10,200,
1790479519.498823,1790479522.386638,39563.103714,39565.991529,2887.815,POST,/api/inference,True,,1191,11,200,
1790479519.537459,1790479522.423623,39563.142351,39566.028514,2886.163,POST,/api/inference,True,,1191,12,200,
1790479519.555605,1790479522.441029,39563.160496,39566.04592,2885.424,POST,/api/inference,True,,1191,13,200,
1790479519.586129,1790479522.472886,39563.191021,39566.077777,2886.756,POST,/api/inference,True,,1191,14,200,
1790479519.617623,1790479522.505117,39563.222514,39566.110008,2887.495,POST,/api/inference,True,,1191,15,200,
1790479519.645567,1790479522.531929,39563.250458,39566.13682,2886.362,POST,/api/inference,True,,1191,16,200,
1790479519.671743,1790479522.560285,39563.276634,39566.165176,2888.542,POST,/api/inference,True,,1191,17,200,
1790479519.70263,1790479522.589416,39563.307521,39566.194307,2886.786,POST,/api/inference,True,,1191,18,200,
1790479519.739128,1790479522.625679,39563.344019,39566.23057,2886.551,POST,/api/inference,True,,1191,19,200,
1790479519.764977,1790479522.652941,39563.369869,39566.257832,2887.964,POST,/api/inference,True,,1191,20,200,
1790479519.792526,1790479522.68032,39563.397417,39566.285211,2887.794,POST,/api/inference,True,,1191,21,200,
1790479519.819929,1790479522.70693,39563.424821,39566.311822,2887.001,POST,/api/inference,True,,1191,22,200,
1790479519.850412,1790479522.736823,39563.455303,39566.341714,2886.411,POST,/api/inference,True,,1191,23,200,
1790479519.877894,1790479522.770731,39563.482785,39566.375622,2892.837,POST,/api/inference,True,,1191,24,200,
1790479519.905085,1790479522.792737,39563.509976,39566.397629,2887.652,POST,/api/inference,True,,1191,25,200,
1790479519.929974,1790479522.816796,39563.534865,39566.421687,2886.822,POST,/api/inference,True,,1191,26,200,
1790479519.966702,1790479522.854069,39563.571593,39566.45896,2887.367,POST,/api/inference,True,,1191,27,200,
1790479520.017028,1790479522.906312,39563.621919,39566.511203,2889.284,POST,/api/inference,True,,1191,29,200,
1790479520.019444,1790479522.907823,39563.624335,39566.512714,2888.379,POST,/api/inference,True,,1191,28,200,
1790479520.049733,1790479522.937582,39563.654624,39566.542473,2887.849,POST,/api/inference,True,,1191,30,200,
1790479520.077715,1790479522.965105,39563.682606,39566.569996,2887.39,POST,/api/inference,True,,1191,31,200,
1790479520.109465,1790479522.997622,39563.714356,39566.602513,2888.156,POST,/api/inference,True,,1191,32,200,
1790479520.134258,1790479523.02015,39563.739149,39566.625041,2885.892,POST,/api/inference,True,,1191,33,200,
1790479520.191805,1790479523.078959,39563.796697,39566.68385,2887.153,POST,/api/inference,True,,1191,35,200,
1790479520.193385,1790479523.080567,39563.798277,39566.685458,2887.182,POST,/api/inference,True,,1191,34,200,
1790479520.223052,1790479523.11044,39563.827943,39566.715331,2887.388,POST,/api/inference,True,,1191,36,200,
1790479520.253829,1790479523.140595,39563.85872,39566.745486,2886.767,POST,/api/inference,True,,1191,37,200,
1790479520.278319,1790479523.164382,39563.88321,39566.769273,2886.063,POST,/api/inference,True,,1191,38,200,
1790479520.308187,1790479523.195844,39563.913078,39566.800735,2887.657,POST,/api/inference,True,,1191,39,200,
1790479520.335394,1790479523.224324,39563.940285,39566.829215,2888.929,POST,/api/inference,True,,1191,40,200,
1790479520.36383,1790479523.249921,39563.968721,39566.854812,2886.091,POST,/api/inference,True,,1191,41,200,
1790479520.392989,1790479523.279516,39563.99788,39566.884407,2886.526,POST,/api/inference,True,,1191,42,200,
1790479520.427596,1790479523.314785,39564.032487,39566.919676,2887.189,POST,/api/inference,True,,1191,43,200,
1790479520.454273,1790479523.342106,39564.059165,39566.946997,2887.833,POST,/api/inference,True,,1191,44,200,
1790479520.47696,1790479523.364265,39564.081851,39566.969156,2887.305,POST,/api/inference,True,,1191,45,200,
1790479520.5052,1790479523.396003,39564.110091,39567.000895,2890.804,POST,/api/inference,True,,1191,46,200,
1790479520.533652,1790479523.421746,39564.138543,39567.026637,2888.094,POST,/api/inference,True,,1191,47,200,
1790479520.564074,1790479523.450366,39564.168966,39567.055258,2886.292,POST,/api/inference,True,,1191,48,200,
1790479520.591073,1790479523.478137,39564.195964,39567.083028,2887.064,POST,/api/inference,True,,1191,49,200,
1790479520.621613,1790479523.50877,39564.226504,39567.113662,2887.158,POST,/api/inference,True,,1191,50,200,
1790479520.666964,1790479523.554274,39564.271855,39567.159165,2887.31,POST,/api/inference,True,,1191,51,200,
1790479520.685669,1790479523.572502,39564.29056,39567.177394,2886.834,POST,/api/inference,True,,1191,52,200,
1790479520.709731,1790479523.596107,39564.314623,39567.200999,2886.376,POST,/api/inference,True,,1191,53,200,
1790479520.735037,1790479523.62143,39564.339928,39567.226321,2886.393,POST,/api/inference,True,,1191,54,200,
1790479520.789607,1790479523.676102,39564.394498,39567.280994,2886.495,POST,/api/inference,True,,1191,55,200,
1790479520.791409,1790479523.677758,39564.3963,39567.28265,2886.349,POST,/api/inference,True,,1191,56,200,
1790479520.829407,1790479523.716208,39564.434298,39567.321099,2886.8,POST,/api/inference,True,,1191,57,200,
1790479520.848119,1790479523.735504,39564.45301,39567.340395,2887.385,POST,/api/inference,True,,1191,58,200,
1790479520.884964,1790479523.772501,39564.489855,39567.377393,2887.538,POST,/api/inference,True,,1191,59,200,
1790479520.952826,1790479523.84202,39564.557717,39567.446911,2889.194,POST,/api/inference,True,,1191,61,200,
1790479520.954467,1790479523.843238,39564.559358,39567.448129,2888.771,POST,/api/inference,True,,1191,60,200,
1790479520.964103,1790479523.849636,39564.568995,39567.454527,2885.532,POST,/api/inference,True,,1191,62,200,
1790479521.00664,1790479523.893718,39564.611531,39567.498609,2887.078,POST,/api/inference,True,,1191,63,200,
1790479521.028842,1790479523.916886,39564.633733,39567.521777,2888.043,POST,/api/inference,True,,1191,64,200,
1790479521.057169,1790479523.944059,39564.66206,39567.54895,2886.89,POST,/api/inference,True,,1191,65,200,
1790479521.083788,1790479523.970173,39564.68868,39567.575064,2886.384,POST,/api/inference,True,,1191,66,200,
1790479521.110831,1790479523.998837,39564.715722,39567.603728,2888.006,POST,/api/inference,True,,1191,67,200,
1790479521.152001,1790479524.038805,39564.756892,39567.643696,2886.804,POST,/api/inference,True,,1191,68,200,
1790479521.168325,1790479524.054283,39564.773216,39567.659175,2885.958,POST,/api/inference,True,,1191,69,200,
1790479521.199942,1790479524.085744,39564.804833,39567.690635,2885.802,POST,/api/inference,True,,1191,70,200,
1790479521.229257,1790479524.115812,39564.834148,39567.720703,2886.555,POST,/api/inference,True,,1191,71,200,
1790479521.262866,1790479524.150792,39564.867758,39567.755683,2887.926,POST,/api/inference,True,,1191,72,200,
1790479521.285301,1790479524.173918,39564.890192,39567.778809,2888.617,POST,/api/inference,True,,1191,73,200,
1790479521.313931,1790479524.201269,39564.918823,39567.80616,2887.337,POST,/api/inference,True,,1191,74,200,
1790479521.342539,1790479524.22967,39564.94743,39567.834561,2887.131,POST,/api/inference,True,,1191,75,200,
1790479521.373586,1790479524.259933,39564.978477,39567.864824,2886.347,POST,/api/inference,True,,1191,76,200,
1790479521.400426,1790479524.288147,39565.005318,39567.893038,2887.721,POST,/api/inference,True,,1191,77,200,
1790479521.431485,1790479524.317381,39565.036376,39567.922273,2885.897,POST,/api/inference,True,,1191,78,200,
1790479521.460316,1790479524.346461,39565.065207,39567.951352,2886.145,POST,/api/inference,True,,1191,79,200,
1790479521.490117,1790479524.377129,39565.095008,39567.98202,2887.012,POST,/api/inference,True,,1191,80,200,
1790479521.514456,1790479524.400566,39565.119347,39568.005457,2886.11,POST,/api/inference,True,,1191,81,200,
1790479521.542374,1790479524.429627,39565.147265,39568.034518,2887.253,POST,/api/inference,True,,1191,82,200,
1790479521.576036,1790479524.463271,39565.180927,39568.068162,2887.235,POST,/api/inference,True,,1191,83,200,
1790479521.603284,1790479524.490605,39565.208175,39568.095496,2887.321,POST,/api/inference,True,,1191,84,200,
1790479521.636765,1790479524.523527,39565.241656,39568.128418,2886.762,POST,/api/inference,True,,1191,85,200,
1790479521.656136,1790479524.542144,39565.261027,39568.147035,2886.008,POST,/api/inference,True,,1191,86,200,
1790479521.697871,1790479524.585939,39565.302762,39568.19083,2888.068,POST,/api/inference,True,,1191,87,200,
1790479521.716145,1790479524.602431,39565.321036,39568.207322,2886.286,POST,/api/inference,True,,1191,88,200,
1790479521.750181,1790479524.637966,39565.355072,39568.242857,2887.785,POST,/api/inference,True,,1191,89,200,
1790479521.790522,1790479524.677366,39565.395413,39568.282257,2886.844,POST,/api/inference,True,,1191,90,200,
1790479521.80552,1790479524.69335,39565.410411,39568.298242,2887.83,POST,/api/inference,True,,1191,91,200,
1790479521.834524,1790479524.722037,39565.439416,39568.326928,2887.513,POST,/api/inference,True,,1191,92,200,
1790479521.85957,1790479524.747201,39565.464461,39568.352092,2887.631,POST,/api/inference,True,,1191,93,200,
1790479521.886709,1790479524.774698,39565.4916,39568.379589,2887.989,POST,/api/inference,True,,1191,94,200,
1790479521.927134,1790479524.813364,39565.532025,39568.418255,2886.23,POST,/api/inference,True,,1191,95,200,
1790479521.949643,1790479524.835831,39565.554535,39568.440722,2886.188,POST,/api/inference,True,,1191,96,200,
1790479521.983037,1790479524.869558,39565.587928,39568.474449,2886.521,POST,/api/inference,True,,1191,97,200,
1790479522.004245,1790479524.892154,39565.609136,39568.497045,2887.909,POST,/api/inference,True,,1191,98,200,
1790479522.035513,1790479524.920638,39565.640404,39568.525529,2885.125,POST,/api/inference,True,,1191,99,200,
1790479522.073001,1790479524.95967,39565.677893,39568.564561,2886.669,POST,/api/inference,True,,1191,0,200,
1790479522.102854,1790479524.989824,39565.707745,39568.594715,2886.97,POST,/api/inference,True,,1191,1,200,
1790479522.132576,1790479525.020873,39565.737468,39568.625764,2888.296,POST,/api/inference,True,,1191,2,200,
1790479522.161337,1790479525.049987,39565.766228,39568.654878,2888.65,POST,/api/inference,True,,1191,3,200,
1790479522.190614,1790479525.078006,39565.795505,39568.682897,2887.392,POST,/api/inference,True,,1191,4,200,
1790479522.211399,1790479525.097598,39565.81629,39568.702489,2886.199,POST,/api/inference,True,,1191,5,200,
1790479522.249498,1790479525.135827,39565.85439,39568.740718,2886.328,POST,/api/inference,True,,1191,6,200,
1790479522.277479,1790479525.164075,39565.882371,39568.768967,2886.596,POST,/api/inference,True,,1191,7,200,
1790479522.302362,1790479525.189113,39565.907253,39568.794004,2886.751,POST,/api/inference,True,,1191,8,200,
1790479522.330214,1790479525.218368,39565.935105,39568.823259,2888.154,POST,/api/inference,True,,1191,9,200,
1790479522.358648,1790479525.246474,39565.963539,39568.851365,2887.826,POST,/api/inference,True,,1191,10,200,
1790479522.386801,1790479525.275094,39565.991693,39568.879986,2888.293,POST,/api/inference,True,,1191,11,200,
1790479522.42378,1790479525.310733,39566.028671,39568.915625,2886.953,POST,/api/inference,True,,1191,12,200,
1790479522.441177,1790479525.326608,39566.046068,39568.931499,2885.431,POST,/api/inference,True,,1191,13,200,
1790479522.473029,1790479525.359004,39566.07792,39568.963895,2885.975,POST,/api/inference,True,,1191,14,200,
1790479522.505269,1790479525.392225,39566.11016,39568.997116,2886.956,POST,/api/inference,True,,1191,15,200,
1790479522.532098,1790479525.419963,39566.13699,39569.024854,2887.864,POST,/api/inference,True,,1191,16,200,
1790479522.560452,1790479525.44746,39566.165343,39569.052351,2887.007,POST,/api/inference,True,,1191,17,200,
1790479522.589571,1790479525.476839,39566.194462,39569.08173,2887.268,POST,/api/inference,True,,1191,18,200,
1790479522.625831,1790479525.511976,39566.230723,39569.116867,2886.145,POST,/api/inference,True,,1191,19,200,
1790479522.653097,1790479525.540845,39566.257988,39569.145736,2887.748,POST,/api/inference,True,,1191,20,200,
1790479522.68047,1790479525.567303,39566.285361,39569.172194,2886.833,POST,/api/inference,True,,1191,21,200,
1790479522.70709,1790479525.594284,39566.311981,39569.199176,2887.194,POST,/api/inference,True,,1191,22,200,
1790479522.736989,1790479525.624056,39566.34188,39569.228947,2887.068,POST,/api/inference,True,,1191,23,200,
1790479522.770877,1790479525.656943,39566.375768,39569.261834,2886.066,POST,/api/inference,True,,1191,24,200,
1790479522.792898,1790479525.68097,39566.397789,39569.285861,2888.073,POST,/api/inference,True,,1191,25,200,
1790479522.816958,1790479525.703551,39566.421849,39569.308443,2886.593,POST,/api/inference,True,,1191,26,200,
1790479522.854237,1790479525.741472,39566.459128,39569.346364,2887.236,POST,/api/inference,True,,1191,27,200,
1790479522.906492,1790479525.794416,39566.511383,39569.399307,2887.924,POST,/api/inference,True,,1191,29,200,
1790479522.908439,1790479525.796333,39566.51333,39569.401225,2887.894,POST,/api/inference,True,,1191,28,200,
1790479522.937749,1790479525.823708,39566.54264,39569.428599,2885.959,POST,/api/inference,True,,1191,30,200,
1790479522.965267,1790479525.852216,39566.570159,39569.457108,2886.949,POST,/api/inference,True,,1191,31,200,
1790479522.997779,1790479525.884789,39566.60267,39569.489681,2887.011,POST,/api/inference,True,,1191,32,200,
1790479523.020321,1790479525.906851,39566.625212,39569.511742,2886.53,POST,/api/inference,True,,1191,33,200,
1790479523.080685,1790479525.967846,39566.685577,39569.572737,2887.16,POST,/api/inference,True,,1191,34,200,
1790479523.079094,1790479525.968302,39566.683985,39569.573193,2889.208,POST,/api/inference,True,,1191,35,200,
1790479523.11061,1790479525.997692,39566.715501,39569.602583,2887.082,POST,/api/inference,True,,1191,36,200,
1790479523.140748,1790479526.027515,39566.745639,39569.632406,2886.767,POST,/api/inference,True,,1191,37,200,
1790479523.164698,1790479526.051276,39566.769589,39569.656167,2886.578,POST,/api/inference,True,,1191,38,200,
1790479523.19601,1790479526.082331,39566.800901,39569.687222,2886.321,POST,/api/inference,True,,1191,39,200,
1790479523.224498,1790479526.110965,39566.829389,39569.715856,2886.467,POST,/api/inference,True,,1191,40,200,
1790479523.250084,1790479526.136621,39566.854976,39569.741512,2886.536,POST,/api/inference,True,,1191,41,200,
1790479523.279683,1790479526.16586,39566.884574,39569.770751,2886.177,POST,/api/inference,True,,1191,42,200,
1790479523.314943,1790479526.202378,39566.919834,39569.807269,2887.435,POST,/api/inference,True,,1191,43,200,
1790479523.342256,1790479526.229302,39566.947148,39569.834194,2887.046,POST,/api/inference,True,,1191,44,200,
1790479523.364426,1790479526.2777,39566.969317,39569.882591,2913.274,POST,/api/inference,True,,1191,45,200,
1790479523.396108,1790479526.27949,39567.000999,39569.884381,2883.381,POST,/api/inference,True,,1191,46,200,
1790479523.421916,1790479526.309261,39567.026807,39569.914153,2887.345,POST,/api/inference,True,,1191,47,200,
1790479523.450517,1790479526.337131,39567.055408,39569.942022,2886.614,POST,/api/inference,True,,1191,48,200,
1790479523.478304,1790479526.365308,39567.083195,39569.970199,2887.004,POST,/api/inference,True,,1191,49,200,
1790479523.508926,1790479526.394875,39567.113818,39569.999766,2885.948,POST,/api/inference,True,,1191,50,200,
1790479523.55443,1790479526.440911,39567.159321,39570.045803,2886.481,POST,/api/inference,True,,1191,51,200,
1790479523.572664,1790479526.459978,39567.177555,39570.064869,2887.314,POST,/api/inference,True,,1191,52,200,
1790479523.596261,1790479526.483021,39567.201152,39570.087913,2886.761,POST,/api/inference,True,,1191,53,200,
1790479523.62159,1790479526.508317,39567.226481,39570.113208,2886.727,POST,/api/inference,True,,1191,54,200,
1790479523.676257,1790479526.561732,39567.281148,39570.166624,2885.475,POST,/api/inference,True,,1191,55,200,
1790479523.677871,1790479526.563349,39567.282762,39570.168241,2885.479,POST,/api/inference,True,,1191,56,200,
1790479523.716359,1790479526.601297,39567.32125,39570.206188,2884.939,POST,/api/inference,True,,1191,57,200,
1790479523.735664,1790479526.622596,39567.340556,39570.227488,2886.932,POST,/api/inference,True,,1191,58,200,
1790479523.772659,1790479526.659783,39567.37755,39570.264674,2887.124,POST,/api/inference,True,,1191,59,200,
1790479523.842162,1790479526.731579,39567.447054,39570.336471,2889.417,POST,/api/inference,True,,1191,61,200,
1790479523.843765,1790479526.733064,39567.448656,39570.337955,2889.299,POST,/api/inference,True,,1191,60,200,
1790479523.849742,1790479526.734324,39567.454633,39570.339215,2884.582,POST,/api/inference,True,,1191,62,200,
1790479523.893867,1790479526.781006,39567.498758,39570.385897,2887.139,POST,/api/inference,True,,1191,63,200,
1790479523.917085,1790479526.803569,39567.521976,39570.408461,2886.484,POST,/api/inference,True,,1191,64,200,
1790479523.944224,1790479526.831298,39567.549115,39570.436189,2887.074,POST,/api/inference,True,,1191,65,200,
1790479523.970329,1790479526.856093,39567.57522,39570.460985,2885.764,POST,/api/inference,True,,1191,66,200,
1790479523.999022,1790479526.884568,39567.603913,39570.48946,2885.547,POST,/api/inference,True,,1191,67,200,
1790479524.03899,1790479526.926339,39567.643881,39570.53123,2887.349,POST,/api/inference,True,,1191,68,200,
1790479524.054434,1790479526.940647,39567.659325,39570.545538,2886.213,POST,/api/inference,True,,1191,69,200,
1790479524.085886,1790479526.972011,39567.690778,39570.576903,2886.125,POST,/api/inference,True,,1191,70,200,
1790479524.115983,1790479527.00207,39567.720875,39570.606961,2886.086,POST,/api/inference,True,,1191,71,200,
1790479524.150949,1790479527.038291,39567.755841,39570.643183,2887.342,POST,/api/inference,True,,1191,72,200,
1790479524.174079,1790479527.060621,39567.77897,39570.665512,2886.542,POST,/api/inference,True,,1191,73,200,
1790479524.201423,1790479527.088825,39567.806314,39570.693716,2887.402,POST,/api/inference,True,,1191,74,200,
1790479524.229821,1790479527.116355,39567.834713,39570.721247,2886.534,POST,/api/inference,True,,1191,75,200,
1790479524.260095,1790479527.147261,39567.864986,39570.752152,2887.166,POST,/api/inference,True,,1191,76,200,
1790479524.288296,1790479527.173553,39567.893187,39570.778444,2885.257,POST,/api/inference,True,,1191,77,200,
1790479524.317571,1790479527.203009,39567.922462,39570.8079,2885.438,POST,/api/inference,True,,1191,78,200,
1790479524.346626,1790479527.232515,39567.951517,39570.837406,2885.889,POST,/api/inference,True,,1191,79,200,
1790479524.377287,1790479527.263801,39567.982179,39570.868693,2886.514,POST,/api/inference,True,,1191,80,200,
1790479524.400732,1790479527.289333,39568.005623,39570.894224,2888.601,POST,/api/inference,True,,1191,81,200,
1790479524.429787,1790479527.317316,39568.034678,39570.922207,2887.529,POST,/api/inference,True,,1191,82,200,
1790479524.463442,1790479527.351045,39568.068333,39570.955936,2887.603,POST,/api/inference,True,,1191,83,200,
1790479524.49092,1790479527.378922,39568.095811,39570.983814,2888.002,POST,/api/inference,True,,1191,84,200,
1790479524.523699,1790479527.410502,39568.12859,39571.015393,2886.804,POST,/api/inference,True,,1191,85,200,
1790479524.542285,1790479527.42899,39568.147177,39571.033881,2886.704,POST,/api/inference,True,,1191,86,200,
1790479524.586127,1790479527.474422,39568.191018,39571.079313,2888.295,POST,/api/inference,True,,1191,87,200,
1790479524.602588,1790479527.489511,39568.207479,39571.094402,2886.923,POST,/api/inference,True,,1191,88,200,
1790479524.638115,1790479527.524614,39568.243006,39571.129505,2886.498,POST,/api/inference,True,,1191,89,200,
1790479524.677526,1790479527.564861,39568.282417,39571.169752,2887.335,POST,/api/inference,True,,1191,90,200,
1790479524.693614,1790479527.579241,39568.298505,39571.184132,2885.627,POST,/api/inference,True,,1191,91,200,
1790479524.7222,1790479527.609726,39568.327092,39571.214618,2887.526,POST,/api/inference,True,,1191,92,200,
1790479524.747683,1790479527.633943,39568.352574,39571.238835,2886.26,POST,/api/inference,True,,1191,93,200,
1790479524.774859,1790479527.66159,39568.37975,39571.266481,2886.731,POST,/api/inference,True,,1191,94,200,
1790479524.813516,1790479527.70057,39568.418407,39571.305461,2887.054,POST,/api/inference,True,,1191,95,200,
1790479524.835988,1790479527.723317,39568.440879,39571.328208,2887.329,POST,/api/inference,True,,1191,96,200,
1790479524.86973,1790479527.756375,39568.474621,39571.361266,2886.645,POST,/api/inference,True,,1191,97,200,
1790479524.892317,1790479527.778741,39568.497208,39571.383632,2886.424,POST,/api/inference,True,,1191,98,200,
1790479524.9208,1790479527.806826,39568.525691,39571.411717,2886.026,POST,/api/inference,True,,1191,99,200,
1790479524.959829,1790479527.847401,39568.564721,39571.452292,2887.571,POST,/api/inference,True,,1191,0,200,
1790479524.989978,1790479527.876471,39568.594869,39571.481362,2886.493,POST,/api/inference,True,,1191,1,200,
1790479525.021078,1790479527.908353,39568.625969,39571.513244,2887.275,POST,/api/inference,True,,1191,2,200,
1790479525.050164,1790479527.937332,39568.655055,39571.542223,2887.168,POST,/api/inference,True,,1191,3,200,
1790479525.078174,1790479527.96527,39568.683065,39571.570161,2887.096,POST,/api/inference,True,,1191,4,200,
1790479525.097742,1790479527.984746,39568.702633,39571.589638,2887.005,POST,/api/inference,True,,1191,5,200,
1790479525.135988,1790479528.022266,39568.740879,39571.627157,2886.278,POST,/api/inference,True,,1191,6,200,
1790479525.164227,1790479528.050933,39568.769118,39571.655824,2886.706,POST,/api/inference,True,,1191,7,200,
1790479525.189266,1790479528.078846,39568.794157,39571.683737,2889.58,POST,/api/inference,True,,1191,8,200,
1790479525.218529,1790479528.10626,39568.82342,39571.711151,2887.731,POST,/api/inference,True,,1191,9,200,
1790479525.246637,1790479528.132997,39568.851528,39571.737888,2886.36,POST,/api/inference,True,,1191,10,200,
1790479525.275331,1790479528.162205,39568.880222,39571.767096,2886.874,POST,/api/inference,True,,1191,11,200,
1790479525.310896,1790479528.197561,39568.915788,39571.802452,2886.664,POST,/api/inference,True,,1191,12,200,
1790479525.326745,1790479528.211729,39568.931637,39571.816621,2884.984,POST,/api/inference,True,,1191,13,200,
1790479525.359236,1790479528.246395,39568.964127,39571.851287,2887.16,POST,/api/inference,True,,1191,14,200,
1790479525.392387,1790479528.279298,39568.997278,39571.884189,2886.911,POST,/api/inference,True,,1191,15,200,
1790479525.420125,1790479528.306371,39569.025016,39571.911262,2886.247,POST,/api/inference,True,,1191,16,200,
1790479525.447623,1790479528.334146,39569.052514,39571.939038,2886.524,POST,/api/inference,True,,1191,17,200,
1790479525.47699,1790479528.36304,39569.081882,39571.967931,2886.05,POST,/api/inference,True,,1191,18,200,
1790479525.512135,1790479528.398214,39569.117026,39572.003105,2886.079,POST,/api/inference,True,,1191,19,200,
1790479525.541006,1790479528.428741,39569.145897,39572.033633,2887.736,POST,/api/inference,True,,1191,20,200,
1790479525.567449,1790479528.45344,39569.17234,39572.058332,2885.991,POST,/api/inference,True,,1191,21,200,
1790479525.594434,1790479528.480618,39569.199325,39572.085509,2886.184,POST,/api/inference,True,,1191,22,200,
1790479525.624237,1790479528.511409,39569.229128,39572.1163,2887.172,POST,/api/inference,True,,1191,23,200,
1790479525.657109,1790479528.545279,39569.262,39572.15017,2888.17,POST,/api/inference,True,,1191,24,200,
1790479525.681149,1790479528.568043,39569.28604,39572.172935,2886.895,POST,/api/inference,True,,1191,25,200,
1790479525.703716,1790479528.591434,39569.308607,39572.196325,2887.717,POST,/api/inference,True,,1191,26,200,
1790479525.741624,1790479528.627695,39569.346516,39572.232587,2886.071,POST,/api/inference,True,,1191,27,200,
1790479525.794573,1790479528.680981,39569.399464,39572.285872,2886.408,POST,/api/inference,True,,1191,29,200,
1790479525.796449,1790479528.682553,39569.40134,39572.287445,2886.104,POST,/api/inference,True,,1191,28,200,
1790479525.823862,1790479528.710373,39569.428753,39572.315264,2886.511,POST,/api/inference,True,,1191,30,200,
1790479525.852386,1790479528.739563,39569.457278,39572.344454,2887.176,POST,/api/inference,True,,1191,31,200,
1790479525.884921,1790479528.771634,39569.489812,39572.376526,2886.714,POST,/api/inference,True,,1191,32,200,
1790479525.907013,1790479528.794429,39569.511904,39572.39932,2887.416,POST,/api/inference,True,,1191,33,200,
1790479525.968415,1790479528.857369,39569.573306,39572.46226,2888.954,POST,/api/inference,True,,1191,34,200,
1790479525.968985,1790479528.859359,39569.573876,39572.46425,2890.374,POST,/api/inference,True,,1191,35,200,
1790479525.997851,1790479528.884517,39569.602743,39572.489408,2886.665,POST,/api/inference,True,,1191,36,200,
1790479526.027714,1790479528.91528,39569.632605,39572.520171,2887.566,POST,/api/inference,True,,1191,37,200,
1790479526.051441,1790479528.938509,39569.656332,39572.5434,2887.068,POST,/api/inference,True,,1191,38,200,
1790479526.082485,1790479528.969203,39569.687376,39572.574095,2886.719,POST,/api/inference,True,,1191,39,200,
1790479526.111138,1790479529.001287,39569.716029,39572.606178,2890.149,POST,/api/inference,True,,1191,40,200,
1790479526.136778,1790479529.024665,39569.741669,39572.629556,2887.887,POST,/api/inference,True,,1191,41,200,
1790479526.166,1790479529.052064,39569.770891,39572.656956,2886.064,POST,/api/inference,True,,1191,42,200,
1790479526.202544,1790479529.089849,39569.807435,39572.69474,2887.305,POST,/api/inference,True,,1191,43,200,
1790479526.229462,1790479529.116529,39569.834353,39572.721421,2887.068,POST,/api/inference,True,,1191,44,200,
1790479526.277862,1790479529.165184,39569.882753,39572.770075,2887.321,POST,/api/inference,True,,1191,45,200,
1790479526.279608,1790479529.166659,39569.884499,39572.771551,2887.052,POST,/api/inference,True,,1191,46,200,
1790479526.309425,1790479529.196807,39569.914316,39572.801698,2887.382,POST,/api/inference,True,,1191,47,200,
1790479526.337288,1790479529.223648,39569.94218,39572.828539,2886.359,POST,/api/inference,True,,1191,48,200,
1790479526.365454,1790479529.25082,39569.970345,39572.855711,2885.366,POST,/api/inference,True,,1191,49,200,
1790479526.395017,1790479529.281712,39569.999909,39572.886603,2886.695,POST,/api/inference,True,,1191,50,200,
1790479526.441059,1790479529.326883,39570.04595,39572.931774,2885.824,POST,/api/inference,True,,1191,51,200,
1790479526.460124,1790479529.346224,39570.065016,39572.951116,2886.1,POST,/api/inference,True,,1191,52,200,
1790479526.483264,1790479529.370219,39570.088155,39572.975111,2886.955,POST,/api/inference,True,,1191,53,200,
1790479526.508468,1790479529.395077,39570.113359,39572.999968,2886.609,POST,/api/inference,True,,1191,54,200,
1790479526.561877,1790479529.454175,39570.166768,39573.059066,2892.298,POST,/api/inference,True,,1191,55,200,
1790479526.563461,1790479529.455794,39570.168352,39573.060685,2892.333,POST,/api/inference,True,,1191,56,200,
1790479526.601433,1790479529.487504,39570.206324,39573.092395,2886.071,POST,/api/inference,True,,1191,57,200,
1790479526.622742,1790479529.509968,39570.227634,39573.11486,2887.226,POST,/api/inference,True,,1191,58,200,
1790479526.659954,1790479529.547404,39570.264845,39573.152295,2887.45,POST,/api/inference,True,,1191,59,200,
1790479526.731727,1790479529.623604,39570.336618,39573.228495,2891.877,POST,/api/inference,True,,1191,61,200,
1790479526.733167,1790479529.625004,39570.338058,39573.229895,2891.838,POST,/api/inference,True,,1191,60,200,
1790479526.734426,1790479529.626424,39570.339318,39573.231315,2891.997,POST,/api/inference,True,,1191,62,200,
1790479526.781161,1790479529.668105,39570.386052,39573.272997,2886.944,POST,/api/inference,True,,1191,63,200,
1790479526.803744,1790479529.690521,39570.408636,39573.295412,2886.777,POST,/api/inference,True,,1191,64,200,
1790479526.831475,1790479529.717993,39570.436367,39573.322884,2886.517,POST,/api/inference,True,,1191,65,200,
1790479526.856225,1790479529.742242,39570.461116,39573.347133,2886.016,POST,/api/inference,True,,1191,66,200,
1790479526.88469,1790479529.769486,39570.489581,39573.374378,2884.797,POST,/api/inference,True,,1191,67,200,
1790479526.926506,1790479529.814037,39570.531397,39573.418928,2887.531,POST,/api/inference,True,,1191,68,200,
1790479526.940796,1790479529.82656,39570.545687,39573.431452,2885.765,POST,/api/inference,True,,1191,69,200,
1790479526.972169,1790479529.85845,39570.57706,39573.463341,2886.281,POST,/api/inference,True,,1191,70,200,
1790479527.002237,1790479529.888582,39570.607128,39573.493473,2886.345,POST,/api/inference,True,,1191,71,200,
1790479527.03845,1790479529.924757,39570.643342,39573.529648,2886.307,POST,/api/inference,True,,1191,72,200,
1790479527.060779,1790479529.947038,39570.66567,39573.551929,2886.259,POST,/api/inference,True,,1191,73,200,
1790479527.088979,1790479529.977239,39570.69387,39573.582131,2888.261,POST,/api/inference,True,,1191,74,200,
1790479527.116516,1790479530.004319,39570.721407,39573.60921,2887.803,POST,/api/inference,True,,1191,75,200,
1790479527.147559,1790479530.034317,39570.75245,39573.639208,2886.758,POST,/api/inference,True,,1191,76,200,
1790479527.173694,1790479530.058951,39570.778585,39573.663843,2885.257,POST,/api/inference,True,,1191,77,200,
1790479527.203247,1790479530.08971,39570.808138,39573.694601,2886.463,POST,/api/inference,True,,1191,78,200,
1790479527.232679,1790479530.120993,39570.83757,39573.725884,2888.314,POST,/api/inference,True,,1191,79,200,
1790479527.263966,1790479530.151735,39570.868857,39573.756626,2887.769,POST,/api/inference,True,,1191,80,200,
1790479527.289491,1790479530.175961,39570.894382,39573.780852,2886.47,POST,/api/inference,True,,1191,81,200,
1790479527.317505,1790479530.204061,39570.922396,39573.808952,2886.556,POST,/api/inference,True,,1191,82,200,
1790479527.35126,1790479530.241398,39570.956151,39573.84629,2890.138,POST,/api/inference,True,,1191,83,200,
1790479527.379073,1790479530.26639,39570.983965,39573.871281,2887.316,POST,/api/inference,True,,1191,84,200,
1790479527.410661,1790479530.295785,39571.015552,39573.900676,2885.124,POST,/api/inference,True,,1191,85,200,
1790479527.429147,1790479530.314462,39571.034038,39573.919354,2885.316,POST,/api/inference,True,,1191,86,200,
1790479527.47458,1790479530.361355,39571.079471,39573.966246,2886.775,POST,/api/inference,True,,1191,87,200,
1790479527.489666,1790479530.376786,39571.094557,39573.981677,2887.12,POST,/api/inference,True,,1191,88,200,
1790479527.524764,1790479530.410781,39571.129656,39574.015673,2886.017,POST,/api/inference,True,,1191,89,200,
1790479527.565022,1790479530.451788,39571.169914,39574.056679,2886.765,POST,/api/inference,True,,1191,90,200,
1790479527.57946,1790479530.46598,39571.184352,39574.070871,2886.519,POST,/api/inference,True,,1191,91,200,
1790479527.609886,1790479530.496353,39571.214777,39574.101244,2886.467,POST,/api/inference,True,,1191,92,200,
1790479527.634093,1790479530.521931,39571.238984,39574.126822,2887.838,POST,/api/inference,True,,1191,93,200,
1790479527.661736,1790479530.549699,39571.266627,39574.15459,2887.962,POST,/api/inference,True,,1191,94,200,
1790479527.70073,1790479530.586941,39571.305621,39574.191832,2886.21,POST,/api/inference,True,,1191,95,200,
1790479527.723474,1790479530.610187,39571.328365,39574.215078,2886.713,POST,/api/inference,True,,1191,96,200,
1790479527.756528,1790479530.643646,39571.361419,39574.248537,2887.118,POST,/api/inference,True,,1191,97,200,
1790479527.778914,1790479530.667439,39571.383805,39574.27233,2888.524,POST,/api/inference,True,,1191,98,200,
1790479527.806978,1790479530.695523,39571.41187,39574.300415,2888.545,POST,/api/inference,True,,1191,99,200,
1790479527.847575,1790479530.734371,39571.452466,39574.339263,2886.797,POST,/api/inference,True,,1191,0,200,
1790479527.876633,1790479530.762579,39571.481525,39574.36747,2885.946,POST,/api/inference,True,,1191,1,200,
1790479527.90852,1790479530.794966,39571.513412,39574.399858,2886.446,POST,/api/inference,True,,1191,2,200,
1790479527.937484,1790479530.82412,39571.542375,39574.429012,2886.636,POST,/api/inference,True,,1191,3,200,
1790479527.96543,1790479530.851546,39571.570321,39574.456437,2886.116,POST,/api/inference,True,,1191,4,200,
1790479527.985006,1790479530.871209,39571.589897,39574.476099,2886.203,POST,/api/inference,True,,1191,5,200,
1790479528.022444,1790479530.90838,39571.627335,39574.513271,2885.936,POST,/api/inference,True,,1191,6,200,
1790479528.051089,1790479530.938131,39571.655981,39574.543022,2887.041,POST,/api/inference,True,,1191,7,200,
1790479528.079003,1790479530.965827,39571.683895,39574.570718,2886.823,POST,/api/inference,True,,1191,8,200,
1790479528.106409,1790479530.993131,39571.7113,39574.598022,2886.722,POST,/api/inference,True,,1191,9,200,
1790479528.13315,1790479531.020795,39571.738042,39574.625687,2887.645,POST,/api/inference,True,,1191,10,200,
1790479528.162354,1790479531.047901,39571.767246,39574.652792,2885.546,POST,/api/inference,True,,1191,11,200,
1790479528.197726,1790479531.083846,39571.802617,39574.688737,2886.12,POST,/api/inference,True,,1191,12,200,
1790479528.21185,1790479531.097135,39571.816741,39574.702026,2885.285,POST,/api/inference,True,,1191,13,200,
1790479528.246539,1790479531.132507,39571.851431,39574.737399,2885.968,POST,/api/inference,True,,1191,14,200,
1790479528.27947,1790479531.168394,39571.884362,39574.773285,2888.923,POST,/api/inference,True,,1191,15,200,
1790479528.306525,1790479531.194378,39571.911417,39574.799269,2887.853,POST,/api/inference,True,,1191,16,200,
1790479528.334305,1790479531.223885,39571.939196,39574.828776,2889.581,POST,/api/inference,True,,1191,17,200,
1790479528.363352,1790479531.249448,39571.968243,39574.854339,2886.096,POST,/api/inference,True,,1191,18,200,
1790479528.398369,1790479531.285785,39572.00326,39574.890676,2887.416,POST,/api/inference,True,,1191,19,200,
1790479528.428917,1790479531.315587,39572.033808,39574.920479,2886.67,POST,/api/inference,True,,1191,20,200,
1790479528.45359,1790479531.338449,39572.058481,39574.94334,2884.859,POST,/api/inference,True,,1191,21,200,
1790479528.48078,1790479531.367656,39572.085672,39574.972547,2886.875,POST,/api/inference,True,,1191,22,200,
1790479528.511575,1790479531.399292,39572.116467,39575.004183,2887.716,POST,/api/inference,True,,1191,23,200,
1790479528.545452,1790479531.432299,39572.150343,39575.03719,2886.847,POST,/api/inference,True,,1191,24,200,
1790479528.568231,1790479531.454292,39572.173122,39575.059183,2886.061,POST,/api/inference,True,,1191,25,200,
1790479528.59159,1790479531.478594,39572.196482,39575.083485,2887.003,POST,/api/inference,True,,1191,26,200,
1790479528.62785,1790479531.513806,39572.232741,39575.118697,2885.956,POST,/api/inference,True,,1191,27,200,
1790479528.681124,1790479531.566667,39572.286015,39575.171558,2885.543,POST,/api/inference,True,,1191,29,200,
1790479528.682661,1790479531.568384,39572.287552,39575.173275,2885.723,POST,/api/inference,True,,1191,28,200,
1790479528.710522,1790479531.596495,39572.315413,39575.201386,2885.973,POST,/api/inference,True,,1191,30,200,
1790479528.739736,1790479531.626585,39572.344627,39575.231476,2886.849,POST,/api/inference,True,,1191,31,200,
1790479528.771828,1790479531.658819,39572.37672,39575.26371,2886.991,POST,/api/inference,True,,1191,32,200,
1790479528.794596,1790479531.682031,39572.399487,39575.286922,2887.435,POST,/api/inference,True,,1191,33,200,
1790479528.857523,1790479531.745491,39572.462414,39575.350383,2887.968,POST,/api/inference,True,,1191,34,200,
1790479528.859931,1790479531.747566,39572.464822,39575.352457,2887.635,POST,/api/inference,True,,1191,35,200,
1790479528.88468,1790479531.773343,39572.489571,39575.378234,2888.664,POST,/api/inference,True,,1191,36,200,
1790479528.915447,1790479531.801984,39572.520339,39575.406875,2886.536,POST,/api/inference,True,,1191,37,200,
1790479528.938655,1790479531.825875,39572.543546,39575.430766,2887.22,POST,/api/inference,True,,1191,38,200,
1790479528.969365,1790479531.856173,39572.574256,39575.461064,2886.808,POST,/api/inference,True,,1191,39,200,
1790479529.001487,1790479531.888386,39572.606378,39575.493277,2886.899,POST,/api/inference,True,,1191,40,200,
1790479529.024819,1790479531.911446,39572.62971,39575.516337,2886.627,POST,/api/inference,True,,1191,41,200,
1790479529.052227,1790479531.939618,39572.657118,39575.544509,2887.391,POST,/api/inference,True,,1191,42,200,
1790479529.089999,1790479531.975927,39572.69489,39575.580818,2885.928,POST,/api/inference,True,,1191,43,200,
1790479529.116704,1790479532.003442,39572.721595,39575.608333,2886.739,POST,/api/inference,True,,1191,44,200,
1790479529.165331,1790479532.051546,39572.770222,39575.656437,2886.215,POST,/api/inference,True,,1191,45,200,
1790479529.166765,1790479532.053161,39572.771657,39575.658053,2886.396,POST,/api/inference,True,,1191,46,200,
1790479529.196956,1790479532.082884,39572.801848,39575.687775,2885.928,POST,/api/inference,True,,1191,47,200,
1790479529.223805,1790479532.110136,39572.828697,39575.715027,2886.331,POST,/api/inference,True,,1191,48,200,
1790479529.250963,1790479532.137345,39572.855854,39575.742236,2886.382,POST,/api/inference,True,,1191,49,200,
1790479529.281866,1790479532.167989,39572.886757,39575.772881,2886.123,POST,/api/inference,True,,1191,50,200,
1790479529.327031,1790479532.214248,39572.931922,39575.819139,2887.217,POST,/api/inference,True,,1191,51,200,
1790479529.346424,1790479532.233551,39572.951315,39575.838443,2887.127,POST,/api/inference,True,,1191,52,200,
1790479529.370378,1790479532.257032,39572.97527,39575.861923,2886.653,POST,/api/inference,True,,1191,53,200,
1790479529.395317,1790479532.282589,39573.000209,39575.88748,2887.272,POST,/api/inference,True,,1191,54,200,
1790479529.454328,1790479532.342062,39573.059219,39575.946953,2887.734,POST,/api/inference,True,,1191,55,200,
1790479529.455905,1790479532.344061,39573.060797,39575.948952,2888.156,POST,/api/inference,True,,1191,56,200,
1790479529.487656,1790479532.373984,39573.092547,39575.978875,2886.329,POST,/api/inference,True,,1191,57,200,
1790479529.510126,1790479532.396499,39573.115018,39576.001391,2886.373,POST,/api/inference,True,,1191,58,200,
1790479529.547574,1790479532.434055,39573.152465,39576.038946,2886.481,POST,/api/inference,True,,1191,59,200,
1790479529.62395,1790479532.512417,39573.228841,39576.117309,2888.468,POST,/api/inference,True,,1191,61,200,
1790479529.625483,1790479532.515756,39573.230374,39576.120647,2890.274,POST,/api/inference,True,,1191,60,200,
1790479529.626919,1790479532.516714,39573.23181,39576.121605,2889.795,POST,/api/inference,True,,1191,62,200,
1790479529.668257,1790479532.554175,39573.273148,39576.159066,2885.918,POST,/api/inference,True,,1191,63,200,
1790479529.690683,1790479532.577783,39573.295574,39576.182674,2887.1,POST,/api/inference,True,,1191,64,200,
1790479529.718133,1790479532.605304,39573.323025,39576.210195,2887.17,POST,/api/inference,True,,1191,65,200,
1790479529.742393,1790479532.628445,39573.347284,39576.233336,2886.052,POST,/api/inference,True,,1191,66,200,
1790479529.769626,1790479532.655516,39573.374517,39576.260407,2885.89,POST,/api/inference,True,,1191,67,200,
1790479529.814186,1790479532.700973,39573.419077,39576.305864,2886.787,POST,/api/inference,True,,1191,68,200,
1790479529.826701,1790479532.713163,39573.431593,39576.318054,2886.461,POST,/api/inference,True,,1191,69,200,
1790479529.858606,1790479532.746438,39573.463497,39576.351329,2887.832,POST,/api/inference,True,,1191,70,200,
1790479529.888746,1790479532.775425,39573.493637,39576.380316,2886.679,POST,/api/inference,True,,1191,71,200,
1790479529.924908,1790479532.810005,39573.529799,39576.414896,2885.097,POST,/api/inference,True,,1191,72,200,
1790479529.947279,1790479532.832914,39573.55217,39576.437806,2885.635,POST,/api/inference,True,,1191,73,200,
1790479529.97739,1790479532.863328,39573.582282,39576.468219,2885.938,POST,/api/inference,True,,1191,74,200,
1790479530.004506,1790479532.891578,39573.609397,39576.496469,2887.072,POST,/api/inference,True,,1191,75,200,
1790479530.034476,1790479532.920999,39573.639367,39576.52589,2886.523,POST,/api/inference,True,,1191,76,200,
1790479530.059102,1790479532.946503,39573.663994,39576.551394,2887.401,POST,/api/inference,True,,1191,77,200,
1790479530.089874,1790479532.976992,39573.694765,39576.581883,2887.118,POST,/api/inference,True,,1191,78,200,
1790479530.121174,1790479533.007734,39573.726065,39576.612625,2886.56,POST,/api/inference,True,,1191,79,200,
1790479530.151908,1790479533.039424,39573.756799,39576.644315,2887.516,POST,/api/inference,True,,1191,80,200,
1790479530.176113,1790479533.062044,39573.781004,39576.666935,2885.932,POST,/api/inference,True,,1191,81,200,
1790479530.204219,1790479533.091048,39573.80911,39576.695939,2886.829,POST,/api/inference,True,,1191,82,200,
1790479530.241575,1790479533.128546,39573.846466,39576.733437,2886.971,POST,/api/inference,True,,1191,83,200,
1790479530.266549,1790479533.156199,39573.87144,39576.76109,2889.65,POST,/api/inference,True,,1191,84,200,
1790479530.295926,1790479533.181296,39573.900818,39576.786188,2885.37,POST,/api/inference,True,,1191,85,200,
1790479530.314613,1790479533.200819,39573.919504,39576.80571,2886.206,POST,/api/inference,True,,1191,86,200,
1790479530.361503,1790479533.248089,39573.966394,39576.852981,2886.586,POST,/api/inference,True,,1191,87,200,
1790479530.376942,1790479533.26403,39573.981833,39576.868921,2887.088,POST,/api/inference,True,,1191,88,200,
1790479530.410934,1790479533.29719,39574.015825,39576.902081,2886.256,POST,/api/inference,True,,1191,89,200,
1790479530.451941,1790479533.338648,39574.056832,39576.943539,2886.707,POST,/api/inference,True,,1191,90,200,
1790479530.466141,1790479533.352987,39574.071032,39576.957878,2886.846,POST,/api/inference,True,,1191,91,200,
1790479530.49651,1790479533.382793,39574.101401,39576.987685,2886.284,POST,/api/inference,True,,1191,92,200,
1790479530.522084,1790479533.407742,39574.126975,39577.012633,2885.658,POST,/api/inference,True,,1191,93,200,
1790479530.549856,1790479533.436508,39574.154747,39577.041399,2886.652,POST,/api/inference,True,,1191,94,200,
1790479530.5871,1790479533.475291,39574.191991,39577.080182,2888.191,POST,/api/inference,True,,1191,95,200,
1790479530.610337,1790479533.498164,39574.215229,39577.103056,2887.827,POST,/api/inference,True,,1191,96,200,
1790479530.643821,1790479533.53072,39574.248712,39577.135611,2886.899,POST,/api/inference,True,,1191,97,200,
1790479530.667721,1790479533.555232,39574.272612,39577.160123,2887.511,POST,/api/inference,True,,1191,98,200,
1790479530.695684,1790479533.582744,39574.300576,39577.187635,2887.059,POST,/api/inference,True,,1191,99,200,
1790479530.734519,1790479533.621242,39574.33941,39577.226133,2886.723,POST,/api/inference,True,,1191,0,200,
1790479530.762719,1790479533.648372,39574.36761,39577.253263,2885.653,POST,/api/inference,True,,1191,1,200,
1790479530.795118,1790479533.682032,39574.40001,39577.286923,2886.914,POST,/api/inference,True,,1191,2,200,
1790479530.824285,1790479533.71155,39574.429176,39577.316441,2887.265,POST,/api/inference,True,,1191,3,200,
1790479530.851709,1790479533.738903,39574.4566,39577.343794,2887.194,POST,/api/inference,True,,1191,4,200,
1790479530.871381,1790479533.757915,39574.476272,39577.362806,2886.534,POST,/api/inference,True,,1191,5,200,
1790479530.908538,1790479533.796139,39574.513429,39577.40103,2887.601,POST,/api/inference,True,,1191,6,200,
1790479530.938291,1790479533.825608,39574.543182,39577.430499,2887.316,POST,/api/inference,True,,1191,7,200,
1790479530.96598,1790479533.853352,39574.570871,39577.458244,2887.372,POST,/api/inference,True,,1191,8,200,
1790479530.993276,1790479533.879496,39574.598167,39577.484388,2886.221,POST,/api/inference,True,,1191,9,200,
1790479531.020977,1790479533.907728,39574.625869,39577.51262,2886.751,POST,/api/inference,True,,1191,10,200,
1790479531.048057,1790479533.934931,39574.652948,39577.539822,2886.875,POST,/api/inference,True,,1191,11,200,
1790479531.084,1790479533.970778,39574.688891,39577.575669,2886.779,POST,/api/inference,True,,1191,12,200,
1790479531.09729,1790479533.983593,39574.702181,39577.588484,2886.302,POST,/api/inference,True,,1191,13,200,
1790479531.132677,1790479534.021898,39574.737568,39577.626789,2889.221,POST,/api/inference,True,,1191,14,200,
1790479531.168671,1790479534.055207,39574.773562,39577.660098,2886.536,POST,/api/inference,True,,1191,15,200,
1790479531.194539,1790479534.080578,39574.79943,39577.68547,2886.039,POST,/api/inference,True,,1191,16,200,
1790479531.224076,1790479534.111344,39574.828967,39577.716235,2887.268,POST,/api/inference,True,,1191,17,200,
1790479531.249622,1790479534.136725,39574.854513,39577.741616,2887.103,POST,/api/inference,True,,1191,18,200,
1790479531.285965,1790479534.172879,39574.890857,39577.77777,2886.913,POST,/api/inference,True,,1191,19,200,
1790479531.315759,1790479534.2025,39574.92065,39577.807391,2886.741,POST,/api/inference,True,,1191,20,200,
1790479531.338569,1790479534.224577,39574.943461,39577.829468,2886.008,POST,/api/inference,True,,1191,21,200,
1790479531.367808,1790479534.254093,39574.972699,39577.858984,2886.285,POST,/api/inference,True,,1191,22,200,
1790479531.39946,1790479534.286237,39575.004351,39577.891128,2886.777,POST,/api/inference,True,,1191,23,200,
1790479531.432449,1790479534.321822,39575.03734,39577.926713,2889.373,POST,/api/inference,True,,1191,24,200,
1790479531.454448,1790479534.341231,39575.059339,39577.946122,2886.783,POST,/api/inference,True,,1191,25,200,
1790479531.478758,1790479534.366074,39575.083649,39577.970965,2887.316,POST,/api/inference,True,,1191,26,200,
1790479531.513959,1790479534.401787,39575.118851,39578.006678,2887.827,POST,/api/inference,True,,1191,27,200,
1790479531.566816,1790479534.452144,39575.171707,39578.057036,2885.328,POST,/api/inference,True,,1191,29,200,
1790479531.568494,1790479534.454496,39575.173386,39578.059387,2886.001,POST,/api/inference,True,,1191,28,200,
1790479531.596664,1790479534.483767,39575.201555,39578.088658,2887.103,POST,/api/inference,True,,1191,30,200,
1790479531.626747,1790479534.513582,39575.231638,39578.118473,2886.835,POST,/api/inference,True,,1191,31,200,
1790479531.658985,1790479534.547579,39575.263876,39578.15247,2888.594,POST,/api/inference,True,,1191,32,200,
1790479531.682183,1790479534.568509,39575.287074,39578.1734,2886.326,POST,/api/inference,True,,1191,33,200,
1790479531.745647,1790479534.633275,39575.350538,39578.238166,2887.628,POST,/api/inference,True,,1191,34,200,
1790479531.74769,1790479534.634961,39575.352581,39578.239853,2887.271,POST,/api/inference,True,,1191,35,200,
1790479531.773533,1790479534.66273,39575.378424,39578.267621,2889.196,POST,/api/inference,True,,1191,36,200,
1790479531.802125,1790479534.687934,39575.407016,39578.292825,2885.809,POST,/api/inference,True,,1191,37,200,
1790479531.826031,1790479534.712079,39575.430922,39578.31697,2886.048,POST,/api/inference,True,,1191,38,200,
1790479531.856335,1790479534.742159,39575.461226,39578.34705,2885.824,POST,/api/inference,True,,1191,39,200,
1790479531.888546,1790479534.775029,39575.493437,39578.37992,2886.484,POST,/api/inference,True,,1191,40,200,
1790479531.911602,1790479534.798506,39575.516493,39578.403397,2886.904,POST,/api/inference,True,,1191,41,200,
1790479531.939792,1790479534.828381,39575.544683,39578.433272,2888.589,POST,/api/inference,True,,1191,42,200,
1790479531.976082,1790479534.863798,39575.580974,39578.46869,2887.716,POST,/api/inference,True,,1191,43,200,
1790479532.003607,1790479534.890185,39575.608499,39578.495076,2886.577,POST,/api/inference,True,,1191,44,200,
1790479532.051705,1790479534.938019,39575.656597,39578.54291,2886.313,POST,/api/inference,True,,1191,45,200,
1790479532.053266,1790479534.939058,39575.658157,39578.543949,2885.792,POST,/api/inference,True,,1191,46,200,
1790479532.083037,1790479534.970825,39575.687928,39578.575717,2887.789,POST,/api/inference,True,,1191,47,200,
1790479532.110291,1790479534.997509,39575.715182,39578.602401,2887.219,POST,/api/inference,True,,1191,48,200,
1790479532.137499,1790479535.025179,39575.74239,39578.63007,2887.681,POST,/api/inference,True,,1191,49,200,
1790479532.168173,1790479535.055851,39575.773064,39578.660742,2887.678,POST,/api/inference,True,,1191,50,200,
1790479532.214409,1790479535.102155,39575.8193,39578.707046,2887.746,POST,/api/inference,True,,1191,51,200,
1790479532.233712,1790479535.120637,39575.838603,39578.725528,2886.925,POST,/api/inference,True,,1191,52,200,
1790479532.257192,1790479535.144024,39575.862083,39578.748915,2886.832,POST,/api/inference,True,,1191,53,200,
1790479532.282752,1790479535.169576,39575.887643,39578.774467,2886.824,POST,/api/inference,True,,1191,54,200,
1790479532.34229,1790479535.22933,39575.947181,39578.834221,2887.04,POST,/api/inference,True,,1191,55,200,
1790479532.344216,1790479535.231065,39575.949107,39578.835956,2886.849,POST,/api/inference,True,,1191,56,200,
1790479532.374126,1790479535.26091,39575.979018,39578.865801,2886.784,POST,/api/inference,True,,1191,57,200,
1790479532.396644,1790479535.283615,39576.001535,39578.888507,2886.972,POST,/api/inference,True,,1191,58,200,
1790479532.434212,1790479535.320858,39576.039104,39578.92575,2886.646,POST,/api/inference,True,,1191,59,200,
1790479532.512578,1790479535.403677,39576.117469,39579.008568,2891.098,POST,/api/inference,True,,1191,61,200,
1790479532.51719,1790479535.407821,39576.122081,39579.012712,2890.631,POST,/api/inference,True,,1191,62,200,
1790479532.515865,1790479535.408251,39576.120756,39579.013142,2892.386,POST,/api/inference,True,,1191,60,200,
1790479532.554332,1790479535.441323,39576.159224,39579.046214,2886.99,POST,/api/inference,True,,1191,63,200,
1790479532.577958,1790479535.464254,39576.182849,39579.069145,2886.296,POST,/api/inference,True,,1191,64,200,
1790479532.605456,1790479535.491014,39576.210347,39579.095906,2885.558,POST,/api/inference,True,,1191,65,200,
1790479532.628598,1790479535.514691,39576.233489,39579.119582,2886.093,POST,/api/inference,True,,1191,66,200,
1790479532.655679,1790479535.541432,39576.26057,39579.146324,2885.754,POST,/api/inference,True,,1191,67,200,
1790479532.701127,1790479535.585732,39576.306018,39579.190623,2884.605,POST,/api/inference,True,,1191,68,200,
1790479532.713305,1790479535.599066,39576.318197,39579.203958,2885.761,POST,/api/inference,True,,1191,69,200,
1790479532.746664,1790479535.63413,39576.351555,39579.239022,2887.467,POST,/api/inference,True,,1191,70,200,
1790479532.775605,1790479535.663706,39576.380496,39579.268597,2888.101,POST,/api/inference,True,,1191,71,200,
1790479532.833027,1790479535.72121,39576.437919,39579.326101,2888.183,POST,/api/inference,True,,1191,73,200,
1790479532.810124,1790479535.721468,39576.415016,39579.32636,2911.344,POST,/api/inference,True,,1191,72,200,
