start_ts,end_ts,start_mono,end_mono,response_time_ms,request_type,name,success,exception,response_length,user,http_status,stages_logged
1790478760.567046,1790478763.457619,38804.171937,38807.06251,2890.573,POST,/api/inference,True,,1191,0,200,
1790478760.625384,1790478763.514191,38804.230276,38807.119083,2888.807,POST,/api/inference,True,,1191,1,200,
1790478760.683489,1790478763.572885,38804.28838,38807.177776,2889.397,POST,/api/inference,True,,1191,2,200,
1790478760.740814,1790478763.629593,38804.345706,38807.234484,2888.779,POST,/api/inference,True,,1191,3,200,
1790478760.7985,1790478763.68838,38804.403391,38807.293271,2889.88,POST,/api/inference,True,,1191,4,200,
1790478760.855638,1790478763.745993,38804.460529,38807.350884,2890.355,POST,/api/inference,True,,1191,5,200,
1790478760.913097,1790478763.801546,38804.517988,38807.406437,2888.449,POST,/api/inference,True,,1191,6,200,
1790478760.971018,1790478763.860592,38804.575909,38807.465484,2889.575,POST,/api/inference,True,,1191,7,200,
1790478761.028854,1790478763.91812,38804.633745,38807.523012,2889.267,POST,/api/inference,True,,1191,8,200,
1790478761.086433,1790478763.976648,38804.691324,38807.58154,2890.215,POST,/api/inference,True,,1191,9,200,
1790478761.143346,1790478764.030875,38804.748237,38807.635766,2887.529,POST,/api/inference,True,,1191,10,200,
1790478761.201272,1790478764.091964,38804.806164,38807.696856,2890.692,POST,/api/inference,True,,1191,11,200,
1790478761.258657,1790478764.148949,38804.863549,38807.75384,2890.292,POST,/api/inference,True,,1191,12,200,
1790478761.31673,1790478764.207848,38804.921622,38807.812739,2891.117,POST,/api/inference,True,,1191,13,200,
1790478761.374187,1790478764.261986,38804.979078,38807.866878,2887.799,POST,/api/inference,True,,1191,14,200,
1790478761.431811,1790478764.320334,38805.036702,38807.925225,2888.523,POST,/api/inference,True,,1191,15,200,
1790478761.489359,1790478764.378173,38805.09425,38807.983064,2888.814,POST,/api/inference,True,,1191,16,200,
1790478761.547711,1790478764.435393,38805.152602,38808.040284,2887.682,POST,/api/inference,True,,1191,17,200,
1790478761.604271,1790478764.492599,38805.209163,38808.09749,2888.328,POST,/api/inference,True,,1191,18,200,
1790478761.661683,1790478764.550314,38805.266574,38808.155206,2888.631,POST,/api/inference,True,,1191,19,200,
1790478761.719538,1790478764.609573,38805.324429,38808.214464,2890.035,POST,/api/inference,True,,1191,20,200,
1790478761.776361,1790478764.666433,38805.381252,38808.271324,2890.072,POST,/api/inference,True,,1191,21,200,
1790478761.834693,1790478764.727601,38805.439585,38808.332493,2892.908,POST,/api/inference,True,,1191,22,200,
1790478761.892386,1790478764.781501,38805.497278,38808.386392,2889.115,POST,/api/inference,True,,1191,23,200,
1790478761.948689,1790478764.83526,38805.55358,38808.440151,2886.572,POST,/api/inference,True,,1191,24,200,
1790478762.0078,1790478764.896143,38805.612691,38808.501034,2888.343,POST,/api/inference,True,,1191,25,200,
1790478762.064432,1790478764.953179,38805.669324,38808.55807,2888.746,POST,/api/inference,True,,1191,26,200,
1790478762.121896,1790478765.010285,38805.726787,38808.615176,2888.389,POST,/api/inference,True,,1191,27,200,
1790478762.179755,1790478765.083058,38805.784646,38808.687949,2903.303,POST,/api/inference,True,,1191,28,200,
1790478762.236706,1790478765.126685,38805.841597,38808.731576,2889.979,POST,/api/inference,True,,1191,29,200,
1790478762.294832,1790478765.185122,38805.899723,38808.790013,2890.29,POST,/api/inference,True,,1191,30,200,
1790478762.352436,1790478765.244726,38805.957328,38808.849617,2892.29,POST,/api/inference,True,,1191,31,200,
1790478762.409822,1790478765.299839,38806.014713,38808.90473,2890.017,POST,/api/inference,True,,1191,32,200,
1790478762.467389,1790478765.357725,38806.07228,38808.962617,2890.336,POST,/api/inference,True,,1191,33,200,
1790478762.543795,1790478765.431718,38806.148686,38809.036609,2887.923,POST,/api/inference,True,,1191,34,200,
1790478762.582635,1790478765.47268,38806.187526,38809.077571,2890.045,POST,/api/inference,True,,1191,35,200,
1790478762.64036,1790478765.530719,38806.245251,38809.13561,2890.358,POST,/api/inference,True,,1191,36,200,
1790478762.698183,1790478765.589898,38806.303075,38809.194789,2891.715,POST,/api/inference,True,,1191,37,200,
1790478762.755646,1790478765.645223,38806.360537,38809.250114,2889.578,POST,/api/inference,True,,1191,38,200,
1790478762.812585,1790478765.700916,38806.417476,38809.305807,2888.331,POST,/api/inference,True,,1191,39,200,
1790478762.87025,1790478765.759033,38806.475142,38809.363925,2888.783,POST,/api/inference,True,,1191,40,200,
1790478762.928148,1790478765.81666,38806.533039,38809.421551,2888.512,POST,/api/inference,True,,1191,41,200,
1790478762.985648,1790478765.873482,38806.59054,38809.478373,2887.834,POST,/api/inference,True,,1191,42,200,
1790478763.043126,1790478765.932093,38806.648017,38809.536985,2888.967,POST,/api/inference,True,,1191,43,200,
1790478763.100613,1790478765.989778,38806.705504,38809.594669,2889.165,POST,/api/inference,True,,1191,44,200,
1790478763.158201,1790478766.046973,38806.763091,38809.651864,2888.772,POST,/api/inference,True,,1191,45,200,
1790478763.21597,1790478766.104811,38806.820861,38809.709703,2888.842,POST,/api/inference,True,,1191,46,200,
1790478763.273236,1790478766.162031,38806.878127,38809.766922,2888.794,POST,/api/inference,True,,1191,47,200,
1790478763.331318,1790478766.220469,38806.93621,38809.82536,2889.151,POST,/api/inference,True,,1191,48,200,
1790478763.388146,1790478766.277612,38806.993038,38809.882504,2889.466,POST,/api/inference,True,,1191,49,200,
1790478763.457955,1790478766.345382,38807.062846,38809.950273,2887.427,POST,/api/inference,True,,1191,0,200,
1790478763.514351,1790478766.400362,38807.119242,38810.005253,2886.011,POST,/api/inference,True,,1191,1,200,
1790478763.573037,1790478766.461239,38807.177929,38810.06613,2888.202,POST,/api/inference,True,,1191,2,200,
1790478763.629757,1790478766.516979,38807.234648,38810.12187,2887.222,POST,/api/inference,True,,1191,3,200,
1790478763.688524,1790478766.57483,38807.293416,38810.179721,2886.305,POST,/api/inference,True,,1191,4,200,
1790478763.746144,1790478766.632804,38807.351035,38810.237695,2886.66,POST,/api/inference,True,,1191,5,200,
1790478763.801707,1790478766.688483,38807.406598,38810.293374,2886.776,POST,/api/inference,True,,1191,6,200,
1790478763.86074,1790478766.746911,38807.465631,38810.351802,2886.171,POST,/api/inference,True,,1191,7,200,
1790478763.918264,1790478766.803943,38807.523155,38810.408834,2885.679,POST,/api/inference,True,,1191,8,200,
1790478763.976804,1790478766.8635,38807.581695,38810.468391,2886.696,POST,/api/inference,True,,1191,9,200,
1790478764.031022,1790478766.916245,38807.635913,38810.521136,2885.223,POST,/api/inference,True,,1191,10,200,
1790478764.092103,1790478766.977565,38807.696994,38810.582456,2885.462,POST,/api/inference,True,,1191,11,200,
1790478764.149122,1790478767.034975,38807.754013,38810.639866,2885.854,POST,/api/inference,True,,1191,12,200,
1790478764.208029,1790478767.095746,38807.81292,38810.700638,2887.718,POST,/api/inference,True,,1191,13,200,
1790478764.26213,1790478767.148314,38807.867021,38810.753206,2886.185,POST,/api/inference,True,,1191,14,200,
1790478764.320486,1790478767.208751,38807.925377,38810.813642,2888.265,POST,/api/inference,True,,1191,15,200,
1790478764.378319,1790478767.264441,38807.983211,38810.869332,2886.122,POST,/api/inference,True,,1191,16,200,
1790478764.435555,1790478767.322742,38808.040446,38810.927634,2887.188,POST,/api/inference,True,,1191,17,200,
1790478764.492776,1790478767.378989,38808.097667,38810.98388,2886.213,POST,/api/inference,True,,1191,18,200,
1790478764.550473,1790478767.437017,38808.155364,38811.041908,2886.545,POST,/api/inference,True,,1191,19,200,
1790478764.609727,1790478767.49603,38808.214618,38811.100921,2886.303,POST,/api/inference,True,,1191,20,200,
1790478764.66659,1790478767.553499,38808.271482,38811.15839,2886.908,POST,/api/inference,True,,1191,21,200,
1790478764.727755,1790478767.614953,38808.332646,38811.219844,2887.198,POST,/api/inference,True,,1191,22,200,
1790478764.781646,1790478767.66824,38808.386537,38811.273132,2886.595,POST,/api/inference,True,,1191,23,200,
1790478764.835414,1790478767.722111,38808.440305,38811.327002,2886.696,POST,/api/inference,True,,1191,24,200,
1790478764.89628,1790478767.782953,38808.501171,38811.387844,2886.672,POST,/api/inference,True,,1191,25,200,
1790478764.953331,1790478767.840045,38808.558223,38811.444936,2886.714,POST,/api/inference,True,,1191,26,200,
1790478765.010454,1790478767.898237,38808.615345,38811.503128,2887.783,POST,/api/inference,True,,1191,27,200,
1790478765.083277,1790478767.968482,38808.688168,38811.573373,2885.205,POST,/api/inference,True,,1191,28,200,
1790478765.126847,1790478768.013507,38808.731738,38811.618398,2886.66,POST,/api/inference,True,,1191,29,200,
1790478765.185266,1790478768.072376,38808.790157,38811.677267,2887.11,POST,/api/inference,True,,1191,30,200,
1790478765.244871,1790478768.131542,38808.849762,38811.736434,2886.671,POST,/api/inference,True,,1191,31,200,
1790478765.300033,1790478768.185726,38808.904924,38811.790617,2885.693,POST,/api/inference,True,,1191,32,200,
1790478765.357878,1790478768.245395,38808.962769,38811.850286,2887.517,POST,/api/inference,True,,1191,33,200,
1790478765.431865,1790478768.318319,38809.036756,38811.92321,2886.454,POST,/api/inference,True,,1191,34,200,
1790478765.472835,1790478768.359045,38809.077726,38811.963936,2886.21,POST,/api/inference,True,,1191,35,200,
1790478765.530866,1790478768.419062,38809.135757,38812.023953,2888.196,POST,/api/inference,True,,1191,36,200,
1790478765.590146,1790478768.477346,38809.195037,38812.082237,2887.2,POST,/api/inference,True,,1191,37,200,
1790478765.645375,1790478768.531554,38809.250266,38812.136445,2886.179,POST,/api/inference,True,,1191,38,200,
1790478765.70106,1790478768.588072,38809.305952,38812.192963,2887.011,POST,/api/inference,True,,1191,39,200,
1790478765.759271,1790478768.64556,38809.364162,38812.250452,2886.289,POST,/api/inference,True,,1191,40,200,
1790478765.816804,1790478768.702828,38809.421695,38812.30772,2886.024,POST,/api/inference,True,,1191,41,200,
1790478765.873632,1790478768.759858,38809.478523,38812.364749,2886.226,POST,/api/inference,True,,1191,42,200,
1790478765.93224,1790478768.817747,38809.537132,38812.422638,2885.506,POST,/api/inference,True,,1191,43,200,
1790478765.989936,1790478768.877646,38809.594827,38812.482537,2887.71,POST,/api/inference,True,,1191,44,200,
1790478766.047227,1790478768.934785,38809.652118,38812.539676,2887.558,POST,/api/inference,True,,1191,45,200,
1790478766.104943,1790478768.991485,38809.709834,38812.596377,2886.542,POST,/api/inference,True,,1191,46,200,
1790478766.162189,1790478769.048577,38809.76708,38812.653468,2886.388,POST,/api/inference,True,,1191,47,200,
1790478766.220622,1790478769.109738,38809.825513,38812.714629,2889.116,POST,/api/inference,True,,1191,48,200,
1790478766.277758,1790478769.163945,38809.882649,38812.768836,2886.187,POST,/api/inference,True,,1191,49,200,
1790478766.345523,1790478769.231691,38809.950415,38812.836582,2886.167,POST,/api/inference,True,,1191,0,200,
1790478766.400507,1790478769.286126,38810.005399,38812.891017,2885.618,POST,/api/inference,True,,1191,1,200,
1790478766.461388,1790478769.347525,38810.06628,38812.952416,2886.136,POST,/api/inference,True,,1191,2,200,
1790478766.517128,1790478769.403646,38810.122019,38813.008537,2886.519,POST,/api/inference,True,,1191,3,200,
1790478766.574958,1790478769.462024,38810.179849,38813.066915,2887.067,POST,/api/inference,True,,1191,4,200,
1790478766.632988,1790478769.521546,38810.23788,38813.126437,2888.557,POST,/api/inference,True,,1191,5,200,
1790478766.688628,1790478769.575307,38810.29352,38813.180198,2886.679,POST,/api/inference,True,,1191,6,200,
1790478766.747066,1790478769.633568,38810.351957,38813.238459,2886.502,POST,/api/inference,True,,1191,7,200,
1790478766.804111,1790478769.69056,38810.409002,38813.295452,2886.449,POST,/api/inference,True,,1191,8,200,
1790478766.863653,1790478769.749514,38810.468545,38813.354405,2885.861,POST,/api/inference,True,,1191,9,200,
1790478766.916391,1790478769.802349,38810.521282,38813.40724,2885.958,POST,/api/inference,True,,1191,10,200,
1790478766.977707,1790478769.864086,38810.582598,38813.468978,2886.379,POST,/api/inference,True,,1191,11,200,
1790478767.03513,1790478769.921372,38810.640021,38813.526264,2886.243,POST,/api/inference,True,,1191,12,200,
1790478767.095897,1790478769.982133,38810.700788,38813.587024,2886.236,POST,/api/inference,True,,1191,13,200,
1790478767.148455,1790478770.034236,38810.753346,38813.639127,2885.781,POST,/api/inference,True,,1191,14,200,
1790478767.208895,1790478770.095433,38810.813786,38813.700324,2886.538,POST,/api/inference,True,,1191,15,200,
1790478767.264586,1790478770.151394,38810.869477,38813.756286,2886.808,POST,/api/inference,True,,1191,16,200,
1790478767.322921,1790478770.210611,38810.927813,38813.815502,2887.689,POST,/api/inference,True,,1191,17,200,
1790478767.379133,1790478770.264809,38810.984024,38813.8697,2885.677,POST,/api/inference,True,,1191,18,200,
1790478767.437161,1790478770.323378,38811.042052,38813.928269,2886.217,POST,/api/inference,True,,1191,19,200,
1790478767.496186,1790478770.382062,38811.101077,38813.986953,2885.876,POST,/api/inference,True,,1191,20,200,
1790478767.553682,1790478770.44014,38811.158573,38814.045032,2886.458,POST,/api/inference,True,,1191,21,200,
1790478767.6151,1790478770.501853,38811.219991,38814.106744,2886.753,POST,/api/inference,True,,1191,22,200,
1790478767.668381,1790478770.553668,38811.273273,38814.15856,2885.287,POST,/api/inference,True,,1191,23,200,
1790478767.722278,1790478770.606968,38811.327169,38814.21186,2884.69,POST,/api/inference,True,,1191,24,200,
1790478767.783087,1790478770.668735,38811.387979,38814.273626,2885.648,POST,/api/inference,True,,1191,25,200,
1790478767.840192,1790478770.72425,38811.445084,38814.329142,2884.058,POST,/api/inference,True,,1191,26,200,
1790478767.898391,1790478770.783478,38811.503283,38814.388369,2885.086,POST,/api/inference,True,,1191,27,200,
1790478767.968568,1790478770.852166,38811.573459,38814.457057,2883.598,POST,/api/inference,True,,1191,28,200,
1790478768.013662,1790478770.897415,38811.618553,38814.502306,2883.753,POST,/api/inference,True,,1191,29,200,
1790478768.072541,1790478770.956519,38811.677433,38814.561411,2883.978,POST,/api/inference,True,,1191,30,200,
1790478768.131685,1790478771.017727,38811.736576,38814.622618,2886.042,POST,/api/inference,True,,1191,31,200,
1790478768.185859,1790478771.071629,38811.79075,38814.67652,2885.77,POST,/api/inference,True,,1191,32,200,
1790478768.245564,1790478771.132296,38811.850456,38814.737187,2886.732,POST,/api/inference,True,,1191,33,200,
1790478768.318479,1790478771.207103,38811.92337,38814.811994,2888.624,POST,/api/inference,True,,1191,34,200,
1790478768.359275,1790478771.245686,38811.964166,38814.850577,2886.411,POST,/api/inference,True,,1191,35,200,
1790478768.419327,1790478771.305975,38812.024218,38814.910866,2886.648,POST,/api/inference,True,,1191,36,200,
1790478768.477508,1790478771.363616,38812.0824,38814.968508,2886.108,POST,/api/inference,True,,1191,37,200,
1790478768.531711,1790478771.417541,38812.136602,38815.022432,2885.83,POST,/api/inference,True,,1191,38,200,
1790478768.588231,1790478771.474144,38812.193122,38815.079035,2885.913,POST,/api/inference,True,,1191,39,200,
1790478768.64572,1790478771.53354,38812.250611,38815.138431,2887.819,POST,/api/inference,True,,1191,40,200,
1790478768.703013,1790478771.58972,38812.307904,38815.194611,2886.707,POST,/api/inference,True,,1191,41,200,
1790478768.76002,1790478771.646522,38812.364911,38815.251413,2886.502,POST,/api/inference,True,,1191,42,200,
1790478768.817893,1790478771.705675,38812.422784,38815.310567,2887.782,POST,/api/inference,True,,1191,43,200,
1790478768.877797,1790478771.763902,38812.482689,38815.368794,2886.105,POST,/api/inference,True,,1191,44,200,
1790478768.934934,1790478771.820983,38812.539825,38815.425874,2886.049,POST,/api/inference,True,,1191,45,200,
1790478768.991654,1790478771.878863,38812.596546,38815.483755,2887.209,POST,/api/inference,True,,1191,46,200,
1790478769.04874,1790478771.934862,38812.653631,38815.539753,2886.122,POST,/api/inference,True,,1191,47,200,
1790478769.109901,1790478771.998867,38812.714792,38815.603758,2888.966,POST,/api/inference,True,,1191,48,200,
1790478769.164113,1790478772.050207,38812.769004,38815.655098,2886.094,POST,/api/inference,True,,1191,49,200,
1790478769.231834,1790478772.117275,38812.836725,38815.722167,2885.442,POST,/api/inference,True,,1191,0,200,
1790478769.286272,1790478772.17239,38812.891163,38815.777281,2886.118,POST,/api/inference,True,,1191,1,200,
1790478769.347667,1790478772.234774,38812.952558,38815.839665,2887.107,POST,/api/inference,True,,1191,2,200,
1790478769.403805,1790478772.293079,38813.008696,38815.89797,2889.274,POST,/api/inference,True,,1191,3,200,
1790478769.462177,1790478772.348933,38813.067068,38815.953824,2886.756,POST,/api/inference,True,,1191,4,200,
1790478769.521723,1790478772.410097,38813.126614,38816.014988,2888.374,POST,/api/inference,True,,1191,5,200,
1790478769.575454,1790478772.46155,38813.180346,38816.066441,2886.096,POST,/api/inference,True,,1191,6,200,
1790478769.633722,1790478772.521259,38813.238613,38816.12615,2887.536,POST,/api/inference,True,,1191,7,200,
1790478769.69071,1790478772.577228,38813.295601,38816.182119,2886.518,POST,/api/inference,True,,1191,8,200,
1790478769.749661,1790478772.636338,38813.354552,38816.241229,2886.677,POST,/api/inference,True,,1191,9,200,
1790478769.802542,1790478772.688581,38813.407433,38816.293473,2886.04,POST,/api/inference,True,,1191,10,200,
1790478769.864244,1790478772.750579,38813.469135,38816.35547,2886.336,POST,/api/inference,True,,1191,11,200,
1790478769.921527,1790478772.808275,38813.526418,38816.413166,2886.748,POST,/api/inference,True,,1191,12,200,
1790478769.982283,1790478772.869609,38813.587174,38816.4745,2887.326,POST,/api/inference,True,,1191,13,200,
1790478770.034411,1790478772.921001,38813.639303,38816.525892,2886.59,POST,/api/inference,True,,1191,14,200,
1790478770.095588,1790478772.982699,38813.70048,38816.58759,2887.11,POST,/api/inference,True,,1191,15,200,
1790478770.151541,1790478773.03761,38813.756432,38816.642501,2886.069,POST,/api/inference,True,,1191,16,200,
1790478770.210758,1790478773.099413,38813.81565,38816.704304,2888.654,POST,/api/inference,True,,1191,17,200,
1790478770.264941,1790478773.150574,38813.869833,38816.755465,2885.633,POST,/api/inference,True,,1191,18,200,
1790478770.32353,1790478773.210704,38813.928421,38816.815595,2887.174,POST,/api/inference,True,,1191,19,200,
1790478770.38221,1790478773.269254,38813.987101,38816.874146,2887.044,POST,/api/inference,True,,1191,20,200,
1790478770.440287,1790478773.327413,38814.045178,38816.932305,2887.127,POST,/api/inference,True,,1191,21,200,
1790478770.501998,1790478773.388217,38814.106889,38816.993109,2886.219,POST,/api/inference,True,,1191,22,200,
1790478770.553806,1790478773.439732,38814.158697,38817.044623,2885.926,POST,/api/inference,True,,1191,23,200,
1790478770.60708,1790478773.492019,38814.211971,38817.09691,2884.939,POST,/api/inference,True,,1191,24,200,
1790478770.668843,1790478773.55341,38814.273734,38817.158301,2884.568,POST,/api/inference,True,,1191,25,200,
1790478770.724351,1790478773.609383,38814.329243,38817.214274,2885.031,POST,/api/inference,True,,1191,26,200,
1790478770.783581,1790478773.667959,38814.388472,38817.27285,2884.378,POST,/api/inference,True,,1191,27,200,
1790478770.85227,1790478773.736729,38814.457161,38817.34162,2884.459,POST,/api/inference,True,,1191,28,200,
1790478770.897517,1790478773.782197,38814.502409,38817.387088,2884.679,POST,/api/inference,True,,1191,29,200,
1790478770.956677,1790478773.840682,38814.561568,38817.445573,2884.005,POST,/api/inference,True,,1191,30,200,
1790478771.017883,1790478773.903663,38814.622774,38817.508554,2885.78,POST,/api/inference,True,,1191,31,200,
1790478771.071784,1790478773.958208,38814.676675,38817.563099,2886.424,POST,/api/inference,True,,1191,32,200,
1790478771.132442,1790478774.018687,38814.737334,38817.623579,2886.245,POST,/api/inference,True,,1191,33,200,
1790478771.207346,1790478774.095266,38814.812237,38817.700157,2887.92,POST,/api/inference,True,,1191,34,200,
1790478771.24583,1790478774.131863,38814.850721,38817.736754,2886.032,POST,/api/inference,True,,1191,35,200,
1790478771.306115,1790478774.193413,38814.911006,38817.798304,2887.298,POST,/api/inference,True,,1191,36,200,
1790478771.363772,1790478774.249155,38814.968663,38817.854046,2885.383,POST,/api/inference,True,,1191,37,200,
1790478771.417689,1790478774.305883,38815.022581,38817.910775,2888.194,POST,/api/inference,True,,1191,38,200,
1790478771.474291,1790478774.361141,38815.079183,38817.966032,2886.85,POST,/api/inference,True,,1191,39,200,
1790478771.533706,1790478774.419949,38815.138597,38818.02484,2886.243,POST,/api/inference,True,,1191,40,200,
1790478771.589882,1790478774.4796,38815.194773,38818.084491,2889.718,POST,/api/inference,True,,1191,41,200,
1790478771.646698,1790478774.532654,38815.251589,38818.137545,2885.956,POST,/api/inference,True,,1191,42,200,
1790478771.705824,1790478774.59245,38815.310715,38818.197341,2886.626,POST,/api/inference,True,,1191,43,200,
1790478771.764081,1790478774.650443,38815.368972,38818.255334,2886.362,POST,/api/inference,True,,1191,44,200,
1790478771.821137,1790478774.707829,38815.426028,38818.31272,2886.692,POST,/api/inference,True,,1191,45,200,
1790478771.879006,1790478774.765444,38815.483897,38818.370335,2886.438,POST,/api/inference,True,,1191,46,200,
1790478771.935015,1790478774.822376,38815.539906,38818.427267,2887.361,POST,/api/inference,True,,1191,47,200,
1790478771.999053,1790478774.885945,38815.603944,38818.490836,2886.892,POST,/api/inference,True,,1191,48,200,
1790478772.050369,1790478774.936525,38815.65526,38818.541417,2886.157,POST,/api/inference,True,,1191,49,200,
1790478772.117424,1790478775.004292,38815.722315,38818.609184,2886.868,POST,/api/inference,True,,1191,0,200,
1790478772.17254,1790478775.057726,38815.777431,38818.662617,2885.186,POST,/api/inference,True,,1191,1,200,
1790478772.234925,1790478775.122106,38815.839817,38818.726997,2887.181,POST,/api/inference,True,,1191,2,200,
1790478772.293275,1790478775.180542,38815.898166,38818.785433,2887.267,POST,/api/inference,True,,1191,3,200,
1790478772.349079,1790478775.235101,38815.95397,38818.839992,2886.022,POST,/api/inference,True,,1191,4,200,
1790478772.410244,1790478775.297042,38816.015136,38818.901933,2886.798,POST,/api/inference,True,,1191,5,200,
1790478772.461696,1790478775.349973,38816.066588,38818.954865,2888.277,POST,/api/inference,True,,1191,6,200,
1790478772.521428,1790478775.408094,38816.126319,38819.012985,2886.666,POST,/api/inference,True,,1191,7,200,
1790478772.577357,1790478775.463424,38816.182249,38819.068316,2886.067,POST,/api/inference,True,,1191,8,200,
1790478772.636481,1790478775.523625,38816.241373,38819.128516,2887.143,POST,/api/inference,True,,1191,9,200,
1790478772.68874,1790478775.576717,38816.293631,38819.181608,2887.977,POST,/api/inference,True,,1191,10,200,
1790478772.750725,1790478775.636451,38816.355616,38819.241342,2885.725,POST,/api/inference,True,,1191,11,200,
1790478772.808424,1790478775.695051,38816.413316,38819.299942,2886.627,POST,/api/inference,True,,1191,12,200,
1790478772.869785,1790478775.757952,38816.474676,38819.362843,2888.167,POST,/api/inference,True,,1191,13,200,
1790478772.921155,1790478775.808226,38816.526047,38819.413117,2887.071,POST,/api/inference,True,,1191,14,200,
1790478772.982851,1790478775.869591,38816.587742,38819.474482,2886.74,POST,/api/inference,True,,1191,15,200,
1790478773.037768,1790478775.924913,38816.642659,38819.529804,2887.145,POST,/api/inference,True,,1191,16,200,
1790478773.099573,1790478775.98612,38816.704464,38819.591011,2886.547,POST,/api/inference,True,,1191,17,200,
1790478773.150723,1790478776.036772,38816.755614,38819.641663,2886.049,POST,/api/inference,True,,1191,18,200,
1790478773.210851,1790478776.098521,38816.815743,38819.703412,2887.67,POST,/api/inference,True,,1191,19,200,
1790478773.269412,1790478776.155991,38816.874303,38819.760882,2886.578,POST,/api/inference,True,,1191,20,200,
1790478773.327564,1790478776.21444,38816.932455,38819.819331,2886.876,POST,/api/inference,True,,1191,21,200,
1790478773.388366,1790478776.276057,38816.993257,38819.880949,2887.691,POST,/api/inference,True,,1191,22,200,
1790478773.439874,1790478776.325301,38817.044766,38819.930192,2885.427,POST,/api/inference,True,,1191,23,200,
1790478773.492165,1790478776.3789,38817.097056,38819.983791,2886.735,POST,/api/inference,True,,1191,24,200,
1790478773.553558,1790478776.439681,38817.158449,38820.044572,2886.123,POST,/api/inference,True,,1191,25,200,
1790478773.609524,1790478776.494316,38817.214415,38820.099207,2884.793,POST,/api/inference,True,,1191,26,200,
1790478773.668103,1790478776.554543,38817.272994,38820.159434,2886.439,POST,/api/inference,True,,1191,27,200,
1790478773.736914,1790478776.62416,38817.341805,38820.229051,2887.246,POST,/api/inference,True,,1191,28,200,
1790478773.782366,1790478776.670351,38817.387257,38820.275242,2887.985,POST,/api/inference,True,,1191,29,200,
1790478773.840832,1790478776.72819,38817.445724,38820.333081,2887.357,POST,/api/inference,True,,1191,30,200,
1790478773.903813,1790478776.79023,38817.508704,38820.395121,2886.417,POST,/api/inference,True,,1191,31,200,
1790478773.958367,1790478776.845284,38817.563259,38820.450175,2886.916,POST,/api/inference,True,,1191,32,200,
1790478774.018854,1790478776.906244,38817.623746,38820.511136,2887.39,POST,/api/inference,True,,1191,33,200,
1790478774.095415,1790478776.981643,38817.700306,38820.586534,2886.228,POST,/api/inference,True,,1191,34,200,
1790478774.132014,1790478777.01865,38817.736905,38820.623541,2886.636,POST,/api/inference,True,,1191,35,200,
1790478774.193572,1790478777.080806,38817.798463,38820.685698,2887.235,POST,/api/inference,True,,1191,36,200,
1790478774.249295,1790478777.134465,38817.854186,38820.739357,2885.17,POST,/api/inference,True,,1191,37,200,
1790478774.306076,1790478777.193065,38817.910967,38820.797956,2886.989,POST,/api/inference,True,,1191,38,200,
1790478774.361288,1790478777.247826,38817.96618,38820.852717,2886.537,POST,/api/inference,True,,1191,39,200,
1790478774.420094,1790478777.306181,38818.024985,38820.911072,2886.087,POST,/api/inference,True,,1191,40,200,
1790478774.479802,1790478777.367555,38818.084693,38820.972446,2887.753,POST,/api/inference,True,,1191,41,200,
1790478774.532842,1790478777.419739,38818.137733,38821.02463,2886.897,POST,/api/inference,True,,1191,42,200,
1790478774.5926,1790478777.478477,38818.197491,38821.083368,2885.876,POST,/api/inference,True,,1191,43,200,
1790478774.650585,1790478777.536179,38818.255476,38821.14107,2885.594,POST,/api/inference,True,,1191,44,200,
1790478774.708031,1790478777.594157,38818.312922,38821.199049,2886.126,POST,/api/inference,True,,1191,45,200,
1790478774.765587,1790478777.651697,38818.370478,38821.256588,2886.11,POST,/api/inference,True,,1191,46,200,
1790478774.822567,1790478777.709261,38818.427458,38821.314152,2886.694,POST,/api/inference,True,,1191,47,200,
1790478774.886109,1790478777.775786,38818.491,38821.380677,2889.677,POST,/api/inference,True,,1191,48,200,
1790478774.936669,1790478777.822481,38818.541561,38821.427372,2885.812,POST,/api/inference,True,,1191,49,200,
1790478775.004466,1790478777.890052,38818.609357,38821.494943,2885.586,POST,/api/inference,True,,1191,0,200,
1790478775.057878,1790478777.944592,38818.662769,38821.549483,2886.714,POST,/api/inference,True,,1191,1,200,
1790478775.122253,1790478778.010461,38818.727144,38821.615352,2888.208,POST,/api/inference,True,,1191,2,200,
1790478775.180687,1790478778.066077,38818.785579,38821.670969,2885.39,POST,/api/inference,True,,1191,3,200,
1790478775.235332,1790478778.122283,38818.840223,38821.727174,2886.951,POST,/api/inference,True,,1191,4,200,
1790478775.297199,1790478778.183772,38818.902091,38821.788663,2886.573,POST,/api/inference,True,,1191,5,200,
1790478775.350137,1790478778.238529,38818.955029,38821.84342,2888.392,POST,/api/inference,True,,1191,6,200,
1790478775.408244,1790478778.29411,38819.013135,38821.899001,2885.866,POST,/api/inference,True,,1191,7,200,
1790478775.463565,1790478778.349184,38819.068457,38821.954075,2885.618,POST,/api/inference,True,,1191,8,200,
1790478775.523764,1790478778.410087,38819.128655,38822.014978,2886.323,POST,/api/inference,True,,1191,9,200,
1790478775.57689,1790478778.464063,38819.181782,38822.068955,2887.173,POST,/api/inference,True,,1191,10,200,
1790478775.636596,1790478778.523518,38819.241488,38822.128409,2886.921,POST,/api/inference,True,,1191,11,200,
1790478775.695251,1790478778.58104,38819.300143,38822.185931,2885.789,POST,/api/inference,True,,1191,12,200,
1790478775.758115,1790478778.644151,38819.363006,38822.249042,2886.035,POST,/api/inference,True,,1191,13,200,
1790478775.808374,1790478778.6951,38819.413266,38822.299992,2886.726,POST,/api/inference,True,,1191,14,200,
1790478775.869743,1790478778.756782,38819.474635,38822.361673,2887.039,POST,/api/inference,True,,1191,15,200,
1790478775.925062,1790478778.812411,38819.529954,38822.417302,2887.348,POST,/api/inference,True,,1191,16,200,
1790478775.986285,1790478778.875446,38819.591176,38822.480337,2889.161,POST,/api/inference,True,,1191,17,200,
1790478776.036945,1790478778.924502,38819.641836,38822.529393,2887.557,POST,/api/inference,True,,1191,18,200,
1790478776.098685,1790478778.985743,38819.703576,38822.590634,2887.058,POST,/api/inference,True,,1191,19,200,
1790478776.156143,1790478779.042944,38819.761034,38822.647836,2886.801,POST,/api/inference,True,,1191,20,200,
1790478776.214602,1790478779.100909,38819.819493,38822.705801,2886.308,POST,/api/inference,True,,1191,21,200,
1790478776.276218,1790478779.16309,38819.881109,38822.767982,2886.873,POST,/api/inference,True,,1191,22,200,
1790478776.325443,1790478779.212735,38819.930334,38822.817626,2887.292,POST,/api/inference,True,,1191,23,200,
1790478776.379046,1790478779.266182,38819.983937,38822.871074,2887.137,POST,/api/inference,True,,1191,24,200,
1790478776.439826,1790478779.328278,38820.044718,38822.933169,2888.452,POST,/api/inference,True,,1191,25,200,
1790478776.494446,1790478779.380242,38820.099337,38822.985133,2885.796,POST,/api/inference,True,,1191,26,200,
1790478776.554689,1790478779.44166,38820.15958,38823.046551,2886.97,POST,/api/inference,True,,1191,27,200,
1790478776.624314,1790478779.511947,38820.229206,38823.116838,2887.633,POST,/api/inference,True,,1191,28,200,
1790478776.670532,1790478779.558419,38820.275423,38823.16331,2887.887,POST,/api/inference,True,,1191,29,200,
1790478776.728334,1790478779.61358,38820.333225,38823.218471,2885.246,POST,/api/inference,True,,1191,30,200,
1790478776.790375,1790478779.676012,38820.395266,38823.280903,2885.637,POST,/api/inference,True,,1191,31,200,
1790478776.845436,1790478779.731888,38820.450327,38823.336779,2886.452,POST,/api/inference,True,,1191,32,200,
1790478776.906394,1790478779.793858,38820.511285,38823.398749,2887.464,POST,/api/inference,True,,1191,33,200,
1790478776.981784,1790478779.868694,38820.586675,38823.473585,2886.91,POST,/api/inference,True,,1191,34,200,
1790478777.018814,1790478779.905645,38820.623705,38823.510536,2886.831,POST,/api/inference,True,,1191,35,200,
1790478777.080959,1790478779.967761,38820.68585,38823.572652,2886.802,POST,/api/inference,True,,1191,36,200,
1790478777.134815,1790478780.021165,38820.739706,38823.626056,2886.35,POST,/api/inference,True,,1191,37,200,
1790478777.193239,1790478780.080009,38820.798131,38823.6849,2886.769,POST,/api/inference,True,,1191,38,200,
1790478777.247972,1790478780.133953,38820.852863,38823.738844,2885.981,POST,/api/inference,True,,1191,39,200,
1790478777.306335,1790478780.194318,38820.911226,38823.79921,2887.983,POST,/api/inference,True,,1191,40,200,
1790478777.367714,1790478780.255465,38820.972605,38823.860356,2887.751,POST,/api/inference,True,,1191,41,200,
1790478777.419895,1790478780.306467,38821.024786,38823.911359,2886.572,POST,/api/inference,True,,1191,42,200,
1790478777.478648,1790478780.36615,38821.083539,38823.971041,2887.503,POST,/api/inference,True,,1191,43,200,
1790478777.536303,1790478780.423582,38821.141194,38824.028473,2887.279,POST,/api/inference,True,,1191,44,200,
1790478777.594293,1790478780.480778,38821.199184,38824.08567,2886.486,POST,/api/inference,True,,1191,45,200,
1790478777.651855,1790478780.5417,38821.256746,38824.146591,2889.845,POST,/api/inference,True,,1191,46,200,
1790478777.709418,1790478780.596231,38821.314309,38824.201122,2886.813,POST,/api/inference,True,,1191,47,200,
1790478777.775963,1790478780.660844,38821.380854,38824.265735,2884.881,POST,/api/inference,True,,1191,48,200,
1790478777.822635,1790478780.709276,38821.427526,38824.314167,2886.642,POST,/api/inference,True,,1191,49,200,
1790478777.890221,1790478780.777764,38821.495112,38824.382655,2887.543,POST,/api/inference,True,,1191,0,200,
1790478777.944757,1790478780.830882,38821.549648,38824.435774,2886.125,POST,/api/inference,True,,1191,1,200,
1790478778.010626,1790478780.896745,38821.615517,38824.501636,2886.119,POST,/api/inference,True,,1191,2,200,
1790478778.06622,1790478780.953942,38821.671111,38824.558833,2887.721,POST,/api/inference,True,,1191,3,200,
1790478778.122435,1790478781.009241,38821.727326,38824.614132,2886.806,POST,/api/inference,True,,1191,4,200,
1790478778.183938,1790478781.070465,38821.788829,38824.675356,2886.528,POST,/api/inference,True,,1191,5,200,
1790478778.238713,1790478781.125791,38821.843604,38824.730682,2887.078,POST,/api/inference,True,,1191,6,200,
1790478778.294263,1790478781.181194,38821.899154,38824.786085,2886.931,POST,/api/inference,True,,1191,7,200,
1790478778.349332,1790478781.236404,38821.954223,38824.841295,2887.072,POST,/api/inference,True,,1191,8,200,
1790478778.410229,1790478781.296353,38822.01512,38824.901244,2886.124,POST,/api/inference,True,,1191,9,200,
1790478778.464218,1790478781.35017,38822.069109,38824.955061,2885.952,POST,/api/inference,True,,1191,10,200,
1790478778.52368,1790478781.411249,38822.128571,38825.01614,2887.569,POST,/api/inference,True,,1191,11,200,
1790478778.581164,1790478781.466605,38822.186055,38825.071496,2885.441,POST,/api/inference,True,,1191,12,200,
1790478778.644306,1790478781.531313,38822.249197,38825.136204,2887.008,POST,/api/inference,True,,1191,13,200,
1790478778.695353,1790478781.582183,38822.300244,38825.187074,2886.83,POST,/api/inference,True,,1191,14,200,
1790478778.756939,1790478781.644171,38822.36183,38825.249062,2887.232,POST,/api/inference,True,,1191,15,200,
1790478778.812565,1790478781.698198,38822.417456,38825.303089,2885.633,POST,/api/inference,True,,1191,16,200,
1790478778.875634,1790478781.762372,38822.480526,38825.367264,2886.738,POST,/api/inference,True,,1191,17,200,
1790478778.924666,1790478781.81084,38822.529557,38825.415731,2886.174,POST,/api/inference,True,,1191,18,200,
1790478778.985895,1790478781.872714,38822.590786,38825.477605,2886.819,POST,/api/inference,True,,1191,19,200,
1790478779.043105,1790478781.92925,38822.647996,38825.534141,2886.145,POST,/api/inference,True,,1191,20,200,
1790478779.101054,1790478781.987626,38822.705945,38825.592517,2886.572,POST,/api/inference,True,,1191,21,200,
1790478779.163332,1790478782.050011,38822.768223,38825.654902,2886.679,POST,/api/inference,True,,1191,22,200,
1790478779.212888,1790478782.099096,38822.817779,38825.703987,2886.208,POST,/api/inference,True,,1191,23,200,
1790478779.266334,1790478782.153121,38822.871225,38825.758012,2886.787,POST,/api/inference,True,,1191,24,200,
1790478779.328431,1790478782.214601,38822.933322,38825.819492,2886.17,POST,/api/inference,True,,1191,25,200,
1790478779.380408,1790478782.266967,38822.985299,38825.871858,2886.559,POST,/api/inference,True,,1191,26,200,
1790478779.441826,1790478782.328179,38823.046717,38825.93307,2886.353,POST,/api/inference,True,,1191,27,200,
1790478779.512091,1790478782.39828,38823.116982,38826.003172,2886.189,POST,/api/inference,True,,1191,28,200,
1790478779.55857,1790478782.44457,38823.163461,38826.049461,2886.0,POST,/api/inference,True,,1191,29,200,
1790478779.613685,1790478782.498923,38823.218576,38826.103814,2885.238,POST,/api/inference,True,,1191,30,200,
1790478779.676162,1790478782.564121,38823.281054,38826.169012,2887.958,POST,/api/inference,True,,1191,31,200,
1790478779.732047,1790478782.619033,38823.336938,38826.223925,2886.987,POST,/api/inference,True,,1191,32,200,
1790478779.794023,1790478782.680983,38823.398914,38826.285874,2886.96,POST,/api/inference,True,,1191,33,200,
1790478779.868843,1790478782.754992,38823.473734,38826.359883,2886.148,POST,/api/inference,True,,1191,34,200,
1790478779.905795,1790478782.791731,38823.510686,38826.396622,2885.936,POST,/api/inference,True,,1191,35,200,
1790478779.967928,1790478782.854364,38823.57282,38826.459255,2886.436,POST,/api/inference,True,,1191,36,200,
1790478780.021369,1790478782.91103,38823.62626,38826.515921,2889.661,POST,/api/inference,True,,1191,37,200,
1790478780.080172,1790478782.966741,38823.685063,38826.571632,2886.569,POST,/api/inference,True,,1191,38,200,
1790478780.134101,1790478783.020114,38823.738992,38826.625005,2886.013,POST,/api/inference,True,,1191,39,200,
1790478780.194477,1790478783.082345,38823.799368,38826.687236,2887.868,POST,/api/inference,True,,1191,40,200,
1790478780.255615,1790478783.143893,38823.860506,38826.748784,2888.278,POST,/api/inference,True,,1191,41,200,
1790478780.306617,1790478783.19193,38823.911508,38826.796821,2885.313,POST,/api/inference,True,,1191,42,200,
1790478780.366313,1790478783.254339,38823.971204,38826.85923,2888.025,POST,/api/inference,True,,1191,43,200,
1790478780.423744,1790478783.311209,38824.028635,38826.9161,2887.465,POST,/api/inference,True,,1191,44,200,
1790478780.480928,1790478783.36653,38824.085819,38826.971422,2885.603,POST,/api/inference,True,,1191,45,200,
1790478780.541895,1790478783.429391,38824.146787,38827.034283,2887.496,POST,/api/inference,True,,1191,46,200,
1790478780.596383,1790478783.483266,38824.201274,38827.088157,2886.883,POST,/api/inference,True,,1191,47,200,
1790478780.660976,1790478783.546616,38824.265867,38827.151507,2885.64,POST,/api/inference,True,,1191,48,200,
1790478780.709424,1790478783.59538,38824.314315,38827.200271,2885.956,POST,/api/inference,True,,1191,49,200,
1790478780.77791,1790478783.664403,38824.382801,38827.269294,2886.493,POST,/api/inference,True,,1191,0,200,
1790478780.831122,1790478783.717316,38824.436013,38827.322207,2886.194,POST,/api/inference,True,,1191,1,200,
1790478780.896884,1790478783.782658,38824.501775,38827.387549,2885.774,POST,/api/inference,True,,1191,2,200,
1790478780.954122,1790478783.841938,38824.559013,38827.44683,2887.817,POST,/api/inference,True,,1191,3,200,
1790478781.009411,1790478783.896456,38824.614302,38827.501347,2887.045,POST,/api/inference,True,,1191,4,200,
1790478781.070614,1790478783.959376,38824.675505,38827.564267,2888.762,POST,/api/inference,True,,1191,5,200,
1790478781.125945,1790478784.01264,38824.730836,38827.617531,2886.695,POST,/api/inference,True,,1191,6,200,
1790478781.181341,1790478784.067707,38824.786233,38827.672598,2886.366,POST,/api/inference,True,,1191,7,200,
1790478781.236548,1790478784.123645,38824.841439,38827.728537,2887.097,POST,/api/inference,True,,1191,8,200,
1790478781.29649,1790478784.182393,38824.901382,38827.787284,2885.903,POST,/api/inference,True,,1191,9,200,
1790478781.350324,1790478784.236959,38824.955215,38827.84185,2886.635,POST,/api/inference,True,,1191,10,200,
1790478781.411418,1790478784.298391,38825.016309,38827.903282,2886.973,POST,/api/inference,True,,1191,11,200,
1790478781.46676,1790478784.354,38825.071652,38827.958892,2887.24,POST,/api/inference,True,,1191,12,200,
1790478781.531484,1790478784.418456,38825.136375,38828.023347,2886.973,POST,/api/inference,True,,1191,13,200,
1790478781.582334,1790478784.468621,38825.187225,38828.073512,2886.287,POST,/api/inference,True,,1191,14,200,
1790478781.644325,1790478784.530589,38825.249217,38828.13548,2886.263,POST,/api/inference,True,,1191,15,200,
1790478781.698387,1790478784.583177,38825.303279,38828.188068,2884.79,POST,/api/inference,True,,1191,16,200,
1790478781.762536,1790478784.649848,38825.367427,38828.254739,2887.312,POST,/api/inference,True,,1191,17,200,
1790478781.810993,1790478784.698974,38825.415884,38828.303865,2887.981,POST,/api/inference,True,,1191,18,200,
1790478781.872952,1790478784.758839,38825.477843,38828.363731,2885.887,POST,/api/inference,True,,1191,19,200,
1790478781.92939,1790478784.814411,38825.534281,38828.419302,2885.021,POST,/api/inference,True,,1191,20,200,
1790478781.987785,1790478784.874488,38825.592676,38828.479379,2886.703,POST,/api/inference,True,,1191,21,200,
1790478782.050174,1790478784.936172,38825.655065,38828.541063,2885.998,POST,/api/inference,True,,1191,22,200,
1790478782.099339,1790478784.98603,38825.704231,38828.590921,2886.691,POST,/api/inference,True,,1191,23,200,
1790478782.153605,1790478785.04083,38825.758497,38828.645722,2887.225,POST,/api/inference,True,,1191,24,200,
1790478782.214758,1790478785.102509,38825.81965,38828.707401,2887.751,POST,/api/inference,True,,1191,25,200,
1790478782.26712,1790478785.154191,38825.872012,38828.759082,2887.07,POST,/api/inference,True,,1191,26,200,
1790478782.328364,1790478785.215264,38825.933255,38828.820155,2886.9,POST,/api/inference,True,,1191,27,200,
1790478782.398431,1790478785.285196,38826.003322,38828.890087,2886.765,POST,/api/inference,True,,1191,28,200,
1790478782.444724,1790478785.332463,38826.049615,38828.937354,2887.739,POST,/api/inference,True,,1191,29,200,
1790478782.499071,1790478785.38607,38826.103962,38828.990961,2886.999,POST,/api/inference,True,,1191,30,200,
1790478782.564301,1790478785.451354,38826.169192,38829.056245,2887.054,POST,/api/inference,True,,1191,31,200,
1790478782.61931,1790478785.509053,38826.224201,38829.113944,2889.744,POST,/api/inference,True,,1191,32,200,
1790478782.681133,1790478785.567808,38826.286024,38829.172699,2886.675,POST,/api/inference,True,,1191,33,200,
1790478782.755123,1790478785.639564,38826.360015,38829.244455,2884.441,POST,/api/inference,True,,1191,34,200,
1790478782.791883,1790478785.677766,38826.396775,38829.282658,2885.883,POST,/api/inference,True,,1191,35,200,
1790478782.854517,1790478785.742743,38826.459408,38829.347635,2888.226,POST,/api/inference,True,,1191,36,200,
1790478782.911288,1790478785.798187,38826.51618,38829.403078,2886.899,POST,/api/inference,True,,1191,37,200,
1790478782.966902,1790478785.852684,38826.571793,38829.457575,2885.782,POST,/api/inference,True,,1191,38,200,
1790478783.020287,1790478785.906477,38826.625178,38829.511368,2886.19,POST,/api/inference,True,,1191,39,200,
1790478783.082507,1790478785.969527,38826.687398,38829.574418,2887.02,POST,/api/inference,True,,1191,40,200,
1790478783.144041,1790478786.031756,38826.748932,38829.636647,2887.715,POST,/api/inference,True,,1191,41,200,
1790478783.192088,1790478786.079339,38826.796979,38829.68423,2887.251,POST,/api/inference,True,,1191,42,200,
1790478783.254499,1790478786.141785,38826.85939,38829.746676,2887.286,POST,/api/inference,True,,1191,43,200,
1790478783.311388,1790478786.199329,38826.916279,38829.80422,2887.941,POST,/api/inference,True,,1191,44,200,
1790478783.366674,1790478786.253286,38826.971566,38829.858178,2886.612,POST,/api/inference,True,,1191,45,200,
1790478783.429538,1790478786.315774,38827.034429,38829.920665,2886.236,POST,/api/inference,True,,1191,46,200,
1790478783.483426,1790478786.370735,38827.088318,38829.975627,2887.309,POST,/api/inference,True,,1191,47,200,
1790478783.546762,1790478786.43277,38827.151653,38830.037661,2886.008,POST,/api/inference,True,,1191,48,200,
1790478783.595533,1790478786.482216,38827.200425,38830.087108,2886.683,POST,/api/inference,True,,1191,49,200,
1790478783.664546,1790478786.551068,38827.269438,38830.15596,2886.522,POST,/api/inference,True,,1191,0,200,
1790478783.71747,1790478786.605876,38827.322361,38830.210767,2888.406,POST,/api/inference,True,,1191,1,200,
1790478783.782806,1790478786.667717,38827.387697,38830.272608,2884.91,POST,/api/inference,True,,1191,2,200,
1790478783.842105,1790478786.728778,38827.446996,38830.333669,2886.673,POST,/api/inference,True,,1191,3,200,
1790478783.896611,1790478786.783793,38827.501502,38830.388684,2887.182,POST,/api/inference,True,,1191,4,200,
1790478783.959535,1790478786.846291,38827.564426,38830.451182,2886.756,POST,/api/inference,True,,1191,5,200,
1790478784.012813,1790478786.898688,38827.617704,38830.503579,2885.876,POST,/api/inference,True,,1191,6,200,
1790478784.067853,1790478786.95541,38827.672744,38830.560301,2887.557,POST,/api/inference,True,,1191,7,200,
1790478784.123833,1790478787.011712,38827.728724,38830.616603,2887.879,POST,/api/inference,True,,1191,8,200,
1790478784.182547,1790478787.068677,38827.787438,38830.673569,2886.131,POST,/api/inference,True,,1191,9,200,
1790478784.237103,1790478787.123849,38827.841994,38830.72874,2886.746,POST,/api/inference,True,,1191,10,200,
1790478784.298588,1790478787.186579,38827.903479,38830.79147,2887.991,POST,/api/inference,True,,1191,11,200,
1790478784.354188,1790478787.240041,38827.959079,38830.844933,2885.853,POST,/api/inference,True,,1191,12,200,
1790478784.418614,1790478787.304728,38828.023505,38830.90962,2886.114,POST,/api/inference,True,,1191,13,200,
1790478784.468775,1790478787.354767,38828.073666,38830.959659,2885.992,POST,/api/inference,True,,1191,14,200,
1790478784.530736,1790478787.4171,38828.135628,38831.021991,2886.363,POST,/api/inference,True,,1191,15,200,
1790478784.583321,1790478787.469915,38828.188212,38831.074806,2886.593,POST,/api/inference,True,,1191,16,200,
1790478784.650005,1790478787.53685,38828.254896,38831.141741,2886.844,POST,/api/inference,True,,1191,17,200,
1790478784.699136,1790478787.588625,38828.304028,38831.193516,2889.489,POST,/api/inference,True,,1191,18,200,
1790478784.758981,1790478787.645582,38828.363873,38831.250474,2886.601,POST,/api/inference,True,,1191,19,200,
1790478784.814542,1790478787.700557,38828.419433,38831.305448,2886.015,POST,/api/inference,True,,1191,20,200,
1790478784.874638,1790478787.760263,38828.479529,38831.365154,2885.625,POST,/api/inference,True,,1191,21,200,
1790478784.936317,1790478787.825783,38828.541208,38831.430675,2889.467,POST,/api/inference,True,,1191,22,200,
1790478784.986176,1790478787.87276,38828.591067,38831.477651,2886.584,POST,/api/inference,True,,1191,23,200,
1790478785.041013,1790478787.926213,38828.645905,38831.531104,2885.2,POST,/api/inference,True,,1191,24,200,
1790478785.102673,1790478787.991422,38828.707564,38831.596313,2888.749,POST,/api/inference,True,,1191,25,200,
1790478785.154339,1790478788.040922,38828.75923,38831.645813,2886.583,POST,/api/inference,True,,1191,26,200,
1790478785.215424,1790478788.102582,38828.820316,38831.707474,2887.158,POST,/api/inference,True,,1191,27,200,
1790478785.285349,1790478788.171672,38828.89024,38831.776563,2886.323,POST,/api/inference,True,,1191,28,200,
1790478785.332618,1790478788.218669,38828.937509,38831.82356,2886.052,POST,/api/inference,True,,1191,29,200,
1790478785.386227,1790478788.273452,38828.991118,38831.878343,2887.224,POST,/api/inference,True,,1191,30,200,
1790478785.451513,1790478788.337725,38829.056404,38831.942616,2886.212,POST,/api/inference,True,,1191,31,200,
1790478785.509239,1790478788.396139,38829.114131,38832.001031,2886.9,POST,/api/inference,True,,1191,32,200,
1790478785.567947,1790478788.453253,38829.172838,38832.058145,2885.306,POST,/api/inference,True,,1191,33,200,
1790478785.6397,1790478788.525253,38829.244591,38832.130144,2885.553,POST,/api/inference,True,,1191,34,200,
1790478785.677919,1790478788.564696,38829.28281,38832.169587,2886.776,POST,/api/inference,True,,1191,35,200,
1790478785.742894,1790478788.6299,38829.347785,38832.234791,2887.006,POST,/api/inference,True,,1191,36,200,
1790478785.798333,1790478788.684396,38829.403224,38832.289287,2886.063,POST,/api/inference,True,,1191,37,200,
1790478785.852814,1790478788.738233,38829.457705,38832.343125,2885.419,POST,/api/inference,True,,1191,38,200,
1790478785.90667,1790478788.795532,38829.511561,38832.400423,2888.862,POST,/api/inference,True,,1191,39,200,
1790478785.969691,1790478788.857231,38829.574582,38832.462122,2887.54,POST,/api/inference,True,,1191,40,200,
1790478786.031944,1790478788.91836,38829.636835,38832.523251,2886.416,POST,/api/inference,True,,1191,41,200,
1790478786.079496,1790478788.965854,38829.684387,38832.570745,2886.358,POST,/api/inference,True,,1191,42,200,
1790478786.141926,1790478789.029682,38829.746818,38832.634573,2887.755,POST,/api/inference,True,,1191,43,200,
1790478786.199489,1790478789.08691,38829.80438,38832.691801,2887.421,POST,/api/inference,True,,1191,44,200,
1790478786.253442,1790478789.140667,38829.858333,38832.745558,2887.225,POST,/api/inference,True,,1191,45,200,
1790478786.315933,1790478789.202213,38829.920825,38832.807105,2886.28,POST,/api/inference,True,,1191,46,200,
1790478786.370898,1790478789.257691,38829.975789,38832.862582,2886.792,POST,/api/inference,True,,1191,47,200,
1790478786.432918,1790478789.318966,38830.037809,38832.923857,2886.048,POST,/api/inference,True,,1191,48,200,
1790478786.482388,1790478789.369908,38830.087279,38832.974799,2887.52,POST,/api/inference,True,,1191,49,200,
1790478786.551305,1790478789.43838,38830.156197,38833.043272,2887.075,POST,/api/inference,True,,1191,0,200,
1790478786.606033,1790478789.492959,38830.210924,38833.09785,2886.926,POST,/api/inference,True,,1191,1,200,
1790478786.667866,1790478789.553953,38830.272758,38833.158844,2886.086,POST,/api/inference,True,,1191,2,200,
1790478786.728926,1790478789.614808,38830.333817,38833.219699,2885.882,POST,/api/inference,True,,1191,3,200,
1790478786.783942,1790478789.669847,38830.388833,38833.274738,2885.905,POST,/api/inference,True,,1191,4,200,
1790478786.846447,1790478789.732689,38830.451338,38833.337581,2886.242,POST,/api/inference,True,,1191,5,200,
1790478786.89883,1790478789.784696,38830.503721,38833.389587,2885.867,POST,/api/inference,True,,1191,6,200,
1790478786.955558,1790478789.845873,38830.560449,38833.450764,2890.315,POST,/api/inference,True,,1191,7,200,
1790478787.011934,1790478789.900828,38830.616825,38833.505719,2888.894,POST,/api/inference,True,,1191,8,200,
1790478787.068847,1790478789.95585,38830.673738,38833.560741,2887.003,POST,/api/inference,True,,1191,9,200,
1790478787.123996,1790478790.010148,38830.728887,38833.615039,2886.152,POST,/api/inference,True,,1191,10,200,
1790478787.186748,1790478790.073943,38830.791639,38833.678834,2887.196,POST,/api/inference,True,,1191,11,200,
1790478787.240196,1790478790.127471,38830.845087,38833.732362,2887.275,POST,/api/inference,True,,1191,12,200,
1790478787.304876,1790478790.192318,38830.909767,38833.79721,2887.443,POST,/api/inference,True,,1191,13,200,
1790478787.354923,1790478790.24135,38830.959814,38833.846241,2886.427,POST,/api/inference,True,,1191,14,200,
1790478787.417235,1790478790.30302,38831.022126,38833.907912,2885.786,POST,/api/inference,True,,1191,15,200,
1790478787.470072,1790478790.357403,38831.074963,38833.962294,2887.331,POST,/api/inference,True,,1191,16,200,
1790478787.537003,1790478790.422553,38831.141894,38834.027444,2885.55,POST,/api/inference,True,,1191,17,200,
1790478787.588876,1790478790.476529,38831.193768,38834.08142,2887.652,POST,/api/inference,True,,1191,18,200,
1790478787.645734,1790478790.531943,38831.250626,38834.136834,2886.209,POST,/api/inference,True,,1191,19,200,
1790478787.70074,1790478790.589051,38831.305631,38834.193942,2888.311,POST,/api/inference,True,,1191,20,200,
1790478787.760507,1790478790.647225,38831.365399,38834.252117,2886.718,POST,/api/inference,True,,1191,21,200,
1790478787.825943,1790478790.712155,38831.430835,38834.317046,2886.212,POST,/api/inference,True,,1191,22,200,
1790478787.872906,1790478790.759748,38831.477797,38834.36464,2886.843,POST,/api/inference,True,,1191,23,200,
1790478787.926383,1790478790.811766,38831.531274,38834.416657,2885.383,POST,/api/inference,True,,1191,24,200,
1790478787.991682,1790478790.879204,38831.596573,38834.484095,2887.522,POST,/api/inference,True,,1191,25,200,
1790478788.041111,1790478790.928864,38831.646002,38834.533755,2887.753,POST,/api/inference,True,,1191,26,200,
1790478788.102769,1790478790.99038,38831.70766,38834.595271,2887.611,POST,/api/inference,True,,1191,27,200,
1790478788.171841,1790478791.057621,38831.776733,38834.662512,2885.779,POST,/api/inference,True,,1191,28,200,
1790478788.218827,1790478791.105193,38831.823718,38834.710084,2886.366,POST,/api/inference,True,,1191,29,200,
1790478788.273626,1790478791.160736,38831.878517,38834.765627,2887.11,POST,/api/inference,True,,1191,30,200,
1790478788.337872,1790478791.224404,38831.942764,38834.829295,2886.531,POST,/api/inference,True,,1191,31,200,
1790478788.396291,1790478791.282681,38832.001183,38834.887572,2886.39,POST,/api/inference,True,,1191,32,200,
1790478788.453394,1790478791.339445,38832.058286,38834.944336,2886.05,POST,/api/inference,True,,1191,33,200,
1790478788.525409,1790478791.412068,38832.1303,38835.016959,2886.659,POST,/api/inference,True,,1191,34,200,
1790478788.564853,1790478791.453074,38832.169744,38835.057965,2888.221,POST,/api/inference,True,,1191,35,200,
1790478788.630052,1790478791.517349,38832.234944,38835.12224,2887.296,POST,/api/inference,True,,1191,36,200,
1790478788.684557,1790478791.573572,38832.289448,38835.178463,2889.014,POST,/api/inference,True,,1191,37,200,
1790478788.738381,1790478791.624336,38832.343272,38835.229227,2885.954,POST,/api/inference,True,,1191,38,200,
1790478788.795721,1790478791.68343,38832.400612,38835.288321,2887.709,POST,/api/inference,True,,1191,39,200,
1790478788.85739,1790478791.744666,38832.462281,38835.349558,2887.276,POST,/api/inference,True,,1191,40,200,
1790478788.918523,1790478791.80608,38832.523414,38835.410972,2887.558,POST,/api/inference,True,,1191,41,200,
1790478788.965978,1790478791.851444,38832.57087,38835.456335,2885.465,POST,/api/inference,True,,1191,42,200,
1790478789.029852,1790478791.915313,38832.634743,38835.520204,2885.461,POST,/api/inference,True,,1191,43,200,
1790478789.087072,1790478791.975779,38832.691963,38835.580671,2888.707,POST,/api/inference,True,,1191,44,200,
1790478789.140831,1790478792.027891,38832.745723,38835.632783,2887.06,POST,/api/inference,True,,1191,45,200,
1790478789.202354,1790478792.087695,38832.807245,38835.692586,2885.34,POST,/api/inference,True,,1191,46,200,
1790478789.257855,1790478792.144184,38832.862746,38835.749075,2886.329,POST,/api/inference,True,,1191,47,200,
1790478789.31911,1790478792.206282,38832.924001,38835.811173,2887.172,POST,/api/inference,True,,1191,48,200,
1790478789.370071,1790478792.256934,38832.974963,38835.861826,2886.863,POST,/api/inference,True,,1191,49,200,
1790478789.438685,1790478792.325562,38833.043577,38835.930453,2886.877,POST,/api/inference,True,,1191,0,200,
1790478789.493121,1790478792.37962,38833.098012,38835.984511,2886.499,POST,/api/inference,True,,1191,1,200,
1790478789.554095,1790478792.441484,38833.158987,38836.046375,2887.389,POST,/api/inference,True,,1191,2,200,
1790478789.615001,1790478792.50272,38833.219893,38836.107612,2887.719,POST,/api/inference,True,,1191,3,200,
1790478789.670011,1790478792.556035,38833.274903,38836.160927,2886.024,POST,/api/inference,True,,1191,4,200,
1790478789.732837,1790478792.618801,38833.337728,38836.223692,2885.964,POST,/api/inference,True,,1191,5,200,
1790478789.784866,1790478792.671066,38833.389757,38836.275957,2886.2,POST,/api/inference,True,,1191,6,200,
1790478789.846025,1790478792.733793,38833.450917,38836.338685,2887.768,POST,/api/inference,True,,1191,7,200,
1790478789.90099,1790478792.788367,38833.505882,38836.393258,2887.376,POST,/api/inference,True,,1191,8,200,
1790478789.955999,1790478792.842385,38833.560891,38836.447276,2886.386,POST,/api/inference,True,,1191,9,200,
1790478790.010308,1790478792.895606,38833.615199,38836.500497,2885.298,POST,/api/inference,True,,1191,10,200,
1790478790.074088,1790478792.959215,38833.678979,38836.564106,2885.127,POST,/api/inference,True,,1191,11,200,
1790478790.127618,1790478793.014691,38833.732509,38836.619582,2887.073,POST,/api/inference,True,,1191,12,200,
1790478790.192463,1790478793.078177,38833.797354,38836.683068,2885.714,POST,/api/inference,True,,1191,13,200,
1790478790.241469,1790478793.12607,38833.846361,38836.730962,2884.601,POST,/api/inference,True,,1191,14,200,
1790478790.30326,1790478793.189546,38833.908152,38836.794437,2886.285,POST,/api/inference,True,,1191,15,200,
1790478790.357558,1790478793.243934,38833.962449,38836.848826,2886.377,POST,/api/inference,True,,1191,16,200,
1790478790.422713,1790478793.31088,38834.027604,38836.915772,2888.168,POST,/api/inference,True,,1191,17,200,
1790478790.4767,1790478793.362926,38834.081591,38836.967818,2886.227,POST,/api/inference,True,,1191,18,200,
1790478790.532088,1790478793.417559,38834.136979,38837.02245,2885.471,POST,/api/inference,True,,1191,19,200,
1790478790.589191,1790478793.475794,38834.194082,38837.080685,2886.602,POST,/api/inference,True,,1191,20,200,
1790478790.64741,1790478793.534467,38834.252301,38837.139358,2887.057,POST,/api/inference,True,,1191,21,200,
1790478790.7123,1790478793.598279,38834.317191,38837.20317,2885.979,POST,/api/inference,True,,1191,22,200,
1790478790.759897,1790478793.646156,38834.364789,38837.251047,2886.258,POST,/api/inference,True,,1191,23,200,
1790478790.811925,1790478793.698199,38834.416816,38837.30309,2886.274,POST,/api/inference,True,,1191,24,200,
1790478790.879366,1790478793.769455,38834.484257,38837.374346,2890.09,POST,/api/inference,True,,1191,25,200,
1790478790.929044,1790478793.815341,38834.533935,38837.420232,2886.297,POST,/api/inference,True,,1191,26,200,
1790478790.990535,1790478793.876667,38834.595426,38837.481558,2886.133,POST,/api/inference,True,,1191,27,200,
1790478791.057737,1790478793.943748,38834.662628,38837.548639,2886.011,POST,/api/inference,True,,1191,28,200,
1790478791.105353,1790478793.991317,38834.710244,38837.596208,2885.963,POST,/api/inference,True,,1191,29,200,
1790478791.160893,1790478794.04883,38834.765785,38837.653721,2887.937,POST,/api/inference,True,,1191,30,200,
1790478791.22456,1790478794.111315,38834.829451,38837.716206,2886.755,POST,/api/inference,True,,1191,31,200,
1790478791.282834,1790478794.168464,38834.887725,38837.773355,2885.63,POST,/api/inference,True,,1191,32,200,
1790478791.339602,1790478794.225928,38834.944493,38837.830819,2886.327,POST,/api/inference,True,,1191,33,200,
1790478791.41222,1790478794.29845,38835.01711,38837.903341,2886.231,POST,/api/inference,True,,1191,34,200,
1790478791.453232,1790478794.339743,38835.058124,38837.944634,2886.51,POST,/api/inference,True,,1191,35,200,
1790478791.517509,1790478794.404292,38835.1224,38838.009183,2886.783,POST,/api/inference,True,,1191,36,200,
1790478791.573756,1790478794.460459,38835.178648,38838.06535,2886.703,POST,/api/inference,True,,1191,37,200,
1790478791.624486,1790478794.510798,38835.229377,38838.11569,2886.312,POST,/api/inference,True,,1191,38,200,
1790478791.683589,1790478794.569767,38835.288481,38838.174658,2886.177,POST,/api/inference,True,,1191,39,200,
1790478791.744829,1790478794.631044,38835.34972,38838.235935,2886.215,POST,/api/inference,True,,1191,40,200,
1790478791.806238,1790478794.692901,38835.411129,38838.297792,2886.663,POST,/api/inference,True,,1191,41,200,
1790478791.851554,1790478794.736441,38835.456445,38838.341332,2884.887,POST,/api/inference,True,,1191,42,200,
1790478791.915459,1790478794.801992,38835.52035,38838.406883,2886.533,POST,/api/inference,True,,1191,43,200,
1790478791.975939,1790478794.865286,38835.58083,38838.470177,2889.347,POST,/api/inference,True,,1191,44,200,
1790478792.02808,1790478794.913934,38835.632971,38838.518825,2885.853,POST,/api/inference,True,,1191,45,200,
1790478792.087831,1790478794.974195,38835.692722,38838.579086,2886.364,POST,/api/inference,True,,1191,46,200,
1790478792.14434,1790478795.030244,38835.749231,38838.635135,2885.904,POST,/api/inference,True,,1191,47,200,
1790478792.206419,1790478795.093791,38835.811311,38838.698682,2887.371,POST,/api/inference,True,,1191,48,200,
1790478792.257079,1790478795.143838,38835.86197,38838.748729,2886.759,POST,/api/inference,True,,1191,49,200,
1790478792.325696,1790478795.210127,38835.930587,38838.815019,2884.432,POST,/api/inference,True,,1191,0,200,
1790478792.379771,1790478795.26589,38835.984662,38838.870781,2886.119,POST,/api/inference,True,,1191,1,200,
1790478792.441628,1790478795.328194,38836.046519,38838.933085,2886.566,POST,/api/inference,True,,1191,2,200,
1790478792.502877,1790478795.389956,38836.107769,38838.994848,2887.079,POST,/api/inference,True,,1191,3,200,
1790478792.556192,1790478795.442634,38836.161083,38839.047525,2886.441,POST,/api/inference,True,,1191,4,200,
1790478792.618943,1790478795.506231,38836.223835,38839.111122,2887.288,POST,/api/inference,True,,1191,5,200,
1790478792.671333,1790478795.558219,38836.276225,38839.16311,2886.886,POST,/api/inference,True,,1191,6,200,
1790478792.733955,1790478795.621408,38836.338846,38839.226299,2887.453,POST,/api/inference,True,,1191,7,200,
1790478792.788518,1790478795.67469,38836.39341,38839.279581,2886.171,POST,/api/inference,True,,1191,8,200,
1790478792.842542,1790478795.729121,38836.447433,38839.334013,2886.58,POST,/api/inference,True,,1191,9,200,
1790478792.89575,1790478795.78161,38836.500641,38839.386501,2885.859,POST,/api/inference,True,,1191,10,200,
1790478792.959362,1790478795.845166,38836.564253,38839.450057,2885.804,POST,/api/inference,True,,1191,11,200,
1790478793.014862,1790478795.901634,38836.619753,38839.506526,2886.772,POST,/api/inference,True,,1191,12,200,
1790478793.078334,1790478795.965216,38836.683226,38839.570107,2886.881,POST,/api/inference,True,,1191,13,200,
1790478793.126225,1790478796.01197,38836.731116,38839.616862,2885.745,POST,/api/inference,True,,1191,14,200,
1790478793.189692,1790478796.075779,38836.794583,38839.68067,2886.087,POST,/api/inference,True,,1191,15,200,
1790478793.244093,1790478796.132258,38836.848984,38839.737149,2888.165,POST,/api/inference,True,,1191,16,200,
1790478793.311039,1790478796.20055,38836.91593,38839.805441,2889.512,POST,/api/inference,True,,1191,17,200,
1790478793.36307,1790478796.248531,38836.967962,38839.853423,2885.461,POST,/api/inference,True,,1191,18,200,
1790478793.417697,1790478796.303488,38837.022588,38839.908379,2885.791,POST,/api/inference,True,,1191,19,200,
1790478793.475963,1790478796.364331,38837.080854,38839.969223,2888.368,POST,/api/inference,True,,1191,20,200,
1790478793.534622,1790478796.421001,38837.139513,38840.025892,2886.379,POST,/api/inference,True,,1191,21,200,
1790478793.598431,1790478796.485504,38837.203323,38840.090396,2887.073,POST,/api/inference,True,,1191,22,200,
1790478793.64632,1790478796.534259,38837.251211,38840.13915,2887.939,POST,/api/inference,True,,1191,23,200,
1790478793.698393,1790478796.585173,38837.303284,38840.190064,2886.78,POST,/api/inference,True,,1191,24,200,
1790478793.769654,1790478796.657879,38837.374545,38840.26277,2888.225,POST,/api/inference,True,,1191,25,200,
1790478793.815506,1790478796.703077,38837.420397,38840.307968,2887.571,POST,/api/inference,True,,1191,26,200,
1790478793.876819,1790478796.764085,38837.481711,38840.368976,2887.266,POST,/api/inference,True,,1191,27,200,
1790478793.94388,1790478796.830494,38837.548772,38840.435386,2886.614,POST,/api/inference,True,,1191,28,200,
1790478793.991476,1790478796.877359,38837.596367,38840.48225,2885.882,POST,/api/inference,True,,1191,29,200,
1790478794.049008,1790478796.934912,38837.653899,38840.539804,2885.905,POST,/api/inference,True,,1191,30,200,
1790478794.111479,1790478796.997902,38837.71637,38840.602793,2886.424,POST,/api/inference,True,,1191,31,200,
1790478794.168606,1790478797.054267,38837.773497,38840.659158,2885.661,POST,/api/inference,True,,1191,32,200,
1790478794.226078,1790478797.113263,38837.830969,38840.718154,2887.185,POST,/api/inference,True,,1191,33,200,
1790478794.298611,1790478797.186511,38837.903503,38840.791402,2887.9,POST,/api/inference,True,,1191,34,200,
1790478794.340004,1790478797.226667,38837.944895,38840.831558,2886.663,POST,/api/inference,True,,1191,35,200,
1790478794.404441,1790478797.290525,38838.009333,38840.895416,2886.084,POST,/api/inference,True,,1191,36,200,
1790478794.460602,1790478797.34698,38838.065493,38840.951871,2886.378,POST,/api/inference,True,,1191,37,200,
1790478794.510947,1790478797.396741,38838.115838,38841.001632,2885.794,POST,/api/inference,True,,1191,38,200,
1790478794.569917,1790478797.455921,38838.174808,38841.060812,2886.004,POST,/api/inference,True,,1191,39,200,
1790478794.631284,1790478797.51865,38838.236176,38841.123541,2887.365,POST,/api/inference,True,,1191,40,200,
1790478794.693068,1790478797.579995,38838.297959,38841.184886,2886.927,POST,/api/inference,True,,1191,41,200,
1790478794.736601,1790478797.624496,38838.341492,38841.229388,2887.895,POST,/api/inference,True,,1191,42,200,
1790478794.802142,1790478797.688404,38838.407034,38841.293295,2886.261,POST,/api/inference,True,,1191,43,200,
1790478794.865473,1790478797.75222,38838.470365,38841.357111,2886.746,POST,/api/inference,True,,1191,44,200,
1790478794.914086,1790478797.801023,38838.518977,38841.405915,2886.937,POST,/api/inference,True,,1191,45,200,
1790478794.974346,1790478797.860509,38838.579237,38841.465401,2886.164,POST,/api/inference,True,,1191,46,200,
1790478795.03041,1790478797.917596,38838.635301,38841.522487,2887.186,POST,/api/inference,True,,1191,47,200,
1790478795.093959,1790478797.980995,38838.69885,38841.585886,2887.036,POST,/api/inference,True,,1191,48,200,
1790478795.143988,1790478798.0301,38838.748879,38841.634991,2886.112,POST,/api/inference,True,,1191,49,200,
1790478795.210227,1790478798.095051,38838.815118,38841.699942,2884.824,POST,/api/inference,True,,1191,0,200,
1790478795.266038,1790478798.152475,38838.870929,38841.757366,2886.437,POST,/api/inference,True,,1191,1,200,
1790478795.328451,1790478798.215252,38838.933342,38841.820143,2886.801,POST,/api/inference,True,,1191,2,200,
1790478795.390107,1790478798.277257,38838.994998,38841.882148,2887.15,POST,/api/inference,True,,1191,3,200,
1790478795.442783,1790478798.328504,38839.047674,38841.933396,2885.721,POST,/api/inference,True,,1191,4,200,
1790478795.506389,1790478798.393159,38839.11128,38841.99805,2886.771,POST,/api/inference,True,,1191,5,200,
1790478795.558376,1790478798.444563,38839.163267,38842.049454,2886.187,POST,/api/inference,True,,1191,6,200,
1790478795.62155,1790478798.509474,38839.226441,38842.114365,2887.924,POST,/api/inference,True,,1191,7,200,
1790478795.674847,1790478798.563101,38839.279738,38842.167992,2888.255,POST,/api/inference,True,,1191,8,200,
1790478795.729289,1790478798.616023,38839.33418,38842.220914,2886.734,POST,/api/inference,True,,1191,9,200,
1790478795.781761,1790478798.669356,38839.386652,38842.274247,2887.595,POST,/api/inference,True,,1191,10,200,
1790478795.845314,1790478798.731015,38839.450205,38842.335906,2885.701,POST,/api/inference,True,,1191,11,200,
1790478795.901793,1790478798.788732,38839.506685,38842.393623,2886.938,POST,/api/inference,True,,1191,12,200,
1790478795.965388,1790478798.853665,38839.570279,38842.458556,2888.277,POST,/api/inference,True,,1191,13,200,
1790478796.012232,1790478798.899351,38839.617123,38842.504242,2887.119,POST,/api/inference,True,,1191,14,200,
1790478796.075933,1790478798.962044,38839.680824,38842.566935,2886.111,POST,/api/inference,True,,1191,15,200,
1790478796.132415,1790478799.019039,38839.737306,38842.623931,2886.625,POST,/api/inference,True,,1191,16,200,
1790478796.200733,1790478799.087488,38839.805624,38842.692379,2886.755,POST,/api/inference,True,,1191,17,200,
1790478796.248679,1790478799.13449,38839.85357,38842.739381,2885.811,POST,/api/inference,True,,1191,18,200,
1790478796.303634,1790478799.188961,38839.908525,38842.793852,2885.327,POST,/api/inference,True,,1191,19,200,
1790478796.364489,1790478799.25174,38839.96938,38842.856631,2887.251,POST,/api/inference,True,,1191,20,200,
1790478796.421156,1790478799.309516,38840.026047,38842.914407,2888.36,POST,/api/inference,True,,1191,21,200,
1790478796.485663,1790478799.371909,38840.090554,38842.9768,2886.246,POST,/api/inference,True,,1191,22,200,
1790478796.53443,1790478799.420962,38840.139321,38843.025853,2886.531,POST,/api/inference,True,,1191,23,200,
1790478796.585326,1790478799.471821,38840.190217,38843.076712,2886.495,POST,/api/inference,True,,1191,24,200,
1790478796.658038,1790478799.543931,38840.26293,38843.148823,2885.893,POST,/api/inference,True,,1191,25,200,
1790478796.703307,1790478799.590258,38840.308199,38843.19515,2886.951,POST,/api/inference,True,,1191,26,200,
1790478796.764242,1790478799.651588,38840.369133,38843.256479,2887.346,POST,/api/inference,True,,1191,27,200,
1790478796.830644,1790478799.71702,38840.435535,38843.321911,2886.377,POST,/api/inference,True,,1191,28,200,
1790478796.877508,1790478799.763906,38840.482399,38843.368797,2886.398,POST,/api/inference,True,,1191,29,200,
1790478796.935093,1790478799.82096,38840.539984,38843.425851,2885.867,POST,/api/inference,True,,1191,30,200,
1790478796.998058,1790478799.885931,38840.602949,38843.490823,2887.874,POST,/api/inference,True,,1191,31,200,
1790478797.054443,1790478799.940559,38840.659335,38843.54545,2886.116,POST,/api/inference,True,,1191,32,200,
1790478797.113419,1790478799.999723,38840.71831,38843.604615,2886.305,POST,/api/inference,True,,1191,33,200,
1790478797.186667,1790478800.073885,38840.791558,38843.678776,2887.217,POST,/api/inference,True,,1191,34,200,
1790478797.226854,1790478800.113851,38840.831745,38843.718743,2886.998,POST,/api/inference,True,,1191,35,200,
1790478797.290667,1790478800.175722,38840.895559,38843.780614,2885.055,POST,/api/inference,True,,1191,36,200,
1790478797.347126,1790478800.233395,38840.952018,38843.838286,2886.269,POST,/api/inference,True,,1191,37,200,
1790478797.396893,1790478800.283454,38841.001784,38843.888345,2886.561,POST,/api/inference,True,,1191,38,200,
1790478797.456078,1790478800.34362,38841.060969,38843.948511,2887.542,POST,/api/inference,True,,1191,39,200,
1790478797.518801,1790478800.404794,38841.123692,38844.009685,2885.993,POST,/api/inference,True,,1191,40,200,
1790478797.580136,1790478800.465727,38841.185027,38844.070618,2885.591,POST,/api/inference,True,,1191,41,200,
1790478797.624644,1790478800.510506,38841.229535,38844.115398,2885.862,POST,/api/inference,True,,1191,42,200,
1790478797.68856,1790478800.575922,38841.293451,38844.180813,2887.362,POST,/api/inference,True,,1191,43,200,
1790478797.752364,1790478800.638612,38841.357255,38844.243503,2886.248,POST,/api/inference,True,,1191,44,200,
1790478797.80122,1790478800.688063,38841.406111,38844.292954,2886.843,POST,/api/inference,True,,1191,45,200,
1790478797.860651,1790478800.745968,38841.465542,38844.350859,2885.318,POST,/api/inference,True,,1191,46,200,
1790478797.91775,1790478800.80387,38841.522641,38844.408761,2886.12,POST,/api/inference,True,,1191,47,200,
1790478797.981148,1790478800.867894,38841.586039,38844.472785,2886.746,POST,/api/inference,True,,1191,48,200,
1790478798.030314,1790478800.91665,38841.635205,38844.521541,2886.336,POST,/api/inference,True,,1191,49,200,
1790478798.095256,1790478800.984729,38841.700148,38844.58962,2889.472,POST,/api/inference,True,,1191,0,200,
1790478798.152628,1790478801.039191,38841.75752,38844.644082,2886.562,POST,/api/inference,True,,1191,1,200,
1790478798.215499,1790478801.103219,38841.82039,38844.70811,2887.72,POST,/api/inference,True,,1191,2,200,
1790478798.2774,1790478801.16459,38841.882291,38844.769481,2887.19,POST,/api/inference,True,,1191,3,200,
1790478798.328643,1790478801.212972,38841.933534,38844.817863,2884.329,POST,/api/inference,True,,1191,4,200,
1790478798.393301,1790478801.280342,38841.998192,38844.885233,2887.041,POST,/api/inference,True,,1191,5,200,
1790478798.444717,1790478801.332566,38842.049608,38844.937458,2887.85,POST,/api/inference,True,,1191,6,200,
1790478798.509629,1790478801.395515,38842.11452,38845.000406,2885.886,POST,/api/inference,True,,1191,7,200,
1790478798.563666,1790478801.450182,38842.168557,38845.055073,2886.516,POST,/api/inference,True,,1191,8,200,
1790478798.616166,1790478801.501755,38842.221057,38845.106646,2885.59,POST,/api/inference,True,,1191,9,200,
1790478798.669522,1790478801.559007,38842.274414,38845.163899,2889.485,POST,/api/inference,True,,1191,10,200,
1790478798.731257,1790478801.61739,38842.336148,38845.222281,2886.133,POST,/api/inference,True,,1191,11,200,
1790478798.788896,1790478801.675551,38842.393787,38845.280442,2886.655,POST,/api/inference,True,,1191,12,200,
1790478798.853842,1790478801.740482,38842.458733,38845.345373,2886.641,POST,/api/inference,True,,1191,13,200,
1790478798.899667,1790478801.786484,38842.504558,38845.391375,2886.817,POST,/api/inference,True,,1191,14,200,
1790478798.962209,1790478801.84993,38842.5671,38845.454822,2887.722,POST,/api/inference,True,,1191,15,200,
1790478799.019302,1790478801.904913,38842.624194,38845.509804,2885.61,POST,/api/inference,True,,1191,16,200,
1790478799.087631,1790478801.973663,38842.692523,38845.578555,2886.032,POST,/api/inference,True,,1191,17,200,
1790478799.134633,1790478802.020451,38842.739524,38845.625342,2885.818,POST,/api/inference,True,,1191,18,200,
1790478799.189117,1790478802.077074,38842.794008,38845.681965,2887.957,POST,/api/inference,True,,1191,19,200,
1790478799.251895,1790478802.138636,38842.856786,38845.743527,2886.741,POST,/api/inference,True,,1191,20,200,
1790478799.3097,1790478802.196588,38842.914592,38845.801479,2886.887,POST,/api/inference,True,,1191,21,200,
1790478799.372043,1790478802.256123,38842.976935,38845.861015,2884.08,POST,/api/inference,True,,1191,22,200,
1790478799.421104,1790478802.306583,38843.025995,38845.911474,2885.479,POST,/api/inference,True,,1191,23,200,
1790478799.471982,1790478802.358925,38843.076873,38845.963817,2886.944,POST,/api/inference,True,,1191,24,200,
1790478799.544085,1790478802.430516,38843.148976,38846.035408,2886.431,POST,/api/inference,True,,1191,25,200,
1790478799.590411,1790478802.47738,38843.195303,38846.082271,2886.969,POST,/api/inference,True,,1191,26,200,
1790478799.651739,1790478802.539715,38843.25663,38846.144606,2887.976,POST,/api/inference,True,,1191,27,200,
1790478799.717176,1790478802.602957,38843.322067,38846.207848,2885.781,POST,/api/inference,True,,1191,28,200,
1790478799.764059,1790478802.650829,38843.36895,38846.25572,2886.77,POST,/api/inference,True,,1191,29,200,
1790478799.821122,1790478802.707951,38843.426013,38846.312842,2886.829,POST,/api/inference,True,,1191,30,200,
1790478799.886105,1790478802.772688,38843.490996,38846.377579,2886.583,POST,/api/inference,True,,1191,31,200,
1790478799.940703,1790478802.828098,38843.545594,38846.432989,2887.395,POST,/api/inference,True,,1191,32,200,
1790478799.999876,1790478802.885508,38843.604767,38846.490399,2885.632,POST,/api/inference,True,,1191,33,200,
1790478800.074069,1790478802.962064,38843.678961,38846.566955,2887.995,POST,/api/inference,True,,1191,34,200,
1790478800.114005,1790478803.000584,38843.718896,38846.605475,2886.579,POST,/api/inference,True,,1191,35,200,
1790478800.175857,1790478803.061827,38843.780748,38846.666718,2885.971,POST,/api/inference,True,,1191,36,200,
1790478800.233541,1790478803.119507,38843.838432,38846.724399,2885.967,POST,/api/inference,True,,1191,37,200,
1790478800.283618,1790478803.172424,38843.888509,38846.777315,2888.806,POST,/api/inference,True,,1191,38,200,
1790478800.343792,1790478803.230699,38843.948684,38846.835591,2886.907,POST,/api/inference,True,,1191,39,200,
1790478800.404938,1790478803.291826,38844.009829,38846.896717,2886.888,POST,/api/inference,True,,1191,40,200,
1790478800.465881,1790478803.354257,38844.070773,38846.959148,2888.375,POST,/api/inference,True,,1191,41,200,
1790478800.510652,1790478803.397769,38844.115543,38847.00266,2887.117,POST,/api/inference,True,,1191,42,200,
1790478800.576058,1790478803.463102,38844.180949,38847.067993,2887.043,POST,/api/inference,True,,1191,43,200,
1790478800.638765,1790478803.525857,38844.243656,38847.130749,2887.092,POST,/api/inference,True,,1191,44,200,
1790478800.688224,1790478803.573862,38844.293116,38847.178754,2885.638,POST,/api/inference,True,,1191,45,200,
1790478800.746119,1790478803.632485,38844.351011,38847.237376,2886.366,POST,/api/inference,True,,1191,46,200,
1790478800.804021,1790478803.690561,38844.408912,38847.295452,2886.54,POST,/api/inference,True,,1191,47,200,
1790478800.868044,1790478803.754355,38844.472935,38847.359246,2886.311,POST,/api/inference,True,,1191,48,200,
1790478800.916794,1790478803.802642,38844.521686,38847.407534,2885.848,POST,/api/inference,True,,1191,49,200,
1790478800.984894,1790478803.871025,38844.589785,38847.475916,2886.131,POST,/api/inference,True,,1191,0,200,
1790478801.039378,1790478803.926057,38844.644269,38847.530948,2886.679,POST,/api/inference,True,,1191,1,200,
1790478801.103389,1790478803.990436,38844.708281,38847.595327,2887.047,POST,/api/inference,True,,1191,2,200,
1790478801.164731,1790478804.051597,38844.769622,38847.656488,2886.866,POST,/api/inference,True,,1191,3,200,
1790478801.213077,1790478804.098949,38844.817969,38847.70384,2885.872,POST,/api/inference,True,,1191,4,200,
1790478801.280568,1790478804.167211,38844.885459,38847.772102,2886.643,POST,/api/inference,True,,1191,5,200,
1790478801.332722,1790478804.218573,38844.937613,38847.823464,2885.852,POST,/api/inference,True,,1191,6,200,
1790478801.395673,1790478804.283496,38845.000565,38847.888387,2887.822,POST,/api/inference,True,,1191,7,200,
1790478801.450338,1790478804.336863,38845.055229,38847.941754,2886.525,POST,/api/inference,True,,1191,8,200,
1790478801.501906,1790478804.389081,38845.106797,38847.993972,2887.175,POST,/api/inference,True,,1191,9,200,
1790478801.55939,1790478804.44666,38845.164281,38848.051551,2887.271,POST,/api/inference,True,,1191,10,200,
1790478801.617587,1790478804.503789,38845.222478,38848.10868,2886.203,POST,/api/inference,True,,1191,11,200,
1790478801.675704,1790478804.561957,38845.280596,38848.166848,2886.252,POST,/api/inference,True,,1191,12,200,
1790478801.740632,1790478804.626699,38845.345523,38848.231591,2886.067,POST,/api/inference,True,,1191,13,200,
1790478801.786631,1790478804.672583,38845.391523,38848.277475,2885.952,POST,/api/inference,True,,1191,14,200,
1790478801.850072,1790478804.734827,38845.454964,38848.339718,2884.754,POST,/api/inference,True,,1191,15,200,
1790478801.905059,1790478804.792004,38845.50995,38848.396895,2886.945,POST,/api/inference,True,,1191,16,200,
1790478801.973793,1790478804.859762,38845.578684,38848.464653,2885.97,POST,/api/inference,True,,1191,17,200,
1790478802.020631,1790478804.906877,38845.625522,38848.511768,2886.246,POST,/api/inference,True,,1191,18,200,
1790478802.077246,1790478804.964066,38845.682137,38848.568957,2886.82,POST,/api/inference,True,,1191,19,200,
1790478802.138785,1790478805.025142,38845.743676,38848.630033,2886.357,POST,/api/inference,True,,1191,20,200,
1790478802.196732,1790478805.082786,38845.801623,38848.687677,2886.054,POST,/api/inference,True,,1191,21,200,
1790478802.256257,1790478805.143877,38845.861148,38848.748768,2887.62,POST,/api/inference,True,,1191,22,200,
1790478802.30676,1790478805.192775,38845.911651,38848.797666,2886.015,POST,/api/inference,True,,1191,23,200,
1790478802.359087,1790478805.245521,38845.963978,38848.850412,2886.434,POST,/api/inference,True,,1191,24,200,
1790478802.430678,1790478805.317828,38846.035569,38848.922719,2887.15,POST,/api/inference,True,,1191,25,200,
1790478802.477526,1790478805.363855,38846.082417,38848.968746,2886.329,POST,/api/inference,True,,1191,26,200,
1790478802.539956,1790478805.426122,38846.144847,38849.031013,2886.166,POST,/api/inference,True,,1191,27,200,
1790478802.603119,1790478805.490702,38846.20801,38849.095593,2887.583,POST,/api/inference,True,,1191,28,200,
1790478802.650984,1790478805.537697,38846.255875,38849.142588,2886.712,POST,/api/inference,True,,1191,29,200,
1790478802.708096,1790478805.594884,38846.312987,38849.199775,2886.788,POST,/api/inference,True,,1191,30,200,
1790478802.772827,1790478805.658115,38846.377718,38849.263007,2885.288,POST,/api/inference,True,,1191,31,200,
1790478802.828236,1790478805.71458,38846.433127,38849.319471,2886.344,POST,/api/inference,True,,1191,32,200,
1790478802.88565,1790478805.772415,38846.490541,38849.377306,2886.765,POST,/api/inference,True,,1191,33,200,
1790478802.962226,1790478805.848699,38846.567117,38849.45359,2886.473,POST,/api/inference,True,,1191,34,200,
1790478803.000758,1790478805.887638,38846.60565,38849.492529,2886.879,POST,/api/inference,True,,1191,35,200,
1790478803.061984,1790478805.950784,38846.666875,38849.555675,2888.8,POST,/api/inference,True,,1191,36,200,
1790478803.119658,1790478806.006144,38846.724549,38849.611036,2886.487,POST,/api/inference,True,,1191,37,200,
1790478803.172618,1790478806.059473,38846.777509,38849.664364,2886.855,POST,/api/inference,True,,1191,38,200,
1790478803.230864,1790478806.117872,38846.835755,38849.722763,2887.008,POST,/api/inference,True,,1191,39,200,
1790478803.291965,1790478806.178923,38846.896856,38849.783814,2886.959,POST,/api/inference,True,,1191,40,200,
1790478803.354435,1790478806.241303,38846.959327,38849.846195,2886.868,POST,/api/inference,True,,1191,41,200,
1790478803.397918,1790478806.284602,38847.00281,38849.889493,2886.684,POST,/api/inference,True,,1191,42,200,
1790478803.463364,1790478806.349673,38847.068255,38849.954564,2886.309,POST,/api/inference,True,,1191,43,200,
1790478803.526019,1790478806.412433,38847.13091,38850.017324,2886.414,POST,/api/inference,True,,1191,44,200,
1790478803.574007,1790478806.460012,38847.178899,38850.064904,2886.005,POST,/api/inference,True,,1191,45,200,
1790478803.632644,1790478806.519298,38847.237535,38850.124189,2886.654,POST,/api/inference,True,,1191,46,200,
1790478803.690723,1790478806.577542,38847.295615,38850.182433,2886.818,POST,/api/inference,True,,1191,47,200,
1790478803.754511,1790478806.641192,38847.359402,38850.246084,2886.681,POST,/api/inference,True,,1191,48,200,
1790478803.802794,1790478806.689083,38847.407685,38850.293975,2886.289,POST,/api/inference,True,,1191,49,200,
1790478803.871278,1790478806.758823,38847.476169,38850.363714,2887.545,POST,/api/inference,True,,1191,0,200,
1790478803.926199,1790478806.811484,38847.531091,38850.416375,2885.285,POST,/api/inference,True,,1191,1,200,
1790478803.990597,1790478806.877337,38847.595488,38850.482228,2886.74,POST,/api/inference,True,,1191,2,200,
1790478804.051771,1790478806.938617,38847.656663,38850.543508,2886.845,POST,/api/inference,True,,1191,3,200,
1790478804.099111,1790478806.985986,38847.704002,38850.590877,2886.875,POST,/api/inference,True,,1191,4,200,
1790478804.167376,1790478807.055885,38847.772267,38850.660776,2888.51,POST,/api/inference,True,,1191,5,200,
1790478804.21873,1790478807.105631,38847.823622,38850.710522,2886.9,POST,/api/inference,True,,1191,6,200,
1790478804.283673,1790478807.170641,38847.888564,38850.775532,2886.968,POST,/api/inference,True,,1191,7,200,
1790478804.337015,1790478807.223353,38847.941907,38850.828244,2886.338,POST,/api/inference,True,,1191,8,200,
1790478804.389255,1790478807.276669,38847.994146,38850.881561,2887.414,POST,/api/inference,True,,1191,9,200,
1790478804.446805,1790478807.332895,38848.051697,38850.937786,2886.089,POST,/api/inference,True,,1191,10,200,
1790478804.503948,1790478807.390486,38848.108839,38850.995377,2886.538,POST,/api/inference,True,,1191,11,200,
1790478804.562116,1790478807.449981,38848.167007,38851.054872,2887.865,POST,/api/inference,True,,1191,12,200,
1790478804.626842,1790478807.512343,38848.231733,38851.117234,2885.501,POST,/api/inference,True,,1191,13,200,
1790478804.672733,1790478807.559788,38848.277624,38851.16468,2887.055,POST,/api/inference,True,,1191,14,200,
1790478804.734928,1790478807.619244,38848.339819,38851.224135,2884.317,POST,/api/inference,True,,1191,15,200,
1790478804.792186,1790478807.67844,38848.397077,38851.283331,2886.254,POST,/api/inference,True,,1191,16,200,
1790478804.859902,1790478807.746331,38848.464794,38851.351223,2886.429,POST,/api/inference,True,,1191,17,200,
1790478804.907025,1790478807.794075,38848.511916,38851.398966,2887.05,POST,/api/inference,True,,1191,18,200,
1790478804.964221,1790478807.850491,38848.569112,38851.455383,2886.27,POST,/api/inference,True,,1191,19,200,
1790478805.025349,1790478807.91307,38848.63024,38851.517961,2887.721,POST,/api/inference,True,,1191,20,200,
1790478805.08293,1790478807.969605,38848.687821,38851.574496,2886.675,POST,/api/inference,True,,1191,21,200,
1790478805.144017,1790478808.030668,38848.748909,38851.635559,2886.65,POST,/api/inference,True,,1191,22,200,
1790478805.192936,1790478808.079861,38848.797827,38851.684752,2886.925,POST,/api/inference,True,,1191,23,200,
1790478805.245682,1790478808.133139,38848.850573,38851.73803,2887.457,POST,/api/inference,True,,1191,24,200,
1790478805.317977,1790478808.206681,38848.922868,38851.811573,2888.704,POST,/api/inference,True,,1191,25,200,
1790478805.364001,1790478808.250877,38848.968892,38851.855768,2886.876,POST,/api/inference,True,,1191,26,200,
1790478805.42629,1790478808.314572,38849.031182,38851.919463,2888.281,POST,/api/inference,True,,1191,27,200,
1790478805.490878,1790478808.378264,38849.095769,38851.983155,2887.386,POST,/api/inference,True,,1191,28,200,
1790478805.537862,1790478808.424839,38849.142753,38852.02973,2886.977,POST,/api/inference,True,,1191,29,200,
1790478805.595044,1790478808.481501,38849.199935,38852.086392,2886.457,POST,/api/inference,True,,1191,30,200,
1790478805.658249,1790478808.543804,38849.263141,38852.148696,2885.555,POST,/api/inference,True,,1191,31,200,
1790478805.714724,1790478808.602386,38849.319615,38852.207277,2887.662,POST,/api/inference,True,,1191,32,200,
1790478805.772557,1790478808.659377,38849.377448,38852.264268,2886.82,POST,/api/inference,True,,1191,33,200,
1790478805.84884,1790478808.735641,38849.453731,38852.340532,2886.801,POST,/api/inference,True,,1191,34,200,
1790478805.887791,1790478808.774296,38849.492682,38852.379187,2886.505,POST,/api/inference,True,,1191,35,200,
1790478805.950968,1790478808.837725,38849.555859,38852.442616,2886.757,POST,/api/inference,True,,1191,36,200,
1790478806.006335,1790478808.893005,38849.611227,38852.497896,2886.669,POST,/api/inference,True,,1191,37,200,
1790478806.059626,1790478808.945853,38849.664517,38852.550744,2886.227,POST,/api/inference,True,,1191,38,200,
1790478806.118025,1790478809.00493,38849.722916,38852.609822,2886.906,POST,/api/inference,True,,1191,39,200,
1790478806.179076,1790478809.065678,38849.783967,38852.670569,2886.602,POST,/api/inference,True,,1191,40,200,
1790478806.241464,1790478809.127371,38849.846355,38852.732262,2885.907,POST,/api/inference,True,,1191,41,200,
1790478806.284759,1790478809.172884,38849.88965,38852.777776,2888.126,POST,/api/inference,True,,1191,42,200,
1790478806.349825,1790478809.236672,38849.954716,38852.841564,2886.847,POST,/api/inference,True,,1191,43,200,
1790478806.41265,1790478809.299693,38850.017541,38852.904584,2887.043,POST,/api/inference,True,,1191,44,200,
1790478806.46017,1790478809.346745,38850.065062,38852.951637,2886.575,POST,/api/inference,True,,1191,45,200,
1790478806.519452,1790478809.406047,38850.124343,38853.010938,2886.595,POST,/api/inference,True,,1191,46,200,
1790478806.577696,1790478809.464187,38850.182587,38853.069078,2886.491,POST,/api/inference,True,,1191,47,200,
1790478806.641397,1790478809.526742,38850.246289,38853.131633,2885.344,POST,/api/inference,True,,1191,48,200,
1790478806.689232,1790478809.575976,38850.294123,38853.180867,2886.744,POST,/api/inference,True,,1191,49,200,
1790478806.759006,1790478809.6455,38850.363897,38853.250392,2886.495,POST,/api/inference,True,,1191,0,200,
1790478806.811639,1790478809.698371,38850.416531,38853.303263,2886.732,POST,/api/inference,True,,1191,1,200,
1790478806.877481,1790478809.763976,38850.482372,38853.368868,2886.496,POST,/api/inference,True,,1191,2,200,
1790478806.938772,1790478809.825329,38850.543663,38853.43022,2886.557,POST,/api/inference,True,,1191,3,200,
1790478806.986128,1790478809.871698,38850.591019,38853.47659,2885.571,POST,/api/inference,True,,1191,4,200,
1790478807.056105,1790478809.943632,38850.660996,38853.548523,2887.527,POST,/api/inference,True,,1191,5,200,
1790478807.105783,1790478809.992563,38850.710674,38853.597454,2886.779,POST,/api/inference,True,,1191,6,200,
1790478807.170791,1790478810.056766,38850.775683,38853.661657,2885.974,POST,/api/inference,True,,1191,7,200,
1790478807.223508,1790478810.109348,38850.828399,38853.71424,2885.841,POST,/api/inference,True,,1191,8,200,
1790478807.276819,1790478810.161601,38850.88171,38853.766492,2884.782,POST,/api/inference,True,,1191,9,200,
1790478807.333031,1790478810.217442,38850.937923,38853.822334,2884.411,POST,/api/inference,True,,1191,10,200,
1790478807.39064,1790478810.276751,38850.995532,38853.881642,2886.111,POST,/api/inference,True,,1191,11,200,
1790478807.450153,1790478810.337381,38851.055045,38853.942272,2887.228,POST,/api/inference,True,,1191,12,200,
1790478807.512496,1790478810.398897,38851.117387,38854.003788,2886.401,POST,/api/inference,True,,1191,13,200,
1790478807.559984,1790478810.446686,38851.164875,38854.051577,2886.702,POST,/api/inference,True,,1191,14,200,
1790478807.619401,1790478810.506785,38851.224292,38854.111676,2887.384,POST,/api/inference,True,,1191,15,200,
1790478807.678592,1790478810.56406,38851.283484,38854.168951,2885.467,POST,/api/inference,True,,1191,16,200,
1790478807.746495,1790478810.633021,38851.351386,38854.237912,2886.526,POST,/api/inference,True,,1191,17,200,
1790478807.794215,1790478810.681425,38851.399106,38854.286316,2887.21,POST,/api/inference,True,,1191,18,200,
1790478807.851821,1790478810.737663,38851.456712,38854.342554,2885.842,POST,/api/inference,True,,1191,19,200,
1790478807.913229,1790478810.800599,38851.51812,38854.40549,2887.37,POST,/api/inference,True,,1191,20,200,
1790478807.969762,1790478810.855827,38851.574654,38854.460718,2886.065,POST,/api/inference,True,,1191,21,200,
1790478808.030877,1790478810.917399,38851.635768,38854.52229,2886.522,POST,/api/inference,True,,1191,22,200,
1790478808.080013,1790478810.96551,38851.684904,38854.570401,2885.497,POST,/api/inference,True,,1191,23,200,
1790478808.133311,1790478811.019735,38851.738202,38854.624626,2886.424,POST,/api/inference,True,,1191,24,200,
1790478808.206812,1790478811.093282,38851.811703,38854.698174,2886.47,POST,/api/inference,True,,1191,25,200,
1790478808.251019,1790478811.138019,38851.85591,38854.742911,2887.001,POST,/api/inference,True,,1191,26,200,
1790478808.314733,1790478811.200462,38851.919624,38854.805353,2885.729,POST,/api/inference,True,,1191,27,200,
1790478808.378428,1790478811.265954,38851.983319,38854.870845,2887.525,POST,/api/inference,True,,1191,28,200,
1790478808.424997,1790478811.31259,38852.029888,38854.917481,2887.593,POST,/api/inference,True,,1191,29,200,
1790478808.481656,1790478811.367582,38852.086547,38854.972473,2885.927,POST,/api/inference,True,,1191,30,200,
1790478808.543952,1790478811.430375,38852.148843,38855.035266,2886.423,POST,/api/inference,True,,1191,31,200,
1790478808.602518,1790478811.489072,38852.20741,38855.093963,2886.554,POST,/api/inference,True,,1191,32,200,
1790478808.65954,1790478811.547405,38852.264432,38855.152297,2887.865,POST,/api/inference,True,,1191,33,200,
1790478808.735795,1790478811.623724,38852.340686,38855.228616,2887.929,POST,/api/inference,True,,1191,34,200,
1790478808.77442,1790478811.660876,38852.379311,38855.265767,2886.456,POST,/api/inference,True,,1191,35,200,
1790478808.837877,1790478811.726081,38852.442768,38855.330972,2888.204,POST,/api/inference,True,,1191,36,200,
1790478808.893151,1790478811.779045,38852.498042,38855.383936,2885.894,POST,/api/inference,True,,1191,37,200,
1790478808.946044,1790478811.832132,38852.550935,38855.437023,2886.088,POST,/api/inference,True,,1191,38,200,
1790478809.00509,1790478811.889933,38852.609981,38855.494825,2884.844,POST,/api/inference,True,,1191,39,200,
1790478809.065819,1790478811.951524,38852.67071,38855.556416,2885.706,POST,/api/inference,True,,1191,40,200,
1790478809.127543,1790478812.013679,38852.732435,38855.618571,2886.136,POST,/api/inference,True,,1191,41,200,
1790478809.173038,1790478812.05946,38852.777929,38855.664351,2886.422,POST,/api/inference,True,,1191,42,200,
1790478809.23684,1790478812.123689,38852.841731,38855.728581,2886.849,POST,/api/inference,True,,1191,43,200,
1790478809.29986,1790478812.185909,38852.904751,38855.7908,2886.049,POST,/api/inference,True,,1191,44,200,
1790478809.346895,1790478812.233305,38852.951786,38855.838197,2886.41,POST,/api/inference,True,,1191,45,200,
1790478809.406195,1790478812.292821,38853.011086,38855.897712,2886.626,POST,/api/inference,True,,1191,46,200,
1790478809.464335,1790478812.350588,38853.069226,38855.95548,2886.253,POST,/api/inference,True,,1191,47,200,
1790478809.526884,1790478812.413543,38853.131775,38856.018435,2886.66,POST,/api/inference,True,,1191,48,200,
1790478809.576126,1790478812.462919,38853.181017,38856.06781,2886.794,POST,/api/inference,True,,1191,49,200,
1790478809.645694,1790478812.531572,38853.250586,38856.136463,2885.878,POST,/api/inference,True,,1191,0,200,
1790478809.69855,1790478812.585279,38853.303441,38856.19017,2886.729,POST,/api/inference,True,,1191,1,200,
1790478809.764122,1790478812.649434,38853.369014,38856.254325,2885.312,POST,/api/inference,True,,1191,2,200,
1790478809.825472,1790478812.71188,38853.430363,38856.316771,2886.408,POST,/api/inference,True,,1191,3,200,
1790478809.871846,1790478812.758979,38853.476737,38856.36387,2887.133,POST,/api/inference,True,,1191,4,200,
1790478809.943767,1790478812.830381,38853.548658,38856.435272,2886.614,POST,/api/inference,True,,1191,5,200,
1790478809.992797,1790478812.879203,38853.597688,38856.484094,2886.406,POST,/api/inference,True,,1191,6,200,
1790478810.056946,1790478812.943538,38853.661837,38856.548429,2886.593,POST,/api/inference,True,,1191,7,200,
1790478810.10949,1790478812.99588,38853.714382,38856.600771,2886.389,POST,/api/inference,True,,1191,8,200,
1790478810.161741,1790478813.048522,38853.766633,38856.653413,2886.781,POST,/api/inference,True,,1191,9,200,
1790478810.21755,1790478813.103467,38853.822441,38856.708359,2885.917,POST,/api/inference,True,,1191,10,200,
1790478810.276879,1790478813.162983,38853.88177,38856.767874,2886.104,POST,/api/inference,True,,1191,11,200,
1790478810.337547,1790478813.22428,38853.942438,38856.829171,2886.733,POST,/api/inference,True,,1191,12,200,
1790478810.399041,1790478813.287061,38854.003933,38856.891952,2888.019,POST,/api/inference,True,,1191,13,200,
1790478810.446862,1790478813.334398,38854.051753,38856.939289,2887.536,POST,/api/inference,True,,1191,14,200,
1790478810.506947,1790478813.39428,38854.111838,38856.999171,2887.333,POST,/api/inference,True,,1191,15,200,
1790478810.564206,1790478813.450242,38854.169097,38857.055133,2886.036,POST,/api/inference,True,,1191,16,200,
1790478810.633168,1790478813.52012,38854.238059,38857.125011,2886.951,POST,/api/inference,True,,1191,17,200,
1790478810.681571,1790478813.568572,38854.286462,38857.173463,2887.001,POST,/api/inference,True,,1191,18,200,
1790478810.737805,1790478813.623767,38854.342696,38857.228658,2885.962,POST,/api/inference,True,,1191,19,200,
1790478810.800774,1790478813.68673,38854.405665,38857.291621,2885.955,POST,/api/inference,True,,1191,20,200,
1790478810.855964,1790478813.741831,38854.460855,38857.346722,2885.867,POST,/api/inference,True,,1191,21,200,
1790478810.917557,1790478813.805211,38854.522449,38857.410102,2887.653,POST,/api/inference,True,,1191,22,200,
1790478810.965667,1790478813.852797,38854.570558,38857.457688,2887.13,POST,/api/inference,True,,1191,23,200,
1790478811.019908,1790478813.905997,38854.624799,38857.510889,2886.089,POST,/api/inference,True,,1191,24,200,
1790478811.093423,1790478813.978727,38854.698314,38857.583619,2885.304,POST,/api/inference,True,,1191,25,200,
1790478811.138199,1790478814.024366,38854.74309,38857.629257,2886.167,POST,/api/inference,True,,1191,26,200,
1790478811.200603,1790478814.087014,38854.805494,38857.691905,2886.411,POST,/api/inference,True,,1191,27,200,
1790478811.266113,1790478814.15315,38854.871004,38857.758041,2887.037,POST,/api/inference,True,,1191,28,200,
1790478811.312737,1790478814.19899,38854.917628,38857.803882,2886.254,POST,/api/inference,True,,1191,29,200,
1790478811.367734,1790478814.25386,38854.972626,38857.858752,2886.126,POST,/api/inference,True,,1191,30,200,
1790478811.430526,1790478814.317244,38855.035418,38857.922135,2886.717,POST,/api/inference,True,,1191,31,200,
1790478811.489234,1790478814.375772,38855.094125,38857.980664,2886.539,POST,/api/inference,True,,1191,32,200,
1790478811.547581,1790478814.434769,38855.152472,38858.03966,2887.188,POST,/api/inference,True,,1191,33,200,
1790478811.623869,1790478814.51108,38855.22876,38858.115971,2887.211,POST,/api/inference,True,,1191,34,200,
1790478811.661012,1790478814.547814,38855.265903,38858.152706,2886.803,POST,/api/inference,True,,1191,35,200,
1790478811.726266,1790478814.612764,38855.331157,38858.217656,2886.498,POST,/api/inference,True,,1191,36,200,
1790478811.779284,1790478814.665107,38855.384176,38858.269998,2885.823,POST,/api/inference,True,,1191,37,200,
1790478811.832285,1790478814.719403,38855.437176,38858.324294,2887.119,POST,/api/inference,True,,1191,38,200,
1790478811.890064,1790478814.775741,38855.494955,38858.380632,2885.677,POST,/api/inference,True,,1191,39,200,
1790478811.951659,1790478814.839839,38855.55655,38858.44473,2888.18,POST,/api/inference,True,,1191,40,200,
1790478812.013841,1790478814.901346,38855.618732,38858.506237,2887.505,POST,/api/inference,True,,1191,41,200,
1790478812.059613,1790478814.946577,38855.664505,38858.551468,2886.963,POST,/api/inference,True,,1191,42,200,
1790478812.123863,1790478815.009211,38855.728754,38858.614102,2885.348,POST,/api/inference,True,,1191,43,200,
1790478812.186075,1790478815.071517,38855.790967,38858.676408,2885.441,POST,/api/inference,True,,1191,44,200,
1790478812.233464,1790478815.119574,38855.838355,38858.724465,2886.11,POST,/api/inference,True,,1191,45,200,
1790478812.292969,1790478815.180675,38855.89786,38858.785566,2887.705,POST,/api/inference,True,,1191,46,200,
1790478812.350738,1790478815.237508,38855.955629,38858.842399,2886.77,POST,/api/inference,True,,1191,47,200,
1790478812.4137,1790478815.301721,38856.018591,38858.906612,2888.021,POST,/api/inference,True,,1191,48,200,
1790478812.463085,1790478815.349761,38856.067976,38858.954652,2886.675,POST,/api/inference,True,,1191,49,200,
1790478812.531731,1790478815.418618,38856.136622,38859.02351,2886.887,POST,/api/inference,True,,1191,0,200,
1790478812.585421,1790478815.471867,38856.190313,38859.076758,2886.445,POST,/api/inference,True,,1191,1,200,
1790478812.64957,1790478815.535604,38856.254461,38859.140495,2886.035,POST,/api/inference,True,,1191,2,200,
1790478812.712029,1790478815.59854,38856.31692,38859.203431,2886.511,POST,/api/inference,True,,1191,3,200,
1790478812.759141,1790478815.646326,38856.364032,38859.251217,2887.185,POST,/api/inference,True,,1191,4,200,
1790478812.830521,1790478815.715695,38856.435412,38859.320586,2885.174,POST,/api/inference,True,,1191,5,200,
1790478812.879355,1790478815.765503,38856.484246,38859.370395,2886.148,POST,/api/inference,True,,1191,6,200,
1790478812.943682,1790478815.830303,38856.548574,38859.435195,2886.621,POST,/api/inference,True,,1191,7,200,
1790478812.996041,1790478815.883849,38856.600932,38859.48874,2887.808,POST,/api/inference,True,,1191,8,200,
1790478813.048708,1790478815.934874,38856.653599,38859.539766,2886.166,POST,/api/inference,True,,1191,9,200,
1790478813.103634,1790478815.990391,38856.708526,38859.595283,2886.757,POST,/api/inference,True,,1191,10,200,
1790478813.163129,1790478816.048823,38856.76802,38859.653714,2885.694,POST,/api/inference,True,,1191,11,200,
1790478813.224425,1790478816.110147,38856.829316,38859.715039,2885.722,POST,/api/inference,True,,1191,12,200,
1790478813.287323,1790478816.173872,38856.892215,38859.778763,2886.548,POST,/api/inference,True,,1191,13,200,
1790478813.334552,1790478816.220432,38856.939443,38859.825324,2885.88,POST,/api/inference,True,,1191,14,200,
1790478813.394441,1790478816.281745,38856.999333,38859.886636,2887.304,POST,/api/inference,True,,1191,15,200,
1790478813.450389,1790478816.337473,38857.05528,38859.942364,2887.084,POST,/api/inference,True,,1191,16,200,
1790478813.520278,1790478816.408862,38857.125168,38860.013753,2888.585,POST,/api/inference,True,,1191,17,200,
1790478813.568731,1790478816.455672,38857.173622,38860.060563,2886.941,POST,/api/inference,True,,1191,18,200,
1790478813.623882,1790478816.510163,38857.228773,38860.115054,2886.281,POST,/api/inference,True,,1191,19,200,
1790478813.68688,1790478816.573526,38857.291772,38860.178417,2886.646,POST,/api/inference,True,,1191,20,200,
1790478813.741978,1790478816.628219,38857.346869,38860.233111,2886.241,POST,/api/inference,True,,1191,21,200,
1790478813.805363,1790478816.69277,38857.410255,38860.297661,2887.407,POST,/api/inference,True,,1191,22,200,
1790478813.852962,1790478816.740051,38857.457853,38860.344942,2887.088,POST,/api/inference,True,,1191,23,200,
1790478813.906152,1790478816.792261,38857.511043,38860.397152,2886.108,POST,/api/inference,True,,1191,24,200,
1790478813.978866,1790478816.864849,38857.583757,38860.46974,2885.983,POST,/api/inference,True,,1191,25,200,
1790478814.02453,1790478816.911384,38857.629421,38860.516275,2886.854,POST,/api/inference,True,,1191,26,200,
1790478814.087306,1790478816.973183,38857.692197,38860.578074,2885.877,POST,/api/inference,True,,1191,27,200,
1790478814.153304,1790478817.040997,38857.758195,38860.645889,2887.693,POST,/api/inference,True,,1191,28,200,
1790478814.199098,1790478817.084936,38857.803989,38860.689827,2885.838,POST,/api/inference,True,,1191,29,200,
1790478814.254009,1790478817.140193,38857.8589,38860.745085,2886.185,POST,/api/inference,True,,1191,30,200,
1790478814.317394,1790478817.20486,38857.922285,38860.809752,2887.467,POST,/api/inference,True,,1191,31,200,
1790478814.37592,1790478817.262094,38857.980811,38860.866985,2886.173,POST,/api/inference,True,,1191,32,200,
1790478814.434919,1790478817.321137,38858.03981,38860.926029,2886.218,POST,/api/inference,True,,1191,33,200,
1790478814.511348,1790478817.39906,38858.116239,38861.003951,2887.713,POST,/api/inference,True,,1191,34,200,
1790478814.547965,1790478817.434316,38858.152856,38861.039207,2886.351,POST,/api/inference,True,,1191,35,200,
1790478814.612913,1790478817.499084,38858.217804,38861.103975,2886.171,POST,/api/inference,True,,1191,36,200,
1790478814.665265,1790478817.551604,38858.270156,38861.156495,2886.339,POST,/api/inference,True,,1191,37,200,
1790478814.719568,1790478817.606531,38858.324459,38861.211422,2886.962,POST,/api/inference,True,,1191,38,200,
1790478814.775932,1790478817.662465,38858.380823,38861.267356,2886.533,POST,/api/inference,True,,1191,39,200,
1790478814.839991,1790478817.726506,38858.444882,38861.331397,2886.515,POST,/api/inference,True,,1191,40,200,
1790478814.9015,1790478817.786931,38858.506392,38861.391822,2885.431,POST,/api/inference,True,,1191,41,200,
1790478814.946719,1790478817.832423,38858.55161,38861.437315,2885.704,POST,/api/inference,True,,1191,42,200,
1790478815.009362,1790478817.895705,38858.614253,38861.500597,2886.344,POST,/api/inference,True,,1191,43,200,
1790478815.071643,1790478817.957884,38858.676534,38861.562775,2886.241,POST,/api/inference,True,,1191,44,200,
1790478815.11973,1790478818.00658,38858.724621,38861.611471,2886.85,POST,/api/inference,True,,1191,45,200,
1790478815.181093,1790478818.067624,38858.785984,38861.672515,2886.531,POST,/api/inference,True,,1191,46,200,
1790478815.237654,1790478818.122591,38858.842545,38861.727482,2884.936,POST,/api/inference,True,,1191,47,200,
1790478815.30189,1790478818.188774,38858.906781,38861.793666,2886.884,POST,/api/inference,True,,1191,48,200,
1790478815.34991,1790478818.236068,38858.954802,38861.840959,2886.158,POST,/api/inference,True,,1191,49,200,
1790478815.418799,1790478818.305162,38859.02369,38861.910053,2886.363,POST,/api/inference,True,,1191,0,200,
1790478815.472039,1790478818.360232,38859.07693,38861.965124,2888.193,POST,/api/inference,True,,1191,1,200,
1790478815.535909,1790478818.422314,38859.1408,38862.027204,2886.405,POST,/api/inference,True,,1191,2,200,
1790478815.598706,1790478818.486932,38859.203597,38862.091823,2888.226,POST,/api/inference,True,,1191,3,200,
1790478815.64648,1790478818.533057,38859.251371,38862.137949,2886.578,POST,/api/inference,True,,1191,4,200,
1790478815.715833,1790478818.602342,38859.320724,38862.207233,2886.509,POST,/api/inference,True,,1191,5,200,
1790478815.765658,1790478818.653712,38859.370549,38862.258603,2888.054,POST,/api/inference,True,,1191,6,200,
1790478815.830478,1790478818.717892,38859.435369,38862.322783,2887.414,POST,/api/inference,True,,1191,7,200,
1790478815.884006,1790478818.77073,38859.488897,38862.375621,2886.724,POST,/api/inference,True,,1191,8,200,
1790478815.935061,1790478818.822471,38859.539952,38862.427362,2887.41,POST,/api/inference,True,,1191,9,200,
1790478815.990547,1790478818.876231,38859.595438,38862.481123,2885.685,POST,/api/inference,True,,1191,10,200,
1790478816.049061,1790478818.934844,38859.653952,38862.539735,2885.783,POST,/api/inference,True,,1191,11,200,
1790478816.110322,1790478818.997148,38859.715213,38862.602039,2886.827,POST,/api/inference,True,,1191,12,200,
1790478816.174022,1790478819.061432,38859.778913,38862.666323,2887.41,POST,/api/inference,True,,1191,13,200,
1790478816.220582,1790478819.107824,38859.825473,38862.712715,2887.242,POST,/api/inference,True,,1191,14,200,
1790478816.281904,1790478819.167717,38859.886796,38862.772608,2885.812,POST,/api/inference,True,,1191,15,200,
1790478816.337621,1790478819.223516,38859.942512,38862.828407,2885.895,POST,/api/inference,True,,1191,16,200,
1790478816.40904,1790478819.296294,38860.013931,38862.901186,2887.254,POST,/api/inference,True,,1191,17,200,
1790478816.455829,1790478819.34392,38860.060721,38862.948811,2888.091,POST,/api/inference,True,,1191,18,200,
1790478816.510324,1790478819.396591,38860.115215,38863.001482,2886.267,POST,/api/inference,True,,1191,19,200,
1790478816.57368,1790478819.459618,38860.178571,38863.064509,2885.938,POST,/api/inference,True,,1191,20,200,
1790478816.628367,1790478819.514483,38860.233258,38863.119375,2886.116,POST,/api/inference,True,,1191,21,200,
1790478816.692919,1790478819.578985,38860.29781,38863.183877,2886.067,POST,/api/inference,True,,1191,22,200,
1790478816.740373,1790478819.627777,38860.345264,38863.232668,2887.404,POST,/api/inference,True,,1191,23,200,
1790478816.792404,1790478819.678273,38860.397295,38863.283164,2885.869,POST,/api/inference,True,,1191,24,200,
1790478816.864996,1790478819.752753,38860.469887,38863.357644,2887.757,POST,/api/inference,True,,1191,25,200,
1790478816.911528,1790478819.798683,38860.516419,38863.403574,2887.154,POST,/api/inference,True,,1191,26,200,
1790478816.973356,1790478819.860312,38860.578247,38863.465203,2886.956,POST,/api/inference,True,,1191,27,200,
1790478817.041169,1790478819.928468,38860.646061,38863.533359,2887.298,POST,/api/inference,True,,1191,28,200,
1790478817.085064,1790478819.971068,38860.689955,38863.575959,2886.004,POST,/api/inference,True,,1191,29,200,
1790478817.140342,1790478820.0275,38860.745234,38863.632391,2887.158,POST,/api/inference,True,,1191,30,200,
1790478817.205074,1790478820.091319,38860.809965,38863.69621,2886.245,POST,/api/inference,True,,1191,31,200,
1790478817.262249,1790478820.150801,38860.86714,38863.755693,2888.553,POST,/api/inference,True,,1191,32,200,
1790478817.321278,1790478820.207238,38860.926169,38863.812129,2885.96,POST,/api/inference,True,,1191,33,200,
1790478817.399319,1790478820.287902,38861.00421,38863.892793,2888.583,POST,/api/inference,True,,1191,34,200,
1790478817.434464,1790478820.320634,38861.039355,38863.925525,2886.17,POST,/api/inference,True,,1191,35,200,
1790478817.499331,1790478820.386331,38861.104222,38863.991222,2887.0,POST,/api/inference,True,,1191,36,200,
