timestamp,ttft_ms,tpot_ms,total_time_ms,token_count,success
1790482231.3836386,568.742,202.026,2792.407,12,True
1790482231.4082494,564.623,202.074,2788.673,12,True
1790482231.44072,568.904,202.083,2793.127,12,True
1790482231.4656558,566.37,202.073,2790.556,12,True
1790482231.4941883,567.343,202.045,2791.32,12,True
1790482231.5236242,566.884,202.161,2791.816,12,True
1790482231.5500772,566.334,202.154,2791.327,12,True
1790482231.5779822,566.091,202.203,2791.432,12,True
1790482231.6047213,604.97,198.522,2790.02,12,True
1790482231.6348546,576.261,201.334,2791.713,12,True
1790482231.6622481,567.412,202.066,2791.511,12,True
1790482231.690587,567.537,202.143,2792.524,12,True
1790482231.7164028,566.7,202.05,2790.602,12,True
1790482231.746014,567.26,202.176,2792.374,12,True
1790482231.7730565,567.914,202.073,2791.721,12,True
1790482231.799972,565.902,202.153,2791.145,12,True
1790482231.8280883,567.55,201.984,2791.088,12,True
1790482231.8560207,566.262,202.097,2790.738,12,True
1790482231.882799,566.106,202.063,2789.95,12,True
1790482231.9090726,564.941,202.067,2788.867,12,True
1790482231.938309,565.092,202.205,2790.678,12,True
1790482231.9682655,565.847,202.211,2791.58,12,True
1790482231.996431,569.005,202.028,2792.642,12,True
1790482232.021724,566.683,202.011,2789.898,12,True
1790482232.051508,568.757,201.975,2792.46,12,True
1790482232.0774791,567.403,202.102,2790.571,12,True
1790482232.105118,566.125,202.078,2789.838,12,True
1790482232.1332002,567.3,202.036,2790.613,12,True
1790482232.1933355,598.778,202.063,2822.692,12,True
1790482232.2081423,586.141,201.948,2809.192,12,True
1790482232.2149258,565.377,202.03,2788.497,12,True
1790482232.2446556,567.304,201.984,2790.527,12,True
1790482232.2740674,566.689,202.165,2791.892,12,True
1790482232.3019326,567.503,202.077,2791.606,12,True
1790482232.3293083,567.268,202.117,2791.928,12,True
1790482232.3576612,565.876,202.094,2790.154,12,True
1790482232.3835332,567.134,201.998,2790.229,12,True
1790482232.4105074,566.61,202.039,2790.205,12,True
1790482232.4414139,567.875,202.181,2793.226,12,True
1790482232.466903,566.295,202.102,2791.017,12,True
1790482232.496421,576.669,201.265,2791.959,12,True
1790482232.5234284,567.097,202.034,2790.752,12,True
1790482232.5523593,569.177,202.004,2792.632,12,True
1790482232.57971,568.296,202.041,2792.033,12,True
1790482232.6070738,566.686,202.193,2792.107,12,True
1790482232.6354272,568.019,202.039,2791.723,12,True
1790482232.6643522,569.31,202.025,2792.828,12,True
1790482232.6901429,568.15,201.937,2790.645,12,True
1790482232.718909,568.757,202.009,2792.077,12,True
1790482232.7467613,568.26,202.066,2792.353,12,True
1790482232.7754083,569.729,202.059,2793.43,12,True
1790482232.8016357,567.009,202.109,2791.607,12,True
1790482232.82957,567.091,202.101,2791.585,12,True
1790482232.8568795,567.601,202.029,2790.886,12,True
1790482232.8850656,568.061,202.027,2791.611,12,True
1790482232.923039,578.596,201.998,2801.637,12,True
1790482232.937174,564.703,202.059,2788.555,12,True
1790482232.9693117,568.118,202.066,2792.062,12,True
1790482232.997187,568.948,202.005,2792.262,12,True
1790482233.0233254,566.793,202.114,2791.362,12,True
1790482233.0676677,586.32,201.812,2807.698,12,True
1790482233.078682,567.884,202.02,2791.034,12,True
1790482233.1069875,566.774,202.123,2791.226,12,True
1790482233.1352928,567.973,202.033,2791.565,12,True
1790482233.1627975,567.379,202.082,2791.357,12,True
1790482233.189046,567.975,201.936,2789.986,12,True
1790482233.218387,568.864,202.038,2792.084,12,True
1790482233.2471864,568.157,201.995,2791.821,12,True
1790482233.2736197,568.586,201.938,2791.281,12,True
1790482233.3020282,566.86,202.085,2792.037,12,True
1790482233.336795,569.48,202.053,2793.332,12,True
1790482233.354456,566.434,201.965,2789.079,12,True
1790482233.386106,568.716,202.039,2792.151,12,True
1790482233.411636,566.551,202.06,2790.606,12,True
1790482233.441564,569.224,202.006,2792.385,12,True
1790482233.4665022,566.119,202.065,2789.927,12,True
1790482233.497495,569.435,201.965,2792.124,12,True
1790482233.5248737,568.665,202.032,2792.039,12,True
1790482233.5537524,568.439,202.077,2792.616,12,True
1790482233.5789497,567.782,202.007,2790.851,12,True
1790482233.6086714,569.591,201.985,2792.365,12,True
1790482233.6374955,570.019,202.051,2793.664,12,True
1790482233.6641912,571.211,201.806,2792.34,12,True
1790482233.6904886,568.563,201.937,2791.375,12,True
1790482233.7198048,568.891,201.979,2792.012,12,True
1790482233.7463632,567.279,201.962,2791.32,12,True
1790482233.7769396,569.019,202.144,2793.861,12,True
1790482233.800216,566.545,202.023,2789.998,12,True
1790482233.8319175,569.377,202.001,2792.806,12,True
1790482233.857434,567.813,202.024,2791.326,12,True
1790482233.8873436,569.941,201.975,2793.004,12,True
1790482233.9131057,570.933,201.748,2791.308,12,True
1790482233.9415083,568.836,201.992,2792.063,12,True
1790482233.9697795,571.066,201.804,2792.398,12,True
1790482233.994941,566.727,201.998,2789.745,12,True
1790482234.0257878,568.54,202.051,2792.357,12,True
1790482234.0520318,567.104,202.065,2791.2,12,True
1790482234.0815563,568.836,202.013,2792.041,12,True
1790482234.1088812,568.154,202.072,2792.302,12,True
1790482234.1373465,568.08,202.107,2792.617,12,True
1790482234.1761289,567.714,202.109,2792.068,12,True
1790482234.1977801,566.971,201.918,2789.18,12,True
1790482234.233055,567.044,202.14,2792.041,12,True
1790482234.2575123,566.122,202.201,2791.558,12,True
1790482234.2873113,566.733,202.252,2792.703,12,True
1790482234.3139257,564.852,202.164,2789.991,12,True
1790482234.341725,567.378,202.04,2791.353,12,True
1790482234.367906,565.331,202.094,2789.616,12,True
1790482234.3972864,567.21,202.164,2792.219,12,True
1790482234.4246302,565.08,202.103,2789.359,12,True
1790482234.454514,566.494,202.204,2791.984,12,True
1790482234.4822989,566.787,202.131,2791.426,12,True
1790482234.5072932,567.485,201.972,2790.609,12,True
1790482234.5375252,566.65,202.08,2791.25,12,True
1790482234.5638235,565.776,202.132,2790.504,12,True
1790482234.5904818,566.607,202.03,2790.22,12,True
1790482234.618416,566.362,202.031,2789.999,12,True
1790482234.6468961,566.579,202.069,2790.568,12,True
1790482234.6728437,568.683,201.809,2789.763,12,True
1790482234.6988404,565.466,202.087,2789.499,12,True
1790482234.7278802,565.093,202.079,2789.288,12,True
1790482234.758667,565.524,202.095,2790.006,12,True
1790482234.7867358,564.754,202.164,2789.987,12,True
1790482234.8128827,566.648,202.076,2790.824,12,True
1790482234.8412964,565.166,202.108,2789.459,12,True
1790482234.8653202,564.243,202.008,2787.619,12,True
1790482234.8934395,565.008,201.975,2788.06,12,True
1790482234.9222734,564.412,202.105,2788.775,12,True
1790482234.9847875,566.296,202.1,2791.168,12,True
1790482234.997639,565.851,202.036,2789.26,12,True
1790482235.003079,562.669,202.118,2787.971,12,True
1790482235.035615,565.251,202.193,2790.63,12,True
1790482235.0633087,565.439,202.023,2788.956,12,True
1790482235.0914934,564.478,202.14,2789.214,12,True
1790482235.1207445,566.776,202.089,2791.151,12,True
1790482235.149447,566.832,202.105,2791.429,12,True
1790482235.173231,565.346,202.065,2789.435,12,True
1790482235.201112,571.808,201.601,2790.336,12,True
1790482235.2320247,565.771,202.118,2790.318,12,True
1790482235.2576523,565.461,202.153,2790.359,12,True
1790482235.2859588,565.733,202.021,2789.192,12,True
1790482235.315331,566.034,202.193,2791.573,12,True
1790482235.3424256,565.447,202.122,2789.781,12,True
1790482235.3692963,565.686,202.06,2789.328,12,True
1790482235.396835,565.874,202.03,2789.331,12,True
1790482235.4275906,566.175,202.203,2791.878,12,True
1790482235.4549224,566.084,202.099,2790.321,12,True
1790482235.4810116,566.52,202.046,2790.524,12,True
1790482235.5093887,565.579,202.113,2790.061,12,True
1790482235.5376222,565.677,202.141,2790.476,12,True
1790482235.5650017,564.813,202.111,2789.261,12,True
1790482235.5908728,563.893,202.159,2788.879,12,True
1790482235.619363,563.64,202.213,2789.467,12,True
1790482235.6464856,563.52,202.238,2789.319,12,True
1790482235.6749806,565.091,202.11,2789.586,12,True
1790482235.7116249,565.952,201.906,2788.282,12,True
1790482235.7256067,565.35,201.972,2788.198,12,True
1790482235.7595286,564.539,202.195,2789.914,12,True
1790482235.7859461,565.506,201.979,2788.448,12,True
1790482235.8121877,564.47,202.092,2788.613,12,True
1790482235.85848,567.519,201.981,2790.557,12,True
1790482235.8685727,564.32,202.206,2789.614,12,True
1790482235.8966937,566.859,201.903,2789.349,12,True
1790482235.9229124,564.801,201.944,2787.315,12,True
1790482235.9523191,564.459,202.143,2789.274,12,True
1790482235.976555,564.463,201.9,2787.288,12,True
1790482236.0073154,564.573,202.077,2788.686,12,True
1790482236.0371675,565.111,202.065,2789.646,12,True
1790482236.0655663,565.774,202.226,2791.661,12,True
1790482236.0922887,566.26,202.031,2789.985,12,True
1790482236.1264794,566.341,201.991,2789.371,12,True
1790482236.1432137,564.084,202.063,2788.454,12,True
1790482236.1750317,564.73,202.061,2788.619,12,True
1790482236.202614,565.782,202.084,2790.649,12,True
1790482236.2323031,566.279,202.082,2790.492,12,True
1790482236.2555008,565.115,202.044,2788.746,12,True
1790482236.2896614,566.537,202.196,2791.846,12,True
1790482236.3135731,564.399,202.063,2788.47,12,True
1790482236.342892,565.689,202.018,2788.895,12,True
1790482236.3673525,565.213,201.995,2788.186,12,True
1790482236.3975198,565.761,201.989,2788.529,12,True
1790482236.4272206,565.096,201.963,2789.199,12,True
1790482236.457597,566.364,202.163,2793.046,12,True
1790482236.479,565.359,201.957,2788.2,12,True
1790482236.509464,565.795,202.022,2789.292,12,True
1790482236.5424275,569.683,202.032,2795.741,12,True
1790482236.5679038,566.929,202.041,2790.631,12,True
1790482236.588451,565.319,201.971,2787.989,12,True
1790482236.622581,566.778,202.053,2790.341,12,True
1790482236.6467674,565.595,202.033,2789.011,12,True
1790482236.6767106,568.848,201.758,2789.067,12,True
1790482236.7038505,566.97,202.022,2790.431,12,True
1790482236.7301593,567.514,201.805,2788.334,12,True
1790482236.7607644,565.581,202.077,2790.616,12,True
1790482236.783293,565.386,201.94,2788.034,12,True
1790482236.8166635,567.263,202.008,2790.525,12,True
1790482236.843754,568.267,201.997,2791.435,12,True
1790482236.8708377,567.202,201.877,2789.016,12,True
1790482236.9002328,565.522,202.187,2791.056,12,True
1790482236.927709,567.328,201.955,2790.026,12,True
1790482236.9663022,566.026,202.051,2789.872,12,True
1790482236.988555,567.828,201.941,2790.432,12,True
1790482237.022165,565.412,202.015,2788.798,12,True
1790482237.0469406,565.328,202.074,2789.156,12,True
1790482237.0798802,566.81,202.17,2792.274,12,True
1790482237.1048386,567.218,202.013,2790.598,12,True
1790482237.1326032,566.876,202.038,2790.511,12,True
1790482237.1584346,564.811,202.178,2790.182,12,True
1790482237.1873991,565.554,202.105,2789.851,12,True
1790482237.2143657,567.206,201.912,2789.404,12,True
1790482237.245528,567.145,201.973,2790.734,12,True
1790482237.273084,567.532,201.973,2790.468,12,True
1790482237.2983809,570.408,201.751,2790.805,12,True
1790482237.3282208,566.101,202.077,2790.357,12,True
1790482237.3535416,564.728,202.13,2789.398,12,True
1790482237.3839653,568.237,202.136,2793.185,12,True
1790482237.4108186,569.05,202.016,2792.114,12,True
1790482237.4368849,566.659,202.003,2789.698,12,True
1790482237.4661243,567.907,202.121,2792.977,12,True
1790482237.490339,565.824,202.184,2791.231,12,True
1790482237.518687,564.957,202.107,2790.514,12,True
1790482237.552093,567.042,202.24,2793.129,12,True
1790482237.578111,565.935,202.175,2791.059,12,True
1790482237.6023467,565.964,201.995,2789.185,12,True
1790482237.6331656,566.1,202.207,2791.554,12,True
1790482237.6556516,565.144,202.149,2790.03,12,True
1790482237.6843278,567.292,201.972,2790.549,12,True
1790482237.714319,567.397,202.09,2791.668,12,True
1790482237.7772918,568.626,202.03,2792.174,12,True
1790482237.787363,570.019,201.688,2789.516,12,True
1790482237.78933,564.019,201.945,2786.075,12,True
1790482237.825778,566.801,201.979,2789.838,12,True
1790482237.8535933,565.56,202.001,2790.009,12,True
1790482237.8804376,564.267,202.092,2788.618,12,True
1790482237.9098072,564.921,202.06,2788.707,12,True
1790482237.9426467,568.521,202.094,2792.87,12,True
1790482237.9628427,564.815,202.126,2789.337,12,True
1790482237.9908972,564.197,202.127,2789.476,12,True
1790482238.0211248,564.575,202.079,2788.794,12,True
1790482238.0486977,566.668,202.074,2790.768,12,True
1790482238.0760343,565.445,202.064,2789.781,12,True
1790482238.1069152,566.187,202.165,2791.271,12,True
1790482238.1311674,564.796,202.042,2788.438,12,True
1790482238.1590214,565.87,201.999,2789.474,12,True
1790482238.186729,565.435,202.081,2789.542,12,True
1790482238.2188637,565.892,202.159,2790.954,12,True
1790482238.2459404,567.803,201.945,2790.658,12,True
1790482238.2728665,568.768,201.949,2791.469,12,True
1790482238.3012714,565.761,202.234,2791.577,12,True
1790482238.3265095,565.982,201.948,2788.533,12,True
1790482238.3592663,570.931,201.871,2793.898,12,True
1790482238.382042,566.894,202.064,2790.858,12,True
1790482238.4095714,565.571,202.097,2789.888,12,True
1790482238.4355476,565.373,202.068,2788.776,12,True
1790482238.4645836,566.352,201.971,2789.208,12,True
1790482238.5022926,565.003,202.196,2790.317,12,True
1790482238.5158544,565.574,202.091,2789.893,12,True
1790482238.5500984,565.464,202.133,2790.276,12,True
1790482238.5744169,562.875,202.178,2788.179,12,True
1790482238.6013987,565.18,202.042,2788.966,12,True
1790482238.6485603,565.321,202.11,2789.797,12,True
1790482238.659109,565.332,202.193,2790.313,12,True
1790482238.688233,566.553,202.177,2791.172,12,True
1790482238.711975,564.184,202.112,2788.781,12,True
1790482238.742669,565.225,202.129,2789.978,12,True
1790482238.7650664,568.152,201.71,2788.201,12,True
1790482238.798196,565.35,202.168,2790.461,12,True
1790482238.827013,565.399,202.102,2789.563,12,True
1790482238.857108,565.88,202.18,2791.223,12,True
1790482238.8823667,566.692,201.99,2789.801,12,True
1790482238.9169815,564.843,202.18,2790.137,12,True
1790482238.9313362,565.942,201.9,2787.818,12,True
1790482238.9647987,565.479,202.061,2789.368,12,True
1790482238.9930882,565.714,202.111,2790.192,12,True
1790482239.024468,567.342,202.086,2791.82,12,True
1790482239.047102,567.115,202.072,2791.312,12,True
1790482239.0793924,566.818,201.959,2789.449,12,True
1790482239.1035717,563.939,202.224,2789.65,12,True
1790482239.1326108,564.249,202.12,2789.225,12,True
1790482239.1559246,566.512,201.855,2788.295,12,True
1790482239.1855092,564.629,201.987,2787.733,12,True
1790482239.2167933,566.562,201.936,2789.259,12,True
1790482239.2488854,566.202,202.126,2790.931,12,True
1790482239.2696419,565.715,202.115,2790.266,12,True
1790482239.299756,565.71,202.083,2789.936,12,True
1790482239.333677,567.539,202.014,2790.814,12,True
1790482239.3575652,566.597,201.952,2789.404,12,True
1790482239.3782759,565.147,202.042,2789.577,12,True
1790482239.4137816,566.445,202.017,2790.899,12,True
1790482239.435419,565.565,201.971,2788.367,12,True
1790482239.467454,566.399,202.062,2790.453,12,True
1790482239.4932482,566.743,201.976,2789.183,12,True
1790482239.518186,565.109,201.966,2787.754,12,True
1790482239.5522435,568.939,201.882,2791.016,12,True
1790482239.5714734,566.006,201.897,2787.925,12,True
1790482239.6079023,568.931,201.894,2790.912,12,True
1790482239.6337895,565.761,202.072,2789.719,12,True
1790482239.6615622,567.522,201.959,2790.31,12,True
1790482239.6901803,568.171,201.851,2789.648,12,True
1790482239.7194076,566.066,202.167,2791.321,12,True
1790482239.756731,566.44,202.039,2790.141,12,True
1790482239.7807891,569.538,201.901,2791.87,12,True
1790482239.8129404,566.264,202.083,2790.495,12,True
1790482239.8367493,565.487,201.978,2789.476,12,True
1790482239.8721411,567.612,202.077,2791.975,12,True
1790482239.8961346,566.163,202.124,2790.958,12,True
1790482239.9235067,567.317,201.993,2790.597,12,True
1790482239.9507709,566.768,202.178,2792.009,12,True
1790482239.976584,566.523,201.908,2788.919,12,True
1790482240.0045907,565.482,202.097,2789.841,12,True
1790482240.03638,567.717,201.979,2790.579,12,True
1790482240.0633924,566.528,202.033,2790.049,12,True
1790482240.0895288,566.566,202.099,2790.874,12,True
1790482240.1188512,566.411,202.061,2790.325,12,True
1790482240.1429195,565.575,202.033,2789.122,12,True
1790482240.17581,567.361,202.089,2791.564,12,True
1790482240.2019837,566.399,202.122,2790.912,12,True
1790482240.228138,566.745,202.034,2791.009,12,True
1790482240.258149,568.591,201.992,2791.679,12,True
1790482240.2811968,567.962,201.941,2790.554,12,True
1790482240.3084133,566.155,201.993,2789.384,12,True
1790482240.3439066,567.625,202.044,2791.523,12,True
1790482240.3697352,566.572,202.142,2791.342,12,True
1790482240.3932643,565.424,202.18,2790.575,12,True
1790482240.4243476,567.15,202.062,2790.837,12,True
1790482240.4462547,565.401,202.077,2790.309,12,True
1790482240.4734807,564.974,202.058,2788.807,12,True
1790482240.5053875,567.444,202.023,2790.728,12,True
1790482240.56656,565.014,202.126,2788.894,12,True
1790482240.5784686,567.409,202.036,2790.875,12,True
1790482240.5809453,566.659,202.174,2791.438,12,True
1790482240.6163805,566.955,201.959,2790.135,12,True
1790482240.643477,565.984,202.022,2789.544,12,True
1790482240.6710987,565.365,202.081,2790.314,12,True
1790482240.7002912,564.123,202.241,2790.137,12,True
1790482240.7336965,566.155,202.127,2790.726,12,True
1790482240.7543766,565.609,202.208,2791.157,12,True
1790482240.7807655,565.908,202.035,2789.579,12,True
1790482240.8099408,565.599,201.977,2788.474,12,True
1790482240.8388417,565.327,202.097,2789.789,12,True
1790482240.8656197,567.393,201.882,2789.24,12,True
1790482240.8964784,566.389,201.968,2789.201,12,True
1790482240.9213269,565.81,202.063,2789.811,12,True
1790482240.9493794,566.049,202.055,2789.971,12,True
1790482240.977316,567.72,201.934,2790.237,12,True
1790482241.0117152,567.129,202.143,2792.516,12,True
1790482241.0396051,570.553,201.94,2793.348,12,True
1790482241.063289,567.009,201.975,2790.055,12,True
1790482241.0944848,569.052,202.03,2792.742,12,True
1790482241.117685,564.612,202.276,2790.824,12,True
1790482241.1497507,567.054,201.948,2790.211,12,True
1790482241.1735957,566.432,202.14,2791.254,12,True
1790482241.2000992,565.474,202.115,2790.155,12,True
1790482241.2263336,565.822,202.128,2790.474,12,True
1790482241.2538595,566.613,201.927,2788.963,12,True
1790482241.2925804,565.494,202.106,2789.957,12,True
1790482241.3046937,565.299,202.01,2788.493,12,True
1790482241.3396895,565.932,202.018,2789.262,12,True
1790482241.3649325,564.436,202.232,2790.185,12,True
1790482241.3914447,565.188,202.106,2789.696,12,True
1790482241.4403863,570.091,201.818,2791.536,12,True
1790482241.44748,564.119,202.054,2787.998,12,True
1790482241.4782248,567.307,201.895,2789.615,12,True
1790482241.5018115,564.409,202.166,2789.539,12,True
1790482241.534285,566.217,202.158,2791.294,12,True
1790482241.5554976,566.253,202.067,2790.102,12,True
1790482241.604116,565.43,203.494,2805.653,12,True
1790482241.6151056,565.903,201.891,2787.763,12,True
1790482241.6472006,566.28,202.043,2789.76,12,True
1790482241.6727166,566.188,202.044,2790.024,12,True
1790482241.7059567,565.512,201.993,2788.607,12,True
1790482241.720823,564.291,202.133,2789.26,12,True
1790482241.7547266,565.38,202.11,2789.648,12,True
1790482241.783024,565.711,202.054,2789.657,12,True
1790482241.8176155,567.455,202.167,2792.785,12,True
1790482241.8394253,566.197,202.237,2791.946,12,True
1790482241.871458,567.645,202.064,2791.789,12,True
1790482241.8943014,565.699,202.13,2790.377,12,True
1790482241.9234042,566.187,202.087,2790.445,12,True
1790482241.9463947,565.534,202.159,2790.192,12,True
1790482241.977147,567.372,202.057,2791.269,12,True
1790482242.0094116,566.859,202.161,2792.284,12,True
1790482242.0408373,566.63,202.154,2791.65,12,True
1790482242.060725,565.97,202.141,2790.778,12,True
1790482242.0890934,566.201,201.992,2789.012,12,True
1790482242.1244442,565.226,202.158,2790.501,12,True
1790482242.148756,567.918,201.951,2790.887,12,True
1790482242.1696913,566.3,202.153,2791.111,12,True
1790482242.2048497,568.247,201.935,2790.723,12,True
1790482242.224922,564.981,202.095,2789.184,12,True
1790482242.2584176,567.324,202.001,2790.664,12,True
1790482242.2850583,566.599,202.159,2791.62,12,True
1790482242.3075137,565.357,201.988,2789.075,12,True
1790482242.3433328,568.328,201.923,2790.786,12,True
1790482242.3616188,565.686,202.087,2789.898,12,True
1790482242.3971508,565.562,202.009,2788.928,12,True
1790482242.4245968,566.636,202.067,2790.529,12,True
1790482242.4516273,566.09,202.04,2789.723,12,True
1790482242.480258,566.258,202.032,2789.741,12,True
1790482242.510539,568.117,201.94,2790.779,12,True
1790482242.5477304,568.291,201.924,2790.719,12,True
1790482242.5709507,565.781,202.089,2789.782,12,True
1790482242.6026719,567.263,201.924,2789.379,12,True
1790482242.6269186,565.829,202.072,2789.882,12,True
1790482242.6638412,567.237,202.077,2791.395,12,True
1790482242.6874704,567.993,201.996,2791.033,12,True
1790482242.716613,567.814,202.141,2792.789,12,True
1790482242.7412026,565.544,202.134,2790.057,12,True
1790482242.766158,567.438,201.892,2789.236,12,True
1790482242.7958066,567.485,201.998,2790.848,12,True
1790482242.8273714,568.172,201.943,2790.716,12,True
1790482242.8546548,566.349,202.125,2790.992,12,True
1790482242.8797204,566.201,202.05,2789.908,12,True
1790482242.909506,566.449,202.044,2790.342,12,True
1790482242.93281,566.946,201.951,2789.535,12,True
1790482242.9660761,565.461,202.121,2789.909,12,True
1790482242.993758,566.867,202.126,2791.492,12,True
1790482243.020109,567.303,202.098,2791.632,12,True
1790482243.0502343,567.161,202.118,2791.805,12,True
1790482243.0723987,566.188,202.138,2790.925,12,True
1790482243.0980852,565.554,202.044,2789.209,12,True
1790482243.134027,567.859,201.895,2789.779,12,True
1790482243.1614704,566.877,202.126,2791.444,12,True
1790482243.1827595,565.133,202.075,2789.141,12,True
1790482243.2152548,566.23,202.073,2790.476,12,True
1790482243.2359521,567.381,201.898,2789.349,12,True
1790482243.2640479,568.305,201.873,2790.227,12,True
1790482243.2962089,565.363,202.173,2790.542,12,True
1790482243.3570755,566.873,201.998,2790.173,12,True
1790482243.3703673,567.461,202.102,2791.664,12,True
1790482243.3725264,565.451,202.284,2791.4,12,True
1790482243.4065418,565.808,202.061,2789.857,12,True
1790482243.4336014,566.097,202.051,2789.842,12,True
1790482243.4607534,565.867,202.001,2789.263,12,True
1790482243.4906435,566.006,202.054,2789.977,12,True
1790482243.52332,566.184,201.985,2789.323,12,True
1790482243.5453422,567.671,201.991,2790.662,12,True
1790482243.5710268,565.593,202.072,2789.898,12,True
1790482243.5995097,565.045,202.089,2789.229,12,True
1790482243.6301494,568.398,201.959,2791.022,12,True
1790482243.6557767,567.618,201.907,2789.777,12,True
1790482243.6855915,565.648,202.01,2788.845,12,True
1790482243.7115045,565.458,202.107,2789.894,12,True
1790482243.740015,567.626,201.944,2790.348,12,True
1790482243.7680628,567.547,201.955,2790.39,12,True
1790482243.802862,589.49,200.002,2790.842,12,True
1790482243.8318512,567.531,202.112,2791.938,12,True
1790482243.8529277,564.786,202.046,2789.293,12,True
1790482243.884428,566.123,202.014,2789.638,12,True
1790482243.9088502,566.694,202.074,2790.801,12,True
1790482243.9401848,564.294,202.245,2790.175,12,True
1790482243.9653978,566.829,202.12,2791.455,12,True
1790482243.9906929,566.123,202.059,2790.246,12,True
1790482244.0186045,567.065,202.143,2791.868,12,True
1790482244.043753,566.606,201.965,2789.53,12,True
1790482244.085044,569.037,201.99,2792.133,12,True
1790482244.0932646,564.896,202.022,2788.288,12,True
1790482244.1301546,566.809,202.001,2790.127,12,True
1790482244.1546843,564.71,202.136,2789.397,12,True
1790482244.1822934,566.058,202.087,2790.545,12,True
1790482244.231385,571.65,201.606,2790.711,12,True
1790482244.2375872,565.443,202.116,2789.877,12,True
1790482244.2686853,566.355,202.041,2790.09,12,True
1790482244.2925177,566.569,202.043,2790.319,12,True
1790482244.326203,566.339,202.17,2791.56,12,True
1790482244.3441484,565.596,201.939,2788.312,12,True
1790482244.391303,564.131,201.955,2786.989,12,True
1790482244.4024928,562.785,202.105,2787.091,12,True
1790482244.4386353,566.491,202.132,2791.156,12,True
1790482244.4644506,567.382,202.046,2791.369,12,True
1790482244.495482,565.36,202.01,2789.171,12,True
1790482244.5110745,565.905,202.05,2789.973,12,True
1790482244.5476806,565.745,202.182,2792.644,12,True
1790482244.572058,566.58,201.89,2788.643,12,True
1790482244.6095912,567.054,202.069,2791.671,12,True
1790482244.62974,566.523,202.023,2789.874,12,True
1790482244.6610537,566.257,201.993,2789.324,12,True
1790482244.683535,567.633,201.82,2788.89,12,True
1790482244.7127457,565.394,202.073,2789.073,12,True
1790482244.736088,566.647,201.966,2789.406,12,True
1790482244.7687137,567.367,202.035,2791.212,12,True
1790482244.8010192,567.363,202.026,2791.298,12,True
1790482244.8344076,567.341,202.221,2793.196,12,True
1790482244.8517327,567.766,201.951,2790.696,12,True
1790482244.8773942,563.135,202.163,2788.017,12,True
1790482244.9149458,564.97,202.153,2790.24,12,True
1790482244.9394805,569.565,201.785,2790.413,12,True
1790482244.9589198,565.994,201.97,2788.951,12,True
1790482244.996212,565.921,202.158,2791.012,12,True
1790482245.0133936,565.845,201.924,2788.181,12,True
1790482245.049161,566.956,201.996,2790.436,12,True
1790482245.0782933,571.454,201.853,2792.952,12,True
1790482245.0965376,564.902,202.063,2788.756,12,True
1790482245.1357841,567.991,201.997,2792.145,12,True
1790482245.1510153,566.407,201.966,2789.054,12,True
1790482245.1874194,567.013,201.959,2789.965,12,True
1790482245.2147646,567.485,201.934,2789.845,12,True
1790482245.241737,566.232,202.032,2789.757,12,True
1790482245.27013,565.336,202.086,2789.547,12,True
1790482245.3005273,568.064,201.858,2789.705,12,True
1790482245.3374114,565.392,202.081,2789.371,12,True
1790482245.3608005,565.204,202.083,2789.507,12,True
1790482245.3923073,565.8,201.991,2789.345,12,True
1790482245.4162383,565.255,202.035,2789.047,12,True
1790482245.4540164,565.26,202.111,2789.835,12,True
1790482245.4771595,564.908,202.104,2789.416,12,True
1790482245.5061824,565.675,202.043,2789.25,12,True
1790482245.5296822,564.362,202.045,2788.173,12,True
1790482245.555037,565.629,201.979,2788.573,12,True
1790482245.586609,566.672,202.036,2790.432,12,True
1790482245.6167157,565.271,202.062,2789.039,12,True
1790482245.6459534,566.853,202.044,2791.015,12,True
1790482245.6699686,566.265,202.049,2789.978,12,True
1790482245.7005818,568.026,201.979,2790.783,12,True
1790482245.722302,566.56,201.965,2789.179,12,True
1790482245.7556784,565.26,202.059,2789.346,12,True
1790482245.7842705,565.407,202.144,2790.244,12,True
1790482245.8090935,565.839,201.976,2788.683,12,True
1790482245.8414788,566.899,202.071,2790.961,12,True
1790482245.8691368,570.952,202.178,2796.46,12,True
1790482245.8872619,565.836,201.958,2788.781,12,True
1790482245.92406,565.781,202.06,2789.708,12,True
1790482245.953213,568.458,201.976,2791.441,12,True
1790482245.9725492,564.019,202.183,2789.503,12,True
1790482246.006815,570.651,201.74,2791.202,12,True
1790482246.0261092,564.873,202.139,2789.84,12,True
1790482246.0535355,565.677,202.031,2789.146,12,True
1790482246.087238,567.412,202.018,2790.65,12,True
1790482246.1487625,566.01,202.181,2791.38,12,True
1790482246.1612177,565.911,202.075,2790.629,12,True
1790482246.162761,564.748,202.072,2790.062,12,True
1790482246.196248,565.35,202.097,2789.39,12,True
1790482246.223436,565.148,202.113,2789.511,12,True
1790482246.250011,564.91,202.056,2788.986,12,True
1790482246.2810528,566.581,201.989,2790.028,12,True
1790482246.3122954,564.454,202.093,2788.687,12,True
1790482246.3352253,565.628,202.051,2789.499,12,True
1790482246.3619218,565.814,202.141,2790.526,12,True
1790482246.3902206,565.123,202.162,2790.41,12,True
1790482246.4212706,565.013,202.222,2790.863,12,True
1790482246.445562,566.088,201.985,2789.513,12,True
1790482246.4778998,565.668,202.099,2792.031,12,True
1790482246.5017703,565.226,202.129,2789.917,12,True
1790482246.5297718,566.413,201.99,2789.421,12,True
1790482246.5588572,566.417,202.071,2790.422,12,True
1790482246.5923264,566.136,201.967,2789.062,12,True
1790482246.6223354,566.47,202.044,2790.192,12,True
1790482246.642708,565.584,202.072,2789.502,12,True
1790482246.6773348,567.557,202.19,2792.612,12,True
1790482246.6975155,565.105,201.986,2788.311,12,True
1790482246.7293434,566.54,201.936,2788.887,12,True
1790482246.7566414,565.486,202.201,2790.943,12,True
1790482246.7803016,568.131,201.833,2789.321,12,True
1790482246.8100574,566.69,202.065,2791.063,12,True
1790482246.8332567,567.392,201.878,2789.162,12,True
1790482246.8772662,567.127,202.176,2791.948,12,True
1790482246.8820684,564.317,202.111,2788.586,12,True
1790482246.920778,566.083,202.076,2790.321,12,True
1790482246.944191,564.335,202.158,2789.16,12,True
1790482246.9739256,565.771,202.205,2791.265,12,True
1790482247.0214555,565.959,202.065,2789.753,12,True
1790482247.028053,566.666,202.124,2790.262,12,True
1790482247.0590544,567.753,201.906,2790.076,12,True
1790482247.082276,567.04,201.927,2789.457,12,True
1790482247.1190047,568.025,202.124,2792.461,12,True
1790482247.1338046,567.649,201.873,2789.299,12,True
1790482247.1819923,565.117,202.183,2790.34,12,True
1790482247.1984997,567.225,202.308,2795.737,12,True
1790482247.2297893,566.819,202.035,2790.737,12,True
1790482247.255761,566.616,202.101,2791.021,12,True
1790482247.2850344,565.931,201.995,2789.201,12,True
1790482247.3007715,565.693,202.056,2789.406,12,True
1790482247.3379278,565.439,202.117,2789.898,12,True
1790482247.3621027,565.505,202.097,2789.698,12,True
1790482247.3999765,566.885,201.935,2790.098,12,True
1790482247.420802,566.433,202.1,2790.783,12,True
1790482247.451684,566.14,202.039,2790.366,12,True
1790482247.4733722,564.16,202.183,2789.493,12,True
1790482247.501708,563.72,202.134,2788.68,12,True
1790482247.526116,565.977,202.054,2789.757,12,True
1790482247.5593026,567.127,201.989,2790.237,12,True
1790482247.5906668,566.469,201.978,2789.379,12,True
1790482247.6283002,568.432,202.073,2793.589,12,True
1790482247.645024,569.987,201.94,2792.901,12,True
1790482247.6675236,565.842,202.068,2789.842,12,True
1790482247.705875,565.446,202.17,2790.538,12,True
1790482247.7332268,569.26,202.09,2793.461,12,True
1790482247.7487047,566.182,202.021,2789.523,12,True
1790482247.7870169,566.462,202.083,2790.511,12,True
1790482247.803058,566.55,201.983,2789.378,12,True
1790482247.837901,565.004,202.019,2788.45,12,True
1790482247.8690648,565.608,202.171,2790.497,12,True
1790482247.8890357,568.277,202.062,2792.207,12,True
1790482247.9269722,566.465,202.102,2790.866,12,True
1790482247.939801,565.383,202.01,2788.408,12,True
1790482247.9783795,565.68,202.147,2790.649,12,True
1790482248.005403,566.558,202.048,2790.33,12,True
1790482248.0316894,565.405,202.036,2789.607,12,True
1790482248.0615368,566.652,202.113,2791.113,12,True
1790482248.090649,566.659,201.99,2789.841,12,True
1790482248.1284106,566.907,202.051,2790.722,12,True
1790482248.1521637,566.374,202.107,2791.005,12,True
1790482248.1838222,567.335,202.036,2791.195,12,True
1790482248.2067757,572.718,201.479,2790.177,12,True
1790482248.243748,565.087,202.069,2789.355,12,True
1790482248.2687247,566.796,202.104,2791.256,12,True
1790482248.295213,565.313,202.008,2788.588,12,True
1790482248.3194408,564.059,202.179,2789.431,12,True
1790482248.3443618,565.89,201.971,2788.919,12,True
1790482248.377239,566.165,202.072,2790.251,12,True
1790482248.4062443,564.766,202.065,2789.226,12,True
1790482248.4355338,567.157,201.921,2789.238,12,True
1790482248.4612887,565.738,202.193,2791.007,12,True
1790482248.4913259,567.112,201.994,2790.491,12,True
1790482248.513056,565.503,202.156,2790.441,12,True
1790482248.5438254,565.36,201.945,2787.854,12,True
1790482248.5747905,566.109,202.089,2790.253,12,True
1790482248.6022918,568.583,202.079,2792.863,12,True
1790482248.6329577,567.766,202.007,2791.145,12,True
1790482248.6617253,566.887,202.023,2792.301,12,True
1790482248.6787517,565.647,202.1,2791.157,12,True
1790482248.715869,567.62,202.058,2791.522,12,True
1790482248.7449005,567.188,201.998,2791.274,12,True
1790482248.7629101,567.054,201.997,2790.072,12,True
1790482248.7969694,566.404,202.01,2789.776,12,True
1790482248.815569,567.809,201.829,2789.161,12,True
1790482248.8422155,564.645,202.043,2788.354,12,True
1790482248.8772373,566.492,201.989,2789.674,12,True
1790482248.9400613,566.083,202.132,2790.994,12,True
1790482248.9532669,570.316,201.844,2791.799,12,True
1790482248.955313,569.136,202.053,2792.263,12,True
1790482248.9856584,566.592,201.942,2789.171,12,True
1790482249.0135438,565.235,202.087,2789.697,12,True
1790482249.039324,566.442,201.939,2788.985,12,True
1790482249.0707715,564.98,202.103,2789.348,12,True
1790482249.1021905,566.56,202.004,2789.626,12,True
1790482249.124453,565.947,201.98,2788.904,12,True
1790482249.1535587,565.626,202.158,2791.355,12,True
1790482249.1805139,565.833,202.086,2789.96,12,True
1790482249.212169,566.986,202.022,2790.595,12,True
1790482249.2364163,567.338,201.972,2790.53,12,True
1790482249.2690122,565.119,202.231,2790.817,12,True
1790482249.2914405,565.996,202.012,2789.31,12,True
1790482249.3215647,568.8,201.949,2791.406,12,True
1790482249.3488197,566.079,202.01,2789.582,12,True
1790482249.3819697,567.03,201.937,2789.366,12,True
1790482249.4126678,566.468,202.007,2790.042,12,True
1790482249.4335463,566.325,202.044,2790.485,12,True
1790482249.4700773,566.825,201.968,2792.451,12,True
1790482249.4865499,565.958,201.967,2788.683,12,True
1790482249.520352,567.037,202.009,2790.661,12,True
1790482249.547605,567.919,201.956,2790.598,12,True
1790482249.5690265,564.726,202.037,2788.474,12,True
1790482249.6022213,567.019,202.119,2791.677,12,True
1790482249.623738,565.892,202.077,2790.134,12,True
1790482249.6702247,569.89,201.962,2792.659,12,True
1790482249.6726892,565.994,202.13,2790.416,12,True
1790482249.7106059,566.343,201.982,2789.475,12,True
1790482249.7336636,565.003,202.093,2789.181,12,True
1790482249.7636495,565.227,202.041,2789.348,12,True
1790482249.810511,566.268,201.946,2788.807,12,True
1790482249.8168025,564.232,202.082,2788.567,12,True
1790482249.849329,566.375,202.017,2789.864,12,True
1790482249.8732758,565.835,202.138,2790.709,12,True
1790482249.908523,566.527,201.962,2789.167,12,True
1790482249.92429,566.171,202.083,2790.231,12,True
1790482249.9745388,568.187,202.063,2792.176,12,True
1790482249.9879465,565.021,202.105,2789.215,12,True
1790482250.0201383,565.573,202.092,2789.979,12,True
1790482250.049044,567.433,202.169,2792.984,12,True
1790482250.074864,565.619,202.015,2789.531,12,True
1790482250.0905302,566.773,201.965,2789.441,12,True
1790482250.1290517,567.384,202.021,2790.831,12,True
1790482250.1527205,566.611,202.05,2790.278,12,True
1790482250.1892204,565.056,202.067,2788.978,12,True
1790482250.2122474,567.225,202.042,2791.154,12,True
1790482250.2419004,566.001,202.071,2789.92,12,True
1790482250.2625206,566.102,201.972,2788.831,12,True
1790482250.2924135,566.727,202.02,2790.375,12,True
1790482250.31708,567.21,202.023,2790.673,12,True
1790482250.3505912,567.374,202.014,2790.943,12,True
1790482250.381349,567.51,201.971,2790.417,12,True
1790482250.4183433,565.761,202.068,2789.767,12,True
1790482250.4398143,569.694,202.069,2794.383,12,True
1790482250.4579868,566.503,202.044,2790.166,12,True
1790482250.4966736,566.207,202.102,2790.427,12,True
1790482250.5250032,567.647,202.041,2791.486,12,True
1790482250.5377357,565.893,201.978,2788.772,12,True
1790482250.5774066,564.584,202.127,2790.059,12,True
1790482250.5915594,564.944,202.01,2788.232,12,True
1790482250.6274197,565.342,202.049,2789.258,12,True
1790482250.658647,565.094,202.097,2789.312,12,True
1790482250.678707,567.319,201.901,2789.375,12,True
1790482250.7181964,565.894,202.168,2790.838,12,True
1790482250.7308052,564.882,202.267,2790.78,12,True
1790482250.7695048,566.893,202.046,2790.79,12,True
1790482250.7946186,565.66,201.97,2788.924,12,True
1790482250.8210876,564.871,202.089,2789.088,12,True
1790482250.851202,566.434,201.957,2789.226,12,True
1790482250.8792498,566.139,201.949,2788.289,12,True
1790482250.9176478,566.503,201.959,2788.877,12,True
1790482250.9430673,566.446,202.094,2790.58,12,True
1790482250.9748673,567.811,201.985,2790.726,12,True
1790482250.9959652,565.918,201.931,2788.914,12,True
1790482251.034323,565.981,202.078,2790.141,12,True
1790482251.060306,567.369,202.057,2791.272,12,True
1790482251.0862753,566.347,202.078,2790.759,12,True
1790482251.108843,565.664,202.003,2789.126,12,True
1790482251.1347651,567.408,201.953,2790.055,12,True
1790482251.1673896,565.265,202.104,2789.846,12,True
1790482251.1955965,566.079,201.965,2788.927,12,True
1790482251.2250798,565.926,202.027,2789.252,12,True
1790482251.2517693,565.967,202.094,2790.152,12,True
1790482251.2850552,569.212,202.08,2793.405,12,True
1790482251.3028364,566.911,201.95,2789.496,12,True
1790482251.3344512,566.973,201.945,2790.356,12,True
1790482251.3638678,566.662,201.911,2788.745,12,True
1790482251.3928723,567.405,201.952,2790.233,12,True
1790482251.427792,570.534,201.97,2794.547,12,True
1790482251.4533267,566.006,202.115,2791.264,12,True
1790482251.4686756,565.846,202.064,2789.589,12,True
1790482251.5060618,566.745,201.992,2789.901,12,True
1790482251.5374393,568.953,201.986,2792.1,12,True
1790482251.5511844,564.598,202.028,2788.003,12,True
1790482251.587589,566.663,201.982,2790.334,12,True
1790482251.6042547,564.141,202.087,2788.352,12,True
1790482251.6316705,566.086,201.985,2789.119,12,True
1790482251.6675212,565.287,202.117,2789.97,12,True
1790482251.7314117,566.32,202.127,2791.059,12,True
1790482251.7458851,568.673,202.046,2792.323,12,True
1790482251.751459,570.537,202.001,2795.743,12,True
1790482251.77586,564.341,202.196,2789.848,12,True
1790482251.804406,565.816,202.112,2790.52,12,True
1790482251.830229,565.545,202.137,2790.602,12,True
1790482251.859946,565.681,201.988,2788.813,12,True
1790482251.8928983,565.605,202.138,2790.421,12,True
1790482251.9129388,566.003,201.926,2788.139,12,True
1790482251.9445038,566.402,202.078,2790.65,12,True
1790482251.968572,565.488,201.944,2787.812,12,True
1790482252.002449,567.577,201.94,2789.974,12,True
1790482252.0272377,568.285,201.898,2790.433,12,True
1790482252.0596812,565.051,202.188,2790.306,12,True
1790482252.0812447,564.996,202.141,2789.497,12,True
1790482252.111439,566.559,201.972,2789.503,12,True
1790482252.1390367,565.083,202.133,2789.839,12,True
1790482252.171356,564.334,202.159,2789.066,12,True
1790482252.2023225,565.271,202.074,2789.375,12,True
1790482252.2243888,565.589,202.146,2790.478,12,True
1790482252.2606988,566.058,202.085,2790.278,12,True
1790482252.276479,565.594,202.042,2789.602,12,True
1790482252.3127766,568.306,201.988,2792.128,12,True
1790482252.3370981,565.527,202.14,2789.198,12,True
1790482252.3598988,566.6,202.075,2790.587,12,True
1790482252.3939917,568.734,201.932,2791.39,12,True
1790482252.414679,566.977,202.013,2790.549,12,True
1790482252.4621446,567.17,202.108,2791.631,12,True
1790482252.4639006,566.402,202.209,2791.014,12,True
1790482252.50272,567.153,202.13,2791.815,12,True
1790482252.5223818,564.997,202.069,2788.42,12,True
1790482252.5539587,570.992,201.602,2789.942,12,True
1790482252.6024306,567.704,202.045,2791.676,12,True
1790482252.6084487,566.473,202.048,2791.43,12,True
1790482252.6397076,566.389,201.975,2790.071,12,True
1790482252.6651957,569.085,201.883,2791.611,12,True
1790482252.698011,565.137,202.05,2789.188,12,True
1790482252.7148123,567.369,201.977,2790.259,12,True
1790482252.7652166,569.258,201.792,2790.307,12,True
1790482252.7782955,564.778,202.162,2790.056,12,True
1790482252.810929,565.63,202.128,2790.496,12,True
1790482252.8415635,567.823,202.103,2792.225,12,True
1790482252.8666487,565.936,202.181,2791.375,12,True
1790482252.8810198,565.572,202.11,2790.219,12,True
1790482252.9207973,566.781,202.108,2791.446,12,True
1790482252.9414194,567.387,201.8,2788.368,12,True
1790482252.9799972,567.284,201.988,2790.489,12,True
1790482253.002755,566.936,202.027,2790.196,12,True
1790482253.033466,566.907,202.059,2791.312,12,True
1790482253.051914,564.266,202.12,2789.082,12,True
1790482253.0840244,565.976,202.171,2791.313,12,True
1790482253.107654,566.172,202.084,2790.277,12,True
1790482253.1412573,565.662,202.097,2790.159,12,True
1790482253.174136,568.137,202.047,2792.505,12,True
1790482253.2096074,565.904,202.173,2790.976,12,True
1790482253.2345338,569.307,202.165,2794.328,12,True
1790482253.247404,564.981,202.068,2789.142,12,True
1790482253.2875302,566.148,202.113,2790.531,12,True
1790482253.3161774,567.0,202.031,2790.826,12,True
1790482253.3319418,568.586,202.198,2793.936,12,True
1790482253.3694875,566.132,202.201,2791.685,12,True
1790482253.3847706,566.216,202.196,2792.971,12,True
1790482253.4172735,565.625,202.053,2789.546,12,True
1790482253.4498665,564.987,202.129,2790.92,12,True
1790482253.469713,567.251,202.022,2790.727,12,True
1790482253.5108545,568.58,202.074,2792.357,12,True
1790482253.5208244,566.259,202.048,2789.79,12,True
1790482253.5609505,566.719,202.079,2791.061,12,True
1790482253.5830963,565.508,201.962,2788.15,12,True
1790482253.6133273,566.521,202.162,2791.906,12,True
1790482253.6423557,566.205,202.133,2790.848,12,True
1790482253.668152,563.2,202.198,2788.7,12,True
1790482253.7067406,565.524,202.004,2788.796,12,True
1790482253.7353532,566.065,202.221,2791.916,12,True
1790482253.766455,568.529,201.943,2791.249,12,True
1790482253.786057,565.286,202.079,2789.77,12,True
1790482253.824791,564.728,202.185,2790.106,12,True
1790482253.8517835,567.372,201.983,2791.195,12,True
1790482253.8769174,567.205,201.977,2790.341,12,True
1790482253.8976574,564.742,202.048,2788.485,12,True
1790482253.9264383,567.398,201.959,2791.389,12,True
1790482253.9579625,566.279,202.061,2790.26,12,True
1790482253.985201,565.344,202.09,2789.308,12,True
1790482254.0163472,566.489,202.113,2790.967,12,True
1790482254.0417767,565.468,202.116,2789.753,12,True
1790482254.0781937,568.016,202.152,2792.841,12,True
1790482254.0939665,567.408,202.021,2790.835,12,True
1790482254.126688,567.482,202.072,2791.865,12,True
1790482254.1541874,566.048,202.075,2789.999,12,True
1790482254.1832669,566.704,202.019,2790.097,12,True
1790482254.2188544,566.391,202.081,2790.764,12,True
1790482254.243471,566.905,201.953,2789.783,12,True
1790482254.2587976,565.521,202.033,2789.72,12,True
1790482254.2985384,568.261,201.971,2792.148,12,True
1790482254.3302658,568.373,202.073,2792.491,12,True
1790482254.3416493,565.849,202.087,2790.223,12,True
1790482254.3793936,565.891,202.207,2791.508,12,True
1790482254.392675,565.746,201.947,2788.169,12,True
1790482254.4228094,565.62,202.159,2790.804,12,True
1790482254.4591928,567.065,202.051,2791.077,12,True
1790482254.5217266,565.846,202.084,2790.013,12,True
1790482254.5379019,568.516,202.004,2791.684,12,True
1790482254.5441086,567.594,202.105,2792.436,12,True
1790482254.565933,566.558,201.988,2789.713,12,True
1790482254.5943995,564.261,202.191,2789.676,12,True
1790482254.6213164,565.689,202.158,2790.759,12,True
1790482254.649311,564.616,202.117,2789.041,12,True
1790482254.6826313,565.557,202.056,2789.434,12,True
1790482254.7004573,563.839,202.044,2787.305,12,True
1790482254.7353265,573.344,201.426,2790.399,12,True
1790482254.757558,564.313,202.109,2788.759,12,True
1790482254.7926476,564.61,202.161,2789.853,12,True
1790482254.8190236,568.572,201.962,2791.448,12,True
1790482254.8534882,566.24,202.219,2793.322,12,True
1790482254.869562,563.984,202.029,2787.604,12,True
1790482254.9013946,566.537,201.981,2789.632,12,True
1790482254.9297576,566.648,202.033,2790.258,12,True
1790482254.9616094,565.152,202.105,2789.986,12,True
1790482254.99275,566.923,201.967,2790.135,12,True
1790482255.0143597,565.938,202.001,2789.667,12,True
1790482255.0521822,565.808,202.209,2791.205,12,True
1790482255.067,567.705,201.921,2790.247,12,True
1790482255.1049519,570.584,201.841,2791.875,12,True
1790482255.12722,566.476,202.013,2789.615,12,True
1790482255.1493232,568.359,201.782,2789.152,12,True
1790482255.1897414,569.633,202.241,2795.437,12,True
1790482255.2047565,566.918,201.944,2789.692,12,True
1790482255.2559912,570.908,201.939,2793.564,12,True
1790482255.2575777,571.078,202.007,2793.216,12,True
1790482255.2941277,568.089,201.925,2791.123,12,True
1790482255.3094022,564.78,201.909,2786.799,12,True
1790482255.3460143,566.995,202.059,2791.68,12,True
1790482255.3947918,569.189,201.993,2792.103,12,True
1790482255.4015977,567.447,202.198,2792.925,12,True
1790482255.4312372,566.276,202.103,2791.115,12,True
1790482255.4564762,565.589,202.119,2790.915,12,True
1790482255.4899952,568.474,201.981,2791.565,12,True
1790482255.503741,566.101,201.925,2788.629,12,True
1790482255.557509,568.34,202.022,2791.927,12,True
1790482255.567725,565.437,202.039,2789.189,12,True
1790482255.6016731,566.337,202.062,2790.285,12,True
1790482255.6313894,567.219,201.919,2789.529,12,True
1790482255.6557262,566.117,201.942,2788.771,12,True
1790482255.6712813,567.999,201.887,2789.975,12,True
1790482255.7132797,567.933,202.107,2792.195,12,True
1790482255.7316034,567.945,201.881,2789.832,12,True
1790482255.771277,566.33,202.053,2790.897,12,True
1790482255.7939312,564.569,202.261,2790.893,12,True
1790482255.823958,566.281,202.065,2790.219,12,True
1790482255.8411174,566.605,201.92,2788.847,12,True
1790482255.8770936,567.993,202.101,2792.772,12,True
1790482255.8976247,566.855,201.966,2789.608,12,True
1790482255.9337986,567.405,201.989,2792.223,12,True
1790482255.967481,571.595,201.836,2793.073,12,True
1790482256.0009136,566.619,202.054,2790.929,12,True
1790482256.0278578,566.553,202.243,2793.038,12,True
1790482256.0381622,565.732,202.094,2790.481,12,True
1790482256.0775936,565.958,201.985,2789.786,12,True
1790482256.1051896,566.465,201.937,2788.721,12,True
1790482256.122063,567.341,201.936,2789.843,12,True
1790482256.1613445,568.074,202.004,2791.475,12,True
1790482256.173967,564.666,202.133,2788.984,12,True
1790482256.206355,565.589,202.057,2788.766,12,True
1790482256.2415454,568.127,201.996,2791.406,12,True
1790482256.260685,565.578,202.177,2790.701,12,True
1790482256.3014216,569.177,201.788,2790.269,12,True
1790482256.314424,566.643,202.181,2793.377,12,True
1790482256.351037,568.166,201.85,2789.796,12,True
1790482256.3743193,566.483,202.089,2790.881,12,True
1790482256.404556,567.465,201.995,2790.946,12,True
1790482256.432875,566.486,202.028,2790.129,12,True
1790482256.4602704,567.368,202.066,2791.704,12,True
1790482256.4993985,568.468,202.035,2792.35,12,True
1790482256.5272856,565.163,202.278,2791.597,12,True
1790482256.557938,567.208,202.055,2791.075,12,True
1790482256.5750546,565.27,202.038,2788.709,12,True
1790482256.6148114,565.689,202.057,2789.63,12,True
1790482256.6434011,569.193,201.891,2791.329,12,True
1790482256.6675408,568.744,201.861,2790.328,12,True
1790482256.6877067,565.804,202.048,2789.75,12,True
1790482256.7179165,566.094,202.164,2791.129,12,True
1790482256.7482913,565.334,202.118,2790.02,12,True
1790482256.7748172,564.9,202.106,2789.341,12,True
1790482256.808469,567.806,201.98,2791.853,12,True
1790482256.8323047,565.929,201.947,2790.273,12,True
1790482256.8691108,566.389,202.096,2790.635,12,True
1790482256.8852384,566.564,201.985,2790.996,12,True
1790482256.9195294,567.741,202.15,2792.535,12,True
1790482256.9438818,566.254,201.985,2789.364,12,True
1790482256.973898,566.109,202.058,2790.354,12,True
1790482257.008879,566.057,202.054,2789.725,12,True
1790482257.034152,566.48,201.968,2790.408,12,True
1790482257.049209,567.963,201.923,2790.124,12,True
1790482257.0878747,565.772,202.034,2789.017,12,True
1790482257.1221256,568.534,201.988,2791.507,12,True
1790482257.130347,565.277,202.017,2788.464,12,True
1790482257.1714613,568.368,202.001,2791.739,12,True
1790482257.181152,564.845,202.031,2788.161,12,True
1790482257.2125328,566.89,201.945,2789.388,12,True
1790482257.2515647,567.557,202.116,2792.04,12,True
1790482257.312188,565.364,202.141,2790.148,12,True
1790482257.3288596,568.656,201.889,2790.633,12,True
1790482257.3354797,567.683,202.027,2791.163,12,True
1790482257.3559668,565.567,202.067,2789.669,12,True
1790482257.3851266,566.537,202.066,2790.363,12,True
1790482257.4137812,570.202,201.674,2792.164,12,True
1790482257.4383721,564.721,202.094,2788.79,12,True
1790482257.4739728,566.124,202.156,2791.037,12,True
1790482257.4914606,568.174,201.921,2790.74,12,True
1790482257.52621,566.766,202.03,2790.407,12,True
1790482257.547857,566.358,201.947,2790.025,12,True
1790482257.583557,567.074,202.04,2790.615,12,True
1790482257.611454,569.647,201.932,2792.031,12,True
1790482257.6435251,565.232,202.076,2789.621,12,True
1790482257.6587963,565.567,202.001,2788.87,12,True
1790482257.6915228,565.19,202.131,2789.855,12,True
1790482257.7203364,565.879,202.083,2790.199,12,True
1790482257.7503967,565.891,201.934,2788.516,12,True
1790482257.7834616,566.392,202.063,2790.438,12,True
1790482257.8040538,565.994,202.007,2789.338,12,True
1790482257.8422482,566.496,202.005,2789.792,12,True
1790482257.857068,566.154,202.033,2789.781,12,True
1790482257.8969538,569.198,201.945,2791.747,12,True
1790482257.916804,565.407,202.057,2789.292,12,True
1790482257.9400487,565.363,202.154,2790.46,12,True
1790482257.9819198,567.766,202.016,2791.905,12,True
1790482257.994008,565.169,202.069,2788.926,12,True
1790482258.0508513,569.666,202.143,2794.519,12,True
1790482258.0525,569.519,202.275,2794.617,12,True
1790482258.0865736,567.48,202.107,2792.093,12,True
1790482258.0992281,569.475,201.745,2789.592,12,True
1790482258.136811,567.118,202.017,2790.418,12,True
1790482258.1864517,568.636,201.959,2791.311,12,True
1790482258.1936698,567.498,202.086,2791.825,12,True
1790482258.2213542,567.427,201.975,2789.815,12,True
1790482258.245655,566.827,201.882,2788.745,12,True
1790482258.281242,564.413,202.255,2790.941,12,True
1790482258.2914793,563.401,202.081,2787.537,12,True
1790482258.3508043,569.618,201.935,2792.974,12,True
1790482258.3589442,565.13,202.202,2790.993,12,True
1790482258.3915875,566.291,201.993,2789.626,12,True
1790482258.4244485,567.672,202.089,2792.774,12,True
1790482258.446415,565.885,202.11,2790.402,12,True
1790482258.463226,568.548,201.903,2791.57,12,True
1790482258.5034256,565.191,202.095,2789.854,12,True
1790482258.5218427,566.586,202.001,2789.892,12,True
1790482258.5602634,564.811,202.057,2788.686,12,True
1790482258.5845428,566.033,202.09,2790.291,12,True
1790482258.6153834,566.892,202.052,2791.125,12,True
1790482258.6297836,565.01,202.01,2788.354,12,True
1790482258.667968,566.109,202.111,2790.602,12,True
1790482258.687834,568.319,201.846,2789.863,12,True
1790482258.7249408,567.411,201.99,2790.765,12,True
1790482258.7595048,566.423,202.147,2791.754,12,True
1790482258.7916925,565.401,202.162,2790.443,12,True
1790482258.8175898,565.241,202.091,2789.448,12,True
1790482258.8264375,563.979,202.107,2788.066,12,True
1790482258.8675108,567.603,201.896,2789.645,12,True
1790482258.896318,567.958,201.953,2790.814,12,True
1790482258.9118624,567.354,201.903,2789.541,12,True
1790482258.9563997,568.989,202.211,2794.753,12,True
1790482258.9655519,564.363,202.203,2791.365,12,True
1790482258.995092,565.936,201.933,2788.398,12,True
1790482259.031631,566.448,202.001,2789.726,12,True
1790482259.052683,565.585,202.221,2791.705,12,True
1790482259.0918405,565.671,202.096,2790.075,12,True
1790482259.1046197,565.812,202.074,2789.851,12,True
1790482259.141771,566.793,202.013,2790.288,12,True
1790482259.1630762,565.132,202.018,2788.437,12,True
1790482259.1960819,566.246,202.21,2791.246,12,True
1790482259.2215083,565.316,202.022,2788.371,12,True
1790482259.25266,567.705,202.08,2792.075,12,True
1790482259.2930043,567.196,202.151,2793.273,12,True
1790482259.3176444,566.558,202.028,2790.053,12,True
1790482259.3483524,565.814,202.067,2790.043,12,True
1790482259.3636603,564.119,202.105,2788.301,12,True
1790482259.4048374,568.041,201.854,2789.576,12,True
1790482259.4352107,566.923,202.118,2791.458,12,True
1790482259.4580586,565.849,202.042,2790.182,12,True
1790482259.4783533,565.883,202.153,2790.366,12,True
1790482259.5096598,567.373,201.998,2791.464,12,True
1790482259.536977,565.472,201.99,2788.4,12,True
1790482259.5636768,565.824,201.975,2788.611,12,True
1790482259.5977871,565.992,202.001,2789.075,12,True
1790482259.6226368,567.46,201.975,2790.08,12,True
1790482259.6599827,566.329,202.086,2790.546,12,True
1790482259.6745434,566.776,201.916,2789.066,12,True
1790482259.7113369,568.44,201.981,2791.534,12,True
1790482259.7323074,565.48,201.952,2788.138,12,True
1790482259.76571,567.619,202.089,2791.556,12,True
1790482259.7992485,567.381,201.956,2790.038,12,True
1790482259.8228393,566.003,201.937,2788.439,12,True
1790482259.8394253,564.067,202.186,2789.96,12,True
1790482259.8756127,565.484,201.896,2787.494,12,True
1790482259.9128904,567.688,201.96,2790.446,12,True
1790482259.9200146,566.394,201.982,2789.438,12,True
1790482259.9652002,569.294,202.061,2793.441,12,True
1790482259.9731424,565.941,202.175,2791.77,12,True
1790482260.0018537,565.348,202.039,2788.934,12,True
1790482260.0438564,566.344,202.198,2791.995,12,True
1790482260.101789,566.046,202.014,2789.318,12,True
1790482260.1201186,569.859,201.792,2790.929,12,True
1790482260.1265528,567.11,202.047,2790.864,12,True
1790482260.145788,565.828,202.052,2789.463,12,True
1790482260.1742055,565.714,201.969,2788.725,12,True
1790482260.2034714,565.753,202.012,2789.41,12,True
1790482260.2286503,566.86,201.987,2790.009,12,True
1790482260.2646642,566.5,202.077,2790.411,12,True
1790482260.2843728,570.401,201.735,2792.621,12,True
1790482260.3157787,566.621,201.964,2789.215,12,True
1790482260.3376338,566.255,201.995,2789.537,12,True
1790482260.3749473,567.847,202.111,2791.124,12,True
1790482260.4033284,566.468,202.112,2791.585,12,True
1790482260.432897,565.401,202.067,2789.108,12,True
1790482260.4484272,566.989,201.915,2789.359,12,True
1790482260.4816976,565.448,202.083,2789.908,12,True
1790482260.5103083,567.062,201.945,2789.59,12,True
1790482260.5400348,567.013,201.877,2789.376,12,True
1790482260.573912,566.469,202.037,2790.179,12,True
1790482260.5943377,566.261,201.982,2790.002,12,True
1790482260.632827,566.901,202.017,2790.229,12,True
1790482260.648249,569.361,201.855,2790.89,12,True
1790482260.6888301,571.612,201.708,2791.603,12,True
1790482260.707053,565.727,202.071,2789.892,12,True
1790482260.7308605,565.743,202.144,2790.524,12,True
1790482260.7724283,566.447,202.048,2790.226,12,True
1790482260.7827833,564.594,202.085,2788.489,12,True
1790482260.849865,570.653,202.262,2796.863,12,True
1790482260.853422,574.376,202.348,2802.305,12,True
1790482260.8790135,568.613,201.966,2792.086,12,True
1790482260.8889866,567.112,201.937,2789.525,12,True
1790482260.926743,565.497,202.071,2789.584,12,True
1790482260.9775977,567.789,202.003,2790.847,12,True
1790482260.9850352,567.663,202.005,2791.059,12,True
1790482261.0122445,566.382,202.072,2790.659,12,True
1790482261.0360684,564.813,202.179,2790.099,12,True
1790482261.0739398,566.764,202.192,2792.302,12,True
1790482261.0821154,566.888,202.046,2790.352,12,True
1790482261.1450515,566.951,202.313,2793.974,12,True
1790482261.1488957,564.062,202.222,2789.555,12,True
1790482261.1820617,567.578,201.938,2790.111,12,True
1790482261.215295,568.66,201.891,2790.558,12,True
1790482261.2354603,567.079,201.906,2788.794,12,True
1790482261.255341,570.143,201.862,2791.823,12,True
1790482261.2939196,567.397,201.953,2790.221,12,True
1790482261.3121,567.794,201.897,2789.953,12,True
1790482261.3503177,566.318,202.037,2789.738,12,True
1790482261.3749933,565.71,202.105,2790.163,12,True
1790482261.4051583,565.597,202.051,2789.483,12,True
1790482261.4195864,567.856,201.861,2789.475,12,True
1790482261.4578943,564.505,202.139,2789.657,12,True
1790482261.4801793,567.552,202.093,2791.99,12,True
1790482261.5166388,570.261,201.793,2791.32,12,True
1790482261.550562,565.368,202.199,2790.783,12,True
1790482261.5818617,565.514,202.11,2789.9,12,True
1790482261.605942,564.836,202.012,2788.082,12,True
1790482261.6168675,565.457,202.112,2790.195,12,True
1790482261.6589465,569.409,201.818,2791.15,12,True
1790482261.6890676,567.531,202.125,2792.343,12,True
1790482261.7033708,565.328,202.173,2791.25,12,True
1790482261.7527897,571.485,202.062,2796.018,12,True
1790482261.7566032,565.965,202.16,2790.81,12,True
1790482261.7853634,565.782,202.043,2789.838,12,True
1790482261.823276,567.502,202.06,2791.351,12,True
1790482261.8423781,566.47,201.973,2789.398,12,True
1790482261.882494,565.706,202.126,2790.358,12,True
1790482261.8946357,566.092,202.009,2789.723,12,True
1790482261.9322865,565.584,202.1,2790.128,12,True
1790482261.9553113,565.223,202.297,2791.878,12,True
1790482261.9858997,566.361,201.939,2789.504,12,True
1790482262.009425,564.856,201.945,2787.62,12,True
1790482262.0429182,566.124,202.036,2789.947,12,True
1790482262.0830467,567.141,201.978,2789.697,12,True
1790482262.1066053,564.056,202.113,2788.648,12,True
1790482262.138478,566.253,202.02,2789.768,12,True
1790482262.1545687,565.719,202.091,2790.675,12,True
1790482262.1959918,567.77,201.885,2790.823,12,True
1790482262.2280812,568.484,202.072,2792.573,12,True
1790482262.2496026,566.99,202.089,2791.189,12,True
1790482262.2659042,567.241,201.735,2787.288,12,True
1790482262.2984178,565.154,202.015,2788.472,12,True
1790482262.32528,566.472,201.872,2788.08,12,True
1790482262.35616,565.908,202.053,2792.264,12,True
1790482262.386999,566.261,201.964,2788.974,12,True
1790482262.4123075,563.926,202.188,2789.438,12,True
1790482262.449125,564.792,202.062,2788.814,12,True
1790482262.463549,565.53,202.003,2788.794,12,True
1790482262.5001285,563.841,202.143,2788.555,12,True
1790482262.5215619,564.399,202.124,2789.02,12,True
1790482262.559531,568.029,202.201,2793.577,12,True
1790482262.5900502,565.383,202.161,2790.48,12,True
1790482262.6135352,564.511,202.176,2790.436,12,True
1790482262.6307242,566.222,202.141,2791.004,12,True
1790482262.6673982,566.36,202.144,2791.455,12,True
1790482262.7050142,566.477,202.181,2791.847,12,True
1790482262.7091243,565.618,202.017,2788.885,12,True
1790482262.7609367,570.118,202.198,2795.449,12,True
1790482262.7644377,566.508,202.135,2791.076,12,True
1790482262.7934055,566.399,202.034,2791.28,12,True
1790482262.8360727,566.636,202.179,2791.888,12,True
1790482262.8924785,567.193,201.987,2790.416,12,True
1790482262.912118,570.567,201.785,2791.648,12,True
1790482262.9193,568.936,202.046,2792.534,12,True
1790482262.9349227,564.351,202.118,2788.827,12,True
1790482262.9637783,566.545,201.946,2789.275,12,True
1790482262.9945786,564.367,202.116,2790.856,12,True
1790482263.0189157,565.061,202.121,2789.958,12,True
1790482263.0546274,564.872,202.116,2789.689,12,True
1790482263.0741713,568.016,201.788,2789.538,12,True
1790482263.1056793,565.021,202.035,2789.594,12,True
1790482263.1258297,564.74,202.01,2787.931,12,True
1790482263.1646903,567.483,201.875,2789.405,12,True
1790482263.1957886,566.966,202.112,2792.1,12,True
1790482263.221421,564.732,202.021,2788.223,12,True
1790482263.2393088,565.797,202.109,2790.6,12,True
1790482263.273772,568.483,201.995,2791.743,12,True
1790482263.2994914,566.016,201.977,2788.818,12,True
1790482263.330966,565.586,202.06,2790.671,12,True
1790482263.364567,567.983,201.931,2790.383,12,True
1790482263.3850627,569.188,201.823,2790.438,12,True
1790482263.4227915,565.261,202.066,2789.617,12,True
1790482263.4392312,565.171,202.216,2790.649,12,True
1790482263.4795885,568.04,201.946,2790.444,12,True
1790482263.4986494,565.584,202.211,2791.174,12,True
1790482263.5213957,565.295,202.142,2790.151,12,True
1790482263.5644257,567.665,202.089,2791.726,12,True
1790482263.5718417,563.805,202.154,2788.78,12,True
1790482263.6433496,571.733,201.85,2793.206,12,True
1790482263.6447031,567.737,202.116,2791.074,12,True
1790482263.672147,568.394,202.07,2792.777,12,True
1790482263.6815434,566.915,202.14,2792.32,12,True
1790482263.7166827,566.487,201.987,2789.562,12,True
1790482263.7705498,568.285,202.094,2792.675,12,True
1790482263.7735298,567.065,201.84,2788.277,12,True
1790482263.8040884,566.936,202.106,2791.552,12,True
1790482263.8265772,565.319,202.148,2790.226,12,True
1790482263.8650253,566.443,202.114,2790.768,12,True
1790482263.8749986,566.941,202.123,2792.664,12,True
1790482263.938194,568.58,202.1,2792.886,12,True
1790482263.941397,565.134,202.299,2792.283,12,True
1790482263.971994,565.731,202.04,2789.651,12,True
1790482264.005491,566.254,202.026,2789.891,12,True
1790482264.022993,563.463,202.042,2787.283,12,True
1790482264.0473514,569.954,201.814,2791.723,12,True
1790482264.0831919,564.687,202.07,2788.917,12,True
1790482264.1022687,565.404,202.109,2789.903,12,True
1790482264.1395044,564.815,202.106,2788.953,12,True
1790482264.1675043,568.054,202.061,2792.106,12,True
1790482264.1955278,564.732,202.185,2790.031,12,True
1790482264.2112925,565.418,202.258,2791.435,12,True
1790482264.2490823,567.514,201.977,2790.918,12,True
1790482264.2709315,568.861,201.845,2790.448,12,True
1790482264.3066037,565.205,202.12,2789.656,12,True
1790482264.342235,565.406,202.244,2791.392,12,True
1790482264.373811,565.253,202.321,2791.717,12,True
1790482264.3950424,565.579,202.019,2788.79,12,True
1790482264.4077842,568.122,201.946,2790.579,12,True
1790482264.4510307,570.899,201.773,2791.731,12,True
1790482264.4810457,567.436,202.07,2791.625,12,True
1790482264.492103,563.87,202.141,2788.456,12,True
1790482264.5452964,569.209,202.031,2792.258,12,True
1790482264.5463345,565.834,202.146,2789.494,12,True
1790482264.5775528,566.178,202.231,2791.84,12,True
1790482264.6159325,566.668,202.071,2792.38,12,True
1790482264.6334481,566.831,202.067,2790.783,12,True
1790482264.6720672,568.907,201.727,2789.224,12,True
1790482264.6842873,566.084,202.006,2789.345,12,True
1790482264.722628,566.205,202.028,2789.972,12,True
1790482264.7452433,568.273,201.849,2789.639,12,True
1790482264.7780714,565.737,202.248,2791.804,12,True
1790482264.8008058,565.962,202.16,2790.986,12,True
1790482264.8354712,567.578,202.095,2792.095,12,True
1790482264.872458,564.802,202.068,2789.133,12,True
1790482264.8959696,566.897,201.891,2789.032,12,True
1790482264.9307942,568.266,202.027,2791.941,12,True
1790482264.9441519,566.32,201.972,2789.275,12,True
1790482264.9858086,566.505,201.97,2789.472,12,True
1790482265.0204968,567.031,202.119,2792.1,12,True
1790482265.0395725,566.934,201.961,2789.681,12,True
1790482265.0546267,565.969,201.957,2788.5,12,True
1790482265.0895917,566.355,202.059,2790.889,12,True
1790482265.114897,564.599,202.125,2789.357,12,True
1790482265.145829,565.167,202.106,2789.413,12,True
1790482265.1778893,566.394,202.074,2790.514,12,True
1790482265.2036736,566.599,202.081,2791.09,12,True
1790482265.2415345,566.794,202.183,2792.058,12,True
1790482265.2545118,566.523,202.088,2790.718,12,True
1790482265.291341,567.808,201.992,2790.928,12,True
1790482265.314853,567.028,202.148,2792.997,12,True
1790482265.351296,568.346,201.978,2791.466,12,True
1790482265.380834,568.923,201.862,2790.492,12,True
1790482265.403956,566.621,202.027,2790.134,12,True
1790482265.4209309,567.381,201.943,2789.911,12,True
1790482265.4599757,568.17,202.066,2792.267,12,True
1790482265.5001442,570.979,201.98,2794.83,12,True
1790482265.5018163,567.968,201.963,2792.468,12,True
1790482265.5558574,571.957,201.946,2794.633,12,True
1790482265.5574906,568.986,202.162,2792.83,12,True
1790482265.5868642,566.027,202.26,2793.175,12,True
1790482265.6267684,565.483,202.14,2790.406,12,True
1790482265.6818867,565.694,202.002,2789.073,12,True
1790482265.7024474,566.07,202.057,2790.029,12,True
1790482265.7096426,567.111,201.992,2790.118,12,True
1790482265.7244546,565.241,202.07,2789.125,12,True
1790482265.7520897,565.603,201.941,2788.072,12,True
1790482265.7858775,566.873,202.05,2791.015,12,True
1790482265.8545268,565.376,206.298,2835.362,12,True
1790482265.8587697,566.27,203.302,2803.88,12,True
1790482265.8648474,566.507,202.115,2790.447,12,True
1790482265.895812,568.104,201.855,2789.761,12,True
1790482265.9186723,567.881,202.136,2792.574,12,True
1790482265.9544244,565.857,202.03,2789.462,12,True
1790482265.9871037,566.867,202.075,2791.011,12,True
1790482266.011851,565.9,202.083,2790.058,12,True
1790482266.02833,566.467,201.921,2788.761,12,True
1790482266.0642805,566.678,202.029,2790.213,12,True
1790482266.0880024,564.044,202.086,2788.202,12,True
1790482266.121005,565.667,202.085,2789.665,12,True
1790482266.1554155,566.051,202.074,2790.58,12,True
1790482266.1751184,565.142,202.129,2789.75,12,True
1790482266.2140875,566.358,202.073,2790.932,12,True
1790482266.2298214,568.142,201.895,2790.3,12,True
1790482266.2693083,569.391,201.732,2789.451,12,True
1790482266.2892282,566.118,202.081,2790.289,12,True
1790482266.3110774,564.14,202.163,2789.316,12,True
1790482266.3559568,568.458,201.966,2791.267,12,True
1790482266.3624296,564.959,202.222,2790.368,12,True
1790482266.4353607,569.6,201.905,2791.75,12,True
1790482266.4374635,568.956,202.069,2792.516,12,True
1790482266.4655826,570.674,201.949,2793.143,12,True
1790482266.4687636,564.905,201.939,2787.037,12,True
1790482266.5085795,567.852,202.043,2791.563,12,True
1790482266.5635178,568.094,202.081,2792.677,12,True
1790482266.565506,566.649,202.239,2791.759,12,True
1790482266.5955558,568.423,201.955,2791.173,12,True
1790482266.6155715,564.764,202.065,2788.726,12,True
1790482266.6550736,566.093,202.071,2789.77,12,True
1790482266.664792,565.99,201.967,2789.487,12,True
1790482266.7307067,568.851,201.999,2792.242,12,True
1790482266.7337315,566.111,202.228,2792.112,12,True
1790482266.7617064,565.38,202.05,2789.348,12,True
1790482266.796568,569.667,201.807,2790.789,12,True
1790482266.8146243,567.191,202.057,2791.231,12,True
1790482266.8368363,568.137,201.8,2789.207,12,True
1790482266.874459,570.184,201.762,2790.932,12,True
1790482266.8932943,566.647,202.093,2790.73,12,True
1790482266.9294128,566.578,201.988,2789.644,12,True
1790482266.9604793,567.386,202.17,2792.664,12,True
1790482266.9862802,565.24,202.175,2790.383,12,True
1790482267.0025868,568.983,201.913,2791.004,12,True
1790482267.0395327,565.274,202.148,2790.121,12,True
1790482267.0612721,566.916,201.974,2789.953,12,True
1790482267.0956352,567.734,201.831,2788.739,12,True
1790482267.133041,566.864,202.051,2790.474,12,True
1790482267.1638787,563.776,202.284,2789.845,12,True
1790482267.1854448,565.283,202.062,2790.057,12,True
1790482267.200627,569.066,201.998,2792.594,12,True
1790482267.240756,567.027,201.936,2789.363,12,True
1790482267.2730782,566.541,202.152,2791.737,12,True
1790482267.2811944,565.097,202.05,2788.826,12,True
1790482267.338463,571.549,201.761,2792.97,12,True
1790482267.340441,570.9,201.808,2793.812,12,True
1790482267.366164,565.455,201.972,2788.277,12,True
1790482267.4078078,566.393,202.104,2791.574,12,True
1790482267.4245617,565.666,202.145,2790.818,12,True
1790482267.4627104,567.799,201.872,2790.365,12,True
1790482267.4753938,568.372,201.928,2790.833,12,True
1790482267.5117197,566.284,201.949,2788.749,12,True
1790482267.5339324,565.473,201.992,2788.436,12,True
1790482267.569534,569.585,201.862,2791.163,12,True
1790482267.5897417,565.889,201.967,2788.611,12,True
1790482267.6274633,570.285,201.821,2791.673,12,True
1790482267.6636188,567.181,202.028,2790.881,12,True
1790482267.6872318,567.073,202.04,2790.791,12,True
1790482267.7220595,566.784,202.057,2790.894,12,True
1790482267.7358963,567.523,202.11,2791.517,12,True
1790482267.7763371,565.7,202.093,2790.169,12,True
1790482267.812165,568.283,201.884,2791.388,12,True
1790482267.8288546,565.713,201.994,2788.947,12,True
1790482267.8430824,566.077,201.892,2788.213,12,True
1790482267.8808548,567.786,202.011,2790.931,12,True
1790482267.9063451,568.809,201.821,2791.165,12,True
1790482267.9369433,566.205,202.144,2790.868,12,True
1790482267.969553,567.416,202.072,2791.377,12,True
1790482267.9931977,565.31,202.039,2789.19,12,True
1790482268.031937,611.959,197.83,2790.09,12,True
1790482268.043417,601.182,198.777,2788.699,12,True
1790482268.082335,568.669,201.871,2790.638,12,True
1790482268.1061792,565.474,202.224,2791.055,12,True
1790482268.1419463,569.347,201.755,2790.31,12,True
1790482268.1705666,567.66,201.864,2789.464,12,True
1790482268.1939123,566.437,202.0,2789.672,12,True
1790482268.2135053,568.691,202.009,2792.236,12,True
1790482268.2500465,565.011,202.134,2789.774,12,True
1790482268.2938168,570.413,201.982,2793.377,12,True
1790482268.2954075,569.286,202.172,2793.292,12,True
1790482268.350637,571.437,201.908,2794.473,12,True
1790482268.3521636,570.255,201.961,2794.423,12,True
1790482268.3860025,574.338,202.098,2798.835,12,True
1790482268.41721,568.506,201.839,2790.138,12,True
1790482268.4727337,566.06,202.052,2790.544,12,True
1790482268.4915216,565.466,202.026,2788.795,12,True
1790482268.498623,565.179,202.047,2788.76,12,True
1790482268.5133924,566.55,201.894,2788.608,12,True
1790482268.5395403,564.373,201.991,2787.23,12,True
1790482268.5770645,566.77,202.054,2790.858,12,True
1790482268.6493216,569.549,202.129,2794.569,12,True
1790482268.6533327,566.48,202.442,2794.396,12,True
1790482268.654714,562.816,202.435,2789.713,12,True
1790482268.6873896,566.835,202.084,2791.213,12,True
1790482268.7122402,568.076,202.033,2793.275,12,True
1790482268.7439218,565.7,202.03,2789.222,12,True
1790482268.780039,568.41,201.93,2792.556,12,True
1790482268.8026133,565.137,202.109,2790.416,12,True
1790482268.818688,569.036,201.834,2790.106,12,True
1790482268.8566635,568.652,201.994,2792.103,12,True
1790482268.8771996,565.691,202.005,2788.838,12,True
1790482268.9136086,568.862,202.015,2792.327,12,True
1790482268.9460044,566.46,202.039,2790.293,12,True
1790482268.965916,565.763,202.139,2790.473,12,True
1790482269.0044744,568.306,201.865,2789.973,12,True
1790482269.0235758,570.558,201.978,2793.458,12,True
1790482269.059499,564.692,202.177,2789.923,12,True
1790482269.0779464,567.503,201.787,2788.417,12,True
1790482269.1021986,565.147,202.199,2790.698,12,True
1790482269.149249,568.761,202.068,2792.981,12,True
1790482269.1549308,568.898,201.902,2792.284,12,True
1790482269.228421,566.616,202.079,2790.73,12,True
1790482269.2303934,569.03,201.874,2794.765,12,True
1790482269.2604413,572.357,201.919,2794.592,12,True
1790482269.2632778,572.071,201.905,2794.282,12,True
1790482269.298764,565.164,202.12,2789.889,12,True
1790482269.3574593,568.076,202.214,2793.637,12,True
1790482269.3590086,569.0,202.18,2793.107,12,True
1790482269.3879364,566.981,202.158,2792.078,12,True
1790482269.405962,565.825,202.089,2790.115,12,True
1790482269.4479437,568.942,201.91,2792.478,12,True
1790482269.4555004,565.841,202.112,2790.485,12,True
1790482269.5238743,569.448,202.031,2792.884,12,True
1790482269.5253663,567.48,202.159,2791.385,12,True
1790482269.5530136,566.171,202.152,2790.968,12,True
1790482269.5886738,568.058,202.067,2791.824,12,True
1790482269.6084847,570.491,201.951,2793.523,12,True
1790482269.6273108,567.115,201.989,2790.141,12,True
1790482269.6658504,567.616,202.01,2791.062,12,True
1790482269.6834369,565.966,202.061,2789.866,12,True
1790482269.721071,567.211,202.074,2791.359,12,True
1790482269.752559,568.983,201.945,2791.771,12,True
1790482269.7763238,564.911,202.131,2789.677,12,True
1790482269.793944,564.726,202.176,2791.103,12,True
1790482269.8293061,567.713,201.804,2789.543,12,True
1790482269.849864,567.867,201.75,2788.243,12,True
1790482269.8841827,565.3,201.956,2788.293,12,True
1790482269.9248333,567.663,202.065,2791.526,12,True
1790482269.956036,566.597,202.046,2791.884,12,True
1790482269.9753582,565.908,202.031,2789.632,12,True
1790482269.9929852,567.465,202.109,2792.058,12,True
1790482270.0299957,566.376,201.935,2788.944,12,True
1790482270.0642087,567.01,202.032,2790.816,12,True
1790482270.0715177,565.289,202.112,2790.099,12,True
1790482270.1340353,570.215,202.114,2795.222,12,True
1790482270.1357105,567.657,202.479,2794.983,12,True
1790482270.156681,566.203,202.038,2790.263,12,True
1790482270.1987066,565.068,202.147,2790.637,12,True
1790482270.2149694,565.672,202.099,2790.101,12,True
1790482270.2539525,565.853,202.131,2790.914,12,True
1790482270.2668736,566.685,202.127,2791.196,12,True
1790482270.301194,566.707,201.892,2789.153,12,True
1790482270.3255095,566.712,202.141,2791.31,12,True
1790482270.361481,568.425,201.982,2791.614,12,True
1790482270.3802392,565.478,202.049,2790.166,12,True
1790482270.4185805,568.264,201.946,2790.785,12,True
1790482270.4546592,565.119,202.093,2790.752,12,True
1790482270.477835,566.141,202.089,2790.301,12,True
1790482270.5129523,565.267,202.154,2790.525,12,True
1790482270.5259352,567.275,201.955,2789.825,12,True
1790482270.565792,566.92,201.927,2789.152,12,True
1790482270.6012552,565.779,201.991,2788.81,12,True
1790482270.6188967,565.533,202.041,2789.757,12,True
1790482270.6332414,567.282,201.947,2789.829,12,True
1790482270.6709304,566.033,202.036,2789.82,12,True
1790482270.6981325,568.178,202.008,2791.51,12,True
1790482270.728396,567.066,201.964,2791.191,12,True
1790482270.7645438,565.665,202.229,2794.705,12,True
1790482270.7845263,566.058,202.012,2791.055,12,True
1790482270.8229558,566.197,202.131,2790.7,12,True
1790482270.834723,567.987,202.007,2791.034,12,True
1790482270.8717914,569.061,201.725,2789.136,12,True
1790482270.8968427,566.826,202.036,2790.41,12,True
1790482270.9343472,568.79,202.005,2792.069,12,True
1790482270.9643779,567.705,202.182,2793.498,12,True
1790482270.986074,567.448,202.118,2791.874,12,True
1790482271.00324,568.364,201.833,2789.399,12,True
1790482271.04096,567.361,202.005,2790.632,12,True
1790482271.0887418,570.935,202.012,2794.631,12,True
1790482271.090411,570.232,202.224,2794.756,12,True
1790482271.1448917,571.756,201.887,2793.955,12,True
1790482271.146432,570.661,202.111,2793.979,12,True
1790482271.1765308,566.485,202.011,2790.176,12,True
1790482271.2069516,566.009,202.01,2789.457,12,True
1790482271.2634015,566.488,202.055,2790.367,12,True
1790482271.2817142,566.205,202.033,2789.859,12,True
1790482271.2889535,567.431,201.975,2790.098,12,True
1790482271.302733,566.575,201.943,2789.017,12,True
1790482271.3321147,567.792,201.984,2792.31,12,True
1790482271.3684905,567.571,202.014,2791.129,12,True
1790482271.4486792,575.521,202.013,2799.022,12,True
1790482271.4515183,573.474,202.109,2797.949,12,True
1790482271.4541295,575.217,202.057,2799.13,12,True
1790482271.4785085,565.887,202.125,2790.762,12,True
1790482271.503041,567.355,201.989,2790.44,12,True
1790482271.5359478,568.063,202.017,2791.758,12,True
1790482271.5708895,565.476,202.17,2790.563,12,True
1790482271.5911703,566.205,201.909,2788.183,12,True
1790482271.610419,567.229,202.068,2791.46,12,True
1790482271.6463983,568.915,201.707,2789.455,12,True
1790482271.667339,567.189,201.983,2789.887,12,True
1790482271.7065632,568.075,202.014,2792.606,12,True
1790482271.738488,568.254,202.076,2792.162,12,True
1790482271.757215,567.778,202.025,2790.989,12,True
1790482271.7944598,566.439,202.002,2789.635,12,True
1790482271.8124588,566.749,201.884,2788.599,12,True
1790482271.849807,570.098,201.71,2790.015,12,True
1790482271.8676422,566.798,201.971,2789.429,12,True
1790482271.8935025,566.312,202.076,2790.944,12,True
1790482271.9446578,574.101,201.792,2795.079,12,True
1790482271.9468038,567.854,202.115,2791.651,12,True
1790482272.0230517,568.667,202.18,2794.278,12,True
1790482272.0263343,569.125,202.268,2795.625,12,True
1790482272.053596,568.467,202.107,2792.881,12,True
1790482272.055624,567.502,202.228,2792.121,12,True
1790482272.08771,565.499,202.023,2788.655,12,True
1790482272.1502101,569.565,201.966,2792.459,12,True
1790482272.151868,567.245,202.264,2792.363,12,True
1790482272.1780002,566.791,201.989,2789.776,12,True
1790482272.2009695,566.114,202.237,2794.721,12,True
1790482272.2407565,567.157,202.177,2792.417,12,True
1790482272.2431555,565.1,201.949,2787.368,12,True
1790482272.318596,571.031,202.013,2794.446,12,True
1790482272.320343,570.525,202.195,2794.737,12,True
1790482272.3456953,569.088,202.003,2792.331,12,True
1790482272.378192,566.002,202.004,2789.263,12,True
1790482272.3995516,565.569,202.178,2790.746,12,True
1790482272.4180822,568.729,201.904,2790.494,12,True
1790482272.4556851,566.573,202.0,2789.531,12,True
1790482272.4729083,566.543,201.961,2789.15,12,True
1790482272.5158198,568.677,202.067,2794.444,12,True
1790482272.545586,568.302,202.053,2792.726,12,True
1790482272.565669,564.586,202.113,2788.996,12,True
1790482272.5853353,569.393,201.805,2791.107,12,True
1790482272.6208594,567.257,202.023,2791.302,12,True
1790482272.639624,565.965,201.973,2789.433,12,True
1790482272.6738029,566.328,202.001,2789.336,12,True
1790482272.716457,569.176,201.91,2791.319,12,True
1790482272.7457907,566.021,202.049,2789.4,12,True
1790482272.7676983,567.255,202.064,2792.056,12,True
1790482272.783887,566.028,202.129,2790.606,12,True
1790482272.82171,567.033,202.049,2791.425,12,True
1790482272.8567185,567.056,202.187,2792.216,12,True
1790482272.8690073,572.869,202.085,2797.145,12,True
1790482272.9285192,570.451,201.974,2794.163,12,True
1790482272.9299643,569.261,202.031,2794.01,12,True
1790482272.9461832,565.986,202.031,2789.241,12,True
1790482272.9886813,567.406,201.906,2789.638,12,True
1790482273.0036254,565.435,201.971,2788.27,12,True
1790482273.0445158,567.457,201.962,2790.204,12,True
1790482273.0580769,564.831,202.273,2790.923,12,True
1790482273.0924966,567.975,201.902,2790.899,12,True
1790482273.11661,567.767,201.982,2790.811,12,True
1790482273.1524293,567.564,201.975,2790.658,12,True
1790482273.170978,565.304,202.124,2790.383,12,True
1790482273.208853,568.992,201.755,2789.988,12,True
1790482273.2449713,565.627,202.096,2790.018,12,True
1790482273.2701936,566.661,202.066,2792.063,12,True
1790482273.3040977,565.67,202.133,2790.744,12,True
1790482273.3166828,566.613,202.06,2790.517,12,True
1790482273.3541408,565.683,201.931,2788.025,12,True
1790482273.3922617,567.385,202.0,2790.563,12,True
1790482273.4082618,566.508,201.926,2788.934,12,True
1790482273.4252906,567.898,202.007,2791.758,12,True
1790482273.4604347,565.314,202.046,2789.125,12,True
1790482273.4900587,566.838,202.129,2791.56,12,True
1790482273.5197334,566.415,202.12,2790.978,12,True
1790482273.5562677,569.503,201.886,2791.445,12,True
1790482273.5733123,565.54,201.991,2788.464,12,True
1790482273.61334,568.257,201.859,2789.983,12,True
1790482273.6274114,569.715,201.94,2792.36,12,True
1790482273.6609004,565.807,202.009,2788.802,12,True
1790482273.6858532,566.927,201.823,2788.74,12,True
1790482273.7236235,566.205,201.985,2788.998,12,True
1790482273.7568798,566.302,202.157,2792.186,12,True
1790482273.775658,567.95,201.85,2789.337,12,True
1790482273.792184,566.022,201.918,2788.688,12,True
1790482273.831246,571.373,201.576,2789.958,12,True
1790482273.884541,571.2,202.109,2795.482,12,True
1790482273.8861372,570.814,202.221,2795.39,12,True
1790482273.9381075,567.924,202.067,2792.92,12,True
1790482273.9399323,566.767,202.131,2793.231,12,True
1790482273.968983,567.473,202.1,2792.085,12,True
1790482273.9966013,564.917,202.112,2789.306,12,True
1790482274.0533693,567.123,201.917,2789.596,12,True
1790482274.0720708,566.555,202.009,2790.046,12,True
1790482274.0789852,566.996,201.956,2789.819,12,True
1790482274.0922244,566.03,201.995,2789.199,12,True
1790482274.125779,566.751,202.232,2793.38,12,True
1790482274.15896,566.641,202.009,2790.178,12,True
1790482274.245085,576.437,201.679,2796.107,12,True
1790482274.247558,576.978,201.627,2795.82,12,True
1790482274.2530367,573.829,202.133,2798.677,12,True
1790482274.2685835,566.727,201.997,2789.703,12,True
1790482274.2932382,565.212,202.11,2789.839,12,True
1790482274.3257985,565.929,202.052,2789.589,12,True
1790482274.3610442,567.458,201.936,2789.862,12,True
1790482274.3813736,567.466,201.932,2789.945,12,True
1790482274.4014966,569.245,201.858,2790.746,12,True
1790482274.4361534,566.471,201.962,2789.475,12,True
1790482274.455497,563.777,202.084,2787.881,12,True
1790482274.4969935,564.84,202.178,2790.091,12,True
1790482274.5289674,567.047,201.996,2790.153,12,True
1790482274.5468836,567.051,201.925,2789.395,12,True
1790482274.5841641,565.677,202.041,2789.414,12,True
1790482274.6016438,567.635,201.838,2788.857,12,True
1790482274.640572,567.072,202.029,2790.48,12,True
1790482274.6563563,564.612,201.99,2788.467,12,True
1790482274.6841242,565.751,202.088,2790.244,12,True
1790482274.7383697,570.318,201.977,2793.423,12,True
1790482274.740381,570.774,202.047,2793.369,12,True
1790482274.8179326,569.845,202.134,2794.481,12,True
1790482274.820697,570.8,202.119,2794.162,12,True
1790482274.8477514,569.144,202.132,2793.866,12,True
1790482274.8499184,567.647,202.318,2793.926,12,True
1790482274.8758845,563.691,202.096,2787.901,12,True
1790482274.9457567,571.396,202.049,2795.259,12,True
1790482274.9479535,570.096,202.293,2795.748,12,True
1790482274.97052,566.58,202.231,2792.254,12,True
1790482274.989659,566.252,201.902,2788.347,12,True
1790482275.0344226,569.271,202.048,2793.251,12,True
1790482275.0384963,570.455,202.118,2795.051,12,True
1790482275.1154232,571.085,202.212,2796.541,12,True
1790482275.1175392,569.767,202.411,2796.911,12,True
1790482275.1377375,567.663,202.075,2791.687,12,True
1790482275.1688263,565.907,202.133,2790.359,12,True
1790482275.1900089,565.637,202.118,2790.153,12,True
1790482275.207355,565.114,202.048,2788.94,12,True
1790482275.2470875,565.576,202.123,2791.09,12,True
1790482275.2620687,564.813,202.041,2788.917,12,True
1790482275.3092728,568.962,202.053,2793.127,12,True
1790482275.3366454,566.434,202.094,2790.763,12,True
1790482275.3548567,566.246,201.953,2788.839,12,True
1790482275.3736656,564.808,202.012,2787.985,12,True
1790482275.412665,568.208,201.996,2791.426,12,True
1790482275.4284837,564.618,202.078,2788.58,12,True
1790482275.4622393,565.436,201.962,2788.189,12,True
1790482275.505567,566.087,201.965,2788.844,12,True
1790482275.5365248,564.452,202.253,2790.464,12,True
1790482275.55707,565.272,202.039,2789.07,12,True
1790482275.5731087,566.003,201.944,2788.955,12,True
1790482275.6131468,567.443,201.948,2791.157,12,True
1790482275.6464622,565.455,202.071,2789.429,12,True
1790482275.6597939,566.235,202.095,2790.468,12,True
1790482275.7192304,566.899,202.02,2790.378,12,True
1790482275.7211332,566.269,202.195,2790.902,12,True
1790482275.734987,566.346,201.922,2788.582,12,True
1790482275.7776299,564.769,202.052,2788.61,12,True
1790482275.7935574,565.315,202.098,2789.663,12,True
1790482275.8347065,565.613,202.098,2789.838,12,True
1790482275.8473933,565.026,202.071,2788.911,12,True
1790482275.88254,566.323,202.018,2789.744,12,True
1790482275.907919,567.086,202.039,2791.015,12,True
1790482275.9422276,565.066,202.12,2789.517,12,True
1790482275.9611428,565.013,202.153,2789.79,12,True
1790482275.998602,565.047,202.107,2789.469,12,True
1790482276.034544,565.487,202.052,2789.238,12,True
1790482276.0612214,566.733,202.073,2790.67,12,True
1790482276.0944605,565.272,202.127,2789.989,12,True
1790482276.1069489,566.353,202.017,2790.028,12,True
1790482276.1443918,564.651,202.075,2789.926,12,True
1790482276.1822207,566.443,201.991,2789.642,12,True
1790482276.1996481,566.923,201.994,2791.097,12,True
1790482276.2156577,565.052,202.151,2789.89,12,True
1790482276.2501023,567.117,201.897,2789.351,12,True
1790482276.2823248,566.961,202.144,2791.907,12,True
1790482276.3113642,566.691,202.131,2791.344,12,True
1790482276.3459198,566.408,201.979,2789.322,12,True
1790482276.3622558,563.545,202.128,2788.703,12,True
1790482276.4036782,566.062,202.042,2789.986,12,True
1790482276.417692,566.965,201.997,2790.006,12,True
1790482276.4512663,564.523,202.202,2790.053,12,True
1790482276.475921,568.561,201.806,2789.798,12,True
1790482276.5126808,565.453,201.995,2788.754,12,True
1790482276.5471046,565.7,202.101,2789.953,12,True
1790482276.5663083,564.93,202.197,2790.401,12,True
1790482276.5825298,564.441,202.192,2790.031,12,True
1790482276.6233776,567.872,202.042,2791.788,12,True
1790482276.6815188,573.067,201.911,2796.686,12,True
1790482276.6829267,570.847,202.057,2796.408,12,True
1790482276.7326262,576.443,201.413,2794.22,12,True
1790482276.734043,575.122,201.47,2793.855,12,True
1790482276.760496,568.071,202.001,2791.145,12,True
1790482276.7855508,566.794,201.925,2788.691,12,True
1790482276.843526,566.351,202.043,2789.776,12,True
1790482276.8636172,567.001,202.069,2791.245,12,True
1790482276.8678157,564.292,202.086,2788.505,12,True
1790482276.881669,566.069,201.996,2789.166,12,True
1790482276.9179153,565.62,202.233,2791.877,12,True
1790482276.9503033,565.876,202.167,2790.991,12,True
1790482277.04119,575.037,201.773,2795.751,12,True
1790482277.044294,572.177,202.137,2796.528,12,True
1790482277.0463984,569.019,202.115,2793.145,12,True
1790482277.058328,566.386,202.03,2789.454,12,True
1790482277.0826056,566.334,201.961,2789.105,12,True
1790482277.1168292,565.353,202.174,2790.789,12,True
1790482277.150381,565.784,202.022,2789.092,12,True
1790482277.1702278,568.822,201.7,2788.555,12,True
1790482277.1908436,566.167,201.929,2789.066,12,True
1790482277.2256637,565.135,202.089,2789.161,12,True
1790482277.246653,568.62,201.915,2790.877,12,True
1790482277.2875676,565.738,202.1,2790.162,12,True
1790482277.3204331,566.198,202.169,2791.182,12,True
1790482277.3375556,567.006,202.024,2790.384,12,True
1790482277.3749642,565.702,202.094,2790.503,12,True
1790482277.3909097,565.735,201.99,2788.879,12,True
1790482277.4335892,568.622,202.068,2792.653,12,True
1790482277.4473546,566.243,202.038,2790.731,12,True
1790482277.473758,565.36,202.127,2789.272,12,True
1790482277.5348792,573.526,201.934,2796.207,12,True
1790482277.5370739,570.988,202.279,2796.456,12,True
1790482277.6156662,571.855,202.075,2797.463,12,True
1790482277.6176035,569.669,202.133,2796.707,12,True
1790482277.6381872,566.604,202.054,2790.17,12,True
1790482277.639396,565.819,202.128,2789.304,12,True
1790482277.6662116,566.185,202.058,2789.931,12,True
1790482277.7399302,570.605,201.997,2793.844,12,True
1790482277.742756,568.719,202.199,2794.366,12,True
1790482277.7594717,567.608,201.837,2788.711,12,True
1790482277.7792473,565.584,202.042,2789.157,12,True
1790482277.83136,568.799,202.049,2792.595,12,True
1790482277.8327348,572.174,202.008,2798.01,12,True
1790482277.909544,567.423,202.0,2791.59,12,True
1790482277.9108126,569.197,201.959,2795.134,12,True
1790482277.9270513,565.386,202.06,2788.981,12,True
1790482277.9596615,567.748,201.979,2790.555,12,True
1790482277.9801915,565.487,202.054,2789.872,12,True
1790482277.9989598,565.986,202.104,2791.321,12,True
1790482278.0392985,566.728,202.154,2791.689,12,True
1790482278.0519423,565.909,202.068,2789.604,12,True
1790482278.104399,570.409,202.098,2794.792,12,True
1790482278.1281784,566.707,202.102,2791.245,12,True
1790482278.1462667,565.763,202.193,2791.078,12,True
1790482278.1628385,565.444,202.026,2788.844,12,True
1790482278.2041314,566.433,202.038,2791.109,12,True
1790482278.216513,565.33,201.939,2787.792,12,True
1790482278.2540662,567.579,202.057,2791.487,12,True
1790482278.294896,566.041,201.983,2788.982,12,True
1790482278.3270407,565.719,202.115,2790.229,12,True
1790482278.3469458,564.937,202.13,2789.546,12,True
1790482278.3625329,564.72,202.107,2789.144,12,True
1790482278.405753,567.332,202.027,2792.266,12,True
1790482278.4364402,566.643,201.951,2789.615,12,True
1790482278.4489715,565.059,202.074,2788.848,12,True
1790482278.513466,568.972,202.098,2793.953,12,True
1790482278.514939,567.71,202.121,2793.466,12,True
1790482278.5284193,570.758,201.943,2793.11,12,True
1790482278.5676258,565.951,202.043,2789.636,12,True
1790482278.5836604,566.198,202.04,2789.81,12,True
1790482278.6242955,566.162,201.956,2789.262,12,True
1790482278.6379397,564.691,202.117,2790.266,12,True
1790482278.6730056,570.623,201.653,2790.136,12,True
1790482278.6984832,565.527,202.139,2790.21,12,True
1790482278.73285,566.376,202.034,2790.296,12,True
1790482278.7510016,564.082,202.171,2789.536,12,True
1790482278.7877874,570.142,201.594,2788.913,12,True
1790482278.8254042,567.42,201.956,2790.564,12,True
1790482278.8503664,565.251,202.052,2788.81,12,True
1790482278.8835459,566.23,201.948,2788.723,12,True
1790482278.8952496,565.749,201.924,2788.004,12,True
1790482278.9342995,565.943,202.052,2789.58,12,True
1790482278.9713902,565.633,201.989,2788.834,12,True
1790482278.9904578,566.086,202.043,2790.517,12,True
1790482279.0051591,564.538,202.139,2789.202,12,True
1790482279.0403578,565.608,202.086,2789.957,12,True
1790482279.0732784,566.205,202.105,2790.633,12,True
1790482279.1015165,565.25,202.127,2789.808,12,True
1790482279.136555,566.838,202.008,2790.286,12,True
1790482279.1526341,566.797,202.007,2790.093,12,True
1790482279.1932013,566.014,201.995,2789.161,12,True
1790482279.2087045,566.724,202.056,2790.688,12,True
1790482279.24166,566.97,202.007,2790.102,12,True
1790482279.2668517,566.977,202.038,2790.645,12,True
1790482279.3032236,565.099,202.126,2790.114,12,True
1790482279.3384423,565.545,202.186,2790.972,12,True
1790482279.3563762,567.277,201.932,2789.765,12,True
1790482279.3727934,566.393,202.029,2789.958,12,True
1790482279.4154785,569.218,201.943,2791.78,12,True
1790482279.4755392,570.212,202.018,2793.731,12,True
1790482279.4771361,569.108,202.243,2793.837,12,True
1790482279.526384,568.831,202.117,2793.436,12,True
1790482279.528061,567.901,202.339,2793.696,12,True
1790482279.5515409,565.818,202.137,2790.672,12,True
1790482279.5761583,564.233,202.265,2790.328,12,True
1790482279.6338491,567.408,201.92,2789.891,12,True
1790482279.6577783,572.11,201.841,2793.771,12,True
1790482279.6598458,567.524,202.199,2791.807,12,True
1790482279.6733122,564.661,202.084,2791.381,12,True
1790482279.7062507,566.061,201.883,2788.008,12,True
1790482279.7429025,566.988,202.147,2792.3,12,True
1790482279.8360834,571.31,202.003,2794.614,12,True
1790482279.837592,570.992,202.001,2793.06,12,True
1790482279.8392828,570.83,201.949,2792.686,12,True
1790482279.8512595,564.587,202.462,2792.755,12,True
1790482279.8731132,567.481,201.978,2790.259,12,True
1790482279.907813,565.434,202.184,2790.73,12,True
1790482279.9401906,566.009,202.04,2789.58,12,True
1790482279.9606938,566.098,202.014,2790.187,12,True
1790482279.9812272,565.378,202.133,2790.086,12,True
1790482280.0148625,566.634,201.913,2788.841,12,True
1790482280.0372434,566.431,202.039,2790.24,12,True
1790482280.077708,565.362,202.099,2789.705,12,True
1790482280.1106534,565.405,202.129,2789.936,12,True
1790482280.1275241,565.754,202.006,2789.641,12,True
1790482280.164984,564.8,202.157,2789.639,12,True
1790482280.1806738,566.143,202.013,2789.39,12,True
1790482280.2253323,568.263,202.013,2791.446,12,True
1790482280.2370775,567.667,201.875,2789.474,12,True
1790482280.2646089,567.201,201.966,2790.507,12,True
1790482280.3309283,571.175,201.939,2795.686,12,True
1790482280.3328292,569.801,202.009,2795.342,12,True
1790482280.4094646,568.016,202.016,2791.525,12,True
1790482280.4135551,575.04,201.937,2797.655,12,True
1790482280.4319127,568.016,202.137,2793.517,12,True
1790482280.432937,566.14,202.262,2793.168,12,True
1790482280.4555988,566.125,201.996,2789.079,12,True
1790482280.5310335,568.63,201.912,2790.838,12,True
1790482280.5324965,566.298,202.107,2789.533,12,True
1790482280.547094,565.354,201.944,2787.405,12,True
1790482280.5683353,564.368,202.11,2788.775,12,True
1790482280.626238,570.095,202.147,2794.602,12,True
1790482280.6278837,569.912,202.26,2794.828,12,True
1790482280.7008898,567.39,202.049,2791.081,12,True
1790482280.7028449,568.519,202.063,2791.755,12,True
1790482280.7177105,563.849,202.32,2790.281,12,True
1790482280.7508557,565.431,202.218,2790.94,12,True
1790482280.7699916,565.22,202.018,2789.464,12,True
1790482280.7887728,565.031,202.124,2789.497,12,True
1790482280.8304527,566.927,202.08,2790.88,12,True
1790482280.838544,564.636,201.917,2786.401,12,True
1790482280.897117,570.42,201.869,2792.417,12,True
1790482280.9218485,565.555,202.458,2793.335,12,True
1790482280.9352288,566.605,201.902,2788.601,12,True
1790482280.9546397,565.427,202.133,2791.526,12,True
1790482280.9945292,565.941,202.103,2790.128,12,True
1790482281.007107,567.112,201.96,2790.316,12,True
1790482281.0438993,565.534,202.044,2789.471,12,True
1790482281.0845609,564.88,202.116,2789.251,12,True
1790482281.1185613,565.315,202.228,2791.139,12,True
1790482281.137114,566.198,202.056,2789.842,12,True
1790482281.1531315,567.827,201.947,2790.307,12,True
1790482281.1959274,567.244,202.023,2789.899,12,True
1790482281.2251396,564.507,202.061,2788.362,12,True
1790482281.2381017,563.748,202.171,2788.815,12,True
1790482281.3062906,568.027,202.122,2792.556,12,True
1790482281.3080878,567.03,202.338,2792.81,12,True
1790482281.3197427,564.541,202.28,2791.121,12,True
1790482281.3585186,567.09,201.988,2790.6,12,True
1790482281.3742306,566.821,201.988,2790.287,12,True
1790482281.4145198,564.94,202.129,2789.954,12,True
1790482281.426909,565.17,202.029,2788.659,12,True
1790482281.4636433,566.697,201.985,2790.354,12,True
1790482281.4880812,566.375,201.987,2789.256,12,True
1790482281.524152,565.943,202.145,2790.965,12,True
1790482281.5401409,565.494,202.003,2788.764,12,True
1790482281.5777276,565.878,202.044,2789.666,12,True
1790482281.6160386,566.297,202.015,2790.275,12,True
1790482281.6398864,566.886,201.829,2789.223,12,True
1790482281.6734347,565.651,202.053,2789.555,12,True
1790482281.6849122,565.479,202.073,2789.395,12,True
1790482281.7226207,566.269,201.863,2787.996,12,True
1790482281.761386,567.074,201.914,2789.722,12,True
1790482281.780929,567.567,201.924,2790.122,12,True
1790482281.7954726,567.517,201.952,2790.049,12,True
1790482281.8304517,565.189,202.128,2789.809,12,True
1790482281.8641827,566.94,202.018,2790.547,12,True
1790482281.8918798,565.667,202.088,2790.072,12,True
1790482281.9268734,565.95,202.043,2789.983,12,True
1790482281.943161,566.736,202.012,2790.23,12,True
1790482281.982355,565.757,201.972,2788.806,12,True
1790482281.9993854,566.922,202.035,2790.402,12,True
1790482282.0313022,565.754,202.037,2789.34,12,True
1790482282.0576098,567.217,202.006,2790.477,12,True
1790482282.093292,565.565,202.117,2789.782,12,True
1790482282.1285546,566.957,201.965,2789.743,12,True
1790482282.1456761,565.275,202.052,2788.96,12,True
1790482282.1652184,568.844,201.98,2792.09,12,True
1790482282.206536,567.872,201.958,2790.769,12,True
1790482282.2703323,569.567,202.138,2794.486,12,True
1790482282.2721136,569.14,202.302,2794.529,12,True
1790482282.3223917,570.35,202.194,2795.696,12,True
1790482282.3250875,573.021,202.055,2796.748,12,True
1790482282.3448737,568.821,202.004,2792.971,12,True
1790482282.3667562,567.096,201.988,2790.312,12,True
1790482282.4259763,567.531,202.062,2791.745,12,True
1790482282.452713,569.798,202.135,2794.617,12,True
1790482282.4588337,572.242,202.088,2798.693,12,True
1790482282.4642231,565.245,202.148,2790.674,12,True
1790482282.4969134,564.82,202.136,2790.324,12,True
1790482282.532259,568.527,201.74,2788.946,12,True
1790482282.6363375,575.071,202.109,2799.959,12,True
1790482282.6392143,573.828,202.215,2799.513,12,True
1790482282.6442382,582.206,202.064,2806.39,12,True
1790482282.6467366,569.02,202.384,2795.302,12,True
1790482282.6608346,566.895,201.817,2787.516,12,True
1790482282.6987727,565.312,202.124,2790.581,12,True
1790482282.7311027,566.041,202.125,2790.67,12,True
1790482282.751308,566.031,202.09,2790.306,12,True
1790482282.7717192,567.029,201.991,2790.131,12,True
1790482282.8047874,567.248,201.913,2789.512,12,True
1790482282.8265207,564.919,202.07,2788.926,12,True
1790482282.868274,565.27,202.138,2790.193,12,True
1790482282.900096,566.456,201.893,2789.107,12,True
1790482282.9169555,566.303,201.985,2789.165,12,True
1790482282.9546084,564.034,202.189,2789.275,12,True
1790482282.973107,568.688,201.903,2792.153,12,True
1790482283.015746,566.266,202.052,2790.094,12,True
1790482283.026129,566.455,201.947,2788.801,12,True
1790482283.0545294,567.266,201.939,2789.533,12,True
1790482283.1238067,567.82,202.117,2792.515,12,True
1790482283.1255453,566.509,202.35,2792.428,12,True
1790482283.206843,572.221,202.156,2797.082,12,True
1790482283.208578,570.35,202.214,2794.765,12,True
1790482283.2287204,568.581,202.03,2796.611,12,True
1790482283.2299855,568.028,202.405,2796.84,12,True
1790482283.2425442,563.719,202.0,2786.666,12,True
1790482283.323495,567.333,202.139,2792.1,12,True
1790482283.3251405,566.215,202.361,2792.244,12,True
1790482283.3341253,564.389,201.936,2786.77,12,True
1790482283.35798,564.267,202.166,2789.324,12,True
1790482283.4192727,571.58,201.816,2792.753,12,True
1790482283.4222665,570.889,201.965,2794.14,12,True
1790482283.4972248,570.555,202.177,2796.036,12,True
1790482283.4998612,573.353,202.01,2796.496,12,True
1790482283.5137174,567.196,202.325,2795.791,12,True
1790482283.5422413,568.286,201.821,2791.117,12,True
1790482283.5603776,566.49,202.04,2790.056,12,True
1790482283.5796824,567.675,201.946,2790.639,12,True
1790482283.6195745,565.481,202.001,2788.87,12,True
1790482283.6267645,563.062,202.175,2788.027,12,True
1790482283.687777,566.0,202.099,2790.282,12,True
1790482283.7103188,564.788,202.009,2788.159,12,True
1790482283.7241442,564.807,202.075,2788.613,12,True
1790482283.7460406,566.307,202.126,2791.029,12,True
1790482283.7856214,566.163,202.113,2790.794,12,True
1790482283.796992,565.795,202.043,2789.546,12,True
1790482283.833782,566.754,201.949,2789.578,12,True
1790482283.874385,564.853,202.138,2789.463,12,True
1790482283.9087112,568.094,201.886,2789.875,12,True
1790482283.9270856,566.62,201.996,2789.657,12,True
1790482283.9426315,565.493,202.043,2789.213,12,True
1790482283.9885926,567.534,202.137,2792.29,12,True
1790482284.0141616,565.298,202.037,2788.743,12,True
1790482284.0269656,565.724,202.004,2788.603,12,True
1790482284.101826,569.511,202.072,2793.43,12,True
1790482284.1106324,577.108,202.111,2803.896,12,True
1790482284.1162934,565.335,202.563,2796.339,12,True
1790482284.152275,565.586,202.434,2793.471,12,True
1790482284.1645913,565.352,202.117,2790.08,12,True
1790482284.2027416,565.203,201.956,2787.877,12,True
1790482284.2162278,565.197,202.053,2788.988,12,True
1790482284.2549925,565.171,202.205,2791.002,12,True
1790482284.2800279,565.056,202.236,2791.611,12,True
1790482284.314173,566.567,202.009,2789.682,12,True
1790482284.3309715,564.94,202.196,2790.505,12,True
1790482284.3682323,565.251,202.132,2790.204,12,True
1790482284.404955,565.991,201.95,2788.576,12,True
1790482284.4299314,568.917,201.764,2789.673,12,True
1790482284.4644418,565.35,202.164,2790.69,12,True
1790482284.4742362,565.639,202.045,2789.038,12,True
1790482284.5129535,564.716,202.151,2790.053,12,True
1790482284.5543134,568.344,202.072,2792.557,12,True
1790482284.5700326,567.168,201.87,2788.807,12,True
1790482284.5851986,565.739,202.061,2789.483,12,True
1790482284.621075,566.617,201.994,2790.27,12,True
1790482284.6596026,569.375,202.191,2795.083,12,True
1790482284.682021,569.002,201.793,2789.837,12,True
1790482284.7162895,564.943,202.078,2789.024,12,True
1790482284.7337015,563.286,202.355,2790.335,12,True
1790482284.771389,566.587,201.904,2788.68,12,True
1790482284.7905436,568.185,201.939,2790.823,12,True
1790482284.8222425,566.294,202.089,2790.632,12,True
1790482284.8479292,564.885,202.166,2790.026,12,True
1790482284.8834138,563.015,202.25,2789.872,12,True
1790482284.9176545,565.343,202.034,2788.806,12,True
1790482284.9354181,564.787,202.122,2789.372,12,True
1790482284.954534,567.729,201.819,2789.014,12,True
1790482284.9995117,568.776,202.058,2792.672,12,True
1790482285.0651686,570.812,202.018,2794.43,12,True
1790482285.0665674,569.629,202.227,2794.188,12,True
1790482285.1192217,572.065,202.043,2796.489,12,True
1790482285.1212616,570.066,202.08,2795.963,12,True
1790482285.1334753,565.883,201.993,2788.34,12,True
1790482285.1576602,567.183,202.011,2790.601,12,True
1790482285.2171698,565.761,202.114,2790.607,12,True
1790482285.2460089,569.213,202.061,2793.002,12,True
1790482285.2538145,568.883,202.23,2794.757,12,True
1790482285.2556624,565.141,202.337,2791.242,12,True
1790482285.2861626,565.56,201.995,2788.967,12,True
1790482285.3219626,565.108,202.093,2789.366,12,True
1790482285.4329119,573.705,201.944,2796.277,12,True
1790482285.440054,575.553,202.081,2800.597,12,True
1790482285.4416091,571.68,202.065,2797.136,12,True
1790482285.4437902,571.857,202.17,2796.695,12,True
1790482285.4515283,566.348,202.038,2790.508,12,True
1790482285.4883049,565.17,202.082,2789.283,12,True
1790482285.5209124,567.223,201.91,2789.501,12,True
1790482285.544802,565.185,202.248,2793.157,12,True
1790482285.564383,569.457,201.905,2792.311,12,True
1790482285.594357,566.243,201.963,2789.241,12,True
1790482285.6160302,565.91,202.003,2789.143,12,True
1790482285.6580675,565.931,201.998,2789.418,12,True
1790482285.6891162,566.336,201.933,2788.756,12,True
1790482285.7065065,566.289,201.987,2789.299,12,True
1790482285.744921,567.382,201.952,2789.963,12,True
1790482285.7646956,567.968,201.97,2791.211,12,True
1790482285.8066607,567.137,202.017,2790.619,12,True
1790482285.8170614,565.565,202.158,2790.715,12,True
1790482285.8447354,566.689,201.955,2789.89,12,True
1790482285.918124,569.681,202.111,2794.009,12,True
1790482285.9197643,570.476,202.112,2793.811,12,True
1790482286.0041754,572.512,201.946,2795.245,12,True
1790482286.0066738,574.783,202.166,2799.567,12,True
1790482286.0205972,566.126,202.191,2791.689,12,True
1790482286.0212436,565.335,202.197,2790.999,12,True
1790482286.0286863,564.681,201.891,2785.977,12,True
1790482286.1166751,569.802,201.98,2792.886,12,True
1790482286.1180863,568.669,202.175,2792.666,12,True
1790482286.1293814,570.654,202.087,2795.05,12,True
1790482286.1465466,566.912,201.862,2788.299,12,True
1790482286.2130578,570.974,201.933,2793.514,12,True
1790482286.214975,568.591,202.124,2792.499,12,True
1790482286.2964365,576.287,201.949,2798.902,12,True
1790482286.298309,574.173,202.143,2798.242,12,True
1790482286.306964,568.394,202.13,2793.012,12,True
1790482286.3328905,570.446,201.736,2790.32,12,True
1790482286.349357,569.049,201.707,2788.722,12,True
1790482286.3719385,570.973,201.781,2791.889,12,True
1790482286.411058,567.365,202.063,2791.183,12,True
1790482286.417659,565.911,201.939,2790.681,12,True
1790482286.477546,569.217,201.7,2789.418,12,True
1790482286.499503,567.227,201.869,2788.847,12,True
1790482286.514084,564.43,202.059,2789.679,12,True
1790482286.5364985,566.665,201.918,2790.114,12,True
1790482286.5764346,566.009,202.087,2790.492,12,True
1790482286.5854974,565.453,201.954,2788.274,12,True
1790482286.6250122,567.39,201.935,2790.9,12,True
1790482286.6648085,565.621,202.111,2789.988,12,True
1790482286.6986864,564.268,202.186,2789.723,12,True
1790482286.715631,565.62,201.946,2788.166,12,True
1790482286.7338006,566.229,202.116,2790.854,12,True
1790482286.7808914,567.765,202.09,2792.012,12,True
1790482286.8056054,565.345,202.215,2790.917,12,True
1790482286.8145907,563.903,202.038,2787.358,12,True
1790482286.8956578,569.935,202.0,2793.491,12,True
1790482286.9058974,573.687,201.839,2795.02,12,True
1790482286.9090343,567.584,202.128,2792.509,12,True
1790482286.9423337,565.537,202.082,2789.695,12,True
1790482286.9537392,565.358,202.034,2788.873,12,True
1790482286.993505,565.791,202.139,2790.427,12,True
1790482287.0052834,564.731,202.071,2788.717,12,True
1790482287.046283,568.925,201.895,2790.903,12,True
1790482287.0700214,565.756,202.055,2789.651,12,True
1790482287.1045444,565.634,202.131,2790.042,12,True
1790482287.1199322,564.714,202.067,2788.597,12,True
1790482287.1582382,568.915,201.782,2789.689,12,True
1790482287.1948423,564.408,202.193,2789.566,12,True
1790482287.2195961,566.578,201.964,2789.304,12,True
1790482287.2551756,566.0,202.079,2790.306,12,True
1790482287.2666447,566.885,202.194,2792.165,12,True
1790482287.303892,564.798,202.154,2790.66,12,True
1790482287.3451104,568.679,201.843,2790.511,12,True
1790482287.3601708,564.496,202.164,2789.775,12,True
1790482287.3754697,566.6,202.001,2789.644,12,True
1790482287.4126148,566.849,202.098,2791.17,12,True
1790482287.4498172,565.7,202.069,2789.706,12,True
1790482287.4794059,565.916,202.676,2797.136,12,True
1790482287.5065958,565.581,202.017,2790.03,12,True
1790482287.52123,564.757,201.955,2787.297,12,True
1790482287.5608258,564.687,202.089,2789.095,12,True
1790482287.5828424,569.547,201.926,2791.99,12,True
1790482287.6145437,567.618,202.075,2791.986,12,True
1790482287.637253,566.289,201.954,2788.912,12,True
1790482287.6750343,569.928,201.843,2791.341,12,True
1790482287.7074432,564.486,202.161,2789.499,12,True
1790482287.7269275,567.705,202.039,2791.208,12,True
1790482287.745809,568.081,201.958,2790.945,12,True
1790482287.789741,566.884,201.997,2789.928,12,True
1790482287.8588812,568.486,201.971,2791.961,12,True
1790482287.8604076,569.32,201.954,2794.991,12,True
1790482287.9118383,572.49,201.695,2792.347,12,True
1790482287.9141026,570.001,201.971,2792.61,12,True
1790482287.9232612,565.91,202.038,2789.568,12,True
1790482287.9485068,566.295,202.075,2790.551,12,True
1790482288.0083604,567.156,202.028,2790.788,12,True
1790482288.040213,572.608,201.759,2793.854,12,True
1790482288.0495036,566.978,202.114,2793.478,12,True
1790482288.0508137,569.694,202.239,2796.782,12,True
1790482288.0772088,565.402,202.136,2790.779,12,True
1790482288.1123226,566.473,202.02,2790.069,12,True
1790482288.2268882,573.305,201.723,2793.636,12,True
1790482288.2394917,575.366,202.063,2799.198,12,True
1790482288.2431455,576.464,201.947,2799.141,12,True
1790482288.2508295,580.771,202.317,2808.909,12,True
1790482288.2534292,573.69,202.457,2801.673,12,True
1790482288.2787132,567.893,201.917,2790.139,12,True
1790482288.3119,565.545,202.165,2790.734,12,True
1790482288.33403,564.711,202.119,2788.888,12,True
1790482288.3542666,567.582,201.903,2789.586,12,True
1790482288.3852916,565.381,202.125,2790.549,12,True
1790482288.4329872,564.587,204.734,2816.69,12,True
