timestamp,ttft_ms,tpot_ms,total_time_ms,token_count,success
1790482333.2540877,568.45,202.066,2792.511,12,True
1790482333.2796829,564.415,202.183,2789.796,12,True
1790482333.307224,564.996,202.068,2789.308,12,True
1790482333.3373616,565.92,202.17,2790.964,12,True
1790482333.3651948,567.641,202.042,2791.635,12,True
1790482333.3903255,564.457,202.139,2789.454,12,True
1790482333.42046,566.331,202.133,2791.207,12,True
1790482333.4480937,565.44,202.148,2791.019,12,True
1790482333.4770367,606.466,198.542,2791.893,12,True
1790482333.506489,577.627,201.284,2793.182,12,True
1790482333.5302444,567.209,201.952,2789.879,12,True
1790482333.5590215,567.665,202.008,2790.973,12,True
1790482333.586572,566.356,202.094,2790.512,12,True
1790482333.6133692,564.65,202.151,2789.522,12,True
1790482333.6423872,566.234,202.04,2790.608,12,True
1790482333.6707036,565.412,202.26,2791.141,12,True
1790482333.6982803,567.794,201.969,2790.884,12,True
1790482333.725643,567.313,201.992,2790.299,12,True
1790482333.754684,568.228,201.998,2791.2,12,True
1790482333.7822566,567.454,202.077,2791.485,12,True
1790482333.8077946,566.948,201.967,2789.836,12,True
1790482333.836894,566.226,202.077,2790.217,12,True
1790482333.865715,568.642,202.009,2791.943,12,True
1790482333.8941276,567.549,202.082,2791.706,12,True
1790482333.9229531,568.578,202.088,2793.128,12,True
1790482333.948761,566.502,202.054,2791.035,12,True
1790482333.9763188,567.781,202.04,2791.247,12,True
1790482334.0037932,566.569,202.082,2790.654,12,True
1790482334.0615098,595.005,202.127,2819.797,12,True
1790482334.0808258,590.287,201.872,2812.191,12,True
1790482334.0875525,565.755,202.171,2790.752,12,True
1790482334.1156013,566.255,202.165,2791.419,12,True
1790482334.1467078,568.524,202.186,2794.014,12,True
1790482334.1721907,568.608,201.982,2791.729,12,True
1790482334.199031,568.186,201.999,2791.326,12,True
1790482334.2286534,567.792,201.994,2791.084,12,True
1790482334.2550507,567.261,202.092,2791.605,12,True
1790482334.2813892,567.722,201.965,2790.529,12,True
1790482334.3109338,566.323,202.196,2791.758,12,True
1790482334.3368678,567.426,201.99,2790.491,12,True
1790482334.3662076,582.959,200.702,2791.843,12,True
1790482334.3938973,566.239,202.163,2791.185,12,True
1790482334.4223669,568.426,202.07,2792.369,12,True
1790482334.448846,567.373,202.023,2791.056,12,True
1790482334.4781623,567.977,202.113,2792.444,12,True
1790482334.5047743,568.317,201.987,2791.504,12,True
1790482334.5364163,570.694,202.059,2794.836,12,True
1790482334.5607905,566.857,202.098,2791.073,12,True
1790482334.5899768,570.258,201.949,2793.065,12,True
1790482334.615484,566.293,202.087,2790.422,12,True
1790482334.6441095,568.95,201.946,2791.595,12,True
1790482334.6728086,567.765,202.129,2792.465,12,True
1790482334.6995037,568.361,201.959,2791.058,12,True
1790482334.7282789,567.711,202.06,2791.85,12,True
1790482334.7555642,568.725,201.96,2791.355,12,True
1790482334.7972786,583.41,201.931,2805.777,12,True
1790482334.8119054,567.735,202.145,2792.598,12,True
1790482334.8380547,566.431,202.178,2791.577,12,True
1790482334.8691669,570.25,202.067,2794.214,12,True
1790482334.8956275,567.471,202.18,2792.853,12,True
1790482334.94414,590.712,201.91,2813.005,12,True
1790482334.9506762,568.407,202.12,2792.934,12,True
1790482334.9773657,567.618,202.033,2791.329,12,True
1790482335.0061114,567.777,202.085,2791.817,12,True
1790482335.0320785,566.914,202.034,2791.085,12,True
1790482335.0606124,567.455,202.047,2791.184,12,True
1790482335.08862,566.534,202.154,2791.453,12,True
1790482335.1184537,567.622,202.213,2793.122,12,True
1790482335.145387,567.784,202.12,2792.751,12,True
1790482335.1714332,566.89,202.099,2791.283,12,True
1790482335.2072153,570.982,201.994,2794.085,12,True
1790482335.2267206,566.544,202.097,2790.803,12,True
1790482335.2604663,573.03,201.994,2796.557,12,True
1790482335.2861729,569.205,202.088,2793.417,12,True
1790482335.31224,568.0,202.027,2791.748,12,True
1790482335.3379278,566.355,202.134,2790.943,12,True
1790482335.3682187,568.845,202.088,2793.151,12,True
1790482335.3968527,569.234,202.047,2793.257,12,True
1790482335.4229589,569.996,201.905,2792.039,12,True
1790482335.450013,568.238,202.041,2791.887,12,True
1790482335.4797027,569.242,202.007,2792.563,12,True
1790482335.507862,570.803,201.868,2793.45,12,True
1790482335.534449,567.282,202.177,2792.48,12,True
1790482335.5627933,568.322,202.041,2791.926,12,True
1790482335.5903206,568.889,201.999,2792.131,12,True
1790482335.6161582,567.405,202.075,2791.248,12,True
1790482335.6461945,568.615,202.065,2792.447,12,True
1790482335.6724563,566.85,202.108,2791.35,12,True
1790482335.6989977,566.258,202.025,2789.822,12,True
1790482335.7261767,565.833,202.069,2789.978,12,True
1790482335.7563672,567.572,202.051,2791.569,12,True
1790482335.7842684,569.012,202.005,2792.253,12,True
1790482335.812842,568.729,202.108,2793.044,12,True
1790482335.840163,568.412,202.046,2792.267,12,True
1790482335.868764,569.034,202.098,2793.468,12,True
1790482335.8940492,566.298,202.1,2790.619,12,True
1790482335.9257753,569.828,202.094,2794.075,12,True
1790482335.9507976,567.823,202.017,2791.251,12,True
1790482335.978748,566.572,202.175,2791.737,12,True
1790482336.0088482,568.798,202.125,2793.469,12,True
1790482336.04609,566.55,202.125,2791.693,12,True
1790482336.0699146,566.649,202.011,2789.877,12,True
1790482336.0976236,566.069,202.054,2790.039,12,True
1790482336.1284676,565.532,202.144,2790.809,12,True
1790482336.1550362,566.224,202.019,2789.552,12,True
1790482336.1819146,565.91,202.22,2791.307,12,True
1790482336.2107837,565.476,202.123,2790.036,12,True
1790482336.2382054,565.847,202.046,2789.781,12,True
1790482336.2673812,567.254,201.958,2789.966,12,True
1790482336.2978017,566.723,202.103,2791.006,12,True
1790482336.3209116,567.71,201.913,2790.303,12,True
1790482336.3490608,565.599,202.123,2789.663,12,True
1790482336.3776,566.302,202.115,2790.688,12,True
1790482336.4043105,565.143,202.195,2790.647,12,True
1790482336.433397,566.809,202.067,2790.719,12,True
1790482336.4623241,567.049,202.09,2791.293,12,True
1790482336.490411,567.014,202.135,2791.766,12,True
1790482336.5180283,567.255,202.117,2792.134,12,True
1790482336.5451312,565.864,202.107,2790.177,12,True
1790482336.5732667,566.626,202.067,2790.698,12,True
1790482336.597713,564.35,202.179,2789.579,12,True
1790482336.6259577,564.871,202.064,2788.756,12,True
1790482336.6576362,568.21,202.02,2791.584,12,True
1790482336.683033,565.441,202.003,2788.539,12,True
1790482336.714122,566.815,202.028,2790.743,12,True
1790482336.7403457,566.669,202.1,2791.241,12,True
1790482336.7658918,565.743,202.026,2789.257,12,True
1790482336.794244,567.45,201.969,2790.14,12,True
1790482336.8512123,565.973,202.012,2789.29,12,True
1790482336.870857,568.445,201.835,2789.761,12,True
1790482336.8768857,563.791,202.197,2789.132,12,True
1790482336.9055629,567.643,201.893,2789.622,12,True
1790482336.9368982,566.27,202.051,2789.899,12,True
1790482336.9620702,564.776,202.135,2789.535,12,True
1790482336.9881563,565.402,202.049,2788.795,12,True
1790482337.0181527,566.147,201.977,2789.129,12,True
1790482337.0448842,565.743,202.052,2789.466,12,True
1790482337.0701878,570.155,201.574,2788.551,12,True
1790482337.0993927,564.742,202.074,2788.141,12,True
1790482337.1274054,565.843,202.06,2790.298,12,True
1790482337.1560023,565.693,202.061,2789.537,12,True
1790482337.184773,568.436,201.923,2790.542,12,True
1790482337.2119727,566.633,201.96,2789.294,12,True
1790482337.2390103,567.067,201.977,2789.9,12,True
1790482337.2687006,566.063,202.078,2790.248,12,True
1790482337.2949765,566.839,201.987,2789.867,12,True
1790482337.3272574,566.207,202.089,2790.511,12,True
1790482337.35175,566.863,202.051,2790.623,12,True
1790482337.381167,566.618,202.08,2790.846,12,True
1790482337.4058433,566.849,201.996,2790.004,12,True
1790482337.4354854,568.72,201.847,2791.035,12,True
1790482337.4630811,566.989,201.97,2789.817,12,True
1790482337.4914324,565.966,202.203,2791.582,12,True
1790482337.5175982,565.993,201.976,2788.983,12,True
1790482337.5457902,565.721,202.091,2789.884,12,True
1790482337.587943,568.127,201.907,2790.321,12,True
1790482337.6017737,565.494,202.076,2789.533,12,True
1790482337.6282718,567.333,201.926,2789.928,12,True
1790482337.6602337,567.053,202.02,2790.721,12,True
1790482337.686156,566.487,202.046,2790.193,12,True
1790482337.7344527,566.236,202.032,2789.978,12,True
1790482337.7383626,564.736,201.967,2787.45,12,True
1790482337.7699652,567.676,202.112,2792.187,12,True
1790482337.7958899,567.253,201.897,2789.455,12,True
1790482337.822606,565.239,202.14,2790.199,12,True
1790482337.8515866,565.098,202.117,2790.634,12,True
1790482337.8770275,564.52,202.05,2788.077,12,True
1790482337.9087288,565.308,202.106,2789.858,12,True
1790482337.9354036,564.802,202.124,2789.67,12,True
1790482337.9620993,565.248,202.171,2790.339,12,True
1790482337.9980514,567.535,201.955,2790.509,12,True
1790482338.01688,565.349,202.092,2789.805,12,True
1790482338.0485942,564.582,202.001,2787.858,12,True
1790482338.0756462,565.56,202.049,2789.136,12,True
1790482338.102134,565.608,202.058,2789.518,12,True
1790482338.125603,564.448,202.017,2787.428,12,True
1790482338.1587923,567.922,201.926,2790.287,12,True
1790482338.1903045,569.475,202.057,2793.071,12,True
1790482338.2115452,564.882,201.994,2788.206,12,True
1790482338.2406638,567.006,202.013,2790.369,12,True
1790482338.27182,565.442,202.133,2791.813,12,True
1790482338.299552,567.291,202.058,2791.399,12,True
1790482338.3248823,566.252,202.038,2790.13,12,True
1790482338.354628,567.307,202.089,2791.482,12,True
1790482338.3819315,567.246,202.067,2791.25,12,True
1790482338.4048626,564.362,202.065,2788.404,12,True
1790482338.4356937,566.349,201.935,2789.174,12,True
1790482338.4655864,567.162,202.129,2792.585,12,True
1790482338.4901543,565.71,202.148,2790.754,12,True
1790482338.515217,565.561,202.001,2788.657,12,True
1790482338.546331,566.101,202.023,2789.64,12,True
1790482338.5747492,566.425,202.05,2790.197,12,True
1790482338.6035402,566.533,202.043,2790.366,12,True
1790482338.630987,565.685,202.137,2790.479,12,True
1790482338.6593509,566.308,202.066,2790.287,12,True
1790482338.6853442,566.221,202.14,2791.0,12,True
1790482338.7163868,566.476,202.049,2790.263,12,True
1790482338.741895,569.023,201.858,2790.805,12,True
1790482338.7695212,568.256,201.906,2790.487,12,True
1790482338.7996774,566.054,202.216,2790.533,12,True
1790482338.8364208,566.214,202.04,2790.117,12,True
1790482338.861239,566.539,202.077,2790.964,12,True
1790482338.8889194,566.846,202.069,2790.96,12,True
1790482338.918205,567.482,201.911,2789.446,12,True
1790482338.9452665,565.723,202.085,2789.805,12,True
1790482338.9721644,566.34,202.02,2789.905,12,True
1790482339.001881,566.06,202.125,2790.794,12,True
1790482339.030051,566.974,202.108,2791.551,12,True
1790482339.057853,565.071,202.186,2790.164,12,True
1790482339.0881975,565.396,202.116,2790.101,12,True
1790482339.1102812,565.775,202.008,2789.082,12,True
1790482339.1409903,567.179,202.095,2791.584,12,True
1790482339.168688,566.507,202.104,2790.813,12,True
1790482339.1952589,571.149,201.641,2790.544,12,True
1790482339.225156,566.073,202.194,2791.467,12,True
1790482339.2542586,567.012,202.14,2791.671,12,True
1790482339.2816043,566.168,202.11,2790.818,12,True
1790482339.3102672,566.667,202.198,2791.936,12,True
1790482339.3355284,565.772,202.094,2790.109,12,True
1790482339.3658485,567.469,202.155,2792.274,12,True
1790482339.3887064,567.496,201.99,2790.71,12,True
1790482339.4155033,565.231,202.065,2789.26,12,True
1790482339.45119,568.352,202.125,2793.085,12,True
1790482339.4737554,565.322,202.167,2790.348,12,True
1790482339.5043604,565.573,202.064,2789.874,12,True
1790482339.5303392,566.491,201.987,2789.653,12,True
1790482339.556936,565.531,202.164,2790.683,12,True
1790482339.5849721,568.626,201.87,2790.392,12,True
1790482339.6408806,566.569,201.937,2789.352,12,True
1790482339.6607444,566.242,202.018,2789.625,12,True
1790482339.6665912,565.242,201.91,2789.502,12,True
1790482339.6960804,565.59,202.115,2790.174,12,True
1790482339.7262237,563.931,202.171,2789.063,12,True
1790482339.7518,565.751,201.967,2789.383,12,True
1790482339.7777166,564.511,202.149,2789.332,12,True
1790482339.808796,567.777,201.962,2790.312,12,True
1790482339.834722,565.822,202.013,2789.537,12,True
1790482339.8597186,564.774,202.094,2789.226,12,True
1790482339.8891504,566.164,201.995,2789.558,12,True
1790482339.9180894,565.257,202.177,2790.386,12,True
1790482339.9447374,565.165,202.008,2788.432,12,True
1790482339.9738357,565.934,201.986,2788.759,12,True
1790482340.0010824,564.257,202.101,2788.753,12,True
1790482340.0294294,565.03,202.166,2790.137,12,True
1790482340.0591977,565.397,202.132,2790.169,12,True
1790482340.0858326,566.037,202.099,2790.462,12,True
1790482340.1195133,567.205,202.096,2791.953,12,True
1790482340.1422775,565.925,202.051,2790.161,12,True
1790482340.1728117,566.722,202.078,2791.33,12,True
1790482340.1956363,566.858,201.95,2789.455,12,True
1790482340.227439,568.684,201.96,2791.673,12,True
1790482340.2534256,565.876,202.09,2790.001,12,True
1790482340.2823284,566.99,202.028,2790.579,12,True
1790482340.3091571,565.188,202.268,2791.298,12,True
1790482340.3375614,565.613,202.228,2791.441,12,True
1790482340.378812,566.632,202.037,2790.541,12,True
1790482340.391747,565.703,202.074,2789.643,12,True
1790482340.417836,567.287,201.89,2789.193,12,True
1790482340.4505572,565.981,202.058,2789.947,12,True
1790482340.4767118,566.815,201.98,2790.217,12,True
1790482340.5288408,569.047,202.141,2794.099,12,True
1790482340.534094,565.613,202.391,2795.49,12,True
1790482340.5616562,566.217,202.182,2791.389,12,True
1790482340.5857012,565.886,202.021,2789.537,12,True
1790482340.613423,565.767,202.128,2790.428,12,True
1790482340.64293,566.503,202.094,2790.994,12,True
1790482340.6662009,564.955,202.071,2788.853,12,True
1790482340.7008214,566.147,202.118,2791.795,12,True
1790482340.725157,565.945,201.99,2789.399,12,True
1790482340.7525492,564.683,202.178,2790.161,12,True
1790482340.7898855,566.57,202.146,2791.534,12,True
1790482340.8058405,564.223,202.118,2788.638,12,True
1790482340.8377178,565.128,202.046,2788.788,12,True
1790482340.8659508,565.153,202.141,2790.035,12,True
1790482340.8929226,565.883,202.13,2790.447,12,True
1790482340.9137492,565.561,201.926,2787.85,12,True
1790482340.94938,566.658,202.042,2790.308,12,True
1790482340.9802368,566.97,201.978,2789.654,12,True
1790482341.002176,564.886,202.182,2790.256,12,True
1790482341.0312648,565.807,202.084,2790.319,12,True
1790482341.0615356,566.416,201.965,2789.347,12,True
1790482341.0931978,569.212,202.083,2793.341,12,True
1790482341.115905,565.767,201.983,2790.66,12,True
1790482341.147309,565.964,202.155,2792.358,12,True
1790482341.173012,565.632,202.159,2790.778,12,True
1790482341.1950948,565.541,202.085,2789.921,12,True
1790482341.2249138,567.948,201.786,2788.859,12,True
1790482341.2549582,566.131,201.978,2788.968,12,True
1790482341.2799742,566.162,202.02,2789.472,12,True
1790482341.3053246,567.487,201.926,2789.789,12,True
1790482341.3369772,565.929,202.11,2790.294,12,True
1790482341.3664162,567.823,202.02,2791.317,12,True
1790482341.3917682,567.133,201.79,2787.883,12,True
1790482341.4229422,566.196,202.203,2791.572,12,True
1790482341.4496615,567.729,201.914,2789.988,12,True
1790482341.4770758,566.603,202.156,2791.428,12,True
1790482341.5071738,567.054,202.038,2790.44,12,True
1790482341.5323436,566.848,201.98,2790.146,12,True
1790482341.5596576,568.171,201.881,2789.84,12,True
1790482341.5900323,568.513,201.839,2790.037,12,True
1790482341.6283343,566.979,202.111,2791.598,12,True
1790482341.6538985,568.29,202.043,2792.265,12,True
1790482341.6793206,568.437,201.853,2790.064,12,True
1790482341.7094421,566.795,202.072,2790.918,12,True
1790482341.7356653,566.189,202.06,2790.044,12,True
1790482341.7628157,566.959,202.032,2790.315,12,True
1790482341.7904701,566.387,201.95,2788.339,12,True
1790482341.8227262,567.437,202.084,2792.37,12,True
1790482341.8461125,566.589,201.869,2787.976,12,True
1790482341.8797982,567.875,202.015,2791.298,12,True
1790482341.9013948,567.342,202.029,2790.756,12,True
1790482341.9317296,567.681,201.98,2790.469,12,True
1790482341.9585288,566.044,202.054,2789.592,12,True
1790482341.9847715,566.593,201.958,2789.182,12,True
1790482342.015555,566.791,202.013,2790.1,12,True
1790482342.044742,566.655,202.033,2790.215,12,True
1790482342.0715094,566.551,201.994,2789.603,12,True
1790482342.1029005,567.635,202.045,2792.356,12,True
1790482342.1267247,566.386,202.117,2790.786,12,True
1790482342.160502,568.523,202.183,2794.37,12,True
1790482342.1788127,565.678,202.071,2789.708,12,True
1790482342.2056186,565.091,202.129,2789.758,12,True
1790482342.2446282,567.228,202.032,2793.103,12,True
1790482342.2643948,565.995,202.103,2790.352,12,True
1790482342.2941344,565.191,202.094,2789.412,12,True
1790482342.3199258,565.818,202.015,2789.309,12,True
1790482342.3486915,565.339,202.174,2791.395,12,True
1790482342.3758488,567.41,201.965,2790.577,12,True
1790482342.4323113,565.911,202.157,2791.12,12,True
1790482342.4526694,568.189,202.002,2791.548,12,True
1790482342.4565883,567.175,201.953,2789.783,12,True
1790482342.4874384,566.141,202.134,2791.049,12,True
1790482342.5154862,564.863,202.075,2788.884,12,True
1790482342.5426214,565.283,202.107,2790.464,12,True
1790482342.5679824,566.592,202.019,2789.989,12,True
1790482342.596871,564.049,202.063,2787.848,12,True
1790482342.624037,564.09,202.128,2789.012,12,True
1790482342.6495106,565.27,202.098,2789.527,12,True
1790482342.6804502,568.043,201.923,2790.885,12,True
1790482342.709508,567.16,202.066,2791.066,12,True
1790482342.7331052,564.753,202.01,2788.078,12,True
1790482342.765284,567.995,201.977,2791.114,12,True
1790482342.7923732,566.908,202.055,2790.964,12,True
1790482342.8211014,568.022,201.999,2791.344,12,True
1790482342.850684,566.171,202.14,2791.178,12,True
1790482342.87808,567.274,202.112,2791.869,12,True
1790482342.910979,568.578,201.936,2791.096,12,True
1790482342.9321167,565.088,202.102,2789.453,12,True
1790482342.9670732,568.896,202.157,2793.916,12,True
1790482342.985725,565.475,202.1,2789.804,12,True
1790482343.019525,568.226,202.02,2791.771,12,True
1790482343.0424893,564.927,202.057,2788.674,12,True
1790482343.073357,565.938,202.138,2790.735,12,True
1790482343.0985208,565.133,202.066,2789.027,12,True
1790482343.1304204,566.865,202.135,2792.562,12,True
1790482343.1707919,566.193,202.178,2791.54,12,True
1790482343.179458,564.964,201.967,2787.437,12,True
1790482343.2079635,566.332,201.998,2789.782,12,True
1790482343.2428446,567.373,202.102,2791.902,12,True
1790482343.2666125,565.447,202.046,2789.465,12,True
1790482343.3250382,575.149,201.78,2795.902,12,True
1790482343.3306353,571.238,202.048,2796.203,12,True
1790482343.3513176,565.44,202.077,2789.381,12,True
1790482343.3764908,564.951,202.199,2790.492,12,True
1790482343.4049842,565.448,202.233,2791.288,12,True
1790482343.433112,566.565,201.994,2789.799,12,True
1790482343.4568195,565.917,202.072,2790.321,12,True
1790482343.490955,568.692,201.77,2789.833,12,True
1790482343.515829,566.801,201.983,2790.299,12,True
1790482343.5439153,566.473,202.112,2791.067,12,True
1790482343.5823114,566.118,202.251,2792.106,12,True
1790482343.6303005,566.297,204.943,2824.176,12,True
1790482343.6316447,566.783,202.398,2793.684,12,True
1790482343.6565256,567.54,201.984,2790.233,12,True
1790482343.6827016,566.604,201.976,2789.447,12,True
1790482343.702129,565.788,201.932,2788.134,12,True
1790482343.7414584,567.348,202.105,2791.81,12,True
1790482343.7690542,564.466,202.071,2788.526,12,True
1790482343.7923965,565.046,202.135,2789.904,12,True
1790482343.821763,565.188,202.166,2790.199,12,True
1790482343.8525229,568.554,201.86,2790.675,12,True
1790482343.8840363,566.347,202.004,2790.55,12,True
1790482343.9062536,565.624,202.114,2790.054,12,True
1790482343.938448,568.871,201.868,2790.826,12,True
1790482343.9638567,568.795,201.854,2790.548,12,True
1790482343.985798,566.175,202.075,2790.264,12,True
1790482344.0141456,564.674,202.094,2788.865,12,True
1790482344.046511,567.195,202.065,2791.152,12,True
1790482344.0686355,564.154,202.113,2788.374,12,True
1790482344.0954647,565.154,202.141,2789.823,12,True
1790482344.12593,565.966,201.956,2788.663,12,True
1790482344.15662,566.606,202.012,2789.918,12,True
1790482344.1813903,564.521,202.135,2789.307,12,True
1790482344.2139366,566.716,202.058,2790.626,12,True
1790482344.2406971,566.996,202.046,2790.756,12,True
1790482344.268565,566.069,202.176,2791.205,12,True
1790482344.2982771,566.635,202.062,2790.786,12,True
1790482344.3240864,566.838,202.123,2791.423,12,True
1790482344.34878,565.16,202.025,2788.783,12,True
1790482344.379807,567.092,201.866,2789.473,12,True
1790482344.4201384,567.308,202.077,2791.489,12,True
1790482344.4451342,565.508,202.168,2790.858,12,True
1790482344.4710665,566.9,202.117,2791.455,12,True
1790482344.501126,567.839,202.029,2791.364,12,True
1790482344.526732,566.79,202.055,2790.709,12,True
1790482344.5545235,568.318,201.991,2791.369,12,True
1790482344.5792348,564.364,202.051,2788.452,12,True
1790482344.6156807,569.225,202.014,2792.671,12,True
1790482344.637315,566.733,202.079,2790.854,12,True
1790482344.671579,566.944,202.113,2791.502,12,True
1790482344.6917677,565.377,202.123,2790.105,12,True
1790482344.7227194,566.311,202.068,2790.724,12,True
1790482344.7509534,567.02,202.196,2792.158,12,True
1790482344.7760751,566.171,202.12,2790.974,12,True
1790482344.8043501,564.386,202.081,2788.549,12,True
1790482344.8350875,565.499,202.131,2790.013,12,True
1790482344.8633075,568.564,201.954,2791.52,12,True
1790482344.8931427,565.638,202.05,2789.961,12,True
1790482344.9168873,564.88,202.189,2789.889,12,True
1790482344.9526024,567.136,202.129,2791.814,12,True
1790482344.9691005,566.15,202.05,2789.983,12,True
1790482344.9961042,565.379,202.126,2790.14,12,True
1790482345.0373483,568.011,202.107,2792.41,12,True
1790482345.0552392,566.063,202.097,2790.47,12,True
1790482345.084677,567.516,201.922,2790.194,12,True
1790482345.1108644,566.963,202.024,2790.655,12,True
1790482345.140468,568.119,201.976,2791.416,12,True
1790482345.1664157,565.78,202.098,2790.23,12,True
1790482345.224142,567.16,202.076,2791.493,12,True
1790482345.2458847,568.966,202.056,2792.851,12,True
1790482345.2474153,565.627,202.264,2790.622,12,True
1790482345.2784042,566.275,202.104,2790.658,12,True
1790482345.3053148,564.318,202.183,2789.549,12,True
1790482345.333866,564.978,202.245,2790.899,12,True
1790482345.357101,564.725,202.06,2788.847,12,True
1790482345.387585,566.283,202.076,2790.422,12,True
1790482345.4139013,566.165,201.953,2789.547,12,True
1790482345.4393716,564.687,202.138,2789.571,12,True
1790482345.4694355,565.148,202.045,2788.688,12,True
1790482345.4995525,565.068,202.096,2789.751,12,True
1790482345.5225937,566.271,201.973,2789.111,12,True
1790482345.5570073,568.437,201.979,2791.429,12,True
1790482345.5843303,567.687,201.981,2791.567,12,True
1790482345.6127505,570.696,201.74,2791.31,12,True
1790482345.6438117,566.609,202.131,2792.806,12,True
1790482345.6703985,568.383,202.017,2791.93,12,True
1790482345.701413,567.526,201.928,2790.047,12,True
1790482345.722844,566.977,202.061,2790.437,12,True
1790482345.7595756,567.857,202.006,2792.11,12,True
1790482345.776825,565.76,202.094,2790.792,12,True
1790482345.8121033,568.485,201.943,2792.278,12,True
1790482345.8333163,585.718,200.337,2790.567,12,True
1790482345.8658762,565.972,202.238,2792.217,12,True
1790482345.8900373,565.671,202.197,2791.173,12,True
1790482345.9225225,567.744,202.064,2791.806,12,True
1790482345.9624758,567.807,202.032,2791.367,12,True
1790482345.9674222,563.611,202.047,2787.769,12,True
1790482345.9978662,566.937,201.942,2789.522,12,True
1790482346.034098,567.542,201.998,2790.941,12,True
1790482346.0566068,564.895,202.122,2789.644,12,True
1790482346.1182766,570.397,201.915,2792.926,12,True
1790482346.1252658,568.239,202.22,2794.378,12,True
1790482346.1402519,565.323,202.056,2788.701,12,True
1790482346.1649768,566.012,201.944,2788.214,12,True
1790482346.1953607,565.796,202.045,2790.042,12,True
1790482346.2238183,566.791,201.993,2790.337,12,True
1790482346.2491176,568.593,201.981,2791.966,12,True
1790482346.2825687,565.112,202.256,2791.223,12,True
1790482346.30656,564.441,202.246,2790.379,12,True
1790482346.336405,567.415,202.04,2792.104,12,True
1790482346.3723612,566.137,202.036,2789.756,12,True
1790482346.4200683,564.368,202.153,2789.559,12,True
1790482346.4223244,563.544,202.394,2790.548,12,True
1790482346.4445078,563.694,202.112,2787.75,12,True
1790482346.471828,565.121,202.039,2788.823,12,True
1790482346.4908996,568.43,201.73,2788.54,12,True
1790482346.5328274,565.752,202.206,2791.108,12,True
1790482346.5599983,567.203,202.009,2790.642,12,True
1790482346.5821037,565.497,202.066,2789.408,12,True
1790482346.6135838,566.548,202.136,2791.537,12,True
1790482346.6453657,569.414,201.991,2792.528,12,True
1790482346.675501,566.966,202.078,2791.081,12,True
1790482346.6957476,566.647,201.939,2789.174,12,True
1790482346.732468,569.403,202.066,2793.719,12,True
1790482346.753383,565.274,202.049,2789.212,12,True
1790482346.7773645,567.056,201.945,2791.199,12,True
1790482346.8047123,567.151,201.884,2790.287,12,True
1790482346.835336,566.275,201.937,2788.483,12,True
1790482346.85627,565.252,201.908,2787.416,12,True
1790482346.8857222,565.517,202.089,2789.957,12,True
1790482346.9146237,567.276,201.804,2788.343,12,True
1790482346.9464917,568.032,201.826,2789.575,12,True
1790482346.9715328,568.11,201.854,2789.793,12,True
1790482347.0032527,567.134,201.876,2788.93,12,True
1790482347.0326111,566.355,202.143,2791.632,12,True
1790482347.0598648,568.021,201.931,2790.878,12,True
1790482347.087773,566.719,201.957,2789.204,12,True
1790482347.114192,566.148,202.039,2789.802,12,True
1790482347.1384566,566.788,201.958,2789.397,12,True
1790482347.168779,566.038,201.963,2788.636,12,True
1790482347.2104874,566.459,202.028,2790.042,12,True
1790482347.2367547,566.427,202.16,2791.242,12,True
1790482347.2620056,567.904,201.895,2790.563,12,True
1790482347.291737,566.449,202.023,2790.212,12,True
1790482347.316745,566.532,201.945,2789.648,12,True
1790482347.3466449,567.182,202.105,2791.838,12,True
1790482347.3702166,567.426,202.019,2790.665,12,True
1790482347.4066577,566.936,202.04,2790.684,12,True
1790482347.4276578,566.78,201.999,2790.047,12,True
1790482347.4633832,566.363,202.176,2791.493,12,True
1790482347.4833758,566.19,202.185,2791.344,12,True
1790482347.5131636,566.428,202.054,2790.102,12,True
1790482347.5418737,566.203,202.083,2790.557,12,True
1790482347.568905,568.842,202.029,2792.507,12,True
1790482347.5953362,566.013,202.033,2790.631,12,True
1790482347.6260483,566.761,202.053,2790.601,12,True
1790482347.6554022,566.393,202.112,2791.799,12,True
1790482347.6838698,566.574,202.014,2790.431,12,True
1790482347.7074254,565.637,202.017,2790.258,12,True
1790482347.7432647,566.685,202.044,2790.308,12,True
1790482347.7623029,568.538,202.087,2792.827,12,True
1790482347.7881296,567.737,202.062,2791.735,12,True
1790482347.8294656,568.135,202.059,2791.843,12,True
1790482347.8455975,565.086,202.172,2789.997,12,True
1790482347.874819,564.669,202.164,2789.725,12,True
1790482347.9018989,566.865,202.052,2790.757,12,True
1790482347.9327328,566.723,202.161,2791.869,12,True
1790482347.9582121,566.191,202.164,2791.405,12,True
1790482348.0139303,565.231,202.082,2789.468,12,True
1790482348.0388806,567.004,202.081,2791.185,12,True
1790482348.0404937,571.649,202.058,2794.353,12,True
1790482348.0681005,564.931,202.124,2789.41,12,True
1790482348.0946424,566.315,201.932,2788.977,12,True
1790482348.124523,566.559,202.034,2790.306,12,True
1790482348.1480215,567.709,201.964,2790.639,12,True
1790482348.1784854,566.772,202.044,2790.602,12,True
1790482348.2021353,565.36,201.951,2787.98,12,True
1790482348.2297096,565.437,202.11,2790.042,12,True
1790482348.2586083,566.46,201.935,2788.913,12,True
1790482348.28954,565.813,202.057,2789.695,12,True
1790482348.313789,566.583,202.052,2790.876,12,True
1790482348.3486874,569.772,201.951,2791.398,12,True
1790482348.378977,568.219,202.215,2794.161,12,True
1790482348.4035647,566.743,202.018,2790.457,12,True
1790482348.4343321,565.632,202.105,2790.218,12,True
1790482348.4627728,568.137,202.066,2792.074,12,True
1790482348.4914033,566.4,201.974,2789.698,12,True
1790482348.5111673,565.138,201.973,2788.027,12,True
1790482348.5515747,568.886,201.953,2791.695,12,True
1790482348.5662248,565.935,201.993,2789.042,12,True
1790482348.602952,566.886,202.031,2790.504,12,True
1790482348.6251264,567.943,201.946,2791.525,12,True
1790482348.6583924,566.557,202.178,2792.205,12,True
1790482348.6807969,565.323,202.16,2790.387,12,True
1790482348.7131767,566.519,202.062,2790.364,12,True
1790482348.7573826,572.328,201.903,2794.599,12,True
1790482348.7607145,566.992,202.253,2793.058,12,True
1790482348.7872732,566.244,201.962,2788.986,12,True
1790482348.8257997,566.459,202.157,2791.407,12,True
1790482348.8485324,565.898,202.327,2791.567,12,True
1790482348.9096098,567.374,202.013,2790.959,12,True
1790482348.9167228,567.686,202.017,2791.243,12,True
1790482348.9264572,561.989,202.114,2786.02,12,True
1790482348.9539242,565.495,201.999,2788.676,12,True
1790482348.9849124,565.551,202.063,2789.302,12,True
1790482349.0163665,566.425,202.094,2792.253,12,True
1790482349.0391066,566.444,201.999,2789.665,12,True
1790482349.0733051,565.901,202.125,2790.441,12,True
1790482349.09664,565.934,202.051,2789.773,12,True
1790482349.1270547,566.948,201.999,2790.261,12,True
1790482349.1636398,566.076,202.137,2790.92,12,True
1790482349.215327,571.486,202.005,2794.94,12,True
1790482349.2179234,570.317,202.185,2795.407,12,True
1790482349.2320664,565.396,201.881,2787.325,12,True
1790482349.2622325,566.534,201.983,2790.08,12,True
1790482349.2817426,566.037,202.133,2790.582,12,True
1790482349.3242595,565.883,202.192,2791.162,12,True
1790482349.3528843,567.103,202.144,2792.585,12,True
1790482349.3726652,565.129,202.17,2790.253,12,True
1790482349.4040105,565.765,202.097,2790.124,12,True
1790482349.4355805,566.86,201.986,2789.915,12,True
1790482349.4656053,566.84,201.975,2789.748,12,True
1790482349.4860456,565.832,202.092,2790.006,12,True
1790482349.5264666,568.208,202.136,2793.737,12,True
1790482349.5422912,564.903,202.058,2788.575,12,True
1790482349.5673316,566.169,202.036,2789.627,12,True
1790482349.5943155,567.092,201.921,2789.342,12,True
1790482349.6222847,563.438,202.007,2786.724,12,True
1790482349.6435661,564.171,201.962,2787.045,12,True
1790482349.6755633,566.208,202.007,2789.476,12,True
1790482349.704964,567.198,201.955,2789.999,12,True
1790482349.7369316,568.071,201.879,2790.127,12,True
1790482349.7620935,566.68,202.035,2790.21,12,True
1790482349.7953773,567.727,202.065,2791.759,12,True
1790482349.8248625,569.67,201.864,2791.98,12,True
1790482349.8507636,567.956,201.963,2790.572,12,True
1790482349.8774612,565.108,202.088,2789.439,12,True
1790482349.9043465,566.073,202.015,2789.859,12,True
1790482349.9288273,565.996,202.003,2790.096,12,True
1790482349.9604075,565.349,202.246,2791.31,12,True
1790482350.0025587,565.941,202.151,2791.74,12,True
1790482350.027943,565.828,202.145,2790.809,12,True
1790482350.0516913,565.04,202.089,2789.352,12,True
1790482350.0827444,567.375,201.996,2790.692,12,True
1790482350.1077824,572.391,201.464,2790.76,12,True
1790482350.1366796,564.501,202.195,2789.763,12,True
1790482350.1610737,564.272,202.255,2790.542,12,True
1790482350.1960607,566.213,201.96,2789.105,12,True
1790482350.218475,566.699,202.049,2790.457,12,True
1790482350.253926,567.02,201.989,2790.244,12,True
1790482350.2732508,566.127,202.013,2789.56,12,True
1790482350.302107,565.749,201.983,2788.677,12,True
1790482350.3316176,565.899,202.022,2789.416,12,True
1790482350.3622596,568.133,202.106,2793.032,12,True
1790482350.3883736,568.286,202.097,2792.689,12,True
1790482350.4159186,566.367,202.004,2789.583,12,True
1790482350.4456973,565.867,202.081,2789.944,12,True
1790482350.474256,565.769,202.097,2790.05,12,True
1790482350.4985535,566.106,202.154,2790.812,12,True
1790482350.5337715,568.303,201.873,2790.184,12,True
1790482350.5522106,566.297,201.994,2789.533,12,True
1790482350.5784063,568.084,201.881,2789.985,12,True
1790482350.6175396,565.034,201.991,2787.705,12,True
1790482350.633708,566.328,201.849,2787.845,12,True
1790482350.6642108,565.07,202.033,2789.036,12,True
1790482350.6956174,568.23,202.11,2793.343,12,True
1790482350.7246118,565.712,202.187,2791.475,12,True
1790482350.7482646,565.517,202.07,2789.749,12,True
1790482350.8044877,567.442,201.942,2790.257,12,True
1790482350.8324134,572.892,201.724,2793.244,12,True
1790482350.8339276,570.586,201.675,2793.138,12,True
1790482350.8563194,564.076,202.03,2787.967,12,True
1790482350.8856971,566.157,202.106,2790.695,12,True
1790482350.9145782,564.676,202.147,2789.623,12,True
1790482350.9370077,567.218,201.818,2788.704,12,True
1790482350.9705505,567.79,202.058,2791.77,12,True
1790482350.9947782,566.282,202.252,2792.318,12,True
1790482351.0206943,565.768,202.128,2790.604,12,True
1790482351.0503383,569.105,201.901,2791.439,12,True
1790482351.0807583,564.518,202.239,2790.922,12,True
1790482351.1054673,566.706,202.13,2791.29,12,True
1790482351.1414804,571.081,201.843,2792.515,12,True
1790482351.170853,567.988,202.018,2791.436,12,True
1790482351.1953385,568.736,201.936,2791.411,12,True
1790482351.2238226,565.711,202.003,2789.159,12,True
1790482351.2535148,566.615,202.026,2790.448,12,True
1790482351.2812052,566.545,201.978,2789.523,12,True
1790482351.3002188,564.801,202.079,2788.781,12,True
1790482351.3430467,569.81,201.834,2791.092,12,True
1790482351.3551605,567.019,201.86,2788.591,12,True
1790482351.3975542,569.753,202.08,2794.174,12,True
1790482351.4143596,564.636,202.086,2788.907,12,True
1790482351.4496665,567.823,201.989,2790.903,12,True
1790482351.4706488,565.231,202.088,2789.497,12,True
1790482351.5037591,570.311,201.695,2790.258,12,True
1790482351.5494866,568.982,201.972,2791.801,12,True
1790482351.5509946,565.197,202.25,2790.011,12,True
1790482351.5764182,567.325,201.84,2788.861,12,True
1790482351.6182587,566.077,202.248,2792.157,12,True
1790482351.6388044,564.005,202.151,2789.801,12,True
1790482351.70182,569.083,201.95,2791.85,12,True
1790482351.7115428,571.043,201.9,2794.597,12,True
1790482351.7149036,564.793,202.0,2788.22,12,True
1790482351.7446203,567.157,201.987,2790.341,12,True
1790482351.777473,565.594,202.287,2792.271,12,True
1790482351.8065562,565.732,202.089,2789.908,12,True
1790482351.8285818,565.657,202.032,2789.089,12,True
1790482351.8649087,568.089,202.001,2791.258,12,True
1790482351.8872116,566.187,202.073,2790.245,12,True
1790482351.9188478,566.986,202.106,2791.462,12,True
1790482351.9540808,567.076,201.994,2790.136,12,True
1790482352.010092,570.157,202.055,2794.436,12,True
1790482352.0126739,568.951,202.232,2794.549,12,True
1790482352.021476,566.274,201.929,2789.181,12,True
1790482352.0534878,565.436,202.222,2790.976,12,True
1790482352.0732546,567.638,202.053,2791.226,12,True
1790482352.1172328,566.161,202.289,2792.696,12,True
1790482352.1453767,566.845,202.123,2792.196,12,True
1790482352.1643198,566.48,202.137,2791.348,12,True
1790482352.1948266,566.605,202.071,2790.533,12,True
1790482352.2258766,569.024,201.801,2789.969,12,True
1790482352.255193,567.717,201.857,2789.181,12,True
1790482352.2763383,567.734,201.913,2790.017,12,True
1790482352.316952,565.287,202.077,2790.218,12,True
1790482352.3312995,565.014,202.045,2788.693,12,True
1790482352.358065,564.369,202.168,2790.417,12,True
1790482352.385295,568.724,201.886,2790.707,12,True
1790482352.414101,567.257,202.076,2791.408,12,True
1790482352.4346342,566.839,202.07,2790.775,12,True
1790482352.4664445,566.647,202.039,2790.544,12,True
1790482352.4943063,564.717,202.086,2788.989,12,True
1790482352.527208,566.826,201.989,2789.885,12,True
1790482352.5526187,566.794,202.014,2790.147,12,True
1790482352.586682,569.476,201.854,2791.012,12,True
1790482352.6154215,566.366,202.03,2790.277,12,True
1790482352.6413846,566.774,201.986,2790.288,12,True
1790482352.6691885,569.933,201.821,2791.34,12,True
1790482352.6936433,566.893,201.908,2788.991,12,True
1790482352.7200112,568.312,201.925,2790.9,12,True
1790482352.7517037,567.04,202.011,2790.983,12,True
1790482352.7958717,569.522,202.001,2792.865,12,True
1790482352.8190544,566.858,202.053,2790.744,12,True
1790482352.8434613,567.495,202.047,2791.44,12,True
1790482352.8746707,567.695,202.051,2791.594,12,True
1790482352.8978167,565.663,202.098,2789.701,12,True
1790482352.928197,566.773,202.085,2791.173,12,True
1790482352.9542935,566.961,202.144,2792.928,12,True
1790482352.9893675,569.405,202.026,2792.899,12,True
1790482353.0111892,567.823,202.102,2792.272,12,True
1790482353.045364,567.484,202.019,2791.142,12,True
1790482353.0624783,567.553,201.842,2788.911,12,True
1790482353.0919592,566.568,201.979,2789.545,12,True
1790482353.122765,566.426,202.106,2790.859,12,True
1790482353.1536484,567.262,202.041,2791.05,12,True
1790482353.1806784,568.273,202.031,2791.937,12,True
1790482353.2063582,565.323,202.101,2790.159,12,True
1790482353.238146,567.163,202.105,2792.158,12,True
1790482353.2641885,567.686,201.879,2789.58,12,True
1790482353.2875884,566.632,201.913,2788.762,12,True
1790482353.3266373,568.202,202.105,2792.568,12,True
1790482353.3416948,565.77,202.0,2789.137,12,True
1790482353.3664763,564.83,202.001,2787.739,12,True
1790482353.4066668,565.801,201.989,2788.835,12,True
1790482353.4248106,568.914,201.866,2790.746,12,True
1790482353.4537733,565.826,202.015,2789.201,12,True
1790482353.4868016,566.712,202.072,2790.817,12,True
1790482353.516042,566.837,202.073,2791.019,12,True
1790482353.5382526,565.36,202.101,2789.693,12,True
1790482353.5994043,567.218,202.133,2794.552,12,True
1790482353.6291919,573.541,201.955,2796.451,12,True
1790482353.631656,572.93,202.219,2797.425,12,True
1790482353.6470854,565.561,202.16,2790.475,12,True
1790482353.676028,565.666,202.064,2789.955,12,True
1790482353.7045226,566.502,202.0,2789.644,12,True
1790482353.728868,568.51,201.96,2791.48,12,True
1790482353.7606907,568.818,201.794,2789.854,12,True
1790482353.7846408,565.49,202.079,2789.549,12,True
1790482353.8106847,565.705,202.076,2789.685,12,True
1790482353.8422537,569.947,201.819,2791.606,12,True
1790482353.8701375,565.864,202.015,2789.04,12,True
1790482353.8961973,566.432,202.046,2790.323,12,True
1790482353.9334939,569.326,201.935,2791.702,12,True
1790482353.9630275,566.091,202.201,2791.854,12,True
1790482353.9898083,569.466,202.098,2794.103,12,True
1790482354.014119,566.734,202.005,2789.942,12,True
1790482354.0445273,566.627,202.063,2790.686,12,True
1790482354.0717251,565.88,202.047,2790.23,12,True
1790482354.0916371,566.345,202.132,2791.155,12,True
1790482354.1350296,567.548,201.969,2791.617,12,True
1790482354.1436148,565.646,201.954,2788.167,12,True
1790482354.1923156,570.005,202.076,2794.344,12,True
1790482354.2051451,567.276,201.97,2790.532,12,True
1790482354.2420018,567.321,202.131,2792.038,12,True
1790482354.2608385,566.327,202.03,2789.827,12,True
1790482354.2979257,568.043,202.219,2793.815,12,True
1790482354.3461504,569.162,202.198,2794.696,12,True
1790482354.3478057,569.9,202.085,2798.067,12,True
1790482354.3663034,566.391,201.948,2789.533,12,True
1790482354.410589,568.265,202.054,2791.966,12,True
1790482354.4280565,572.017,201.426,2788.911,12,True
1790482354.4921584,566.221,202.065,2790.017,12,True
1790482354.504818,570.49,201.961,2793.039,12,True
1790482354.5067513,567.56,202.132,2791.639,12,True
1790482354.5349886,567.165,201.961,2790.026,12,True
1790482354.5686538,566.666,202.061,2790.851,12,True
1790482354.5995696,566.741,202.106,2792.725,12,True
1790482354.6186552,565.467,202.09,2789.732,12,True
1790482354.6563964,567.759,202.007,2791.205,12,True
1790482354.6778638,566.436,202.073,2790.36,12,True
1790482354.7092826,566.891,202.034,2790.149,12,True
1790482354.74353,565.619,201.944,2789.103,12,True
1790482354.801759,569.674,201.89,2791.396,12,True
1790482354.8030114,567.687,202.037,2790.142,12,True
1790482354.8180013,572.441,202.089,2796.309,12,True
1790482354.8425233,567.963,201.78,2788.744,12,True
1790482354.8644967,570.013,201.805,2790.963,12,True
1790482354.9100692,568.28,202.034,2792.548,12,True
1790482354.9361951,565.677,202.117,2790.538,12,True
1790482354.9562736,566.193,202.18,2791.591,12,True
1790482354.9856143,565.645,202.139,2790.242,12,True
1790482355.01771,566.829,202.042,2791.522,12,True
1790482355.0496137,569.964,202.072,2794.092,12,True
1790482355.0680902,569.102,201.894,2791.468,12,True
1790482355.1093044,569.71,201.921,2792.016,12,True
1790482355.1206782,565.145,202.026,2789.094,12,True
1790482355.1485326,566.922,201.953,2790.102,12,True
1790482355.1769528,568.501,201.951,2791.318,12,True
1790482355.204832,565.591,202.134,2790.442,12,True
1790482355.2244847,564.945,202.112,2789.506,12,True
1790482355.2577515,567.668,201.985,2790.995,12,True
1790482355.2841804,566.004,202.018,2789.51,12,True
1790482355.317686,566.487,202.041,2790.176,12,True
1790482355.341386,565.896,201.932,2788.424,12,True
1790482355.377659,569.006,201.854,2790.681,12,True
1790482355.4073517,567.61,202.051,2791.606,12,True
1790482355.4321196,567.365,201.997,2790.437,12,True
1790482355.460488,568.447,201.916,2790.933,12,True
1790482355.4830568,566.451,201.94,2789.136,12,True
1790482355.5104842,565.507,202.129,2790.212,12,True
1790482355.5424006,565.906,202.082,2790.379,12,True
1790482355.585848,566.542,202.013,2789.711,12,True
1790482355.6097786,566.526,202.018,2790.348,12,True
1790482355.6345477,568.917,201.872,2790.769,12,True
1790482355.6658792,567.972,201.937,2790.884,12,True
1790482355.6871963,565.752,202.002,2788.955,12,True
1790482355.719002,567.167,201.998,2790.499,12,True
1790482355.7468414,567.16,202.118,2792.218,12,True
1790482355.781312,569.376,201.813,2791.649,12,True
1790482355.801976,566.573,202.051,2790.463,12,True
1790482355.8344133,564.421,202.116,2788.766,12,True
1790482355.8528461,568.64,201.795,2790.054,12,True
1790482355.883398,567.352,202.037,2791.157,12,True
1790482355.9134023,566.765,202.039,2790.359,12,True
1790482355.946716,567.766,202.156,2792.762,12,True
1790482355.9736252,567.436,202.149,2792.602,12,True
1790482355.9959078,565.182,202.071,2789.199,12,True
1790482356.0281072,566.828,201.949,2789.604,12,True
1790482356.0539217,566.607,201.972,2789.34,12,True
1790482356.0801735,566.752,202.216,2792.301,12,True
1790482356.1179533,566.656,202.094,2791.009,12,True
1790482356.1320183,564.712,202.19,2789.973,12,True
1790482356.1554885,565.549,202.005,2788.764,12,True
1790482356.1995556,568.55,201.995,2792.423,12,True
1790482356.214797,567.566,201.888,2789.682,12,True
1790482356.2439792,565.914,202.047,2789.848,12,True
1790482356.2807193,568.852,202.13,2793.614,12,True
1790482356.3083792,567.824,202.059,2791.958,12,True
1790482356.3274105,565.711,201.971,2788.861,12,True
1790482356.390879,567.719,201.965,2791.127,12,True
1790482356.426836,572.68,202.131,2797.324,12,True
1790482356.4290133,573.088,202.131,2797.091,12,True
1790482356.4384692,564.098,202.335,2791.138,12,True
1790482356.4674346,567.455,202.028,2790.977,12,True
1790482356.4925644,565.248,201.97,2787.802,12,True
1790482356.5183418,567.231,201.901,2789.223,12,True
1790482356.5499852,565.187,202.078,2789.008,12,True
1790482356.573668,565.546,202.023,2788.786,12,True
1790482356.6019273,566.462,202.14,2790.971,12,True
1790482356.635329,569.899,201.973,2792.786,12,True
1790482356.6598759,564.016,202.165,2789.436,12,True
1790482356.6886153,566.996,202.059,2792.067,12,True
1790482356.7259748,567.06,202.075,2792.201,12,True
1790482356.755442,566.475,202.15,2791.994,12,True
1790482356.7822661,567.56,202.12,2792.078,12,True
1790482356.8044686,568.156,201.877,2790.072,12,True
1790482356.8362691,567.822,202.02,2791.433,12,True
1790482356.861212,566.321,201.96,2789.149,12,True
1790482356.8814492,566.426,201.998,2789.53,12,True
1790482356.927431,567.819,202.07,2792.003,12,True
1790482356.9336748,564.377,202.079,2789.782,12,True
1790482356.985764,568.475,202.103,2793.083,12,True
1790482356.9934113,566.155,201.888,2787.984,12,True
1790482357.0339136,567.761,202.04,2791.571,12,True
1790482357.0519614,564.949,202.203,2790.773,12,True
1790482357.091711,569.294,202.078,2793.47,12,True
1790482357.1404936,569.477,202.095,2794.03,12,True
1790482357.1427205,568.296,202.323,2794.665,12,True
1790482357.1556258,565.377,202.016,2789.001,12,True
1790482357.205504,566.232,202.161,2794.654,12,True
1790482357.2173145,566.726,201.921,2788.96,12,True
1790482357.2824004,565.113,202.136,2789.922,12,True
1790482357.299523,568.152,202.103,2792.564,12,True
1790482357.3009093,569.074,201.962,2795.897,12,True
1790482357.3252406,566.42,202.034,2789.902,12,True
1790482357.358473,566.2,202.003,2789.475,12,True
1790482357.390374,565.545,202.099,2790.512,12,True
1790482357.4099967,565.879,202.171,2790.992,12,True
1790482357.4490228,569.684,201.947,2792.221,12,True
1790482357.466857,566.672,201.847,2788.694,12,True
1790482357.4993014,566.522,201.986,2789.737,12,True
1790482357.5334318,565.806,202.053,2789.572,12,True
1790482357.5955815,569.607,202.05,2793.556,12,True
1790482357.5972242,568.792,202.272,2793.845,12,True
1790482357.6075697,565.293,202.048,2789.388,12,True
1790482357.6332703,566.527,202.06,2790.419,12,True
1790482357.6549072,565.521,202.112,2790.14,12,True
1790482357.7016551,567.427,202.048,2791.255,12,True
1790482357.7251487,565.271,201.976,2788.686,12,True
1790482357.7472289,566.936,202.034,2790.599,12,True
1790482357.7748637,564.631,202.077,2788.939,12,True
1790482357.8092542,566.647,202.111,2791.185,12,True
1790482357.841645,566.675,202.133,2791.716,12,True
1790482357.8611407,568.536,202.067,2792.745,12,True
1790482357.9001641,567.671,201.965,2790.5,12,True
1790482357.91025,564.835,202.087,2789.269,12,True
1790482357.9369326,565.472,201.95,2788.051,12,True
1790482357.9693909,569.439,201.904,2792.128,12,True
1790482357.9949896,565.9,202.057,2789.857,12,True
1790482358.0169137,568.008,202.102,2792.113,12,True
1790482358.0485816,565.492,202.141,2790.515,12,True
1790482358.073623,565.792,202.006,2789.099,12,True
1790482358.1095192,567.383,202.091,2791.534,12,True
1790482358.1307466,565.617,202.004,2789.025,12,True
1790482358.170469,571.217,201.827,2792.516,12,True
1790482358.198209,569.088,201.778,2790.551,12,True
1790482358.221685,565.34,202.064,2789.237,12,True
1790482358.2504518,565.792,202.027,2789.657,12,True
1790482358.272908,565.713,202.032,2789.459,12,True
1790482358.3019989,568.092,201.938,2791.222,12,True
1790482358.331588,566.357,201.939,2788.908,12,True
1790482358.3779767,567.316,202.128,2791.786,12,True
1790482358.4019852,568.237,202.026,2791.863,12,True
1790482358.4252534,566.83,202.037,2790.416,12,True
1790482358.4573379,566.986,202.087,2791.06,12,True
1790482358.4765391,565.016,202.085,2789.045,12,True
1790482358.5142305,570.702,202.071,2794.819,12,True
1790482358.537277,567.346,201.965,2790.105,12,True
1790482358.5737329,567.512,202.13,2792.148,12,True
1790482358.5926714,566.801,202.001,2790.387,12,True
1790482358.6238937,566.731,201.92,2789.217,12,True
1790482358.6428485,566.819,201.98,2789.673,12,True
1790482358.675729,566.006,202.096,2792.047,12,True
1790482358.7032957,565.026,202.095,2789.602,12,True
1790482358.738185,566.384,202.137,2791.167,12,True
1790482358.764946,566.693,202.088,2791.016,12,True
1790482358.7861679,565.337,202.133,2789.983,12,True
1790482358.8208783,566.869,202.202,2792.389,12,True
1790482358.842949,566.501,201.928,2788.725,12,True
1790482358.871908,572.159,201.648,2791.453,12,True
1790482358.9098163,567.077,202.11,2791.558,12,True
1790482358.920941,563.83,202.166,2788.628,12,True
1790482358.944179,566.095,201.889,2788.399,12,True
1790482358.9924355,568.131,202.02,2792.601,12,True
1790482359.005317,569.345,201.763,2790.128,12,True
1790482359.035347,566.041,202.031,2791.064,12,True
1790482359.0754461,570.011,202.088,2794.423,12,True
1790482359.1019263,566.706,202.2,2793.224,12,True
1790482359.1185436,566.422,202.097,2790.785,12,True
1790482359.1820338,566.436,202.061,2790.874,12,True
1790482359.221986,571.958,201.953,2794.831,12,True
1790482359.2259486,572.161,202.128,2796.445,12,True
1790482359.2335305,568.627,202.161,2794.855,12,True
1790482359.257703,568.511,201.834,2789.987,12,True
1790482359.2811892,566.029,201.925,2788.323,12,True
1790482359.3099113,567.69,202.02,2791.232,12,True
1790482359.3395884,566.701,201.95,2789.364,12,True
1790482359.3647513,568.523,201.904,2790.757,12,True
1790482359.3923802,566.595,202.008,2790.173,12,True
1790482359.425412,569.197,201.77,2789.797,12,True
1790482359.4488056,564.945,202.062,2788.611,12,True
1790482359.4789443,567.236,201.953,2790.061,12,True
1790482359.5156465,566.369,201.963,2789.301,12,True
1790482359.5469325,566.784,202.041,2791.199,12,True
1790482359.5737326,567.23,201.991,2791.187,12,True
1790482359.5948162,566.176,202.077,2790.068,12,True
1790482359.6268334,567.967,201.911,2790.259,12,True
1790482359.651681,565.544,202.047,2790.105,12,True
1790482359.670766,566.03,201.982,2789.081,12,True
1790482359.7194543,568.725,201.975,2791.727,12,True
1790482359.725181,567.551,202.069,2791.29,12,True
1790482359.7773266,566.531,202.081,2791.212,12,True
1790482359.7864351,569.198,202.001,2792.801,12,True
1790482359.8260329,570.634,201.817,2791.812,12,True
1790482359.8434215,566.368,202.122,2791.145,12,True
1790482359.883412,569.469,201.866,2791.416,12,True
1790482359.9346228,569.223,202.145,2793.846,12,True
1790482359.936146,568.681,202.217,2793.119,12,True
1790482359.9459622,566.04,202.023,2790.129,12,True
1790482359.9970195,571.439,201.733,2791.269,12,True
1790482360.004448,564.467,201.976,2786.858,12,True
1790482360.0747952,566.345,202.156,2792.036,12,True
1790482360.0932019,568.647,202.008,2793.402,12,True
1790482360.0950584,567.738,202.065,2793.93,12,True
1790482360.1138394,565.008,201.999,2788.349,12,True
1790482360.148396,566.099,202.001,2789.628,12,True
1790482360.1804037,566.229,202.011,2789.736,12,True
1790482360.2020366,569.249,201.936,2791.737,12,True
1790482360.238636,566.41,201.976,2789.279,12,True
1790482360.256156,566.6,201.922,2788.883,12,True
1790482360.2917037,567.419,202.142,2792.104,12,True
1790482360.321952,565.031,201.996,2788.24,12,True
1790482360.3953638,577.238,201.91,2799.465,12,True
1790482360.3970127,574.99,202.221,2799.486,12,True
1790482360.4026108,569.765,202.126,2794.813,12,True
1790482360.4234679,566.513,202.05,2789.865,12,True
1790482360.4483325,570.46,201.935,2792.992,12,True
1790482360.4936614,568.399,202.048,2791.72,12,True
1790482360.515952,566.615,201.991,2790.527,12,True
1790482360.5385277,565.359,202.214,2790.951,12,True
1790482360.5658634,566.128,202.108,2790.675,12,True
1790482360.6025493,567.218,202.158,2792.997,12,True
1790482360.6337748,566.906,202.126,2791.77,12,True
1790482360.6533175,569.167,201.96,2791.888,12,True
1790482360.6923366,569.642,201.925,2791.839,12,True
1790482360.701157,564.825,202.167,2790.66,12,True
1790482360.7249913,565.045,201.943,2787.75,12,True
1790482360.7599335,566.259,202.066,2790.164,12,True
1790482360.7853942,566.595,201.996,2790.031,12,True
1790482360.8069427,566.989,201.953,2789.754,12,True
1790482360.840106,566.826,202.085,2791.221,12,True
1790482360.862542,567.012,201.86,2788.587,12,True
1790482360.9005027,568.062,201.905,2790.688,12,True
1790482360.9215343,566.723,202.05,2790.498,12,True
1790482360.963465,569.438,201.998,2792.71,12,True
1790482360.988075,568.998,201.744,2789.57,12,True
1790482361.013076,567.015,202.082,2791.064,12,True
1790482361.0406063,567.743,201.916,2789.802,12,True
1790482361.0642664,566.098,202.083,2791.056,12,True
1790482361.09226,566.487,202.021,2789.963,12,True
1790482361.1217518,566.57,201.977,2789.889,12,True
1790482361.1684947,567.977,201.92,2790.227,12,True
1790482361.1915321,565.43,202.037,2789.226,12,True
1790482361.2145174,566.778,201.991,2788.989,12,True
1790482361.2481847,565.778,202.106,2790.519,12,True
1790482361.2663074,565.237,202.102,2789.416,12,True
1790482361.3052335,569.022,201.852,2790.694,12,True
1790482361.3276572,566.548,202.029,2790.044,12,True
1790482361.3651462,565.95,202.151,2791.108,12,True
1790482361.383501,566.928,201.996,2790.46,12,True
1790482361.4156897,568.789,201.926,2791.478,12,True
1790482361.430572,565.355,201.916,2787.424,12,True
1790482361.4682207,567.148,202.115,2792.206,12,True
1790482361.4945724,567.365,202.033,2790.961,12,True
1790482361.5295594,567.268,202.051,2791.073,12,True
1790482361.5571413,567.436,202.048,2791.904,12,True
1790482361.57612,566.446,201.995,2789.612,12,True
1790482361.611019,566.733,202.004,2789.856,12,True
1790482361.6329048,565.202,202.056,2789.633,12,True
1790482361.6661787,568.722,202.106,2793.934,12,True
1790482361.7008278,566.641,202.08,2790.673,12,True
1790482361.713985,566.635,201.941,2792.735,12,True
1790482361.7336838,566.185,201.997,2789.216,12,True
1790482361.78109,565.289,202.004,2788.345,12,True
1790482361.7934787,564.767,201.998,2787.763,12,True
1790482361.8254387,565.863,202.067,2789.799,12,True
1790482361.8706672,568.792,202.166,2794.824,12,True
1790482361.893978,570.474,201.851,2791.765,12,True
1790482361.9083824,566.453,201.989,2789.533,12,True
1790482361.9736197,565.842,202.187,2791.291,12,True
1790482362.0179174,570.865,202.099,2795.451,12,True
1790482362.0216339,569.454,202.17,2795.421,12,True
1790482362.0280635,564.025,202.514,2794.31,12,True
1790482362.0463505,566.288,201.911,2788.323,12,True
1790482362.0706718,564.839,202.063,2789.221,12,True
1790482362.1000552,567.693,201.916,2789.846,12,True
1790482362.1301835,566.78,202.017,2790.257,12,True
1790482362.1574054,568.37,202.048,2792.299,12,True
1790482362.1841474,566.85,202.098,2791.472,12,True
1790482362.2160182,564.654,202.125,2790.261,12,True
1790482362.2390015,564.403,202.167,2789.893,12,True
1790482362.2715483,569.78,201.936,2792.261,12,True
1790482362.3057067,565.728,202.06,2789.775,12,True
1790482362.3370602,564.582,202.182,2789.82,12,True
1790482362.3623388,563.583,202.133,2788.333,12,True
1790482362.3864598,566.824,202.097,2791.373,12,True
1790482362.41694,565.884,202.058,2789.753,12,True
1790482362.4421954,565.702,202.123,2790.188,12,True
1790482362.462444,566.334,202.162,2791.378,12,True
1790482362.511435,566.602,202.111,2791.63,12,True
1790482362.5139928,568.66,201.73,2788.599,12,True
1790482362.5681953,564.586,202.244,2790.499,12,True
1790482362.582378,572.009,202.035,2795.696,12,True
1790482362.6166909,567.676,201.967,2790.371,12,True
1790482362.6350935,570.351,201.796,2791.38,12,True
1790482362.675608,569.599,201.912,2791.901,12,True
1790482362.7273226,568.225,202.087,2792.422,12,True
1790482362.7302487,571.024,201.979,2793.884,12,True
1790482362.7373376,566.209,202.106,2791.185,12,True
1790482362.784995,563.649,202.083,2787.749,12,True
1790482362.7931502,564.174,202.082,2788.529,12,True
1790482362.8662992,566.763,202.094,2791.147,12,True
1790482362.8855398,567.538,202.129,2792.065,12,True
1790482362.8875132,567.28,202.227,2792.146,12,True
1790482362.902702,565.548,202.002,2788.601,12,True
1790482362.9405804,566.377,202.18,2791.844,12,True
1790482362.9704075,565.636,202.073,2789.692,12,True
1790482362.9927032,567.21,201.995,2790.39,12,True
1790482363.0289536,566.36,202.023,2789.935,12,True
1790482363.0464103,565.952,202.01,2790.0,12,True
1790482363.0842643,568.122,202.073,2792.278,12,True
1790482363.1102521,567.262,201.778,2787.866,12,True
1790482363.2003996,579.434,202.111,2804.742,12,True
1790482363.202034,572.742,202.152,2799.206,12,True
1790482363.2037234,578.462,202.334,2806.02,12,True
1790482363.217023,566.557,202.306,2793.348,12,True
1790482363.2407317,570.38,201.861,2792.062,12,True
1790482363.2849123,568.203,201.966,2790.971,12,True
1790482363.3053572,565.731,202.035,2789.153,12,True
1790482363.3309908,567.159,202.132,2792.157,12,True
1790482363.3563774,566.723,201.905,2790.155,12,True
1790482363.394583,567.731,202.054,2791.753,12,True
1790482363.424349,565.384,202.122,2790.219,12,True
1790482363.4454927,567.622,202.085,2791.896,12,True
1790482363.4852848,570.919,201.859,2792.636,12,True
1790482363.4923754,566.662,201.927,2790.993,12,True
1790482363.5142522,565.779,201.999,2788.933,12,True
1790482363.5515664,569.361,201.871,2791.318,12,True
1790482363.5771942,565.848,202.177,2791.361,12,True
1790482363.5981543,565.721,202.161,2790.838,12,True
1790482363.6314156,567.267,202.012,2790.906,12,True
1790482363.6525178,564.807,202.134,2789.7,12,True
1790482363.6920013,567.266,201.995,2791.187,12,True
1790482363.7124574,565.725,202.084,2790.628,12,True
1790482363.7571917,568.304,202.166,2793.413,12,True
1790482363.7790656,568.614,201.901,2790.689,12,True
1790482363.8059802,567.749,202.134,2792.611,12,True
1790482363.8318996,565.636,202.176,2790.978,12,True
1790482363.8530028,564.108,202.039,2788.5,12,True
1790482363.8829687,564.263,202.262,2790.42,12,True
1790482363.9124103,566.45,202.052,2790.351,12,True
1790482363.962754,570.379,202.01,2793.917,12,True
1790482363.9813588,565.49,202.057,2789.478,12,True
1790482364.006051,568.103,201.998,2791.188,12,True
1790482364.0386155,566.659,202.003,2790.102,12,True
1790482364.0555797,565.48,202.037,2789.017,12,True
1790482364.0947988,567.22,201.887,2789.204,12,True
1790482364.1178317,565.013,202.159,2789.907,12,True
1790482364.1580148,568.376,202.112,2792.565,12,True
1790482364.1740565,566.3,202.049,2790.201,12,True
1790482364.2093115,567.844,202.19,2793.29,12,True
1790482364.2219555,565.374,202.064,2791.118,12,True
1790482364.2592773,569.032,201.852,2790.735,12,True
1790482364.285997,566.054,202.143,2791.145,12,True
1790482364.3202548,566.522,202.052,2790.406,12,True
1790482364.3474877,564.742,202.101,2790.08,12,True
1790482364.3673894,566.522,201.998,2790.989,12,True
1790482364.4014823,566.984,201.997,2790.079,12,True
1790482364.4227016,565.954,202.015,2789.484,12,True
1790482364.4572694,564.724,202.248,2790.849,12,True
1790482364.4931402,568.154,202.02,2792.025,12,True
1790482364.504345,566.559,202.019,2790.097,12,True
1790482364.523857,566.168,202.034,2789.907,12,True
1790482364.5723584,566.18,202.101,2791.008,12,True
1790482364.5811205,563.966,202.034,2787.35,12,True
1790482364.616896,568.312,201.937,2791.157,12,True
1790482364.663089,567.714,202.06,2792.132,12,True
1790482364.6859636,570.289,201.841,2791.618,12,True
1790482364.698171,566.003,202.026,2789.462,12,True
1790482364.7652361,568.195,201.988,2791.289,12,True
1790482364.8182042,575.951,202.077,2799.997,12,True
1790482364.8222666,575.739,202.07,2800.401,12,True
1790482364.8263621,573.273,202.129,2798.051,12,True
1790482364.8352072,564.471,202.09,2788.626,12,True
1790482364.8597715,566.204,201.945,2788.856,12,True
1790482364.8887818,564.307,202.097,2788.484,12,True
1790482364.9226732,567.762,202.088,2792.199,12,True
1790482364.94984,568.164,202.03,2792.055,12,True
1790482364.9755273,567.28,202.055,2791.064,12,True
1790482365.0056903,566.213,201.962,2789.301,12,True
1790482365.0314136,565.734,202.214,2792.04,12,True
1790482365.065696,567.874,202.225,2793.812,12,True
1790482365.0955508,567.476,201.891,2789.521,12,True
1790482365.1273718,567.352,201.897,2790.011,12,True
1790482365.1531417,565.957,202.102,2790.499,12,True
1790482365.1776016,567.329,202.031,2790.829,12,True
1790482365.2060616,566.393,201.978,2788.835,12,True
1790482365.2316601,564.195,202.175,2789.137,12,True
1790482365.2542784,568.291,201.981,2791.525,12,True
1790482365.3037152,569.005,201.967,2791.891,12,True
1790482365.3052533,567.714,202.114,2791.067,12,True
1790482365.3592093,565.407,202.179,2790.579,12,True
1790482365.3730772,567.626,201.952,2790.393,12,True
1790482365.4093711,569.214,201.989,2792.381,12,True
1790482365.4295762,570.836,202.009,2794.131,12,True
1790482365.4663944,566.734,202.035,2790.517,12,True
1790482365.519178,567.212,202.05,2791.509,12,True
1790482365.5251853,569.551,202.178,2794.718,12,True
1790482365.5269773,566.289,202.062,2789.431,12,True
1790482365.5782535,567.949,202.159,2792.975,12,True
1790482365.589218,571.691,202.103,2795.821,12,True
1790482365.6588047,569.067,202.005,2792.164,12,True
1790482365.6791544,567.889,202.204,2793.329,12,True
1790482365.6807158,566.191,202.414,2792.811,12,True
1790482365.6936057,566.638,202.091,2790.611,12,True
1790482365.7325854,568.879,201.937,2791.62,12,True
1790482365.7614074,567.153,202.009,2790.692,12,True
1790482365.7830846,566.155,202.077,2790.102,12,True
1790482365.8195863,567.409,201.968,2790.325,12,True
1790482365.8350575,564.929,202.029,2788.318,12,True
1790482365.8776004,566.373,202.268,2793.041,12,True
1790482365.8990908,565.784,201.916,2788.491,12,True
1790482366.0042167,577.099,201.875,2800.25,12,True
1790482366.0058606,580.83,201.786,2805.192,12,True
1790482366.0062284,579.751,201.884,2804.01,12,True
1790482366.0167944,573.724,202.071,2799.572,12,True
1790482366.033918,570.908,201.916,2792.938,12,True
1790482366.0763931,567.668,202.016,2791.19,12,True
1790482366.0972698,567.424,202.086,2791.64,12,True
1790482366.124472,566.761,202.243,2793.061,12,True
1790482366.1473668,567.649,201.981,2790.624,12,True
1790482366.1874433,570.443,201.879,2792.526,12,True
1790482366.2141557,565.493,202.075,2789.465,12,True
1790482366.2364323,568.008,201.959,2790.641,12,True
1790482366.2788532,568.725,202.121,2793.233,12,True
1790482366.2853785,568.511,201.856,2792.766,12,True
1790482366.3044546,566.79,201.974,2789.862,12,True
1790482366.3425589,567.989,201.946,2790.614,12,True
1790482366.3682437,566.068,202.111,2790.722,12,True
1790482366.38912,566.302,202.087,2790.6,12,True
1790482366.4225945,566.352,202.123,2790.811,12,True
1790482366.443081,568.267,201.797,2790.241,12,True
1790482366.4816537,568.884,201.749,2789.346,12,True
1790482366.507416,571.609,201.964,2794.663,12,True
1790482366.5490189,568.984,201.899,2791.529,12,True
1790482366.5705354,566.956,202.064,2791.094,12,True
1790482366.5987825,567.271,202.145,2792.503,12,True
1790482366.6251967,567.633,202.162,2792.912,12,True
1790482366.6434994,567.778,201.936,2790.243,12,True
1790482366.6739187,567.97,201.938,2790.571,12,True
1790482366.7051797,567.242,202.125,2792.433,12,True
1790482366.7544243,567.422,202.054,2791.34,12,True
1790482366.7724652,565.826,202.136,2790.799,12,True
1790482366.7980208,567.922,202.038,2791.663,12,True
1790482366.8285382,566.764,201.987,2789.566,12,True
1790482366.8491745,569.284,201.899,2793.218,12,True
1790482366.8858352,570.244,201.739,2790.683,12,True
1790482366.90928,566.617,202.079,2791.162,12,True
1790482366.9490693,565.594,202.14,2790.788,12,True
1790482366.9640777,565.504,202.086,2789.716,12,True
1790482367.0044432,568.797,202.222,2794.776,12,True
1790482367.0091767,563.169,202.083,2787.047,12,True
1790482367.0525763,570.253,201.89,2792.999,12,True
1790482367.0750065,565.154,202.046,2788.68,12,True
1790482367.1098502,565.922,202.052,2789.328,12,True
1790482367.1389964,565.854,202.033,2791.172,12,True
1790482367.157874,565.319,202.135,2790.183,12,True
1790482367.1914887,567.504,201.906,2789.664,12,True
1790482367.2150514,565.242,202.292,2792.087,12,True
1790482367.2500427,569.263,201.992,2792.465,12,True
1790482367.2819796,565.477,202.004,2788.536,12,True
1790482367.294014,568.131,201.832,2789.385,12,True
1790482367.3150525,566.951,202.057,2790.894,12,True
1790482367.3634546,566.713,202.084,2790.806,12,True
1790482367.3710036,564.494,202.145,2789.656,12,True
1790482367.4106498,569.538,202.05,2793.366,12,True
1790482367.4555008,566.691,202.177,2792.007,12,True
1790482367.4770184,570.167,201.769,2790.769,12,True
1790482367.4861603,565.64,201.908,2787.715,12,True
1790482367.553758,563.138,202.172,2788.276,12,True
1790482367.6165242,573.578,202.046,2797.96,12,True
1790482367.6187484,573.625,201.984,2796.286,12,True
1790482367.622345,571.259,202.147,2795.783,12,True
1790482367.626756,565.935,202.221,2791.379,12,True
1790482367.6508036,566.645,202.083,2790.75,12,True
1790482367.6785617,565.714,202.051,2789.528,12,True
1790482367.713766,567.914,201.986,2790.818,12,True
1790482367.74075,566.328,202.114,2790.625,12,True
1790482367.7665305,567.184,202.039,2790.716,12,True
1790482367.7961009,566.259,202.041,2790.133,12,True
1790482367.8212411,566.975,201.932,2789.452,12,True
1790482367.8580632,568.962,201.998,2792.042,12,True
1790482367.8856905,565.083,202.139,2789.777,12,True
1790482367.9175656,567.696,201.903,2789.872,12,True
1790482367.9428043,566.008,202.015,2789.37,12,True
1790482367.9697428,568.55,201.972,2791.765,12,True
1790482367.997535,566.997,202.067,2791.133,12,True
1790482368.02058,565.668,201.971,2788.495,12,True
1790482368.0787838,570.862,204.532,2824.255,12,True
1790482368.095512,569.319,201.934,2791.515,12,True
1790482368.0965242,569.002,201.976,2790.78,12,True
1790482368.1490796,565.777,202.063,2789.537,12,True
1790482368.1639118,567.517,201.999,2790.577,12,True
1790482368.1992385,566.738,201.961,2789.529,12,True
1790482368.2198403,566.254,202.068,2790.002,12,True
1790482368.257375,566.241,202.106,2790.657,12,True
1790482368.3106453,566.83,202.039,2791.171,12,True
1790482368.3201766,574.616,201.622,2794.77,12,True
1790482368.321791,572.272,201.772,2794.632,12,True
1790482368.3693733,566.679,202.076,2790.816,12,True
1790482368.3816144,567.414,202.157,2792.163,12,True
1790482368.4494426,565.968,202.045,2790.363,12,True
1790482368.472651,569.412,202.019,2793.2,12,True
1790482368.474207,568.271,202.256,2793.177,12,True
1790482368.4842594,566.277,202.066,2790.434,12,True
1790482368.5244849,566.761,202.12,2791.575,12,True
1790482368.5521297,566.631,202.027,2790.409,12,True
1790482368.5734112,567.616,201.917,2789.904,12,True
1790482368.6103573,566.293,202.071,2790.432,12,True
1790482368.622871,564.859,201.946,2787.479,12,True
1790482368.66758,566.92,201.96,2789.699,12,True
1790482368.689957,566.14,202.095,2790.496,12,True
1790482368.804175,573.44,202.263,2799.691,12,True
1790482368.80593,569.284,202.167,2798.433,12,True
1790482368.807746,576.149,202.108,2801.308,12,True
1790482368.8105612,565.994,202.236,2793.59,12,True
1790482368.8243468,566.754,202.016,2790.243,12,True
1790482368.868303,568.788,201.922,2791.611,12,True
1790482368.891459,568.361,202.143,2793.892,12,True
1790482368.9146676,568.299,201.873,2789.886,12,True
1790482368.9380105,566.289,202.083,2790.341,12,True
1790482368.9796262,568.664,201.988,2791.81,12,True
1790482369.0042672,566.291,202.021,2789.758,12,True
1790482369.0299888,569.056,202.093,2793.294,12,True
1790482369.0710428,569.875,201.899,2791.903,12,True
1790482369.075453,565.61,202.066,2789.849,12,True
1790482369.092962,565.429,201.997,2788.252,12,True
1790482369.1336098,568.45,201.896,2790.683,12,True
1790482369.1582704,566.038,202.023,2789.73,12,True
1790482369.1787536,567.36,201.89,2789.304,12,True
1790482369.2128565,566.173,202.037,2789.939,12,True
1790482369.2321937,564.72,202.068,2788.796,12,True
1790482369.2713466,566.343,201.961,2789.341,12,True
1790482369.2967405,565.147,202.066,2788.981,12,True
1790482369.3440168,570.818,202.061,2794.71,12,True
1790482369.3610682,567.324,201.968,2790.194,12,True
1790482369.3917816,569.506,202.011,2792.707,12,True
1790482369.4157748,568.038,201.89,2790.268,12,True
1790482369.4327533,565.397,202.028,2788.982,12,True
1790482369.464061,565.754,202.055,2789.775,12,True
1790482369.4956856,565.139,202.173,2790.203,12,True
1790482369.544933,566.928,202.013,2790.219,12,True
1790482369.5622454,566.717,201.961,2789.423,12,True
1790482369.589969,567.099,202.119,2791.559,12,True
1790482369.6180327,565.146,202.064,2789.197,12,True
1790482369.6406882,569.223,201.88,2791.184,12,True
1790482369.6767292,567.639,201.963,2790.522,12,True
1790482369.6995332,565.805,202.094,2789.968,12,True
1790482369.742295,568.725,202.088,2792.893,12,True
1790482369.7521274,565.601,201.897,2787.789,12,True
1790482369.8022716,574.305,202.024,2797.524,12,True
1790482369.8045816,570.372,202.171,2795.178,12,True
1790482369.843619,568.237,201.931,2790.758,12,True
1790482369.8663049,565.147,202.236,2790.952,12,True
1790482369.8987484,563.141,202.122,2788.63,12,True
1790482369.927868,565.299,202.023,2788.522,12,True
1790482369.9481375,564.957,202.161,2789.96,12,True
1790482369.9819973,566.845,202.01,2790.175,12,True
1790482370.0048065,565.963,202.037,2789.35,12,True
1790482370.042989,567.629,202.153,2792.648,12,True
1790482370.072376,566.551,202.016,2790.134,12,True
1790482370.084293,565.677,202.114,2789.98,12,True
1790482370.1045296,565.471,202.014,2789.013,12,True
1790482370.1541722,567.95,201.935,2790.372,12,True
1790482370.1609876,565.655,202.073,2789.615,12,True
1790482370.2051702,568.986,202.174,2794.116,12,True
1790482370.2460208,566.529,202.044,2790.247,12,True
1790482370.2654688,597.623,199.066,2788.21,12,True
1790482370.2738683,590.234,199.687,2787.437,12,True
1790482370.343857,566.698,201.98,2789.763,12,True
1790482370.4106104,570.389,202.03,2793.803,12,True
1790482370.4129632,569.3,202.18,2793.831,12,True
1790482370.4150758,568.512,202.112,2792.544,12,True
1790482370.4222934,567.299,202.252,2795.349,12,True
1790482370.4455564,570.333,202.082,2794.392,12,True
1790482370.4699333,566.306,202.145,2791.096,12,True
1790482370.5054438,566.907,202.133,2791.425,12,True
1790482370.5320857,566.884,202.082,2791.124,12,True
1790482370.5566466,564.688,202.171,2789.819,12,True
1790482370.5877433,568.713,201.941,2791.329,12,True
1790482370.6116056,566.198,202.07,2790.08,12,True
1790482370.6487975,565.722,202.124,2790.431,12,True
1790482370.6741726,565.277,201.974,2788.149,12,True
1790482370.7087822,568.966,201.859,2790.845,12,True
1790482370.7335925,567.052,202.001,2790.485,12,True
1790482370.7600825,565.629,202.09,2789.949,12,True
1790482370.7892437,565.293,202.231,2791.389,12,True
1790482370.8106723,565.801,202.047,2789.793,12,True
1790482370.8685746,564.471,202.144,2789.579,12,True
1790482370.8854008,566.318,202.014,2789.661,12,True
1790482370.886906,565.84,202.201,2790.113,12,True
1790482370.9389026,565.928,202.013,2789.514,12,True
1790482370.9543076,565.843,202.2,2790.105,12,True
1790482370.9902718,567.297,201.961,2790.786,12,True
1790482371.010077,566.165,202.033,2789.975,12,True
1790482371.0503714,567.625,202.123,2792.673,12,True
1790482371.1000276,564.045,202.267,2789.065,12,True
1790482371.1141343,568.99,202.092,2793.708,12,True
1790482371.1156535,566.92,202.015,2793.623,12,True
1790482371.160234,565.877,202.105,2790.523,12,True
1790482371.1724236,566.71,202.05,2790.507,12,True
1790482371.2398715,567.186,201.998,2790.101,12,True
1790482371.264771,567.761,202.076,2791.825,12,True
1790482371.2696433,570.56,202.045,2795.134,12,True
1790482371.2777042,569.888,201.982,2793.249,12,True
1790482371.3179238,566.484,202.226,2793.033,12,True
1790482371.3420165,566.059,202.048,2789.592,12,True
1790482371.363383,566.715,201.975,2789.682,12,True
1790482371.398626,565.352,201.971,2787.944,12,True
1790482371.4121642,566.715,201.924,2789.046,12,True
1790482371.4592578,566.464,202.086,2791.329,12,True
1790482371.479831,567.768,201.874,2789.615,12,True
1790482371.5966513,568.899,202.013,2792.194,12,True
1790482371.604846,572.302,202.115,2796.564,12,True
1790482371.6080205,571.273,202.209,2797.133,12,True
1790482371.6102145,579.293,202.14,2803.822,12,True
1790482371.615663,564.744,202.155,2791.164,12,True
1790482371.6600053,566.145,202.149,2791.342,12,True
1790482371.6826189,568.117,201.966,2790.87,12,True
1790482371.7038105,563.806,202.154,2788.891,12,True
1790482371.7281091,566.156,202.03,2789.822,12,True
1790482371.769322,567.048,201.857,2789.332,12,True
1790482371.7944062,565.112,202.141,2789.813,12,True
1790482371.8226485,567.368,202.16,2792.367,12,True
1790482371.8657515,567.08,201.941,2790.048,12,True
1790482371.8673973,571.893,201.813,2795.968,12,True
1790482371.8818617,564.238,202.132,2788.678,12,True
1790482371.9253082,567.485,202.061,2791.411,12,True
1790482371.948023,565.438,202.065,2789.453,12,True
1790482371.9666417,565.192,201.946,2787.57,12,True
1790482372.0022843,566.13,201.99,2789.111,12,True
1790482372.0233,568.711,201.895,2790.797,12,True
1790482372.062201,565.817,202.115,2790.554,12,True
1790482372.0868409,567.051,201.934,2789.768,12,True
1790482372.1360688,566.432,202.182,2791.763,12,True
1790482372.1499674,564.751,202.046,2788.572,12,True
1790482372.1840963,567.685,202.099,2792.048,12,True
1790482372.2064207,568.01,201.923,2790.328,12,True
1790482372.2253697,570.3,201.881,2792.259,12,True
1790482372.254439,566.97,202.007,2790.106,12,True
1790482372.2878447,567.794,202.084,2791.864,12,True
1790482372.3384643,568.291,202.159,2793.249,12,True
1790482372.3505268,565.048,201.969,2788.016,12,True
1790482372.380547,565.781,202.097,2790.286,12,True
1790482372.4082131,565.584,202.067,2789.677,12,True
1790482372.432307,566.88,202.102,2791.323,12,True
1790482372.4671874,566.769,202.006,2790.047,12,True
1790482372.490349,564.708,202.178,2790.524,12,True
1790482372.5335224,568.709,201.927,2790.957,12,True
1790482372.5422802,566.607,202.035,2789.927,12,True
1790482372.594798,569.569,201.957,2792.267,12,True
1790482372.596313,568.407,202.099,2791.55,12,True
1790482372.6346614,565.475,202.193,2790.739,12,True
1790482372.6557233,565.216,202.054,2789.148,12,True
1790482372.690851,566.342,202.164,2791.756,12,True
1790482372.716536,564.439,202.047,2788.446,12,True
1790482372.737061,565.008,202.044,2788.662,12,True
1790482372.7734663,568.49,201.868,2791.183,12,True
1790482372.7946186,564.975,202.14,2789.584,12,True
1790482372.8346386,566.994,202.099,2791.265,12,True
1790482372.8635483,566.438,202.1,2790.832,12,True
1790482372.8734272,566.227,201.948,2788.916,12,True
1790482372.8950574,566.157,202.098,2790.242,12,True
1790482372.9457676,566.877,202.11,2791.316,12,True
1790482372.9519126,565.239,202.01,2790.697,12,True
1790482372.9993823,568.277,202.085,2793.912,12,True
1790482373.0360558,567.95,201.889,2789.688,12,True
1790482373.0531163,565.133,201.921,2787.451,12,True
1790482373.0615144,562.803,202.137,2787.432,12,True
1790482373.1335037,565.76,202.015,2789.316,12,True
1790482373.2073247,571.16,202.181,2796.405,12,True
1790482373.2090802,570.354,202.303,2795.922,12,True
1790482373.211468,572.164,202.105,2796.161,12,True
1790482373.2156556,569.591,201.95,2792.976,12,True
1790482373.2361002,566.537,202.064,2790.267,12,True
1790482373.2586741,565.169,202.024,2788.435,12,True
1790482373.297504,568.109,202.035,2791.764,12,True
1790482373.3225381,565.621,202.122,2790.167,12,True
1790482373.3488333,567.914,202.053,2791.882,12,True
1790482373.380056,567.241,201.982,2792.015,12,True
1790482373.4012725,566.897,201.94,2789.39,12,True
1790482373.4399233,567.364,201.947,2790.841,12,True
1790482373.4633782,564.315,202.088,2788.907,12,True
1790482373.4989564,566.353,201.998,2789.853,12,True
1790482373.524323,565.176,202.173,2790.406,12,True
1790482373.5494108,566.389,201.95,2788.965,12,True
1790482373.5826364,568.068,202.036,2793.093,12,True
1790482373.6025982,566.936,202.075,2791.635,12,True
1790482373.661671,568.139,202.087,2792.781,12,True
1790482373.6790915,569.348,202.072,2793.389,12,True
1790482373.6808026,568.355,202.293,2793.641,12,True
1790482373.727796,564.267,202.097,2788.518,12,True
1790482373.7439344,564.373,202.146,2789.328,12,True
1790482373.7813873,565.784,202.018,2790.849,12,True
1790482373.8014436,567.741,201.984,2791.045,12,True
1790482373.842055,568.192,201.969,2791.356,12,True
1790482373.890965,566.521,201.92,2790.604,12,True
1790482373.909349,570.125,202.094,2794.909,12,True
1790482373.912693,569.808,202.301,2796.741,12,True
1790482373.9490767,565.661,201.972,2788.545,12,True
1790482373.9643264,566.116,202.191,2791.615,12,True
1790482374.030699,566.501,202.068,2790.546,12,True
1790482374.0552883,568.963,201.83,2790.191,12,True
1790482374.0603368,565.467,202.15,2790.47,12,True
1790482374.0647907,562.736,202.038,2786.943,12,True
1790482374.1124988,568.415,202.114,2794.249,12,True
1790482374.1321495,565.678,202.025,2789.822,12,True
1790482374.1524434,565.466,201.99,2788.772,12,True
1790482374.188951,566.659,202.02,2790.042,12,True
1790482374.204675,568.844,201.986,2792.183,12,True
1790482374.2479582,566.282,201.888,2788.34,12,True
1790482374.268359,564.298,201.988,2788.307,12,True
1790482374.3881955,566.952,202.089,2791.267,12,True
1790482374.4014034,572.737,202.029,2796.216,12,True
1790482374.4027884,571.365,202.103,2794.558,12,True
1790482374.4151378,575.395,202.303,2804.699,12,True
1790482374.416217,572.689,202.307,2800.384,12,True
1790482374.4514465,567.82,201.976,2791.119,12,True
1790482374.472164,565.786,202.014,2789.222,12,True
1790482374.4936063,565.087,202.099,2789.508,12,True
1790482374.5199194,568.15,202.028,2791.499,12,True
1790482374.5595014,567.335,201.936,2789.799,12,True
1790482374.5848327,571.868,201.574,2790.153,12,True
1790482374.6208723,566.352,202.765,2797.891,12,True
1790482374.6574388,568.912,201.949,2791.429,12,True
1790482374.659198,568.216,202.075,2791.427,12,True
1790482374.6695812,564.804,201.984,2787.492,12,True
1790482374.7191923,568.489,201.993,2793.476,12,True
1790482374.7374852,565.53,202.055,2789.177,12,True
1790482374.756229,564.643,202.161,2789.272,12,True
1790482374.791723,566.023,201.982,2789.129,12,True
1790482374.8152108,567.019,202.121,2791.576,12,True
1790482374.853209,568.124,201.847,2790.683,12,True
1790482374.8775637,563.776,202.285,2790.454,12,True
1790482374.927879,568.171,201.983,2791.497,12,True
1790482374.9393225,568.473,201.741,2789.016,12,True
1790482374.9765136,567.24,202.116,2792.128,12,True
1790482374.996762,568.705,201.852,2790.005,12,True
1790482375.0158277,566.856,202.008,2790.125,12,True
1790482375.043993,565.439,202.055,2789.283,12,True
1790482375.078996,565.209,202.204,2790.861,12,True
1790482375.12935,565.889,202.084,2790.633,12,True
1790482375.138719,566.248,201.877,2787.884,12,True
1790482375.1728554,567.631,202.082,2792.001,12,True
1790482375.1978068,565.872,202.012,2789.24,12,True
1790482375.223271,568.692,201.88,2790.56,12,True
1790482375.2575486,565.621,202.096,2790.051,12,True
1790482375.2839952,569.246,202.061,2793.27,12,True
1790482375.3262076,568.397,202.075,2792.433,12,True
1790482375.3334296,566.226,201.904,2790.922,12,True
1790482375.3894727,570.978,202.037,2794.391,12,True
1790482375.3908968,569.772,202.209,2794.13,12,True
1790482375.4246032,565.538,202.08,2789.607,12,True
1790482375.445756,565.825,201.979,2789.767,12,True
1790482375.4866657,568.941,202.272,2795.472,12,True
1790482375.5076609,565.978,202.159,2790.826,12,True
1790482375.5306811,568.345,202.141,2793.33,12,True
1790482375.5653486,566.296,202.174,2791.597,12,True
1790482375.5864341,564.177,202.348,2791.564,12,True
1790482375.6260426,568.188,201.974,2791.114,12,True
1790482375.6534715,565.799,202.066,2789.592,12,True
1790482375.6617842,566.028,201.917,2788.073,12,True
1790482375.6872866,566.251,202.214,2791.779,12,True
1790482375.738379,566.877,202.187,2792.13,12,True
1790482375.7406983,566.144,201.965,2788.549,12,True
1790482375.7938018,565.725,202.279,2794.133,12,True
1790482375.8243327,564.262,201.963,2787.98,12,True
1790482375.8444376,568.454,201.952,2791.06,12,True
1790482375.8500767,563.891,202.132,2788.371,12,True
1790482375.9239025,566.348,202.008,2790.008,12,True
1790482376.0013993,567.988,202.035,2791.842,12,True
1790482376.0038838,572.821,202.053,2796.294,12,True
1790482376.0067964,571.839,201.968,2795.153,12,True
1790482376.0143023,569.522,202.522,2798.473,12,True
1790482376.0228193,567.415,201.685,2786.527,12,True
1790482376.0483453,566.03,201.888,2789.459,12,True
1790482376.0896213,568.037,202.039,2791.774,12,True
1790482376.1143303,567.237,202.043,2791.362,12,True
1790482376.1380503,567.955,201.798,2788.895,12,True
1790482376.1709776,565.824,202.073,2790.638,12,True
1790482376.1934526,565.795,202.25,2791.845,12,True
1790482376.2310565,567.667,201.997,2790.859,12,True
1790482376.2530434,565.524,202.028,2789.334,12,True
1790482376.291398,568.02,202.047,2791.975,12,True
1790482376.3152509,565.267,202.178,2790.556,12,True
1790482376.339478,565.657,202.058,2789.723,12,True
1790482376.3717153,566.669,201.895,2788.767,12,True
1790482376.3914204,564.674,202.056,2788.579,12,True
1790482376.453673,567.474,202.101,2791.713,12,True
1790482376.4737773,570.881,202.03,2794.265,12,True
1790482376.4753637,568.752,202.313,2794.294,12,True
1790482376.5168147,565.45,202.014,2788.68,12,True
1790482376.5348094,566.681,202.034,2790.555,12,True
1790482376.5723636,567.724,201.972,2790.683,12,True
1790482376.5950675,568.793,202.116,2793.304,12,True
1790482376.6365528,571.489,201.925,2794.109,12,True
1790482376.6799574,566.75,201.888,2788.595,12,True
1790482376.7057116,572.582,202.002,2796.045,12,True
1790482376.7081347,571.277,202.079,2795.206,12,True
1790482376.7398565,566.503,202.007,2790.492,12,True
1790482376.754922,565.879,202.083,2790.201,12,True
1790482376.821448,565.61,202.168,2790.467,12,True
1790482376.8450744,567.982,201.844,2789.55,12,True
1790482376.8515902,565.755,202.18,2791.029,12,True
1790482376.8531287,564.347,202.138,2788.157,12,True
1790482376.90402,566.704,202.1,2791.179,12,True
1790482376.9213688,565.712,202.008,2788.9,12,True
1790482376.9415863,565.183,202.024,2788.803,12,True
1790482376.9782693,566.041,202.0,2789.05,12,True
1790482376.998425,570.866,201.891,2793.326,12,True
1790482377.0393784,568.971,201.85,2791.122,12,True
1790482377.057823,565.995,202.006,2789.128,12,True
1790482377.1777737,566.416,201.959,2789.294,12,True
1790482377.2004802,577.24,201.842,2798.799,12,True
1790482377.2028828,577.493,201.941,2799.798,12,True
1790482377.2118344,571.052,202.023,2796.512,12,True
1790482377.21315,571.083,202.005,2796.775,12,True
1790482377.2417684,566.188,202.081,2790.019,12,True
1790482377.2615352,565.533,202.023,2789.126,12,True
1790482377.2830293,564.935,202.1,2789.176,12,True
1790482377.3088133,566.267,201.941,2788.664,12,True
1790482377.3493726,565.577,202.087,2789.557,12,True
1790482377.374537,566.227,201.986,2789.411,12,True
1790482377.409536,567.854,201.769,2788.414,12,True
1790482377.4490156,567.534,202.035,2791.334,12,True
1790482377.450443,566.067,202.245,2790.835,12,True
1790482377.4609697,567.521,202.072,2791.135,12,True
1790482377.5094733,566.551,202.026,2789.989,12,True
1790482377.5261064,566.923,201.854,2788.336,12,True
1790482377.5463097,566.112,202.05,2789.789,12,True
1790482377.5815983,565.641,202.059,2789.534,12,True
1790482377.6057117,568.122,201.888,2790.197,12,True
1790482377.643424,566.008,202.047,2789.871,12,True
1790482377.6700785,567.162,202.068,2792.185,12,True
1790482377.72291,570.441,202.1,2794.731,12,True
1790482377.7282698,564.472,202.113,2788.722,12,True
1790482377.7731578,573.333,201.981,2796.349,12,True
1790482377.7860126,566.836,201.912,2789.025,12,True
1790482377.807045,572.566,201.541,2790.931,12,True
1790482377.8333964,566.297,201.964,2789.078,12,True
1790482377.871494,567.069,202.142,2792.063,12,True
1790482377.9186485,565.708,202.015,2789.033,12,True
1790482377.926779,564.325,202.031,2787.787,12,True
1790482377.9663806,569.089,202.046,2793.131,12,True
1790482377.9896462,565.876,202.164,2791.545,12,True
1790482378.014524,568.475,201.918,2790.884,12,True
1790482378.0484118,568.6,201.864,2790.527,12,True
1790482378.0755672,566.834,202.103,2791.268,12,True
1790482378.1208496,569.103,202.135,2794.344,12,True
1790482378.1243684,566.636,202.062,2790.701,12,True
1790482378.1833172,571.01,201.924,2793.556,12,True
1790482378.1856558,569.792,202.149,2794.202,12,True
1790482378.2152708,565.95,202.055,2790.345,12,True
1790482378.23689,569.714,201.781,2790.825,12,True
1790482378.2819276,569.219,202.209,2794.924,12,True
1790482378.2973526,565.818,202.034,2789.35,12,True
1790482378.321864,566.684,202.089,2790.866,12,True
1790482378.3561654,565.217,202.171,2790.477,12,True
1790482378.3783386,568.165,202.017,2791.631,12,True
1790482378.4181886,569.02,201.967,2791.757,12,True
1790482378.441856,565.838,201.935,2788.077,12,True
1790482378.4511979,566.35,201.977,2789.073,12,True
1790482378.477865,567.491,201.958,2790.242,12,True
1790482378.5323634,568.377,202.11,2793.639,12,True
1790482378.5339515,567.055,202.355,2793.049,12,True
1790482378.585036,565.768,202.171,2790.915,12,True
1790482378.6149707,569.064,201.826,2790.352,12,True
1790482378.6330373,565.493,201.993,2788.355,12,True
1790482378.6375995,562.716,202.158,2787.378,12,True
1790482378.7157161,568.222,201.991,2791.42,12,True
1790482378.7994058,574.026,202.03,2797.7,12,True
1790482378.8009818,572.11,202.249,2796.908,12,True
1790482378.802738,572.43,202.111,2795.714,12,True
1790482378.8081212,569.79,201.985,2793.62,12,True
1790482378.8094795,561.728,202.12,2786.511,12,True
1790482378.8364987,565.567,201.977,2787.937,12,True
1790482378.8819249,566.022,202.202,2791.977,12,True
1790482378.9037328,566.834,201.925,2789.072,12,True
1790482378.9284508,564.936,202.179,2789.968,12,True
1790482378.9603975,565.549,202.037,2789.042,12,True
1790482378.9827642,566.849,201.927,2789.043,12,True
1790482379.0221028,566.633,202.097,2790.668,12,True
1790482379.0443676,566.994,202.074,2791.033,12,True
1790482379.0849397,571.948,201.81,2793.144,12,True
1790482379.1051266,565.835,202.068,2789.573,12,True
1790482379.1287715,566.27,201.97,2788.95,12,True
1790482379.1616,565.238,202.015,2789.622,12,True
1790482379.1840248,567.758,202.123,2792.35,12,True
1790482379.2437294,566.131,202.066,2789.787,12,True
1790482379.269707,566.365,202.155,2794.097,12,True
1790482379.2713704,570.832,202.085,2797.313,12,True
1790482379.305792,564.833,202.052,2788.688,12,True
1790482379.3267744,567.505,201.978,2791.586,12,True
1790482379.365268,569.156,202.011,2792.569,12,True
1790482379.386774,567.398,202.076,2791.34,12,True
1790482379.4281065,568.521,201.934,2791.228,12,True
1790482379.4695892,565.171,201.994,2789.392,12,True
1790482379.4998078,569.648,202.002,2793.758,12,True
1790482379.5021563,568.283,202.248,2793.805,12,True
1790482379.5306168,565.381,202.166,2790.393,12,True
1790482379.5461786,566.019,202.121,2790.846,12,True
1790482379.611622,565.919,202.049,2789.768,12,True
1790482379.6369624,566.428,202.168,2791.509,12,True
1790482379.6490343,572.758,202.12,2797.202,12,True
1790482379.6504138,571.632,202.307,2797.066,12,True
1790482379.6961637,567.373,202.072,2791.816,12,True
1790482379.7102337,564.621,202.094,2788.481,12,True
1790482379.7306607,566.261,201.887,2788.712,12,True
1790482379.76804,565.901,202.04,2789.518,12,True
1790482379.7878656,566.424,201.956,2789.216,12,True
1790482379.8296733,568.245,201.874,2789.99,12,True
1790482379.8513725,568.605,202.121,2793.282,12,True
1790482379.968801,566.004,202.123,2790.704,12,True
1790482380.0006077,574.638,202.037,2799.821,12,True
1790482380.0020182,571.727,202.179,2798.948,12,True
1790482380.0124192,570.845,202.397,2800.353,12,True
1790482380.0140648,570.935,202.388,2800.633,12,True
1790482380.0328398,566.89,202.076,2790.752,12,True
1790482380.0514567,565.898,202.061,2789.662,12,True
1790482380.0742214,566.687,202.01,2790.81,12,True
1790482380.0985162,565.221,202.102,2789.453,12,True
1790482380.1394358,565.83,202.049,2789.732,12,True
1790482380.1634617,565.832,201.964,2788.631,12,True
1790482380.200297,565.863,202.119,2790.423,12,True
1790482380.2417145,568.101,202.079,2792.413,12,True
1790482380.2434556,567.438,202.273,2792.512,12,True
1790482380.253533,563.894,202.458,2792.286,12,True
1790482380.3001745,567.971,201.92,2790.331,12,True
1790482380.3154097,564.766,202.063,2788.835,12,True
1790482380.3355339,565.911,201.999,2788.922,12,True
1790482380.3720856,567.356,201.949,2790.158,12,True
1790482380.3990295,567.371,202.139,2793.042,12,True
1790482380.4342396,566.84,202.032,2790.491,12,True
1790482380.4626088,568.337,201.953,2792.257,12,True
1790482380.5135698,565.395,202.143,2790.392,12,True
1790482380.5166342,565.844,201.99,2788.18,12,True
1790482380.5639179,568.323,201.913,2790.506,12,True
1790482380.574264,566.26,201.891,2788.031,12,True
1790482380.5989816,567.008,202.219,2791.574,12,True
1790482380.6228626,565.315,202.062,2789.202,12,True
1790482380.663969,567.324,202.147,2792.149,12,True
1790482380.7103646,566.151,202.173,2791.365,12,True
1790482380.7174444,564.616,202.115,2790.44,12,True
1790482380.7600944,569.5,202.049,2793.324,12,True
1790482380.7807252,567.028,202.043,2790.794,12,True
1790482380.8059702,567.715,202.01,2791.156,12,True
1790482380.8388655,568.288,201.878,2789.948,12,True
1790482380.867345,566.32,202.113,2791.499,12,True
1790482380.915327,568.827,202.181,2794.128,12,True
1790482380.9168546,568.382,202.162,2792.232,12,True
1790482380.9777672,569.557,202.115,2794.149,12,True
1790482380.979937,568.655,202.261,2794.074,12,True
1790482381.0059876,566.396,202.07,2790.416,12,True
1790482381.0263922,568.509,201.809,2789.242,12,True
1790482381.0728269,566.716,202.057,2790.533,12,True
1790482381.086227,565.788,201.991,2788.63,12,True
1790482381.1123428,566.582,202.014,2790.101,12,True
1790482381.1454968,566.878,201.917,2788.986,12,True
1790482381.169329,566.371,202.082,2790.675,12,True
1790482381.2080934,565.938,201.92,2789.508,12,True
1790482381.229837,564.438,202.01,2787.68,12,True
1790482381.2393835,565.697,201.924,2787.906,12,True
1790482381.2691371,568.245,201.937,2790.902,12,True
1790482381.3275418,569.873,201.922,2793.35,12,True
1790482381.3295715,569.47,202.029,2796.942,12,True
1790482381.3743408,565.257,202.052,2789.027,12,True
1790482381.4066458,566.95,202.101,2791.303,12,True
1790482381.4257693,566.735,202.277,2792.491,12,True
1790482381.426834,565.561,202.115,2789.101,12,True
1790482381.50933,567.857,202.213,2793.303,12,True
1790482381.6101432,585.238,202.178,2810.414,12,True
1790482381.6146436,587.516,202.112,2813.381,12,True
1790482381.616369,581.975,202.11,2808.036,12,True
1790482381.6207194,581.595,202.405,2810.947,12,True
1790482381.6224253,588.99,202.334,2819.396,12,True
1790482381.630064,563.132,202.625,2793.387,12,True
1790482381.67283,568.212,201.895,2790.57,12,True
1790482381.6929033,564.938,202.09,2788.866,12,True
1790482381.717436,565.083,202.045,2788.668,12,True
1790482381.7522724,567.402,201.983,2791.613,12,True
1790482381.7740588,565.579,202.204,2791.05,12,True
1790482381.8119183,567.426,201.846,2789.553,12,True
1790482381.8344371,569.537,201.72,2789.789,12,True
1790482381.875423,568.732,201.838,2790.157,12,True
1790482381.894336,564.051,202.166,2788.911,12,True
1790482381.9171286,565.264,201.908,2788.017,12,True
1790482381.9520833,566.008,202.087,2790.216,12,True
1790482381.9754415,567.392,202.035,2791.165,12,True
1790482382.0335567,565.878,202.027,2789.451,12,True
1790482382.0624604,565.658,202.159,2790.765,12,True
1790482382.0640528,569.166,202.259,2794.071,12,True
1790482382.1007183,565.832,202.193,2794.655,12,True
1790482382.117781,568.073,201.955,2790.687,12,True
1790482382.1554308,567.416,201.917,2789.88,12,True
1790482382.1833475,569.886,202.131,2796.262,12,True
1790482382.2195587,567.493,202.03,2791.077,12,True
1790482382.2601187,564.747,202.225,2790.206,12,True
1790482382.2958398,570.482,202.146,2795.725,12,True
1790482382.2975278,568.746,202.396,2795.175,12,True
1790482382.3200393,565.928,202.007,2789.141,12,True
1790482382.3376648,568.716,201.905,2791.192,12,True
1790482382.4024417,566.912,201.965,2790.518,12,True
1790482382.4281814,565.851,202.127,2790.853,12,True
1790482382.4448268,570.771,202.131,2795.521,12,True
1790482382.4468699,569.653,202.345,2796.088,12,True
1790482382.486616,570.061,201.709,2790.158,12,True
1790482382.4992805,563.835,202.179,2788.787,12,True
1790482382.520111,564.589,202.078,2789.118,12,True
1790482382.5579333,565.723,202.059,2789.617,12,True
1790482382.5781791,565.654,202.099,2790.072,12,True
1790482382.621183,568.928,201.912,2791.215,12,True
1790482382.6425343,567.731,201.99,2790.806,12,True
1790482382.7598479,567.123,202.029,2790.682,12,True
1790482382.7988348,572.018,202.222,2797.939,12,True
1790482382.8021467,575.461,202.124,2799.785,12,True
1790482382.8104978,570.604,202.209,2797.809,12,True
1790482382.8117478,570.525,202.148,2797.401,12,True
1790482382.8237097,569.552,201.852,2790.646,12,True
1790482382.8432739,568.229,201.994,2791.481,12,True
1790482382.865099,565.896,202.13,2790.58,12,True
1790482382.8902705,567.247,202.091,2791.476,12,True
1790482382.9281943,565.226,202.023,2788.422,12,True
1790482382.9542196,567.32,201.988,2790.416,12,True
1790482382.9915562,566.272,202.114,2790.974,12,True
1790482383.0379171,571.122,202.144,2795.861,12,True
1790482383.0394604,570.803,202.253,2795.672,12,True
1790482383.0515757,572.159,202.246,2797.842,12,True
1790482383.0901232,566.588,201.994,2789.622,12,True
1790482383.1073477,566.02,202.224,2791.663,12,True
1790482383.1255374,566.108,202.034,2789.613,12,True
1790482383.1634595,567.056,202.052,2791.037,12,True
1790482383.1912487,566.767,202.159,2791.779,12,True
1790482383.2249448,567.006,201.997,2790.394,12,True
1790482383.2539365,564.988,202.236,2790.989,12,True
1790482383.3086047,568.389,202.238,2794.642,12,True
1790482383.3104756,565.874,202.505,2793.611,12,True
1790482383.3541188,565.689,202.02,2789.908,12,True
1790482383.3652372,566.932,202.047,2790.668,12,True
1790482383.3943036,572.371,201.918,2794.946,12,True
1790482383.4138813,566.784,202.08,2790.712,12,True
1790482383.4540305,567.605,201.871,2789.713,12,True
1790482383.503799,569.187,202.063,2793.135,12,True
1790482383.5074737,568.221,201.878,2789.808,12,True
1790482383.5525842,569.048,201.988,2792.207,12,True
1790482383.5720446,566.542,202.086,2790.961,12,True
1790482383.5960054,565.999,201.999,2789.781,12,True
1790482383.6296494,570.049,201.732,2790.364,12,True
1790482383.657583,565.478,202.115,2789.955,12,True
1790482383.7107568,570.679,202.091,2795.116,12,True
1790482383.7124784,570.551,202.246,2795.319,12,True
1790482383.7725155,569.46,202.138,2794.431,12,True
1790482383.7741525,569.411,202.202,2793.702,12,True
1790482383.7983942,569.293,201.973,2792.123,12,True
1790482383.814749,564.365,202.06,2788.131,12,True
1790482383.8627965,568.588,201.79,2789.611,12,True
1790482383.8749554,563.907,202.112,2788.435,12,True
1790482383.902025,566.395,201.971,2789.345,12,True
1790482383.9369125,565.079,202.189,2791.094,12,True
1790482383.9601188,567.055,202.022,2790.501,12,True
1790482383.9994292,567.832,201.987,2791.003,12,True
1790482384.0205247,567.36,201.907,2790.372,12,True
1790482384.0272908,565.078,201.974,2787.657,12,True
1790482384.0607615,567.576,202.03,2791.273,12,True
1790482384.1225734,569.18,202.113,2794.741,12,True
1790482384.1242795,569.831,201.983,2794.404,12,True
1790482384.1649687,565.111,202.178,2790.272,12,True
1790482384.1992712,570.505,201.881,2792.319,12,True
1790482384.2136712,564.86,201.976,2787.705,12,True
1790482384.215097,564.322,202.147,2787.989,12,True
1790482384.3007963,566.058,202.135,2791.197,12,True
1790482384.4129925,579.37,202.006,2802.557,12,True
1790482384.4205987,581.382,202.099,2805.709,12,True
1790482384.4316273,581.036,202.383,2810.676,12,True
1790482384.4332201,582.524,202.272,2810.516,12,True
1790482384.4353766,589.503,202.653,2818.792,12,True
1790482384.4370832,575.455,202.486,2806.837,12,True
1790482384.4632604,566.736,202.034,2790.146,12,True
1790482384.4821045,565.805,201.919,2788.911,12,True
1790482384.50634,565.26,202.031,2788.587,12,True
1790482384.5423281,564.953,202.158,2789.766,12,True
1790482384.5643969,565.133,202.065,2789.983,12,True
1790482384.6024237,565.542,202.123,2790.132,12,True
1790482384.6276927,569.585,202.006,2792.896,12,True
1790482384.666343,566.505,202.079,2790.668,12,True
1790482384.6832662,565.156,202.022,2788.605,12,True
1790482384.707099,566.241,202.019,2789.627,12,True
1790482384.7445662,565.987,202.152,2792.216,12,True
1790482384.7654848,568.366,201.868,2789.76,12,True
1790482384.827582,568.985,202.134,2793.677,12,True
1790482384.855857,569.922,201.963,2793.097,12,True
1790482384.8574605,568.746,202.208,2793.113,12,True
1790482384.8898447,564.124,202.129,2788.868,12,True
1790482384.909483,568.486,201.976,2791.394,12,True
1790482384.9468174,567.791,202.009,2791.085,12,True
1790482384.9739478,568.192,201.884,2790.295,12,True
1790482385.009019,566.878,201.932,2789.091,12,True
1790482385.050943,565.275,202.179,2790.474,12,True
1790482385.0923324,569.67,202.101,2794.37,12,True
1790482385.0948408,572.297,202.313,2798.695,12,True
1790482385.1080573,565.306,201.944,2787.787,12,True
1790482385.130038,567.853,202.08,2792.108,12,True
1790482385.1944392,568.257,202.016,2791.703,12,True
1790482385.2185984,565.851,202.056,2790.019,12,True
1790482385.2371602,569.702,201.939,2792.067,12,True
1790482385.2390714,567.929,202.103,2791.735,12,True
1790482385.277452,565.978,202.138,2790.559,12,True
1790482385.2878067,565.692,201.966,2788.266,12,True
1790482385.309989,566.33,202.019,2789.566,12,True
1790482385.3473327,565.914,201.999,2789.12,12,True
1790482385.371548,570.132,201.967,2793.032,12,True
1790482385.411756,566.596,202.005,2790.268,12,True
1790482385.4326868,566.203,202.063,2789.886,12,True
1790482385.5504978,565.536,202.128,2790.342,12,True
1790482385.5964608,572.972,202.084,2797.317,12,True
1790482385.6052117,577.398,202.205,2802.833,12,True
1790482385.6065361,571.48,202.199,2795.842,12,True
1790482385.608505,570.658,202.303,2796.546,12,True
1790482385.6145132,565.174,202.048,2790.589,12,True
1790482385.63772,572.237,201.809,2794.131,12,True
1790482385.6558454,566.215,202.103,2790.453,12,True
1790482385.6808977,565.976,202.032,2790.35,12,True
1790482385.7170143,564.722,202.043,2788.368,12,True
1790482385.7450871,566.38,202.082,2790.529,12,True
1790482385.7810938,567.798,201.847,2789.253,12,True
1790482385.8305387,567.902,202.104,2792.33,12,True
1790482385.8326356,566.774,202.331,2792.893,12,True
1790482385.8437848,563.323,202.364,2792.057,12,True
1790482385.8798852,565.858,202.014,2789.496,12,True
1790482385.896902,567.023,201.908,2789.165,12,True
1790482385.9167807,566.133,202.07,2790.959,12,True
1790482385.9556015,567.244,202.144,2791.856,12,True
1790482385.982188,567.529,201.977,2790.65,12,True
1790482386.01503,566.548,202.001,2789.753,12,True
1790482386.043067,567.027,201.898,2788.856,12,True
1790482386.1040735,572.126,201.892,2795.013,12,True
1790482386.1058412,570.331,201.942,2794.602,12,True
1790482386.1444492,566.484,202.002,2790.02,12,True
1790482386.1566312,568.514,201.936,2791.11,12,True
1790482386.1846323,567.599,201.893,2790.0,12,True
1790482386.2053094,566.224,202.093,2791.152,12,True
1790482386.2440586,568.252,201.833,2789.772,12,True
1790482386.298569,570.428,202.049,2794.413,12,True
1790482386.3002222,567.353,202.284,2792.533,12,True
1790482386.3449388,567.244,202.162,2792.053,12,True
1790482386.3620884,566.306,202.039,2789.75,12,True
1790482386.3867996,566.443,202.034,2790.473,12,True
1790482386.4216678,567.968,202.027,2791.636,12,True
1790482386.447426,567.377,201.899,2789.552,12,True
1790482386.505847,568.421,202.141,2793.039,12,True
1790482386.5079634,570.589,202.35,2796.907,12,True
1790482386.5673044,569.768,202.093,2794.459,12,True
1790482386.5691168,568.545,202.358,2794.628,12,True
1790482386.5873184,566.299,201.922,2788.62,12,True
1790482386.6089735,568.38,202.214,2793.956,12,True
1790482386.6533031,571.813,201.566,2790.186,12,True
1790482386.6661851,569.326,201.858,2790.938,12,True
1790482386.6907637,566.307,201.91,2788.385,12,True
1790482386.728185,565.357,202.209,2790.962,12,True
1790482386.7518737,566.048,202.05,2791.489,12,True
1790482386.7896273,566.902,201.987,2789.88,12,True
1790482386.811977,567.003,202.078,2791.164,12,True
1790482386.814836,562.553,202.122,2787.33,12,True
1790482386.8507054,568.559,201.791,2789.631,12,True
1790482386.9164078,568.824,202.125,2793.542,12,True
1790482386.918086,568.272,202.289,2793.512,12,True
1790482386.9553142,566.34,202.032,2790.065,12,True
1790482386.9916031,565.013,202.203,2792.06,12,True
1790482387.010377,571.172,202.177,2796.394,12,True
1790482387.014428,572.988,202.163,2799.024,12,True
1790482387.0897393,564.517,202.084,2788.631,12,True
1790482387.204008,566.68,202.046,2790.735,12,True
1790482387.220626,574.696,202.182,2799.715,12,True
1790482387.2265673,569.153,202.216,2794.688,12,True
1790482387.228529,569.762,202.018,2792.646,12,True
1790482387.2310934,568.742,202.168,2793.735,12,True
1790482387.236723,572.886,202.352,2803.192,12,True
1790482387.252058,566.844,201.898,2788.579,12,True
1790482387.2724428,570.437,201.685,2790.074,12,True
1790482387.2960777,564.493,202.184,2789.434,12,True
1790482387.334341,567.086,202.088,2791.725,12,True
1790482387.3565755,567.681,202.089,2791.884,12,True
1790482387.3921728,566.609,201.963,2789.448,12,True
1790482387.4183867,568.491,201.879,2790.401,12,True
1790482387.4594045,568.334,202.061,2792.761,12,True
1790482387.4760854,567.321,202.136,2792.534,12,True
1790482387.4969776,565.004,202.117,2789.526,12,True
1790482387.5345078,566.948,201.956,2789.656,12,True
1790482387.5578606,566.521,202.194,2792.08,12,True
1790482387.6197326,568.725,201.946,2791.862,12,True
1790482387.6503782,567.151,202.185,2792.656,12,True
1790482387.6520581,569.783,202.371,2795.934,12,True
1790482387.6786292,565.981,201.937,2788.522,12,True
1790482387.698683,563.82,202.093,2788.879,12,True
1790482387.7369938,566.564,202.008,2789.882,12,True
1790482387.7648475,568.071,201.936,2790.528,12,True
1790482387.7989047,569.143,201.754,2789.573,12,True
1790482387.8399954,568.168,201.746,2788.691,12,True
1790482387.8872457,569.004,202.188,2794.522,12,True
1790482387.8904188,566.884,202.483,2795.36,12,True
1790482387.9072547,568.079,202.042,2798.996,12,True
1790482387.91979,566.626,201.986,2789.42,12,True
1790482387.986686,568.329,202.011,2791.955,12,True
1790482388.0097759,565.849,202.149,2790.767,12,True
1790482388.0267487,566.446,201.996,2789.361,12,True
1790482388.0284963,564.78,202.146,2789.025,12,True
1790482388.065915,568.034,201.734,2788.162,12,True
1790482388.076527,565.466,201.983,2788.41,12,True
1790482388.0999947,564.706,202.082,2789.74,12,True
1790482388.1389277,567.001,202.083,2791.261,12,True
1790482388.1645434,568.342,202.088,2792.699,12,True
1790482388.2005773,565.983,201.939,2788.546,12,True
1790482388.2246475,567.812,202.065,2791.679,12,True
1790482388.3426526,567.227,202.12,2791.839,12,True
1790482388.3898625,568.411,202.091,2793.085,12,True
1790482388.4039028,575.745,201.949,2798.439,12,True
1790482388.406857,572.834,202.218,2798.073,12,True
1790482388.4084516,569.761,202.144,2793.745,12,True
1790482388.4184926,588.415,202.064,2811.577,12,True
1790482388.4238975,564.712,201.877,2786.017,12,True
1790482388.444965,564.614,202.108,2788.849,12,True
1790482388.4694872,565.701,201.958,2788.261,12,True
1790482388.5061734,565.025,202.051,2788.824,12,True
1790482388.5345807,565.594,202.021,2789.098,12,True
1790482388.5715718,565.921,202.106,2790.149,12,True
1790482388.6251316,569.688,202.095,2794.269,12,True
1790482388.6372366,574.348,202.316,2804.073,12,True
1790482388.6388326,567.781,202.18,2794.839,12,True
1790482388.6684391,564.955,202.0,2788.227,12,True
1790482388.686297,565.679,202.011,2789.143,12,True
1790482388.7062683,565.139,202.1,2789.236,12,True
1790482388.7453086,565.236,202.076,2789.41,12,True
1790482388.772378,565.654,202.004,2789.887,12,True
1790482388.8068063,566.039,202.126,2790.925,12,True
1790482388.8320131,567.686,201.692,2788.685,12,True
1790482388.8986907,568.562,202.23,2794.306,12,True
1790482388.9006815,567.734,202.412,2794.546,12,True
1790482388.9361877,565.459,202.242,2791.454,12,True
1790482388.946095,567.527,201.859,2789.122,12,True
1790482388.9757254,566.113,202.038,2790.774,12,True
1790482388.994272,564.959,202.037,2788.7,12,True
1790482389.03358,566.256,201.966,2789.227,12,True
1790482389.093951,568.087,202.187,2793.421,12,True
1790482389.0955937,570.272,202.401,2796.753,12,True
1790482389.1366048,567.047,202.108,2791.374,12,True
1790482389.1517913,568.7,201.794,2789.479,12,True
1790482389.17968,566.64,202.16,2792.589,12,True
1790482389.2135162,568.653,201.883,2791.539,12,True
1790482389.2377472,568.546,201.848,2790.03,12,True
1790482389.301232,570.3,202.128,2795.078,12,True
1790482389.3028312,568.759,202.324,2794.381,12,True
1790482389.3641362,570.258,202.26,2796.509,12,True
1790482389.3659756,568.98,202.503,2796.586,12,True
1790482389.378949,566.697,201.972,2791.406,12,True
1790482389.4024653,568.449,202.137,2793.174,12,True
1790482389.4426863,565.835,202.001,2789.013,12,True
1790482389.4570017,571.769,201.598,2790.538,12,True
1790482389.4796832,564.551,202.09,2788.601,12,True
1790482389.517963,566.501,201.923,2789.418,12,True
1790482389.5430539,566.063,202.146,2790.902,12,True
1790482389.578682,569.203,201.667,2788.754,12,True
1790482389.6034007,569.378,201.924,2791.196,12,True
1790482389.6050255,567.029,202.035,2790.017,12,True
1790482389.6414034,565.967,202.108,2790.369,12,True
1790482389.7097855,568.766,202.074,2793.084,12,True
1790482389.712426,571.114,201.983,2794.057,12,True
1790482389.7460732,564.546,202.254,2790.473,12,True
1790482389.7833197,568.744,201.856,2791.429,12,True
1790482389.8081832,572.13,202.144,2797.522,12,True
1790482389.8094792,569.644,202.073,2794.841,12,True
1790482389.8821077,569.497,201.847,2792.102,12,True
1790482389.994202,566.417,202.018,2789.908,12,True
1790482390.0109386,565.977,202.092,2790.026,12,True
1790482390.0249097,574.238,202.072,2798.111,12,True
1790482390.0298517,574.069,202.047,2798.5,12,True
1790482390.0324845,579.987,202.051,2803.783,12,True
1790482390.0332713,572.217,202.069,2796.37,12,True
1790482390.038959,564.914,201.935,2786.732,12,True
1790482390.0600317,565.81,201.893,2787.38,12,True
1790482390.0845501,564.861,202.048,2788.17,12,True
1790482390.1246526,573.668,201.384,2790.024,12,True
1790482390.1491306,567.493,202.075,2792.266,12,True
1790482390.1844594,568.297,202.05,2792.008,12,True
1790482390.2088544,565.877,202.082,2790.189,12,True
1790482390.250413,565.29,202.113,2790.703,12,True
1790482390.2696023,568.559,202.127,2793.215,12,True
1790482390.3175762,565.264,205.003,2820.337,12,True
