start_ts,end_ts,start_mono,end_mono,response_time_ms,request_type,name,success,exception,response_length,user,http_status,stages_logged
1790482228.591106,1790482231.383513,42272.195997,42274.988404,2792.407,SSE,/api/inference/stream,True,,12,0,,
1790482228.619495,1790482231.408169,42272.224386,42275.013059,2788.673,SSE,/api/inference/stream,True,,12,1,,
1790482228.647514,1790482231.440641,42272.252404,42275.045531,2793.127,SSE,/api/inference/stream,True,,12,2,,
1790482228.675017,1790482231.465574,42272.279908,42275.070464,2790.556,SSE,/api/inference/stream,True,,12,3,,
1790482228.702787,1790482231.494107,42272.307678,42275.098997,2791.32,SSE,/api/inference/stream,True,,12,4,,
1790482228.731732,1790482231.523549,42272.336623,42275.128439,2791.816,SSE,/api/inference/stream,True,,12,5,,
1790482228.758675,1790482231.550002,42272.363566,42275.154893,2791.327,SSE,/api/inference/stream,True,,12,6,,
1790482228.786488,1790482231.57792,42272.391379,42275.18281,2791.432,SSE,/api/inference/stream,True,,12,7,,
1790482228.814624,1790482231.604644,42272.419514,42275.209534,2790.02,SSE,/api/inference/stream,True,,12,8,,
1790482228.843072,1790482231.634786,42272.447963,42275.239676,2791.713,SSE,/api/inference/stream,True,,12,9,,
1790482228.870666,1790482231.662177,42272.475556,42275.267067,2791.511,SSE,/api/inference/stream,True,,12,10,,
1790482228.897987,1790482231.69051,42272.502877,42275.295401,2792.524,SSE,/api/inference/stream,True,,12,11,,
1790482228.925728,1790482231.71633,42272.530619,42275.32122,2790.602,SSE,/api/inference/stream,True,,12,12,,
1790482228.953569,1790482231.745943,42272.558459,42275.350833,2792.374,SSE,/api/inference/stream,True,,12,13,,
1790482228.981268,1790482231.772989,42272.586159,42275.37788,2791.721,SSE,/api/inference/stream,True,,12,14,,
1790482229.008751,1790482231.799896,42272.613642,42275.404786,2791.145,SSE,/api/inference/stream,True,,12,15,,
1790482229.03694,1790482231.828028,42272.641831,42275.432919,2791.088,SSE,/api/inference/stream,True,,12,16,,
1790482229.065205,1790482231.855944,42272.670096,42275.460834,2790.738,SSE,/api/inference/stream,True,,12,17,,
1790482229.092775,1790482231.882725,42272.697665,42275.487616,2789.95,SSE,/api/inference/stream,True,,12,18,,
1790482229.120131,1790482231.908998,42272.725022,42275.513889,2788.867,SSE,/api/inference/stream,True,,12,19,,
1790482229.147558,1790482231.938236,42272.752449,42275.543127,2790.678,SSE,/api/inference/stream,True,,12,20,,
1790482229.17661,1790482231.968189,42272.7815,42275.57308,2791.58,SSE,/api/inference/stream,True,,12,21,,
1790482229.203665,1790482231.996308,42272.808556,42275.601198,2792.642,SSE,/api/inference/stream,True,,12,22,,
1790482229.231729,1790482232.021627,42272.83662,42275.626518,2789.898,SSE,/api/inference/stream,True,,12,23,,
1790482229.258971,1790482232.051431,42272.863862,42275.656322,2792.46,SSE,/api/inference/stream,True,,12,24,,
1790482229.286865,1790482232.077436,42272.891756,42275.682327,2790.571,SSE,/api/inference/stream,True,,12,25,,
1790482229.315227,1790482232.105065,42272.920118,42275.709956,2789.838,SSE,/api/inference/stream,True,,12,26,,
1790482229.342535,1790482232.133148,42272.947426,42275.738039,2790.613,SSE,/api/inference/stream,True,,12,27,,
1790482229.370577,1790482232.193268,42272.975468,42275.798159,2822.692,SSE,/api/inference/stream,True,,12,28,,
1790482229.398846,1790482232.208038,42273.003737,42275.812929,2809.192,SSE,/api/inference/stream,True,,12,29,,
1790482229.426383,1790482232.21488,42273.031275,42275.819771,2788.497,SSE,/api/inference/stream,True,,12,30,,
1790482229.454059,1790482232.244586,42273.05895,42275.849476,2790.527,SSE,/api/inference/stream,True,,12,31,,
1790482229.482093,1790482232.273985,42273.086983,42275.878876,2791.892,SSE,/api/inference/stream,True,,12,32,,
1790482229.51025,1790482232.301856,42273.115141,42275.906747,2791.606,SSE,/api/inference/stream,True,,12,33,,
1790482229.537303,1790482232.329231,42273.142194,42275.934121,2791.928,SSE,/api/inference/stream,True,,12,34,,
1790482229.567432,1790482232.357585,42273.172322,42275.962476,2790.154,SSE,/api/inference/stream,True,,12,35,,
1790482229.593233,1790482232.383462,42273.198123,42275.988352,2790.229,SSE,/api/inference/stream,True,,12,36,,
1790482229.620232,1790482232.410436,42273.225122,42276.015327,2790.205,SSE,/api/inference/stream,True,,12,37,,
1790482229.648111,1790482232.441337,42273.253001,42276.046228,2793.226,SSE,/api/inference/stream,True,,12,38,,
1790482229.675812,1790482232.466829,42273.280703,42276.07172,2791.017,SSE,/api/inference/stream,True,,12,39,,
1790482229.704388,1790482232.496347,42273.309278,42276.101237,2791.959,SSE,/api/inference/stream,True,,12,40,,
1790482229.732605,1790482232.523357,42273.337496,42276.128248,2790.752,SSE,/api/inference/stream,True,,12,41,,
1790482229.75965,1790482232.552282,42273.36454,42276.157172,2792.632,SSE,/api/inference/stream,True,,12,42,,
1790482229.787603,1790482232.579635,42273.392493,42276.184526,2792.033,SSE,/api/inference/stream,True,,12,43,,
1790482229.81489,1790482232.606997,42273.419781,42276.211887,2792.107,SSE,/api/inference/stream,True,,12,44,,
1790482229.843628,1790482232.635351,42273.448519,42276.240242,2791.723,SSE,/api/inference/stream,True,,12,45,,
1790482229.871464,1790482232.664292,42273.476355,42276.269183,2792.828,SSE,/api/inference/stream,True,,12,46,,
1790482229.899425,1790482232.690069,42273.504315,42276.29496,2790.645,SSE,/api/inference/stream,True,,12,47,,
1790482229.926751,1790482232.718827,42273.531641,42276.323718,2792.077,SSE,/api/inference/stream,True,,12,48,,
1790482229.954326,1790482232.746679,42273.559217,42276.35157,2792.353,SSE,/api/inference/stream,True,,12,49,,
1790482229.981912,1790482232.775342,42273.586803,42276.380233,2793.43,SSE,/api/inference/stream,True,,12,50,,
1790482230.009964,1790482232.801571,42273.614854,42276.406462,2791.607,SSE,/api/inference/stream,True,,12,51,,
1790482230.037922,1790482232.829508,42273.642813,42276.434398,2791.585,SSE,/api/inference/stream,True,,12,52,,
1790482230.06594,1790482232.856826,42273.670831,42276.461717,2790.886,SSE,/api/inference/stream,True,,12,53,,
1790482230.093388,1790482232.884999,42273.698278,42276.48989,2791.611,SSE,/api/inference/stream,True,,12,54,,
1790482230.12134,1790482232.922977,42273.726231,42276.527868,2801.637,SSE,/api/inference/stream,True,,12,55,,
1790482230.148565,1790482232.937119,42273.753456,42276.54201,2788.555,SSE,/api/inference/stream,True,,12,56,,
1790482230.177193,1790482232.969255,42273.782084,42276.574146,2792.062,SSE,/api/inference/stream,True,,12,57,,
1790482230.204855,1790482232.997117,42273.809746,42276.602008,2792.262,SSE,/api/inference/stream,True,,12,58,,
1790482230.23188,1790482233.023242,42273.836771,42276.628133,2791.362,SSE,/api/inference/stream,True,,12,59,,
1790482230.259906,1790482233.067603,42273.864797,42276.672494,2807.698,SSE,/api/inference/stream,True,,12,60,,
1790482230.287593,1790482233.078627,42273.892484,42276.683518,2791.034,SSE,/api/inference/stream,True,,12,61,,
1790482230.315701,1790482233.106927,42273.920592,42276.711818,2791.226,SSE,/api/inference/stream,True,,12,62,,
1790482230.343666,1790482233.135231,42273.948557,42276.740122,2791.565,SSE,/api/inference/stream,True,,12,63,,
1790482230.37138,1790482233.162736,42273.976271,42276.767627,2791.357,SSE,/api/inference/stream,True,,12,64,,
1790482230.399019,1790482233.189005,42274.00391,42276.793896,2789.986,SSE,/api/inference/stream,True,,12,65,,
1790482230.426247,1790482233.21833,42274.031137,42276.823221,2792.084,SSE,/api/inference/stream,True,,12,66,,
1790482230.455228,1790482233.24705,42274.060119,42276.85194,2791.821,SSE,/api/inference/stream,True,,12,67,,
1790482230.482266,1790482233.273547,42274.087157,42276.878438,2791.281,SSE,/api/inference/stream,True,,12,68,,
1790482230.509915,1790482233.301952,42274.114806,42276.906843,2792.037,SSE,/api/inference/stream,True,,12,69,,
1790482230.543404,1790482233.336736,42274.148295,42276.941627,2793.332,SSE,/api/inference/stream,True,,12,70,,
1790482230.565323,1790482233.354401,42274.170214,42276.959292,2789.079,SSE,/api/inference/stream,True,,12,71,,
1790482230.593892,1790482233.386043,42274.198783,42276.990934,2792.151,SSE,/api/inference/stream,True,,12,72,,
1790482230.620962,1790482233.411568,42274.225853,42277.016459,2790.606,SSE,/api/inference/stream,True,,12,73,,
1790482230.649121,1790482233.441505,42274.254012,42277.046397,2792.385,SSE,/api/inference/stream,True,,12,74,,
1790482230.676515,1790482233.466442,42274.281406,42277.071333,2789.927,SSE,/api/inference/stream,True,,12,75,,
1790482230.705307,1790482233.497431,42274.310198,42277.102322,2792.124,SSE,/api/inference/stream,True,,12,76,,
1790482230.732779,1790482233.524818,42274.337669,42277.129709,2792.039,SSE,/api/inference/stream,True,,12,77,,
1790482230.761071,1790482233.553687,42274.365962,42277.158578,2792.616,SSE,/api/inference/stream,True,,12,78,,
1790482230.788044,1790482233.578896,42274.392935,42277.183787,2790.851,SSE,/api/inference/stream,True,,12,79,,
1790482230.816239,1790482233.608604,42274.42113,42277.213495,2792.365,SSE,/api/inference/stream,True,,12,80,,
1790482230.843764,1790482233.637428,42274.448655,42277.242318,2793.664,SSE,/api/inference/stream,True,,12,81,,
1790482230.871778,1790482233.664118,42274.476668,42277.269008,2792.34,SSE,/api/inference/stream,True,,12,82,,
1790482230.899046,1790482233.690422,42274.503937,42277.295313,2791.375,SSE,/api/inference/stream,True,,12,83,,
1790482230.927587,1790482233.719599,42274.532478,42277.32449,2792.012,SSE,/api/inference/stream,True,,12,84,,
1790482230.95496,1790482233.746281,42274.559851,42277.351171,2791.32,SSE,/api/inference/stream,True,,12,85,,
1790482230.983006,1790482233.776866,42274.587896,42277.381757,2793.861,SSE,/api/inference/stream,True,,12,86,,
1790482231.01015,1790482233.800148,42274.61504,42277.405038,2789.998,SSE,/api/inference/stream,True,,12,87,,
1790482231.039038,1790482233.831844,42274.643929,42277.436735,2792.806,SSE,/api/inference/stream,True,,12,88,,
1790482231.066034,1790482233.857359,42274.670924,42277.46225,2791.326,SSE,/api/inference/stream,True,,12,89,,
1790482231.094265,1790482233.887268,42274.699155,42277.492159,2793.004,SSE,/api/inference/stream,True,,12,90,,
1790482231.121728,1790482233.913037,42274.726619,42277.517927,2791.308,SSE,/api/inference/stream,True,,12,91,,
1790482231.14937,1790482233.941433,42274.754261,42277.546323,2792.063,SSE,/api/inference/stream,True,,12,92,,
1790482231.177255,1790482233.969653,42274.782146,42277.574544,2792.398,SSE,/api/inference/stream,True,,12,93,,
1790482231.205129,1790482233.994874,42274.810019,42277.599764,2789.745,SSE,/api/inference/stream,True,,12,94,,
1790482231.233333,1790482234.02569,42274.838224,42277.630581,2792.357,SSE,/api/inference/stream,True,,12,95,,
1790482231.260735,1790482234.051935,42274.865626,42277.656826,2791.2,SSE,/api/inference/stream,True,,12,96,,
1790482231.289447,1790482234.081487,42274.894337,42277.686378,2792.041,SSE,/api/inference/stream,True,,12,97,,
1790482231.316505,1790482234.108808,42274.921396,42277.713699,2792.302,SSE,/api/inference/stream,True,,12,98,,
1790482231.344653,1790482234.13727,42274.949544,42277.742161,2792.617,SSE,/api/inference/stream,True,,12,99,,
1790482231.383891,1790482234.175959,42274.988782,42277.78085,2792.068,SSE,/api/inference/stream,True,,12,0,,
1790482231.408532,1790482234.197711,42275.013422,42277.802602,2789.18,SSE,/api/inference/stream,True,,12,1,,
1790482231.440938,1790482234.232978,42275.045828,42277.837869,2792.041,SSE,/api/inference/stream,True,,12,2,,
1790482231.465883,1790482234.257441,42275.070774,42277.862332,2791.558,SSE,/api/inference/stream,True,,12,3,,
1790482231.494531,1790482234.287235,42275.099422,42277.892126,2792.703,SSE,/api/inference/stream,True,,12,4,,
1790482231.523855,1790482234.313846,42275.128745,42277.918737,2789.991,SSE,/api/inference/stream,True,,12,5,,
1790482231.550296,1790482234.341649,42275.155186,42277.94654,2791.353,SSE,/api/inference/stream,True,,12,6,,
1790482231.578224,1790482234.36784,42275.183114,42277.97273,2789.616,SSE,/api/inference/stream,True,,12,7,,
1790482231.604999,1790482234.397218,42275.209889,42278.002108,2792.219,SSE,/api/inference/stream,True,,12,8,,
1790482231.635203,1790482234.424562,42275.240094,42278.029453,2789.359,SSE,/api/inference/stream,True,,12,9,,
1790482231.662458,1790482234.454442,42275.267348,42278.059332,2791.984,SSE,/api/inference/stream,True,,12,10,,
1790482231.690801,1790482234.482227,42275.295692,42278.087118,2791.426,SSE,/api/inference/stream,True,,12,11,,
1790482231.716607,1790482234.507216,42275.321498,42278.112107,2790.609,SSE,/api/inference/stream,True,,12,12,,
1790482231.746208,1790482234.537458,42275.351099,42278.142349,2791.25,SSE,/api/inference/stream,True,,12,13,,
1790482231.773252,1790482234.563756,42275.378143,42278.168646,2790.504,SSE,/api/inference/stream,True,,12,14,,
1790482231.800184,1790482234.590404,42275.405075,42278.195295,2790.22,SSE,/api/inference/stream,True,,12,15,,
1790482231.828341,1790482234.61834,42275.433231,42278.22323,2789.999,SSE,/api/inference/stream,True,,12,16,,
1790482231.856252,1790482234.64682,42275.461143,42278.251711,2790.568,SSE,/api/inference/stream,True,,12,17,,
1790482231.883008,1790482234.672771,42275.487898,42278.277662,2789.763,SSE,/api/inference/stream,True,,12,18,,
1790482231.909274,1790482234.698773,42275.514165,42278.303664,2789.499,SSE,/api/inference/stream,True,,12,19,,
1790482231.938514,1790482234.727803,42275.543405,42278.332693,2789.288,SSE,/api/inference/stream,True,,12,20,,
1790482231.968582,1790482234.758588,42275.573473,42278.363479,2790.006,SSE,/api/inference/stream,True,,12,21,,
1790482231.996667,1790482234.786654,42275.601557,42278.391544,2789.987,SSE,/api/inference/stream,True,,12,22,,
1790482232.021984,1790482234.812808,42275.626875,42278.417699,2790.824,SSE,/api/inference/stream,True,,12,23,,
1790482232.051765,1790482234.841224,42275.656655,42278.446115,2789.459,SSE,/api/inference/stream,True,,12,24,,
1790482232.077625,1790482234.865244,42275.682516,42278.470135,2787.619,SSE,/api/inference/stream,True,,12,25,,
1790482232.10531,1790482234.89337,42275.710201,42278.49826,2788.06,SSE,/api/inference/stream,True,,12,26,,
1790482232.1334,1790482234.922175,42275.738291,42278.527066,2788.775,SSE,/api/inference/stream,True,,12,27,,
1790482232.193531,1790482234.984699,42275.798421,42278.58959,2791.168,SSE,/api/inference/stream,True,,12,28,,
1790482232.208324,1790482234.997584,42275.813215,42278.602475,2789.26,SSE,/api/inference/stream,True,,12,29,,
1790482232.215055,1790482235.003025,42275.819946,42278.607916,2787.971,SSE,/api/inference/stream,True,,12,30,,
1790482232.244912,1790482235.035542,42275.849803,42278.640432,2790.63,SSE,/api/inference/stream,True,,12,31,,
1790482232.274285,1790482235.063241,42275.879175,42278.668131,2788.956,SSE,/api/inference/stream,True,,12,32,,
1790482232.302212,1790482235.091426,42275.907102,42278.696316,2789.214,SSE,/api/inference/stream,True,,12,33,,
1790482232.329519,1790482235.12067,42275.934409,42278.72556,2791.151,SSE,/api/inference/stream,True,,12,34,,
1790482232.357944,1790482235.149374,42275.962835,42278.754264,2791.429,SSE,/api/inference/stream,True,,12,35,,
1790482232.383727,1790482235.173162,42275.988618,42278.778053,2789.435,SSE,/api/inference/stream,True,,12,36,,
1790482232.410711,1790482235.201047,42276.015602,42278.805938,2790.336,SSE,/api/inference/stream,True,,12,37,,
1790482232.441633,1790482235.231951,42276.046524,42278.836842,2790.318,SSE,/api/inference/stream,True,,12,38,,
1790482232.467218,1790482235.257577,42276.072109,42278.862467,2790.359,SSE,/api/inference/stream,True,,12,39,,
1790482232.496688,1790482235.285881,42276.101579,42278.890771,2789.192,SSE,/api/inference/stream,True,,12,40,,
1790482232.523676,1790482235.315249,42276.128567,42278.920139,2791.573,SSE,/api/inference/stream,True,,12,41,,
1790482232.552579,1790482235.34236,42276.15747,42278.947251,2789.781,SSE,/api/inference/stream,True,,12,42,,
1790482232.579908,1790482235.369236,42276.184799,42278.974126,2789.328,SSE,/api/inference/stream,True,,12,43,,
1790482232.607434,1790482235.396765,42276.212325,42279.001656,2789.331,SSE,/api/inference/stream,True,,12,44,,
1790482232.635632,1790482235.42751,42276.240522,42279.0324,2791.878,SSE,/api/inference/stream,True,,12,45,,
1790482232.664528,1790482235.454849,42276.269419,42279.05974,2790.321,SSE,/api/inference/stream,True,,12,46,,
1790482232.690406,1790482235.48093,42276.295296,42279.08582,2790.524,SSE,/api/inference/stream,True,,12,47,,
1790482232.719248,1790482235.509309,42276.324139,42279.1142,2790.061,SSE,/api/inference/stream,True,,12,48,,
1790482232.74707,1790482235.537546,42276.35196,42279.142436,2790.476,SSE,/api/inference/stream,True,,12,49,,
1790482232.775658,1790482235.564919,42276.380549,42279.16981,2789.261,SSE,/api/inference/stream,True,,12,50,,
1790482232.801886,1790482235.590765,42276.406777,42279.195656,2788.879,SSE,/api/inference/stream,True,,12,51,,
1790482232.829814,1790482235.619281,42276.434705,42279.224172,2789.467,SSE,/api/inference/stream,True,,12,52,,
1790482232.85709,1790482235.646409,42276.461981,42279.251299,2789.319,SSE,/api/inference/stream,True,,12,53,,
1790482232.885318,1790482235.674904,42276.490208,42279.279794,2789.586,SSE,/api/inference/stream,True,,12,54,,
1790482232.923272,1790482235.711554,42276.528163,42279.316444,2788.282,SSE,/api/inference/stream,True,,12,55,,
1790482232.937336,1790482235.725533,42276.542226,42279.330424,2788.198,SSE,/api/inference/stream,True,,12,56,,
1790482232.969541,1790482235.759455,42276.574431,42279.364346,2789.914,SSE,/api/inference/stream,True,,12,57,,
1790482232.997437,1790482235.785884,42276.602328,42279.390775,2788.448,SSE,/api/inference/stream,True,,12,58,,
1790482233.023512,1790482235.812125,42276.628403,42279.417015,2788.613,SSE,/api/inference/stream,True,,12,59,,
1790482233.067849,1790482235.858406,42276.672739,42279.463297,2790.557,SSE,/api/inference/stream,True,,12,60,,
1790482233.078897,1790482235.868511,42276.683788,42279.473402,2789.614,SSE,/api/inference/stream,True,,12,61,,
1790482233.107267,1790482235.896615,42276.712157,42279.501506,2789.349,SSE,/api/inference/stream,True,,12,62,,
1790482233.135523,1790482235.922838,42276.740414,42279.527728,2787.315,SSE,/api/inference/stream,True,,12,63,,
1790482233.162975,1790482235.952249,42276.767866,42279.557139,2789.274,SSE,/api/inference/stream,True,,12,64,,
1790482233.1892,1790482235.976488,42276.794091,42279.581379,2787.288,SSE,/api/inference/stream,True,,12,65,,
1790482233.218531,1790482236.007217,42276.823422,42279.612107,2788.686,SSE,/api/inference/stream,True,,12,66,,
1790482233.247445,1790482236.037091,42276.852335,42279.641981,2789.646,SSE,/api/inference/stream,True,,12,67,,
1790482233.273823,1790482236.065484,42276.878714,42279.670375,2791.661,SSE,/api/inference/stream,True,,12,68,,
1790482233.302232,1790482236.092217,42276.907123,42279.697107,2789.985,SSE,/api/inference/stream,True,,12,69,,
1790482233.337029,1790482236.126401,42276.94192,42279.731292,2789.371,SSE,/api/inference/stream,True,,12,70,,
1790482233.354609,1790482236.143064,42276.9595,42279.747955,2788.454,SSE,/api/inference/stream,True,,12,71,,
1790482233.386333,1790482236.174952,42276.991223,42279.779842,2788.619,SSE,/api/inference/stream,True,,12,72,,
1790482233.411892,1790482236.20254,42277.016782,42279.807431,2790.649,SSE,/api/inference/stream,True,,12,73,,
1790482233.441737,1790482236.232229,42277.046627,42279.83712,2790.492,SSE,/api/inference/stream,True,,12,74,,
1790482233.466681,1790482236.255427,42277.071571,42279.860317,2788.746,SSE,/api/inference/stream,True,,12,75,,
1790482233.497743,1790482236.289589,42277.102634,42279.89448,2791.846,SSE,/api/inference/stream,True,,12,76,,
1790482233.525039,1790482236.31351,42277.12993,42279.918401,2788.47,SSE,/api/inference/stream,True,,12,77,,
1790482233.553941,1790482236.342835,42277.158832,42279.947726,2788.895,SSE,/api/inference/stream,True,,12,78,,
1790482233.57911,1790482236.367296,42277.184001,42279.972187,2788.186,SSE,/api/inference/stream,True,,12,79,,
1790482233.608931,1790482236.39746,42277.213821,42280.00235,2788.529,SSE,/api/inference/stream,True,,12,80,,
1790482233.637863,1790482236.427062,42277.242754,42280.031953,2789.199,SSE,/api/inference/stream,True,,12,81,,
1790482233.664466,1790482236.457513,42277.269357,42280.062403,2793.046,SSE,/api/inference/stream,True,,12,82,,
1790482233.690723,1790482236.478924,42277.295614,42280.083814,2788.2,SSE,/api/inference/stream,True,,12,83,,
1790482233.720099,1790482236.509391,42277.32499,42280.114282,2789.292,SSE,/api/inference/stream,True,,12,84,,
1790482233.746603,1790482236.542344,42277.351494,42280.147235,2795.741,SSE,/api/inference/stream,True,,12,85,,
1790482233.777204,1790482236.567835,42277.382095,42280.172726,2790.631,SSE,/api/inference/stream,True,,12,86,,
1790482233.800406,1790482236.588394,42277.405297,42280.193285,2787.989,SSE,/api/inference/stream,True,,12,87,,
1790482233.832185,1790482236.622526,42277.437076,42280.227417,2790.341,SSE,/api/inference/stream,True,,12,88,,
1790482233.857698,1790482236.646709,42277.46259,42280.2516,2789.011,SSE,/api/inference/stream,True,,12,89,,
1790482233.887589,1790482236.676656,42277.49248,42280.281547,2789.067,SSE,/api/inference/stream,True,,12,90,,
1790482233.913359,1790482236.70379,42277.51825,42280.308681,2790.431,SSE,/api/inference/stream,True,,12,91,,
1790482233.941773,1790482236.730108,42277.546665,42280.334999,2788.334,SSE,/api/inference/stream,True,,12,92,,
1790482233.970045,1790482236.76066,42277.574935,42280.365551,2790.616,SSE,/api/inference/stream,True,,12,93,,
1790482233.995189,1790482236.783223,42277.600079,42280.388113,2788.034,SSE,/api/inference/stream,True,,12,94,,
1790482234.026064,1790482236.816589,42277.630954,42280.421479,2790.525,SSE,/api/inference/stream,True,,12,95,,
1790482234.052242,1790482236.843677,42277.657133,42280.448567,2791.435,SSE,/api/inference/stream,True,,12,96,,
1790482234.081743,1790482236.870759,42277.686634,42280.47565,2789.016,SSE,/api/inference/stream,True,,12,97,,
1790482234.109099,1790482236.900155,42277.71399,42280.505046,2791.056,SSE,/api/inference/stream,True,,12,98,,
1790482234.137568,1790482236.927594,42277.742459,42280.532485,2790.026,SSE,/api/inference/stream,True,,12,99,,
1790482234.176354,1790482236.966226,42277.781245,42280.571117,2789.872,SSE,/api/inference/stream,True,,12,0,,
1790482234.198046,1790482236.988479,42277.802937,42280.593369,2790.432,SSE,/api/inference/stream,True,,12,1,,
1790482234.233275,1790482237.022073,42277.838166,42280.626964,2788.798,SSE,/api/inference/stream,True,,12,2,,
1790482234.257717,1790482237.046874,42277.862608,42280.651765,2789.156,SSE,/api/inference/stream,True,,12,3,,
1790482234.287534,1790482237.079808,42277.892425,42280.684699,2792.274,SSE,/api/inference/stream,True,,12,4,,
1790482234.314154,1790482237.104752,42277.919044,42280.709643,2790.598,SSE,/api/inference/stream,True,,12,5,,
1790482234.342014,1790482237.132525,42277.946905,42280.737415,2790.511,SSE,/api/inference/stream,True,,12,6,,
1790482234.368171,1790482237.158353,42277.973061,42280.763243,2790.182,SSE,/api/inference/stream,True,,12,7,,
1790482234.39748,1790482237.187331,42278.002371,42280.792222,2789.851,SSE,/api/inference/stream,True,,12,8,,
1790482234.424891,1790482237.214294,42278.029782,42280.819186,2789.404,SSE,/api/inference/stream,True,,12,9,,
1790482234.454726,1790482237.24546,42278.059617,42280.850351,2790.734,SSE,/api/inference/stream,True,,12,10,,
1790482234.482547,1790482237.273015,42278.087438,42280.877906,2790.468,SSE,/api/inference/stream,True,,12,11,,
1790482234.507508,1790482237.298313,42278.112399,42280.903204,2790.805,SSE,/api/inference/stream,True,,12,12,,
1790482234.537786,1790482237.328144,42278.142677,42280.933034,2790.357,SSE,/api/inference/stream,True,,12,13,,
1790482234.564076,1790482237.353474,42278.168967,42280.958365,2789.398,SSE,/api/inference/stream,True,,12,14,,
1790482234.590704,1790482237.383888,42278.195594,42280.988779,2793.185,SSE,/api/inference/stream,True,,12,15,,
1790482234.618642,1790482237.410756,42278.223533,42281.015647,2792.114,SSE,/api/inference/stream,True,,12,16,,
1790482234.647106,1790482237.436804,42278.251997,42281.041695,2789.698,SSE,/api/inference/stream,True,,12,17,,
1790482234.673053,1790482237.46603,42278.277943,42281.07092,2792.977,SSE,/api/inference/stream,True,,12,18,,
1790482234.69903,1790482237.490261,42278.303921,42281.095152,2791.231,SSE,/api/inference/stream,True,,12,19,,
1790482234.7281,1790482237.518614,42278.332991,42281.123505,2790.514,SSE,/api/inference/stream,True,,12,20,,
1790482234.758887,1790482237.552016,42278.363778,42281.156906,2793.129,SSE,/api/inference/stream,True,,12,21,,
1790482234.786975,1790482237.578033,42278.391865,42281.182924,2791.059,SSE,/api/inference/stream,True,,12,22,,
1790482234.813094,1790482237.602279,42278.417985,42281.20717,2789.185,SSE,/api/inference/stream,True,,12,23,,
1790482234.841539,1790482237.633094,42278.44643,42281.237984,2791.554,SSE,/api/inference/stream,True,,12,24,,
1790482234.865545,1790482237.655575,42278.470435,42281.260466,2790.03,SSE,/api/inference/stream,True,,12,25,,
1790482234.893706,1790482237.684255,42278.498597,42281.289146,2790.549,SSE,/api/inference/stream,True,,12,26,,
1790482234.922529,1790482237.714196,42278.527419,42281.319086,2791.668,SSE,/api/inference/stream,True,,12,27,,
1790482234.985044,1790482237.777218,42278.589934,42281.382109,2792.174,SSE,/api/inference/stream,True,,12,28,,
1790482234.997801,1790482237.787317,42278.602692,42281.392208,2789.516,SSE,/api/inference/stream,True,,12,29,,
1790482235.003216,1790482237.78929,42278.608107,42281.394182,2786.075,SSE,/api/inference/stream,True,,12,30,,
1790482235.035867,1790482237.825704,42278.640757,42281.430595,2789.838,SSE,/api/inference/stream,True,,12,31,,
1790482235.06351,1790482237.853519,42278.6684,42281.458409,2790.009,SSE,/api/inference/stream,True,,12,32,,
1790482235.091746,1790482237.880364,42278.696636,42281.485254,2788.618,SSE,/api/inference/stream,True,,12,33,,
1790482235.12095,1790482237.909657,42278.725841,42281.514548,2788.707,SSE,/api/inference/stream,True,,12,34,,
1790482235.149699,1790482237.942569,42278.754589,42281.547459,2792.87,SSE,/api/inference/stream,True,,12,35,,
1790482235.173432,1790482237.962768,42278.778322,42281.567659,2789.337,SSE,/api/inference/stream,True,,12,36,,
1790482235.201348,1790482237.990824,42278.806238,42281.595715,2789.476,SSE,/api/inference/stream,True,,12,37,,
1790482235.232237,1790482238.021031,42278.837128,42281.625922,2788.794,SSE,/api/inference/stream,True,,12,38,,
1790482235.257858,1790482238.048625,42278.862748,42281.653516,2790.768,SSE,/api/inference/stream,True,,12,39,,
1790482235.286178,1790482238.075958,42278.891068,42281.680849,2789.781,SSE,/api/inference/stream,True,,12,40,,
1790482235.315567,1790482238.106838,42278.920458,42281.711729,2791.271,SSE,/api/inference/stream,True,,12,41,,
1790482235.342613,1790482238.131052,42278.947504,42281.735942,2788.438,SSE,/api/inference/stream,True,,12,42,,
1790482235.369474,1790482238.158948,42278.974364,42281.763838,2789.474,SSE,/api/inference/stream,True,,12,43,,
1790482235.397115,1790482238.186657,42279.002005,42281.791548,2789.542,SSE,/api/inference/stream,True,,12,44,,
1790482235.427828,1790482238.218782,42279.032719,42281.823673,2790.954,SSE,/api/inference/stream,True,,12,45,,
1790482235.455201,1790482238.245859,42279.060091,42281.850749,2790.658,SSE,/api/inference/stream,True,,12,46,,
1790482235.48132,1790482238.272788,42279.08621,42281.877679,2791.469,SSE,/api/inference/stream,True,,12,47,,
1790482235.509613,1790482238.301189,42279.114503,42281.90608,2791.577,SSE,/api/inference/stream,True,,12,48,,
1790482235.537905,1790482238.326437,42279.142795,42281.931328,2788.533,SSE,/api/inference/stream,True,,12,49,,
1790482235.565299,1790482238.359197,42279.17019,42281.964088,2793.898,SSE,/api/inference/stream,True,,12,50,,
1790482235.591106,1790482238.381963,42279.195997,42281.986854,2790.858,SSE,/api/inference/stream,True,,12,51,,
1790482235.619607,1790482238.409495,42279.224498,42282.014386,2789.888,SSE,/api/inference/stream,True,,12,52,,
1790482235.646704,1790482238.43548,42279.251595,42282.040371,2788.776,SSE,/api/inference/stream,True,,12,53,,
1790482235.675313,1790482238.464521,42279.280204,42282.069412,2789.208,SSE,/api/inference/stream,True,,12,54,,
1790482235.711905,1790482238.502223,42279.316796,42282.107114,2790.317,SSE,/api/inference/stream,True,,12,55,,
1790482235.725878,1790482238.515771,42279.330768,42282.120661,2789.893,SSE,/api/inference/stream,True,,12,56,,
1790482235.759743,1790482238.550019,42279.364634,42282.15491,2790.276,SSE,/api/inference/stream,True,,12,57,,
1790482235.786166,1790482238.574346,42279.391057,42282.179236,2788.179,SSE,/api/inference/stream,True,,12,58,,
1790482235.812363,1790482238.601329,42279.417254,42282.20622,2788.966,SSE,/api/inference/stream,True,,12,59,,
1790482235.858689,1790482238.648487,42279.46358,42282.253377,2789.797,SSE,/api/inference/stream,True,,12,60,,
1790482235.868749,1790482238.659062,42279.47364,42282.263953,2790.313,SSE,/api/inference/stream,True,,12,61,,
1790482235.896981,1790482238.688153,42279.501872,42282.293044,2791.172,SSE,/api/inference/stream,True,,12,62,,
1790482235.923116,1790482238.711897,42279.528006,42282.316788,2788.781,SSE,/api/inference/stream,True,,12,63,,
1790482235.952606,1790482238.742584,42279.557497,42282.347475,2789.978,SSE,/api/inference/stream,True,,12,64,,
1790482235.9768,1790482238.765,42279.581691,42282.369891,2788.201,SSE,/api/inference/stream,True,,12,65,,
1790482236.007652,1790482238.798113,42279.612543,42282.403003,2790.461,SSE,/api/inference/stream,True,,12,66,,
1790482236.037381,1790482238.826944,42279.642272,42282.431835,2789.563,SSE,/api/inference/stream,True,,12,67,,
1790482236.065809,1790482238.857032,42279.6707,42282.461922,2791.223,SSE,/api/inference/stream,True,,12,68,,
1790482236.092492,1790482238.882293,42279.697382,42282.487183,2789.801,SSE,/api/inference/stream,True,,12,69,,
1790482236.126765,1790482238.916903,42279.731656,42282.521793,2790.137,SSE,/api/inference/stream,True,,12,70,,
1790482236.143463,1790482238.931281,42279.748354,42282.536172,2787.818,SSE,/api/inference/stream,True,,12,71,,
1790482236.175357,1790482238.964725,42279.780247,42282.569616,2789.368,SSE,/api/inference/stream,True,,12,72,,
1790482236.202825,1790482238.993018,42279.807716,42282.597908,2790.192,SSE,/api/inference/stream,True,,12,73,,
1790482236.23251,1790482239.024329,42279.8374,42282.62922,2791.82,SSE,/api/inference/stream,True,,12,74,,
1790482236.255712,1790482239.047024,42279.860603,42282.651915,2791.312,SSE,/api/inference/stream,True,,12,75,,
1790482236.289869,1790482239.079318,42279.89476,42282.684208,2789.449,SSE,/api/inference/stream,True,,12,76,,
1790482236.313842,1790482239.103492,42279.918733,42282.708383,2789.65,SSE,/api/inference/stream,True,,12,77,,
1790482236.34331,1790482239.132535,42279.948201,42282.737426,2789.225,SSE,/api/inference/stream,True,,12,78,,
1790482236.367556,1790482239.15585,42279.972446,42282.760741,2788.295,SSE,/api/inference/stream,True,,12,79,,
1790482236.397695,1790482239.185428,42280.002586,42282.790319,2787.733,SSE,/api/inference/stream,True,,12,80,,
1790482236.427456,1790482239.216715,42280.032346,42282.821606,2789.259,SSE,/api/inference/stream,True,,12,81,,
1790482236.457878,1790482239.248809,42280.062768,42282.853699,2790.931,SSE,/api/inference/stream,True,,12,82,,
1790482236.479296,1790482239.269562,42280.084187,42282.874453,2790.266,SSE,/api/inference/stream,True,,12,83,,
1790482236.509741,1790482239.299677,42280.114631,42282.904567,2789.936,SSE,/api/inference/stream,True,,12,84,,
1790482236.542794,1790482239.333608,42280.147685,42282.938499,2790.814,SSE,/api/inference/stream,True,,12,85,,
1790482236.568086,1790482239.35749,42280.172976,42282.96238,2789.404,SSE,/api/inference/stream,True,,12,86,,
1790482236.588614,1790482239.378192,42280.193505,42282.983082,2789.577,SSE,/api/inference/stream,True,,12,87,,
1790482236.622804,1790482239.413704,42280.227695,42283.018594,2790.899,SSE,/api/inference/stream,True,,12,88,,
1790482236.646984,1790482239.435351,42280.251874,42283.040241,2788.367,SSE,/api/inference/stream,True,,12,89,,
1790482236.676924,1790482239.467376,42280.281814,42283.072267,2790.453,SSE,/api/inference/stream,True,,12,90,,
1790482236.704028,1790482239.493211,42280.308919,42283.098102,2789.183,SSE,/api/inference/stream,True,,12,91,,
1790482236.730366,1790482239.51812,42280.335257,42283.123011,2787.754,SSE,/api/inference/stream,True,,12,92,,
1790482236.761153,1790482239.55217,42280.366044,42283.15706,2791.016,SSE,/api/inference/stream,True,,12,93,,
1790482236.783491,1790482239.571416,42280.388382,42283.176307,2787.925,SSE,/api/inference/stream,True,,12,94,,
1790482236.81693,1790482239.607842,42280.421821,42283.212733,2790.912,SSE,/api/inference/stream,True,,12,95,,
1790482236.844,1790482239.633719,42280.448891,42283.23861,2789.719,SSE,/api/inference/stream,True,,12,96,,
1790482236.871179,1790482239.661489,42280.47607,42283.26638,2790.31,SSE,/api/inference/stream,True,,12,97,,
1790482236.900458,1790482239.690106,42280.505349,42283.294997,2789.648,SSE,/api/inference/stream,True,,12,98,,
1790482236.927971,1790482239.719292,42280.532862,42283.324183,2791.321,SSE,/api/inference/stream,True,,12,99,,
1790482236.966517,1790482239.756658,42280.571408,42283.361549,2790.141,SSE,/api/inference/stream,True,,12,0,,
1790482236.988834,1790482239.780704,42280.593725,42283.385594,2791.87,SSE,/api/inference/stream,True,,12,1,,
1790482237.022362,1790482239.812858,42280.627253,42283.417748,2790.495,SSE,/api/inference/stream,True,,12,2,,
1790482237.047197,1790482239.836673,42280.652088,42283.441564,2789.476,SSE,/api/inference/stream,True,,12,3,,
1790482237.080083,1790482239.872058,42280.684973,42283.476948,2791.975,SSE,/api/inference/stream,True,,12,4,,
1790482237.105099,1790482239.896057,42280.70999,42283.500947,2790.958,SSE,/api/inference/stream,True,,12,5,,
1790482237.132824,1790482239.923422,42280.737715,42283.528312,2790.597,SSE,/api/inference/stream,True,,12,6,,
1790482237.158678,1790482239.950687,42280.763568,42283.555578,2792.009,SSE,/api/inference/stream,True,,12,7,,
1790482237.187591,1790482239.97651,42280.792481,42283.5814,2788.919,SSE,/api/inference/stream,True,,12,8,,
1790482237.21465,1790482240.004491,42280.81954,42283.609382,2789.841,SSE,/api/inference/stream,True,,12,9,,
1790482237.245728,1790482240.036307,42280.850619,42283.641198,2790.579,SSE,/api/inference/stream,True,,12,10,,
1790482237.27328,1790482240.063329,42280.878171,42283.66822,2790.049,SSE,/api/inference/stream,True,,12,11,,
1790482237.298581,1790482240.089455,42280.903472,42283.694346,2790.874,SSE,/api/inference/stream,True,,12,12,,
1790482237.328447,1790482240.118772,42280.933338,42283.723662,2790.325,SSE,/api/inference/stream,True,,12,13,,
1790482237.353733,1790482240.142855,42280.958624,42283.747746,2789.122,SSE,/api/inference/stream,True,,12,14,,
1790482237.384181,1790482240.175745,42280.989071,42283.780635,2791.564,SSE,/api/inference/stream,True,,12,15,,
1790482237.410999,1790482240.201911,42281.01589,42283.806802,2790.912,SSE,/api/inference/stream,True,,12,16,,
1790482237.437069,1790482240.228078,42281.04196,42283.832969,2791.009,SSE,/api/inference/stream,True,,12,17,,
1790482237.466396,1790482240.258075,42281.071287,42283.862966,2791.679,SSE,/api/inference/stream,True,,12,18,,
1790482237.490568,1790482240.281122,42281.095458,42283.886012,2790.554,SSE,/api/inference/stream,True,,12,19,,
1790482237.518956,1790482240.30834,42281.123846,42283.91323,2789.384,SSE,/api/inference/stream,True,,12,20,,
1790482237.55231,1790482240.343833,42281.157201,42283.948724,2791.523,SSE,/api/inference/stream,True,,12,21,,
1790482237.578319,1790482240.369661,42281.18321,42283.974552,2791.342,SSE,/api/inference/stream,True,,12,22,,
1790482237.602613,1790482240.393188,42281.207504,42283.998079,2790.575,SSE,/api/inference/stream,True,,12,23,,
1790482237.63344,1790482240.424277,42281.23833,42284.029167,2790.837,SSE,/api/inference/stream,True,,12,24,,
1790482237.655871,1790482240.44618,42281.260762,42284.051071,2790.309,SSE,/api/inference/stream,True,,12,25,,
1790482237.684598,1790482240.473406,42281.289489,42284.078296,2788.807,SSE,/api/inference/stream,True,,12,26,,
1790482237.714587,1790482240.505314,42281.319477,42284.110205,2790.728,SSE,/api/inference/stream,True,,12,27,,
1790482237.777599,1790482240.566493,42281.382489,42284.171384,2788.894,SSE,/api/inference/stream,True,,12,28,,
1790482237.78753,1790482240.578405,42281.392421,42284.183296,2790.875,SSE,/api/inference/stream,True,,12,29,,
1790482237.789453,1790482240.58089,42281.394344,42284.185782,2791.438,SSE,/api/inference/stream,True,,12,30,,
1790482237.826126,1790482240.616261,42281.431017,42284.221152,2790.135,SSE,/api/inference/stream,True,,12,31,,
1790482237.853859,1790482240.643403,42281.45875,42284.248294,2789.544,SSE,/api/inference/stream,True,,12,32,,
1790482237.880709,1790482240.671023,42281.485599,42284.275913,2790.314,SSE,/api/inference/stream,True,,12,33,,
1790482237.910076,1790482240.700214,42281.514967,42284.305104,2790.137,SSE,/api/inference/stream,True,,12,34,,
1790482237.942871,1790482240.733598,42281.547761,42284.338488,2790.726,SSE,/api/inference/stream,True,,12,35,,
1790482237.963111,1790482240.754268,42281.568002,42284.359159,2791.157,SSE,/api/inference/stream,True,,12,36,,
1790482237.991108,1790482240.780686,42281.595998,42284.385577,2789.579,SSE,/api/inference/stream,True,,12,37,,
1790482238.021394,1790482240.809868,42281.626285,42284.414758,2788.474,SSE,/api/inference/stream,True,,12,38,,
1790482238.04897,1790482240.838758,42281.65386,42284.443649,2789.789,SSE,/api/inference/stream,True,,12,39,,
1790482238.076305,1790482240.865545,42281.681196,42284.470436,2789.24,SSE,/api/inference/stream,True,,12,40,,
1790482238.107207,1790482240.896408,42281.712097,42284.501298,2789.201,SSE,/api/inference/stream,True,,12,41,,
1790482238.131441,1790482240.921252,42281.736332,42284.526143,2789.811,SSE,/api/inference/stream,True,,12,42,,
1790482238.159333,1790482240.949304,42281.764223,42284.554194,2789.971,SSE,/api/inference/stream,True,,12,43,,
1790482238.187005,1790482240.977242,42281.791895,42284.582133,2790.237,SSE,/api/inference/stream,True,,12,44,,
1790482238.219095,1790482241.01161,42281.823985,42284.616501,2792.516,SSE,/api/inference/stream,True,,12,45,,
1790482238.246175,1790482241.039523,42281.851065,42284.644413,2793.348,SSE,/api/inference/stream,True,,12,46,,
1790482238.27316,1790482241.063215,42281.878051,42284.668106,2790.055,SSE,/api/inference/stream,True,,12,47,,
1790482238.301664,1790482241.094406,42281.906555,42284.699296,2792.742,SSE,/api/inference/stream,True,,12,48,,
1790482238.326783,1790482241.117608,42281.931674,42284.722498,2790.824,SSE,/api/inference/stream,True,,12,49,,
1790482238.359475,1790482241.149686,42281.964366,42284.754577,2790.211,SSE,/api/inference/stream,True,,12,50,,
1790482238.382265,1790482241.173519,42281.987155,42284.778409,2791.254,SSE,/api/inference/stream,True,,12,51,,
1790482238.409858,1790482241.200012,42282.014748,42284.804903,2790.155,SSE,/api/inference/stream,True,,12,52,,
1790482238.435777,1790482241.226251,42282.040668,42284.831142,2790.474,SSE,/api/inference/stream,True,,12,53,,
1790482238.464823,1790482241.253785,42282.069713,42284.858676,2788.963,SSE,/api/inference/stream,True,,12,54,,
1790482238.502551,1790482241.292508,42282.107441,42284.897399,2789.957,SSE,/api/inference/stream,True,,12,55,,
1790482238.516143,1790482241.304636,42282.121034,42284.909527,2788.493,SSE,/api/inference/stream,True,,12,56,,
1790482238.550358,1790482241.33962,42282.155248,42284.944511,2789.262,SSE,/api/inference/stream,True,,12,57,,
1790482238.574673,1790482241.364858,42282.179563,42284.969748,2790.185,SSE,/api/inference/stream,True,,12,58,,
1790482238.601671,1790482241.391367,42282.206562,42284.996258,2789.696,SSE,/api/inference/stream,True,,12,59,,
1790482238.648771,1790482241.440306,42282.253661,42285.045197,2791.536,SSE,/api/inference/stream,True,,12,60,,
1790482238.659422,1790482241.447421,42282.264313,42285.052312,2787.998,SSE,/api/inference/stream,True,,12,61,,
1790482238.688532,1790482241.478147,42282.293423,42285.083037,2789.615,SSE,/api/inference/stream,True,,12,62,,
1790482238.712193,1790482241.501732,42282.317083,42285.106622,2789.539,SSE,/api/inference/stream,True,,12,63,,
1790482238.742911,1790482241.534205,42282.347801,42285.139095,2791.294,SSE,/api/inference/stream,True,,12,64,,
1790482238.765327,1790482241.555429,42282.370218,42285.16032,2790.102,SSE,/api/inference/stream,True,,12,65,,
1790482238.798425,1790482241.604078,42282.403316,42285.208969,2805.653,SSE,/api/inference/stream,True,,12,66,,
1790482238.827299,1790482241.615062,42282.432191,42285.219953,2787.763,SSE,/api/inference/stream,True,,12,67,,
1790482238.857324,1790482241.647084,42282.462215,42285.251975,2789.76,SSE,/api/inference/stream,True,,12,68,,
1790482238.882613,1790482241.672638,42282.487504,42285.277528,2790.024,SSE,/api/inference/stream,True,,12,69,,
1790482238.917271,1790482241.705878,42282.522162,42285.310769,2788.607,SSE,/api/inference/stream,True,,12,70,,
1790482238.93149,1790482241.72075,42282.53638,42285.325641,2789.26,SSE,/api/inference/stream,True,,12,71,,
1790482238.965005,1790482241.754654,42282.569896,42285.359545,2789.648,SSE,/api/inference/stream,True,,12,72,,
1790482238.993286,1790482241.782943,42282.598177,42285.387834,2789.657,SSE,/api/inference/stream,True,,12,73,,
1790482239.0247,1790482241.817486,42282.629591,42285.422376,2792.785,SSE,/api/inference/stream,True,,12,74,,
1790482239.047405,1790482241.839351,42282.652295,42285.444241,2791.946,SSE,/api/inference/stream,True,,12,75,,
1790482239.0796,1790482241.871389,42282.684491,42285.47628,2791.789,SSE,/api/inference/stream,True,,12,76,,
1790482239.103852,1790482241.894229,42282.708742,42285.49912,2790.377,SSE,/api/inference/stream,True,,12,77,,
1790482239.132881,1790482241.923326,42282.737772,42285.528217,2790.445,SSE,/api/inference/stream,True,,12,78,,
1790482239.156127,1790482241.946319,42282.761018,42285.551209,2790.192,SSE,/api/inference/stream,True,,12,79,,
1790482239.1858,1790482241.977069,42282.79069,42285.581959,2791.269,SSE,/api/inference/stream,True,,12,80,,
1790482239.217017,1790482242.009302,42282.821908,42285.614192,2792.284,SSE,/api/inference/stream,True,,12,81,,
1790482239.249109,1790482242.040758,42282.853999,42285.645649,2791.65,SSE,/api/inference/stream,True,,12,82,,
1790482239.269868,1790482242.060646,42282.874759,42285.665537,2790.778,SSE,/api/inference/stream,True,,12,83,,
1790482239.300025,1790482242.089037,42282.904916,42285.693928,2789.012,SSE,/api/inference/stream,True,,12,84,,
1790482239.333879,1790482242.12438,42282.93877,42285.729271,2790.501,SSE,/api/inference/stream,True,,12,85,,
1790482239.357787,1790482242.148674,42282.962678,42285.753564,2790.887,SSE,/api/inference/stream,True,,12,86,,
1790482239.378507,1790482242.169619,42282.983398,42285.77451,2791.111,SSE,/api/inference/stream,True,,12,87,,
1790482239.414053,1790482242.204776,42283.018943,42285.809666,2790.723,SSE,/api/inference/stream,True,,12,88,,
1790482239.435667,1790482242.224851,42283.040558,42285.829742,2789.184,SSE,/api/inference/stream,True,,12,89,,
1790482239.467676,1790482242.25834,42283.072566,42285.86323,2790.664,SSE,/api/inference/stream,True,,12,90,,
1790482239.49336,1790482242.284979,42283.09825,42285.889869,2791.62,SSE,/api/inference/stream,True,,12,91,,
1790482239.51837,1790482242.307445,42283.123261,42285.912336,2789.075,SSE,/api/inference/stream,True,,12,92,,
1790482239.552466,1790482242.343252,42283.157357,42285.948143,2790.786,SSE,/api/inference/stream,True,,12,93,,
1790482239.571643,1790482242.36154,42283.176533,42285.966431,2789.898,SSE,/api/inference/stream,True,,12,94,,
1790482239.608135,1790482242.397063,42283.213026,42286.001954,2788.928,SSE,/api/inference/stream,True,,12,95,,
1790482239.633989,1790482242.424518,42283.238879,42286.029408,2790.529,SSE,/api/inference/stream,True,,12,96,,
1790482239.661831,1790482242.451554,42283.266721,42286.056444,2789.723,SSE,/api/inference/stream,True,,12,97,,
1790482239.690449,1790482242.48019,42283.29534,42286.085081,2789.741,SSE,/api/inference/stream,True,,12,98,,
1790482239.719682,1790482242.510461,42283.324573,42286.115352,2790.779,SSE,/api/inference/stream,True,,12,99,,
1790482239.756942,1790482242.547661,42283.361833,42286.152551,2790.719,SSE,/api/inference/stream,True,,12,0,,
1790482239.781101,1790482242.570883,42283.385991,42286.175774,2789.782,SSE,/api/inference/stream,True,,12,1,,
1790482239.813242,1790482242.602622,42283.418133,42286.207512,2789.379,SSE,/api/inference/stream,True,,12,2,,
1790482239.836967,1790482242.626849,42283.441857,42286.23174,2789.882,SSE,/api/inference/stream,True,,12,3,,
1790482239.872377,1790482242.663772,42283.477268,42286.268662,2791.395,SSE,/api/inference/stream,True,,12,4,,
1790482239.896372,1790482242.687405,42283.501263,42286.292296,2791.033,SSE,/api/inference/stream,True,,12,5,,
1790482239.923743,1790482242.716532,42283.528633,42286.321422,2792.789,SSE,/api/inference/stream,True,,12,6,,
1790482239.951078,1790482242.741135,42283.555969,42286.346026,2790.057,SSE,/api/inference/stream,True,,12,7,,
1790482239.976856,1790482242.766092,42283.581746,42286.370982,2789.236,SSE,/api/inference/stream,True,,12,8,,
1790482240.004881,1790482242.795729,42283.609772,42286.40062,2790.848,SSE,/api/inference/stream,True,,12,9,,
1790482240.036588,1790482242.827304,42283.641479,42286.432195,2790.716,SSE,/api/inference/stream,True,,12,10,,
1790482240.063586,1790482242.854579,42283.668477,42286.459469,2790.992,SSE,/api/inference/stream,True,,12,11,,
1790482240.089739,1790482242.879647,42283.694629,42286.484537,2789.908,SSE,/api/inference/stream,True,,12,12,,
1790482240.119081,1790482242.909423,42283.723972,42286.514314,2790.342,SSE,/api/inference/stream,True,,12,13,,
1790482240.143206,1790482242.932741,42283.748097,42286.537632,2789.535,SSE,/api/inference/stream,True,,12,14,,
1790482240.176099,1790482242.966008,42283.78099,42286.570899,2789.909,SSE,/api/inference/stream,True,,12,15,,
1790482240.202196,1790482242.993689,42283.807087,42286.598579,2791.492,SSE,/api/inference/stream,True,,12,16,,
1790482240.22839,1790482243.020022,42283.833281,42286.624913,2791.632,SSE,/api/inference/stream,True,,12,17,,
1790482240.258355,1790482243.05016,42283.863246,42286.655051,2791.805,SSE,/api/inference/stream,True,,12,18,,
1790482240.281402,1790482243.072327,42283.886293,42286.677218,2790.925,SSE,/api/inference/stream,True,,12,19,,
1790482240.308803,1790482243.098012,42283.913694,42286.702903,2789.209,SSE,/api/inference/stream,True,,12,20,,
1790482240.344177,1790482243.133956,42283.949068,42286.738847,2789.779,SSE,/api/inference/stream,True,,12,21,,
1790482240.369947,1790482243.161391,42283.974837,42286.766281,2791.444,SSE,/api/inference/stream,True,,12,22,,
1790482240.393543,1790482243.182683,42283.998433,42286.787574,2789.141,SSE,/api/inference/stream,True,,12,23,,
1790482240.424619,1790482243.215095,42284.02951,42286.819986,2790.476,SSE,/api/inference/stream,True,,12,24,,
1790482240.446533,1790482243.235882,42284.051424,42286.840773,2789.349,SSE,/api/inference/stream,True,,12,25,,
1790482240.473746,1790482243.263972,42284.078636,42286.868863,2790.227,SSE,/api/inference/stream,True,,12,26,,
1790482240.505587,1790482243.296129,42284.110478,42286.90102,2790.542,SSE,/api/inference/stream,True,,12,27,,
1790482240.566813,1790482243.356986,42284.171703,42286.961876,2790.173,SSE,/api/inference/stream,True,,12,28,,
1790482240.578642,1790482243.370306,42284.183533,42286.975196,2791.664,SSE,/api/inference/stream,True,,12,29,,
1790482240.581087,1790482243.372487,42284.185978,42286.977378,2791.4,SSE,/api/inference/stream,True,,12,30,,
1790482240.61661,1790482243.406467,42284.221501,42287.011358,2789.857,SSE,/api/inference/stream,True,,12,31,,
1790482240.643679,1790482243.433522,42284.24857,42287.038412,2789.842,SSE,/api/inference/stream,True,,12,32,,
1790482240.671418,1790482243.46068,42284.276308,42287.065571,2789.263,SSE,/api/inference/stream,True,,12,33,,
1790482240.700582,1790482243.490559,42284.305472,42287.095449,2789.977,SSE,/api/inference/stream,True,,12,34,,
1790482240.733921,1790482243.523245,42284.338812,42287.128135,2789.323,SSE,/api/inference/stream,True,,12,35,,
1790482240.754606,1790482243.545268,42284.359496,42287.150158,2790.662,SSE,/api/inference/stream,True,,12,36,,
1790482240.781054,1790482243.570951,42284.385944,42287.175842,2789.898,SSE,/api/inference/stream,True,,12,37,,
1790482240.810211,1790482243.599439,42284.415101,42287.20433,2789.229,SSE,/api/inference/stream,True,,12,38,,
1790482240.839069,1790482243.630091,42284.44396,42287.234982,2791.022,SSE,/api/inference/stream,True,,12,39,,
1790482240.865906,1790482243.655683,42284.470797,42287.260573,2789.777,SSE,/api/inference/stream,True,,12,40,,
1790482240.896675,1790482243.68552,42284.501566,42287.290411,2788.845,SSE,/api/inference/stream,True,,12,41,,
1790482240.921537,1790482243.711431,42284.526428,42287.316322,2789.894,SSE,/api/inference/stream,True,,12,42,,
1790482240.949597,1790482243.739945,42284.554487,42287.344836,2790.348,SSE,/api/inference/stream,True,,12,43,,
1790482240.977595,1790482243.767985,42284.582486,42287.372876,2790.39,SSE,/api/inference/stream,True,,12,44,,
1790482241.011948,1790482243.80279,42284.616839,42287.407681,2790.842,SSE,/api/inference/stream,True,,12,45,,
1790482241.03984,1790482243.831777,42284.644731,42287.436668,2791.938,SSE,/api/inference/stream,True,,12,46,,
1790482241.063561,1790482243.852854,42284.668451,42287.457745,2789.293,SSE,/api/inference/stream,True,,12,47,,
1790482241.094713,1790482243.884351,42284.699603,42287.489241,2789.638,SSE,/api/inference/stream,True,,12,48,,
1790482241.117971,1790482243.908772,42284.722861,42287.513663,2790.801,SSE,/api/inference/stream,True,,12,49,,
1790482241.14994,1790482243.940115,42284.754831,42287.545006,2790.175,SSE,/api/inference/stream,True,,12,50,,
1790482241.173866,1790482243.96532,42284.778756,42287.570211,2791.455,SSE,/api/inference/stream,True,,12,51,,
1790482241.200362,1790482243.990608,42284.805253,42287.595499,2790.246,SSE,/api/inference/stream,True,,12,52,,
1790482241.226636,1790482244.018504,42284.831526,42287.623394,2791.868,SSE,/api/inference/stream,True,,12,53,,
1790482241.254147,1790482244.043677,42284.859037,42287.648567,2789.53,SSE,/api/inference/stream,True,,12,54,,
1790482241.292836,1790482244.084969,42284.897727,42287.68986,2792.133,SSE,/api/inference/stream,True,,12,55,,
1790482241.304918,1790482244.093206,42284.909809,42287.698097,2788.288,SSE,/api/inference/stream,True,,12,56,,
1790482241.33995,1790482244.130077,42284.94484,42287.734967,2790.127,SSE,/api/inference/stream,True,,12,57,,
1790482241.365212,1790482244.154609,42284.970103,42287.7595,2789.397,SSE,/api/inference/stream,True,,12,58,,
1790482241.391672,1790482244.182217,42284.996562,42287.787107,2790.545,SSE,/api/inference/stream,True,,12,59,,
1790482241.440609,1790482244.23132,42285.0455,42287.83621,2790.711,SSE,/api/inference/stream,True,,12,60,,
1790482241.447656,1790482244.237533,42285.052547,42287.842424,2789.877,SSE,/api/inference/stream,True,,12,61,,
1790482241.478516,1790482244.268606,42285.083406,42287.873497,2790.09,SSE,/api/inference/stream,True,,12,62,,
1790482241.502029,1790482244.292349,42285.10692,42287.897239,2790.319,SSE,/api/inference/stream,True,,12,63,,
1790482241.534512,1790482244.326072,42285.139403,42287.930963,2791.56,SSE,/api/inference/stream,True,,12,64,,
1790482241.555758,1790482244.34407,42285.160648,42287.948961,2788.312,SSE,/api/inference/stream,True,,12,65,,
1790482241.604241,1790482244.391229,42285.209131,42287.99612,2786.989,SSE,/api/inference/stream,True,,12,66,,
1790482241.615325,1790482244.402415,42285.220216,42288.007306,2787.091,SSE,/api/inference/stream,True,,12,67,,
1790482241.647402,1790482244.438558,42285.252293,42288.043449,2791.156,SSE,/api/inference/stream,True,,12,68,,
1790482241.673006,1790482244.464374,42285.277896,42288.069265,2791.369,SSE,/api/inference/stream,True,,12,69,,
1790482241.706236,1790482244.495408,42285.311127,42288.100298,2789.171,SSE,/api/inference/stream,True,,12,70,,
1790482241.721036,1790482244.511009,42285.325927,42288.1159,2789.973,SSE,/api/inference/stream,True,,12,71,,
1790482241.754961,1790482244.547605,42285.359852,42288.152496,2792.644,SSE,/api/inference/stream,True,,12,72,,
1790482241.783341,1790482244.571984,42285.388231,42288.176874,2788.643,SSE,/api/inference/stream,True,,12,73,,
1790482241.817847,1790482244.609517,42285.422737,42288.214408,2791.671,SSE,/api/inference/stream,True,,12,74,,
1790482241.839794,1790482244.629668,42285.444685,42288.234559,2789.874,SSE,/api/inference/stream,True,,12,75,,
1790482241.871665,1790482244.66099,42285.476556,42288.26588,2789.324,SSE,/api/inference/stream,True,,12,76,,
1790482241.894572,1790482244.683462,42285.499463,42288.288352,2788.89,SSE,/api/inference/stream,True,,12,77,,
1790482241.923623,1790482244.712696,42285.528514,42288.317587,2789.073,SSE,/api/inference/stream,True,,12,78,,
1790482241.946615,1790482244.736022,42285.551506,42288.340912,2789.406,SSE,/api/inference/stream,True,,12,79,,
1790482241.977427,1790482244.76864,42285.582318,42288.37353,2791.212,SSE,/api/inference/stream,True,,12,80,,
1790482242.00965,1790482244.800948,42285.614541,42288.405838,2791.298,SSE,/api/inference/stream,True,,12,81,,
1790482242.041129,1790482244.834326,42285.646019,42288.439216,2793.196,SSE,/api/inference/stream,True,,12,82,,
1790482242.06095,1790482244.851645,42285.66584,42288.456536,2790.696,SSE,/api/inference/stream,True,,12,83,,
1790482242.089303,1790482244.87732,42285.694193,42288.48221,2788.017,SSE,/api/inference/stream,True,,12,84,,
1790482242.12464,1790482244.91488,42285.729531,42288.51977,2790.24,SSE,/api/inference/stream,True,,12,85,,
1790482242.148992,1790482244.939405,42285.753883,42288.544296,2790.413,SSE,/api/inference/stream,True,,12,86,,
1790482242.169902,1790482244.958853,42285.774793,42288.563743,2788.951,SSE,/api/inference/stream,True,,12,87,,
1790482242.205122,1790482244.996134,42285.810012,42288.601024,2791.012,SSE,/api/inference/stream,True,,12,88,,
1790482242.22512,1790482245.0133,42285.83001,42288.618191,2788.181,SSE,/api/inference/stream,True,,12,89,,
1790482242.258646,1790482245.049081,42285.863536,42288.653972,2790.436,SSE,/api/inference/stream,True,,12,90,,
1790482242.285273,1790482245.078225,42285.890164,42288.683116,2792.952,SSE,/api/inference/stream,True,,12,91,,
1790482242.30771,1790482245.096466,42285.912601,42288.701356,2788.756,SSE,/api/inference/stream,True,,12,92,,
1790482242.34356,1790482245.135705,42285.948451,42288.740596,2792.145,SSE,/api/inference/stream,True,,12,93,,
1790482242.361885,1790482245.15094,42285.966776,42288.755831,2789.054,SSE,/api/inference/stream,True,,12,94,,
1790482242.397377,1790482245.187341,42286.002267,42288.792232,2789.965,SSE,/api/inference/stream,True,,12,95,,
1790482242.424846,1790482245.214691,42286.029737,42288.819582,2789.845,SSE,/api/inference/stream,True,,12,96,,
1790482242.451906,1790482245.241663,42286.056797,42288.846554,2789.757,SSE,/api/inference/stream,True,,12,97,,
1790482242.480508,1790482245.270055,42286.085398,42288.874946,2789.547,SSE,/api/inference/stream,True,,12,98,,
1790482242.510752,1790482245.300457,42286.115642,42288.905347,2789.705,SSE,/api/inference/stream,True,,12,99,,
1790482242.54797,1790482245.337341,42286.152861,42288.942232,2789.371,SSE,/api/inference/stream,True,,12,0,,
1790482242.571217,1790482245.360723,42286.176107,42288.965614,2789.507,SSE,/api/inference/stream,True,,12,1,,
1790482242.602883,1790482245.392228,42286.207774,42288.997119,2789.345,SSE,/api/inference/stream,True,,12,2,,
1790482242.627113,1790482245.41616,42286.232004,42289.02105,2789.047,SSE,/api/inference/stream,True,,12,3,,
1790482242.664105,1790482245.45394,42286.268995,42289.05883,2789.835,SSE,/api/inference/stream,True,,12,4,,
1790482242.687663,1790482245.477079,42286.292554,42289.08197,2789.416,SSE,/api/inference/stream,True,,12,5,,
1790482242.716856,1790482245.506105,42286.321746,42289.110996,2789.25,SSE,/api/inference/stream,True,,12,6,,
1790482242.741445,1790482245.529618,42286.346336,42289.134509,2788.173,SSE,/api/inference/stream,True,,12,7,,
1790482242.766389,1790482245.554963,42286.37128,42289.159853,2788.573,SSE,/api/inference/stream,True,,12,8,,
1790482242.796091,1790482245.586523,42286.400982,42289.191414,2790.432,SSE,/api/inference/stream,True,,12,9,,
1790482242.827616,1790482245.616655,42286.432507,42289.221546,2789.039,SSE,/api/inference/stream,True,,12,10,,
1790482242.854874,1790482245.645889,42286.459764,42289.250779,2791.015,SSE,/api/inference/stream,True,,12,11,,
1790482242.879927,1790482245.669905,42286.484818,42289.274796,2789.978,SSE,/api/inference/stream,True,,12,12,,
1790482242.909741,1790482245.700523,42286.514632,42289.305414,2790.783,SSE,/api/inference/stream,True,,12,13,,
1790482242.933061,1790482245.72224,42286.537952,42289.327131,2789.179,SSE,/api/inference/stream,True,,12,14,,
1790482242.966274,1790482245.755621,42286.571165,42289.360511,2789.346,SSE,/api/inference/stream,True,,12,15,,
1790482242.993959,1790482245.784203,42286.59885,42289.389094,2790.244,SSE,/api/inference/stream,True,,12,16,,
1790482243.020343,1790482245.809026,42286.625234,42289.413917,2788.683,SSE,/api/inference/stream,True,,12,17,,
1790482243.050452,1790482245.841414,42286.655343,42289.446305,2790.961,SSE,/api/inference/stream,True,,12,18,,
1790482243.072603,1790482245.869063,42286.677494,42289.473954,2796.46,SSE,/api/inference/stream,True,,12,19,,
1790482243.098294,1790482245.887075,42286.703185,42289.491966,2788.781,SSE,/api/inference/stream,True,,12,20,,
1790482243.13428,1790482245.923987,42286.73917,42289.528878,2789.708,SSE,/api/inference/stream,True,,12,21,,
1790482243.161693,1790482245.953134,42286.766584,42289.558024,2791.441,SSE,/api/inference/stream,True,,12,22,,
1790482243.182968,1790482245.972471,42286.787858,42289.577361,2789.503,SSE,/api/inference/stream,True,,12,23,,
1790482243.215507,1790482246.006708,42286.820397,42289.611599,2791.202,SSE,/api/inference/stream,True,,12,24,,
1790482243.236191,1790482246.026031,42286.841081,42289.630921,2789.84,SSE,/api/inference/stream,True,,12,25,,
1790482243.264319,1790482246.053466,42286.86921,42289.658356,2789.146,SSE,/api/inference/stream,True,,12,26,,
1790482243.296431,1790482246.08708,42286.901321,42289.691971,2790.65,SSE,/api/inference/stream,True,,12,27,,
1790482243.357304,1790482246.148684,42286.962194,42289.753574,2791.38,SSE,/api/inference/stream,True,,12,28,,
1790482243.370532,1790482246.161161,42286.975423,42289.766052,2790.629,SSE,/api/inference/stream,True,,12,29,,
1790482243.372643,1790482246.162705,42286.977535,42289.767596,2790.062,SSE,/api/inference/stream,True,,12,30,,
1790482243.406813,1790482246.196203,42287.011704,42289.801094,2789.39,SSE,/api/inference/stream,True,,12,31,,
1790482243.433856,1790482246.223366,42287.038746,42289.828257,2789.511,SSE,/api/inference/stream,True,,12,32,,
1790482243.460954,1790482246.249941,42287.065845,42289.854831,2788.986,SSE,/api/inference/stream,True,,12,33,,
1790482243.490946,1790482246.280974,42287.095836,42289.885864,2790.028,SSE,/api/inference/stream,True,,12,34,,
1790482243.523535,1790482246.312222,42287.128426,42289.917113,2788.687,SSE,/api/inference/stream,True,,12,35,,
1790482243.545647,1790482246.335146,42287.150538,42289.940037,2789.499,SSE,/api/inference/stream,True,,12,36,,
1790482243.571322,1790482246.361848,42287.176212,42289.966738,2790.526,SSE,/api/inference/stream,True,,12,37,,
1790482243.59972,1790482246.390131,42287.204611,42289.995022,2790.41,SSE,/api/inference/stream,True,,12,38,,
1790482243.630323,1790482246.421185,42287.235213,42290.026076,2790.863,SSE,/api/inference/stream,True,,12,39,,
1790482243.655981,1790482246.445494,42287.260871,42290.050384,2789.513,SSE,/api/inference/stream,True,,12,40,,
1790482243.685791,1790482246.477823,42287.290682,42290.082713,2792.031,SSE,/api/inference/stream,True,,12,41,,
1790482243.711771,1790482246.501688,42287.316662,42290.106579,2789.917,SSE,/api/inference/stream,True,,12,42,,
1790482243.740271,1790482246.529693,42287.345162,42290.134583,2789.421,SSE,/api/inference/stream,True,,12,43,,
1790482243.768355,1790482246.558778,42287.373246,42290.163668,2790.422,SSE,/api/inference/stream,True,,12,44,,
1790482243.803188,1790482246.592251,42287.408079,42290.197141,2789.062,SSE,/api/inference/stream,True,,12,45,,
1790482243.832063,1790482246.622255,42287.436954,42290.227146,2790.192,SSE,/api/inference/stream,True,,12,46,,
1790482243.853133,1790482246.642635,42287.458024,42290.247526,2789.502,SSE,/api/inference/stream,True,,12,47,,
1790482243.884648,1790482246.67726,42287.489539,42290.28215,2792.612,SSE,/api/inference/stream,True,,12,48,,
1790482243.909135,1790482246.697446,42287.514025,42290.302337,2788.311,SSE,/api/inference/stream,True,,12,49,,
1790482243.940387,1790482246.729274,42287.545278,42290.334165,2788.887,SSE,/api/inference/stream,True,,12,50,,
1790482243.96562,1790482246.756563,42287.570511,42290.361453,2790.943,SSE,/api/inference/stream,True,,12,51,,
1790482243.990926,1790482246.780247,42287.595816,42290.385138,2789.321,SSE,/api/inference/stream,True,,12,52,,
1790482244.018897,1790482246.80996,42287.623788,42290.41485,2791.063,SSE,/api/inference/stream,True,,12,53,,
1790482244.044026,1790482246.833188,42287.648917,42290.438079,2789.162,SSE,/api/inference/stream,True,,12,54,,
1790482244.085248,1790482246.877197,42287.690139,42290.482088,2791.948,SSE,/api/inference/stream,True,,12,55,,
1790482244.09343,1790482246.882016,42287.698321,42290.486907,2788.586,SSE,/api/inference/stream,True,,12,56,,
1790482244.130382,1790482246.920703,42287.735273,42290.525594,2790.321,SSE,/api/inference/stream,True,,12,57,,
1790482244.154956,1790482246.944116,42287.759847,42290.549007,2789.16,SSE,/api/inference/stream,True,,12,58,,
1790482244.182583,1790482246.973848,42287.787473,42290.578738,2791.265,SSE,/api/inference/stream,True,,12,59,,
1790482244.231623,1790482247.021376,42287.836514,42290.626267,2789.753,SSE,/api/inference/stream,True,,12,60,,
1790482244.237748,1790482247.02801,42287.842639,42290.632901,2790.262,SSE,/api/inference/stream,True,,12,61,,
1790482244.268904,1790482247.05898,42287.873795,42290.663871,2790.076,SSE,/api/inference/stream,True,,12,62,,
1790482244.292744,1790482247.082201,42287.897635,42290.687092,2789.457,SSE,/api/inference/stream,True,,12,63,,
1790482244.326447,1790482247.118909,42287.931338,42290.723799,2792.461,SSE,/api/inference/stream,True,,12,64,,
1790482244.344443,1790482247.133741,42287.949334,42290.738632,2789.299,SSE,/api/inference/stream,True,,12,65,,
1790482244.391574,1790482247.181914,42287.996464,42290.786804,2790.34,SSE,/api/inference/stream,True,,12,66,,
1790482244.402704,1790482247.198441,42288.007594,42290.803332,2795.737,SSE,/api/inference/stream,True,,12,67,,
1790482244.438925,1790482247.229662,42288.043815,42290.834552,2790.737,SSE,/api/inference/stream,True,,12,68,,
1790482244.464664,1790482247.255685,42288.069554,42290.860575,2791.021,SSE,/api/inference/stream,True,,12,69,,
1790482244.495756,1790482247.284956,42288.100646,42290.889847,2789.201,SSE,/api/inference/stream,True,,12,70,,
1790482244.5113,1790482247.300706,42288.116191,42290.905597,2789.406,SSE,/api/inference/stream,True,,12,71,,
1790482244.547954,1790482247.337852,42288.152845,42290.942743,2789.898,SSE,/api/inference/stream,True,,12,72,,
1790482244.572332,1790482247.36203,42288.177223,42290.966921,2789.698,SSE,/api/inference/stream,True,,12,73,,
1790482244.609814,1790482247.399912,42288.214705,42291.004803,2790.098,SSE,/api/inference/stream,True,,12,74,,
1790482244.62994,1790482247.420723,42288.234831,42291.025614,2790.783,SSE,/api/inference/stream,True,,12,75,,
1790482244.661239,1790482247.451606,42288.26613,42291.056496,2790.366,SSE,/api/inference/stream,True,,12,76,,
1790482244.683801,1790482247.473294,42288.288692,42291.078185,2789.493,SSE,/api/inference/stream,True,,12,77,,
1790482244.71294,1790482247.501621,42288.317831,42291.106511,2788.68,SSE,/api/inference/stream,True,,12,78,,
1790482244.736279,1790482247.526036,42288.34117,42291.130927,2789.757,SSE,/api/inference/stream,True,,12,79,,
1790482244.768989,1790482247.559226,42288.37388,42291.164117,2790.237,SSE,/api/inference/stream,True,,12,80,,
1790482244.801219,1790482247.590598,42288.406109,42291.195489,2789.379,SSE,/api/inference/stream,True,,12,81,,
1790482244.834642,1790482247.628231,42288.439533,42291.233122,2793.589,SSE,/api/inference/stream,True,,12,82,,
1790482244.852043,1790482247.644943,42288.456933,42291.249834,2792.901,SSE,/api/inference/stream,True,,12,83,,
1790482244.877604,1790482247.667445,42288.482494,42291.272336,2789.842,SSE,/api/inference/stream,True,,12,84,,
1790482244.915262,1790482247.7058,42288.520153,42291.310691,2790.538,SSE,/api/inference/stream,True,,12,85,,
1790482244.939693,1790482247.733154,42288.544584,42291.338045,2793.461,SSE,/api/inference/stream,True,,12,86,,
1790482244.959115,1790482247.748638,42288.564006,42291.353528,2789.523,SSE,/api/inference/stream,True,,12,87,,
1790482244.996439,1790482247.78695,42288.60133,42291.391841,2790.511,SSE,/api/inference/stream,True,,12,88,,
1790482245.013598,1790482247.802976,42288.618489,42291.407867,2789.378,SSE,/api/inference/stream,True,,12,89,,
1790482245.04939,1790482247.83784,42288.654281,42291.442731,2788.45,SSE,/api/inference/stream,True,,12,90,,
1790482245.078496,1790482247.868993,42288.683386,42291.473883,2790.497,SSE,/api/inference/stream,True,,12,91,,
1790482245.096742,1790482247.888949,42288.701633,42291.493839,2792.207,SSE,/api/inference/stream,True,,12,92,,
1790482245.136001,1790482247.926867,42288.740891,42291.531758,2790.866,SSE,/api/inference/stream,True,,12,93,,
1790482245.151346,1790482247.939754,42288.756238,42291.544646,2788.408,SSE,/api/inference/stream,True,,12,94,,
1790482245.187647,1790482247.978296,42288.792538,42291.583187,2790.649,SSE,/api/inference/stream,True,,12,95,,
1790482245.214973,1790482248.005304,42288.819864,42291.610194,2790.33,SSE,/api/inference/stream,True,,12,96,,
1790482245.242008,1790482248.031616,42288.846899,42291.636506,2789.607,SSE,/api/inference/stream,True,,12,97,,
1790482245.270345,1790482248.061458,42288.875235,42291.666349,2791.113,SSE,/api/inference/stream,True,,12,98,,
1790482245.300728,1790482248.090569,42288.905618,42291.69546,2789.841,SSE,/api/inference/stream,True,,12,99,,
1790482245.337615,1790482248.128337,42288.942506,42291.733228,2790.722,SSE,/api/inference/stream,True,,12,0,,
1790482245.361024,1790482248.152029,42288.965915,42291.75692,2791.005,SSE,/api/inference/stream,True,,12,1,,
1790482245.392538,1790482248.183733,42288.997429,42291.788624,2791.195,SSE,/api/inference/stream,True,,12,2,,
1790482245.416526,1790482248.206702,42289.021416,42291.811593,2790.177,SSE,/api/inference/stream,True,,12,3,,
1790482245.454315,1790482248.24367,42289.059206,42291.848561,2789.355,SSE,/api/inference/stream,True,,12,4,,
1790482245.477387,1790482248.268643,42289.082277,42291.873533,2791.256,SSE,/api/inference/stream,True,,12,5,,
1790482245.506457,1790482248.295045,42289.111347,42291.899935,2788.588,SSE,/api/inference/stream,True,,12,6,,
1790482245.529938,1790482248.319369,42289.134829,42291.92426,2789.431,SSE,/api/inference/stream,True,,12,7,,
1790482245.555369,1790482248.344288,42289.16026,42291.949179,2788.919,SSE,/api/inference/stream,True,,12,8,,
1790482245.586909,1790482248.37716,42289.191799,42291.98205,2790.251,SSE,/api/inference/stream,True,,12,9,,
1790482245.616954,1790482248.40618,42289.221845,42292.011071,2789.226,SSE,/api/inference/stream,True,,12,10,,
1790482245.646232,1790482248.43547,42289.251123,42292.040361,2789.238,SSE,/api/inference/stream,True,,12,11,,
1790482245.670213,1790482248.46122,42289.275104,42292.066111,2791.007,SSE,/api/inference/stream,True,,12,12,,
1790482245.700755,1790482248.491246,42289.305646,42292.096136,2790.491,SSE,/api/inference/stream,True,,12,13,,
1790482245.72254,1790482248.512981,42289.32743,42292.117872,2790.441,SSE,/api/inference/stream,True,,12,14,,
1790482245.755902,1790482248.543756,42289.360792,42292.148647,2787.854,SSE,/api/inference/stream,True,,12,15,,
1790482245.784469,1790482248.574722,42289.38936,42292.179613,2790.253,SSE,/api/inference/stream,True,,12,16,,
1790482245.809353,1790482248.602216,42289.414244,42292.207107,2792.863,SSE,/api/inference/stream,True,,12,17,,
1790482245.841734,1790482248.632879,42289.446624,42292.237769,2791.145,SSE,/api/inference/stream,True,,12,18,,
1790482245.869355,1790482248.661656,42289.474246,42292.266547,2792.301,SSE,/api/inference/stream,True,,12,19,,
1790482245.887521,1790482248.678678,42289.492411,42292.283568,2791.157,SSE,/api/inference/stream,True,,12,20,,
1790482245.924269,1790482248.715791,42289.529159,42292.320681,2791.522,SSE,/api/inference/stream,True,,12,21,,
1790482245.953534,1790482248.744808,42289.558424,42292.349699,2791.274,SSE,/api/inference/stream,True,,12,22,,
1790482245.972768,1790482248.76284,42289.577659,42292.367731,2790.072,SSE,/api/inference/stream,True,,12,23,,
1790482246.007118,1790482248.796894,42289.612008,42292.401784,2789.776,SSE,/api/inference/stream,True,,12,24,,
1790482246.026332,1790482248.815493,42289.631223,42292.420384,2789.161,SSE,/api/inference/stream,True,,12,25,,
1790482246.053793,1790482248.842147,42289.658684,42292.447037,2788.354,SSE,/api/inference/stream,True,,12,26,,
1790482246.087462,1790482248.877136,42289.692352,42292.482026,2789.674,SSE,/api/inference/stream,True,,12,27,,
1790482246.148993,1790482248.939988,42289.753884,42292.544878,2790.994,SSE,/api/inference/stream,True,,12,28,,
1790482246.161389,1790482248.953188,42289.766279,42292.558079,2791.799,SSE,/api/inference/stream,True,,12,29,,
1790482246.163,1790482248.955262,42289.767891,42292.560154,2792.263,SSE,/api/inference/stream,True,,12,30,,
1790482246.196412,1790482248.985582,42289.801302,42292.590473,2789.171,SSE,/api/inference/stream,True,,12,31,,
1790482246.223698,1790482249.013394,42289.828588,42292.618285,2789.697,SSE,/api/inference/stream,True,,12,32,,
1790482246.250263,1790482249.039248,42289.855154,42292.644139,2788.985,SSE,/api/inference/stream,True,,12,33,,
1790482246.281343,1790482249.070691,42289.886233,42292.675581,2789.348,SSE,/api/inference/stream,True,,12,34,,
1790482246.31249,1790482249.102116,42289.917381,42292.707007,2789.626,SSE,/api/inference/stream,True,,12,35,,
1790482246.335475,1790482249.12438,42289.940366,42292.729271,2788.904,SSE,/api/inference/stream,True,,12,36,,
1790482246.362124,1790482249.153479,42289.967015,42292.758369,2791.355,SSE,/api/inference/stream,True,,12,37,,
1790482246.390483,1790482249.180443,42289.995374,42292.785334,2789.96,SSE,/api/inference/stream,True,,12,38,,
1790482246.421494,1790482249.212089,42290.026384,42292.816979,2790.595,SSE,/api/inference/stream,True,,12,39,,
1790482246.445767,1790482249.236297,42290.050658,42292.841188,2790.53,SSE,/api/inference/stream,True,,12,40,,
1790482246.478118,1790482249.268935,42290.083009,42292.873826,2790.817,SSE,/api/inference/stream,True,,12,41,,
1790482246.502059,1790482249.291368,42290.106949,42292.896259,2789.31,SSE,/api/inference/stream,True,,12,42,,
1790482246.530084,1790482249.321491,42290.134975,42292.926381,2791.406,SSE,/api/inference/stream,True,,12,43,,
1790482246.559159,1790482249.348741,42290.164049,42292.953631,2789.582,SSE,/api/inference/stream,True,,12,44,,
1790482246.592538,1790482249.381904,42290.197429,42292.986794,2789.366,SSE,/api/inference/stream,True,,12,45,,
1790482246.622557,1790482249.412599,42290.227448,42293.01749,2790.042,SSE,/api/inference/stream,True,,12,46,,
1790482246.642983,1790482249.433468,42290.247874,42293.038359,2790.485,SSE,/api/inference/stream,True,,12,47,,
1790482246.677553,1790482249.470004,42290.282444,42293.074894,2792.451,SSE,/api/inference/stream,True,,12,48,,
1790482246.697799,1790482249.486482,42290.30269,42293.091372,2788.683,SSE,/api/inference/stream,True,,12,49,,
1790482246.729618,1790482249.520278,42290.334509,42293.125169,2790.661,SSE,/api/inference/stream,True,,12,50,,
1790482246.756929,1790482249.547527,42290.36182,42293.152418,2790.598,SSE,/api/inference/stream,True,,12,51,,
1790482246.780471,1790482249.568945,42290.385361,42293.173835,2788.474,SSE,/api/inference/stream,True,,12,52,,
1790482246.810465,1790482249.602142,42290.415356,42293.207032,2791.677,SSE,/api/inference/stream,True,,12,53,,
1790482246.83352,1790482249.623654,42290.438411,42293.228545,2790.134,SSE,/api/inference/stream,True,,12,54,,
1790482246.877493,1790482249.670152,42290.482384,42293.275043,2792.659,SSE,/api/inference/stream,True,,12,55,,
1790482246.882221,1790482249.672636,42290.487112,42293.277527,2790.416,SSE,/api/inference/stream,True,,12,56,,
1790482246.921053,1790482249.710527,42290.525943,42293.315418,2789.475,SSE,/api/inference/stream,True,,12,57,,
1790482246.944408,1790482249.733589,42290.549298,42293.338479,2789.181,SSE,/api/inference/stream,True,,12,58,,
1790482246.974229,1790482249.763577,42290.57912,42293.368468,2789.348,SSE,/api/inference/stream,True,,12,59,,
1790482247.021639,1790482249.810446,42290.62653,42293.415336,2788.807,SSE,/api/inference/stream,True,,12,60,,
1790482247.028181,1790482249.816748,42290.633072,42293.421639,2788.567,SSE,/api/inference/stream,True,,12,61,,
1790482247.059384,1790482249.849248,42290.664274,42293.454138,2789.864,SSE,/api/inference/stream,True,,12,62,,
1790482247.082484,1790482249.873193,42290.687375,42293.478084,2790.709,SSE,/api/inference/stream,True,,12,63,,
1790482247.119296,1790482249.908463,42290.724187,42293.513354,2789.167,SSE,/api/inference/stream,True,,12,64,,
1790482247.133987,1790482249.924218,42290.738878,42293.529109,2790.231,SSE,/api/inference/stream,True,,12,65,,
1790482247.182283,1790482249.97446,42290.787174,42293.57935,2792.176,SSE,/api/inference/stream,True,,12,66,,
1790482247.198675,1790482249.98789,42290.803566,42293.592781,2789.215,SSE,/api/inference/stream,True,,12,67,,
1790482247.230064,1790482250.020043,42290.834954,42293.624934,2789.979,SSE,/api/inference/stream,True,,12,68,,
1790482247.255986,1790482250.04897,42290.860877,42293.653861,2792.984,SSE,/api/inference/stream,True,,12,69,,
1790482247.285259,1790482250.07479,42290.89015,42293.679681,2789.531,SSE,/api/inference/stream,True,,12,70,,
1790482247.301021,1790482250.090462,42290.905912,42293.695353,2789.441,SSE,/api/inference/stream,True,,12,71,,
1790482247.338144,1790482250.128975,42290.943035,42293.733865,2790.831,SSE,/api/inference/stream,True,,12,72,,
1790482247.362373,1790482250.152651,42290.967263,42293.757541,2790.278,SSE,/api/inference/stream,True,,12,73,,
1790482247.400169,1790482250.189147,42291.00506,42293.794038,2788.978,SSE,/api/inference/stream,True,,12,74,,
1790482247.421014,1790482250.212168,42291.025905,42293.817059,2791.154,SSE,/api/inference/stream,True,,12,75,,
1790482247.451914,1790482250.241834,42291.056805,42293.846725,2789.92,SSE,/api/inference/stream,True,,12,76,,
1790482247.473627,1790482250.262458,42291.078518,42293.867349,2788.831,SSE,/api/inference/stream,True,,12,77,,
1790482247.501962,1790482250.292337,42291.106853,42293.897228,2790.375,SSE,/api/inference/stream,True,,12,78,,
1790482247.526334,1790482250.317007,42291.131224,42293.921898,2790.673,SSE,/api/inference/stream,True,,12,79,,
1790482247.559564,1790482250.350506,42291.164454,42293.955397,2790.943,SSE,/api/inference/stream,True,,12,80,,
1790482247.590859,1790482250.381276,42291.195749,42293.986167,2790.417,SSE,/api/inference/stream,True,,12,81,,
1790482247.628504,1790482250.41827,42291.233395,42294.023161,2789.767,SSE,/api/inference/stream,True,,12,82,,
1790482247.645322,1790482250.439704,42291.250211,42294.044594,2794.383,SSE,/api/inference/stream,True,,12,83,,
1790482247.667746,1790482250.457912,42291.272637,42294.062802,2790.166,SSE,/api/inference/stream,True,,12,84,,
1790482247.706182,1790482250.496609,42291.311073,42294.1015,2790.427,SSE,/api/inference/stream,True,,12,85,,
1790482247.733439,1790482250.524925,42291.338329,42294.129816,2791.486,SSE,/api/inference/stream,True,,12,86,,
1790482247.748895,1790482250.537667,42291.353786,42294.142558,2788.772,SSE,/api/inference/stream,True,,12,87,,
1790482247.787266,1790482250.577325,42291.392156,42294.182215,2790.059,SSE,/api/inference/stream,True,,12,88,,
1790482247.803262,1790482250.591495,42291.408153,42294.196386,2788.232,SSE,/api/inference/stream,True,,12,89,,
1790482247.838082,1790482250.62734,42291.442972,42294.23223,2789.258,SSE,/api/inference/stream,True,,12,90,,
1790482247.869266,1790482250.658578,42291.474156,42294.263469,2789.312,SSE,/api/inference/stream,True,,12,91,,
1790482247.889258,1790482250.678633,42291.494149,42294.283524,2789.375,SSE,/api/inference/stream,True,,12,92,,
1790482247.927279,1790482250.718117,42291.53217,42294.323007,2790.838,SSE,/api/inference/stream,True,,12,93,,
1790482247.939966,1790482250.730746,42291.544858,42294.335638,2790.78,SSE,/api/inference/stream,True,,12,94,,
1790482247.978629,1790482250.769419,42291.583519,42294.37431,2790.79,SSE,/api/inference/stream,True,,12,95,,
1790482248.005625,1790482250.794549,42291.610515,42294.399439,2788.924,SSE,/api/inference/stream,True,,12,96,,
1790482248.031924,1790482250.821013,42291.636815,42294.425903,2789.088,SSE,/api/inference/stream,True,,12,97,,
1790482248.061828,1790482250.851054,42291.666719,42294.455945,2789.226,SSE,/api/inference/stream,True,,12,98,,
1790482248.09092,1790482250.879209,42291.695811,42294.4841,2788.289,SSE,/api/inference/stream,True,,12,99,,
1790482248.128715,1790482250.917593,42291.733606,42294.522484,2788.877,SSE,/api/inference/stream,True,,12,0,,
1790482248.152413,1790482250.942993,42291.757304,42294.547884,2790.58,SSE,/api/inference/stream,True,,12,1,,
1790482248.184075,1790482250.974801,42291.788966,42294.579692,2790.726,SSE,/api/inference/stream,True,,12,2,,
1790482248.206984,1790482250.995898,42291.811874,42294.600788,2788.914,SSE,/api/inference/stream,True,,12,3,,
1790482248.244068,1790482251.034209,42291.848958,42294.639099,2790.141,SSE,/api/inference/stream,True,,12,4,,
1790482248.26896,1790482251.060233,42291.873851,42294.665123,2791.272,SSE,/api/inference/stream,True,,12,5,,
1790482248.295437,1790482251.086196,42291.900327,42294.691087,2790.759,SSE,/api/inference/stream,True,,12,6,,
1790482248.319652,1790482251.108777,42291.924543,42294.713668,2789.126,SSE,/api/inference/stream,True,,12,7,,
1790482248.344637,1790482251.134692,42291.949528,42294.739583,2790.055,SSE,/api/inference/stream,True,,12,8,,
1790482248.377464,1790482251.16731,42291.982355,42294.7722,2789.846,SSE,/api/inference/stream,True,,12,9,,
1790482248.406496,1790482251.195423,42292.011387,42294.800314,2788.927,SSE,/api/inference/stream,True,,12,10,,
1790482248.435759,1790482251.225011,42292.04065,42294.829902,2789.252,SSE,/api/inference/stream,True,,12,11,,
1790482248.461553,1790482251.251704,42292.066444,42294.856595,2790.152,SSE,/api/inference/stream,True,,12,12,,
1790482248.491564,1790482251.284968,42292.096454,42294.889859,2793.405,SSE,/api/inference/stream,True,,12,13,,
1790482248.513275,1790482251.302772,42292.118166,42294.907662,2789.496,SSE,/api/inference/stream,True,,12,14,,
1790482248.544015,1790482251.334371,42292.148906,42294.939262,2790.356,SSE,/api/inference/stream,True,,12,15,,
1790482248.575056,1790482251.363801,42292.179947,42294.968692,2788.745,SSE,/api/inference/stream,True,,12,16,,
1790482248.602561,1790482251.392794,42292.207452,42294.997685,2790.233,SSE,/api/inference/stream,True,,12,17,,
1790482248.633166,1790482251.427713,42292.238057,42295.032604,2794.547,SSE,/api/inference/stream,True,,12,18,,
1790482248.661991,1790482251.453255,42292.266882,42295.058146,2791.264,SSE,/api/inference/stream,True,,12,19,,
1790482248.679019,1790482251.468608,42292.28391,42295.073499,2789.589,SSE,/api/inference/stream,True,,12,20,,
1790482248.716092,1790482251.505993,42292.320982,42295.110883,2789.901,SSE,/api/inference/stream,True,,12,21,,
1790482248.745261,1790482251.537361,42292.350152,42295.142252,2792.1,SSE,/api/inference/stream,True,,12,22,,
1790482248.7631,1790482251.551103,42292.367991,42295.155994,2788.003,SSE,/api/inference/stream,True,,12,23,,
1790482248.797181,1790482251.587516,42292.402072,42295.192406,2790.334,SSE,/api/inference/stream,True,,12,24,,
1790482248.815831,1790482251.604183,42292.420722,42295.209074,2788.352,SSE,/api/inference/stream,True,,12,25,,
1790482248.842483,1790482251.631602,42292.447374,42295.236493,2789.119,SSE,/api/inference/stream,True,,12,26,,
1790482248.877466,1790482251.667436,42292.482356,42295.272326,2789.97,SSE,/api/inference/stream,True,,12,27,,
1790482248.940271,1790482251.73133,42292.545162,42295.33622,2791.059,SSE,/api/inference/stream,True,,12,28,,
1790482248.953491,1790482251.745815,42292.558382,42295.350705,2792.323,SSE,/api/inference/stream,True,,12,29,,
1790482248.955662,1790482251.751405,42292.560554,42295.356296,2795.743,SSE,/api/inference/stream,True,,12,30,,
1790482248.985931,1790482251.775779,42292.590822,42295.38067,2789.848,SSE,/api/inference/stream,True,,12,31,,
1790482249.013818,1790482251.804338,42292.618709,42295.409228,2790.52,SSE,/api/inference/stream,True,,12,32,,
1790482249.039541,1790482251.830143,42292.644432,42295.435034,2790.602,SSE,/api/inference/stream,True,,12,33,,
1790482249.071064,1790482251.859878,42292.675956,42295.464769,2788.813,SSE,/api/inference/stream,True,,12,34,,
1790482249.102403,1790482251.892824,42292.707293,42295.497715,2790.421,SSE,/api/inference/stream,True,,12,35,,
1790482249.124752,1790482251.91289,42292.729642,42295.517781,2788.139,SSE,/api/inference/stream,True,,12,36,,
1790482249.15378,1790482251.94443,42292.758671,42295.54932,2790.65,SSE,/api/inference/stream,True,,12,37,,
1790482249.180709,1790482251.96852,42292.7856,42295.573412,2787.812,SSE,/api/inference/stream,True,,12,38,,
1790482249.212377,1790482252.002351,42292.817267,42295.607242,2789.974,SSE,/api/inference/stream,True,,12,39,,
1790482249.236675,1790482252.027108,42292.841566,42295.631999,2790.433,SSE,/api/inference/stream,True,,12,40,,
1790482249.269301,1790482252.059607,42292.874191,42295.664498,2790.306,SSE,/api/inference/stream,True,,12,41,,
1790482249.291686,1790482252.081183,42292.896577,42295.686074,2789.497,SSE,/api/inference/stream,True,,12,42,,
1790482249.32187,1790482252.111373,42292.926761,42295.716264,2789.503,SSE,/api/inference/stream,True,,12,43,,
1790482249.349112,1790482252.138951,42292.954003,42295.743842,2789.839,SSE,/api/inference/stream,True,,12,44,,
1790482249.382221,1790482252.171287,42292.987112,42295.776178,2789.066,SSE,/api/inference/stream,True,,12,45,,
1790482249.412871,1790482252.202246,42293.017762,42295.807136,2789.375,SSE,/api/inference/stream,True,,12,46,,
1790482249.433835,1790482252.224313,42293.038726,42295.829204,2790.478,SSE,/api/inference/stream,True,,12,47,,
1790482249.470346,1790482252.260624,42293.075237,42295.865515,2790.278,SSE,/api/inference/stream,True,,12,48,,
1790482249.486805,1790482252.276407,42293.091696,42295.881297,2789.602,SSE,/api/inference/stream,True,,12,49,,
1790482249.520566,1790482252.312695,42293.125457,42295.917585,2792.128,SSE,/api/inference/stream,True,,12,50,,
1790482249.547826,1790482252.337024,42293.152717,42295.941915,2789.198,SSE,/api/inference/stream,True,,12,51,,
1790482249.569242,1790482252.35983,42293.174133,42295.964721,2790.587,SSE,/api/inference/stream,True,,12,52,,
1790482249.602515,1790482252.393905,42293.207406,42295.998795,2791.39,SSE,/api/inference/stream,True,,12,53,,
1790482249.624044,1790482252.414593,42293.228935,42296.019484,2790.549,SSE,/api/inference/stream,True,,12,54,,
1790482249.67044,1790482252.462071,42293.275331,42296.066962,2791.631,SSE,/api/inference/stream,True,,12,55,,
1790482249.672838,1790482252.463852,42293.277729,42296.068743,2791.014,SSE,/api/inference/stream,True,,12,56,,
1790482249.710832,1790482252.502647,42293.315723,42296.107537,2791.815,SSE,/api/inference/stream,True,,12,57,,
1790482249.733921,1790482252.52234,42293.338812,42296.127231,2788.42,SSE,/api/inference/stream,True,,12,58,,
1790482249.763938,1790482252.55388,42293.368829,42296.158771,2789.942,SSE,/api/inference/stream,True,,12,59,,
1790482249.810703,1790482252.602379,42293.415594,42296.20727,2791.676,SSE,/api/inference/stream,True,,12,60,,
1790482249.816967,1790482252.608397,42293.421858,42296.213288,2791.43,SSE,/api/inference/stream,True,,12,61,,
1790482249.849556,1790482252.639627,42293.454447,42296.244518,2790.071,SSE,/api/inference/stream,True,,12,62,,
1790482249.873508,1790482252.665119,42293.478398,42296.270009,2791.611,SSE,/api/inference/stream,True,,12,63,,
1790482249.908744,1790482252.697932,42293.513634,42296.302822,2789.188,SSE,/api/inference/stream,True,,12,64,,
1790482249.924487,1790482252.714746,42293.529378,42296.319637,2790.259,SSE,/api/inference/stream,True,,12,65,,
1790482249.974828,1790482252.765135,42293.579719,42296.370026,2790.307,SSE,/api/inference/stream,True,,12,66,,
1790482249.988173,1790482252.778229,42293.593064,42296.38312,2790.056,SSE,/api/inference/stream,True,,12,67,,
1790482250.020355,1790482252.810851,42293.625246,42296.415741,2790.496,SSE,/api/inference/stream,True,,12,68,,
1790482250.04926,1790482252.841485,42293.65415,42296.446375,2792.225,SSE,/api/inference/stream,True,,12,69,,
1790482250.07519,1790482252.866565,42293.680081,42296.471456,2791.375,SSE,/api/inference/stream,True,,12,70,,
1790482250.090727,1790482252.880946,42293.695618,42296.485836,2790.219,SSE,/api/inference/stream,True,,12,71,,
1790482250.129274,1790482252.920719,42293.734164,42296.52561,2791.446,SSE,/api/inference/stream,True,,12,72,,
1790482250.152978,1790482252.941346,42293.757869,42296.546237,2788.368,SSE,/api/inference/stream,True,,12,73,,
1790482250.189432,1790482252.979921,42293.794322,42296.584812,2790.489,SSE,/api/inference/stream,True,,12,74,,
1790482250.212469,1790482253.002665,42293.81736,42296.607556,2790.196,SSE,/api/inference/stream,True,,12,75,,
1790482250.242091,1790482253.033403,42293.846982,42296.638294,2791.312,SSE,/api/inference/stream,True,,12,76,,
1790482250.262748,1790482253.05183,42293.867639,42296.65672,2789.082,SSE,/api/inference/stream,True,,12,77,,
1790482250.292631,1790482253.083945,42293.897522,42296.688835,2791.313,SSE,/api/inference/stream,True,,12,78,,
1790482250.317298,1790482253.107575,42293.922189,42296.712465,2790.277,SSE,/api/inference/stream,True,,12,79,,
1790482250.351015,1790482253.141174,42293.955906,42296.746064,2790.159,SSE,/api/inference/stream,True,,12,80,,
1790482250.381562,1790482253.174067,42293.986453,42296.778958,2792.505,SSE,/api/inference/stream,True,,12,81,,
1790482250.418558,1790482253.209534,42294.023449,42296.814425,2790.976,SSE,/api/inference/stream,True,,12,82,,
1790482250.440132,1790482253.23446,42294.045023,42296.839351,2794.328,SSE,/api/inference/stream,True,,12,83,,
1790482250.458204,1790482253.247346,42294.063095,42296.852237,2789.142,SSE,/api/inference/stream,True,,12,84,,
1790482250.496927,1790482253.287457,42294.101817,42296.892348,2790.531,SSE,/api/inference/stream,True,,12,85,,
1790482250.525219,1790482253.316045,42294.13011,42296.920936,2790.826,SSE,/api/inference/stream,True,,12,86,,
1790482250.537933,1790482253.331868,42294.142823,42296.936759,2793.936,SSE,/api/inference/stream,True,,12,87,,
1790482250.577719,1790482253.369404,42294.182609,42296.974295,2791.685,SSE,/api/inference/stream,True,,12,88,,
1790482250.591742,1790482253.384713,42294.196633,42296.989604,2792.971,SSE,/api/inference/stream,True,,12,89,,
1790482250.627649,1790482253.417195,42294.23254,42297.022086,2789.546,SSE,/api/inference/stream,True,,12,90,,
1790482250.658879,1790482253.449799,42294.26377,42297.05469,2790.92,SSE,/api/inference/stream,True,,12,91,,
1790482250.678916,1790482253.469643,42294.283807,42297.074534,2790.727,SSE,/api/inference/stream,True,,12,92,,
1790482250.718419,1790482253.510776,42294.32331,42297.115667,2792.357,SSE,/api/inference/stream,True,,12,93,,
1790482250.730977,1790482253.520768,42294.335869,42297.125659,2789.79,SSE,/api/inference/stream,True,,12,94,,
1790482250.769816,1790482253.560878,42294.374707,42297.165768,2791.061,SSE,/api/inference/stream,True,,12,95,,
1790482250.794877,1790482253.583027,42294.399767,42297.187917,2788.15,SSE,/api/inference/stream,True,,12,96,,
1790482250.821356,1790482253.613262,42294.426247,42297.218153,2791.906,SSE,/api/inference/stream,True,,12,97,,
1790482250.85143,1790482253.642278,42294.456321,42297.247169,2790.848,SSE,/api/inference/stream,True,,12,98,,
1790482250.879373,1790482253.668073,42294.484264,42297.272964,2788.7,SSE,/api/inference/stream,True,,12,99,,
1790482250.917868,1790482253.706664,42294.522758,42297.311555,2788.796,SSE,/api/inference/stream,True,,12,0,,
1790482250.943354,1790482253.735269,42294.548244,42297.34016,2791.916,SSE,/api/inference/stream,True,,12,1,,
1790482250.97512,1790482253.766369,42294.58001,42297.37126,2791.249,SSE,/api/inference/stream,True,,12,2,,
1790482250.996213,1790482253.785983,42294.601103,42297.390873,2789.77,SSE,/api/inference/stream,True,,12,3,,
1790482251.034602,1790482253.824708,42294.639493,42297.429598,2790.106,SSE,/api/inference/stream,True,,12,4,,
1790482251.060513,1790482253.851708,42294.665404,42297.456598,2791.195,SSE,/api/inference/stream,True,,12,5,,
1790482251.086498,1790482253.876839,42294.691389,42297.48173,2790.341,SSE,/api/inference/stream,True,,12,6,,
1790482251.109097,1790482253.897582,42294.713987,42297.502473,2788.485,SSE,/api/inference/stream,True,,12,7,,
1790482251.134977,1790482253.926366,42294.739868,42297.531257,2791.389,SSE,/api/inference/stream,True,,12,8,,
1790482251.167623,1790482253.957883,42294.772513,42297.562774,2790.26,SSE,/api/inference/stream,True,,12,9,,
1790482251.195828,1790482253.985136,42294.800719,42297.590027,2789.308,SSE,/api/inference/stream,True,,12,10,,
1790482251.225282,1790482254.016249,42294.830173,42297.62114,2790.967,SSE,/api/inference/stream,True,,12,11,,
1790482251.25196,1790482254.041713,42294.856851,42297.646604,2789.753,SSE,/api/inference/stream,True,,12,12,,
1790482251.285278,1790482254.078119,42294.890168,42297.683009,2792.841,SSE,/api/inference/stream,True,,12,13,,
1790482251.303056,1790482254.093892,42294.907947,42297.698782,2790.835,SSE,/api/inference/stream,True,,12,14,,
1790482251.334738,1790482254.126604,42294.939629,42297.731494,2791.865,SSE,/api/inference/stream,True,,12,15,,
1790482251.36412,1790482254.154119,42294.96901,42297.75901,2789.999,SSE,/api/inference/stream,True,,12,16,,
1790482251.393097,1790482254.183195,42294.997988,42297.788086,2790.097,SSE,/api/inference/stream,True,,12,17,,
1790482251.428017,1790482254.218781,42295.032907,42297.823671,2790.764,SSE,/api/inference/stream,True,,12,18,,
1790482251.453615,1790482254.243398,42295.058505,42297.848288,2789.783,SSE,/api/inference/stream,True,,12,19,,
1790482251.468918,1790482254.258638,42295.073809,42297.863529,2789.72,SSE,/api/inference/stream,True,,12,20,,
1790482251.506317,1790482254.298466,42295.111208,42297.903356,2792.148,SSE,/api/inference/stream,True,,12,21,,
1790482251.537695,1790482254.330187,42295.142586,42297.935077,2792.491,SSE,/api/inference/stream,True,,12,22,,
1790482251.551367,1790482254.34159,42295.156258,42297.946481,2790.223,SSE,/api/inference/stream,True,,12,23,,
1790482251.587801,1790482254.37931,42295.192692,42297.9842,2791.508,SSE,/api/inference/stream,True,,12,24,,
1790482251.60445,1790482254.392619,42295.209341,42297.99751,2788.169,SSE,/api/inference/stream,True,,12,25,,
1790482251.631936,1790482254.42274,42295.236827,42298.02763,2790.804,SSE,/api/inference/stream,True,,12,26,,
1790482251.667773,1790482254.458849,42295.272663,42298.06374,2791.077,SSE,/api/inference/stream,True,,12,27,,
1790482251.731639,1790482254.521652,42295.33653,42298.126543,2790.013,SSE,/api/inference/stream,True,,12,28,,
1790482251.746148,1790482254.537832,42295.351038,42298.142722,2791.684,SSE,/api/inference/stream,True,,12,29,,
1790482251.751622,1790482254.544058,42295.356513,42298.148949,2792.436,SSE,/api/inference/stream,True,,12,30,,
1790482251.77614,1790482254.565852,42295.38103,42298.170743,2789.713,SSE,/api/inference/stream,True,,12,31,,
1790482251.804644,1790482254.59432,42295.409535,42298.199211,2789.676,SSE,/api/inference/stream,True,,12,32,,
1790482251.83048,1790482254.621239,42295.435371,42298.226129,2790.759,SSE,/api/inference/stream,True,,12,33,,
1790482251.860199,1790482254.649241,42295.465091,42298.254132,2789.041,SSE,/api/inference/stream,True,,12,34,,
1790482251.893118,1790482254.682552,42295.498009,42298.287443,2789.434,SSE,/api/inference/stream,True,,12,35,,
1790482251.913087,1790482254.700393,42295.517978,42298.305284,2787.305,SSE,/api/inference/stream,True,,12,36,,
1790482251.944852,1790482254.735251,42295.549743,42298.340142,2790.399,SSE,/api/inference/stream,True,,12,37,,
1790482251.968724,1790482254.757483,42295.573615,42298.362374,2788.759,SSE,/api/inference/stream,True,,12,38,,
1790482252.00272,1790482254.792573,42295.60761,42298.397464,2789.853,SSE,/api/inference/stream,True,,12,39,,
1790482252.027501,1790482254.818949,42295.632392,42298.42384,2791.448,SSE,/api/inference/stream,True,,12,40,,
1790482252.060075,1790482254.853398,42295.664966,42298.458288,2793.322,SSE,/api/inference/stream,True,,12,41,,
1790482252.081886,1790482254.86949,42295.686777,42298.474381,2787.604,SSE,/api/inference/stream,True,,12,42,,
1790482252.111693,1790482254.901325,42295.716584,42298.506216,2789.632,SSE,/api/inference/stream,True,,12,43,,
1790482252.139422,1790482254.92968,42295.744312,42298.53457,2790.258,SSE,/api/inference/stream,True,,12,44,,
1790482252.171556,1790482254.961542,42295.776447,42298.566433,2789.986,SSE,/api/inference/stream,True,,12,45,,
1790482252.202546,1790482254.992681,42295.807437,42298.597571,2790.135,SSE,/api/inference/stream,True,,12,46,,
1790482252.224598,1790482255.014265,42295.829489,42298.619156,2789.667,SSE,/api/inference/stream,True,,12,47,,
1790482252.260907,1790482255.052113,42295.865798,42298.657004,2791.205,SSE,/api/inference/stream,True,,12,48,,
1790482252.276689,1790482255.066936,42295.88158,42298.671827,2790.247,SSE,/api/inference/stream,True,,12,49,,
1790482252.313012,1790482255.104887,42295.917903,42298.709778,2791.875,SSE,/api/inference/stream,True,,12,50,,
1790482252.337463,1790482255.127078,42295.942355,42298.731969,2789.615,SSE,/api/inference/stream,True,,12,51,,
1790482252.360105,1790482255.149257,42295.964996,42298.754149,2789.152,SSE,/api/inference/stream,True,,12,52,,
1790482252.394233,1790482255.189671,42295.999124,42298.794561,2795.437,SSE,/api/inference/stream,True,,12,53,,
1790482252.41499,1790482255.204682,42296.01988,42298.809572,2789.692,SSE,/api/inference/stream,True,,12,54,,
1790482252.462347,1790482255.255911,42296.067237,42298.860801,2793.564,SSE,/api/inference/stream,True,,12,55,,
1790482252.464313,1790482255.257529,42296.069204,42298.862421,2793.216,SSE,/api/inference/stream,True,,12,56,,
1790482252.50293,1790482255.294053,42296.107821,42298.898944,2791.123,SSE,/api/inference/stream,True,,12,57,,
1790482252.522542,1790482255.30934,42296.127432,42298.914231,2786.799,SSE,/api/inference/stream,True,,12,58,,
1790482252.554249,1790482255.345929,42296.15914,42298.95082,2791.68,SSE,/api/inference/stream,True,,12,59,,
1790482252.602616,1790482255.394719,42296.207507,42298.99961,2792.103,SSE,/api/inference/stream,True,,12,60,,
1790482252.608611,1790482255.401536,42296.213502,42299.006427,2792.925,SSE,/api/inference/stream,True,,12,61,,
1790482252.639934,1790482255.431048,42296.244824,42299.035939,2791.115,SSE,/api/inference/stream,True,,12,62,,
1790482252.665482,1790482255.456396,42296.270372,42299.061287,2790.915,SSE,/api/inference/stream,True,,12,63,,
1790482252.698365,1790482255.48993,42296.303256,42299.094821,2791.565,SSE,/api/inference/stream,True,,12,64,,
1790482252.715063,1790482255.503692,42296.319954,42299.108583,2788.629,SSE,/api/inference/stream,True,,12,65,,
1790482252.765507,1790482255.557434,42296.370398,42299.162324,2791.927,SSE,/api/inference/stream,True,,12,66,,
1790482252.778483,1790482255.567672,42296.383374,42299.172563,2789.189,SSE,/api/inference/stream,True,,12,67,,
1790482252.811313,1790482255.601598,42296.416203,42299.206489,2790.285,SSE,/api/inference/stream,True,,12,68,,
1790482252.841785,1790482255.631313,42296.446675,42299.236204,2789.529,SSE,/api/inference/stream,True,,12,69,,
1790482252.86688,1790482255.655651,42296.47177,42299.260541,2788.771,SSE,/api/inference/stream,True,,12,70,,
1790482252.881232,1790482255.671207,42296.486122,42299.276098,2789.975,SSE,/api/inference/stream,True,,12,71,,
1790482252.921021,1790482255.713215,42296.525911,42299.318106,2792.195,SSE,/api/inference/stream,True,,12,72,,
1790482252.941697,1790482255.731529,42296.546588,42299.336419,2789.832,SSE,/api/inference/stream,True,,12,73,,
1790482252.980312,1790482255.771209,42296.585202,42299.3761,2790.897,SSE,/api/inference/stream,True,,12,74,,
1790482253.002938,1790482255.793831,42296.607828,42299.398721,2790.893,SSE,/api/inference/stream,True,,12,75,,
1790482253.033661,1790482255.82388,42296.638551,42299.42877,2790.219,SSE,/api/inference/stream,True,,12,76,,
1790482253.052206,1790482255.841053,42296.657096,42299.445943,2788.847,SSE,/api/inference/stream,True,,12,77,,
1790482253.084247,1790482255.877019,42296.689137,42299.481909,2792.772,SSE,/api/inference/stream,True,,12,78,,
1790482253.107943,1790482255.897551,42296.712833,42299.502442,2789.608,SSE,/api/inference/stream,True,,12,79,,
1790482253.141497,1790482255.93372,42296.746388,42299.53861,2792.223,SSE,/api/inference/stream,True,,12,80,,
1790482253.174339,1790482255.967412,42296.779229,42299.572302,2793.073,SSE,/api/inference/stream,True,,12,81,,
1790482253.20989,1790482256.000819,42296.814781,42299.60571,2790.929,SSE,/api/inference/stream,True,,12,82,,
1790482253.234748,1790482256.027785,42296.839638,42299.632676,2793.038,SSE,/api/inference/stream,True,,12,83,,
1790482253.247628,1790482256.03811,42296.852519,42299.643,2790.481,SSE,/api/inference/stream,True,,12,84,,
1790482253.287736,1790482256.077522,42296.892627,42299.682413,2789.786,SSE,/api/inference/stream,True,,12,85,,
1790482253.316406,1790482256.105127,42296.921297,42299.710017,2788.721,SSE,/api/inference/stream,True,,12,86,,
1790482253.332153,1790482256.121997,42296.937044,42299.726887,2789.843,SSE,/api/inference/stream,True,,12,87,,
1790482253.369794,1790482256.16127,42296.974685,42299.76616,2791.475,SSE,/api/inference/stream,True,,12,88,,
1790482253.384929,1790482256.173914,42296.98982,42299.778805,2788.984,SSE,/api/inference/stream,True,,12,89,,
1790482253.417519,1790482256.206285,42297.02241,42299.811176,2788.766,SSE,/api/inference/stream,True,,12,90,,
1790482253.45007,1790482256.241476,42297.05496,42299.846367,2791.406,SSE,/api/inference/stream,True,,12,91,,
1790482253.46991,1790482256.260612,42297.074801,42299.865502,2790.701,SSE,/api/inference/stream,True,,12,92,,
1790482253.511084,1790482256.301353,42297.115974,42299.906244,2790.269,SSE,/api/inference/stream,True,,12,93,,
1790482253.520993,1790482256.314371,42297.125884,42299.919261,2793.377,SSE,/api/inference/stream,True,,12,94,,
1790482253.561165,1790482256.350962,42297.166056,42299.955852,2789.796,SSE,/api/inference/stream,True,,12,95,,
1790482253.583372,1790482256.374254,42297.188263,42299.979144,2790.881,SSE,/api/inference/stream,True,,12,96,,
1790482253.613535,1790482256.404481,42297.218426,42300.009371,2790.946,SSE,/api/inference/stream,True,,12,97,,
1790482253.642672,1790482256.4328,42297.247562,42300.037691,2790.129,SSE,/api/inference/stream,True,,12,98,,
1790482253.668481,1790482256.460185,42297.273371,42300.065075,2791.704,SSE,/api/inference/stream,True,,12,99,,
1790482253.706963,1790482256.499313,42297.311854,42300.104203,2792.35,SSE,/api/inference/stream,True,,12,0,,
1790482253.735603,1790482256.5272,42297.340493,42300.13209,2791.597,SSE,/api/inference/stream,True,,12,1,,
1790482253.766784,1790482256.557859,42297.371674,42300.16275,2791.075,SSE,/api/inference/stream,True,,12,2,,
1790482253.786287,1790482256.574996,42297.391178,42300.179887,2788.709,SSE,/api/inference/stream,True,,12,3,,
1790482253.825102,1790482256.614732,42297.429993,42300.219623,2789.63,SSE,/api/inference/stream,True,,12,4,,
1790482253.851995,1790482256.643324,42297.456885,42300.248214,2791.329,SSE,/api/inference/stream,True,,12,5,,
1790482253.877139,1790482256.667467,42297.482029,42300.272357,2790.328,SSE,/api/inference/stream,True,,12,6,,
1790482253.897876,1790482256.687626,42297.502767,42300.292517,2789.75,SSE,/api/inference/stream,True,,12,7,,
1790482253.926711,1790482256.71784,42297.531601,42300.32273,2791.129,SSE,/api/inference/stream,True,,12,8,,
1790482253.958191,1790482256.748212,42297.563082,42300.353102,2790.02,SSE,/api/inference/stream,True,,12,9,,
1790482253.985411,1790482256.774752,42297.590302,42300.379643,2789.341,SSE,/api/inference/stream,True,,12,10,,
1790482254.016555,1790482256.808407,42297.621446,42300.413298,2791.853,SSE,/api/inference/stream,True,,12,11,,
1790482254.04196,1790482256.832233,42297.646851,42300.437124,2790.273,SSE,/api/inference/stream,True,,12,12,,
1790482254.078402,1790482256.869037,42297.683293,42300.473928,2790.635,SSE,/api/inference/stream,True,,12,13,,
1790482254.094177,1790482256.885173,42297.699068,42300.490064,2790.996,SSE,/api/inference/stream,True,,12,14,,
1790482254.126922,1790482256.919457,42297.731813,42300.524348,2792.535,SSE,/api/inference/stream,True,,12,15,,
1790482254.154452,1790482256.943816,42297.759343,42300.548707,2789.364,SSE,/api/inference/stream,True,,12,16,,
1790482254.183476,1790482256.97383,42297.788367,42300.578721,2790.354,SSE,/api/inference/stream,True,,12,17,,
1790482254.21906,1790482257.008785,42297.823951,42300.613676,2789.725,SSE,/api/inference/stream,True,,12,18,,
1790482254.243677,1790482257.034085,42297.848568,42300.638976,2790.408,SSE,/api/inference/stream,True,,12,19,,
1790482254.259023,1790482257.049147,42297.863914,42300.654038,2790.124,SSE,/api/inference/stream,True,,12,20,,
1790482254.298806,1790482257.087823,42297.903696,42300.692714,2789.017,SSE,/api/inference/stream,True,,12,21,,
1790482254.330499,1790482257.122006,42297.93539,42300.726897,2791.507,SSE,/api/inference/stream,True,,12,22,,
1790482254.341823,1790482257.130287,42297.946713,42300.735178,2788.464,SSE,/api/inference/stream,True,,12,23,,
1790482254.379643,1790482257.171382,42297.984534,42300.776273,2791.739,SSE,/api/inference/stream,True,,12,24,,
1790482254.39292,1790482257.181082,42297.997812,42300.785973,2788.161,SSE,/api/inference/stream,True,,12,25,,
1790482254.423075,1790482257.212464,42298.027966,42300.817355,2789.388,SSE,/api/inference/stream,True,,12,26,,
1790482254.459451,1790482257.251491,42298.064341,42300.856382,2792.04,SSE,/api/inference/stream,True,,12,27,,
1790482254.521965,1790482257.312114,42298.126855,42300.917004,2790.148,SSE,/api/inference/stream,True,,12,28,,
1790482254.538157,1790482257.328789,42298.143047,42300.93368,2790.633,SSE,/api/inference/stream,True,,12,29,,
1790482254.544266,1790482257.335428,42298.149157,42300.940319,2791.163,SSE,/api/inference/stream,True,,12,30,,
1790482254.566214,1790482257.355883,42298.171105,42300.960774,2789.669,SSE,/api/inference/stream,True,,12,31,,
1790482254.59469,1790482257.385053,42298.199581,42300.989943,2790.363,SSE,/api/inference/stream,True,,12,32,,
1790482254.621539,1790482257.413703,42298.226429,42301.018594,2792.164,SSE,/api/inference/stream,True,,12,33,,
1790482254.649513,1790482257.438303,42298.254404,42301.043194,2788.79,SSE,/api/inference/stream,True,,12,34,,
1790482254.682857,1790482257.473895,42298.287748,42301.078785,2791.037,SSE,/api/inference/stream,True,,12,35,,
1790482254.700645,1790482257.491385,42298.305536,42301.096276,2790.74,SSE,/api/inference/stream,True,,12,36,,
1790482254.735728,1790482257.526135,42298.340618,42301.131025,2790.407,SSE,/api/inference/stream,True,,12,37,,
1790482254.757766,1790482257.547791,42298.362657,42301.152682,2790.025,SSE,/api/inference/stream,True,,12,38,,
1790482254.792867,1790482257.583482,42298.397758,42301.188373,2790.615,SSE,/api/inference/stream,True,,12,39,,
1790482254.819354,1790482257.611385,42298.424245,42301.216275,2792.031,SSE,/api/inference/stream,True,,12,40,,
1790482254.853828,1790482257.64345,42298.458719,42301.24834,2789.621,SSE,/api/inference/stream,True,,12,41,,
1790482254.869848,1790482257.658718,42298.474739,42301.263609,2788.87,SSE,/api/inference/stream,True,,12,42,,
1790482254.901598,1790482257.691453,42298.506489,42301.296344,2789.855,SSE,/api/inference/stream,True,,12,43,,
1790482254.930053,1790482257.720252,42298.534943,42301.325143,2790.199,SSE,/api/inference/stream,True,,12,44,,
1790482254.961811,1790482257.750327,42298.566702,42301.355218,2788.516,SSE,/api/inference/stream,True,,12,45,,
1790482254.992954,1790482257.783392,42298.597845,42301.388283,2790.438,SSE,/api/inference/stream,True,,12,46,,
1790482255.014613,1790482257.803951,42298.619504,42301.408842,2789.338,SSE,/api/inference/stream,True,,12,47,,
1790482255.052381,1790482257.842173,42298.657271,42301.447063,2789.792,SSE,/api/inference/stream,True,,12,48,,
1790482255.067208,1790482257.856989,42298.672099,42301.46188,2789.781,SSE,/api/inference/stream,True,,12,49,,
1790482255.10514,1790482257.896887,42298.710031,42301.501778,2791.747,SSE,/api/inference/stream,True,,12,50,,
1790482255.127438,1790482257.91673,42298.732329,42301.521621,2789.292,SSE,/api/inference/stream,True,,12,51,,
1790482255.149515,1790482257.939976,42298.754406,42301.544866,2790.46,SSE,/api/inference/stream,True,,12,52,,
1790482255.189942,1790482257.981846,42298.794832,42301.586737,2791.905,SSE,/api/inference/stream,True,,12,53,,
1790482255.205023,1790482257.993949,42298.809914,42301.59884,2788.926,SSE,/api/inference/stream,True,,12,54,,
1790482255.256225,1790482258.050744,42298.861116,42301.655635,2794.519,SSE,/api/inference/stream,True,,12,55,,
1790482255.257833,1790482258.05245,42298.862724,42301.657341,2794.617,SSE,/api/inference/stream,True,,12,56,,
1790482255.294402,1790482258.086495,42298.899292,42301.691385,2792.093,SSE,/api/inference/stream,True,,12,57,,
1790482255.309582,1790482258.099173,42298.914473,42301.704064,2789.592,SSE,/api/inference/stream,True,,12,58,,
1790482255.346324,1790482258.136741,42298.951214,42301.741632,2790.418,SSE,/api/inference/stream,True,,12,59,,
1790482255.395073,1790482258.186384,42298.999963,42301.791274,2791.311,SSE,/api/inference/stream,True,,12,60,,
1790482255.40178,1790482258.193605,42299.006671,42301.798496,2791.825,SSE,/api/inference/stream,True,,12,61,,
1790482255.431494,1790482258.221309,42299.036385,42301.826199,2789.815,SSE,/api/inference/stream,True,,12,62,,
1790482255.456844,1790482258.245589,42299.061734,42301.850479,2788.745,SSE,/api/inference/stream,True,,12,63,,
1790482255.490211,1790482258.281152,42299.095101,42301.886042,2790.941,SSE,/api/inference/stream,True,,12,64,,
1790482255.503885,1790482258.291422,42299.108776,42301.896313,2787.537,SSE,/api/inference/stream,True,,12,65,,
1790482255.557714,1790482258.350688,42299.162605,42301.955579,2792.974,SSE,/api/inference/stream,True,,12,66,,
1790482255.567883,1790482258.358876,42299.172774,42301.963767,2790.993,SSE,/api/inference/stream,True,,12,67,,
1790482255.601878,1790482258.391504,42299.206769,42301.996395,2789.626,SSE,/api/inference/stream,True,,12,68,,
1790482255.631596,1790482258.424371,42299.236486,42302.029261,2792.774,SSE,/api/inference/stream,True,,12,69,,
1790482255.655937,1790482258.446338,42299.260827,42302.051229,2790.402,SSE,/api/inference/stream,True,,12,70,,
1790482255.671495,1790482258.463065,42299.276385,42302.067956,2791.57,SSE,/api/inference/stream,True,,12,71,,
1790482255.713482,1790482258.503335,42299.318372,42302.108226,2789.854,SSE,/api/inference/stream,True,,12,72,,
1790482255.731873,1790482258.521764,42299.336763,42302.126655,2789.892,SSE,/api/inference/stream,True,,12,73,,
1790482255.771508,1790482258.560194,42299.376399,42302.165085,2788.686,SSE,/api/inference/stream,True,,12,74,,
1790482255.794178,1790482258.584469,42299.399069,42302.18936,2790.291,SSE,/api/inference/stream,True,,12,75,,
1790482255.82418,1790482258.615305,42299.429071,42302.220196,2791.125,SSE,/api/inference/stream,True,,12,76,,
1790482255.841364,1790482258.629719,42299.446255,42302.23461,2788.354,SSE,/api/inference/stream,True,,12,77,,
1790482255.877297,1790482258.667899,42299.482188,42302.27279,2790.602,SSE,/api/inference/stream,True,,12,78,,
1790482255.897897,1790482258.68776,42299.502788,42302.292651,2789.863,SSE,/api/inference/stream,True,,12,79,,
1790482255.934093,1790482258.724858,42299.538983,42302.329748,2790.765,SSE,/api/inference/stream,True,,12,80,,
1790482255.967682,1790482258.759436,42299.572573,42302.364327,2791.754,SSE,/api/inference/stream,True,,12,81,,
1790482256.001181,1790482258.791625,42299.606072,42302.396515,2790.443,SSE,/api/inference/stream,True,,12,82,,
1790482256.028073,1790482258.817521,42299.632964,42302.422412,2789.448,SSE,/api/inference/stream,True,,12,83,,
1790482256.038318,1790482258.826385,42299.643209,42302.431276,2788.066,SSE,/api/inference/stream,True,,12,84,,
1790482256.077794,1790482258.867439,42299.682684,42302.472329,2789.645,SSE,/api/inference/stream,True,,12,85,,
1790482256.105425,1790482258.896239,42299.710315,42302.501129,2790.814,SSE,/api/inference/stream,True,,12,86,,
1790482256.122252,1790482258.911792,42299.727142,42302.516683,2789.541,SSE,/api/inference/stream,True,,12,87,,
1790482256.161563,1790482258.956316,42299.766454,42302.561206,2794.753,SSE,/api/inference/stream,True,,12,88,,
1790482256.174128,1790482258.965493,42299.779019,42302.570384,2791.365,SSE,/api/inference/stream,True,,12,89,,
1790482256.206622,1790482258.995019,42299.811513,42302.59991,2788.398,SSE,/api/inference/stream,True,,12,90,,
1790482256.241802,1790482259.031528,42299.846692,42302.636419,2789.726,SSE,/api/inference/stream,True,,12,91,,
1790482256.2609,1790482259.052605,42299.865791,42302.657496,2791.705,SSE,/api/inference/stream,True,,12,92,,
1790482256.301691,1790482259.091766,42299.906582,42302.696657,2790.075,SSE,/api/inference/stream,True,,12,93,,
1790482256.314641,1790482259.104492,42299.919532,42302.709383,2789.851,SSE,/api/inference/stream,True,,12,94,,
1790482256.35138,1790482259.141668,42299.956271,42302.746559,2790.288,SSE,/api/inference/stream,True,,12,95,,
1790482256.374564,1790482259.163001,42299.979455,42302.767891,2788.437,SSE,/api/inference/stream,True,,12,96,,
1790482256.404764,1790482259.196011,42300.009655,42302.800901,2791.246,SSE,/api/inference/stream,True,,12,97,,
1790482256.433084,1790482259.221455,42300.037975,42302.826346,2788.371,SSE,/api/inference/stream,True,,12,98,,
1790482256.460506,1790482259.252581,42300.065397,42302.857472,2792.075,SSE,/api/inference/stream,True,,12,99,,
1790482256.499632,1790482259.292905,42300.104523,42302.897795,2793.273,SSE,/api/inference/stream,True,,12,0,,
1790482256.527522,1790482259.317575,42300.132413,42302.922466,2790.053,SSE,/api/inference/stream,True,,12,1,,
1790482256.558233,1790482259.348276,42300.163123,42302.953167,2790.043,SSE,/api/inference/stream,True,,12,2,,
1790482256.575305,1790482259.363605,42300.180196,42302.968497,2788.301,SSE,/api/inference/stream,True,,12,3,,
1790482256.615191,1790482259.404767,42300.220081,42303.009657,2789.576,SSE,/api/inference/stream,True,,12,4,,
1790482256.643621,1790482259.435079,42300.248512,42303.039969,2791.458,SSE,/api/inference/stream,True,,12,5,,
1790482256.667802,1790482259.457983,42300.272693,42303.062874,2790.182,SSE,/api/inference/stream,True,,12,6,,
1790482256.68793,1790482259.478296,42300.292821,42303.083188,2790.366,SSE,/api/inference/stream,True,,12,7,,
1790482256.718138,1790482259.509602,42300.323029,42303.114493,2791.464,SSE,/api/inference/stream,True,,12,8,,
1790482256.748517,1790482259.536917,42300.353408,42303.141808,2788.4,SSE,/api/inference/stream,True,,12,9,,
1790482256.775011,1790482259.563622,42300.379902,42303.168513,2788.611,SSE,/api/inference/stream,True,,12,10,,
1790482256.808656,1790482259.597731,42300.413547,42303.202622,2789.075,SSE,/api/inference/stream,True,,12,11,,
1790482256.832505,1790482259.622585,42300.437396,42303.227476,2790.08,SSE,/api/inference/stream,True,,12,12,,
1790482256.869379,1790482259.659925,42300.47427,42303.264815,2790.546,SSE,/api/inference/stream,True,,12,13,,
1790482256.885424,1790482259.674491,42300.490316,42303.279382,2789.066,SSE,/api/inference/stream,True,,12,14,,
1790482256.919747,1790482259.71128,42300.524638,42303.316171,2791.534,SSE,/api/inference/stream,True,,12,15,,
1790482256.944116,1790482259.732254,42300.549006,42303.337144,2788.138,SSE,/api/inference/stream,True,,12,16,,
1790482256.974102,1790482259.765658,42300.578993,42303.370549,2791.556,SSE,/api/inference/stream,True,,12,17,,
1790482257.009135,1790482259.799173,42300.613962,42303.404,2790.038,SSE,/api/inference/stream,True,,12,18,,
1790482257.034334,1790482259.822774,42300.639225,42303.427665,2788.439,SSE,/api/inference/stream,True,,12,19,,
1790482257.049387,1790482259.839347,42300.654278,42303.444238,2789.96,SSE,/api/inference/stream,True,,12,20,,
1790482257.088049,1790482259.875543,42300.692939,42303.480433,2787.494,SSE,/api/inference/stream,True,,12,21,,
1790482257.122371,1790482259.912817,42300.727262,42303.517708,2790.446,SSE,/api/inference/stream,True,,12,22,,
1790482257.13052,1790482259.919958,42300.735411,42303.524849,2789.438,SSE,/api/inference/stream,True,,12,23,,
1790482257.171683,1790482259.965124,42300.776574,42303.570015,2793.441,SSE,/api/inference/stream,True,,12,24,,
1790482257.181322,1790482259.973091,42300.786213,42303.577982,2791.77,SSE,/api/inference/stream,True,,12,25,,
1790482257.212826,1790482260.00176,42300.817717,42303.606651,2788.934,SSE,/api/inference/stream,True,,12,26,,
1790482257.251781,1790482260.043776,42300.856672,42303.648667,2791.995,SSE,/api/inference/stream,True,,12,27,,
1790482257.312396,1790482260.101715,42300.917287,42303.706606,2789.318,SSE,/api/inference/stream,True,,12,28,,
1790482257.329113,1790482260.120041,42300.934003,42303.724932,2790.929,SSE,/api/inference/stream,True,,12,29,,
1790482257.335637,1790482260.126501,42300.940528,42303.731392,2790.864,SSE,/api/inference/stream,True,,12,30,,
1790482257.35626,1790482260.145722,42300.96115,42303.750613,2789.463,SSE,/api/inference/stream,True,,12,31,,
1790482257.3854,1790482260.174125,42300.99029,42303.779015,2788.725,SSE,/api/inference/stream,True,,12,32,,
1790482257.413996,1790482260.203406,42301.018887,42303.808297,2789.41,SSE,/api/inference/stream,True,,12,33,,
1790482257.438573,1790482260.228582,42301.043464,42303.833473,2790.009,SSE,/api/inference/stream,True,,12,34,,
1790482257.474188,1790482260.264599,42301.079079,42303.86949,2790.411,SSE,/api/inference/stream,True,,12,35,,
1790482257.491685,1790482260.284306,42301.096576,42303.889197,2792.621,SSE,/api/inference/stream,True,,12,36,,
1790482257.526507,1790482260.315722,42301.131398,42303.920613,2789.215,SSE,/api/inference/stream,True,,12,37,,
1790482257.548042,1790482260.33758,42301.152933,42303.942471,2789.537,SSE,/api/inference/stream,True,,12,38,,
1790482257.583767,1790482260.374891,42301.188658,42303.979782,2791.124,SSE,/api/inference/stream,True,,12,39,,
1790482257.611649,1790482260.403234,42301.21654,42304.008125,2791.585,SSE,/api/inference/stream,True,,12,40,,
1790482257.643732,1790482260.43284,42301.248623,42304.037731,2789.108,SSE,/api/inference/stream,True,,12,41,,
1790482257.659014,1790482260.448373,42301.263905,42304.053264,2789.359,SSE,/api/inference/stream,True,,12,42,,
1790482257.691725,1790482260.481633,42301.296616,42304.086524,2789.908,SSE,/api/inference/stream,True,,12,43,,
1790482257.720646,1790482260.510236,42301.325536,42304.115127,2789.59,SSE,/api/inference/stream,True,,12,44,,
1790482257.750596,1790482260.539973,42301.355487,42304.144864,2789.376,SSE,/api/inference/stream,True,,12,45,,
1790482257.783664,1790482260.573843,42301.388555,42304.178733,2790.179,SSE,/api/inference/stream,True,,12,46,,
1790482257.804262,1790482260.594264,42301.409153,42304.199155,2790.002,SSE,/api/inference/stream,True,,12,47,,
1790482257.842524,1790482260.632753,42301.447415,42304.237644,2790.229,SSE,/api/inference/stream,True,,12,48,,
1790482257.857287,1790482260.648177,42301.462178,42304.253068,2790.89,SSE,/api/inference/stream,True,,12,49,,
1790482257.897149,1790482260.688753,42301.50204,42304.293643,2791.603,SSE,/api/inference/stream,True,,12,50,,
1790482257.917084,1790482260.706976,42301.521974,42304.311866,2789.892,SSE,/api/inference/stream,True,,12,51,,
1790482257.94026,1790482260.730784,42301.54515,42304.335675,2790.524,SSE,/api/inference/stream,True,,12,52,,
1790482257.982134,1790482260.77236,42301.587025,42304.377251,2790.226,SSE,/api/inference/stream,True,,12,53,,
1790482257.994236,1790482260.782726,42301.599127,42304.387617,2788.489,SSE,/api/inference/stream,True,,12,54,,
1790482258.052927,1790482260.84979,42301.657818,42304.45468,2796.863,SSE,/api/inference/stream,True,,12,56,,
1790482258.051062,1790482260.853366,42301.655953,42304.458257,2802.305,SSE,/api/inference/stream,True,,12,55,,
1790482258.086854,1790482260.87894,42301.691744,42304.483831,2792.086,SSE,/api/inference/stream,True,,12,57,,
1790482258.099393,1790482260.888917,42301.704284,42304.493808,2789.525,SSE,/api/inference/stream,True,,12,58,,
1790482258.137075,1790482260.926659,42301.741965,42304.531549,2789.584,SSE,/api/inference/stream,True,,12,59,,
1790482258.186677,1790482260.977524,42301.791568,42304.582415,2790.847,SSE,/api/inference/stream,True,,12,60,,
1790482258.193921,1790482260.98498,42301.798812,42304.589871,2791.059,SSE,/api/inference/stream,True,,12,61,,
1790482258.221484,1790482261.012144,42301.826375,42304.617034,2790.659,SSE,/api/inference/stream,True,,12,62,,
1790482258.245893,1790482261.035993,42301.850784,42304.640883,2790.099,SSE,/api/inference/stream,True,,12,63,,
1790482258.281496,1790482261.073798,42301.886387,42304.678689,2792.302,SSE,/api/inference/stream,True,,12,64,,
1790482258.291707,1790482261.082059,42301.896598,42304.68695,2790.352,SSE,/api/inference/stream,True,,12,65,,
1790482258.351012,1790482261.144986,42301.955902,42304.749876,2793.974,SSE,/api/inference/stream,True,,12,66,,
1790482258.359287,1790482261.148841,42301.964178,42304.753733,2789.555,SSE,/api/inference/stream,True,,12,67,,
1790482258.391878,1790482261.18199,42301.996769,42304.786881,2790.111,SSE,/api/inference/stream,True,,12,68,,
1790482258.424669,1790482261.215227,42302.029559,42304.820118,2790.558,SSE,/api/inference/stream,True,,12,69,,
1790482258.446624,1790482261.235417,42302.051515,42304.840309,2788.794,SSE,/api/inference/stream,True,,12,70,,
1790482258.463446,1790482261.255269,42302.068337,42304.860159,2791.823,SSE,/api/inference/stream,True,,12,71,,
1790482258.503647,1790482261.293868,42302.108538,42304.898759,2790.221,SSE,/api/inference/stream,True,,12,72,,
1790482258.52208,1790482261.312034,42302.126971,42304.916925,2789.953,SSE,/api/inference/stream,True,,12,73,,
1790482258.560522,1790482261.35026,42302.165413,42304.955151,2789.738,SSE,/api/inference/stream,True,,12,74,,
1790482258.584753,1790482261.374915,42302.189643,42304.979806,2790.163,SSE,/api/inference/stream,True,,12,75,,
1790482258.615601,1790482261.405084,42302.220492,42305.009975,2789.483,SSE,/api/inference/stream,True,,12,76,,
1790482258.630042,1790482261.419517,42302.234933,42305.024407,2789.475,SSE,/api/inference/stream,True,,12,77,,
1790482258.668169,1790482261.457826,42302.27306,42305.062717,2789.657,SSE,/api/inference/stream,True,,12,78,,
1790482258.688111,1790482261.480101,42302.293001,42305.084992,2791.99,SSE,/api/inference/stream,True,,12,79,,
1790482258.72524,1790482261.51656,42302.33013,42305.121451,2791.32,SSE,/api/inference/stream,True,,12,80,,
1790482258.759708,1790482261.550491,42302.364599,42305.155382,2790.783,SSE,/api/inference/stream,True,,12,81,,
1790482258.791894,1790482261.581794,42302.396785,42305.186685,2789.9,SSE,/api/inference/stream,True,,12,82,,
1790482258.817795,1790482261.605876,42302.422686,42305.210768,2788.082,SSE,/api/inference/stream,True,,12,83,,
1790482258.826602,1790482261.616797,42302.431493,42305.221688,2790.195,SSE,/api/inference/stream,True,,12,84,,
1790482258.867717,1790482261.658867,42302.472608,42305.263758,2791.15,SSE,/api/inference/stream,True,,12,85,,
1790482258.896645,1790482261.688988,42302.501536,42305.293878,2792.343,SSE,/api/inference/stream,True,,12,86,,
1790482258.912062,1790482261.703312,42302.516953,42305.308203,2791.25,SSE,/api/inference/stream,True,,12,87,,
1790482258.956695,1790482261.752712,42302.561585,42305.357603,2796.018,SSE,/api/inference/stream,True,,12,88,,
1790482258.965729,1790482261.756538,42302.570619,42305.361429,2790.81,SSE,/api/inference/stream,True,,12,89,,
1790482258.995453,1790482261.785291,42302.600344,42305.390182,2789.838,SSE,/api/inference/stream,True,,12,90,,
1790482259.031848,1790482261.823199,42302.636739,42305.42809,2791.351,SSE,/api/inference/stream,True,,12,91,,
1790482259.052905,1790482261.842303,42302.657795,42305.447194,2789.398,SSE,/api/inference/stream,True,,12,92,,
1790482259.092057,1790482261.882416,42302.696948,42305.487307,2790.358,SSE,/api/inference/stream,True,,12,93,,
1790482259.104851,1790482261.894574,42302.709742,42305.499465,2789.723,SSE,/api/inference/stream,True,,12,94,,
1790482259.142079,1790482261.932207,42302.746969,42305.537097,2790.128,SSE,/api/inference/stream,True,,12,95,,
1790482259.163356,1790482261.955234,42302.768246,42305.560124,2791.878,SSE,/api/inference/stream,True,,12,96,,
1790482259.196287,1790482261.985791,42302.801178,42305.590682,2789.504,SSE,/api/inference/stream,True,,12,97,,
1790482259.221703,1790482262.009323,42302.826593,42305.614213,2787.62,SSE,/api/inference/stream,True,,12,98,,
1790482259.252886,1790482262.042832,42302.857776,42305.647723,2789.947,SSE,/api/inference/stream,True,,12,99,,
1790482259.293283,1790482262.08298,42302.898174,42305.687871,2789.697,SSE,/api/inference/stream,True,,12,0,,
1790482259.317887,1790482262.106534,42302.922777,42305.711425,2788.648,SSE,/api/inference/stream,True,,12,1,,
1790482259.348631,1790482262.138399,42302.953521,42305.743289,2789.768,SSE,/api/inference/stream,True,,12,2,,
1790482259.363822,1790482262.154498,42302.968713,42305.759388,2790.675,SSE,/api/inference/stream,True,,12,3,,
1790482259.405096,1790482262.195919,42303.009987,42305.80081,2790.823,SSE,/api/inference/stream,True,,12,4,,
1790482259.435429,1790482262.228002,42303.04032,42305.832892,2792.573,SSE,/api/inference/stream,True,,12,5,,
1790482259.458334,1790482262.249523,42303.063224,42305.854414,2791.189,SSE,/api/inference/stream,True,,12,6,,
1790482259.478561,1790482262.265849,42303.083452,42305.87074,2787.288,SSE,/api/inference/stream,True,,12,7,,
1790482259.509835,1790482262.298308,42303.114726,42305.903199,2788.472,SSE,/api/inference/stream,True,,12,8,,
1790482259.53714,1790482262.32522,42303.142031,42305.930111,2788.08,SSE,/api/inference/stream,True,,12,9,,
1790482259.563831,1790482262.356094,42303.168722,42305.960985,2792.264,SSE,/api/inference/stream,True,,12,10,,
1790482259.597952,1790482262.386926,42303.202842,42305.991816,2788.974,SSE,/api/inference/stream,True,,12,11,,
1790482259.622797,1790482262.412235,42303.227687,42306.017125,2789.438,SSE,/api/inference/stream,True,,12,12,,
1790482259.660232,1790482262.449046,42303.265122,42306.053937,2788.814,SSE,/api/inference/stream,True,,12,13,,
1790482259.674688,1790482262.463482,42303.279579,42306.068373,2788.794,SSE,/api/inference/stream,True,,12,14,,
1790482259.7115,1790482262.500055,42303.316391,42306.104946,2788.555,SSE,/api/inference/stream,True,,12,15,,
1790482259.732464,1790482262.521484,42303.337354,42306.126375,2789.02,SSE,/api/inference/stream,True,,12,16,,
1790482259.765876,1790482262.559453,42303.370766,42306.164343,2793.577,SSE,/api/inference/stream,True,,12,17,,
1790482259.799492,1790482262.589972,42303.404382,42306.194862,2790.48,SSE,/api/inference/stream,True,,12,18,,
1790482259.823032,1790482262.613468,42303.427923,42306.218359,2790.436,SSE,/api/inference/stream,True,,12,19,,
1790482259.839642,1790482262.630646,42303.444532,42306.235537,2791.004,SSE,/api/inference/stream,True,,12,20,,
1790482259.875864,1790482262.667319,42303.480754,42306.272209,2791.455,SSE,/api/inference/stream,True,,12,21,,
1790482259.91309,1790482262.704937,42303.517981,42306.309828,2791.847,SSE,/api/inference/stream,True,,12,22,,
1790482259.92018,1790482262.709066,42303.525071,42306.313957,2788.885,SSE,/api/inference/stream,True,,12,23,,
1790482259.965413,1790482262.760862,42303.570304,42306.365753,2795.449,SSE,/api/inference/stream,True,,12,24,,
1790482259.973302,1790482262.764379,42303.578193,42306.36927,2791.076,SSE,/api/inference/stream,True,,12,25,,
1790482260.002052,1790482262.793332,42303.606942,42306.398222,2791.28,SSE,/api/inference/stream,True,,12,26,,
1790482260.044111,1790482262.835999,42303.649002,42306.44089,2791.888,SSE,/api/inference/stream,True,,12,27,,
1790482260.101996,1790482262.892412,42303.706887,42306.497303,2790.416,SSE,/api/inference/stream,True,,12,28,,
1790482260.120393,1790482262.912041,42303.725283,42306.516931,2791.648,SSE,/api/inference/stream,True,,12,29,,
1790482260.126711,1790482262.919245,42303.731602,42306.524136,2792.534,SSE,/api/inference/stream,True,,12,30,,
1790482260.146024,1790482262.934851,42303.750914,42306.539741,2788.827,SSE,/api/inference/stream,True,,12,31,,
1790482260.174435,1790482262.96371,42303.779326,42306.5686,2789.275,SSE,/api/inference/stream,True,,12,32,,
1790482260.203653,1790482262.994509,42303.808544,42306.5994,2790.856,SSE,/api/inference/stream,True,,12,33,,
1790482260.228864,1790482263.018822,42303.833755,42306.623713,2789.958,SSE,/api/inference/stream,True,,12,34,,
1790482260.264854,1790482263.054543,42303.869744,42306.659434,2789.689,SSE,/api/inference/stream,True,,12,35,,
1790482260.284563,1790482263.0741,42303.889454,42306.678991,2789.538,SSE,/api/inference/stream,True,,12,36,,
1790482260.316004,1790482263.105597,42303.920894,42306.710488,2789.594,SSE,/api/inference/stream,True,,12,37,,
1790482260.33783,1790482263.125761,42303.942721,42306.730652,2787.931,SSE,/api/inference/stream,True,,12,38,,
1790482260.375216,1790482263.164621,42303.980107,42306.769512,2789.405,SSE,/api/inference/stream,True,,12,39,,
1790482260.403615,1790482263.195715,42304.008506,42306.800606,2792.1,SSE,/api/inference/stream,True,,12,40,,
1790482260.433124,1790482263.221347,42304.038014,42306.826238,2788.223,SSE,/api/inference/stream,True,,12,41,,
1790482260.448644,1790482263.239244,42304.053535,42306.844135,2790.6,SSE,/api/inference/stream,True,,12,42,,
1790482260.481949,1790482263.273692,42304.08684,42306.878582,2791.743,SSE,/api/inference/stream,True,,12,43,,
1790482260.510609,1790482263.299427,42304.1155,42306.904318,2788.818,SSE,/api/inference/stream,True,,12,44,,
1790482260.540224,1790482263.330895,42304.145115,42306.935786,2790.671,SSE,/api/inference/stream,True,,12,45,,
1790482260.574117,1790482263.364501,42304.179008,42306.969391,2790.383,SSE,/api/inference/stream,True,,12,46,,
1790482260.594548,1790482263.384986,42304.199439,42306.989877,2790.438,SSE,/api/inference/stream,True,,12,47,,
1790482260.633102,1790482263.422719,42304.237993,42307.02761,2789.617,SSE,/api/inference/stream,True,,12,48,,
1790482260.648448,1790482263.439097,42304.253339,42307.043988,2790.649,SSE,/api/inference/stream,True,,12,49,,
1790482260.689075,1790482263.47952,42304.293966,42307.084411,2790.444,SSE,/api/inference/stream,True,,12,50,,
1790482260.707401,1790482263.498575,42304.312292,42307.103466,2791.174,SSE,/api/inference/stream,True,,12,51,,
1790482260.73117,1790482263.521321,42304.336061,42307.126212,2790.151,SSE,/api/inference/stream,True,,12,52,,
1790482260.772629,1790482263.564356,42304.37752,42307.169247,2791.726,SSE,/api/inference/stream,True,,12,53,,
1790482260.783006,1790482263.571786,42304.387897,42307.176677,2788.78,SSE,/api/inference/stream,True,,12,54,,
1790482260.850078,1790482263.643284,42304.454969,42307.248175,2793.206,SSE,/api/inference/stream,True,,12,56,,
1790482260.853585,1790482263.64466,42304.458476,42307.249551,2791.074,SSE,/api/inference/stream,True,,12,55,,
1790482260.879293,1790482263.67207,42304.484183,42307.27696,2792.777,SSE,/api/inference/stream,True,,12,57,,
1790482260.889179,1790482263.681499,42304.49407,42307.28639,2792.32,SSE,/api/inference/stream,True,,12,58,,
1790482260.927051,1790482263.716613,42304.531941,42307.321503,2789.562,SSE,/api/inference/stream,True,,12,59,,
1790482260.9778,1790482263.770475,42304.582691,42307.375365,2792.675,SSE,/api/inference/stream,True,,12,60,,
1790482260.985199,1790482263.773477,42304.590091,42307.378368,2788.277,SSE,/api/inference/stream,True,,12,61,,
1790482261.012458,1790482263.80401,42304.617349,42307.408901,2791.552,SSE,/api/inference/stream,True,,12,62,,
1790482261.036276,1790482263.826502,42304.641167,42307.431393,2790.226,SSE,/api/inference/stream,True,,12,63,,
1790482261.074188,1790482263.864956,42304.679078,42307.469846,2790.768,SSE,/api/inference/stream,True,,12,64,,
1790482261.082281,1790482263.874945,42304.687172,42307.479836,2792.664,SSE,/api/inference/stream,True,,12,65,,
1790482261.145243,1790482263.938129,42304.750134,42307.54302,2792.886,SSE,/api/inference/stream,True,,12,66,,
1790482261.14906,1790482263.941342,42304.753951,42307.546234,2792.283,SSE,/api/inference/stream,True,,12,67,,
1790482261.182264,1790482263.971915,42304.787154,42307.576805,2789.651,SSE,/api/inference/stream,True,,12,68,,
1790482261.215498,1790482264.005389,42304.820389,42307.61028,2789.891,SSE,/api/inference/stream,True,,12,69,,
1790482261.235629,1790482264.022913,42304.84052,42307.627803,2787.283,SSE,/api/inference/stream,True,,12,70,,
1790482261.255553,1790482264.047277,42304.860444,42307.652167,2791.723,SSE,/api/inference/stream,True,,12,71,,
1790482261.294109,1790482264.083026,42304.898999,42307.687916,2788.917,SSE,/api/inference/stream,True,,12,72,,
1790482261.312287,1790482264.10219,42304.917177,42307.70708,2789.903,SSE,/api/inference/stream,True,,12,73,,
1790482261.350487,1790482264.13944,42304.955378,42307.744331,2788.953,SSE,/api/inference/stream,True,,12,74,,
1790482261.375321,1790482264.167426,42304.980211,42307.772317,2792.106,SSE,/api/inference/stream,True,,12,75,,
1790482261.405428,1790482264.19546,42305.010319,42307.80035,2790.031,SSE,/api/inference/stream,True,,12,76,,
1790482261.419782,1790482264.211217,42305.024673,42307.816108,2791.435,SSE,/api/inference/stream,True,,12,77,,
1790482261.458095,1790482264.249013,42305.062986,42307.853904,2790.918,SSE,/api/inference/stream,True,,12,78,,
1790482261.480401,1790482264.270849,42305.085292,42307.87574,2790.448,SSE,/api/inference/stream,True,,12,79,,
1790482261.516874,1790482264.30653,42305.121765,42307.911421,2789.656,SSE,/api/inference/stream,True,,12,80,,
1790482261.550766,1790482264.342158,42305.155657,42307.947048,2791.392,SSE,/api/inference/stream,True,,12,81,,
1790482261.582056,1790482264.373772,42305.186946,42307.978663,2791.717,SSE,/api/inference/stream,True,,12,82,,
1790482261.606191,1790482264.394981,42305.211082,42307.999872,2788.79,SSE,/api/inference/stream,True,,12,83,,
1790482261.617144,1790482264.407722,42305.222035,42308.012614,2790.579,SSE,/api/inference/stream,True,,12,84,,
1790482261.659233,1790482264.450963,42305.264124,42308.055854,2791.731,SSE,/api/inference/stream,True,,12,85,,
1790482261.689344,1790482264.480968,42305.294234,42308.085859,2791.625,SSE,/api/inference/stream,True,,12,86,,
1790482261.703595,1790482264.49205,42305.308486,42308.096941,2788.456,SSE,/api/inference/stream,True,,12,87,,
1790482261.752999,1790482264.545257,42305.35789,42308.150148,2792.258,SSE,/api/inference/stream,True,,12,88,,
1790482261.756796,1790482264.54629,42305.361687,42308.151181,2789.494,SSE,/api/inference/stream,True,,12,89,,
1790482261.785643,1790482264.577483,42305.390534,42308.182374,2791.84,SSE,/api/inference/stream,True,,12,90,,
1790482261.823493,1790482264.615873,42305.428384,42308.220764,2792.38,SSE,/api/inference/stream,True,,12,91,,
1790482261.842589,1790482264.633372,42305.44748,42308.238263,2790.783,SSE,/api/inference/stream,True,,12,92,,
1790482261.882772,1790482264.671995,42305.487663,42308.276886,2789.224,SSE,/api/inference/stream,True,,12,93,,
1790482261.894871,1790482264.684216,42305.499762,42308.289107,2789.345,SSE,/api/inference/stream,True,,12,94,,
1790482261.932577,1790482264.722548,42305.537467,42308.327439,2789.972,SSE,/api/inference/stream,True,,12,95,,
1790482261.955537,1790482264.745177,42305.560428,42308.350067,2789.639,SSE,/api/inference/stream,True,,12,96,,
1790482261.986186,1790482264.77799,42305.591076,42308.382881,2791.804,SSE,/api/inference/stream,True,,12,97,,
1790482262.00975,1790482264.800735,42305.614641,42308.405626,2790.986,SSE,/api/inference/stream,True,,12,98,,
1790482262.04329,1790482264.835385,42305.64818,42308.440275,2792.095,SSE,/api/inference/stream,True,,12,99,,
1790482262.08325,1790482264.872383,42305.68814,42308.477274,2789.133,SSE,/api/inference/stream,True,,12,0,,
1790482262.106862,1790482264.895894,42305.711752,42308.500785,2789.032,SSE,/api/inference/stream,True,,12,1,,
1790482262.138772,1790482264.930712,42305.743662,42308.535603,2791.941,SSE,/api/inference/stream,True,,12,2,,
1790482262.154819,1790482264.944094,42305.75971,42308.548985,2789.275,SSE,/api/inference/stream,True,,12,3,,
1790482262.196262,1790482264.985734,42305.801153,42308.590625,2789.472,SSE,/api/inference/stream,True,,12,4,,
1790482262.228302,1790482265.020402,42305.833193,42308.625293,2792.1,SSE,/api/inference/stream,True,,12,5,,
1790482262.249818,1790482265.039499,42305.854709,42308.64439,2789.681,SSE,/api/inference/stream,True,,12,6,,
1790482262.266067,1790482265.054567,42305.870957,42308.659457,2788.5,SSE,/api/inference/stream,True,,12,7,,
1790482262.29863,1790482265.089519,42305.903521,42308.69441,2790.889,SSE,/api/inference/stream,True,,12,8,,
1790482262.325466,1790482265.114823,42305.930357,42308.719714,2789.357,SSE,/api/inference/stream,True,,12,9,,
1790482262.356351,1790482265.145764,42305.961242,42308.750655,2789.413,SSE,/api/inference/stream,True,,12,10,,
1790482262.387302,1790482265.177816,42305.992192,42308.782706,2790.514,SSE,/api/inference/stream,True,,12,11,,
1790482262.412521,1790482265.20361,42306.017412,42308.808501,2791.09,SSE,/api/inference/stream,True,,12,12,,
1790482262.449404,1790482265.241462,42306.054294,42308.846352,2792.058,SSE,/api/inference/stream,True,,12,13,,
1790482262.463741,1790482265.254459,42306.068632,42308.85935,2790.718,SSE,/api/inference/stream,True,,12,14,,
1790482262.500344,1790482265.291272,42306.105235,42308.896163,2790.928,SSE,/api/inference/stream,True,,12,15,,
1790482262.521786,1790482265.314783,42306.126677,42308.919674,2792.997,SSE,/api/inference/stream,True,,12,16,,
1790482262.559754,1790482265.35122,42306.164645,42308.956111,2791.466,SSE,/api/inference/stream,True,,12,17,,
1790482262.590278,1790482265.38077,42306.195169,42308.985661,2790.492,SSE,/api/inference/stream,True,,12,18,,
1790482262.613748,1790482265.403882,42306.218638,42309.008772,2790.134,SSE,/api/inference/stream,True,,12,19,,
1790482262.630949,1790482265.42086,42306.23584,42309.025751,2789.911,SSE,/api/inference/stream,True,,12,20,,
1790482262.66763,1790482265.459897,42306.272521,42309.064788,2792.267,SSE,/api/inference/stream,True,,12,21,,
1790482262.705238,1790482265.500067,42306.310129,42309.104958,2794.83,SSE,/api/inference/stream,True,,12,22,,
1790482262.709299,1790482265.501766,42306.31419,42309.106657,2792.468,SSE,/api/inference/stream,True,,12,23,,
1790482262.761147,1790482265.55578,42306.366038,42309.160671,2794.633,SSE,/api/inference/stream,True,,12,24,,
1790482262.764612,1790482265.557443,42306.369503,42309.162334,2792.83,SSE,/api/inference/stream,True,,12,25,,
1790482262.793613,1790482265.586788,42306.398504,42309.191678,2793.175,SSE,/api/inference/stream,True,,12,26,,
1790482262.836291,1790482265.626696,42306.441182,42309.231587,2790.406,SSE,/api/inference/stream,True,,12,27,,
1790482262.892736,1790482265.681809,42306.497626,42309.286699,2789.073,SSE,/api/inference/stream,True,,12,28,,
1790482262.912342,1790482265.702371,42306.517233,42309.307262,2790.029,SSE,/api/inference/stream,True,,12,29,,
1790482262.919472,1790482265.70959,42306.524363,42309.314481,2790.118,SSE,/api/inference/stream,True,,12,30,,
1790482262.935262,1790482265.724387,42306.540152,42309.329277,2789.125,SSE,/api/inference/stream,True,,12,31,,
1790482262.963965,1790482265.752037,42306.568856,42309.356928,2788.072,SSE,/api/inference/stream,True,,12,32,,
1790482262.994773,1790482265.785788,42306.599664,42309.390679,2791.015,SSE,/api/inference/stream,True,,12,33,,
1790482263.01911,1790482265.854472,42306.624002,42309.459364,2835.362,SSE,/api/inference/stream,True,,12,34,,
1790482263.054855,1790482265.858735,42306.659746,42309.463626,2803.88,SSE,/api/inference/stream,True,,12,35,,
1790482263.074366,1790482265.864813,42306.679257,42309.469704,2790.447,SSE,/api/inference/stream,True,,12,36,,
1790482263.105976,1790482265.895737,42306.710867,42309.500628,2789.761,SSE,/api/inference/stream,True,,12,37,,
1790482263.12602,1790482265.918594,42306.73091,42309.523484,2792.574,SSE,/api/inference/stream,True,,12,38,,
1790482263.164892,1790482265.954354,42306.769783,42309.559245,2789.462,SSE,/api/inference/stream,True,,12,39,,
1790482263.196015,1790482265.987026,42306.800905,42309.591916,2791.011,SSE,/api/inference/stream,True,,12,40,,
1790482263.221694,1790482266.011752,42306.826585,42309.616643,2790.058,SSE,/api/inference/stream,True,,12,41,,
1790482263.239506,1790482266.028268,42306.844397,42309.633158,2788.761,SSE,/api/inference/stream,True,,12,42,,
1790482263.273997,1790482266.06421,42306.878888,42309.669101,2790.213,SSE,/api/inference/stream,True,,12,43,,
1790482263.299725,1790482266.087927,42306.904615,42309.692817,2788.202,SSE,/api/inference/stream,True,,12,44,,
1790482263.331268,1790482266.120934,42306.936159,42309.725824,2789.665,SSE,/api/inference/stream,True,,12,45,,
1790482263.364758,1790482266.155338,42306.969649,42309.760229,2790.58,SSE,/api/inference/stream,True,,12,46,,
1790482263.385289,1790482266.175039,42306.990179,42309.77993,2789.75,SSE,/api/inference/stream,True,,12,47,,
1790482263.423071,1790482266.214003,42307.027962,42309.818894,2790.932,SSE,/api/inference/stream,True,,12,48,,
1790482263.439441,1790482266.229742,42307.044332,42309.834632,2790.3,SSE,/api/inference/stream,True,,12,49,,
1790482263.479791,1790482266.269242,42307.084682,42309.874133,2789.451,SSE,/api/inference/stream,True,,12,50,,
1790482263.498861,1790482266.28915,42307.103752,42309.894041,2790.289,SSE,/api/inference/stream,True,,12,51,,
1790482263.521686,1790482266.311001,42307.126576,42309.915892,2789.316,SSE,/api/inference/stream,True,,12,52,,
1790482263.564622,1790482266.355889,42307.169513,42309.96078,2791.267,SSE,/api/inference/stream,True,,12,53,,
1790482263.572009,1790482266.362376,42307.1769,42309.967268,2790.368,SSE,/api/inference/stream,True,,12,54,,
1790482263.643548,1790482266.435297,42307.248439,42310.040188,2791.75,SSE,/api/inference/stream,True,,12,56,,
1790482263.644888,1790482266.437405,42307.24978,42310.042296,2792.516,SSE,/api/inference/stream,True,,12,55,,
1790482263.672373,1790482266.465516,42307.277264,42310.070406,2793.143,SSE,/api/inference/stream,True,,12,57,,
1790482263.681669,1790482266.468706,42307.28656,42310.073597,2787.037,SSE,/api/inference/stream,True,,12,58,,
1790482263.716946,1790482266.508508,42307.321837,42310.113399,2791.563,SSE,/api/inference/stream,True,,12,59,,
1790482263.770762,1790482266.563439,42307.375652,42310.16833,2792.677,SSE,/api/inference/stream,True,,12,60,,
1790482263.773695,1790482266.565454,42307.378586,42310.170345,2791.759,SSE,/api/inference/stream,True,,12,61,,
1790482263.804309,1790482266.595482,42307.4092,42310.200373,2791.173,SSE,/api/inference/stream,True,,12,62,,
1790482263.826785,1790482266.615511,42307.431676,42310.220402,2788.726,SSE,/api/inference/stream,True,,12,63,,
1790482263.865234,1790482266.655004,42307.470125,42310.259895,2789.77,SSE,/api/inference/stream,True,,12,64,,
1790482263.875253,1790482266.66474,42307.480144,42310.269631,2789.487,SSE,/api/inference/stream,True,,12,65,,
1790482263.938389,1790482266.730631,42307.54328,42310.335521,2792.242,SSE,/api/inference/stream,True,,12,66,,
1790482263.941562,1790482266.733674,42307.546453,42310.338565,2792.112,SSE,/api/inference/stream,True,,12,67,,
1790482263.972285,1790482266.761632,42307.577175,42310.366523,2789.348,SSE,/api/inference/stream,True,,12,68,,
1790482264.005703,1790482266.796492,42307.610594,42310.401383,2790.789,SSE,/api/inference/stream,True,,12,69,,
1790482264.02331,1790482266.814541,42307.628201,42310.419432,2791.231,SSE,/api/inference/stream,True,,12,70,,
1790482264.047563,1790482266.836769,42307.652453,42310.44166,2789.207,SSE,/api/inference/stream,True,,12,71,,
1790482264.083446,1790482266.874378,42307.688336,42310.479269,2790.932,SSE,/api/inference/stream,True,,12,72,,
1790482264.102494,1790482266.893223,42307.707384,42310.498114,2790.73,SSE,/api/inference/stream,True,,12,73,,
1790482264.139696,1790482266.92934,42307.744587,42310.534231,2789.644,SSE,/api/inference/stream,True,,12,74,,
1790482264.167729,1790482266.960394,42307.77262,42310.565284,2792.664,SSE,/api/inference/stream,True,,12,75,,
1790482264.1958,1790482266.986182,42307.80069,42310.591073,2790.383,SSE,/api/inference/stream,True,,12,76,,
1790482264.211498,1790482267.002502,42307.816388,42310.607392,2791.004,SSE,/api/inference/stream,True,,12,77,,
1790482264.24935,1790482267.039471,42307.854241,42310.644362,2790.121,SSE,/api/inference/stream,True,,12,78,,
1790482264.271246,1790482267.061198,42307.876137,42310.666089,2789.953,SSE,/api/inference/stream,True,,12,79,,
1790482264.306834,1790482267.095573,42307.911724,42310.700463,2788.739,SSE,/api/inference/stream,True,,12,80,,
1790482264.342501,1790482267.132975,42307.947392,42310.737865,2790.474,SSE,/api/inference/stream,True,,12,81,,
1790482264.373964,1790482267.163809,42307.978855,42310.768699,2789.845,SSE,/api/inference/stream,True,,12,82,,
1790482264.395319,1790482267.185376,42308.00021,42310.790267,2790.057,SSE,/api/inference/stream,True,,12,83,,
1790482264.407958,1790482267.200552,42308.012848,42310.805443,2792.594,SSE,/api/inference/stream,True,,12,84,,
1790482264.451328,1790482267.240691,42308.056218,42310.845582,2789.363,SSE,/api/inference/stream,True,,12,85,,
1790482264.481261,1790482267.272999,42308.086152,42310.877889,2791.737,SSE,/api/inference/stream,True,,12,86,,
1790482264.492314,1790482267.28114,42308.097205,42310.886031,2788.826,SSE,/api/inference/stream,True,,12,87,,
1790482264.545419,1790482267.338389,42308.150309,42310.943279,2792.97,SSE,/api/inference/stream,True,,12,88,,
1790482264.546577,1790482267.340388,42308.151468,42310.945279,2793.812,SSE,/api/inference/stream,True,,12,89,,
1790482264.577818,1790482267.366096,42308.182709,42310.970986,2788.277,SSE,/api/inference/stream,True,,12,90,,
1790482264.616167,1790482267.407742,42308.221058,42311.012632,2791.574,SSE,/api/inference/stream,True,,12,91,,
1790482264.633664,1790482267.424482,42308.238554,42311.029373,2790.818,SSE,/api/inference/stream,True,,12,92,,
1790482264.672281,1790482267.462645,42308.277171,42311.067536,2790.365,SSE,/api/inference/stream,True,,12,93,,
1790482264.684489,1790482267.475322,42308.28938,42311.080213,2790.833,SSE,/api/inference/stream,True,,12,94,,
1790482264.722907,1790482267.511657,42308.327798,42311.116547,2788.749,SSE,/api/inference/stream,True,,12,95,,
1790482264.74543,1790482267.533867,42308.350321,42311.138758,2788.436,SSE,/api/inference/stream,True,,12,96,,
1790482264.778306,1790482267.569469,42308.383197,42311.17436,2791.163,SSE,/api/inference/stream,True,,12,97,,
1790482264.801059,1790482267.58967,42308.40595,42311.194561,2788.611,SSE,/api/inference/stream,True,,12,98,,
1790482264.835717,1790482267.627391,42308.440609,42311.232282,2791.673,SSE,/api/inference/stream,True,,12,99,,
1790482264.872667,1790482267.663548,42308.477558,42311.268438,2790.881,SSE,/api/inference/stream,True,,12,0,,
1790482264.896244,1790482267.687036,42308.501135,42311.291926,2790.791,SSE,/api/inference/stream,True,,12,1,,
1790482264.931088,1790482267.721982,42308.535978,42311.326872,2790.894,SSE,/api/inference/stream,True,,12,2,,
1790482264.944324,1790482267.735842,42308.549215,42311.340733,2791.517,SSE,/api/inference/stream,True,,12,3,,
1790482264.986087,1790482267.776257,42308.590978,42311.381147,2790.169,SSE,/api/inference/stream,True,,12,4,,
1790482265.020704,1790482267.812091,42308.625595,42311.416982,2791.388,SSE,/api/inference/stream,True,,12,5,,
1790482265.039832,1790482267.828778,42308.644722,42311.433669,2788.947,SSE,/api/inference/stream,True,,12,6,,
1790482265.054805,1790482267.843018,42308.659696,42311.447909,2788.213,SSE,/api/inference/stream,True,,12,7,,
1790482265.089865,1790482267.880797,42308.694757,42311.485688,2790.931,SSE,/api/inference/stream,True,,12,8,,
1790482265.11511,1790482267.906276,42308.720001,42311.511166,2791.165,SSE,/api/inference/stream,True,,12,9,,
1790482265.146012,1790482267.936879,42308.750903,42311.54177,2790.868,SSE,/api/inference/stream,True,,12,10,,
1790482265.178102,1790482267.969479,42308.782992,42311.574369,2791.377,SSE,/api/inference/stream,True,,12,11,,
1790482265.203941,1790482267.993131,42308.808832,42311.598022,2789.19,SSE,/api/inference/stream,True,,12,12,,
1790482265.241752,1790482268.031842,42308.846643,42311.636733,2790.09,SSE,/api/inference/stream,True,,12,13,,
1790482265.254664,1790482268.043362,42308.859555,42311.648253,2788.699,SSE,/api/inference/stream,True,,12,14,,
1790482265.291625,1790482268.082263,42308.896516,42311.687153,2790.638,SSE,/api/inference/stream,True,,12,15,,
1790482265.315056,1790482268.106112,42308.919947,42311.711002,2791.055,SSE,/api/inference/stream,True,,12,16,,
1790482265.351528,1790482268.141838,42308.956419,42311.746729,2790.31,SSE,/api/inference/stream,True,,12,17,,
1790482265.381022,1790482268.170487,42308.985913,42311.775377,2789.464,SSE,/api/inference/stream,True,,12,18,,
1790482265.404162,1790482268.193834,42309.009052,42311.798725,2789.672,SSE,/api/inference/stream,True,,12,19,,
1790482265.421185,1790482268.213422,42309.026076,42311.818312,2792.236,SSE,/api/inference/stream,True,,12,20,,
1790482265.4602,1790482268.249974,42309.065091,42311.854865,2789.774,SSE,/api/inference/stream,True,,12,21,,
1790482265.500363,1790482268.293741,42309.105254,42311.898631,2793.377,SSE,/api/inference/stream,True,,12,22,,
1790482265.502066,1790482268.295358,42309.106958,42311.900249,2793.292,SSE,/api/inference/stream,True,,12,23,,
1790482265.556088,1790482268.350561,42309.160978,42311.955452,2794.473,SSE,/api/inference/stream,True,,12,24,,
1790482265.557696,1790482268.352119,42309.162587,42311.95701,2794.423,SSE,/api/inference/stream,True,,12,25,,
1790482265.587085,1790482268.385921,42309.191976,42311.990811,2798.835,SSE,/api/inference/stream,True,,12,26,,
1790482265.626997,1790482268.417135,42309.231888,42312.022026,2790.138,SSE,/api/inference/stream,True,,12,27,,
1790482265.682112,1790482268.472656,42309.287003,42312.077547,2790.544,SSE,/api/inference/stream,True,,12,28,,
1790482265.702661,1790482268.491456,42309.307552,42312.096346,2788.795,SSE,/api/inference/stream,True,,12,29,,
1790482265.709801,1790482268.498561,42309.314692,42312.103452,2788.76,SSE,/api/inference/stream,True,,12,30,,
1790482265.724704,1790482268.513313,42309.329595,42312.118203,2788.608,SSE,/api/inference/stream,True,,12,31,,
1790482265.752246,1790482268.539476,42309.357137,42312.144367,2787.23,SSE,/api/inference/stream,True,,12,32,,
1790482265.786127,1790482268.576985,42309.391018,42312.181875,2790.858,SSE,/api/inference/stream,True,,12,33,,
1790482265.854662,1790482268.649231,42309.459553,42312.254122,2794.569,SSE,/api/inference/stream,True,,12,34,,
1790482265.858878,1790482268.653274,42309.463769,42312.258165,2794.396,SSE,/api/inference/stream,True,,12,35,,
1790482265.864953,1790482268.654666,42309.469844,42312.259557,2789.713,SSE,/api/inference/stream,True,,12,36,,
1790482265.896096,1790482268.687309,42309.500987,42312.2922,2791.213,SSE,/api/inference/stream,True,,12,37,,
1790482265.918896,1790482268.712171,42309.523787,42312.317062,2793.275,SSE,/api/inference/stream,True,,12,38,,
1790482265.954634,1790482268.743856,42309.559525,42312.348747,2789.222,SSE,/api/inference/stream,True,,12,39,,
1790482265.987412,1790482268.779969,42309.592303,42312.384859,2792.556,SSE,/api/inference/stream,True,,12,40,,
1790482266.012126,1790482268.802543,42309.617017,42312.407433,2790.416,SSE,/api/inference/stream,True,,12,41,,
1790482266.028515,1790482268.818621,42309.633406,42312.423512,2790.106,SSE,/api/inference/stream,True,,12,42,,
1790482266.064486,1790482268.856589,42309.669377,42312.46148,2792.103,SSE,/api/inference/stream,True,,12,43,,
1790482266.088292,1790482268.877129,42309.693182,42312.48202,2788.838,SSE,/api/inference/stream,True,,12,44,,
1790482266.121207,1790482268.913534,42309.726098,42312.518425,2792.327,SSE,/api/inference/stream,True,,12,45,,
1790482266.155634,1790482268.945928,42309.760525,42312.550818,2790.293,SSE,/api/inference/stream,True,,12,46,,
1790482266.175368,1790482268.965841,42309.780259,42312.570732,2790.473,SSE,/api/inference/stream,True,,12,47,,
1790482266.214402,1790482269.004375,42309.819292,42312.609265,2789.973,SSE,/api/inference/stream,True,,12,48,,
1790482266.230045,1790482269.023502,42309.834935,42312.628393,2793.458,SSE,/api/inference/stream,True,,12,49,,
1790482266.269502,1790482269.059425,42309.874393,42312.664316,2789.923,SSE,/api/inference/stream,True,,12,50,,
1790482266.289455,1790482269.077872,42309.894346,42312.682763,2788.417,SSE,/api/inference/stream,True,,12,51,,
1790482266.311426,1790482269.102123,42309.916316,42312.707014,2790.698,SSE,/api/inference/stream,True,,12,52,,
1790482266.356195,1790482269.149177,42309.961086,42312.754068,2792.981,SSE,/api/inference/stream,True,,12,53,,
1790482266.362591,1790482269.154875,42309.967482,42312.759766,2792.284,SSE,/api/inference/stream,True,,12,54,,
1790482266.437621,1790482269.228351,42310.042512,42312.833242,2790.73,SSE,/api/inference/stream,True,,12,55,,
1790482266.435578,1790482269.230343,42310.040469,42312.835234,2794.765,SSE,/api/inference/stream,True,,12,56,,
1790482266.465782,1790482269.260374,42310.070673,42312.865265,2794.592,SSE,/api/inference/stream,True,,12,57,,
1790482266.46894,1790482269.263221,42310.073831,42312.868112,2794.282,SSE,/api/inference/stream,True,,12,58,,
1790482266.508791,1790482269.298679,42310.113681,42312.90357,2789.889,SSE,/api/inference/stream,True,,12,59,,
1790482266.563746,1790482269.357383,42310.168637,42312.962274,2793.637,SSE,/api/inference/stream,True,,12,60,,
1790482266.565851,1790482269.358958,42310.170743,42312.96385,2793.107,SSE,/api/inference/stream,True,,12,61,,
1790482266.595763,1790482269.387841,42310.200654,42312.992732,2792.078,SSE,/api/inference/stream,True,,12,62,,
1790482266.615769,1790482269.405885,42310.22066,42313.010775,2790.115,SSE,/api/inference/stream,True,,12,63,,
1790482266.655382,1790482269.44786,42310.260273,42313.052751,2792.478,SSE,/api/inference/stream,True,,12,64,,
1790482266.664954,1790482269.455439,42310.269845,42313.06033,2790.485,SSE,/api/inference/stream,True,,12,65,,
1790482266.730925,1790482269.523809,42310.335816,42313.1287,2792.884,SSE,/api/inference/stream,True,,12,66,,
1790482266.733906,1790482269.525291,42310.338797,42313.130182,2791.385,SSE,/api/inference/stream,True,,12,67,,
1790482266.761971,1790482269.552939,42310.366861,42313.157829,2790.968,SSE,/api/inference/stream,True,,12,68,,
1790482266.796786,1790482269.58861,42310.401677,42313.193501,2791.824,SSE,/api/inference/stream,True,,12,69,,
1790482266.814876,1790482269.608398,42310.419766,42313.213289,2793.523,SSE,/api/inference/stream,True,,12,70,,
1790482266.837096,1790482269.627237,42310.441987,42313.232128,2790.141,SSE,/api/inference/stream,True,,12,71,,
1790482266.874704,1790482269.665766,42310.479594,42313.270656,2791.062,SSE,/api/inference/stream,True,,12,72,,
1790482266.893497,1790482269.683362,42310.498388,42313.288253,2789.866,SSE,/api/inference/stream,True,,12,73,,
1790482266.929635,1790482269.720994,42310.534525,42313.325884,2791.359,SSE,/api/inference/stream,True,,12,74,,
1790482266.960708,1790482269.75248,42310.565599,42313.35737,2791.771,SSE,/api/inference/stream,True,,12,75,,
1790482266.986573,1790482269.776251,42310.591464,42313.381141,2789.677,SSE,/api/inference/stream,True,,12,76,,
1790482267.002768,1790482269.79387,42310.607658,42313.398761,2791.103,SSE,/api/inference/stream,True,,12,77,,
1790482267.039707,1790482269.82925,42310.644598,42313.434141,2789.543,SSE,/api/inference/stream,True,,12,78,,
1790482267.061545,1790482269.849788,42310.666436,42313.454678,2788.243,SSE,/api/inference/stream,True,,12,79,,
1790482267.095804,1790482269.884097,42310.700694,42313.488987,2788.293,SSE,/api/inference/stream,True,,12,80,,
1790482267.133235,1790482269.924761,42310.738125,42313.529652,2791.526,SSE,/api/inference/stream,True,,12,81,,
1790482267.164085,1790482269.955969,42310.768975,42313.560859,2791.884,SSE,/api/inference/stream,True,,12,82,,
1790482267.18565,1790482269.975282,42310.790541,42313.580173,2789.632,SSE,/api/inference/stream,True,,12,83,,
1790482267.200849,1790482269.992907,42310.80574,42313.597798,2792.058,SSE,/api/inference/stream,True,,12,84,,
1790482267.240951,1790482270.029895,42310.845842,42313.634786,2788.944,SSE,/api/inference/stream,True,,12,85,,
1790482267.273314,1790482270.06413,42310.878204,42313.66902,2790.816,SSE,/api/inference/stream,True,,12,86,,
1790482267.281363,1790482270.071462,42310.886254,42313.676353,2790.099,SSE,/api/inference/stream,True,,12,87,,
1790482267.338677,1790482270.133899,42310.943568,42313.73879,2795.222,SSE,/api/inference/stream,True,,12,88,,
1790482267.340678,1790482270.135661,42310.945569,42313.740552,2794.983,SSE,/api/inference/stream,True,,12,89,,
1790482267.366363,1790482270.156626,42310.971254,42313.761517,2790.263,SSE,/api/inference/stream,True,,12,90,,
1790482267.408001,1790482270.198638,42311.012892,42313.803529,2790.637,SSE,/api/inference/stream,True,,12,91,,
1790482267.424793,1790482270.214895,42311.029684,42313.819785,2790.101,SSE,/api/inference/stream,True,,12,92,,
1790482267.462965,1790482270.25388,42311.067856,42313.85877,2790.914,SSE,/api/inference/stream,True,,12,93,,
1790482267.475607,1790482270.266803,42311.080498,42313.871694,2791.196,SSE,/api/inference/stream,True,,12,94,,
1790482267.511958,1790482270.301111,42311.116849,42313.906002,2789.153,SSE,/api/inference/stream,True,,12,95,,
1790482267.534127,1790482270.325437,42311.139018,42313.930328,2791.31,SSE,/api/inference/stream,True,,12,96,,
1790482267.56979,1790482270.361403,42311.17468,42313.966294,2791.614,SSE,/api/inference/stream,True,,12,97,,
1790482267.589998,1790482270.380164,42311.194888,42313.985054,2790.166,SSE,/api/inference/stream,True,,12,98,,
1790482267.627722,1790482270.418507,42311.232612,42314.023398,2790.785,SSE,/api/inference/stream,True,,12,99,,
1790482267.663834,1790482270.454586,42311.268725,42314.059477,2790.752,SSE,/api/inference/stream,True,,12,0,,
1790482267.687459,1790482270.47776,42311.29235,42314.082651,2790.301,SSE,/api/inference/stream,True,,12,1,,
1790482267.722345,1790482270.51287,42311.327235,42314.11776,2790.525,SSE,/api/inference/stream,True,,12,2,,
1790482267.736055,1790482270.525881,42311.340946,42314.130772,2789.825,SSE,/api/inference/stream,True,,12,3,,
1790482267.776571,1790482270.565723,42311.381461,42314.170613,2789.152,SSE,/api/inference/stream,True,,12,4,,
1790482267.812378,1790482270.601189,42311.417269,42314.206079,2788.81,SSE,/api/inference/stream,True,,12,5,,
1790482267.829073,1790482270.61883,42311.433964,42314.223721,2789.757,SSE,/api/inference/stream,True,,12,6,,
1790482267.843346,1790482270.633176,42311.448237,42314.238067,2789.829,SSE,/api/inference/stream,True,,12,7,,
1790482267.881037,1790482270.670856,42311.485927,42314.275747,2789.82,SSE,/api/inference/stream,True,,12,8,,
1790482267.906547,1790482270.698056,42311.511437,42314.302947,2791.51,SSE,/api/inference/stream,True,,12,9,,
1790482267.93713,1790482270.728322,42311.542021,42314.333213,2791.191,SSE,/api/inference/stream,True,,12,10,,
1790482267.969765,1790482270.764471,42311.574656,42314.369361,2794.705,SSE,/api/inference/stream,True,,12,11,,
1790482267.993398,1790482270.784453,42311.598289,42314.389344,2791.055,SSE,/api/inference/stream,True,,12,12,,
1790482268.032182,1790482270.822881,42311.637072,42314.427772,2790.7,SSE,/api/inference/stream,True,,12,13,,
1790482268.043633,1790482270.834666,42311.648523,42314.439557,2791.034,SSE,/api/inference/stream,True,,12,14,,
1790482268.08259,1790482270.871725,42311.687481,42314.476616,2789.136,SSE,/api/inference/stream,True,,12,15,,
1790482268.106363,1790482270.896773,42311.711254,42314.501664,2790.41,SSE,/api/inference/stream,True,,12,16,,
1790482268.142186,1790482270.934255,42311.747077,42314.539146,2792.069,SSE,/api/inference/stream,True,,12,17,,
1790482268.170794,1790482270.964292,42311.775684,42314.569183,2793.498,SSE,/api/inference/stream,True,,12,18,,
1790482268.194133,1790482270.986007,42311.799024,42314.590898,2791.874,SSE,/api/inference/stream,True,,12,19,,
1790482268.213737,1790482271.003136,42311.818628,42314.608027,2789.399,SSE,/api/inference/stream,True,,12,20,,
1790482268.250257,1790482271.04089,42311.855148,42314.64578,2790.632,SSE,/api/inference/stream,True,,12,21,,
1790482268.294033,1790482271.088663,42311.898923,42314.693554,2794.631,SSE,/api/inference/stream,True,,12,22,,
1790482268.295607,1790482271.090364,42311.900498,42314.695254,2794.756,SSE,/api/inference/stream,True,,12,23,,
1790482268.350857,1790482271.144812,42311.955747,42314.749702,2793.955,SSE,/api/inference/stream,True,,12,24,,
1790482268.352404,1790482271.146384,42311.957296,42314.751275,2793.979,SSE,/api/inference/stream,True,,12,25,,
1790482268.386279,1790482271.176455,42311.99117,42314.781345,2790.176,SSE,/api/inference/stream,True,,12,26,,
1790482268.417429,1790482271.206885,42312.02232,42314.811776,2789.457,SSE,/api/inference/stream,True,,12,27,,
1790482268.472961,1790482271.263329,42312.077852,42314.868219,2790.367,SSE,/api/inference/stream,True,,12,28,,
1790482268.491777,1790482271.281636,42312.096668,42314.886527,2789.859,SSE,/api/inference/stream,True,,12,29,,
1790482268.498804,1790482271.288902,42312.103695,42314.893793,2790.098,SSE,/api/inference/stream,True,,12,30,,
1790482268.513649,1790482271.302666,42312.11854,42314.907557,2789.017,SSE,/api/inference/stream,True,,12,31,,
1790482268.53973,1790482271.33204,42312.14462,42314.936931,2792.31,SSE,/api/inference/stream,True,,12,32,,
1790482268.577287,1790482271.368416,42312.182177,42314.973307,2791.129,SSE,/api/inference/stream,True,,12,33,,
1790482268.649581,1790482271.448603,42312.254472,42315.053493,2799.022,SSE,/api/inference/stream,True,,12,34,,
1790482268.653509,1790482271.451457,42312.2584,42315.056348,2797.949,SSE,/api/inference/stream,True,,12,35,,
1790482268.654942,1790482271.454071,42312.259833,42315.058962,2799.13,SSE,/api/inference/stream,True,,12,36,,
1790482268.687661,1790482271.478423,42312.292552,42315.083314,2790.762,SSE,/api/inference/stream,True,,12,37,,
1790482268.712531,1790482271.502971,42312.317422,42315.107862,2790.44,SSE,/api/inference/stream,True,,12,38,,
1790482268.74412,1790482271.535878,42312.349011,42315.140769,2791.758,SSE,/api/inference/stream,True,,12,39,,
1790482268.780248,1790482271.570811,42312.385139,42315.175702,2790.563,SSE,/api/inference/stream,True,,12,40,,
1790482268.802871,1790482271.591054,42312.407762,42315.195945,2788.183,SSE,/api/inference/stream,True,,12,41,,
1790482268.818884,1790482271.610344,42312.423774,42315.215234,2791.46,SSE,/api/inference/stream,True,,12,42,,
1790482268.856875,1790482271.646331,42312.461766,42315.251221,2789.455,SSE,/api/inference/stream,True,,12,43,,
1790482268.877398,1790482271.667286,42312.482289,42315.272177,2789.887,SSE,/api/inference/stream,True,,12,44,,
1790482268.913873,1790482271.706479,42312.518764,42315.31137,2792.606,SSE,/api/inference/stream,True,,12,45,,
1790482268.946227,1790482271.738389,42312.551117,42315.34328,2792.162,SSE,/api/inference/stream,True,,12,46,,
1790482268.96616,1790482271.757149,42312.571051,42315.36204,2790.989,SSE,/api/inference/stream,True,,12,47,,
1790482269.00475,1790482271.794385,42312.609641,42315.399276,2789.635,SSE,/api/inference/stream,True,,12,48,,
1790482269.023791,1790482271.81239,42312.628682,42315.417281,2788.599,SSE,/api/inference/stream,True,,12,49,,
1790482269.059718,1790482271.849733,42312.664609,42315.454624,2790.015,SSE,/api/inference/stream,True,,12,50,,
1790482269.078153,1790482271.867583,42312.683044,42315.472473,2789.429,SSE,/api/inference/stream,True,,12,51,,
1790482269.102477,1790482271.893421,42312.707368,42315.498311,2790.944,SSE,/api/inference/stream,True,,12,52,,
1790482269.149504,1790482271.944583,42312.754395,42315.549474,2795.079,SSE,/api/inference/stream,True,,12,53,,
1790482269.155101,1790482271.946751,42312.759992,42315.551642,2791.651,SSE,/api/inference/stream,True,,12,54,,
1790482269.228658,1790482272.022936,42312.833548,42315.627826,2794.278,SSE,/api/inference/stream,True,,12,55,,
1790482269.23065,1790482272.026275,42312.835541,42315.631166,2795.625,SSE,/api/inference/stream,True,,12,56,,
1790482269.260639,1790482272.05352,42312.86553,42315.658411,2792.881,SSE,/api/inference/stream,True,,12,57,,
1790482269.263451,1790482272.055572,42312.868342,42315.660463,2792.121,SSE,/api/inference/stream,True,,12,58,,
1790482269.299004,1790482272.087658,42312.903895,42315.692549,2788.655,SSE,/api/inference/stream,True,,12,59,,
1790482269.357677,1790482272.150136,42312.962567,42315.755026,2792.459,SSE,/api/inference/stream,True,,12,60,,
1790482269.359457,1790482272.151819,42312.964348,42315.756711,2792.363,SSE,/api/inference/stream,True,,12,61,,
1790482269.388153,1790482272.177929,42312.993044,42315.78282,2789.776,SSE,/api/inference/stream,True,,12,62,,
1790482269.406176,1790482272.200897,42313.011067,42315.805788,2794.721,SSE,/api/inference/stream,True,,12,63,,
1790482269.44826,1790482272.240676,42313.05315,42315.845567,2792.417,SSE,/api/inference/stream,True,,12,64,,
1790482269.455687,1790482272.243055,42313.060579,42315.847946,2787.368,SSE,/api/inference/stream,True,,12,65,,
1790482269.524074,1790482272.31852,42313.128965,42315.923411,2794.446,SSE,/api/inference/stream,True,,12,66,,
1790482269.525558,1790482272.320295,42313.130449,42315.925186,2794.737,SSE,/api/inference/stream,True,,12,67,,
1790482269.553285,1790482272.345616,42313.158175,42315.950507,2792.331,SSE,/api/inference/stream,True,,12,68,,
1790482269.588856,1790482272.37812,42313.193747,42315.98301,2789.263,SSE,/api/inference/stream,True,,12,69,,
1790482269.608726,1790482272.399472,42313.213616,42316.004362,2790.746,SSE,/api/inference/stream,True,,12,70,,
1790482269.627522,1790482272.418017,42313.232414,42316.022908,2790.494,SSE,/api/inference/stream,True,,12,71,,
1790482269.666089,1790482272.45562,42313.27098,42316.060511,2789.531,SSE,/api/inference/stream,True,,12,72,,
1790482269.683699,1790482272.47285,42313.28859,42316.077741,2789.15,SSE,/api/inference/stream,True,,12,73,,
1790482269.721295,1790482272.515739,42313.326186,42316.12063,2794.444,SSE,/api/inference/stream,True,,12,74,,
1790482269.752781,1790482272.545507,42313.357672,42316.150398,2792.726,SSE,/api/inference/stream,True,,12,75,,
1790482269.776598,1790482272.565595,42313.381489,42316.170485,2788.996,SSE,/api/inference/stream,True,,12,76,,
1790482269.794158,1790482272.585264,42313.399048,42316.190155,2791.107,SSE,/api/inference/stream,True,,12,77,,
1790482269.829488,1790482272.62079,42313.434379,42316.225681,2791.302,SSE,/api/inference/stream,True,,12,78,,
1790482269.850135,1790482272.639568,42313.455026,42316.244459,2789.433,SSE,/api/inference/stream,True,,12,79,,
1790482269.884405,1790482272.67374,42313.489296,42316.278631,2789.336,SSE,/api/inference/stream,True,,12,80,,
1790482269.925073,1790482272.716392,42313.529964,42316.321283,2791.319,SSE,/api/inference/stream,True,,12,81,,
1790482269.956326,1790482272.745725,42313.561216,42316.350616,2789.4,SSE,/api/inference/stream,True,,12,82,,
1790482269.975584,1790482272.76764,42313.580475,42316.372531,2792.056,SSE,/api/inference/stream,True,,12,83,,
1790482269.993214,1790482272.78382,42313.598105,42316.38871,2790.606,SSE,/api/inference/stream,True,,12,84,,
1790482270.030212,1790482272.821637,42313.635103,42316.426528,2791.425,SSE,/api/inference/stream,True,,12,85,,
1790482270.064434,1790482272.85665,42313.669325,42316.46154,2792.216,SSE,/api/inference/stream,True,,12,86,,
1790482270.071685,1790482272.86883,42313.676576,42316.473721,2797.145,SSE,/api/inference/stream,True,,12,87,,
1790482270.134288,1790482272.928451,42313.739179,42316.533341,2794.163,SSE,/api/inference/stream,True,,12,88,,
1790482270.135912,1790482272.929922,42313.740803,42316.534813,2794.01,SSE,/api/inference/stream,True,,12,89,,
1790482270.15689,1790482272.946131,42313.761782,42316.551022,2789.241,SSE,/api/inference/stream,True,,12,90,,
1790482270.198975,1790482272.988613,42313.803866,42316.593503,2789.638,SSE,/api/inference/stream,True,,12,91,,
1790482270.215263,1790482273.003533,42313.820154,42316.608424,2788.27,SSE,/api/inference/stream,True,,12,92,,
1790482270.254238,1790482273.044442,42313.859128,42316.649333,2790.204,SSE,/api/inference/stream,True,,12,93,,
1790482270.267084,1790482273.058007,42313.871975,42316.662898,2790.923,SSE,/api/inference/stream,True,,12,94,,
1790482270.301512,1790482273.092411,42313.906403,42316.697301,2790.899,SSE,/api/inference/stream,True,,12,95,,
1790482270.325725,1790482273.116536,42313.930616,42316.721426,2790.811,SSE,/api/inference/stream,True,,12,96,,
1790482270.361701,1790482273.152359,42313.966592,42316.75725,2790.658,SSE,/api/inference/stream,True,,12,97,,
1790482270.380517,1790482273.1709,42313.985407,42316.775791,2790.383,SSE,/api/inference/stream,True,,12,98,,
1790482270.418797,1790482273.208785,42314.023688,42316.813676,2789.988,SSE,/api/inference/stream,True,,12,99,,
1790482270.454878,1790482273.244896,42314.059769,42316.849787,2790.018,SSE,/api/inference/stream,True,,12,0,,
1790482270.478052,1790482273.270115,42314.082942,42316.875006,2792.063,SSE,/api/inference/stream,True,,12,1,,
1790482270.513267,1790482273.304011,42314.118158,42316.908901,2790.744,SSE,/api/inference/stream,True,,12,2,,
1790482270.526098,1790482273.316614,42314.130988,42316.921505,2790.517,SSE,/api/inference/stream,True,,12,3,,
1790482270.56605,1790482273.354075,42314.170941,42316.958966,2788.025,SSE,/api/inference/stream,True,,12,4,,
1790482270.60151,1790482273.392072,42314.206401,42316.996963,2790.563,SSE,/api/inference/stream,True,,12,5,,
1790482270.619254,1790482273.408188,42314.224144,42317.013079,2788.934,SSE,/api/inference/stream,True,,12,6,,
1790482270.633447,1790482273.425205,42314.238338,42317.030096,2791.758,SSE,/api/inference/stream,True,,12,7,,
1790482270.67123,1790482273.460355,42314.276121,42317.065246,2789.125,SSE,/api/inference/stream,True,,12,8,,
1790482270.69842,1790482273.48998,42314.303311,42317.094871,2791.56,SSE,/api/inference/stream,True,,12,9,,
1790482270.728678,1790482273.519656,42314.333569,42317.124547,2790.978,SSE,/api/inference/stream,True,,12,10,,
1790482270.764756,1790482273.556201,42314.369647,42317.161092,2791.445,SSE,/api/inference/stream,True,,12,11,,
1790482270.784792,1790482273.573256,42314.389683,42317.178147,2788.464,SSE,/api/inference/stream,True,,12,12,,
1790482270.823282,1790482273.613265,42314.428173,42317.218156,2789.983,SSE,/api/inference/stream,True,,12,13,,
1790482270.83498,1790482273.62734,42314.43987,42317.23223,2792.36,SSE,/api/inference/stream,True,,12,14,,
1790482270.872047,1790482273.660849,42314.476938,42317.26574,2788.802,SSE,/api/inference/stream,True,,12,15,,
1790482270.897048,1790482273.685787,42314.501938,42317.290678,2788.74,SSE,/api/inference/stream,True,,12,16,,
1790482270.934566,1790482273.723565,42314.539457,42317.328455,2788.998,SSE,/api/inference/stream,True,,12,17,,
1790482270.964625,1790482273.756812,42314.569516,42317.361703,2792.186,SSE,/api/inference/stream,True,,12,18,,
1790482270.986264,1790482273.775601,42314.591155,42317.380492,2789.337,SSE,/api/inference/stream,True,,12,19,,
1790482271.003414,1790482273.792102,42314.608305,42317.396993,2788.688,SSE,/api/inference/stream,True,,12,20,,
1790482271.041211,1790482273.83117,42314.646102,42317.43606,2789.958,SSE,/api/inference/stream,True,,12,21,,
1790482271.088986,1790482273.884468,42314.693877,42317.489359,2795.482,SSE,/api/inference/stream,True,,12,22,,
1790482271.0907,1790482273.88609,42314.695591,42317.490981,2795.39,SSE,/api/inference/stream,True,,12,23,,
1790482271.145108,1790482273.938028,42314.749998,42317.542918,2792.92,SSE,/api/inference/stream,True,,12,24,,
1790482271.146649,1790482273.93988,42314.75154,42317.544771,2793.231,SSE,/api/inference/stream,True,,12,25,,
1790482271.176812,1790482273.968897,42314.781703,42317.573788,2792.085,SSE,/api/inference/stream,True,,12,26,,
1790482271.207224,1790482273.99653,42314.812115,42317.601421,2789.306,SSE,/api/inference/stream,True,,12,27,,
1790482271.263655,1790482274.053251,42314.868546,42317.658142,2789.596,SSE,/api/inference/stream,True,,12,28,,
1790482271.281945,1790482274.071991,42314.886835,42317.676882,2790.046,SSE,/api/inference/stream,True,,12,29,,
1790482271.289112,1790482274.078931,42314.894003,42317.683822,2789.819,SSE,/api/inference/stream,True,,12,30,,
1790482271.302974,1790482274.092174,42314.907865,42317.697065,2789.199,SSE,/api/inference/stream,True,,12,31,,
1790482271.332335,1790482274.125715,42314.937226,42317.730606,2793.38,SSE,/api/inference/stream,True,,12,32,,
1790482271.368708,1790482274.158886,42314.973599,42317.763776,2790.178,SSE,/api/inference/stream,True,,12,33,,
1790482271.4489,1790482274.245007,42315.053791,42317.849898,2796.107,SSE,/api/inference/stream,True,,12,34,,
1790482271.451681,1790482274.247502,42315.056573,42317.852393,2795.82,SSE,/api/inference/stream,True,,12,35,,
1790482271.454306,1790482274.252983,42315.059197,42317.857874,2798.677,SSE,/api/inference/stream,True,,12,36,,
1790482271.478822,1790482274.268526,42315.083713,42317.873416,2789.703,SSE,/api/inference/stream,True,,12,37,,
1790482271.503331,1790482274.293171,42315.108222,42317.898062,2789.839,SSE,/api/inference/stream,True,,12,38,,
1790482271.536148,1790482274.325737,42315.141039,42317.930627,2789.589,SSE,/api/inference/stream,True,,12,39,,
1790482271.571117,1790482274.360979,42315.176008,42317.96587,2789.862,SSE,/api/inference/stream,True,,12,40,,
1790482271.591356,1790482274.381302,42315.196247,42317.986193,2789.945,SSE,/api/inference/stream,True,,12,41,,
1790482271.610681,1790482274.401428,42315.215572,42318.006318,2790.746,SSE,/api/inference/stream,True,,12,42,,
1790482271.646584,1790482274.436059,42315.251474,42318.040949,2789.475,SSE,/api/inference/stream,True,,12,43,,
1790482271.667544,1790482274.455425,42315.272435,42318.060316,2787.881,SSE,/api/inference/stream,True,,12,44,,
1790482271.706822,1790482274.496914,42315.311713,42318.101804,2790.091,SSE,/api/inference/stream,True,,12,45,,
1790482271.738737,1790482274.52889,42315.343628,42318.133781,2790.153,SSE,/api/inference/stream,True,,12,46,,
1790482271.757409,1790482274.546803,42315.362299,42318.151694,2789.395,SSE,/api/inference/stream,True,,12,47,,
1790482271.794671,1790482274.584085,42315.399562,42318.188975,2789.414,SSE,/api/inference/stream,True,,12,48,,
1790482271.812717,1790482274.601574,42315.417608,42318.206465,2788.857,SSE,/api/inference/stream,True,,12,49,,
1790482271.850019,1790482274.640499,42315.45491,42318.24539,2790.48,SSE,/api/inference/stream,True,,12,50,,
1790482271.867816,1790482274.656283,42315.472706,42318.261173,2788.467,SSE,/api/inference/stream,True,,12,51,,
1790482271.893797,1790482274.684041,42315.498687,42318.288931,2790.244,SSE,/api/inference/stream,True,,12,52,,
1790482271.944869,1790482274.738292,42315.54976,42318.343183,2793.423,SSE,/api/inference/stream,True,,12,53,,
1790482271.946952,1790482274.74032,42315.551843,42318.345211,2793.369,SSE,/api/inference/stream,True,,12,54,,
1790482272.023377,1790482274.817858,42315.628268,42318.422748,2794.481,SSE,/api/inference/stream,True,,12,55,,
1790482272.026489,1790482274.820651,42315.63138,42318.425542,2794.162,SSE,/api/inference/stream,True,,12,56,,
1790482272.05381,1790482274.847676,42315.658701,42318.452567,2793.866,SSE,/api/inference/stream,True,,12,57,,
1790482272.055942,1790482274.849868,42315.660833,42318.454759,2793.926,SSE,/api/inference/stream,True,,12,58,,
1790482272.087911,1790482274.875812,42315.692801,42318.480702,2787.901,SSE,/api/inference/stream,True,,12,59,,
1790482272.150424,1790482274.945683,42315.755315,42318.550574,2795.259,SSE,/api/inference/stream,True,,12,60,,
1790482272.152118,1790482274.947866,42315.757009,42318.552757,2795.748,SSE,/api/inference/stream,True,,12,61,,
1790482272.178201,1790482274.970455,42315.783092,42318.575346,2792.254,SSE,/api/inference/stream,True,,12,62,,
1790482272.201238,1790482274.989585,42315.806129,42318.594475,2788.347,SSE,/api/inference/stream,True,,12,63,,
1790482272.241052,1790482275.034303,42315.845942,42318.639193,2793.251,SSE,/api/inference/stream,True,,12,64,,
1790482272.243378,1790482275.03843,42315.848269,42318.643321,2795.051,SSE,/api/inference/stream,True,,12,65,,
1790482272.318809,1790482275.11535,42315.923699,42318.72024,2796.541,SSE,/api/inference/stream,True,,12,66,,
1790482272.320573,1790482275.117484,42315.925464,42318.722375,2796.911,SSE,/api/inference/stream,True,,12,67,,
1790482272.345977,1790482275.137664,42315.950867,42318.742554,2791.687,SSE,/api/inference/stream,True,,12,68,,
1790482272.378395,1790482275.168754,42315.983285,42318.773645,2790.359,SSE,/api/inference/stream,True,,12,69,,
1790482272.399776,1790482275.189929,42316.004667,42318.79482,2790.153,SSE,/api/inference/stream,True,,12,70,,
1790482272.418337,1790482275.207277,42316.023227,42318.812167,2788.94,SSE,/api/inference/stream,True,,12,71,,
1790482272.45592,1790482275.24701,42316.060811,42318.851901,2791.09,SSE,/api/inference/stream,True,,12,72,,
1790482272.473075,1790482275.261992,42316.077965,42318.866882,2788.917,SSE,/api/inference/stream,True,,12,73,,
1790482272.516054,1790482275.309181,42316.120944,42318.914071,2793.127,SSE,/api/inference/stream,True,,12,74,,
1790482272.545808,1790482275.336571,42316.150698,42318.941461,2790.763,SSE,/api/inference/stream,True,,12,75,,
1790482272.565946,1790482275.354785,42316.170837,42318.959676,2788.839,SSE,/api/inference/stream,True,,12,76,,
1790482272.585611,1790482275.373596,42316.190501,42318.978487,2787.985,SSE,/api/inference/stream,True,,12,77,,
1790482272.621165,1790482275.412591,42316.226056,42319.017482,2791.426,SSE,/api/inference/stream,True,,12,78,,
1790482272.639845,1790482275.428426,42316.244736,42319.033317,2788.58,SSE,/api/inference/stream,True,,12,79,,
1790482272.673977,1790482275.462166,42316.278867,42319.067056,2788.189,SSE,/api/inference/stream,True,,12,80,,
1790482272.71665,1790482275.505493,42316.321541,42319.110384,2788.844,SSE,/api/inference/stream,True,,12,81,,
1790482272.745985,1790482275.536449,42316.350876,42319.141339,2790.464,SSE,/api/inference/stream,True,,12,82,,
1790482272.767936,1790482275.557005,42316.372826,42319.161896,2789.07,SSE,/api/inference/stream,True,,12,83,,
1790482272.784083,1790482275.573038,42316.388974,42319.177929,2788.955,SSE,/api/inference/stream,True,,12,84,,
1790482272.82192,1790482275.613077,42316.426811,42319.217968,2791.157,SSE,/api/inference/stream,True,,12,85,,
1790482272.856933,1790482275.646362,42316.461824,42319.251252,2789.429,SSE,/api/inference/stream,True,,12,86,,
1790482272.869253,1790482275.65972,42316.474143,42319.264611,2790.468,SSE,/api/inference/stream,True,,12,87,,
1790482272.928712,1790482275.71909,42316.533602,42319.32398,2790.378,SSE,/api/inference/stream,True,,12,88,,
1790482272.930179,1790482275.721081,42316.53507,42319.325972,2790.902,SSE,/api/inference/stream,True,,12,89,,
1790482272.946344,1790482275.734927,42316.551235,42319.339818,2788.582,SSE,/api/inference/stream,True,,12,90,,
1790482272.988946,1790482275.777556,42316.593837,42319.382447,2788.61,SSE,/api/inference/stream,True,,12,91,,
1790482273.003818,1790482275.793481,42316.608708,42319.398372,2789.663,SSE,/api/inference/stream,True,,12,92,,
1790482273.044796,1790482275.834635,42316.649688,42319.439526,2789.838,SSE,/api/inference/stream,True,,12,93,,
1790482273.058425,1790482275.847337,42316.663316,42319.452228,2788.911,SSE,/api/inference/stream,True,,12,94,,
1790482273.092731,1790482275.882475,42316.697622,42319.487366,2789.744,SSE,/api/inference/stream,True,,12,95,,
1790482273.116829,1790482275.907843,42316.72172,42319.512734,2791.015,SSE,/api/inference/stream,True,,12,96,,
1790482273.152639,1790482275.942156,42316.757529,42319.547046,2789.517,SSE,/api/inference/stream,True,,12,97,,
1790482273.171284,1790482275.961074,42316.776175,42319.565965,2789.79,SSE,/api/inference/stream,True,,12,98,,
1790482273.209064,1790482275.998533,42316.813955,42319.603424,2789.469,SSE,/api/inference/stream,True,,12,99,,
1790482273.245188,1790482276.034426,42316.850079,42319.639317,2789.238,SSE,/api/inference/stream,True,,12,0,,
1790482273.27048,1790482276.06115,42316.87537,42319.666041,2790.67,SSE,/api/inference/stream,True,,12,1,,
1790482273.304392,1790482276.09438,42316.909282,42319.699271,2789.989,SSE,/api/inference/stream,True,,12,2,,
1790482273.316867,1790482276.106895,42316.921758,42319.711786,2790.028,SSE,/api/inference/stream,True,,12,3,,
1790482273.354395,1790482276.144321,42316.959286,42319.749212,2789.926,SSE,/api/inference/stream,True,,12,4,,
1790482273.392511,1790482276.182152,42316.997401,42319.787043,2789.642,SSE,/api/inference/stream,True,,12,5,,
1790482273.408477,1790482276.199574,42317.013368,42319.804465,2791.097,SSE,/api/inference/stream,True,,12,6,,
1790482273.425699,1790482276.215589,42317.03059,42319.82048,2789.89,SSE,/api/inference/stream,True,,12,7,,
1790482273.460673,1790482276.250024,42317.065564,42319.854915,2789.351,SSE,/api/inference/stream,True,,12,8,,
1790482273.490338,1790482276.282245,42317.095229,42319.887136,2791.907,SSE,/api/inference/stream,True,,12,9,,
1790482273.519953,1790482276.311296,42317.124843,42319.916187,2791.344,SSE,/api/inference/stream,True,,12,10,,
1790482273.556526,1790482276.345848,42317.161417,42319.950739,2789.322,SSE,/api/inference/stream,True,,12,11,,
1790482273.573483,1790482276.362186,42317.178374,42319.967077,2788.703,SSE,/api/inference/stream,True,,12,12,,
1790482273.61362,1790482276.403605,42317.218511,42320.008496,2789.986,SSE,/api/inference/stream,True,,12,13,,
1790482273.627625,1790482276.417631,42317.232516,42320.022522,2790.006,SSE,/api/inference/stream,True,,12,14,,
1790482273.661055,1790482276.451108,42317.265946,42320.055999,2790.053,SSE,/api/inference/stream,True,,12,15,,
1790482273.686049,1790482276.475847,42317.29094,42320.080738,2789.798,SSE,/api/inference/stream,True,,12,16,,
1790482273.723853,1790482276.512607,42317.328744,42320.117498,2788.754,SSE,/api/inference/stream,True,,12,17,,
1790482273.757078,1790482276.547032,42317.361969,42320.151922,2789.953,SSE,/api/inference/stream,True,,12,18,,
1790482273.775829,1790482276.56623,42317.380719,42320.17112,2790.401,SSE,/api/inference/stream,True,,12,19,,
1790482273.792418,1790482276.582449,42317.397309,42320.18734,2790.031,SSE,/api/inference/stream,True,,12,20,,
1790482273.831506,1790482276.623294,42317.436397,42320.228185,2791.788,SSE,/api/inference/stream,True,,12,21,,
1790482273.884758,1790482276.681444,42317.489648,42320.286334,2796.686,SSE,/api/inference/stream,True,,12,22,,
1790482273.886473,1790482276.682881,42317.491364,42320.287772,2796.408,SSE,/api/inference/stream,True,,12,23,,
1790482273.938331,1790482276.732551,42317.543222,42320.337442,2794.22,SSE,/api/inference/stream,True,,12,24,,
1790482273.940143,1790482276.733998,42317.545034,42320.338889,2793.855,SSE,/api/inference/stream,True,,12,25,,
1790482273.969279,1790482276.760424,42317.57417,42320.365315,2791.145,SSE,/api/inference/stream,True,,12,26,,
1790482273.996802,1790482276.785493,42317.601693,42320.390384,2788.691,SSE,/api/inference/stream,True,,12,27,,
1790482274.053685,1790482276.843461,42317.658576,42320.448351,2789.776,SSE,/api/inference/stream,True,,12,28,,
1790482274.07229,1790482276.863535,42317.677181,42320.468425,2791.245,SSE,/api/inference/stream,True,,12,29,,
1790482274.079257,1790482276.867762,42317.684148,42320.472653,2788.505,SSE,/api/inference/stream,True,,12,30,,
1790482274.092434,1790482276.8816,42317.697325,42320.486491,2789.166,SSE,/api/inference/stream,True,,12,31,,
1790482274.125966,1790482276.917843,42317.730857,42320.522734,2791.877,SSE,/api/inference/stream,True,,12,32,,
1790482274.15924,1790482276.95023,42317.76413,42320.555121,2790.991,SSE,/api/inference/stream,True,,12,33,,
1790482274.24534,1790482277.041091,42317.85023,42320.645982,2795.751,SSE,/api/inference/stream,True,,12,34,,
1790482274.247711,1790482277.044239,42317.852602,42320.64913,2796.528,SSE,/api/inference/stream,True,,12,35,,
1790482274.253201,1790482277.046347,42317.858093,42320.651238,2793.145,SSE,/api/inference/stream,True,,12,36,,
1790482274.26883,1790482277.058284,42317.873721,42320.663175,2789.454,SSE,/api/inference/stream,True,,12,37,,
1790482274.293441,1790482277.082546,42317.898332,42320.687437,2789.105,SSE,/api/inference/stream,True,,12,38,,
1790482274.325979,1790482277.116767,42317.93087,42320.721658,2790.789,SSE,/api/inference/stream,True,,12,39,,
1790482274.361233,1790482277.150325,42317.966124,42320.755216,2789.092,SSE,/api/inference/stream,True,,12,40,,
1790482274.381574,1790482277.170129,42317.986465,42320.77502,2788.555,SSE,/api/inference/stream,True,,12,41,,
1790482274.401703,1790482277.190769,42318.006594,42320.795659,2789.066,SSE,/api/inference/stream,True,,12,42,,
1790482274.436436,1790482277.225597,42318.041327,42320.830488,2789.161,SSE,/api/inference/stream,True,,12,43,,
1790482274.455701,1790482277.246578,42318.060592,42320.851469,2790.877,SSE,/api/inference/stream,True,,12,44,,
1790482274.49732,1790482277.287482,42318.10221,42320.892372,2790.162,SSE,/api/inference/stream,True,,12,45,,
1790482274.529177,1790482277.320359,42318.134067,42320.925249,2791.182,SSE,/api/inference/stream,True,,12,46,,
1790482274.547101,1790482277.337485,42318.151992,42320.942375,2790.384,SSE,/api/inference/stream,True,,12,47,,
1790482274.584387,1790482277.374891,42318.189278,42320.979781,2790.503,SSE,/api/inference/stream,True,,12,48,,
1790482274.601903,1790482277.390781,42318.206793,42320.995672,2788.879,SSE,/api/inference/stream,True,,12,49,,
1790482274.640859,1790482277.433512,42318.24575,42321.038402,2792.653,SSE,/api/inference/stream,True,,12,50,,
1790482274.656565,1790482277.447297,42318.261456,42321.052187,2790.731,SSE,/api/inference/stream,True,,12,51,,
1790482274.684415,1790482277.473688,42318.289306,42321.078578,2789.272,SSE,/api/inference/stream,True,,12,52,,
1790482274.738587,1790482277.534794,42318.343478,42321.139684,2796.207,SSE,/api/inference/stream,True,,12,53,,
1790482274.740561,1790482277.537017,42318.345452,42321.141908,2796.456,SSE,/api/inference/stream,True,,12,54,,
1790482274.818143,1790482277.615606,42318.423034,42321.220497,2797.463,SSE,/api/inference/stream,True,,12,55,,
1790482274.820847,1790482277.617554,42318.425738,42321.222445,2796.707,SSE,/api/inference/stream,True,,12,56,,
1790482274.847965,1790482277.638135,42318.452856,42321.243026,2790.17,SSE,/api/inference/stream,True,,12,57,,
1790482274.850055,1790482277.639358,42318.454946,42321.244249,2789.304,SSE,/api/inference/stream,True,,12,58,,
1790482274.876211,1790482277.666142,42318.481101,42321.271033,2789.931,SSE,/api/inference/stream,True,,12,59,,
1790482274.946018,1790482277.739862,42318.550909,42321.344753,2793.844,SSE,/api/inference/stream,True,,12,60,,
1790482274.948336,1790482277.742702,42318.553227,42321.347593,2794.366,SSE,/api/inference/stream,True,,12,61,,
1790482274.97071,1790482277.759421,42318.575601,42321.364313,2788.711,SSE,/api/inference/stream,True,,12,62,,
1790482274.989936,1790482277.779093,42318.594827,42321.383984,2789.157,SSE,/api/inference/stream,True,,12,63,,
1790482275.038697,1790482277.831292,42318.643588,42321.436183,2792.595,SSE,/api/inference/stream,True,,12,65,,
1790482275.034674,1790482277.832684,42318.639565,42321.437575,2798.01,SSE,/api/inference/stream,True,,12,64,,
1790482275.117892,1790482277.909482,42318.722783,42321.514373,2791.59,SSE,/api/inference/stream,True,,12,67,,
1790482275.115638,1790482277.910771,42318.720529,42321.515663,2795.134,SSE,/api/inference/stream,True,,12,66,,
1790482275.138014,1790482277.926995,42318.742905,42321.531886,2788.981,SSE,/api/inference/stream,True,,12,68,,
1790482275.169042,1790482277.959597,42318.773933,42321.564488,2790.555,SSE,/api/inference/stream,True,,12,69,,
1790482275.190233,1790482277.980105,42318.795124,42321.584995,2789.872,SSE,/api/inference/stream,True,,12,70,,
1790482275.207576,1790482277.998896,42318.812467,42321.603787,2791.321,SSE,/api/inference/stream,True,,12,71,,
1790482275.247508,1790482278.039196,42318.852398,42321.644086,2791.689,SSE,/api/inference/stream,True,,12,72,,
1790482275.262279,1790482278.051882,42318.86717,42321.656773,2789.604,SSE,/api/inference/stream,True,,12,73,,
1790482275.309529,1790482278.10432,42318.914419,42321.709211,2794.792,SSE,/api/inference/stream,True,,12,74,,
1790482275.336856,1790482278.128101,42318.941746,42321.732991,2791.245,SSE,/api/inference/stream,True,,12,75,,
1790482275.355115,1790482278.146193,42318.960006,42321.751084,2791.078,SSE,/api/inference/stream,True,,12,76,,
1790482275.373927,1790482278.16277,42318.978817,42321.767661,2788.844,SSE,/api/inference/stream,True,,12,77,,
1790482275.412955,1790482278.204064,42319.017846,42321.808955,2791.109,SSE,/api/inference/stream,True,,12,78,,
1790482275.428658,1790482278.21645,42319.033549,42321.821341,2787.792,SSE,/api/inference/stream,True,,12,79,,
1790482275.462499,1790482278.253986,42319.067389,42321.858876,2791.487,SSE,/api/inference/stream,True,,12,80,,
1790482275.505838,1790482278.294821,42319.110729,42321.899711,2788.982,SSE,/api/inference/stream,True,,12,81,,
1790482275.53674,1790482278.326969,42319.14163,42321.931859,2790.229,SSE,/api/inference/stream,True,,12,82,,
1790482275.557326,1790482278.346871,42319.162216,42321.951762,2789.546,SSE,/api/inference/stream,True,,12,83,,
1790482275.573311,1790482278.362456,42319.178202,42321.967346,2789.144,SSE,/api/inference/stream,True,,12,84,,
1790482275.613417,1790482278.405683,42319.218308,42322.010574,2792.266,SSE,/api/inference/stream,True,,12,85,,
1790482275.646751,1790482278.436367,42319.251642,42322.041257,2789.615,SSE,/api/inference/stream,True,,12,86,,
1790482275.660068,1790482278.448916,42319.264959,42322.053807,2788.848,SSE,/api/inference/stream,True,,12,87,,
1790482275.719446,1790482278.5134,42319.324337,42322.11829,2793.953,SSE,/api/inference/stream,True,,12,88,,
1790482275.721428,1790482278.514894,42319.326319,42322.119785,2793.466,SSE,/api/inference/stream,True,,12,89,,
1790482275.735258,1790482278.528369,42319.340149,42322.13326,2793.11,SSE,/api/inference/stream,True,,12,90,,
1790482275.777913,1790482278.567549,42319.382803,42322.17244,2789.636,SSE,/api/inference/stream,True,,12,91,,
1790482275.793776,1790482278.583586,42319.398666,42322.188476,2789.81,SSE,/api/inference/stream,True,,12,92,,
1790482275.834972,1790482278.624235,42319.439863,42322.229126,2789.262,SSE,/api/inference/stream,True,,12,93,,
1790482275.847619,1790482278.637885,42319.45251,42322.242776,2790.266,SSE,/api/inference/stream,True,,12,94,,
1790482275.882791,1790482278.672927,42319.487682,42322.277817,2790.136,SSE,/api/inference/stream,True,,12,95,,
1790482275.908208,1790482278.698418,42319.513099,42322.303309,2790.21,SSE,/api/inference/stream,True,,12,96,,
1790482275.942486,1790482278.732781,42319.547376,42322.337672,2790.296,SSE,/api/inference/stream,True,,12,97,,
1790482275.961394,1790482278.750929,42319.566284,42322.35582,2789.536,SSE,/api/inference/stream,True,,12,98,,
1790482275.998808,1790482278.787722,42319.603699,42322.392613,2788.913,SSE,/api/inference/stream,True,,12,99,,
1790482276.034761,1790482278.825325,42319.639652,42322.430215,2790.564,SSE,/api/inference/stream,True,,12,0,,
1790482276.061495,1790482278.850305,42319.666385,42322.455195,2788.81,SSE,/api/inference/stream,True,,12,1,,
1790482276.094754,1790482278.883477,42319.699644,42322.488367,2788.723,SSE,/api/inference/stream,True,,12,2,,
1790482276.107178,1790482278.895182,42319.712069,42322.500073,2788.004,SSE,/api/inference/stream,True,,12,3,,
1790482276.144656,1790482278.934236,42319.749547,42322.539127,2789.58,SSE,/api/inference/stream,True,,12,4,,
1790482276.182485,1790482278.971319,42319.787376,42322.57621,2788.834,SSE,/api/inference/stream,True,,12,5,,
1790482276.199867,1790482278.990384,42319.804757,42322.595274,2790.517,SSE,/api/inference/stream,True,,12,6,,
1790482276.215861,1790482279.005062,42319.820751,42322.609953,2789.202,SSE,/api/inference/stream,True,,12,7,,
1790482276.250328,1790482279.040285,42319.855218,42322.645175,2789.957,SSE,/api/inference/stream,True,,12,8,,
1790482276.282567,1790482279.0732,42319.887457,42322.67809,2790.633,SSE,/api/inference/stream,True,,12,9,,
1790482276.311634,1790482279.101442,42319.916524,42322.706332,2789.808,SSE,/api/inference/stream,True,,12,10,,
1790482276.3462,1790482279.136485,42319.95109,42322.741376,2790.286,SSE,/api/inference/stream,True,,12,11,,
1790482276.362468,1790482279.152561,42319.967359,42322.757452,2790.093,SSE,/api/inference/stream,True,,12,12,,
1790482276.403963,1790482279.193124,42320.008854,42322.798014,2789.161,SSE,/api/inference/stream,True,,12,13,,
1790482276.417943,1790482279.20863,42320.022833,42322.813521,2790.688,SSE,/api/inference/stream,True,,12,14,,
1790482276.451489,1790482279.241591,42320.05638,42322.846482,2790.102,SSE,/api/inference/stream,True,,12,15,,
1790482276.476136,1790482279.266782,42320.081027,42322.871673,2790.645,SSE,/api/inference/stream,True,,12,16,,
1790482276.512967,1790482279.303081,42320.117857,42322.907971,2790.114,SSE,/api/inference/stream,True,,12,17,,
1790482276.547391,1790482279.338363,42320.152282,42322.943254,2790.972,SSE,/api/inference/stream,True,,12,18,,
1790482276.566539,1790482279.356304,42320.171429,42322.961195,2789.765,SSE,/api/inference/stream,True,,12,19,,
1790482276.582756,1790482279.372715,42320.187647,42322.977605,2789.958,SSE,/api/inference/stream,True,,12,20,,
1790482276.623628,1790482279.415408,42320.228518,42323.020298,2791.78,SSE,/api/inference/stream,True,,12,21,,
1790482276.681731,1790482279.475462,42320.286621,42323.080352,2793.731,SSE,/api/inference/stream,True,,12,22,,
1790482276.683253,1790482279.47709,42320.288144,42323.081981,2793.837,SSE,/api/inference/stream,True,,12,23,,
1790482276.73287,1790482279.526307,42320.337761,42323.131197,2793.436,SSE,/api/inference/stream,True,,12,24,,
1790482276.734314,1790482279.528009,42320.339205,42323.1329,2793.696,SSE,/api/inference/stream,True,,12,25,,
1790482276.76079,1790482279.551461,42320.36568,42323.156352,2790.672,SSE,/api/inference/stream,True,,12,26,,
1790482276.785761,1790482279.576089,42320.390652,42323.18098,2790.328,SSE,/api/inference/stream,True,,12,27,,
1790482276.843878,1790482279.63377,42320.448769,42323.23866,2789.891,SSE,/api/inference/stream,True,,12,28,,
1790482276.863921,1790482279.657692,42320.468812,42323.262582,2793.771,SSE,/api/inference/stream,True,,12,29,,
1790482276.86798,1790482279.659787,42320.472871,42323.264678,2791.807,SSE,/api/inference/stream,True,,12,30,,
1790482276.88187,1790482279.673251,42320.48676,42323.278142,2791.381,SSE,/api/inference/stream,True,,12,31,,
1790482276.918175,1790482279.706182,42320.523065,42323.311073,2788.008,SSE,/api/inference/stream,True,,12,32,,
1790482276.950522,1790482279.742821,42320.555412,42323.347712,2792.3,SSE,/api/inference/stream,True,,12,33,,
1790482277.041397,1790482279.836011,42320.646288,42323.440902,2794.614,SSE,/api/inference/stream,True,,12,34,,
1790482277.044451,1790482279.83751,42320.649342,42323.442402,2793.06,SSE,/api/inference/stream,True,,12,35,,
1790482277.046539,1790482279.839225,42320.65143,42323.444116,2792.686,SSE,/api/inference/stream,True,,12,36,,
1790482277.058464,1790482279.851218,42320.663355,42323.456109,2792.755,SSE,/api/inference/stream,True,,12,37,,
1790482277.082789,1790482279.873048,42320.68768,42323.477939,2790.259,SSE,/api/inference/stream,True,,12,38,,
1790482277.117014,1790482279.907744,42320.721905,42323.512635,2790.73,SSE,/api/inference/stream,True,,12,39,,
1790482277.150539,1790482279.940119,42320.75543,42323.54501,2789.58,SSE,/api/inference/stream,True,,12,40,,
1790482277.170429,1790482279.960616,42320.77532,42323.565507,2790.187,SSE,/api/inference/stream,True,,12,41,,
1790482277.191059,1790482279.981145,42320.795949,42323.586036,2790.086,SSE,/api/inference/stream,True,,12,42,,
1790482277.22592,1790482280.014761,42320.83081,42323.619651,2788.841,SSE,/api/inference/stream,True,,12,43,,
1790482277.246929,1790482280.037169,42320.85182,42323.642059,2790.24,SSE,/api/inference/stream,True,,12,44,,
1790482277.287924,1790482280.077629,42320.892814,42323.682519,2789.705,SSE,/api/inference/stream,True,,12,45,,
1790482277.320644,1790482280.110579,42320.925534,42323.71547,2789.936,SSE,/api/inference/stream,True,,12,46,,
1790482277.337813,1790482280.127454,42320.942704,42323.732345,2789.641,SSE,/api/inference/stream,True,,12,47,,
1790482277.375271,1790482280.16491,42320.980162,42323.769801,2789.639,SSE,/api/inference/stream,True,,12,48,,
1790482277.391214,1790482280.180604,42320.996105,42323.785494,2789.39,SSE,/api/inference/stream,True,,12,49,,
1790482277.433813,1790482280.225259,42321.038704,42323.83015,2791.446,SSE,/api/inference/stream,True,,12,50,,
1790482277.447536,1790482280.237011,42321.052427,42323.841902,2789.474,SSE,/api/inference/stream,True,,12,51,,
1790482277.474018,1790482280.264525,42321.078908,42323.869416,2790.507,SSE,/api/inference/stream,True,,12,52,,
1790482277.535155,1790482280.330841,42321.140045,42323.935731,2795.686,SSE,/api/inference/stream,True,,12,53,,
1790482277.537431,1790482280.332772,42321.142322,42323.937664,2795.342,SSE,/api/inference/stream,True,,12,54,,
1790482277.617865,1790482280.409389,42321.222755,42324.01428,2791.525,SSE,/api/inference/stream,True,,12,56,,
1790482277.615852,1790482280.413507,42321.220744,42324.018399,2797.655,SSE,/api/inference/stream,True,,12,55,,
1790482277.638347,1790482280.431864,42321.243238,42324.036755,2793.517,SSE,/api/inference/stream,True,,12,57,,
1790482277.639732,1790482280.4329,42321.244602,42324.03777,2793.168,SSE,/api/inference/stream,True,,12,58,,
1790482277.666458,1790482280.455536,42321.271348,42324.060427,2789.079,SSE,/api/inference/stream,True,,12,59,,
1790482277.740131,1790482280.530969,42321.345022,42324.13586,2790.838,SSE,/api/inference/stream,True,,12,60,,
1790482277.742918,1790482280.532451,42321.347809,42324.137342,2789.533,SSE,/api/inference/stream,True,,12,61,,
1790482277.759637,1790482280.547042,42321.364528,42324.151933,2787.405,SSE,/api/inference/stream,True,,12,62,,
1790482277.77949,1790482280.568265,42321.38438,42324.173156,2788.775,SSE,/api/inference/stream,True,,12,63,,
1790482277.831562,1790482280.626164,42321.436453,42324.231054,2794.602,SSE,/api/inference/stream,True,,12,65,,
1790482277.833009,1790482280.627838,42321.4379,42324.232729,2794.828,SSE,/api/inference/stream,True,,12,64,,
1790482277.909729,1790482280.700811,42321.51462,42324.305702,2791.081,SSE,/api/inference/stream,True,,12,67,,
1790482277.911036,1790482280.702791,42321.515927,42324.307682,2791.755,SSE,/api/inference/stream,True,,12,66,,
1790482277.927366,1790482280.717647,42321.532257,42324.322538,2790.281,SSE,/api/inference/stream,True,,12,68,,
1790482277.959847,1790482280.750787,42321.564738,42324.355677,2790.94,SSE,/api/inference/stream,True,,12,69,,
1790482277.980454,1790482280.769918,42321.585345,42324.374809,2789.464,SSE,/api/inference/stream,True,,12,70,,
1790482277.999205,1790482280.788702,42321.604096,42324.393593,2789.497,SSE,/api/inference/stream,True,,12,71,,
1790482278.03951,1790482280.83039,42321.644401,42324.435281,2790.88,SSE,/api/inference/stream,True,,12,72,,
1790482278.052103,1790482280.838504,42321.656994,42324.443395,2786.401,SSE,/api/inference/stream,True,,12,73,,
1790482278.104624,1790482280.897041,42321.709514,42324.501932,2792.417,SSE,/api/inference/stream,True,,12,74,,
1790482278.128448,1790482280.921783,42321.733339,42324.526673,2793.335,SSE,/api/inference/stream,True,,12,75,,
1790482278.146537,1790482280.935138,42321.751428,42324.540029,2788.601,SSE,/api/inference/stream,True,,12,76,,
1790482278.163039,1790482280.954565,42321.76793,42324.559456,2791.526,SSE,/api/inference/stream,True,,12,77,,
1790482278.204327,1790482280.994455,42321.809217,42324.599346,2790.128,SSE,/api/inference/stream,True,,12,78,,
1790482278.216701,1790482281.007017,42321.821592,42324.611908,2790.316,SSE,/api/inference/stream,True,,12,79,,
1790482278.254349,1790482281.043821,42321.85924,42324.648711,2789.471,SSE,/api/inference/stream,True,,12,80,,
1790482278.295236,1790482281.084488,42321.900127,42324.689378,2789.251,SSE,/api/inference/stream,True,,12,81,,
1790482278.32735,1790482281.118489,42321.932241,42324.723379,2791.139,SSE,/api/inference/stream,True,,12,82,,
1790482278.347208,1790482281.13705,42321.952098,42324.74194,2789.842,SSE,/api/inference/stream,True,,12,83,,
1790482278.362754,1790482281.153061,42321.967645,42324.757952,2790.307,SSE,/api/inference/stream,True,,12,84,,
1790482278.40596,1790482281.195859,42322.010851,42324.80075,2789.899,SSE,/api/inference/stream,True,,12,85,,
1790482278.436707,1790482281.22507,42322.041598,42324.82996,2788.362,SSE,/api/inference/stream,True,,12,86,,
1790482278.44921,1790482281.238026,42322.054101,42324.842916,2788.815,SSE,/api/inference/stream,True,,12,87,,
1790482278.513654,1790482281.30621,42322.118545,42324.911101,2792.556,SSE,/api/inference/stream,True,,12,88,,
1790482278.515229,1790482281.308039,42322.12012,42324.91293,2792.81,SSE,/api/inference/stream,True,,12,89,,
1790482278.528572,1790482281.319693,42322.133463,42324.924584,2791.121,SSE,/api/inference/stream,True,,12,90,,
1790482278.567852,1790482281.358451,42322.172742,42324.963342,2790.6,SSE,/api/inference/stream,True,,12,91,,
1790482278.583871,1790482281.374158,42322.188761,42324.979049,2790.287,SSE,/api/inference/stream,True,,12,92,,
1790482278.624491,1790482281.414445,42322.229382,42325.019336,2789.954,SSE,/api/inference/stream,True,,12,93,,
1790482278.638175,1790482281.426833,42322.243065,42325.031724,2788.659,SSE,/api/inference/stream,True,,12,94,,
1790482278.673228,1790482281.463582,42322.278119,42325.068473,2790.354,SSE,/api/inference/stream,True,,12,95,,
1790482278.698756,1790482281.488012,42322.303646,42325.092903,2789.256,SSE,/api/inference/stream,True,,12,96,,
1790482278.733118,1790482281.524083,42322.338009,42325.128974,2790.965,SSE,/api/inference/stream,True,,12,97,,
1790482278.751308,1790482281.540072,42322.356198,42325.144962,2788.764,SSE,/api/inference/stream,True,,12,98,,
1790482278.787986,1790482281.577652,42322.392876,42325.182542,2789.666,SSE,/api/inference/stream,True,,12,99,,
1790482278.825693,1790482281.615967,42322.430583,42325.220858,2790.275,SSE,/api/inference/stream,True,,12,0,,
1790482278.8506,1790482281.639823,42322.455491,42325.244714,2789.223,SSE,/api/inference/stream,True,,12,1,,
1790482278.883795,1790482281.67335,42322.488685,42325.278241,2789.555,SSE,/api/inference/stream,True,,12,2,,
1790482278.895448,1790482281.684843,42322.500339,42325.289733,2789.395,SSE,/api/inference/stream,True,,12,3,,
1790482278.934553,1790482281.722549,42322.539444,42325.32744,2787.996,SSE,/api/inference/stream,True,,12,4,,
1790482278.971592,1790482281.761314,42322.576482,42325.366205,2789.722,SSE,/api/inference/stream,True,,12,5,,
1790482278.990728,1790482281.78085,42322.595619,42325.385741,2790.122,SSE,/api/inference/stream,True,,12,6,,
1790482279.005365,1790482281.795414,42322.610256,42325.400305,2790.049,SSE,/api/inference/stream,True,,12,7,,
1790482279.040569,1790482281.830378,42322.645459,42325.435269,2789.809,SSE,/api/inference/stream,True,,12,8,,
1790482279.073562,1790482281.864109,42322.678453,42325.468999,2790.547,SSE,/api/inference/stream,True,,12,9,,
1790482279.10173,1790482281.891802,42322.706621,42325.496692,2790.072,SSE,/api/inference/stream,True,,12,10,,
1790482279.136822,1790482281.926805,42322.741713,42325.531695,2789.983,SSE,/api/inference/stream,True,,12,11,,
1790482279.152846,1790482281.943076,42322.757737,42325.547967,2790.23,SSE,/api/inference/stream,True,,12,12,,
1790482279.193476,1790482281.982282,42322.798367,42325.587173,2788.806,SSE,/api/inference/stream,True,,12,13,,
1790482279.208917,1790482281.999319,42322.813808,42325.604209,2790.402,SSE,/api/inference/stream,True,,12,14,,
1790482279.241866,1790482282.031206,42322.846757,42325.636097,2789.34,SSE,/api/inference/stream,True,,12,15,,
1790482279.267055,1790482282.057532,42322.871946,42325.662422,2790.477,SSE,/api/inference/stream,True,,12,16,,
1790482279.303464,1790482282.093246,42322.908355,42325.698136,2789.782,SSE,/api/inference/stream,True,,12,17,,
1790482279.338735,1790482282.128477,42322.943625,42325.733368,2789.743,SSE,/api/inference/stream,True,,12,18,,
1790482279.356647,1790482282.145607,42322.961538,42325.750498,2788.96,SSE,/api/inference/stream,True,,12,19,,
1790482279.373049,1790482282.165139,42322.97794,42325.77003,2792.09,SSE,/api/inference/stream,True,,12,20,,
1790482279.415684,1790482282.206453,42323.020574,42325.811343,2790.769,SSE,/api/inference/stream,True,,12,21,,
1790482279.475764,1790482282.27025,42323.080654,42325.87514,2794.486,SSE,/api/inference/stream,True,,12,22,,
1790482279.477532,1790482282.272062,42323.082424,42325.876953,2794.529,SSE,/api/inference/stream,True,,12,23,,
1790482279.526615,1790482282.322311,42323.131505,42325.927202,2795.696,SSE,/api/inference/stream,True,,12,24,,
1790482279.528285,1790482282.325034,42323.133177,42325.929925,2796.748,SSE,/api/inference/stream,True,,12,25,,
1790482279.551828,1790482282.344799,42323.156718,42325.949689,2792.971,SSE,/api/inference/stream,True,,12,26,,
1790482279.576365,1790482282.366677,42323.181255,42325.971567,2790.312,SSE,/api/inference/stream,True,,12,27,,
1790482279.634144,1790482282.425889,42323.239034,42326.03078,2791.745,SSE,/api/inference/stream,True,,12,28,,
1790482279.658017,1790482282.452633,42323.262907,42326.057524,2794.617,SSE,/api/inference/stream,True,,12,29,,
1790482279.660085,1790482282.458778,42323.264976,42326.063669,2798.693,SSE,/api/inference/stream,True,,12,30,,
1790482279.6735,1790482282.464174,42323.278391,42326.069064,2790.674,SSE,/api/inference/stream,True,,12,31,,
1790482279.706517,1790482282.49684,42323.311407,42326.101731,2790.324,SSE,/api/inference/stream,True,,12,32,,
1790482279.743244,1790482282.53219,42323.348135,42326.13708,2788.946,SSE,/api/inference/stream,True,,12,33,,
1790482279.8363,1790482282.636259,42323.441191,42326.241149,2799.959,SSE,/api/inference/stream,True,,12,34,,
1790482279.839546,1790482282.63906,42323.444437,42326.24395,2799.513,SSE,/api/inference/stream,True,,12,36,,
1790482279.837794,1790482282.644184,42323.442685,42326.249075,2806.39,SSE,/api/inference/stream,True,,12,35,,
1790482279.851388,1790482282.64669,42323.456279,42326.251581,2795.302,SSE,/api/inference/stream,True,,12,37,,
1790482279.873288,1790482282.660803,42323.478179,42326.265695,2787.516,SSE,/api/inference/stream,True,,12,38,,
1790482279.908132,1790482282.698714,42323.513023,42326.303605,2790.581,SSE,/api/inference/stream,True,,12,39,,
1790482279.940358,1790482282.731028,42323.545249,42326.335918,2790.67,SSE,/api/inference/stream,True,,12,40,,
1790482279.960922,1790482282.751228,42323.565813,42326.356119,2790.306,SSE,/api/inference/stream,True,,12,41,,
1790482279.981514,1790482282.771644,42323.586404,42326.376535,2790.131,SSE,/api/inference/stream,True,,12,42,,
1790482280.015197,1790482282.80471,42323.620088,42326.4096,2789.512,SSE,/api/inference/stream,True,,12,43,,
1790482280.037516,1790482282.826442,42323.642406,42326.431333,2788.926,SSE,/api/inference/stream,True,,12,44,,
1790482280.078002,1790482282.868195,42323.682893,42326.473085,2790.193,SSE,/api/inference/stream,True,,12,45,,
1790482280.110924,1790482282.900031,42323.715814,42326.504922,2789.107,SSE,/api/inference/stream,True,,12,46,,
1790482280.127728,1790482282.916893,42323.732618,42326.521784,2789.165,SSE,/api/inference/stream,True,,12,47,,
1790482280.165258,1790482282.954533,42323.770149,42326.559424,2789.275,SSE,/api/inference/stream,True,,12,48,,
1790482280.180875,1790482282.973028,42323.785766,42326.577919,2792.153,SSE,/api/inference/stream,True,,12,49,,
1790482280.225546,1790482283.01564,42323.830436,42326.620531,2790.094,SSE,/api/inference/stream,True,,12,50,,
1790482280.237271,1790482283.026072,42323.842162,42326.630963,2788.801,SSE,/api/inference/stream,True,,12,51,,
1790482280.264933,1790482283.054466,42323.869823,42326.659356,2789.533,SSE,/api/inference/stream,True,,12,52,,
1790482280.331213,1790482283.123729,42323.936104,42326.728619,2792.515,SSE,/api/inference/stream,True,,12,53,,
1790482280.333061,1790482283.125489,42323.937952,42326.73038,2792.428,SSE,/api/inference/stream,True,,12,54,,
1790482280.409685,1790482283.206767,42324.014575,42326.811657,2797.082,SSE,/api/inference/stream,True,,12,56,,
1790482280.413762,1790482283.208528,42324.018653,42326.813419,2794.765,SSE,/api/inference/stream,True,,12,55,,
1790482280.432055,1790482283.228667,42324.036947,42326.833558,2796.611,SSE,/api/inference/stream,True,,12,57,,
1790482280.433107,1790482283.229948,42324.037999,42326.834839,2796.84,SSE,/api/inference/stream,True,,12,58,,
1790482280.455818,1790482283.242484,42324.060709,42326.847375,2786.666,SSE,/api/inference/stream,True,,12,59,,
1790482280.531321,1790482283.323421,42324.136212,42326.928312,2792.1,SSE,/api/inference/stream,True,,12,60,,
1790482280.53285,1790482283.325094,42324.137741,42326.929985,2792.244,SSE,/api/inference/stream,True,,12,61,,
1790482280.547303,1790482283.334073,42324.152194,42326.938964,2786.77,SSE,/api/inference/stream,True,,12,62,,
1790482280.568578,1790482283.357903,42324.173469,42326.962793,2789.324,SSE,/api/inference/stream,True,,12,63,,
1790482280.626449,1790482283.419202,42324.23134,42327.024093,2792.753,SSE,/api/inference/stream,True,,12,65,,
1790482280.628073,1790482283.422213,42324.232964,42327.027104,2794.14,SSE,/api/inference/stream,True,,12,64,,
1790482280.701105,1790482283.497141,42324.305995,42327.102032,2796.036,SSE,/api/inference/stream,True,,12,67,,
1790482280.703307,1790482283.499803,42324.308199,42327.104694,2796.496,SSE,/api/inference/stream,True,,12,66,,
1790482280.717863,1790482283.513654,42324.322754,42327.118544,2795.791,SSE,/api/inference/stream,True,,12,68,,
1790482280.751055,1790482283.542172,42324.355946,42327.147063,2791.117,SSE,/api/inference/stream,True,,12,69,,
1790482280.770255,1790482283.560311,42324.375146,42327.165202,2790.056,SSE,/api/inference/stream,True,,12,70,,
1790482280.78897,1790482283.579609,42324.393861,42327.1845,2790.639,SSE,/api/inference/stream,True,,12,71,,
1790482280.830634,1790482283.619504,42324.435525,42327.224395,2788.87,SSE,/api/inference/stream,True,,12,72,,
1790482280.838685,1790482283.626712,42324.443576,42327.231603,2788.027,SSE,/api/inference/stream,True,,12,73,,
1790482280.897422,1790482283.687704,42324.502312,42327.292595,2790.282,SSE,/api/inference/stream,True,,12,74,,
1790482280.922085,1790482283.710244,42324.526975,42327.315135,2788.159,SSE,/api/inference/stream,True,,12,75,,
1790482280.935482,1790482283.724095,42324.540373,42327.328986,2788.613,SSE,/api/inference/stream,True,,12,76,,
1790482280.954937,1790482283.745966,42324.559828,42327.350857,2791.029,SSE,/api/inference/stream,True,,12,77,,
1790482280.994746,1790482283.78554,42324.599637,42327.390431,2790.794,SSE,/api/inference/stream,True,,12,78,,
1790482281.007388,1790482283.796934,42324.612279,42327.401825,2789.546,SSE,/api/inference/stream,True,,12,79,,
1790482281.044125,1790482283.833703,42324.649016,42327.438594,2789.578,SSE,/api/inference/stream,True,,12,80,,
1790482281.084832,1790482283.874295,42324.689723,42327.479186,2789.463,SSE,/api/inference/stream,True,,12,81,,
1790482281.118772,1790482283.908647,42324.723663,42327.513538,2789.875,SSE,/api/inference/stream,True,,12,82,,
1790482281.137364,1790482283.92702,42324.742255,42327.531911,2789.657,SSE,/api/inference/stream,True,,12,83,,
1790482281.153336,1790482283.942549,42324.758226,42327.547439,2789.213,SSE,/api/inference/stream,True,,12,84,,
1790482281.196229,1790482283.988519,42324.801119,42327.59341,2792.29,SSE,/api/inference/stream,True,,12,85,,
1790482281.225336,1790482284.014079,42324.830226,42327.61897,2788.743,SSE,/api/inference/stream,True,,12,86,,
1790482281.238314,1790482284.026916,42324.843205,42327.631808,2788.603,SSE,/api/inference/stream,True,,12,87,,
1790482281.30833,1790482284.10176,42324.913221,42327.70665,2793.43,SSE,/api/inference/stream,True,,12,89,,
1790482281.306674,1790482284.110571,42324.911566,42327.715462,2803.896,SSE,/api/inference/stream,True,,12,88,,
1790482281.319894,1790482284.116233,42324.924785,42327.721124,2796.339,SSE,/api/inference/stream,True,,12,90,,
1790482281.358724,1790482284.152196,42324.963615,42327.757086,2793.471,SSE,/api/inference/stream,True,,12,91,,
1790482281.37444,1790482284.16452,42324.97933,42327.76941,2790.08,SSE,/api/inference/stream,True,,12,92,,
1790482281.414793,1790482284.20267,42325.019683,42327.80756,2787.877,SSE,/api/inference/stream,True,,12,93,,
1790482281.427175,1790482284.216163,42325.032065,42327.821054,2788.988,SSE,/api/inference/stream,True,,12,94,,
1790482281.463896,1790482284.254898,42325.068786,42327.859788,2791.002,SSE,/api/inference/stream,True,,12,95,,
1790482281.488348,1790482284.279959,42325.093239,42327.88485,2791.611,SSE,/api/inference/stream,True,,12,96,,
1790482281.524422,1790482284.314104,42325.129313,42327.918995,2789.682,SSE,/api/inference/stream,True,,12,97,,
1790482281.540399,1790482284.330903,42325.145289,42327.935794,2790.505,SSE,/api/inference/stream,True,,12,98,,
1790482281.577945,1790482284.36815,42325.182836,42327.97304,2790.204,SSE,/api/inference/stream,True,,12,99,,
1790482281.616307,1790482284.404883,42325.221198,42328.009774,2788.576,SSE,/api/inference/stream,True,,12,0,,
1790482281.640154,1790482284.429827,42325.245045,42328.034717,2789.673,SSE,/api/inference/stream,True,,12,1,,
1790482281.673668,1790482284.464358,42325.278558,42328.069248,2790.69,SSE,/api/inference/stream,True,,12,2,,
1790482281.685142,1790482284.474179,42325.290033,42328.07907,2789.038,SSE,/api/inference/stream,True,,12,3,,
1790482281.722831,1790482284.512884,42325.327722,42328.117775,2790.053,SSE,/api/inference/stream,True,,12,4,,
1790482281.761684,1790482284.554241,42325.366575,42328.159132,2792.557,SSE,/api/inference/stream,True,,12,5,,
1790482281.781156,1790482284.569963,42325.386046,42328.174853,2788.807,SSE,/api/inference/stream,True,,12,6,,
1790482281.795641,1790482284.585124,42325.400532,42328.190015,2789.483,SSE,/api/inference/stream,True,,12,7,,
1790482281.830727,1790482284.620997,42325.435618,42328.225888,2790.27,SSE,/api/inference/stream,True,,12,8,,
1790482281.864406,1790482284.659489,42325.469297,42328.26438,2795.083,SSE,/api/inference/stream,True,,12,9,,
1790482281.892111,1790482284.681948,42325.497002,42328.286839,2789.837,SSE,/api/inference/stream,True,,12,10,,
1790482281.927192,1790482284.716216,42325.532083,42328.321106,2789.024,SSE,/api/inference/stream,True,,12,11,,
1790482281.943308,1790482284.733643,42325.548199,42328.338534,2790.335,SSE,/api/inference/stream,True,,12,12,,
1790482281.98264,1790482284.771319,42325.58753,42328.37621,2788.68,SSE,/api/inference/stream,True,,12,13,,
1790482281.999642,1790482284.790465,42325.604532,42328.395355,2790.823,SSE,/api/inference/stream,True,,12,14,,
1790482282.031533,1790482284.822165,42325.636423,42328.427056,2790.632,SSE,/api/inference/stream,True,,12,15,,
1790482282.057833,1790482284.847859,42325.662724,42328.45275,2790.026,SSE,/api/inference/stream,True,,12,16,,
1790482282.09347,1790482284.883342,42325.698361,42328.488233,2789.872,SSE,/api/inference/stream,True,,12,17,,
1790482282.128775,1790482284.917581,42325.733666,42328.522471,2788.806,SSE,/api/inference/stream,True,,12,18,,
1790482282.145974,1790482284.935345,42325.750864,42328.540236,2789.372,SSE,/api/inference/stream,True,,12,19,,
1790482282.165444,1790482284.954458,42325.770335,42328.559349,2789.014,SSE,/api/inference/stream,True,,12,20,,
1790482282.206769,1790482284.999441,42325.81166,42328.604332,2792.672,SSE,/api/inference/stream,True,,12,21,,
1790482282.270639,1790482285.065069,42325.87553,42328.669959,2794.43,SSE,/api/inference/stream,True,,12,22,,
1790482282.272333,1790482285.066521,42325.877224,42328.671412,2794.188,SSE,/api/inference/stream,True,,12,23,,
1790482282.322617,1790482285.119106,42325.927508,42328.723996,2796.489,SSE,/api/inference/stream,True,,12,24,,
1790482282.32524,1790482285.121203,42325.930131,42328.726094,2795.963,SSE,/api/inference/stream,True,,12,25,,
1790482282.345082,1790482285.133422,42325.949973,42328.738313,2788.34,SSE,/api/inference/stream,True,,12,26,,
1790482282.366984,1790482285.157585,42325.971875,42328.762476,2790.601,SSE,/api/inference/stream,True,,12,27,,
1790482282.426484,1790482285.21709,42326.031374,42328.821981,2790.607,SSE,/api/inference/stream,True,,12,28,,
1790482282.452932,1790482285.245934,42326.057822,42328.850825,2793.002,SSE,/api/inference/stream,True,,12,29,,
1790482282.459,1790482285.253757,42326.063891,42328.858648,2794.757,SSE,/api/inference/stream,True,,12,30,,
1790482282.464373,1790482285.255614,42326.069264,42328.860505,2791.242,SSE,/api/inference/stream,True,,12,31,,
1790482282.497128,1790482285.286095,42326.102019,42328.890986,2788.967,SSE,/api/inference/stream,True,,12,32,,
1790482282.532518,1790482285.321884,42326.137408,42328.926774,2789.366,SSE,/api/inference/stream,True,,12,33,,
1790482282.636561,1790482285.432838,42326.241452,42329.037729,2796.277,SSE,/api/inference/stream,True,,12,34,,
1790482282.639403,1790482285.44,42326.244294,42329.044891,2800.597,SSE,/api/inference/stream,True,,12,36,,
1790482282.644403,1790482285.44154,42326.249295,42329.046431,2797.136,SSE,/api/inference/stream,True,,12,35,,
1790482282.647047,1790482285.443742,42326.251938,42329.048633,2796.695,SSE,/api/inference/stream,True,,12,37,,
1790482282.660964,1790482285.451472,42326.265855,42329.056363,2790.508,SSE,/api/inference/stream,True,,12,38,,
1790482282.698951,1790482285.488234,42326.303841,42329.093125,2789.283,SSE,/api/inference/stream,True,,12,39,,
1790482282.731341,1790482285.520842,42326.336231,42329.125733,2789.501,SSE,/api/inference/stream,True,,12,40,,
1790482282.751579,1790482285.544736,42326.35647,42329.149627,2793.157,SSE,/api/inference/stream,True,,12,41,,
1790482282.771994,1790482285.564305,42326.376885,42329.169196,2792.311,SSE,/api/inference/stream,True,,12,42,,
1790482282.805038,1790482285.594279,42326.409929,42329.199169,2789.241,SSE,/api/inference/stream,True,,12,43,,
1790482282.826813,1790482285.615956,42326.431703,42329.220846,2789.143,SSE,/api/inference/stream,True,,12,44,,
1790482282.868572,1790482285.65799,42326.473462,42329.26288,2789.418,SSE,/api/inference/stream,True,,12,45,,
1790482282.900288,1790482285.689044,42326.505179,42329.293934,2788.756,SSE,/api/inference/stream,True,,12,46,,
1790482282.917139,1790482285.706439,42326.52203,42329.311329,2789.299,SSE,/api/inference/stream,True,,12,47,,
1790482282.954887,1790482285.74485,42326.559778,42329.349741,2789.963,SSE,/api/inference/stream,True,,12,48,,
1790482282.9734,1790482285.764612,42326.578291,42329.369502,2791.211,SSE,/api/inference/stream,True,,12,49,,
1790482283.015968,1790482285.806587,42326.620859,42329.411478,2790.619,SSE,/api/inference/stream,True,,12,50,,
1790482283.02629,1790482285.817005,42326.631181,42329.421896,2790.715,SSE,/api/inference/stream,True,,12,51,,
1790482283.054767,1790482285.844657,42326.659657,42329.449547,2789.89,SSE,/api/inference/stream,True,,12,52,,
1790482283.12404,1790482285.918049,42326.72893,42329.52294,2794.009,SSE,/api/inference/stream,True,,12,53,,
1790482283.125888,1790482285.919699,42326.730778,42329.52459,2793.811,SSE,/api/inference/stream,True,,12,54,,
1790482283.208817,1790482286.004062,42326.813708,42329.608953,2795.245,SSE,/api/inference/stream,True,,12,55,,
1790482283.207058,1790482286.006624,42326.811949,42329.611516,2799.567,SSE,/api/inference/stream,True,,12,56,,
1790482283.228879,1790482286.020568,42326.83377,42329.625459,2791.689,SSE,/api/inference/stream,True,,12,57,,
1790482283.230221,1790482286.021219,42326.835112,42329.626111,2790.999,SSE,/api/inference/stream,True,,12,58,,
1790482283.242678,1790482286.028655,42326.847569,42329.633546,2785.977,SSE,/api/inference/stream,True,,12,59,,
1790482283.323714,1790482286.1166,42326.928605,42329.721491,2792.886,SSE,/api/inference/stream,True,,12,60,,
1790482283.325374,1790482286.118041,42326.930266,42329.722932,2792.666,SSE,/api/inference/stream,True,,12,61,,
1790482283.334284,1790482286.129333,42326.939175,42329.734225,2795.05,SSE,/api/inference/stream,True,,12,62,,
1790482283.358195,1790482286.146494,42326.963086,42329.751385,2788.299,SSE,/api/inference/stream,True,,12,63,,
1790482283.419475,1790482286.212989,42327.024366,42329.81788,2793.514,SSE,/api/inference/stream,True,,12,65,,
1790482283.422427,1790482286.214926,42327.027319,42329.819817,2792.499,SSE,/api/inference/stream,True,,12,64,,
1790482283.497463,1790482286.296365,42327.102354,42329.901256,2798.902,SSE,/api/inference/stream,True,,12,67,,
1790482283.500016,1790482286.298258,42327.104907,42329.903149,2798.242,SSE,/api/inference/stream,True,,12,66,,
1790482283.513906,1790482286.306918,42327.118797,42329.911809,2793.012,SSE,/api/inference/stream,True,,12,68,,
1790482283.542515,1790482286.332835,42327.147406,42329.937726,2790.32,SSE,/api/inference/stream,True,,12,69,,
1790482283.560574,1790482286.349296,42327.165465,42329.954187,2788.722,SSE,/api/inference/stream,True,,12,70,,
1790482283.579976,1790482286.371864,42327.184866,42329.976755,2791.889,SSE,/api/inference/stream,True,,12,71,,
1790482283.619797,1790482286.41098,42327.224687,42330.01587,2791.183,SSE,/api/inference/stream,True,,12,72,,
1790482283.626924,1790482286.417604,42327.231814,42330.022495,2790.681,SSE,/api/inference/stream,True,,12,73,,
1790482283.68805,1790482286.477469,42327.292941,42330.082359,2789.418,SSE,/api/inference/stream,True,,12,74,,
1790482283.710591,1790482286.499439,42327.315482,42330.104329,2788.847,SSE,/api/inference/stream,True,,12,75,,
1790482283.724343,1790482286.514022,42327.329234,42330.118913,2789.679,SSE,/api/inference/stream,True,,12,76,,
1790482283.746315,1790482286.536429,42327.351206,42330.141319,2790.114,SSE,/api/inference/stream,True,,12,77,,
1790482283.785857,1790482286.576349,42327.390748,42330.18124,2790.492,SSE,/api/inference/stream,True,,12,78,,
1790482283.797162,1790482286.585436,42327.402053,42330.190327,2788.274,SSE,/api/inference/stream,True,,12,79,,
1790482283.834055,1790482286.624955,42327.438946,42330.229846,2790.9,SSE,/api/inference/stream,True,,12,80,,
1790482283.874748,1790482286.664736,42327.479638,42330.269626,2789.988,SSE,/api/inference/stream,True,,12,81,,
1790482283.9089,1790482286.698624,42327.513791,42330.303515,2789.723,SSE,/api/inference/stream,True,,12,82,,
1790482283.927413,1790482286.71558,42327.532304,42330.32047,2788.166,SSE,/api/inference/stream,True,,12,83,,
1790482283.942869,1790482286.733723,42327.547759,42330.338613,2790.854,SSE,/api/inference/stream,True,,12,84,,
1790482283.988806,1790482286.780818,42327.593696,42330.385709,2792.012,SSE,/api/inference/stream,True,,12,85,,
1790482284.01461,1790482286.805527,42327.619501,42330.410418,2790.917,SSE,/api/inference/stream,True,,12,86,,
1790482284.027176,1790482286.814535,42327.632067,42330.419426,2787.358,SSE,/api/inference/stream,True,,12,87,,
1790482284.102086,1790482286.895577,42327.706977,42330.500468,2793.491,SSE,/api/inference/stream,True,,12,89,,
1790482284.110813,1790482286.905832,42327.715704,42330.510723,2795.02,SSE,/api/inference/stream,True,,12,88,,
1790482284.116468,1790482286.908976,42327.721359,42330.513867,2792.509,SSE,/api/inference/stream,True,,12,90,,
1790482284.15256,1790482286.942255,42327.75745,42330.547146,2789.695,SSE,/api/inference/stream,True,,12,91,,
1790482284.164802,1790482286.953675,42327.769693,42330.558566,2788.873,SSE,/api/inference/stream,True,,12,92,,
1790482284.203008,1790482286.993435,42327.807899,42330.598326,2790.427,SSE,/api/inference/stream,True,,12,93,,
1790482284.216464,1790482287.005181,42327.821355,42330.610072,2788.717,SSE,/api/inference/stream,True,,12,94,,
1790482284.255307,1790482287.04621,42327.860198,42330.651101,2790.903,SSE,/api/inference/stream,True,,12,95,,
1790482284.280295,1790482287.069946,42327.885186,42330.674837,2789.651,SSE,/api/inference/stream,True,,12,96,,
1790482284.314437,1790482287.104479,42327.919328,42330.70937,2790.042,SSE,/api/inference/stream,True,,12,97,,
1790482284.331284,1790482287.119881,42327.936175,42330.724772,2788.597,SSE,/api/inference/stream,True,,12,98,,
1790482284.368474,1790482287.158163,42327.973365,42330.763054,2789.689,SSE,/api/inference/stream,True,,12,99,,
1790482284.405205,1790482287.194771,42328.010096,42330.799662,2789.566,SSE,/api/inference/stream,True,,12,0,,
1790482284.430216,1790482287.21952,42328.035106,42330.824411,2789.304,SSE,/api/inference/stream,True,,12,1,,
1790482284.464756,1790482287.255062,42328.069647,42330.859953,2790.306,SSE,/api/inference/stream,True,,12,2,,
1790482284.474411,1790482287.266576,42328.079302,42330.871467,2792.165,SSE,/api/inference/stream,True,,12,3,,
1790482284.513157,1790482287.303817,42328.118048,42330.908708,2790.66,SSE,/api/inference/stream,True,,12,4,,
1790482284.554523,1790482287.345035,42328.159414,42330.949925,2790.511,SSE,/api/inference/stream,True,,12,5,,
1790482284.57031,1790482287.360085,42328.175201,42330.964976,2789.775,SSE,/api/inference/stream,True,,12,6,,
1790482284.585463,1790482287.375107,42328.190353,42330.979997,2789.644,SSE,/api/inference/stream,True,,12,7,,
1790482284.621367,1790482287.412538,42328.226258,42331.017428,2791.17,SSE,/api/inference/stream,True,,12,8,,
1790482284.660036,1790482287.449741,42328.264926,42331.054632,2789.706,SSE,/api/inference/stream,True,,12,9,,
1790482284.682224,1790482287.47936,42328.287115,42331.084251,2797.136,SSE,/api/inference/stream,True,,12,10,,
1790482284.716498,1790482287.506528,42328.321389,42331.111419,2790.03,SSE,/api/inference/stream,True,,12,11,,
1790482284.733875,1790482287.521172,42328.338766,42331.126063,2787.297,SSE,/api/inference/stream,True,,12,12,,
1790482284.771657,1790482287.560751,42328.376547,42331.165642,2789.095,SSE,/api/inference/stream,True,,12,13,,
1790482284.790772,1790482287.582763,42328.395663,42331.187653,2791.99,SSE,/api/inference/stream,True,,12,14,,
1790482284.822475,1790482287.614461,42328.427366,42331.219352,2791.986,SSE,/api/inference/stream,True,,12,15,,
1790482284.848134,1790482287.637046,42328.453024,42331.241936,2788.912,SSE,/api/inference/stream,True,,12,16,,
1790482284.883626,1790482287.674967,42328.488517,42331.279857,2791.341,SSE,/api/inference/stream,True,,12,17,,
1790482284.917865,1790482287.707364,42328.522756,42331.312255,2789.499,SSE,/api/inference/stream,True,,12,18,,
1790482284.935655,1790482287.726863,42328.540546,42331.331754,2791.208,SSE,/api/inference/stream,True,,12,19,,
1790482284.954781,1790482287.745725,42328.559671,42331.350616,2790.945,SSE,/api/inference/stream,True,,12,20,,
1790482284.999744,1790482287.789673,42328.604635,42331.394564,2789.928,SSE,/api/inference/stream,True,,12,21,,
1790482285.066843,1790482287.858804,42328.671733,42331.463694,2791.961,SSE,/api/inference/stream,True,,12,23,,
1790482285.065368,1790482287.860358,42328.670259,42331.465249,2794.991,SSE,/api/inference/stream,True,,12,22,,
1790482285.119423,1790482287.91177,42328.724314,42331.516661,2792.347,SSE,/api/inference/stream,True,,12,24,,
1790482285.121443,1790482287.914053,42328.726334,42331.518944,2792.61,SSE,/api/inference/stream,True,,12,25,,
1790482285.133637,1790482287.923204,42328.738528,42331.528095,2789.568,SSE,/api/inference/stream,True,,12,26,,
1790482285.157879,1790482287.948429,42328.76277,42331.55332,2790.551,SSE,/api/inference/stream,True,,12,27,,
1790482285.217464,1790482288.008252,42328.822354,42331.613142,2790.788,SSE,/api/inference/stream,True,,12,28,,
1790482285.246285,1790482288.040139,42328.851176,42331.645029,2793.854,SSE,/api/inference/stream,True,,12,29,,
1790482285.255969,1790482288.049446,42328.86086,42331.654337,2793.478,SSE,/api/inference/stream,True,,12,31,,
1790482285.253985,1790482288.050768,42328.858876,42331.655659,2796.782,SSE,/api/inference/stream,True,,12,30,,
1790482285.286365,1790482288.077144,42328.891256,42331.682035,2790.779,SSE,/api/inference/stream,True,,12,32,,
1790482285.322183,1790482288.112252,42328.927073,42331.717143,2790.069,SSE,/api/inference/stream,True,,12,33,,
1790482285.43316,1790482288.226796,42329.038051,42331.831687,2793.636,SSE,/api/inference/stream,True,,12,34,,
1790482285.440223,1790482288.239421,42329.045114,42331.844312,2799.198,SSE,/api/inference/stream,True,,12,36,,
1790482285.443932,1790482288.243073,42329.048823,42331.847964,2799.141,SSE,/api/inference/stream,True,,12,37,,
1790482285.441851,1790482288.25076,42329.046742,42331.855651,2808.909,SSE,/api/inference/stream,True,,12,35,,
1790482285.451698,1790482288.253371,42329.056589,42331.858262,2801.673,SSE,/api/inference/stream,True,,12,38,,
1790482285.488505,1790482288.278645,42329.093396,42331.883535,2790.139,SSE,/api/inference/stream,True,,12,39,,
1790482285.521092,1790482288.311826,42329.125983,42331.916717,2790.734,SSE,/api/inference/stream,True,,12,40,,
1790482285.545059,1790482288.333947,42329.14995,42331.938838,2788.888,SSE,/api/inference/stream,True,,12,41,,
1790482285.564606,1790482288.354192,42329.169497,42331.959083,2789.586,SSE,/api/inference/stream,True,,12,42,,
1790482285.594664,1790482288.385213,42329.199554,42331.990103,2790.549,SSE,/api/inference/stream,True,,12,43,,
1790482285.616262,1790482288.432952,42329.221153,42332.037843,2816.69,SSE,/api/inference/stream,True,,12,44,,
