start_ts,end_ts,start_mono,end_mono,response_time_ms,request_type,name,success,exception,response_length,user,http_status,stages_logged
1790482636.110596,1790482638.902477,42679.715486,42682.507368,2791.881,SSE,/api/inference/stream,True,,12,0,,
1790482636.13938,1790482638.929971,42679.744271,42682.534861,2790.591,SSE,/api/inference/stream,True,,12,1,,
1790482636.166688,1790482638.956548,42679.771579,42682.561439,2789.86,SSE,/api/inference/stream,True,,12,2,,
1790482636.195239,1790482638.985243,42679.80013,42682.590134,2790.004,SSE,/api/inference/stream,True,,12,3,,
1790482636.222371,1790482639.012699,42679.827261,42682.617589,2790.328,SSE,/api/inference/stream,True,,12,4,,
1790482636.250973,1790482639.041996,42679.855864,42682.646887,2791.023,SSE,/api/inference/stream,True,,12,5,,
1790482636.278145,1790482639.06898,42679.883036,42682.673871,2790.836,SSE,/api/inference/stream,True,,12,6,,
1790482636.306398,1790482639.09965,42679.911289,42682.704541,2793.252,SSE,/api/inference/stream,True,,12,7,,
1790482636.334423,1790482639.128038,42679.939314,42682.732929,2793.615,SSE,/api/inference/stream,True,,12,8,,
1790482636.361558,1790482639.152951,42679.966449,42682.757841,2791.392,SSE,/api/inference/stream,True,,12,9,,
1790482636.389967,1790482639.183702,42679.994858,42682.788594,2793.735,SSE,/api/inference/stream,True,,12,10,,
1790482636.417457,1790482639.209628,42680.022347,42682.814519,2792.172,SSE,/api/inference/stream,True,,12,11,,
1790482636.445101,1790482639.236339,42680.049991,42682.84123,2791.238,SSE,/api/inference/stream,True,,12,12,,
1790482636.473125,1790482639.26298,42680.078016,42682.867871,2789.855,SSE,/api/inference/stream,True,,12,13,,
1790482636.501128,1790482639.293054,42680.106019,42682.897944,2791.926,SSE,/api/inference/stream,True,,12,14,,
1790482636.528718,1790482639.319044,42680.133609,42682.923934,2790.326,SSE,/api/inference/stream,True,,12,15,,
1790482636.556814,1790482639.348445,42680.161705,42682.953336,2791.631,SSE,/api/inference/stream,True,,12,16,,
1790482636.584037,1790482639.37534,42680.188928,42682.980231,2791.303,SSE,/api/inference/stream,True,,12,17,,
1790482636.611537,1790482639.401448,42680.216428,42683.006339,2789.911,SSE,/api/inference/stream,True,,12,18,,
1790482636.639991,1790482639.430493,42680.244882,42683.035384,2790.502,SSE,/api/inference/stream,True,,12,19,,
1790482636.667328,1790482639.458771,42680.272219,42683.063662,2791.443,SSE,/api/inference/stream,True,,12,20,,
1790482636.695043,1790482639.485527,42680.299934,42683.090418,2790.484,SSE,/api/inference/stream,True,,12,21,,
1790482636.722567,1790482639.514983,42680.327458,42683.119873,2792.416,SSE,/api/inference/stream,True,,12,22,,
1790482636.750846,1790482639.541452,42680.355736,42683.146342,2790.606,SSE,/api/inference/stream,True,,12,23,,
1790482636.778945,1790482639.570812,42680.383836,42683.175703,2791.867,SSE,/api/inference/stream,True,,12,24,,
1790482636.806536,1790482639.59807,42680.411427,42683.20296,2791.534,SSE,/api/inference/stream,True,,12,25,,
1790482636.834949,1790482639.626094,42680.439839,42683.230984,2791.145,SSE,/api/inference/stream,True,,12,26,,
1790482636.862483,1790482639.654513,42680.467374,42683.259404,2792.03,SSE,/api/inference/stream,True,,12,27,,
1790482636.890292,1790482639.712128,42680.495183,42683.317019,2821.836,SSE,/api/inference/stream,True,,12,28,,
1790482636.917819,1790482639.724854,42680.522711,42683.329746,2807.035,SSE,/api/inference/stream,True,,12,29,,
1790482636.946097,1790482639.736164,42680.550988,42683.341055,2790.067,SSE,/api/inference/stream,True,,12,30,,
1790482636.97366,1790482639.765138,42680.578551,42683.370028,2791.478,SSE,/api/inference/stream,True,,12,31,,
1790482637.001859,1790482639.793076,42680.60675,42683.397967,2791.217,SSE,/api/inference/stream,True,,12,32,,
1790482637.029291,1790482639.820844,42680.634181,42683.425735,2791.553,SSE,/api/inference/stream,True,,12,33,,
1790482637.056778,1790482639.849025,42680.661668,42683.453916,2792.247,SSE,/api/inference/stream,True,,12,34,,
1790482637.086178,1790482639.879575,42680.691069,42683.484466,2793.397,SSE,/api/inference/stream,True,,12,35,,
1790482637.112703,1790482639.90406,42680.717594,42683.508951,2791.357,SSE,/api/inference/stream,True,,12,36,,
1790482637.139852,1790482639.931351,42680.744742,42683.536242,2791.499,SSE,/api/inference/stream,True,,12,37,,
1790482637.167581,1790482639.958413,42680.772472,42683.563304,2790.832,SSE,/api/inference/stream,True,,12,38,,
1790482637.195389,1790482639.987551,42680.80028,42683.592442,2792.162,SSE,/api/inference/stream,True,,12,39,,
1790482637.223686,1790482640.014896,42680.828576,42683.619787,2791.211,SSE,/api/inference/stream,True,,12,40,,
1790482637.251685,1790482640.043329,42680.856576,42683.64822,2791.644,SSE,/api/inference/stream,True,,12,41,,
1790482637.278561,1790482640.070898,42680.883451,42683.675789,2792.337,SSE,/api/inference/stream,True,,12,42,,
1790482637.306777,1790482640.100164,42680.911668,42683.705054,2793.386,SSE,/api/inference/stream,True,,12,43,,
1790482637.334793,1790482640.126019,42680.939684,42683.730909,2791.226,SSE,/api/inference/stream,True,,12,44,,
1790482637.361912,1790482640.153814,42680.966803,42683.758705,2791.902,SSE,/api/inference/stream,True,,12,45,,
1790482637.390037,1790482640.183376,42680.994927,42683.788267,2793.339,SSE,/api/inference/stream,True,,12,46,,
1790482637.418515,1790482640.20975,42681.023406,42683.814641,2791.235,SSE,/api/inference/stream,True,,12,47,,
1790482637.445224,1790482640.23624,42681.050115,42683.841131,2791.017,SSE,/api/inference/stream,True,,12,48,,
1790482637.474092,1790482640.268218,42681.078982,42683.873109,2794.126,SSE,/api/inference/stream,True,,12,49,,
1790482637.501266,1790482640.293248,42681.106157,42683.898138,2791.982,SSE,/api/inference/stream,True,,12,50,,
1790482637.530162,1790482640.32265,42681.135052,42683.927541,2792.489,SSE,/api/inference/stream,True,,12,51,,
1790482637.557439,1790482640.349245,42681.16233,42683.954136,2791.806,SSE,/api/inference/stream,True,,12,52,,
1790482637.585537,1790482640.377751,42681.190428,42683.982641,2792.214,SSE,/api/inference/stream,True,,12,53,,
1790482637.612522,1790482640.404027,42681.217412,42684.008917,2791.505,SSE,/api/inference/stream,True,,12,54,,
1790482637.640424,1790482640.444029,42681.245315,42684.048919,2803.604,SSE,/api/inference/stream,True,,12,55,,
1790482637.668059,1790482640.458078,42681.27295,42684.062969,2790.019,SSE,/api/inference/stream,True,,12,56,,
1790482637.695476,1790482640.487357,42681.300367,42684.092248,2791.881,SSE,/api/inference/stream,True,,12,57,,
1790482637.724501,1790482640.514476,42681.329391,42684.119366,2789.975,SSE,/api/inference/stream,True,,12,58,,
1790482637.751694,1790482640.543293,42681.356584,42684.148183,2791.599,SSE,/api/inference/stream,True,,12,59,,
1790482637.779705,1790482640.600423,42681.384596,42684.205314,2820.718,SSE,/api/inference/stream,True,,12,60,,
1790482637.806932,1790482640.601895,42681.411824,42684.206787,2794.963,SSE,/api/inference/stream,True,,12,61,,
1790482637.834849,1790482640.625644,42681.43974,42684.230534,2790.795,SSE,/api/inference/stream,True,,12,62,,
1790482637.862914,1790482640.654108,42681.467804,42684.258999,2791.194,SSE,/api/inference/stream,True,,12,63,,
1790482637.89077,1790482640.682476,42681.495661,42684.287367,2791.706,SSE,/api/inference/stream,True,,12,64,,
1790482637.918881,1790482640.711981,42681.523772,42684.316872,2793.1,SSE,/api/inference/stream,True,,12,65,,
1790482637.946795,1790482640.738925,42681.551686,42684.343815,2792.13,SSE,/api/inference/stream,True,,12,66,,
1790482637.973927,1790482640.765296,42681.578817,42684.370187,2791.37,SSE,/api/inference/stream,True,,12,67,,
1790482638.001323,1790482640.791499,42681.606214,42684.39639,2790.175,SSE,/api/inference/stream,True,,12,68,,
1790482638.030037,1790482640.821113,42681.634928,42684.426004,2791.076,SSE,/api/inference/stream,True,,12,69,,
1790482638.06175,1790482640.854459,42681.666641,42684.45935,2792.709,SSE,/api/inference/stream,True,,12,70,,
1790482638.085223,1790482640.876555,42681.690114,42684.481446,2791.332,SSE,/api/inference/stream,True,,12,71,,
1790482638.113463,1790482640.906093,42681.718353,42684.510983,2792.63,SSE,/api/inference/stream,True,,12,72,,
1790482638.140669,1790482640.93359,42681.74556,42684.538481,2792.921,SSE,/api/inference/stream,True,,12,73,,
1790482638.168608,1790482640.96169,42681.773499,42684.56658,2793.081,SSE,/api/inference/stream,True,,12,74,,
1790482638.197021,1790482640.989568,42681.801912,42684.594458,2792.547,SSE,/api/inference/stream,True,,12,75,,
1790482638.223816,1790482641.016052,42681.828707,42684.620943,2792.236,SSE,/api/inference/stream,True,,12,76,,
1790482638.252976,1790482641.044801,42681.857867,42684.649692,2791.825,SSE,/api/inference/stream,True,,12,77,,
1790482638.280489,1790482641.075545,42681.88538,42684.680435,2795.055,SSE,/api/inference/stream,True,,12,78,,
1790482638.307554,1790482641.098854,42681.912445,42684.703745,2791.3,SSE,/api/inference/stream,True,,12,79,,
1790482638.335506,1790482641.129848,42681.940397,42684.734738,2794.342,SSE,/api/inference/stream,True,,12,80,,
1790482638.363003,1790482641.155352,42681.967893,42684.760242,2792.349,SSE,/api/inference/stream,True,,12,81,,
1790482638.391617,1790482641.185915,42681.996507,42684.790806,2794.299,SSE,/api/inference/stream,True,,12,82,,
1790482638.418797,1790482641.211567,42682.023687,42684.816458,2792.771,SSE,/api/inference/stream,True,,12,83,,
1790482638.446755,1790482641.240089,42682.051645,42684.84498,2793.335,SSE,/api/inference/stream,True,,12,84,,
1790482638.475062,1790482641.26703,42682.079952,42684.871921,2791.968,SSE,/api/inference/stream,True,,12,85,,
1790482638.502189,1790482641.298115,42682.10708,42684.903006,2795.926,SSE,/api/inference/stream,True,,12,86,,
1790482638.529747,1790482641.322162,42682.134638,42684.927053,2792.415,SSE,/api/inference/stream,True,,12,87,,
1790482638.557477,1790482641.350783,42682.162368,42684.955673,2793.306,SSE,/api/inference/stream,True,,12,88,,
1790482638.585912,1790482641.378488,42682.190803,42684.983379,2792.576,SSE,/api/inference/stream,True,,12,89,,
1790482638.614026,1790482641.406814,42682.218917,42685.011704,2792.788,SSE,/api/inference/stream,True,,12,90,,
1790482638.641363,1790482641.43431,42682.246253,42685.039201,2792.948,SSE,/api/inference/stream,True,,12,91,,
1790482638.669452,1790482641.459276,42682.274343,42685.064167,2789.824,SSE,/api/inference/stream,True,,12,92,,
1790482638.697267,1790482641.487596,42682.302158,42685.092486,2790.329,SSE,/api/inference/stream,True,,12,93,,
1790482638.724444,1790482641.520507,42682.329334,42685.125398,2796.063,SSE,/api/inference/stream,True,,12,94,,
1790482638.752655,1790482641.543898,42682.357546,42685.148789,2791.243,SSE,/api/inference/stream,True,,12,95,,
1790482638.780999,1790482641.572532,42682.38589,42685.177422,2791.533,SSE,/api/inference/stream,True,,12,96,,
1790482638.807869,1790482641.598913,42682.41276,42685.203804,2791.044,SSE,/api/inference/stream,True,,12,97,,
1790482638.836488,1790482641.629389,42682.441379,42685.234279,2792.9,SSE,/api/inference/stream,True,,12,98,,
1790482638.863653,1790482641.655174,42682.468544,42685.260064,2791.521,SSE,/api/inference/stream,True,,12,99,,
1790482638.902865,1790482641.694636,42682.507755,42685.299527,2791.771,SSE,/api/inference/stream,True,,12,0,,
1790482638.930306,1790482641.721268,42682.535196,42685.326159,2790.962,SSE,/api/inference/stream,True,,12,1,,
1790482638.956892,1790482641.748598,42682.561783,42685.353488,2791.706,SSE,/api/inference/stream,True,,12,2,,
1790482638.985604,1790482641.77538,42682.590495,42685.38027,2789.775,SSE,/api/inference/stream,True,,12,3,,
1790482639.013058,1790482641.802885,42682.617948,42685.407775,2789.827,SSE,/api/inference/stream,True,,12,4,,
1790482639.042325,1790482641.833134,42682.647216,42685.438026,2790.81,SSE,/api/inference/stream,True,,12,5,,
1790482639.069268,1790482641.85993,42682.674158,42685.464821,2790.662,SSE,/api/inference/stream,True,,12,6,,
1790482639.099901,1790482641.88963,42682.704792,42685.494521,2789.729,SSE,/api/inference/stream,True,,12,7,,
1790482639.128292,1790482641.917996,42682.733183,42685.522887,2789.704,SSE,/api/inference/stream,True,,12,8,,
1790482639.153259,1790482641.944556,42682.75815,42685.549446,2791.296,SSE,/api/inference/stream,True,,12,9,,
1790482639.183982,1790482641.973811,42682.788873,42685.578703,2789.83,SSE,/api/inference/stream,True,,12,10,,
1790482639.209911,1790482642.000237,42682.814802,42685.605128,2790.326,SSE,/api/inference/stream,True,,12,11,,
1790482639.236614,1790482642.027096,42682.841506,42685.631987,2790.481,SSE,/api/inference/stream,True,,12,12,,
1790482639.263403,1790482642.052977,42682.868294,42685.657868,2789.574,SSE,/api/inference/stream,True,,12,13,,
1790482639.29339,1790482642.083272,42682.898281,42685.688163,2789.882,SSE,/api/inference/stream,True,,12,14,,
1790482639.31939,1790482642.108357,42682.924281,42685.713248,2788.967,SSE,/api/inference/stream,True,,12,15,,
1790482639.348797,1790482642.139079,42682.953687,42685.74397,2790.282,SSE,/api/inference/stream,True,,12,16,,
1790482639.375611,1790482642.166536,42682.980502,42685.771427,2790.925,SSE,/api/inference/stream,True,,12,17,,
1790482639.401806,1790482642.19084,42683.006697,42685.79573,2789.033,SSE,/api/inference/stream,True,,12,18,,
1790482639.430744,1790482642.22189,42683.035634,42685.826781,2791.147,SSE,/api/inference/stream,True,,12,19,,
1790482639.459183,1790482642.249714,42683.064073,42685.854604,2790.531,SSE,/api/inference/stream,True,,12,20,,
1790482639.485866,1790482642.275466,42683.090757,42685.880357,2789.6,SSE,/api/inference/stream,True,,12,21,,
1790482639.515404,1790482642.30531,42683.120295,42685.9102,2789.906,SSE,/api/inference/stream,True,,12,22,,
1790482639.541787,1790482642.332246,42683.146678,42685.937137,2790.459,SSE,/api/inference/stream,True,,12,23,,
1790482639.571197,1790482642.361218,42683.176088,42685.966109,2790.021,SSE,/api/inference/stream,True,,12,24,,
1790482639.598332,1790482642.386955,42683.203223,42685.991846,2788.623,SSE,/api/inference/stream,True,,12,25,,
1790482639.626442,1790482642.417225,42683.231332,42686.022116,2790.784,SSE,/api/inference/stream,True,,12,26,,
1790482639.654836,1790482642.44552,42683.259726,42686.05041,2790.684,SSE,/api/inference/stream,True,,12,27,,
1790482639.712425,1790482642.504227,42683.317315,42686.109117,2791.802,SSE,/api/inference/stream,True,,12,28,,
1790482639.725099,1790482642.514404,42683.32999,42686.119295,2789.305,SSE,/api/inference/stream,True,,12,29,,
1790482639.73633,1790482642.524465,42683.341221,42686.129356,2788.134,SSE,/api/inference/stream,True,,12,30,,
1790482639.765481,1790482642.556889,42683.370372,42686.161779,2791.408,SSE,/api/inference/stream,True,,12,31,,
1790482639.793421,1790482642.582638,42683.398312,42686.187529,2789.217,SSE,/api/inference/stream,True,,12,32,,
1790482639.821185,1790482642.611969,42683.426076,42686.216859,2790.783,SSE,/api/inference/stream,True,,12,33,,
1790482639.849345,1790482642.637547,42683.454236,42686.242437,2788.201,SSE,/api/inference/stream,True,,12,34,,
1790482639.879965,1790482642.670794,42683.484856,42686.275685,2790.829,SSE,/api/inference/stream,True,,12,35,,
1790482639.904389,1790482642.695054,42683.50928,42686.299945,2790.665,SSE,/api/inference/stream,True,,12,36,,
1790482639.931675,1790482642.721364,42683.536566,42686.326255,2789.689,SSE,/api/inference/stream,True,,12,37,,
1790482639.958711,1790482642.748214,42683.563602,42686.353104,2789.502,SSE,/api/inference/stream,True,,12,38,,
1790482639.987885,1790482642.778507,42683.592776,42686.383397,2790.621,SSE,/api/inference/stream,True,,12,39,,
1790482640.01531,1790482642.804735,42683.620201,42686.409626,2789.425,SSE,/api/inference/stream,True,,12,40,,
1790482640.043582,1790482642.832678,42683.648472,42686.437568,2789.096,SSE,/api/inference/stream,True,,12,41,,
1790482640.071259,1790482642.861175,42683.67615,42686.466065,2789.915,SSE,/api/inference/stream,True,,12,42,,
1790482640.100546,1790482642.890631,42683.705436,42686.495521,2790.085,SSE,/api/inference/stream,True,,12,43,,
1790482640.126306,1790482642.917585,42683.731196,42686.522475,2791.279,SSE,/api/inference/stream,True,,12,44,,
1790482640.154085,1790482642.944276,42683.758976,42686.549167,2790.191,SSE,/api/inference/stream,True,,12,45,,
1790482640.18372,1790482642.973923,42683.788611,42686.578814,2790.203,SSE,/api/inference/stream,True,,12,46,,
1790482640.210127,1790482643.002495,42683.815017,42686.607385,2792.368,SSE,/api/inference/stream,True,,12,47,,
1790482640.236564,1790482643.025485,42683.841454,42686.630376,2788.921,SSE,/api/inference/stream,True,,12,48,,
1790482640.268575,1790482643.058858,42683.873465,42686.663749,2790.284,SSE,/api/inference/stream,True,,12,49,,
1790482640.293574,1790482643.083457,42683.898465,42686.688347,2789.883,SSE,/api/inference/stream,True,,12,50,,
1790482640.32296,1790482643.112702,42683.92785,42686.717593,2789.743,SSE,/api/inference/stream,True,,12,51,,
1790482640.349607,1790482643.138717,42683.954498,42686.743608,2789.11,SSE,/api/inference/stream,True,,12,52,,
1790482640.378149,1790482643.169181,42683.98304,42686.774072,2791.032,SSE,/api/inference/stream,True,,12,53,,
1790482640.404413,1790482643.195259,42684.009303,42686.800149,2790.846,SSE,/api/inference/stream,True,,12,54,,
1790482640.444329,1790482643.236332,42684.04922,42686.841222,2792.002,SSE,/api/inference/stream,True,,12,55,,
1790482640.458331,1790482643.247692,42684.063222,42686.852583,2789.361,SSE,/api/inference/stream,True,,12,56,,
1790482640.487637,1790482643.2793,42684.092527,42686.884191,2791.663,SSE,/api/inference/stream,True,,12,57,,
1790482640.514768,1790482643.303502,42684.119659,42686.908393,2788.734,SSE,/api/inference/stream,True,,12,58,,
1790482640.543638,1790482643.335047,42684.148529,42686.939938,2791.409,SSE,/api/inference/stream,True,,12,59,,
1790482640.600731,1790482643.395889,42684.205622,42687.00078,2795.158,SSE,/api/inference/stream,True,,12,60,,
1790482640.602194,1790482643.398485,42684.207085,42687.003376,2796.291,SSE,/api/inference/stream,True,,12,61,,
1790482640.625942,1790482643.416245,42684.230832,42687.021136,2790.304,SSE,/api/inference/stream,True,,12,62,,
1790482640.654448,1790482643.444413,42684.259338,42687.049303,2789.966,SSE,/api/inference/stream,True,,12,63,,
1790482640.682774,1790482643.4731,42684.287665,42687.077991,2790.326,SSE,/api/inference/stream,True,,12,64,,
1790482640.712321,1790482643.502967,42684.317211,42687.107857,2790.646,SSE,/api/inference/stream,True,,12,65,,
1790482640.739309,1790482643.528099,42684.344199,42687.132989,2788.79,SSE,/api/inference/stream,True,,12,66,,
1790482640.765622,1790482643.555927,42684.370513,42687.160817,2790.305,SSE,/api/inference/stream,True,,12,67,,
1790482640.791725,1790482643.581426,42684.396616,42687.186317,2789.701,SSE,/api/inference/stream,True,,12,68,,
1790482640.821414,1790482643.611854,42684.426304,42687.216744,2790.44,SSE,/api/inference/stream,True,,12,69,,
1790482640.854812,1790482643.645262,42684.459702,42687.250153,2790.45,SSE,/api/inference/stream,True,,12,70,,
1790482640.876791,1790482643.665944,42684.481682,42687.270834,2789.153,SSE,/api/inference/stream,True,,12,71,,
1790482640.906375,1790482643.696329,42684.511266,42687.30122,2789.954,SSE,/api/inference/stream,True,,12,72,,
1790482640.933885,1790482643.725221,42684.538775,42687.330112,2791.337,SSE,/api/inference/stream,True,,12,73,,
1790482640.961989,1790482643.752873,42684.56688,42687.357764,2790.884,SSE,/api/inference/stream,True,,12,74,,
1790482640.989853,1790482643.781067,42684.594744,42687.385957,2791.213,SSE,/api/inference/stream,True,,12,75,,
1790482641.016362,1790482643.806384,42684.621252,42687.411275,2790.022,SSE,/api/inference/stream,True,,12,76,,
1790482641.045139,1790482643.835502,42684.650029,42687.440393,2790.364,SSE,/api/inference/stream,True,,12,77,,
1790482641.07583,1790482643.866278,42684.68072,42687.471168,2790.448,SSE,/api/inference/stream,True,,12,78,,
1790482641.099191,1790482643.888672,42684.704082,42687.493563,2789.481,SSE,/api/inference/stream,True,,12,79,,
1790482641.130156,1790482643.921262,42684.735046,42687.526153,2791.107,SSE,/api/inference/stream,True,,12,80,,
1790482641.155628,1790482643.945582,42684.760519,42687.550473,2789.954,SSE,/api/inference/stream,True,,12,81,,
1790482641.186225,1790482643.976275,42684.791116,42687.581166,2790.05,SSE,/api/inference/stream,True,,12,82,,
1790482641.211907,1790482644.001852,42684.816798,42687.606743,2789.945,SSE,/api/inference/stream,True,,12,83,,
1790482641.240383,1790482644.030808,42684.845273,42687.635699,2790.425,SSE,/api/inference/stream,True,,12,84,,
1790482641.267422,1790482644.056632,42684.872312,42687.661523,2789.211,SSE,/api/inference/stream,True,,12,85,,
1790482641.298398,1790482644.087437,42684.903289,42687.692328,2789.039,SSE,/api/inference/stream,True,,12,86,,
1790482641.322546,1790482644.113273,42684.927437,42687.718164,2790.727,SSE,/api/inference/stream,True,,12,87,,
1790482641.351117,1790482644.142338,42684.956008,42687.747228,2791.221,SSE,/api/inference/stream,True,,12,88,,
1790482641.378845,1790482644.171548,42684.983736,42687.776439,2792.702,SSE,/api/inference/stream,True,,12,89,,
1790482641.407115,1790482644.197957,42685.012005,42687.802848,2790.842,SSE,/api/inference/stream,True,,12,90,,
1790482641.434593,1790482644.224821,42685.039484,42687.829712,2790.228,SSE,/api/inference/stream,True,,12,91,,
1790482641.459558,1790482644.248687,42685.064448,42687.853578,2789.129,SSE,/api/inference/stream,True,,12,92,,
1790482641.487936,1790482644.277914,42685.092826,42687.882804,2789.978,SSE,/api/inference/stream,True,,12,93,,
1790482641.520788,1790482644.310781,42685.125679,42687.915672,2789.993,SSE,/api/inference/stream,True,,12,94,,
1790482641.54421,1790482644.334479,42685.149101,42687.93937,2790.269,SSE,/api/inference/stream,True,,12,95,,
1790482641.572823,1790482644.364619,42685.177714,42687.96951,2791.796,SSE,/api/inference/stream,True,,12,96,,
1790482641.599269,1790482644.389728,42685.204159,42687.994618,2790.459,SSE,/api/inference/stream,True,,12,97,,
1790482641.629716,1790482644.419548,42685.234606,42688.024439,2789.833,SSE,/api/inference/stream,True,,12,98,,
1790482641.655456,1790482644.444947,42685.260346,42688.049838,2789.491,SSE,/api/inference/stream,True,,12,99,,
1790482641.694934,1790482644.486845,42685.299824,42688.091735,2791.911,SSE,/api/inference/stream,True,,12,0,,
1790482641.721618,1790482644.51168,42685.326509,42688.11657,2790.062,SSE,/api/inference/stream,True,,12,1,,
1790482641.748986,1790482644.540402,42685.353876,42688.145293,2791.417,SSE,/api/inference/stream,True,,12,2,,
1790482641.775725,1790482644.566476,42685.380616,42688.171367,2790.751,SSE,/api/inference/stream,True,,12,3,,
1790482641.803287,1790482644.59305,42685.408178,42688.19794,2789.762,SSE,/api/inference/stream,True,,12,4,,
1790482641.833412,1790482644.622964,42685.438303,42688.227854,2789.552,SSE,/api/inference/stream,True,,12,5,,
1790482641.860243,1790482644.651837,42685.465134,42688.256728,2791.594,SSE,/api/inference/stream,True,,12,6,,
1790482641.889942,1790482644.67836,42685.494833,42688.28325,2788.418,SSE,/api/inference/stream,True,,12,7,,
1790482641.918274,1790482644.708635,42685.523164,42688.313525,2790.361,SSE,/api/inference/stream,True,,12,8,,
1790482641.944912,1790482644.734554,42685.549802,42688.339444,2789.642,SSE,/api/inference/stream,True,,12,9,,
1790482641.974113,1790482644.764998,42685.579004,42688.369889,2790.885,SSE,/api/inference/stream,True,,12,10,,
1790482642.000537,1790482644.79028,42685.605428,42688.39517,2789.743,SSE,/api/inference/stream,True,,12,11,,
1790482642.027411,1790482644.816261,42685.632302,42688.421152,2788.85,SSE,/api/inference/stream,True,,12,12,,
1790482642.05324,1790482644.843807,42685.658131,42688.448697,2790.567,SSE,/api/inference/stream,True,,12,13,,
1790482642.0835,1790482644.871774,42685.688391,42688.476664,2788.273,SSE,/api/inference/stream,True,,12,14,,
1790482642.108594,1790482644.89996,42685.713485,42688.50485,2791.365,SSE,/api/inference/stream,True,,12,15,,
1790482642.139425,1790482644.927412,42685.744316,42688.532303,2787.987,SSE,/api/inference/stream,True,,12,16,,
1790482642.166795,1790482644.957317,42685.771686,42688.562208,2790.522,SSE,/api/inference/stream,True,,12,17,,
1790482642.191095,1790482644.980446,42685.795985,42688.585336,2789.351,SSE,/api/inference/stream,True,,12,18,,
1790482642.222207,1790482645.012666,42685.827098,42688.617557,2790.459,SSE,/api/inference/stream,True,,12,19,,
1790482642.250018,1790482645.041233,42685.854909,42688.646124,2791.215,SSE,/api/inference/stream,True,,12,20,,
1790482642.275752,1790482645.064751,42685.880643,42688.669642,2788.999,SSE,/api/inference/stream,True,,12,21,,
1790482642.305673,1790482645.096433,42685.910564,42688.701324,2790.76,SSE,/api/inference/stream,True,,12,22,,
1790482642.332588,1790482645.122513,42685.937478,42688.727404,2789.926,SSE,/api/inference/stream,True,,12,23,,
1790482642.36154,1790482645.151437,42685.966431,42688.756327,2789.897,SSE,/api/inference/stream,True,,12,24,,
1790482642.387337,1790482645.177583,42685.992228,42688.782473,2790.246,SSE,/api/inference/stream,True,,12,25,,
1790482642.417568,1790482645.209956,42686.022458,42688.814846,2792.388,SSE,/api/inference/stream,True,,12,26,,
1790482642.445905,1790482645.236879,42686.050795,42688.84177,2790.975,SSE,/api/inference/stream,True,,12,27,,
1790482642.504526,1790482645.294493,42686.109417,42688.899383,2789.966,SSE,/api/inference/stream,True,,12,28,,
1790482642.514627,1790482645.305528,42686.119518,42688.910419,2790.901,SSE,/api/inference/stream,True,,12,29,,
1790482642.524671,1790482645.313399,42686.129562,42688.91829,2788.729,SSE,/api/inference/stream,True,,12,30,,
1790482642.557255,1790482645.346625,42686.162146,42688.951515,2789.37,SSE,/api/inference/stream,True,,12,31,,
1790482642.582983,1790482645.373722,42686.187874,42688.978612,2790.739,SSE,/api/inference/stream,True,,12,32,,
1790482642.612335,1790482645.403387,42686.217225,42689.008277,2791.052,SSE,/api/inference/stream,True,,12,33,,
1790482642.637761,1790482645.426414,42686.242652,42689.031305,2788.653,SSE,/api/inference/stream,True,,12,34,,
1790482642.671097,1790482645.461559,42686.275987,42689.066449,2790.462,SSE,/api/inference/stream,True,,12,35,,
1790482642.695429,1790482645.484985,42686.30032,42689.089876,2789.556,SSE,/api/inference/stream,True,,12,36,,
1790482642.721649,1790482645.511874,42686.326539,42689.116764,2790.225,SSE,/api/inference/stream,True,,12,37,,
1790482642.74858,1790482645.539189,42686.35347,42689.14408,2790.609,SSE,/api/inference/stream,True,,12,38,,
1790482642.778896,1790482645.569257,42686.383787,42689.174148,2790.361,SSE,/api/inference/stream,True,,12,39,,
1790482642.805073,1790482645.595081,42686.409964,42689.199972,2790.008,SSE,/api/inference/stream,True,,12,40,,
1790482642.832953,1790482645.624585,42686.437844,42689.229476,2791.632,SSE,/api/inference/stream,True,,12,41,,
1790482642.861448,1790482645.650408,42686.466339,42689.255298,2788.959,SSE,/api/inference/stream,True,,12,42,,
1790482642.890999,1790482645.682827,42686.495889,42689.287717,2791.828,SSE,/api/inference/stream,True,,12,43,,
1790482642.917879,1790482645.708464,42686.52277,42689.313355,2790.585,SSE,/api/inference/stream,True,,12,44,,
1790482642.944497,1790482645.737062,42686.549387,42689.341953,2792.565,SSE,/api/inference/stream,True,,12,45,,
1790482642.974219,1790482645.763384,42686.579109,42689.368275,2789.166,SSE,/api/inference/stream,True,,12,46,,
1790482643.002844,1790482645.79298,42686.607735,42689.397871,2790.136,SSE,/api/inference/stream,True,,12,47,,
1790482643.025771,1790482645.817353,42686.630661,42689.422244,2791.583,SSE,/api/inference/stream,True,,12,48,,
1790482643.059235,1790482645.850394,42686.664126,42689.455285,2791.159,SSE,/api/inference/stream,True,,12,49,,
1790482643.083765,1790482645.872497,42686.688656,42689.477388,2788.732,SSE,/api/inference/stream,True,,12,50,,
1790482643.113048,1790482645.905102,42686.717939,42689.509993,2792.055,SSE,/api/inference/stream,True,,12,51,,
1790482643.139058,1790482645.928465,42686.743949,42689.533355,2789.406,SSE,/api/inference/stream,True,,12,52,,
1790482643.169525,1790482645.960104,42686.774415,42689.564994,2790.579,SSE,/api/inference/stream,True,,12,53,,
1790482643.195584,1790482645.985993,42686.800475,42689.590884,2790.409,SSE,/api/inference/stream,True,,12,54,,
1790482643.236682,1790482646.027447,42686.841573,42689.632338,2790.765,SSE,/api/inference/stream,True,,12,55,,
1790482643.247955,1790482646.03561,42686.852846,42689.640501,2787.655,SSE,/api/inference/stream,True,,12,56,,
1790482643.279584,1790482646.070893,42686.884475,42689.675784,2791.309,SSE,/api/inference/stream,True,,12,57,,
1790482643.303802,1790482646.09307,42686.908693,42689.697961,2789.268,SSE,/api/inference/stream,True,,12,58,,
1790482643.335443,1790482646.126096,42686.940333,42689.730987,2790.653,SSE,/api/inference/stream,True,,12,59,,
1790482643.396191,1790482646.19148,42687.001082,42689.796371,2795.289,SSE,/api/inference/stream,True,,12,60,,
1790482643.398741,1790482646.194987,42687.003632,42689.799878,2796.246,SSE,/api/inference/stream,True,,12,61,,
1790482643.416553,1790482646.206825,42687.021444,42689.811716,2790.272,SSE,/api/inference/stream,True,,12,62,,
1790482643.444805,1790482646.23443,42687.049696,42689.839321,2789.625,SSE,/api/inference/stream,True,,12,63,,
1790482643.473381,1790482646.262774,42687.078271,42689.867665,2789.394,SSE,/api/inference/stream,True,,12,64,,
1790482643.503341,1790482646.292635,42687.108232,42689.897526,2789.294,SSE,/api/inference/stream,True,,12,65,,
1790482643.528334,1790482646.31754,42687.133224,42689.922431,2789.206,SSE,/api/inference/stream,True,,12,66,,
1790482643.556272,1790482646.345527,42687.161162,42689.950418,2789.255,SSE,/api/inference/stream,True,,12,67,,
1790482643.581734,1790482646.371938,42687.186625,42689.976829,2790.204,SSE,/api/inference/stream,True,,12,68,,
1790482643.612122,1790482646.402079,42687.217013,42690.006969,2789.957,SSE,/api/inference/stream,True,,12,69,,
1790482643.645604,1790482646.435109,42687.250494,42690.039999,2789.505,SSE,/api/inference/stream,True,,12,70,,
1790482643.66621,1790482646.456575,42687.271101,42690.061465,2790.365,SSE,/api/inference/stream,True,,12,71,,
1790482643.696615,1790482646.486905,42687.301506,42690.091796,2790.29,SSE,/api/inference/stream,True,,12,72,,
1790482643.725583,1790482646.516109,42687.330474,42690.121,2790.526,SSE,/api/inference/stream,True,,12,73,,
1790482643.753192,1790482646.544692,42687.358082,42690.149583,2791.501,SSE,/api/inference/stream,True,,12,74,,
1790482643.781347,1790482646.570683,42687.386238,42690.175573,2789.336,SSE,/api/inference/stream,True,,12,75,,
1790482643.806663,1790482646.595907,42687.411553,42690.200798,2789.245,SSE,/api/inference/stream,True,,12,76,,
1790482643.835834,1790482646.624922,42687.440725,42690.229812,2789.088,SSE,/api/inference/stream,True,,12,77,,
1790482643.866573,1790482646.656381,42687.471463,42690.261271,2789.808,SSE,/api/inference/stream,True,,12,78,,
1790482643.88893,1790482646.678256,42687.493821,42690.283147,2789.326,SSE,/api/inference/stream,True,,12,79,,
1790482643.921551,1790482646.711615,42687.526442,42690.316505,2790.064,SSE,/api/inference/stream,True,,12,80,,
1790482643.945862,1790482646.736246,42687.550752,42690.341137,2790.385,SSE,/api/inference/stream,True,,12,81,,
1790482643.976495,1790482646.766344,42687.581385,42690.371235,2789.85,SSE,/api/inference/stream,True,,12,82,,
1790482644.002179,1790482646.794223,42687.60707,42690.399114,2792.044,SSE,/api/inference/stream,True,,12,83,,
1790482644.031207,1790482646.821242,42687.636098,42690.426133,2790.035,SSE,/api/inference/stream,True,,12,84,,
1790482644.056996,1790482646.846879,42687.661887,42690.45177,2789.883,SSE,/api/inference/stream,True,,12,85,,
1790482644.087759,1790482646.878412,42687.69265,42690.483303,2790.653,SSE,/api/inference/stream,True,,12,86,,
1790482644.113607,1790482646.903375,42687.718498,42690.508266,2789.767,SSE,/api/inference/stream,True,,12,87,,
1790482644.142652,1790482646.932705,42687.747543,42690.537596,2790.053,SSE,/api/inference/stream,True,,12,88,,
1790482644.171792,1790482646.961741,42687.776683,42690.566632,2789.95,SSE,/api/inference/stream,True,,12,89,,
1790482644.198252,1790482646.988065,42687.803143,42690.592956,2789.813,SSE,/api/inference/stream,True,,12,90,,
1790482644.225099,1790482647.013234,42687.82999,42690.618124,2788.134,SSE,/api/inference/stream,True,,12,91,,
1790482644.248952,1790482647.038243,42687.853843,42690.643134,2789.291,SSE,/api/inference/stream,True,,12,92,,
1790482644.278276,1790482647.06828,42687.883167,42690.673171,2790.004,SSE,/api/inference/stream,True,,12,93,,
1790482644.311069,1790482647.098747,42687.91596,42690.703638,2787.678,SSE,/api/inference/stream,True,,12,94,,
1790482644.334802,1790482647.124294,42687.939693,42690.729185,2789.492,SSE,/api/inference/stream,True,,12,95,,
1790482644.364961,1790482647.153233,42687.969852,42690.758124,2788.272,SSE,/api/inference/stream,True,,12,96,,
1790482644.390024,1790482647.178598,42687.994915,42690.783489,2788.574,SSE,/api/inference/stream,True,,12,97,,
1790482644.419847,1790482647.209202,42688.024738,42690.814093,2789.355,SSE,/api/inference/stream,True,,12,98,,
1790482644.445311,1790482647.234815,42688.050202,42690.839706,2789.504,SSE,/api/inference/stream,True,,12,99,,
1790482644.48722,1790482647.278107,42688.092111,42690.882998,2790.887,SSE,/api/inference/stream,True,,12,0,,
1790482644.511977,1790482647.302225,42688.116867,42690.907116,2790.248,SSE,/api/inference/stream,True,,12,1,,
1790482644.540809,1790482647.332497,42688.1457,42690.937388,2791.688,SSE,/api/inference/stream,True,,12,2,,
1790482644.566845,1790482647.357449,42688.171736,42690.96234,2790.604,SSE,/api/inference/stream,True,,12,3,,
1790482644.593332,1790482647.382691,42688.198223,42690.987581,2789.359,SSE,/api/inference/stream,True,,12,4,,
1790482644.623343,1790482647.413257,42688.228234,42691.018148,2789.914,SSE,/api/inference/stream,True,,12,5,,
1790482644.652151,1790482647.442524,42688.257041,42691.047414,2790.373,SSE,/api/inference/stream,True,,12,6,,
1790482644.678649,1790482647.467508,42688.28354,42691.072399,2788.859,SSE,/api/inference/stream,True,,12,7,,
1790482644.708915,1790482647.501302,42688.313806,42691.106192,2792.386,SSE,/api/inference/stream,True,,12,8,,
1790482644.734943,1790482647.525619,42688.339834,42691.130509,2790.676,SSE,/api/inference/stream,True,,12,9,,
1790482644.765297,1790482647.556998,42688.370188,42691.161889,2791.701,SSE,/api/inference/stream,True,,12,10,,
1790482644.790548,1790482647.581347,42688.395439,42691.186238,2790.799,SSE,/api/inference/stream,True,,12,11,,
1790482644.816536,1790482647.607419,42688.421427,42691.21231,2790.884,SSE,/api/inference/stream,True,,12,12,,
1790482644.844103,1790482647.63381,42688.448994,42691.238701,2789.707,SSE,/api/inference/stream,True,,12,13,,
1790482644.872056,1790482647.664212,42688.476947,42691.269103,2792.156,SSE,/api/inference/stream,True,,12,14,,
1790482644.900243,1790482647.690296,42688.505133,42691.295186,2790.053,SSE,/api/inference/stream,True,,12,15,,
1790482644.927683,1790482647.716708,42688.532573,42691.321599,2789.026,SSE,/api/inference/stream,True,,12,16,,
1790482644.957651,1790482647.747049,42688.562543,42691.35194,2789.397,SSE,/api/inference/stream,True,,12,17,,
1790482644.980768,1790482647.770859,42688.585659,42691.37575,2790.091,SSE,/api/inference/stream,True,,12,18,,
1790482645.013082,1790482647.803328,42688.617972,42691.408218,2790.246,SSE,/api/inference/stream,True,,12,19,,
1790482645.041543,1790482647.831419,42688.646434,42691.43631,2789.876,SSE,/api/inference/stream,True,,12,20,,
1790482645.06505,1790482647.854392,42688.669941,42691.459283,2789.342,SSE,/api/inference/stream,True,,12,21,,
1790482645.096793,1790482647.887816,42688.701684,42691.492707,2791.023,SSE,/api/inference/stream,True,,12,22,,
1790482645.122825,1790482647.911503,42688.727716,42691.516394,2788.678,SSE,/api/inference/stream,True,,12,23,,
1790482645.1517,1790482647.941488,42688.756591,42691.546379,2789.788,SSE,/api/inference/stream,True,,12,24,,
1790482645.177867,1790482647.969904,42688.782758,42691.574795,2792.037,SSE,/api/inference/stream,True,,12,25,,
1790482645.210258,1790482648.000268,42688.815148,42691.605158,2790.01,SSE,/api/inference/stream,True,,12,26,,
1790482645.237245,1790482648.027373,42688.842136,42691.632264,2790.128,SSE,/api/inference/stream,True,,12,27,,
1790482645.294835,1790482648.086355,42688.899725,42691.691245,2791.52,SSE,/api/inference/stream,True,,12,28,,
1790482645.305741,1790482648.094842,42688.910632,42691.699733,2789.101,SSE,/api/inference/stream,True,,12,29,,
1790482645.313607,1790482648.103415,42688.918498,42691.708306,2789.807,SSE,/api/inference/stream,True,,12,30,,
1790482645.34699,1790482648.137983,42688.95188,42691.742874,2790.993,SSE,/api/inference/stream,True,,12,31,,
1790482645.37411,1790482648.164507,42688.979,42691.769397,2790.397,SSE,/api/inference/stream,True,,12,32,,
1790482645.403756,1790482648.193503,42689.008647,42691.798394,2789.747,SSE,/api/inference/stream,True,,12,33,,
1790482645.426781,1790482648.217998,42689.031672,42691.822889,2791.217,SSE,/api/inference/stream,True,,12,34,,
1790482645.461856,1790482648.253395,42689.066747,42691.858286,2791.539,SSE,/api/inference/stream,True,,12,35,,
1790482645.485263,1790482648.275364,42689.090153,42691.880255,2790.101,SSE,/api/inference/stream,True,,12,36,,
1790482645.512195,1790482648.301504,42689.117086,42691.906395,2789.309,SSE,/api/inference/stream,True,,12,37,,
1790482645.539497,1790482648.328584,42689.144388,42691.933475,2789.087,SSE,/api/inference/stream,True,,12,38,,
1790482645.569606,1790482648.35944,42689.174496,42691.964331,2789.834,SSE,/api/inference/stream,True,,12,39,,
1790482645.595501,1790482648.385049,42689.200392,42691.989939,2789.547,SSE,/api/inference/stream,True,,12,40,,
1790482645.624899,1790482648.414317,42689.22979,42692.019208,2789.418,SSE,/api/inference/stream,True,,12,41,,
1790482645.650794,1790482648.441997,42689.255685,42692.046888,2791.203,SSE,/api/inference/stream,True,,12,42,,
1790482645.683257,1790482648.474687,42689.288148,42692.079578,2791.43,SSE,/api/inference/stream,True,,12,43,,
1790482645.70876,1790482648.499495,42689.313651,42692.104385,2790.735,SSE,/api/inference/stream,True,,12,44,,
1790482645.737358,1790482648.52781,42689.342249,42692.132701,2790.452,SSE,/api/inference/stream,True,,12,45,,
1790482645.763704,1790482648.554526,42689.368595,42692.159417,2790.822,SSE,/api/inference/stream,True,,12,46,,
1790482645.793338,1790482648.583105,42689.398228,42692.187996,2789.768,SSE,/api/inference/stream,True,,12,47,,
1790482645.817747,1790482648.607329,42689.422638,42692.21222,2789.582,SSE,/api/inference/stream,True,,12,48,,
1790482645.850691,1790482648.641528,42689.455582,42692.246419,2790.837,SSE,/api/inference/stream,True,,12,49,,
1790482645.872814,1790482648.661644,42689.477705,42692.266535,2788.83,SSE,/api/inference/stream,True,,12,50,,
1790482645.905468,1790482648.697335,42689.510359,42692.302226,2791.867,SSE,/api/inference/stream,True,,12,51,,
1790482645.928805,1790482648.719343,42689.533696,42692.324234,2790.538,SSE,/api/inference/stream,True,,12,52,,
1790482645.960428,1790482648.751521,42689.565318,42692.356412,2791.094,SSE,/api/inference/stream,True,,12,53,,
1790482645.98634,1790482648.776495,42689.591231,42692.381386,2790.155,SSE,/api/inference/stream,True,,12,54,,
1790482646.027726,1790482648.817708,42689.632617,42692.422599,2789.982,SSE,/api/inference/stream,True,,12,55,,
1790482646.035834,1790482648.821897,42689.640725,42692.426788,2786.063,SSE,/api/inference/stream,True,,12,56,,
1790482646.071256,1790482648.862422,42689.676146,42692.467312,2791.166,SSE,/api/inference/stream,True,,12,57,,
1790482646.093354,1790482648.882058,42689.698244,42692.486949,2788.704,SSE,/api/inference/stream,True,,12,58,,
1790482646.126483,1790482648.916065,42689.731373,42692.520955,2789.582,SSE,/api/inference/stream,True,,12,59,,
1790482646.191798,1790482648.987384,42689.796689,42692.592275,2795.586,SSE,/api/inference/stream,True,,12,60,,
1790482646.195319,1790482648.989469,42689.80021,42692.59436,2794.15,SSE,/api/inference/stream,True,,12,61,,
1790482646.207044,1790482648.998049,42689.811935,42692.60294,2791.005,SSE,/api/inference/stream,True,,12,62,,
1790482646.234904,1790482649.024051,42689.839795,42692.628941,2789.147,SSE,/api/inference/stream,True,,12,63,,
1790482646.263188,1790482649.053658,42689.868078,42692.658548,2790.47,SSE,/api/inference/stream,True,,12,64,,
1790482646.292901,1790482649.082548,42689.897792,42692.687439,2789.648,SSE,/api/inference/stream,True,,12,65,,
1790482646.317825,1790482649.108948,42689.922716,42692.713838,2791.123,SSE,/api/inference/stream,True,,12,66,,
1790482646.345816,1790482649.135885,42689.950707,42692.740776,2790.069,SSE,/api/inference/stream,True,,12,67,,
1790482646.372212,1790482649.161266,42689.977102,42692.766156,2789.054,SSE,/api/inference/stream,True,,12,68,,
1790482646.402414,1790482649.192902,42690.007304,42692.797793,2790.488,SSE,/api/inference/stream,True,,12,69,,
1790482646.435493,1790482649.225763,42690.040384,42692.830653,2790.27,SSE,/api/inference/stream,True,,12,70,,
1790482646.456845,1790482649.247324,42690.061736,42692.852215,2790.479,SSE,/api/inference/stream,True,,12,71,,
1790482646.487247,1790482649.277533,42690.092137,42692.882423,2790.286,SSE,/api/inference/stream,True,,12,72,,
1790482646.516386,1790482649.306595,42690.121276,42692.911485,2790.209,SSE,/api/inference/stream,True,,12,73,,
1790482646.545006,1790482649.335567,42690.149896,42692.940457,2790.561,SSE,/api/inference/stream,True,,12,74,,
1790482646.570973,1790482649.36309,42690.175864,42692.96798,2792.116,SSE,/api/inference/stream,True,,12,75,,
1790482646.596186,1790482649.410007,42690.201078,42693.014898,2813.821,SSE,/api/inference/stream,True,,12,76,,
1790482646.625257,1790482649.413938,42690.230149,42693.018829,2788.68,SSE,/api/inference/stream,True,,12,77,,
1790482646.65665,1790482649.447177,42690.26154,42693.052068,2790.528,SSE,/api/inference/stream,True,,12,78,,
1790482646.678509,1790482649.466931,42690.283399,42693.071822,2788.422,SSE,/api/inference/stream,True,,12,79,,
1790482646.711913,1790482649.502537,42690.316804,42693.107427,2790.623,SSE,/api/inference/stream,True,,12,80,,
1790482646.736551,1790482649.527291,42690.341442,42693.132182,2790.74,SSE,/api/inference/stream,True,,12,81,,
1790482646.76658,1790482649.556684,42690.371471,42693.161575,2790.104,SSE,/api/inference/stream,True,,12,82,,
1790482646.79449,1790482649.586378,42690.399381,42693.191268,2791.887,SSE,/api/inference/stream,True,,12,83,,
1790482646.821548,1790482649.611955,42690.426438,42693.216846,2790.407,SSE,/api/inference/stream,True,,12,84,,
1790482646.847195,1790482649.636488,42690.452085,42693.241379,2789.293,SSE,/api/inference/stream,True,,12,85,,
1790482646.878736,1790482649.669194,42690.483627,42693.274085,2790.458,SSE,/api/inference/stream,True,,12,86,,
1790482646.903688,1790482649.692368,42690.508579,42693.297258,2788.679,SSE,/api/inference/stream,True,,12,87,,
1790482646.932996,1790482649.723433,42690.537886,42693.328323,2790.437,SSE,/api/inference/stream,True,,12,88,,
1790482646.962005,1790482649.751606,42690.566895,42693.356496,2789.601,SSE,/api/inference/stream,True,,12,89,,
1790482646.98837,1790482649.778746,42690.593261,42693.383636,2790.375,SSE,/api/inference/stream,True,,12,90,,
1790482647.013556,1790482649.803082,42690.618446,42693.407972,2789.526,SSE,/api/inference/stream,True,,12,91,,
1790482647.038502,1790482649.829014,42690.643392,42693.433904,2790.512,SSE,/api/inference/stream,True,,12,92,,
1790482647.068559,1790482649.857407,42690.67345,42693.462297,2788.848,SSE,/api/inference/stream,True,,12,93,,
1790482647.098896,1790482649.886073,42690.703787,42693.490963,2787.176,SSE,/api/inference/stream,True,,12,94,,
1790482647.124541,1790482649.915515,42690.729431,42693.520405,2790.974,SSE,/api/inference/stream,True,,12,95,,
1790482647.153455,1790482649.942279,42690.758345,42693.54717,2788.824,SSE,/api/inference/stream,True,,12,96,,
1790482647.178816,1790482649.967839,42690.783706,42693.57273,2789.024,SSE,/api/inference/stream,True,,12,97,,
1790482647.209439,1790482649.997572,42690.814329,42693.602463,2788.134,SSE,/api/inference/stream,True,,12,98,,
1790482647.235193,1790482650.025423,42690.840084,42693.630313,2790.229,SSE,/api/inference/stream,True,,12,99,,
1790482647.278349,1790482650.068439,42690.88324,42693.67333,2790.09,SSE,/api/inference/stream,True,,12,0,,
1790482647.302494,1790482650.09385,42690.907384,42693.698741,2791.357,SSE,/api/inference/stream,True,,12,1,,
1790482647.332789,1790482650.122582,42690.93768,42693.727473,2789.793,SSE,/api/inference/stream,True,,12,2,,
1790482647.357772,1790482650.146812,42690.962663,42693.751703,2789.04,SSE,/api/inference/stream,True,,12,3,,
1790482647.382953,1790482650.171665,42690.987844,42693.776556,2788.713,SSE,/api/inference/stream,True,,12,4,,
1790482647.413533,1790482650.203663,42691.018424,42693.808554,2790.13,SSE,/api/inference/stream,True,,12,5,,
1790482647.442905,1790482650.233545,42691.047795,42693.838435,2790.64,SSE,/api/inference/stream,True,,12,6,,
1790482647.46778,1790482650.256669,42691.072671,42693.86156,2788.888,SSE,/api/inference/stream,True,,12,7,,
1790482647.501617,1790482650.292025,42691.106508,42693.896917,2790.408,SSE,/api/inference/stream,True,,12,8,,
1790482647.525898,1790482650.314481,42691.130789,42693.919372,2788.583,SSE,/api/inference/stream,True,,12,9,,
1790482647.557283,1790482650.345327,42691.162174,42693.950218,2788.044,SSE,/api/inference/stream,True,,12,10,,
1790482647.581618,1790482650.370664,42691.186509,42693.975555,2789.046,SSE,/api/inference/stream,True,,12,11,,
1790482647.60769,1790482650.396857,42691.212581,42694.001748,2789.167,SSE,/api/inference/stream,True,,12,12,,
1790482647.634122,1790482650.423903,42691.239013,42694.028793,2789.78,SSE,/api/inference/stream,True,,12,13,,
1790482647.66445,1790482650.453761,42691.269341,42694.058652,2789.311,SSE,/api/inference/stream,True,,12,14,,
1790482647.690592,1790482650.481546,42691.295483,42694.086437,2790.954,SSE,/api/inference/stream,True,,12,15,,
1790482647.716988,1790482650.5086,42691.321879,42694.113491,2791.612,SSE,/api/inference/stream,True,,12,16,,
1790482647.74745,1790482650.537659,42691.35234,42694.14255,2790.21,SSE,/api/inference/stream,True,,12,17,,
1790482647.771276,1790482650.561163,42691.376167,42694.166054,2789.887,SSE,/api/inference/stream,True,,12,18,,
1790482647.803704,1790482650.593066,42691.408595,42694.197957,2789.362,SSE,/api/inference/stream,True,,12,19,,
1790482647.831719,1790482650.622977,42691.43661,42694.227868,2791.259,SSE,/api/inference/stream,True,,12,20,,
1790482647.854709,1790482650.643677,42691.4596,42694.248568,2788.968,SSE,/api/inference/stream,True,,12,21,,
1790482647.888138,1790482650.678639,42691.493029,42694.28353,2790.502,SSE,/api/inference/stream,True,,12,22,,
1790482647.911849,1790482650.701129,42691.51674,42694.30602,2789.28,SSE,/api/inference/stream,True,,12,23,,
1790482647.941839,1790482650.73331,42691.546729,42694.3382,2791.471,SSE,/api/inference/stream,True,,12,24,,
1790482647.970176,1790482650.761019,42691.575066,42694.36591,2790.844,SSE,/api/inference/stream,True,,12,25,,
1790482648.000607,1790482650.789,42691.605498,42694.39389,2788.393,SSE,/api/inference/stream,True,,12,26,,
1790482648.027617,1790482650.818257,42691.632508,42694.423148,2790.64,SSE,/api/inference/stream,True,,12,27,,
1790482648.086682,1790482650.877712,42691.691573,42694.482602,2791.029,SSE,/api/inference/stream,True,,12,28,,
1790482648.095078,1790482650.886441,42691.69997,42694.491332,2791.362,SSE,/api/inference/stream,True,,12,29,,
1790482648.103608,1790482650.892496,42691.708499,42694.497387,2788.888,SSE,/api/inference/stream,True,,12,30,,
1790482648.138351,1790482650.929128,42691.743242,42694.534019,2790.777,SSE,/api/inference/stream,True,,12,31,,
1790482648.16486,1790482650.956649,42691.76975,42694.561539,2791.789,SSE,/api/inference/stream,True,,12,32,,
1790482648.193848,1790482650.984205,42691.798738,42694.589095,2790.356,SSE,/api/inference/stream,True,,12,33,,
1790482648.218342,1790482651.007548,42691.823233,42694.612439,2789.206,SSE,/api/inference/stream,True,,12,34,,
1790482648.253701,1790482651.044097,42691.858592,42694.648988,2790.396,SSE,/api/inference/stream,True,,12,35,,
1790482648.275694,1790482651.066056,42691.880584,42694.670947,2790.362,SSE,/api/inference/stream,True,,12,36,,
1790482648.301744,1790482651.090534,42691.906635,42694.695425,2788.79,SSE,/api/inference/stream,True,,12,37,,
1790482648.328844,1790482651.118016,42691.933734,42694.722907,2789.173,SSE,/api/inference/stream,True,,12,38,,
1790482648.359786,1790482651.148507,42691.964677,42694.753398,2788.721,SSE,/api/inference/stream,True,,12,39,,
1790482648.385378,1790482651.173751,42691.990269,42694.778641,2788.372,SSE,/api/inference/stream,True,,12,40,,
1790482648.414601,1790482651.205702,42692.019491,42694.810592,2791.101,SSE,/api/inference/stream,True,,12,41,,
1790482648.442288,1790482651.232107,42692.047179,42694.836998,2789.819,SSE,/api/inference/stream,True,,12,42,,
1790482648.475021,1790482651.265484,42692.079911,42694.870375,2790.464,SSE,/api/inference/stream,True,,12,43,,
1790482648.499816,1790482651.288876,42692.104706,42694.893767,2789.06,SSE,/api/inference/stream,True,,12,44,,
1790482648.528092,1790482651.318654,42692.132983,42694.923545,2790.562,SSE,/api/inference/stream,True,,12,45,,
1790482648.554821,1790482651.345679,42692.159711,42694.95057,2790.859,SSE,/api/inference/stream,True,,12,46,,
1790482648.58347,1790482651.373484,42692.18836,42694.978375,2790.014,SSE,/api/inference/stream,True,,12,47,,
1790482648.607591,1790482651.39688,42692.212481,42695.001771,2789.289,SSE,/api/inference/stream,True,,12,48,,
1790482648.641871,1790482651.43212,42692.246761,42695.037011,2790.249,SSE,/api/inference/stream,True,,12,49,,
1790482648.661927,1790482651.451952,42692.266817,42695.056843,2790.026,SSE,/api/inference/stream,True,,12,50,,
1790482648.697647,1790482651.489501,42692.302538,42695.094391,2791.853,SSE,/api/inference/stream,True,,12,51,,
1790482648.719674,1790482651.508879,42692.324565,42695.113769,2789.204,SSE,/api/inference/stream,True,,12,52,,
1790482648.751921,1790482651.543702,42692.356812,42695.148593,2791.781,SSE,/api/inference/stream,True,,12,53,,
1790482648.776811,1790482651.567862,42692.381702,42695.172752,2791.05,SSE,/api/inference/stream,True,,12,54,,
1790482648.818056,1790482651.611347,42692.422946,42695.216238,2793.291,SSE,/api/inference/stream,True,,12,55,,
1790482648.822128,1790482651.614599,42692.427019,42695.21949,2792.471,SSE,/api/inference/stream,True,,12,56,,
1790482648.862801,1790482651.653468,42692.467691,42695.258358,2790.667,SSE,/api/inference/stream,True,,12,57,,
1790482648.882401,1790482651.671974,42692.487292,42695.276865,2789.573,SSE,/api/inference/stream,True,,12,58,,
1790482648.916411,1790482651.706881,42692.521301,42695.311771,2790.47,SSE,/api/inference/stream,True,,12,59,,
1790482648.987677,1790482651.782861,42692.592568,42695.387752,2795.184,SSE,/api/inference/stream,True,,12,60,,
1790482648.989867,1790482651.786255,42692.594758,42695.391146,2796.387,SSE,/api/inference/stream,True,,12,61,,
1790482648.998256,1790482651.790936,42692.603147,42695.395827,2792.68,SSE,/api/inference/stream,True,,12,62,,
1790482649.024394,1790482651.814536,42692.629284,42695.419427,2790.143,SSE,/api/inference/stream,True,,12,63,,
1790482649.054007,1790482651.844749,42692.658898,42695.44964,2790.742,SSE,/api/inference/stream,True,,12,64,,
1790482649.082814,1790482651.872813,42692.687704,42695.477704,2789.999,SSE,/api/inference/stream,True,,12,65,,
1790482649.109241,1790482651.899815,42692.714131,42695.504705,2790.574,SSE,/api/inference/stream,True,,12,66,,
1790482649.136116,1790482651.925142,42692.741007,42695.530032,2789.026,SSE,/api/inference/stream,True,,12,67,,
1790482649.161548,1790482651.951805,42692.766438,42695.556695,2790.257,SSE,/api/inference/stream,True,,12,68,,
1790482649.193189,1790482651.983603,42692.798079,42695.588494,2790.415,SSE,/api/inference/stream,True,,12,69,,
1790482649.226116,1790482652.0166,42692.831006,42695.62149,2790.484,SSE,/api/inference/stream,True,,12,70,,
1790482649.247658,1790482652.037955,42692.852548,42695.642846,2790.297,SSE,/api/inference/stream,True,,12,71,,
1790482649.277869,1790482652.067994,42692.882759,42695.672885,2790.126,SSE,/api/inference/stream,True,,12,72,,
1790482649.306887,1790482652.095499,42692.911778,42695.70039,2788.612,SSE,/api/inference/stream,True,,12,73,,
1790482649.335893,1790482652.126796,42692.940784,42695.731687,2790.903,SSE,/api/inference/stream,True,,12,74,,
1790482649.363504,1790482652.151922,42692.968394,42695.756812,2788.418,SSE,/api/inference/stream,True,,12,75,,
1790482649.410167,1790482652.197823,42693.015057,42695.802713,2787.656,SSE,/api/inference/stream,True,,12,76,,
1790482649.414094,1790482652.202631,42693.018985,42695.807522,2788.537,SSE,/api/inference/stream,True,,12,77,,
1790482649.447462,1790482652.238557,42693.052353,42695.843448,2791.095,SSE,/api/inference/stream,True,,12,78,,
1790482649.467323,1790482652.258153,42693.072214,42695.863044,2790.83,SSE,/api/inference/stream,True,,12,79,,
1790482649.502903,1790482652.292804,42693.107793,42695.897694,2789.901,SSE,/api/inference/stream,True,,12,80,,
1790482649.527595,1790482652.316957,42693.132485,42695.921848,2789.362,SSE,/api/inference/stream,True,,12,81,,
1790482649.55697,1790482652.347786,42693.161861,42695.952677,2790.816,SSE,/api/inference/stream,True,,12,82,,
1790482649.586674,1790482652.378918,42693.191564,42695.983809,2792.245,SSE,/api/inference/stream,True,,12,83,,
1790482649.612255,1790482652.402591,42693.217146,42696.007482,2790.336,SSE,/api/inference/stream,True,,12,84,,
1790482649.636819,1790482652.425855,42693.241709,42696.030746,2789.036,SSE,/api/inference/stream,True,,12,85,,
1790482649.669511,1790482652.462152,42693.274402,42696.067043,2792.641,SSE,/api/inference/stream,True,,12,86,,
1790482649.692694,1790482652.481352,42693.297585,42696.086243,2788.658,SSE,/api/inference/stream,True,,12,87,,
1790482649.723732,1790482652.514594,42693.328622,42696.119484,2790.862,SSE,/api/inference/stream,True,,12,88,,
1790482649.7519,1790482652.542691,42693.356791,42696.147581,2790.79,SSE,/api/inference/stream,True,,12,89,,
1790482649.779045,1790482652.570223,42693.383936,42696.175113,2791.177,SSE,/api/inference/stream,True,,12,90,,
1790482649.803504,1790482652.592013,42693.408395,42696.196903,2788.509,SSE,/api/inference/stream,True,,12,91,,
1790482649.829327,1790482652.621872,42693.434218,42696.226763,2792.545,SSE,/api/inference/stream,True,,12,92,,
1790482649.857749,1790482652.646687,42693.46264,42696.251578,2788.937,SSE,/api/inference/stream,True,,12,93,,
1790482649.886405,1790482652.676648,42693.491296,42696.281539,2790.243,SSE,/api/inference/stream,True,,12,94,,
1790482649.915835,1790482652.708673,42693.520726,42696.313564,2792.838,SSE,/api/inference/stream,True,,12,95,,
1790482649.9426,1790482652.732053,42693.547491,42696.336943,2789.452,SSE,/api/inference/stream,True,,12,96,,
1790482649.968131,1790482652.760313,42693.573022,42696.365204,2792.182,SSE,/api/inference/stream,True,,12,97,,
1790482649.9979,1790482652.787526,42693.602791,42696.392416,2789.625,SSE,/api/inference/stream,True,,12,98,,
1790482650.025814,1790482652.816232,42693.630704,42696.421122,2790.418,SSE,/api/inference/stream,True,,12,99,,
1790482650.068725,1790482652.861259,42693.673616,42696.46615,2792.534,SSE,/api/inference/stream,True,,12,0,,
1790482650.094157,1790482652.8848,42693.699048,42696.489691,2790.642,SSE,/api/inference/stream,True,,12,1,,
1790482650.122825,1790482652.914376,42693.727716,42696.519266,2791.551,SSE,/api/inference/stream,True,,12,2,,
1790482650.147055,1790482652.940388,42693.751946,42696.545279,2793.333,SSE,/api/inference/stream,True,,12,3,,
1790482650.171904,1790482652.960069,42693.776795,42696.564959,2788.165,SSE,/api/inference/stream,True,,12,4,,
1790482650.20404,1790482652.994307,42693.80893,42696.599197,2790.267,SSE,/api/inference/stream,True,,12,5,,
1790482650.233875,1790482653.02581,42693.838718,42696.630654,2791.935,SSE,/api/inference/stream,True,,12,6,,
1790482650.256922,1790482653.046719,42693.861813,42696.65161,2789.797,SSE,/api/inference/stream,True,,12,7,,
1790482650.292227,1790482653.080498,42693.897117,42696.685388,2788.271,SSE,/api/inference/stream,True,,12,8,,
1790482650.31469,1790482653.103431,42693.919581,42696.708322,2788.741,SSE,/api/inference/stream,True,,12,9,,
1790482650.345569,1790482653.133494,42693.95046,42696.738385,2787.925,SSE,/api/inference/stream,True,,12,10,,
1790482650.371026,1790482653.160755,42693.975916,42696.765646,2789.73,SSE,/api/inference/stream,True,,12,11,,
1790482650.397108,1790482653.186792,42694.001999,42696.791682,2789.684,SSE,/api/inference/stream,True,,12,12,,
1790482650.424166,1790482653.213738,42694.029057,42696.818629,2789.572,SSE,/api/inference/stream,True,,12,13,,
1790482650.454075,1790482653.24372,42694.058965,42696.848611,2789.646,SSE,/api/inference/stream,True,,12,14,,
1790482650.481891,1790482653.271328,42694.086782,42696.876219,2789.437,SSE,/api/inference/stream,True,,12,15,,
1790482650.508845,1790482653.297295,42694.113736,42696.902186,2788.45,SSE,/api/inference/stream,True,,12,16,,
1790482650.537941,1790482653.32678,42694.142832,42696.93167,2788.838,SSE,/api/inference/stream,True,,12,17,,
1790482650.561413,1790482653.350263,42694.166303,42696.955154,2788.85,SSE,/api/inference/stream,True,,12,18,,
1790482650.593319,1790482653.382004,42694.19821,42696.986895,2788.685,SSE,/api/inference/stream,True,,12,19,,
1790482650.623321,1790482653.411943,42694.228212,42697.016834,2788.622,SSE,/api/inference/stream,True,,12,20,,
1790482650.643947,1790482653.431842,42694.248838,42697.036733,2787.896,SSE,/api/inference/stream,True,,12,21,,
1790482650.678934,1790482653.469042,42694.283825,42697.073932,2790.107,SSE,/api/inference/stream,True,,12,22,,
1790482650.701508,1790482653.491188,42694.306399,42697.096079,2789.68,SSE,/api/inference/stream,True,,12,23,,
1790482650.733613,1790482653.525377,42694.338503,42697.130267,2791.764,SSE,/api/inference/stream,True,,12,24,,
1790482650.761318,1790482653.553617,42694.366209,42697.158507,2792.298,SSE,/api/inference/stream,True,,12,25,,
1790482650.789288,1790482653.580191,42694.394178,42697.185082,2790.904,SSE,/api/inference/stream,True,,12,26,,
1790482650.818633,1790482653.610552,42694.423523,42697.215442,2791.919,SSE,/api/inference/stream,True,,12,27,,
1790482650.878058,1790482653.670631,42694.482949,42697.275522,2792.572,SSE,/api/inference/stream,True,,12,28,,
1790482650.886667,1790482653.678452,42694.491558,42697.283343,2791.785,SSE,/api/inference/stream,True,,12,29,,
1790482650.892718,1790482653.684986,42694.497609,42697.289877,2792.268,SSE,/api/inference/stream,True,,12,30,,
1790482650.929521,1790482653.718971,42694.534411,42697.323862,2789.451,SSE,/api/inference/stream,True,,12,31,,
1790482650.957048,1790482653.748706,42694.561938,42697.353596,2791.658,SSE,/api/inference/stream,True,,12,32,,
1790482650.984521,1790482653.777278,42694.589412,42697.382168,2792.757,SSE,/api/inference/stream,True,,12,33,,
1790482651.007877,1790482653.797361,42694.612767,42697.402252,2789.484,SSE,/api/inference/stream,True,,12,34,,
1790482651.044443,1790482653.834941,42694.649333,42697.439831,2790.498,SSE,/api/inference/stream,True,,12,35,,
1790482651.066355,1790482653.856161,42694.671245,42697.461052,2789.807,SSE,/api/inference/stream,True,,12,36,,
1790482651.090845,1790482653.881593,42694.695736,42697.486484,2790.748,SSE,/api/inference/stream,True,,12,37,,
1790482651.118385,1790482653.908362,42694.723276,42697.513253,2789.977,SSE,/api/inference/stream,True,,12,38,,
1790482651.148713,1790482653.939089,42694.753604,42697.543979,2790.376,SSE,/api/inference/stream,True,,12,39,,
1790482651.17406,1790482653.964666,42694.77895,42697.569556,2790.606,SSE,/api/inference/stream,True,,12,40,,
1790482651.206004,1790482653.997951,42694.810895,42697.602841,2791.947,SSE,/api/inference/stream,True,,12,41,,
1790482651.232423,1790482654.0228,42694.837313,42697.62769,2790.377,SSE,/api/inference/stream,True,,12,42,,
1790482651.265766,1790482654.056942,42694.870656,42697.661833,2791.177,SSE,/api/inference/stream,True,,12,43,,
1790482651.289218,1790482654.079634,42694.894108,42697.684525,2790.417,SSE,/api/inference/stream,True,,12,44,,
1790482651.318987,1790482654.110461,42694.923877,42697.715351,2791.474,SSE,/api/inference/stream,True,,12,45,,
1790482651.346045,1790482654.135206,42694.950935,42697.740097,2789.162,SSE,/api/inference/stream,True,,12,46,,
1790482651.37378,1790482654.166086,42694.978671,42697.770976,2792.306,SSE,/api/inference/stream,True,,12,47,,
1790482651.397222,1790482654.186692,42695.002112,42697.791583,2789.47,SSE,/api/inference/stream,True,,12,48,,
1790482651.432422,1790482654.22285,42695.037312,42697.827741,2790.429,SSE,/api/inference/stream,True,,12,49,,
1790482651.452228,1790482654.242284,42695.057119,42697.847175,2790.056,SSE,/api/inference/stream,True,,12,50,,
1790482651.489822,1790482654.280458,42695.094713,42697.885349,2790.636,SSE,/api/inference/stream,True,,12,51,,
1790482651.509222,1790482654.297152,42695.114114,42697.902043,2787.93,SSE,/api/inference/stream,True,,12,52,,
1790482651.544017,1790482654.333044,42695.148907,42697.937935,2789.028,SSE,/api/inference/stream,True,,12,53,,
1790482651.568166,1790482654.359092,42695.173056,42697.963983,2790.927,SSE,/api/inference/stream,True,,12,54,,
1790482651.614872,1790482654.405794,42695.219763,42698.010685,2790.922,SSE,/api/inference/stream,True,,12,56,,
1790482651.611645,1790482654.407176,42695.216536,42698.012068,2795.531,SSE,/api/inference/stream,True,,12,55,,
1790482651.653767,1790482654.443513,42695.258657,42698.048403,2789.746,SSE,/api/inference/stream,True,,12,57,,
1790482651.672269,1790482654.463374,42695.27716,42698.068265,2791.105,SSE,/api/inference/stream,True,,12,58,,
1790482651.70727,1790482654.49662,42695.312161,42698.101511,2789.35,SSE,/api/inference/stream,True,,12,59,,
1790482651.783251,1790482654.579407,42695.388141,42698.184298,2796.156,SSE,/api/inference/stream,True,,12,60,,
1790482651.786561,1790482654.582535,42695.391452,42698.187426,2795.974,SSE,/api/inference/stream,True,,12,61,,
1790482651.791557,1790482654.588308,42695.396448,42698.193199,2796.751,SSE,/api/inference/stream,True,,12,62,,
1790482651.814792,1790482654.605002,42695.419683,42698.209893,2790.209,SSE,/api/inference/stream,True,,12,63,,
1790482651.845121,1790482654.637987,42695.450011,42698.242878,2792.867,SSE,/api/inference/stream,True,,12,64,,
1790482651.873135,1790482654.663779,42695.478026,42698.26867,2790.644,SSE,/api/inference/stream,True,,12,65,,
1790482651.900167,1790482654.690562,42695.505058,42698.295452,2790.395,SSE,/api/inference/stream,True,,12,66,,
1790482651.925486,1790482654.716224,42695.530377,42698.321115,2790.738,SSE,/api/inference/stream,True,,12,67,,
1790482651.952271,1790482654.743205,42695.557161,42698.348095,2790.934,SSE,/api/inference/stream,True,,12,68,,
1790482651.984001,1790482654.77392,42695.588891,42698.378811,2789.919,SSE,/api/inference/stream,True,,12,69,,
1790482652.016921,1790482654.807537,42695.621812,42698.412428,2790.616,SSE,/api/inference/stream,True,,12,70,,
1790482652.038245,1790482654.827711,42695.643136,42698.432602,2789.466,SSE,/api/inference/stream,True,,12,71,,
1790482652.068286,1790482654.860477,42695.673177,42698.465368,2792.191,SSE,/api/inference/stream,True,,12,72,,
1790482652.096102,1790482654.883487,42695.700993,42698.488378,2787.385,SSE,/api/inference/stream,True,,12,73,,
1790482652.127203,1790482654.917686,42695.732093,42698.522577,2790.483,SSE,/api/inference/stream,True,,12,74,,
1790482652.152187,1790482654.941265,42695.757077,42698.546156,2789.079,SSE,/api/inference/stream,True,,12,75,,
1790482652.198067,1790482654.989608,42695.802958,42698.594498,2791.54,SSE,/api/inference/stream,True,,12,76,,
1790482652.202793,1790482654.991789,42695.807684,42698.596679,2788.996,SSE,/api/inference/stream,True,,12,77,,
1790482652.238858,1790482655.030443,42695.843749,42698.635333,2791.584,SSE,/api/inference/stream,True,,12,78,,
1790482652.258386,1790482655.046903,42695.863276,42698.651793,2788.517,SSE,/api/inference/stream,True,,12,79,,
1790482652.293093,1790482655.082805,42695.897983,42698.687696,2789.712,SSE,/api/inference/stream,True,,12,80,,
1790482652.31727,1790482655.107821,42695.922161,42698.712711,2790.551,SSE,/api/inference/stream,True,,12,81,,
1790482652.348134,1790482655.138901,42695.953025,42698.743791,2790.767,SSE,/api/inference/stream,True,,12,82,,
1790482652.37933,1790482655.17151,42695.98422,42698.776401,2792.18,SSE,/api/inference/stream,True,,12,83,,
1790482652.402922,1790482655.192482,42696.007813,42698.797373,2789.56,SSE,/api/inference/stream,True,,12,84,,
1790482652.426192,1790482655.21451,42696.031083,42698.8194,2788.318,SSE,/api/inference/stream,True,,12,85,,
1790482652.462518,1790482655.252885,42696.067409,42698.857776,2790.367,SSE,/api/inference/stream,True,,12,86,,
1790482652.481659,1790482655.270149,42696.08655,42698.87504,2788.49,SSE,/api/inference/stream,True,,12,87,,
1790482652.514877,1790482655.305044,42696.119768,42698.909935,2790.167,SSE,/api/inference/stream,True,,12,88,,
1790482652.543027,1790482655.333501,42696.147918,42698.938392,2790.474,SSE,/api/inference/stream,True,,12,89,,
1790482652.570524,1790482655.359807,42696.175415,42698.964697,2789.282,SSE,/api/inference/stream,True,,12,90,,
1790482652.592417,1790482655.381849,42696.197308,42698.986739,2789.432,SSE,/api/inference/stream,True,,12,91,,
1790482652.622089,1790482655.410702,42696.22698,42699.015593,2788.613,SSE,/api/inference/stream,True,,12,92,,
1790482652.646997,1790482655.435995,42696.251888,42699.040886,2788.998,SSE,/api/inference/stream,True,,12,93,,
1790482652.676913,1790482655.466222,42696.281804,42699.071113,2789.309,SSE,/api/inference/stream,True,,12,94,,
1790482652.709014,1790482655.498751,42696.313905,42699.103641,2789.737,SSE,/api/inference/stream,True,,12,95,,
1790482652.732369,1790482655.521787,42696.33726,42699.126677,2789.417,SSE,/api/inference/stream,True,,12,96,,
1790482652.760659,1790482655.550961,42696.365549,42699.155851,2790.302,SSE,/api/inference/stream,True,,12,97,,
1790482652.787791,1790482655.578385,42696.392682,42699.183275,2790.593,SSE,/api/inference/stream,True,,12,98,,
1790482652.816515,1790482655.605712,42696.421406,42699.210602,2789.196,SSE,/api/inference/stream,True,,12,99,,
1790482652.861545,1790482655.653056,42696.466436,42699.257947,2791.511,SSE,/api/inference/stream,True,,12,0,,
1790482652.885141,1790482655.674734,42696.490031,42699.279624,2789.593,SSE,/api/inference/stream,True,,12,1,,
1790482652.914695,1790482655.708646,42696.519586,42699.313537,2793.951,SSE,/api/inference/stream,True,,12,2,,
1790482652.940739,1790482655.732851,42696.545629,42699.337742,2792.113,SSE,/api/inference/stream,True,,12,3,,
1790482652.960372,1790482655.751363,42696.565263,42699.356253,2790.99,SSE,/api/inference/stream,True,,12,4,,
1790482652.994658,1790482655.786304,42696.599548,42699.391195,2791.646,SSE,/api/inference/stream,True,,12,5,,
1790482653.026152,1790482655.816102,42696.631043,42699.420993,2789.95,SSE,/api/inference/stream,True,,12,6,,
1790482653.047005,1790482655.838117,42696.651896,42699.443008,2791.112,SSE,/api/inference/stream,True,,12,7,,
1790482653.080774,1790482655.872821,42696.685664,42699.477712,2792.048,SSE,/api/inference/stream,True,,12,8,,
1790482653.103813,1790482655.892701,42696.708703,42699.497591,2788.888,SSE,/api/inference/stream,True,,12,9,,
1790482653.133871,1790482655.92342,42696.738762,42699.528311,2789.549,SSE,/api/inference/stream,True,,12,10,,
1790482653.161055,1790482655.949698,42696.765946,42699.554589,2788.643,SSE,/api/inference/stream,True,,12,11,,
1790482653.18707,1790482655.979482,42696.791961,42699.584373,2792.412,SSE,/api/inference/stream,True,,12,12,,
1790482653.214097,1790482656.005254,42696.818988,42699.610145,2791.157,SSE,/api/inference/stream,True,,12,13,,
1790482653.244063,1790482656.038554,42696.848954,42699.643445,2794.491,SSE,/api/inference/stream,True,,12,14,,
1790482653.271586,1790482656.061891,42696.876476,42699.666782,2790.305,SSE,/api/inference/stream,True,,12,15,,
1790482653.297547,1790482656.088002,42696.902438,42699.692893,2790.455,SSE,/api/inference/stream,True,,12,16,,
1790482653.327039,1790482656.118488,42696.931929,42699.723379,2791.449,SSE,/api/inference/stream,True,,12,17,,
1790482653.350507,1790482656.140498,42696.955398,42699.745388,2789.991,SSE,/api/inference/stream,True,,12,18,,
1790482653.382294,1790482656.170707,42696.987185,42699.775597,2788.412,SSE,/api/inference/stream,True,,12,19,,
1790482653.41224,1790482656.202633,42697.017131,42699.807524,2790.393,SSE,/api/inference/stream,True,,12,20,,
1790482653.432103,1790482656.2212,42697.036993,42699.826091,2789.097,SSE,/api/inference/stream,True,,12,21,,
1790482653.469395,1790482656.260132,42697.074286,42699.865022,2790.737,SSE,/api/inference/stream,True,,12,22,,
1790482653.491546,1790482656.281073,42697.096437,42699.885964,2789.528,SSE,/api/inference/stream,True,,12,23,,
1790482653.525678,1790482656.316023,42697.130569,42699.920913,2790.344,SSE,/api/inference/stream,True,,12,24,,
1790482653.553919,1790482656.346046,42697.15881,42699.950937,2792.127,SSE,/api/inference/stream,True,,12,25,,
1790482653.580497,1790482656.370836,42697.185387,42699.975727,2790.34,SSE,/api/inference/stream,True,,12,26,,
1790482653.610926,1790482656.402323,42697.215817,42700.007213,2791.397,SSE,/api/inference/stream,True,,12,27,,
1790482653.670965,1790482656.460547,42697.275857,42700.065438,2789.581,SSE,/api/inference/stream,True,,12,28,,
1790482653.678671,1790482656.46952,42697.283563,42700.074411,2790.848,SSE,/api/inference/stream,True,,12,29,,
1790482653.685214,1790482656.482426,42697.290104,42700.087317,2797.212,SSE,/api/inference/stream,True,,12,30,,
1790482653.719386,1790482656.508957,42697.324277,42700.113848,2789.571,SSE,/api/inference/stream,True,,12,31,,
1790482653.749098,1790482656.540608,42697.353988,42700.145498,2791.51,SSE,/api/inference/stream,True,,12,32,,
1790482653.777581,1790482656.568438,42697.382471,42700.173328,2790.857,SSE,/api/inference/stream,True,,12,33,,
1790482653.797621,1790482656.586099,42697.402511,42700.190989,2788.478,SSE,/api/inference/stream,True,,12,34,,
1790482653.835291,1790482656.626383,42697.440181,42700.231273,2791.092,SSE,/api/inference/stream,True,,12,35,,
1790482653.856564,1790482656.646171,42697.461455,42700.251062,2789.607,SSE,/api/inference/stream,True,,12,36,,
1790482653.881898,1790482656.671526,42697.486788,42700.276417,2789.629,SSE,/api/inference/stream,True,,12,37,,
1790482653.908711,1790482656.699362,42697.513602,42700.304252,2790.65,SSE,/api/inference/stream,True,,12,38,,
1790482653.939505,1790482656.730165,42697.544396,42700.335055,2790.66,SSE,/api/inference/stream,True,,12,39,,
1790482653.964967,1790482656.754886,42697.569858,42700.359777,2789.918,SSE,/api/inference/stream,True,,12,40,,
1790482653.998265,1790482656.790036,42697.603156,42700.394927,2791.772,SSE,/api/inference/stream,True,,12,41,,
1790482654.023211,1790482656.811921,42697.628102,42700.416812,2788.71,SSE,/api/inference/stream,True,,12,42,,
1790482654.057263,1790482656.848062,42697.662153,42700.452953,2790.799,SSE,/api/inference/stream,True,,12,43,,
1790482654.079993,1790482656.868453,42697.684883,42700.473343,2788.46,SSE,/api/inference/stream,True,,12,44,,
1790482654.110829,1790482656.900828,42697.71572,42700.505718,2789.998,SSE,/api/inference/stream,True,,12,45,,
1790482654.135508,1790482656.925392,42697.740399,42700.530283,2789.884,SSE,/api/inference/stream,True,,12,46,,
1790482654.166387,1790482656.957213,42697.771277,42700.562104,2790.827,SSE,/api/inference/stream,True,,12,47,,
1790482654.187007,1790482656.976535,42697.791898,42700.581425,2789.528,SSE,/api/inference/stream,True,,12,48,,
1790482654.223245,1790482657.013715,42697.828135,42700.618605,2790.47,SSE,/api/inference/stream,True,,12,49,,
1790482654.242561,1790482657.031686,42697.847452,42700.636577,2789.125,SSE,/api/inference/stream,True,,12,50,,
1790482654.280664,1790482657.069139,42697.885554,42700.67403,2788.476,SSE,/api/inference/stream,True,,12,51,,
1790482654.297341,1790482657.086117,42697.902231,42700.691007,2788.776,SSE,/api/inference/stream,True,,12,52,,
1790482654.333411,1790482657.122334,42697.938301,42700.727225,2788.923,SSE,/api/inference/stream,True,,12,53,,
1790482654.359476,1790482657.151452,42697.964367,42700.756343,2791.976,SSE,/api/inference/stream,True,,12,54,,
1790482654.406053,1790482657.198126,42698.010944,42700.803016,2792.072,SSE,/api/inference/stream,True,,12,56,,
1790482654.407488,1790482657.199917,42698.012378,42700.804807,2792.429,SSE,/api/inference/stream,True,,12,55,,
1790482654.443804,1790482657.236993,42698.048694,42700.841884,2793.189,SSE,/api/inference/stream,True,,12,57,,
1790482654.463706,1790482657.252893,42698.068597,42700.857784,2789.187,SSE,/api/inference/stream,True,,12,58,,
1790482654.496925,1790482657.28578,42698.101816,42700.890671,2788.855,SSE,/api/inference/stream,True,,12,59,,
1790482654.579767,1790482657.378284,42698.184657,42700.983175,2798.518,SSE,/api/inference/stream,True,,12,60,,
1790482654.582766,1790482657.382582,42698.187657,42700.987473,2799.816,SSE,/api/inference/stream,True,,12,61,,
1790482654.588558,1790482657.384008,42698.19345,42700.988899,2795.45,SSE,/api/inference/stream,True,,12,62,,
1790482654.605306,1790482657.394696,42698.210197,42700.999586,2789.389,SSE,/api/inference/stream,True,,12,63,,
1790482654.638349,1790482657.430413,42698.24324,42701.035305,2792.065,SSE,/api/inference/stream,True,,12,64,,
1790482654.664162,1790482657.453622,42698.269053,42701.058513,2789.46,SSE,/api/inference/stream,True,,12,65,,
1790482654.690893,1790482657.48156,42698.295784,42701.086451,2790.667,SSE,/api/inference/stream,True,,12,66,,
1790482654.716571,1790482657.50791,42698.321461,42701.112801,2791.339,SSE,/api/inference/stream,True,,12,67,,
1790482654.743527,1790482657.533575,42698.348418,42701.138465,2790.048,SSE,/api/inference/stream,True,,12,68,,
1790482654.774157,1790482657.562068,42698.379048,42701.166958,2787.91,SSE,/api/inference/stream,True,,12,69,,
1790482654.807779,1790482657.598734,42698.41267,42701.203624,2790.955,SSE,/api/inference/stream,True,,12,70,,
1790482654.827949,1790482657.617954,42698.43284,42701.222845,2790.006,SSE,/api/inference/stream,True,,12,71,,
1790482654.860767,1790482657.654207,42698.465658,42701.259098,2793.44,SSE,/api/inference/stream,True,,12,72,,
1790482654.883831,1790482657.671741,42698.488721,42701.276632,2787.911,SSE,/api/inference/stream,True,,12,73,,
1790482654.918054,1790482657.708547,42698.522945,42701.313438,2790.493,SSE,/api/inference/stream,True,,12,74,,
1790482654.941557,1790482657.730258,42698.546448,42701.335149,2788.701,SSE,/api/inference/stream,True,,12,75,,
1790482654.992045,1790482657.78289,42698.596935,42701.387781,2790.846,SSE,/api/inference/stream,True,,12,77,,
1790482654.989894,1790482657.785398,42698.594785,42701.390289,2795.504,SSE,/api/inference/stream,True,,12,76,,
1790482655.030732,1790482657.822281,42698.635623,42701.427172,2791.549,SSE,/api/inference/stream,True,,12,78,,
1790482655.047378,1790482657.836297,42698.652268,42701.441187,2788.919,SSE,/api/inference/stream,True,,12,79,,
1790482655.083111,1790482657.872534,42698.688001,42701.477425,2789.424,SSE,/api/inference/stream,True,,12,80,,
1790482655.108169,1790482657.898391,42698.713059,42701.503282,2790.223,SSE,/api/inference/stream,True,,12,81,,
1790482655.139252,1790482657.930434,42698.744142,42701.535325,2791.182,SSE,/api/inference/stream,True,,12,82,,
1790482655.171792,1790482657.96412,42698.776683,42701.569011,2792.328,SSE,/api/inference/stream,True,,12,83,,
1790482655.192761,1790482657.981783,42698.797651,42701.586674,2789.023,SSE,/api/inference/stream,True,,12,84,,
1790482655.21488,1790482658.004863,42698.819771,42701.609754,2789.983,SSE,/api/inference/stream,True,,12,85,,
1790482655.25317,1790482658.042263,42698.85806,42701.647154,2789.094,SSE,/api/inference/stream,True,,12,86,,
1790482655.270426,1790482658.060228,42698.875317,42701.665119,2789.802,SSE,/api/inference/stream,True,,12,87,,
1790482655.305329,1790482658.095817,42698.91022,42701.700707,2790.488,SSE,/api/inference/stream,True,,12,88,,
1790482655.333739,1790482658.124678,42698.93863,42701.729569,2790.939,SSE,/api/inference/stream,True,,12,89,,
1790482655.360087,1790482658.151375,42698.964978,42701.756266,2791.288,SSE,/api/inference/stream,True,,12,90,,
1790482655.382179,1790482658.171854,42698.987069,42701.776745,2789.675,SSE,/api/inference/stream,True,,12,91,,
1790482655.410989,1790482658.201078,42699.015879,42701.805969,2790.09,SSE,/api/inference/stream,True,,12,92,,
1790482655.436348,1790482658.225182,42699.041239,42701.830073,2788.834,SSE,/api/inference/stream,True,,12,93,,
1790482655.466562,1790482658.257783,42699.071453,42701.862674,2791.221,SSE,/api/inference/stream,True,,12,94,,
1790482655.499066,1790482658.289653,42699.103957,42701.894543,2790.587,SSE,/api/inference/stream,True,,12,95,,
1790482655.522152,1790482658.312249,42699.127043,42701.91714,2790.097,SSE,/api/inference/stream,True,,12,96,,
1790482655.551326,1790482658.340222,42699.156216,42701.945113,2788.896,SSE,/api/inference/stream,True,,12,97,,
1790482655.578732,1790482658.368283,42699.183623,42701.973173,2789.551,SSE,/api/inference/stream,True,,12,98,,
1790482655.606063,1790482658.397482,42699.210954,42702.002373,2791.42,SSE,/api/inference/stream,True,,12,99,,
1790482655.653333,1790482658.442846,42699.258224,42702.047737,2789.513,SSE,/api/inference/stream,True,,12,0,,
1790482655.675032,1790482658.465395,42699.279923,42702.070286,2790.363,SSE,/api/inference/stream,True,,12,1,,
1790482655.708935,1790482658.498896,42699.313825,42702.103787,2789.961,SSE,/api/inference/stream,True,,12,2,,
1790482655.733158,1790482658.524794,42699.338048,42702.129684,2791.636,SSE,/api/inference/stream,True,,12,3,,
1790482655.751685,1790482658.541675,42699.356576,42702.146566,2789.99,SSE,/api/inference/stream,True,,12,4,,
1790482655.786673,1790482658.575795,42699.391564,42702.180686,2789.122,SSE,/api/inference/stream,True,,12,5,,
1790482655.816399,1790482658.606379,42699.421289,42702.211269,2789.98,SSE,/api/inference/stream,True,,12,6,,
1790482655.83839,1790482658.629894,42699.443281,42702.234785,2791.504,SSE,/api/inference/stream,True,,12,7,,
1790482655.873125,1790482658.663933,42699.478016,42702.268824,2790.809,SSE,/api/inference/stream,True,,12,8,,
1790482655.893036,1790482658.682057,42699.497927,42702.286948,2789.021,SSE,/api/inference/stream,True,,12,9,,
1790482655.923769,1790482658.71321,42699.528659,42702.3181,2789.441,SSE,/api/inference/stream,True,,12,10,,
1790482655.950003,1790482658.737952,42699.554894,42702.342843,2787.949,SSE,/api/inference/stream,True,,12,11,,
1790482655.979789,1790482658.772082,42699.58468,42702.376973,2792.293,SSE,/api/inference/stream,True,,12,12,,
1790482656.005633,1790482658.794498,42699.610524,42702.399389,2788.866,SSE,/api/inference/stream,True,,12,13,,
1790482656.03895,1790482658.829299,42699.643841,42702.434189,2790.349,SSE,/api/inference/stream,True,,12,14,,
1790482656.062241,1790482658.852228,42699.667132,42702.457119,2789.987,SSE,/api/inference/stream,True,,12,15,,
1790482656.08833,1790482658.880869,42699.693221,42702.48576,2792.539,SSE,/api/inference/stream,True,,12,16,,
1790482656.118826,1790482658.909069,42699.723717,42702.51396,2790.243,SSE,/api/inference/stream,True,,12,17,,
1790482656.140804,1790482658.932479,42699.745695,42702.53737,2791.675,SSE,/api/inference/stream,True,,12,18,,
1790482656.170976,1790482658.961642,42699.775867,42702.566533,2790.666,SSE,/api/inference/stream,True,,12,19,,
1790482656.202933,1790482658.993477,42699.807823,42702.598367,2790.544,SSE,/api/inference/stream,True,,12,20,,
1790482656.221476,1790482659.010377,42699.826367,42702.615268,2788.901,SSE,/api/inference/stream,True,,12,21,,
1790482656.260422,1790482659.053014,42699.865312,42702.657904,2792.592,SSE,/api/inference/stream,True,,12,22,,
1790482656.281396,1790482659.06997,42699.886287,42702.674861,2788.574,SSE,/api/inference/stream,True,,12,23,,
1790482656.316327,1790482659.106489,42699.921217,42702.71138,2790.163,SSE,/api/inference/stream,True,,12,24,,
1790482656.346395,1790482659.138155,42699.951285,42702.743046,2791.761,SSE,/api/inference/stream,True,,12,25,,
1790482656.371197,1790482659.161149,42699.976088,42702.766039,2789.951,SSE,/api/inference/stream,True,,12,26,,
1790482656.402634,1790482659.195494,42700.007524,42702.800384,2792.86,SSE,/api/inference/stream,True,,12,27,,
1790482656.460786,1790482659.252194,42700.065676,42702.857085,2791.409,SSE,/api/inference/stream,True,,12,28,,
1790482656.46973,1790482659.25954,42700.074621,42702.864431,2789.81,SSE,/api/inference/stream,True,,12,29,,
1790482656.482703,1790482659.271487,42700.087594,42702.876378,2788.784,SSE,/api/inference/stream,True,,12,30,,
1790482656.509303,1790482659.299993,42700.114194,42702.904883,2790.689,SSE,/api/inference/stream,True,,12,31,,
1790482656.540981,1790482659.332469,42700.145872,42702.93736,2791.488,SSE,/api/inference/stream,True,,12,32,,
1790482656.568744,1790482659.360753,42700.173635,42702.965644,2792.009,SSE,/api/inference/stream,True,,12,33,,
1790482656.586383,1790482659.376955,42700.191274,42702.981846,2790.572,SSE,/api/inference/stream,True,,12,34,,
1790482656.626693,1790482659.416543,42700.231584,42703.021433,2789.849,SSE,/api/inference/stream,True,,12,35,,
1790482656.646487,1790482659.435728,42700.251378,42703.040619,2789.241,SSE,/api/inference/stream,True,,12,36,,
1790482656.671837,1790482659.461735,42700.276727,42703.066625,2789.898,SSE,/api/inference/stream,True,,12,37,,
1790482656.699661,1790482659.489608,42700.304552,42703.094499,2789.947,SSE,/api/inference/stream,True,,12,38,,
1790482656.730437,1790482659.520241,42700.335328,42703.125131,2789.804,SSE,/api/inference/stream,True,,12,39,,
1790482656.75526,1790482659.545177,42700.360152,42703.150068,2789.916,SSE,/api/inference/stream,True,,12,40,,
1790482656.790316,1790482659.579396,42700.395207,42703.184287,2789.08,SSE,/api/inference/stream,True,,12,41,,
1790482656.812278,1790482659.602548,42700.417169,42703.207439,2790.27,SSE,/api/inference/stream,True,,12,42,,
1790482656.848373,1790482659.638092,42700.453264,42703.242983,2789.72,SSE,/api/inference/stream,True,,12,43,,
1790482656.868807,1790482659.659522,42700.473698,42703.264413,2790.715,SSE,/api/inference/stream,True,,12,44,,
1790482656.901126,1790482659.69073,42700.506017,42703.29562,2789.604,SSE,/api/inference/stream,True,,12,45,,
1790482656.925675,1790482659.715292,42700.530566,42703.320183,2789.617,SSE,/api/inference/stream,True,,12,46,,
1790482656.957514,1790482659.746953,42700.562404,42703.351843,2789.439,SSE,/api/inference/stream,True,,12,47,,
1790482656.976816,1790482659.766919,42700.581707,42703.37181,2790.103,SSE,/api/inference/stream,True,,12,48,,
1790482657.014108,1790482659.803995,42700.618999,42703.408886,2789.887,SSE,/api/inference/stream,True,,12,49,,
1790482657.031958,1790482659.821741,42700.636849,42703.426632,2789.783,SSE,/api/inference/stream,True,,12,50,,
1790482657.069515,1790482659.861093,42700.674406,42703.465984,2791.578,SSE,/api/inference/stream,True,,12,51,,
1790482657.086421,1790482659.875993,42700.691312,42703.480884,2789.572,SSE,/api/inference/stream,True,,12,52,,
1790482657.122629,1790482659.912147,42700.72752,42703.517038,2789.518,SSE,/api/inference/stream,True,,12,53,,
1790482657.151762,1790482659.945149,42700.756652,42703.55004,2793.388,SSE,/api/inference/stream,True,,12,54,,
1790482657.198536,1790482659.992373,42700.803427,42703.597264,2793.837,SSE,/api/inference/stream,True,,12,56,,
1790482657.200217,1790482659.994,42700.805108,42703.598891,2793.783,SSE,/api/inference/stream,True,,12,55,,
1790482657.237281,1790482660.027367,42700.842172,42703.632258,2790.086,SSE,/api/inference/stream,True,,12,57,,
1790482657.253193,1790482660.043417,42700.858084,42703.648308,2790.223,SSE,/api/inference/stream,True,,12,58,,
1790482657.286039,1790482660.076773,42700.89093,42703.681663,2790.733,SSE,/api/inference/stream,True,,12,59,,
1790482657.378578,1790482660.170874,42700.983469,42703.775765,2792.296,SSE,/api/inference/stream,True,,12,60,,
1790482657.382818,1790482660.173605,42700.987709,42703.778496,2790.787,SSE,/api/inference/stream,True,,12,61,,
1790482657.38431,1790482660.175088,42700.989202,42703.779979,2790.778,SSE,/api/inference/stream,True,,12,62,,
1790482657.39492,1790482660.189479,42700.999811,42703.79437,2794.559,SSE,/api/inference/stream,True,,12,63,,
1790482657.430587,1790482660.221076,42701.035477,42703.825966,2790.489,SSE,/api/inference/stream,True,,12,64,,
1790482657.453886,1790482660.244414,42701.058777,42703.849305,2790.528,SSE,/api/inference/stream,True,,12,65,,
1790482657.481859,1790482660.272862,42701.08675,42703.877753,2791.003,SSE,/api/inference/stream,True,,12,66,,
1790482657.508295,1790482660.299222,42701.113185,42703.904112,2790.927,SSE,/api/inference/stream,True,,12,67,,
1790482657.533968,1790482660.322777,42701.138859,42703.927667,2788.808,SSE,/api/inference/stream,True,,12,68,,
1790482657.562341,1790482660.351678,42701.167232,42703.956569,2789.337,SSE,/api/inference/stream,True,,12,69,,
1790482657.599011,1790482660.389564,42701.203902,42703.994455,2790.553,SSE,/api/inference/stream,True,,12,70,,
1790482657.618239,1790482660.411633,42701.223129,42704.016523,2793.394,SSE,/api/inference/stream,True,,12,71,,
1790482657.654514,1790482660.445059,42701.259405,42704.04995,2790.545,SSE,/api/inference/stream,True,,12,72,,
1790482657.672072,1790482660.461444,42701.276963,42704.066335,2789.373,SSE,/api/inference/stream,True,,12,73,,
1790482657.708876,1790482660.499027,42701.313766,42704.103918,2790.152,SSE,/api/inference/stream,True,,12,74,,
1790482657.730637,1790482660.520587,42701.335528,42704.125478,2789.95,SSE,/api/inference/stream,True,,12,75,,
1790482657.783234,1790482660.574798,42701.388125,42704.179689,2791.564,SSE,/api/inference/stream,True,,12,77,,
1790482657.785596,1790482660.57587,42701.390488,42704.180761,2790.274,SSE,/api/inference/stream,True,,12,76,,
1790482657.822623,1790482660.615638,42701.427513,42704.220529,2793.015,SSE,/api/inference/stream,True,,12,78,,
1790482657.836577,1790482660.62733,42701.441468,42704.23222,2790.752,SSE,/api/inference/stream,True,,12,79,,
1790482657.87282,1790482660.662849,42701.477711,42704.26774,2790.029,SSE,/api/inference/stream,True,,12,80,,
1790482657.898741,1790482660.689535,42701.503631,42704.294426,2790.794,SSE,/api/inference/stream,True,,12,81,,
1790482657.930741,1790482660.721132,42701.535631,42704.326023,2790.391,SSE,/api/inference/stream,True,,12,82,,
1790482657.964396,1790482660.755479,42701.569286,42704.360369,2791.083,SSE,/api/inference/stream,True,,12,83,,
1790482657.982095,1790482660.772469,42701.586986,42704.37736,2790.374,SSE,/api/inference/stream,True,,12,84,,
1790482658.005195,1790482660.793323,42701.610086,42704.398213,2788.127,SSE,/api/inference/stream,True,,12,85,,
1790482658.042561,1790482660.833501,42701.647451,42704.438391,2790.94,SSE,/api/inference/stream,True,,12,86,,
1790482658.060425,1790482660.849422,42701.665316,42704.454313,2788.997,SSE,/api/inference/stream,True,,12,87,,
1790482658.096118,1790482660.886951,42701.701008,42704.491841,2790.833,SSE,/api/inference/stream,True,,12,88,,
1790482658.124953,1790482660.917898,42701.729844,42704.522788,2792.944,SSE,/api/inference/stream,True,,12,89,,
1790482658.151664,1790482660.941455,42701.756554,42704.546346,2789.792,SSE,/api/inference/stream,True,,12,90,,
1790482658.172154,1790482660.961605,42701.777044,42704.566495,2789.451,SSE,/api/inference/stream,True,,12,91,,
1790482658.201423,1790482660.99143,42701.806314,42704.59632,2790.006,SSE,/api/inference/stream,True,,12,92,,
1790482658.2256,1790482661.015181,42701.83049,42704.620072,2789.581,SSE,/api/inference/stream,True,,12,93,,
1790482658.258082,1790482661.048924,42701.862973,42704.653814,2790.842,SSE,/api/inference/stream,True,,12,94,,
1790482658.289966,1790482661.080941,42701.894856,42704.685831,2790.975,SSE,/api/inference/stream,True,,12,95,,
1790482658.312693,1790482661.102727,42701.917584,42704.707617,2790.034,SSE,/api/inference/stream,True,,12,96,,
1790482658.340575,1790482661.131323,42701.945465,42704.736213,2790.748,SSE,/api/inference/stream,True,,12,97,,
1790482658.368635,1790482661.158941,42701.973525,42704.763832,2790.306,SSE,/api/inference/stream,True,,12,98,,
1790482658.397834,1790482661.189229,42702.002724,42704.79412,2791.396,SSE,/api/inference/stream,True,,12,99,,
1790482658.443223,1790482661.235398,42702.048114,42704.840289,2792.174,SSE,/api/inference/stream,True,,12,0,,
1790482658.465716,1790482661.254387,42702.070607,42704.859278,2788.671,SSE,/api/inference/stream,True,,12,1,,
1790482658.499175,1790482661.291032,42702.104066,42704.895923,2791.858,SSE,/api/inference/stream,True,,12,2,,
1790482658.525209,1790482661.316626,42702.130099,42704.921516,2791.417,SSE,/api/inference/stream,True,,12,3,,
1790482658.542048,1790482661.33226,42702.146939,42704.937151,2790.212,SSE,/api/inference/stream,True,,12,4,,
1790482658.576079,1790482661.366224,42702.180969,42704.971115,2790.146,SSE,/api/inference/stream,True,,12,5,,
1790482658.606667,1790482661.397563,42702.211557,42705.002454,2790.896,SSE,/api/inference/stream,True,,12,6,,
1790482658.630233,1790482661.418978,42702.235124,42705.023869,2788.745,SSE,/api/inference/stream,True,,12,7,,
1790482658.664195,1790482661.455308,42702.269086,42705.060198,2791.112,SSE,/api/inference/stream,True,,12,8,,
1790482658.682412,1790482661.470982,42702.287303,42705.075873,2788.57,SSE,/api/inference/stream,True,,12,9,,
1790482658.713671,1790482661.503294,42702.318561,42705.108184,2789.623,SSE,/api/inference/stream,True,,12,10,,
1790482658.738296,1790482661.528002,42702.343187,42705.132893,2789.705,SSE,/api/inference/stream,True,,12,11,,
1790482658.772354,1790482661.561661,42702.377245,42705.166552,2789.307,SSE,/api/inference/stream,True,,12,12,,
1790482658.794815,1790482661.582524,42702.399706,42705.187415,2787.709,SSE,/api/inference/stream,True,,12,13,,
1790482658.829621,1790482661.619071,42702.434512,42705.223961,2789.449,SSE,/api/inference/stream,True,,12,14,,
1790482658.852516,1790482661.642823,42702.457407,42705.247714,2790.307,SSE,/api/inference/stream,True,,12,15,,
1790482658.881147,1790482661.670272,42702.486037,42705.275163,2789.125,SSE,/api/inference/stream,True,,12,16,,
1790482658.909409,1790482661.699213,42702.5143,42705.304104,2789.803,SSE,/api/inference/stream,True,,12,17,,
1790482658.932808,1790482661.725849,42702.537699,42705.330739,2793.041,SSE,/api/inference/stream,True,,12,18,,
1790482658.961983,1790482661.750466,42702.566874,42705.355357,2788.483,SSE,/api/inference/stream,True,,12,19,,
1790482658.993809,1790482661.784898,42702.5987,42705.389789,2791.089,SSE,/api/inference/stream,True,,12,20,,
1790482659.010704,1790482661.802201,42702.615595,42705.407091,2791.496,SSE,/api/inference/stream,True,,12,21,,
1790482659.053324,1790482661.845039,42702.658215,42705.449929,2791.715,SSE,/api/inference/stream,True,,12,22,,
1790482659.070264,1790482661.86078,42702.675155,42705.465671,2790.516,SSE,/api/inference/stream,True,,12,23,,
1790482659.106815,1790482661.896953,42702.711706,42705.501844,2790.138,SSE,/api/inference/stream,True,,12,24,,
1790482659.138429,1790482661.930313,42702.74332,42705.535204,2791.884,SSE,/api/inference/stream,True,,12,25,,
1790482659.161435,1790482661.951356,42702.766326,42705.556247,2789.921,SSE,/api/inference/stream,True,,12,26,,
1790482659.195817,1790482661.986364,42702.800708,42705.591255,2790.547,SSE,/api/inference/stream,True,,12,27,,
1790482659.252487,1790482662.045373,42702.857378,42705.650264,2792.887,SSE,/api/inference/stream,True,,12,28,,
1790482659.259801,1790482662.054884,42702.864692,42705.659775,2795.084,SSE,/api/inference/stream,True,,12,29,,
1790482659.271718,1790482662.061748,42702.876609,42705.666639,2790.03,SSE,/api/inference/stream,True,,12,30,,
1790482659.300298,1790482662.091444,42702.905189,42705.696335,2791.146,SSE,/api/inference/stream,True,,12,31,,
1790482659.332839,1790482662.123491,42702.937729,42705.728381,2790.652,SSE,/api/inference/stream,True,,12,32,,
1790482659.361063,1790482662.151668,42702.965953,42705.756558,2790.605,SSE,/api/inference/stream,True,,12,33,,
1790482659.377239,1790482662.166687,42702.982129,42705.771578,2789.449,SSE,/api/inference/stream,True,,12,34,,
1790482659.416828,1790482662.207442,42703.021718,42705.812333,2790.614,SSE,/api/inference/stream,True,,12,35,,
1790482659.435997,1790482662.227533,42703.040887,42705.832424,2791.537,SSE,/api/inference/stream,True,,12,36,,
1790482659.462088,1790482662.251761,42703.066978,42705.856652,2789.674,SSE,/api/inference/stream,True,,12,37,,
1790482659.489929,1790482662.27954,42703.094819,42705.88443,2789.611,SSE,/api/inference/stream,True,,12,38,,
1790482659.520598,1790482662.311214,42703.125489,42705.916105,2790.616,SSE,/api/inference/stream,True,,12,39,,
1790482659.545444,1790482662.335045,42703.150334,42705.939935,2789.601,SSE,/api/inference/stream,True,,12,40,,
1790482659.579667,1790482662.368691,42703.184558,42705.973582,2789.024,SSE,/api/inference/stream,True,,12,41,,
1790482659.602848,1790482662.391849,42703.207738,42705.996739,2789.001,SSE,/api/inference/stream,True,,12,42,,
1790482659.638398,1790482662.431471,42703.243289,42706.036362,2793.073,SSE,/api/inference/stream,True,,12,43,,
1790482659.659895,1790482662.449336,42703.264786,42706.054227,2789.441,SSE,/api/inference/stream,True,,12,44,,
1790482659.691078,1790482662.481862,42703.295969,42706.086752,2790.783,SSE,/api/inference/stream,True,,12,45,,
1790482659.715589,1790482662.506031,42703.32048,42706.110922,2790.442,SSE,/api/inference/stream,True,,12,46,,
1790482659.747305,1790482662.537468,42703.352196,42706.142358,2790.163,SSE,/api/inference/stream,True,,12,47,,
1790482659.767242,1790482662.557775,42703.372133,42706.162666,2790.533,SSE,/api/inference/stream,True,,12,48,,
1790482659.804289,1790482662.5927,42703.40918,42706.197591,2788.411,SSE,/api/inference/stream,True,,12,49,,
1790482659.822018,1790482662.611771,42703.426909,42706.216662,2789.753,SSE,/api/inference/stream,True,,12,50,,
1790482659.861461,1790482662.651264,42703.466352,42706.256155,2789.802,SSE,/api/inference/stream,True,,12,51,,
1790482659.876324,1790482662.668525,42703.481215,42706.273416,2792.201,SSE,/api/inference/stream,True,,12,52,,
1790482659.912434,1790482662.704731,42703.517324,42706.309622,2792.298,SSE,/api/inference/stream,True,,12,53,,
1790482659.945437,1790482662.737175,42703.550328,42706.342066,2791.738,SSE,/api/inference/stream,True,,12,54,,
1790482659.992681,1790482662.786679,42703.597572,42706.39157,2793.998,SSE,/api/inference/stream,True,,12,56,,
1790482659.99431,1790482662.78849,42703.599201,42706.393381,2794.18,SSE,/api/inference/stream,True,,12,55,,
1790482660.027713,1790482662.816893,42703.632604,42706.421784,2789.18,SSE,/api/inference/stream,True,,12,57,,
1790482660.043664,1790482662.83174,42703.648555,42706.436631,2788.076,SSE,/api/inference/stream,True,,12,58,,
1790482660.077066,1790482662.869874,42703.681957,42706.474764,2792.807,SSE,/api/inference/stream,True,,12,59,,
1790482660.171282,1790482662.96922,42703.776173,42706.574111,2797.938,SSE,/api/inference/stream,True,,12,60,,
1790482660.173825,1790482662.97383,42703.778716,42706.578721,2800.005,SSE,/api/inference/stream,True,,12,61,,
1790482660.175339,1790482662.980255,42703.78023,42706.585146,2804.916,SSE,/api/inference/stream,True,,12,62,,
1790482660.189733,1790482662.984607,42703.794624,42706.589498,2794.874,SSE,/api/inference/stream,True,,12,63,,
1790482660.221406,1790482663.014987,42703.826296,42706.619877,2793.58,SSE,/api/inference/stream,True,,12,64,,
1790482660.244714,1790482663.034752,42703.849605,42706.639643,2790.038,SSE,/api/inference/stream,True,,12,65,,
1790482660.273213,1790482663.062772,42703.878104,42706.667663,2789.559,SSE,/api/inference/stream,True,,12,66,,
1790482660.299566,1790482663.090062,42703.904457,42706.694953,2790.496,SSE,/api/inference/stream,True,,12,67,,
1790482660.323175,1790482663.111711,42703.928065,42706.716601,2788.536,SSE,/api/inference/stream,True,,12,68,,
1790482660.35201,1790482663.14196,42703.956901,42706.746851,2789.95,SSE,/api/inference/stream,True,,12,69,,
1790482660.389881,1790482663.180668,42703.994772,42706.785559,2790.787,SSE,/api/inference/stream,True,,12,70,,
1790482660.412021,1790482663.201224,42704.016912,42706.806115,2789.203,SSE,/api/inference/stream,True,,12,71,,
1790482660.445314,1790482663.237712,42704.050205,42706.842603,2792.398,SSE,/api/inference/stream,True,,12,72,,
1790482660.461771,1790482663.250969,42704.066662,42706.85586,2789.198,SSE,/api/inference/stream,True,,12,73,,
1790482660.499483,1790482663.28967,42704.104373,42706.894561,2790.187,SSE,/api/inference/stream,True,,12,74,,
1790482660.52098,1790482663.308691,42704.125871,42706.913581,2787.711,SSE,/api/inference/stream,True,,12,75,,
1790482660.576046,1790482663.367045,42704.180936,42706.971935,2790.999,SSE,/api/inference/stream,True,,12,76,,
1790482660.575041,1790482663.368818,42704.179932,42706.973709,2793.777,SSE,/api/inference/stream,True,,12,77,,
1790482660.616014,1790482663.405675,42704.220905,42707.010566,2789.661,SSE,/api/inference/stream,True,,12,78,,
1790482660.627641,1790482663.418123,42704.232532,42707.023013,2790.481,SSE,/api/inference/stream,True,,12,79,,
1790482660.663231,1790482663.453436,42704.268122,42707.058327,2790.205,SSE,/api/inference/stream,True,,12,80,,
1790482660.689867,1790482663.479364,42704.294758,42707.084255,2789.497,SSE,/api/inference/stream,True,,12,81,,
1790482660.721484,1790482663.512325,42704.326374,42707.117215,2790.841,SSE,/api/inference/stream,True,,12,82,,
1790482660.755855,1790482663.545857,42704.360746,42707.150748,2790.001,SSE,/api/inference/stream,True,,12,83,,
1790482660.772772,1790482663.561897,42704.377663,42707.166788,2789.125,SSE,/api/inference/stream,True,,12,84,,
1790482660.793643,1790482663.58257,42704.398534,42707.187461,2788.927,SSE,/api/inference/stream,True,,12,85,,
1790482660.8338,1790482663.624754,42704.43869,42707.229644,2790.954,SSE,/api/inference/stream,True,,12,86,,
1790482660.849689,1790482663.641453,42704.45458,42707.246344,2791.763,SSE,/api/inference/stream,True,,12,87,,
1790482660.887349,1790482663.676435,42704.49224,42707.281326,2789.086,SSE,/api/inference/stream,True,,12,88,,
1790482660.918204,1790482663.708704,42704.523095,42707.313595,2790.5,SSE,/api/inference/stream,True,,12,89,,
1790482660.941759,1790482663.733266,42704.54665,42707.338156,2791.507,SSE,/api/inference/stream,True,,12,90,,
1790482660.961901,1790482663.752304,42704.566791,42707.357195,2790.404,SSE,/api/inference/stream,True,,12,91,,
1790482660.991734,1790482663.782693,42704.596624,42707.387583,2790.959,SSE,/api/inference/stream,True,,12,92,,
1790482661.015531,1790482663.805064,42704.620422,42707.409955,2789.533,SSE,/api/inference/stream,True,,12,93,,
1790482661.049241,1790482663.839454,42704.654132,42707.444345,2790.213,SSE,/api/inference/stream,True,,12,94,,
1790482661.081312,1790482663.87434,42704.686202,42707.479231,2793.028,SSE,/api/inference/stream,True,,12,95,,
1790482661.103099,1790482663.891855,42704.70799,42707.496745,2788.755,SSE,/api/inference/stream,True,,12,96,,
1790482661.13168,1790482663.922199,42704.736571,42707.527089,2790.518,SSE,/api/inference/stream,True,,12,97,,
1790482661.159332,1790482663.949874,42704.764223,42707.554765,2790.542,SSE,/api/inference/stream,True,,12,98,,
1790482661.189597,1790482663.981456,42704.794487,42707.586346,2791.859,SSE,/api/inference/stream,True,,12,99,,
1790482661.235702,1790482664.027248,42704.840592,42707.632138,2791.546,SSE,/api/inference/stream,True,,12,0,,
1790482661.254656,1790482664.044718,42704.859547,42707.649609,2790.062,SSE,/api/inference/stream,True,,12,1,,
1790482661.291564,1790482664.083267,42704.896455,42707.688157,2791.703,SSE,/api/inference/stream,True,,12,2,,
1790482661.317018,1790482664.112059,42704.921908,42707.716949,2795.041,SSE,/api/inference/stream,True,,12,3,,
1790482661.332573,1790482664.121046,42704.937464,42707.725937,2788.473,SSE,/api/inference/stream,True,,12,4,,
1790482661.366515,1790482664.157721,42704.971406,42707.762612,2791.206,SSE,/api/inference/stream,True,,12,5,,
1790482661.397874,1790482664.190488,42705.002764,42707.795378,2792.614,SSE,/api/inference/stream,True,,12,6,,
1790482661.419312,1790482664.207572,42705.024203,42707.812463,2788.26,SSE,/api/inference/stream,True,,12,7,,
1790482661.455606,1790482664.246571,42705.060496,42707.851462,2790.966,SSE,/api/inference/stream,True,,12,8,,
1790482661.471344,1790482664.263519,42705.076235,42707.86841,2792.175,SSE,/api/inference/stream,True,,12,9,,
1790482661.503626,1790482664.293442,42705.108517,42707.898332,2789.815,SSE,/api/inference/stream,True,,12,10,,
1790482661.528315,1790482664.31819,42705.133206,42707.923081,2789.875,SSE,/api/inference/stream,True,,12,11,,
1790482661.561901,1790482664.349214,42705.166791,42707.954105,2787.314,SSE,/api/inference/stream,True,,12,12,,
1790482661.582691,1790482664.371334,42705.187582,42707.976225,2788.643,SSE,/api/inference/stream,True,,12,13,,
1790482661.619439,1790482664.408163,42705.22433,42708.013054,2788.724,SSE,/api/inference/stream,True,,12,14,,
1790482661.643058,1790482664.433799,42705.247948,42708.038689,2790.741,SSE,/api/inference/stream,True,,12,15,,
1790482661.670528,1790482664.460099,42705.275419,42708.06499,2789.571,SSE,/api/inference/stream,True,,12,16,,
1790482661.699553,1790482664.48957,42705.304444,42708.094461,2790.017,SSE,/api/inference/stream,True,,12,17,,
1790482661.72614,1790482664.517745,42705.331031,42708.122636,2791.605,SSE,/api/inference/stream,True,,12,18,,
1790482661.750815,1790482664.54088,42705.355706,42708.145771,2790.065,SSE,/api/inference/stream,True,,12,19,,
1790482661.785271,1790482664.576053,42705.390161,42708.180944,2790.782,SSE,/api/inference/stream,True,,12,20,,
1790482661.80257,1790482664.593497,42705.407461,42708.198388,2790.927,SSE,/api/inference/stream,True,,12,21,,
1790482661.845349,1790482664.638921,42705.45024,42708.243812,2793.572,SSE,/api/inference/stream,True,,12,22,,
1790482661.860983,1790482664.650591,42705.465874,42708.255483,2789.609,SSE,/api/inference/stream,True,,12,23,,
1790482661.897215,1790482664.686558,42705.502106,42708.291449,2789.343,SSE,/api/inference/stream,True,,12,24,,
1790482661.930596,1790482664.720088,42705.535487,42708.324979,2789.492,SSE,/api/inference/stream,True,,12,25,,
1790482661.951631,1790482664.741125,42705.556522,42708.346015,2789.493,SSE,/api/inference/stream,True,,12,26,,
1790482661.986691,1790482664.776904,42705.591582,42708.381795,2790.213,SSE,/api/inference/stream,True,,12,27,,
1790482662.045734,1790482664.835907,42705.650625,42708.440798,2790.173,SSE,/api/inference/stream,True,,12,28,,
1790482662.055369,1790482664.846704,42705.66026,42708.451595,2791.335,SSE,/api/inference/stream,True,,12,29,,
1790482662.06197,1790482664.850823,42705.666861,42708.455714,2788.852,SSE,/api/inference/stream,True,,12,30,,
1790482662.091716,1790482664.883903,42705.696606,42708.488793,2792.187,SSE,/api/inference/stream,True,,12,31,,
1790482662.123824,1790482664.917511,42705.728714,42708.522401,2793.687,SSE,/api/inference/stream,True,,12,32,,
1790482662.15205,1790482664.941745,42705.75694,42708.546635,2789.695,SSE,/api/inference/stream,True,,12,33,,
1790482662.166982,1790482664.958955,42705.771873,42708.563846,2791.973,SSE,/api/inference/stream,True,,12,34,,
1790482662.207741,1790482664.998663,42705.812631,42708.603553,2790.922,SSE,/api/inference/stream,True,,12,35,,
1790482662.227885,1790482665.017096,42705.832776,42708.621986,2789.211,SSE,/api/inference/stream,True,,12,36,,
1790482662.252139,1790482665.041051,42705.857029,42708.645942,2788.912,SSE,/api/inference/stream,True,,12,37,,
1790482662.279825,1790482665.069314,42705.884716,42708.674205,2789.489,SSE,/api/inference/stream,True,,12,38,,
1790482662.311578,1790482665.103341,42705.916469,42708.708232,2791.763,SSE,/api/inference/stream,True,,12,39,,
1790482662.335413,1790482665.124676,42705.940304,42708.729567,2789.263,SSE,/api/inference/stream,True,,12,40,,
1790482662.368979,1790482665.159873,42705.97387,42708.764764,2790.895,SSE,/api/inference/stream,True,,12,41,,
1790482662.392231,1790482665.182371,42705.997121,42708.787262,2790.141,SSE,/api/inference/stream,True,,12,42,,
1790482662.431801,1790482665.220367,42706.036692,42708.825258,2788.566,SSE,/api/inference/stream,True,,12,43,,
1790482662.449643,1790482665.239458,42706.054534,42708.844348,2789.815,SSE,/api/inference/stream,True,,12,44,,
1790482662.482152,1790482665.271173,42706.087042,42708.876064,2789.021,SSE,/api/inference/stream,True,,12,45,,
1790482662.506325,1790482665.295023,42706.111216,42708.899914,2788.698,SSE,/api/inference/stream,True,,12,46,,
1790482662.537795,1790482665.326963,42706.142686,42708.931854,2789.168,SSE,/api/inference/stream,True,,12,47,,
1790482662.558084,1790482665.348628,42706.162975,42708.953518,2790.543,SSE,/api/inference/stream,True,,12,48,,
1790482662.59295,1790482665.382717,42706.19784,42708.987608,2789.768,SSE,/api/inference/stream,True,,12,49,,
1790482662.612011,1790482665.402054,42706.216902,42709.006945,2790.043,SSE,/api/inference/stream,True,,12,50,,
1790482662.651594,1790482665.440415,42706.256484,42709.045305,2788.821,SSE,/api/inference/stream,True,,12,51,,
1790482662.668761,1790482665.457286,42706.273652,42709.062177,2788.525,SSE,/api/inference/stream,True,,12,52,,
1790482662.705038,1790482665.495532,42706.309929,42709.100423,2790.494,SSE,/api/inference/stream,True,,12,53,,
1790482662.737442,1790482665.525838,42706.342333,42709.130729,2788.395,SSE,/api/inference/stream,True,,12,54,,
1790482662.786997,1790482665.584028,42706.391888,42709.188919,2797.031,SSE,/api/inference/stream,True,,12,56,,
1790482662.788766,1790482665.585912,42706.393657,42709.190803,2797.146,SSE,/api/inference/stream,True,,12,55,,
1790482662.817172,1790482665.607394,42706.422062,42709.212285,2790.223,SSE,/api/inference/stream,True,,12,57,,
1790482662.832006,1790482665.621836,42706.436897,42709.226727,2789.83,SSE,/api/inference/stream,True,,12,58,,
1790482662.870158,1790482665.658798,42706.475049,42709.263689,2788.64,SSE,/api/inference/stream,True,,12,59,,
1790482662.969512,1790482665.764575,42706.574402,42709.369466,2795.064,SSE,/api/inference/stream,True,,12,60,,
1790482662.974065,1790482665.772358,42706.578956,42709.377249,2798.293,SSE,/api/inference/stream,True,,12,61,,
1790482662.980474,1790482665.779096,42706.585365,42709.383986,2798.622,SSE,/api/inference/stream,True,,12,62,,
1790482662.984828,1790482665.781754,42706.589718,42709.386645,2796.927,SSE,/api/inference/stream,True,,12,63,,
1790482663.015396,1790482665.80821,42706.620287,42709.413101,2792.814,SSE,/api/inference/stream,True,,12,64,,
1790482663.035073,1790482665.824893,42706.639963,42709.429784,2789.82,SSE,/api/inference/stream,True,,12,65,,
1790482663.063075,1790482665.853802,42706.667965,42709.458692,2790.727,SSE,/api/inference/stream,True,,12,66,,
1790482663.090434,1790482665.881113,42706.695324,42709.486003,2790.679,SSE,/api/inference/stream,True,,12,67,,
1790482663.111981,1790482665.900766,42706.716872,42709.505657,2788.785,SSE,/api/inference/stream,True,,12,68,,
1790482663.14227,1790482665.9329,42706.74716,42709.53779,2790.63,SSE,/api/inference/stream,True,,12,69,,
1790482663.180986,1790482665.97148,42706.785877,42709.576371,2790.494,SSE,/api/inference/stream,True,,12,70,,
1790482663.201508,1790482665.990102,42706.806399,42709.594992,2788.593,SSE,/api/inference/stream,True,,12,71,,
1790482663.238033,1790482666.029277,42706.842924,42709.634168,2791.244,SSE,/api/inference/stream,True,,12,72,,
1790482663.251424,1790482666.040361,42706.856315,42709.645252,2788.937,SSE,/api/inference/stream,True,,12,73,,
1790482663.290046,1790482666.079745,42706.894936,42709.684635,2789.699,SSE,/api/inference/stream,True,,12,74,,
1790482663.308956,1790482666.098344,42706.913847,42709.703235,2789.388,SSE,/api/inference/stream,True,,12,75,,
1790482663.367451,1790482666.161591,42706.972342,42709.766482,2794.14,SSE,/api/inference/stream,True,,12,76,,
1790482663.369162,1790482666.163342,42706.974053,42709.768233,2794.18,SSE,/api/inference/stream,True,,12,77,,
1790482663.40603,1790482666.195449,42707.01092,42709.80034,2789.419,SSE,/api/inference/stream,True,,12,78,,
1790482663.418396,1790482666.210769,42707.023286,42709.81566,2792.374,SSE,/api/inference/stream,True,,12,79,,
1790482663.453765,1790482666.242509,42707.058656,42709.8474,2788.744,SSE,/api/inference/stream,True,,12,80,,
1790482663.479702,1790482666.269552,42707.084593,42709.874443,2789.851,SSE,/api/inference/stream,True,,12,81,,
1790482663.512708,1790482666.303882,42707.117599,42709.908773,2791.174,SSE,/api/inference/stream,True,,12,82,,
1790482663.546174,1790482666.337501,42707.151064,42709.942392,2791.328,SSE,/api/inference/stream,True,,12,83,,
1790482663.562159,1790482666.353287,42707.16705,42709.958177,2791.127,SSE,/api/inference/stream,True,,12,84,,
1790482663.582875,1790482666.37253,42707.187766,42709.977421,2789.655,SSE,/api/inference/stream,True,,12,85,,
1790482663.62504,1790482666.415249,42707.22993,42710.02014,2790.21,SSE,/api/inference/stream,True,,12,86,,
1790482663.641739,1790482666.430962,42707.24663,42710.035852,2789.223,SSE,/api/inference/stream,True,,12,87,,
1790482663.676659,1790482666.467007,42707.281549,42710.071898,2790.348,SSE,/api/inference/stream,True,,12,88,,
1790482663.70901,1790482666.503665,42707.313901,42710.108556,2794.655,SSE,/api/inference/stream,True,,12,89,,
1790482663.733636,1790482666.52254,42707.338527,42710.127431,2788.904,SSE,/api/inference/stream,True,,12,90,,
1790482663.752599,1790482666.541692,42707.35749,42710.146583,2789.094,SSE,/api/inference/stream,True,,12,91,,
1790482663.783087,1790482666.574138,42707.387977,42710.179028,2791.051,SSE,/api/inference/stream,True,,12,92,,
1790482663.805354,1790482666.597039,42707.410244,42710.20193,2791.685,SSE,/api/inference/stream,True,,12,93,,
1790482663.839737,1790482666.629609,42707.444628,42710.234499,2789.872,SSE,/api/inference/stream,True,,12,94,,
1790482663.874645,1790482666.66741,42707.479536,42710.272301,2792.766,SSE,/api/inference/stream,True,,12,95,,
1790482663.892185,1790482666.680658,42707.497076,42710.285549,2788.473,SSE,/api/inference/stream,True,,12,96,,
1790482663.922571,1790482666.713107,42707.527461,42710.317997,2790.536,SSE,/api/inference/stream,True,,12,97,,
1790482663.95022,1790482666.739469,42707.555111,42710.34436,2789.248,SSE,/api/inference/stream,True,,12,98,,
1790482663.981804,1790482666.776446,42707.586695,42710.381337,2794.642,SSE,/api/inference/stream,True,,12,99,,
1790482664.027588,1790482666.818527,42707.632479,42710.423418,2790.939,SSE,/api/inference/stream,True,,12,0,,
1790482664.045005,1790482666.835207,42707.649895,42710.440098,2790.202,SSE,/api/inference/stream,True,,12,1,,
1790482664.083558,1790482666.874497,42707.688449,42710.479388,2790.939,SSE,/api/inference/stream,True,,12,2,,
1790482664.112359,1790482666.905236,42707.717249,42710.510126,2792.877,SSE,/api/inference/stream,True,,12,3,,
1790482664.121269,1790482666.909826,42707.72616,42710.514717,2788.556,SSE,/api/inference/stream,True,,12,4,,
1790482664.157994,1790482666.948051,42707.762885,42710.552941,2790.057,SSE,/api/inference/stream,True,,12,5,,
1790482664.190829,1790482666.982864,42707.79572,42710.587755,2792.035,SSE,/api/inference/stream,True,,12,6,,
1790482664.207861,1790482666.999179,42707.812752,42710.60407,2791.318,SSE,/api/inference/stream,True,,12,7,,
1790482664.246831,1790482667.0379,42707.851722,42710.642791,2791.069,SSE,/api/inference/stream,True,,12,8,,
1790482664.263798,1790482667.05423,42707.868689,42710.659121,2790.432,SSE,/api/inference/stream,True,,12,9,,
1790482664.293741,1790482667.082886,42707.898632,42710.687777,2789.144,SSE,/api/inference/stream,True,,12,10,,
1790482664.318472,1790482667.109204,42707.923363,42710.714095,2790.733,SSE,/api/inference/stream,True,,12,11,,
1790482664.349661,1790482667.140426,42707.954552,42710.745317,2790.765,SSE,/api/inference/stream,True,,12,12,,
1790482664.371629,1790482667.164321,42707.976519,42710.769212,2792.693,SSE,/api/inference/stream,True,,12,13,,
1790482664.408473,1790482667.1982,42708.013364,42710.803091,2789.727,SSE,/api/inference/stream,True,,12,14,,
1790482664.434101,1790482667.224835,42708.038991,42710.829726,2790.735,SSE,/api/inference/stream,True,,12,15,,
1790482664.460359,1790482667.250932,42708.06525,42710.855823,2790.573,SSE,/api/inference/stream,True,,12,16,,
1790482664.489901,1790482667.277883,42708.094792,42710.882773,2787.981,SSE,/api/inference/stream,True,,12,17,,
1790482664.518042,1790482667.310584,42708.122933,42710.915475,2792.542,SSE,/api/inference/stream,True,,12,18,,
1790482664.54126,1790482667.331244,42708.146151,42710.936134,2789.983,SSE,/api/inference/stream,True,,12,19,,
1790482664.576336,1790482667.367661,42708.181227,42710.972552,2791.325,SSE,/api/inference/stream,True,,12,20,,
1790482664.593783,1790482667.38366,42708.198673,42710.98855,2789.877,SSE,/api/inference/stream,True,,12,21,,
1790482664.639304,1790482667.429778,42708.244195,42711.034669,2790.474,SSE,/api/inference/stream,True,,12,22,,
1790482664.650799,1790482667.441398,42708.25569,42711.04629,2790.6,SSE,/api/inference/stream,True,,12,23,,
1790482664.686792,1790482667.476446,42708.291683,42711.081338,2789.655,SSE,/api/inference/stream,True,,12,24,,
1790482664.720322,1790482667.510527,42708.325213,42711.115418,2790.205,SSE,/api/inference/stream,True,,12,25,,
1790482664.741408,1790482667.532058,42708.346299,42711.136949,2790.65,SSE,/api/inference/stream,True,,12,26,,
1790482664.777172,1790482667.567061,42708.382063,42711.171952,2789.89,SSE,/api/inference/stream,True,,12,27,,
1790482664.836257,1790482667.626667,42708.441148,42711.231557,2790.409,SSE,/api/inference/stream,True,,12,28,,
1790482664.851048,1790482667.643049,42708.455939,42711.247939,2792.0,SSE,/api/inference/stream,True,,12,30,,
1790482664.846945,1790482667.644763,42708.451836,42711.249654,2797.818,SSE,/api/inference/stream,True,,12,29,,
1790482664.884206,1790482667.677385,42708.489097,42711.282276,2793.179,SSE,/api/inference/stream,True,,12,31,,
1790482664.917829,1790482667.711519,42708.52272,42711.31641,2793.69,SSE,/api/inference/stream,True,,12,32,,
1790482664.942026,1790482667.730812,42708.546917,42711.335702,2788.786,SSE,/api/inference/stream,True,,12,33,,
1790482664.959242,1790482667.750384,42708.564133,42711.355275,2791.142,SSE,/api/inference/stream,True,,12,34,,
1790482664.998983,1790482667.79011,42708.603874,42711.395001,2791.127,SSE,/api/inference/stream,True,,12,35,,
1790482665.017385,1790482667.807016,42708.622276,42711.411907,2789.631,SSE,/api/inference/stream,True,,12,36,,
1790482665.041416,1790482667.832108,42708.646307,42711.436999,2790.692,SSE,/api/inference/stream,True,,12,37,,
1790482665.069606,1790482667.858219,42708.674496,42711.463109,2788.613,SSE,/api/inference/stream,True,,12,38,,
1790482665.103701,1790482667.894471,42708.708592,42711.499362,2790.77,SSE,/api/inference/stream,True,,12,39,,
1790482665.124965,1790482667.916595,42708.729855,42711.521485,2791.63,SSE,/api/inference/stream,True,,12,40,,
1790482665.160179,1790482667.952481,42708.76507,42711.557372,2792.301,SSE,/api/inference/stream,True,,12,41,,
1790482665.182659,1790482667.971913,42708.78755,42711.576804,2789.254,SSE,/api/inference/stream,True,,12,42,,
1790482665.220693,1790482668.011913,42708.825583,42711.616804,2791.221,SSE,/api/inference/stream,True,,12,43,,
1790482665.239786,1790482668.029504,42708.844677,42711.634394,2789.717,SSE,/api/inference/stream,True,,12,44,,
1790482665.271495,1790482668.060898,42708.876386,42711.665788,2789.402,SSE,/api/inference/stream,True,,12,45,,
1790482665.295331,1790482668.084685,42708.900222,42711.689576,2789.354,SSE,/api/inference/stream,True,,12,46,,
1790482665.327334,1790482668.117284,42708.932225,42711.722175,2789.95,SSE,/api/inference/stream,True,,12,47,,
1790482665.348983,1790482668.138071,42708.953874,42711.742962,2789.087,SSE,/api/inference/stream,True,,12,48,,
1790482665.383004,1790482668.176328,42708.987895,42711.781218,2793.324,SSE,/api/inference/stream,True,,12,49,,
1790482665.402319,1790482668.193981,42709.00721,42711.798871,2791.662,SSE,/api/inference/stream,True,,12,50,,
1790482665.44079,1790482668.231345,42709.045681,42711.836236,2790.555,SSE,/api/inference/stream,True,,12,51,,
1790482665.457559,1790482668.248219,42709.062449,42711.85311,2790.661,SSE,/api/inference/stream,True,,12,52,,
1790482665.495841,1790482668.285404,42709.100732,42711.890295,2789.563,SSE,/api/inference/stream,True,,12,53,,
1790482665.526131,1790482668.317632,42709.131022,42711.922522,2791.501,SSE,/api/inference/stream,True,,12,54,,
1790482665.584302,1790482668.377836,42709.189193,42711.982726,2793.533,SSE,/api/inference/stream,True,,12,56,,
1790482665.586244,1790482668.380111,42709.191136,42711.985002,2793.866,SSE,/api/inference/stream,True,,12,55,,
1790482665.607668,1790482668.397209,42709.212559,42712.0021,2789.541,SSE,/api/inference/stream,True,,12,57,,
1790482665.622106,1790482668.41305,42709.226997,42712.017941,2790.944,SSE,/api/inference/stream,True,,12,58,,
1790482665.659085,1790482668.450058,42709.263975,42712.054949,2790.974,SSE,/api/inference/stream,True,,12,59,,
1790482665.764846,1790482668.555091,42709.369737,42712.159982,2790.245,SSE,/api/inference/stream,True,,12,60,,
1790482665.772577,1790482668.570938,42709.377468,42712.175829,2798.361,SSE,/api/inference/stream,True,,12,61,,
1790482665.779413,1790482668.578869,42709.384303,42712.18376,2799.457,SSE,/api/inference/stream,True,,12,62,,
1790482665.781984,1790482668.580453,42709.386875,42712.185344,2798.47,SSE,/api/inference/stream,True,,12,63,,
1790482665.808489,1790482668.598627,42709.41338,42712.203518,2790.138,SSE,/api/inference/stream,True,,12,64,,
1790482665.825157,1790482668.614554,42709.430048,42712.219444,2789.396,SSE,/api/inference/stream,True,,12,65,,
1790482665.854172,1790482668.64596,42709.459063,42712.25085,2791.787,SSE,/api/inference/stream,True,,12,66,,
1790482665.88148,1790482668.670406,42709.486371,42712.275297,2788.926,SSE,/api/inference/stream,True,,12,67,,
1790482665.901036,1790482668.689502,42709.505926,42712.294393,2788.466,SSE,/api/inference/stream,True,,12,68,,
1790482665.933214,1790482668.722524,42709.538105,42712.327415,2789.311,SSE,/api/inference/stream,True,,12,69,,
1790482665.971771,1790482668.763531,42709.576662,42712.368422,2791.76,SSE,/api/inference/stream,True,,12,70,,
1790482665.990448,1790482668.778975,42709.595338,42712.383866,2788.527,SSE,/api/inference/stream,True,,12,71,,
1790482666.02964,1790482668.818578,42709.634532,42712.423469,2788.937,SSE,/api/inference/stream,True,,12,72,,
1790482666.040571,1790482668.831389,42709.645462,42712.43628,2790.818,SSE,/api/inference/stream,True,,12,73,,
1790482666.080145,1790482668.868479,42709.685036,42712.47337,2788.334,SSE,/api/inference/stream,True,,12,74,,
1790482666.098603,1790482668.890605,42709.703494,42712.495496,2792.002,SSE,/api/inference/stream,True,,12,75,,
1790482666.161887,1790482668.958464,42709.766778,42712.563355,2796.577,SSE,/api/inference/stream,True,,12,76,,
1790482666.163625,1790482668.961248,42709.768516,42712.566139,2797.623,SSE,/api/inference/stream,True,,12,77,,
1790482666.195941,1790482668.984756,42709.800831,42712.589646,2788.815,SSE,/api/inference/stream,True,,12,78,,
1790482666.211055,1790482669.000962,42709.815945,42712.605853,2789.908,SSE,/api/inference/stream,True,,12,79,,
1790482666.242849,1790482669.031774,42709.847739,42712.636664,2788.925,SSE,/api/inference/stream,True,,12,80,,
1790482666.269923,1790482669.060015,42709.874813,42712.664905,2790.092,SSE,/api/inference/stream,True,,12,81,,
1790482666.304189,1790482669.09459,42709.90908,42712.699481,2790.4,SSE,/api/inference/stream,True,,12,82,,
1790482666.337815,1790482669.129642,42709.942705,42712.734533,2791.827,SSE,/api/inference/stream,True,,12,83,,
1790482666.353587,1790482669.144045,42709.958478,42712.748936,2790.458,SSE,/api/inference/stream,True,,12,84,,
1790482666.372827,1790482669.162946,42709.977718,42712.767837,2790.119,SSE,/api/inference/stream,True,,12,85,,
1790482666.415552,1790482669.206463,42710.020443,42712.811353,2790.911,SSE,/api/inference/stream,True,,12,86,,
1790482666.431242,1790482669.219537,42710.036132,42712.824428,2788.296,SSE,/api/inference/stream,True,,12,87,,
1790482666.467473,1790482669.259826,42710.072364,42712.864717,2792.353,SSE,/api/inference/stream,True,,12,88,,
1790482666.503938,1790482669.294783,42710.108829,42712.899674,2790.845,SSE,/api/inference/stream,True,,12,89,,
1790482666.522872,1790482669.312748,42710.127763,42712.917639,2789.877,SSE,/api/inference/stream,True,,12,90,,
1790482666.541967,1790482669.329841,42710.146858,42712.934733,2787.875,SSE,/api/inference/stream,True,,12,91,,
1790482666.574422,1790482669.364529,42710.179313,42712.969419,2790.106,SSE,/api/inference/stream,True,,12,92,,
1790482666.597321,1790482669.385885,42710.202212,42712.990776,2788.565,SSE,/api/inference/stream,True,,12,93,,
1790482666.629906,1790482669.421382,42710.234796,42713.026273,2791.476,SSE,/api/inference/stream,True,,12,94,,
1790482666.667683,1790482669.459802,42710.272574,42713.064692,2792.119,SSE,/api/inference/stream,True,,12,95,,
1790482666.6809,1790482669.469052,42710.285791,42713.073943,2788.152,SSE,/api/inference/stream,True,,12,96,,
1790482666.713509,1790482669.502863,42710.318399,42713.107754,2789.355,SSE,/api/inference/stream,True,,12,97,,
1790482666.739727,1790482669.529756,42710.344618,42713.134647,2790.029,SSE,/api/inference/stream,True,,12,98,,
1790482666.776689,1790482669.565824,42710.381579,42713.170715,2789.135,SSE,/api/inference/stream,True,,12,99,,
1790482666.818803,1790482669.608023,42710.423693,42713.212914,2789.22,SSE,/api/inference/stream,True,,12,0,,
1790482666.835487,1790482669.626522,42710.440378,42713.231413,2791.035,SSE,/api/inference/stream,True,,12,1,,
1790482666.874788,1790482669.665654,42710.479679,42713.270545,2790.866,SSE,/api/inference/stream,True,,12,2,,
1790482666.90555,1790482669.698585,42710.51044,42713.303476,2793.036,SSE,/api/inference/stream,True,,12,3,,
1790482666.910076,1790482669.700562,42710.514967,42713.305453,2790.486,SSE,/api/inference/stream,True,,12,4,,
1790482666.948428,1790482669.738797,42710.553319,42713.343688,2790.369,SSE,/api/inference/stream,True,,12,5,,
1790482666.983227,1790482669.773543,42710.588118,42713.378435,2790.316,SSE,/api/inference/stream,True,,12,6,,
1790482666.999488,1790482669.789901,42710.604379,42713.394791,2790.413,SSE,/api/inference/stream,True,,12,7,,
1790482667.038199,1790482669.829595,42710.64309,42713.434486,2791.395,SSE,/api/inference/stream,True,,12,8,,
1790482667.054531,1790482669.841551,42710.659422,42713.446442,2787.02,SSE,/api/inference/stream,True,,12,9,,
1790482667.083248,1790482669.876986,42710.688139,42713.481877,2793.739,SSE,/api/inference/stream,True,,12,10,,
1790482667.109543,1790482669.899977,42710.714434,42713.504868,2790.434,SSE,/api/inference/stream,True,,12,11,,
1790482667.140722,1790482669.93256,42710.745613,42713.53745,2791.838,SSE,/api/inference/stream,True,,12,12,,
1790482667.16461,1790482669.955757,42710.769501,42713.560648,2791.147,SSE,/api/inference/stream,True,,12,13,,
1790482667.198554,1790482669.990111,42710.803444,42713.595002,2791.557,SSE,/api/inference/stream,True,,12,14,,
1790482667.225121,1790482670.015362,42710.830011,42713.620252,2790.241,SSE,/api/inference/stream,True,,12,15,,
1790482667.251335,1790482670.042181,42710.856225,42713.647071,2790.846,SSE,/api/inference/stream,True,,12,16,,
1790482667.278159,1790482670.069713,42710.88305,42713.674603,2791.554,SSE,/api/inference/stream,True,,12,17,,
1790482667.310873,1790482670.103381,42710.915764,42713.708272,2792.508,SSE,/api/inference/stream,True,,12,18,,
1790482667.33163,1790482670.120506,42710.936521,42713.725397,2788.877,SSE,/api/inference/stream,True,,12,19,,
1790482667.367946,1790482670.158378,42710.972837,42713.763269,2790.432,SSE,/api/inference/stream,True,,12,20,,
1790482667.383965,1790482670.175037,42710.988856,42713.779927,2791.071,SSE,/api/inference/stream,True,,12,21,,
1790482667.430086,1790482670.220086,42711.034977,42713.824977,2790.0,SSE,/api/inference/stream,True,,12,22,,
1790482667.441645,1790482670.231206,42711.046536,42713.836097,2789.561,SSE,/api/inference/stream,True,,12,23,,
1790482667.476696,1790482670.272059,42711.081587,42713.87695,2795.364,SSE,/api/inference/stream,True,,12,24,,
1790482667.510807,1790482670.305084,42711.115698,42713.909975,2794.277,SSE,/api/inference/stream,True,,12,25,,
1790482667.532365,1790482670.322328,42711.137255,42713.927219,2789.964,SSE,/api/inference/stream,True,,12,26,,
1790482667.567386,1790482670.35856,42711.172277,42713.963451,2791.174,SSE,/api/inference/stream,True,,12,27,,
1790482667.626984,1790482670.417873,42711.231875,42714.022764,2790.889,SSE,/api/inference/stream,True,,12,28,,
1790482667.643429,1790482670.436088,42711.248319,42714.040978,2792.659,SSE,/api/inference/stream,True,,12,30,,
1790482667.645061,1790482670.437497,42711.249952,42714.042388,2792.436,SSE,/api/inference/stream,True,,12,29,,
1790482667.677661,1790482670.469484,42711.282552,42714.074375,2791.823,SSE,/api/inference/stream,True,,12,31,,
1790482667.711866,1790482670.504399,42711.316757,42714.10929,2792.533,SSE,/api/inference/stream,True,,12,32,,
1790482667.73112,1790482670.522071,42711.33601,42714.126961,2790.951,SSE,/api/inference/stream,True,,12,33,,
1790482667.750684,1790482670.544123,42711.355575,42714.149013,2793.438,SSE,/api/inference/stream,True,,12,34,,
1790482667.790354,1790482670.581143,42711.395245,42714.186034,2790.788,SSE,/api/inference/stream,True,,12,35,,
1790482667.807302,1790482670.597931,42711.412193,42714.202822,2790.629,SSE,/api/inference/stream,True,,12,36,,
1790482667.832515,1790482670.621323,42711.437406,42714.226213,2788.807,SSE,/api/inference/stream,True,,12,37,,
1790482667.858523,1790482670.646928,42711.463414,42714.251818,2788.405,SSE,/api/inference/stream,True,,12,38,,
1790482667.894849,1790482670.685792,42711.499739,42714.290683,2790.943,SSE,/api/inference/stream,True,,12,39,,
1790482667.916896,1790482670.707919,42711.521787,42714.31281,2791.023,SSE,/api/inference/stream,True,,12,40,,
1790482667.952754,1790482670.748942,42711.557644,42714.353833,2796.189,SSE,/api/inference/stream,True,,12,41,,
1790482667.97223,1790482670.762704,42711.577121,42714.367594,2790.473,SSE,/api/inference/stream,True,,12,42,,
1790482668.012363,1790482670.802231,42711.617254,42714.407122,2789.868,SSE,/api/inference/stream,True,,12,43,,
1790482668.029853,1790482670.818996,42711.634743,42714.423886,2789.143,SSE,/api/inference/stream,True,,12,44,,
1790482668.061255,1790482670.851306,42711.666146,42714.456197,2790.051,SSE,/api/inference/stream,True,,12,45,,
1790482668.084946,1790482670.874177,42711.689837,42714.479068,2789.231,SSE,/api/inference/stream,True,,12,46,,
1790482668.117582,1790482670.906989,42711.722473,42714.51188,2789.407,SSE,/api/inference/stream,True,,12,47,,
1790482668.138532,1790482670.927037,42711.743423,42714.531927,2788.504,SSE,/api/inference/stream,True,,12,48,,
1790482668.176605,1790482670.965544,42711.781496,42714.570435,2788.939,SSE,/api/inference/stream,True,,12,49,,
1790482668.194285,1790482670.985629,42711.799175,42714.59052,2791.344,SSE,/api/inference/stream,True,,12,50,,
1790482668.231665,1790482671.022725,42711.836556,42714.627616,2791.06,SSE,/api/inference/stream,True,,12,51,,
1790482668.248477,1790482671.038694,42711.853368,42714.643585,2790.218,SSE,/api/inference/stream,True,,12,52,,
1790482668.285645,1790482671.076895,42711.890536,42714.681786,2791.251,SSE,/api/inference/stream,True,,12,53,,
1790482668.317918,1790482671.110878,42711.922808,42714.715768,2792.96,SSE,/api/inference/stream,True,,12,54,,
1790482668.380298,1790482671.171363,42711.985189,42714.776253,2791.065,SSE,/api/inference/stream,True,,12,55,,
1790482668.378087,1790482671.172725,42711.982978,42714.777616,2794.638,SSE,/api/inference/stream,True,,12,56,,
1790482668.397488,1790482671.188317,42712.002379,42714.793208,2790.828,SSE,/api/inference/stream,True,,12,57,,
1790482668.413318,1790482671.203331,42712.018209,42714.808222,2790.013,SSE,/api/inference/stream,True,,12,58,,
1790482668.450358,1790482671.240786,42712.055249,42714.845676,2790.427,SSE,/api/inference/stream,True,,12,59,,
1790482668.55548,1790482671.346983,42712.160371,42714.951873,2791.502,SSE,/api/inference/stream,True,,12,60,,
1790482668.571653,1790482671.370852,42712.176544,42714.975743,2799.199,SSE,/api/inference/stream,True,,12,61,,
1790482668.579234,1790482671.374335,42712.184125,42714.979226,2795.101,SSE,/api/inference/stream,True,,12,62,,
1790482668.580771,1790482671.376665,42712.185662,42714.981556,2795.894,SSE,/api/inference/stream,True,,12,63,,
1790482668.598877,1790482671.388582,42712.203768,42714.993474,2789.706,SSE,/api/inference/stream,True,,12,64,,
1790482668.614823,1790482671.404201,42712.219714,42715.009092,2789.378,SSE,/api/inference/stream,True,,12,65,,
1790482668.646345,1790482671.437799,42712.251236,42715.04269,2791.453,SSE,/api/inference/stream,True,,12,66,,
1790482668.670755,1790482671.459898,42712.275646,42715.064789,2789.143,SSE,/api/inference/stream,True,,12,67,,
1790482668.689758,1790482671.478775,42712.294648,42715.083665,2789.017,SSE,/api/inference/stream,True,,12,68,,
1790482668.72281,1790482671.513336,42712.3277,42715.118227,2790.526,SSE,/api/inference/stream,True,,12,69,,
1790482668.763847,1790482671.555813,42712.368738,42715.160704,2791.966,SSE,/api/inference/stream,True,,12,70,,
1790482668.779312,1790482671.569126,42712.384203,42715.174017,2789.814,SSE,/api/inference/stream,True,,12,71,,
1790482668.818823,1790482671.60741,42712.423714,42715.212301,2788.587,SSE,/api/inference/stream,True,,12,72,,
1790482668.831616,1790482671.619875,42712.436507,42715.224766,2788.259,SSE,/api/inference/stream,True,,12,73,,
1790482668.868774,1790482671.657257,42712.473665,42715.262148,2788.482,SSE,/api/inference/stream,True,,12,74,,
1790482668.890877,1790482671.680571,42712.495769,42715.285462,2789.694,SSE,/api/inference/stream,True,,12,75,,
1790482668.958727,1790482671.755611,42712.563618,42715.360502,2796.884,SSE,/api/inference/stream,True,,12,76,,
1790482668.961464,1790482671.757281,42712.566355,42715.362171,2795.817,SSE,/api/inference/stream,True,,12,77,,
1790482668.985106,1790482671.774217,42712.589996,42715.379108,2789.111,SSE,/api/inference/stream,True,,12,78,,
1790482669.001275,1790482671.791614,42712.606166,42715.396505,2790.339,SSE,/api/inference/stream,True,,12,79,,
1790482669.032069,1790482671.821249,42712.63696,42715.426141,2789.181,SSE,/api/inference/stream,True,,12,80,,
1790482669.060358,1790482671.851474,42712.665248,42715.456365,2791.116,SSE,/api/inference/stream,True,,12,81,,
1790482669.094934,1790482671.884426,42712.699825,42715.489316,2789.492,SSE,/api/inference/stream,True,,12,82,,
1790482669.129963,1790482671.919013,42712.734854,42715.523904,2789.05,SSE,/api/inference/stream,True,,12,83,,
1790482669.144307,1790482671.938154,42712.749198,42715.543044,2793.846,SSE,/api/inference/stream,True,,12,84,,
1790482669.163429,1790482671.954219,42712.76832,42715.55911,2790.79,SSE,/api/inference/stream,True,,12,85,,
1790482669.206748,1790482671.996004,42712.811638,42715.600894,2789.256,SSE,/api/inference/stream,True,,12,86,,
1790482669.219802,1790482672.009439,42712.824693,42715.61433,2789.637,SSE,/api/inference/stream,True,,12,87,,
1790482669.260101,1790482672.04922,42712.864992,42715.654111,2789.119,SSE,/api/inference/stream,True,,12,88,,
1790482669.295058,1790482672.085476,42712.899948,42715.690367,2790.418,SSE,/api/inference/stream,True,,12,89,,
1790482669.313042,1790482672.102489,42712.917932,42715.70738,2789.448,SSE,/api/inference/stream,True,,12,90,,
1790482669.330166,1790482672.1198,42712.935056,42715.72469,2789.634,SSE,/api/inference/stream,True,,12,91,,
1790482669.364818,1790482672.156305,42712.969709,42715.761196,2791.487,SSE,/api/inference/stream,True,,12,92,,
1790482669.386117,1790482672.175828,42712.991009,42715.780719,2789.711,SSE,/api/inference/stream,True,,12,93,,
1790482669.421707,1790482672.213582,42713.026597,42715.818472,2791.875,SSE,/api/inference/stream,True,,12,94,,
1790482669.460073,1790482672.250988,42713.064964,42715.855879,2790.915,SSE,/api/inference/stream,True,,12,95,,
1790482669.469257,1790482672.258532,42713.074148,42715.863423,2789.275,SSE,/api/inference/stream,True,,12,96,,
1790482669.503289,1790482672.292194,42713.108179,42715.897085,2788.905,SSE,/api/inference/stream,True,,12,97,,
1790482669.530062,1790482672.320619,42713.134952,42715.92551,2790.558,SSE,/api/inference/stream,True,,12,98,,
1790482669.566133,1790482672.358347,42713.171024,42715.963237,2792.213,SSE,/api/inference/stream,True,,12,99,,
1790482669.608341,1790482672.401293,42713.213231,42716.006184,2792.953,SSE,/api/inference/stream,True,,12,0,,
1790482669.626821,1790482672.416131,42713.231712,42716.021023,2789.311,SSE,/api/inference/stream,True,,12,1,,
1790482669.665987,1790482672.456069,42713.270878,42716.06096,2790.082,SSE,/api/inference/stream,True,,12,2,,
1790482669.701052,1790482672.493833,42713.305942,42716.098724,2792.782,SSE,/api/inference/stream,True,,12,4,,
1790482669.698856,1790482672.495396,42713.303748,42716.100288,2796.54,SSE,/api/inference/stream,True,,12,3,,
1790482669.739226,1790482672.528636,42713.344117,42716.133526,2789.409,SSE,/api/inference/stream,True,,12,5,,
1790482669.773878,1790482672.563138,42713.378769,42716.168028,2789.259,SSE,/api/inference/stream,True,,12,6,,
1790482669.790169,1790482672.581144,42713.395059,42716.186035,2790.975,SSE,/api/inference/stream,True,,12,7,,
1790482669.829885,1790482672.619494,42713.434775,42716.224385,2789.609,SSE,/api/inference/stream,True,,12,8,,
1790482669.8419,1790482672.631188,42713.446791,42716.236079,2789.288,SSE,/api/inference/stream,True,,12,9,,
1790482669.877279,1790482672.668308,42713.482169,42716.273199,2791.029,SSE,/api/inference/stream,True,,12,10,,
1790482669.900288,1790482672.690085,42713.505178,42716.294976,2789.798,SSE,/api/inference/stream,True,,12,11,,
1790482669.932838,1790482672.724305,42713.537728,42716.329195,2791.467,SSE,/api/inference/stream,True,,12,12,,
1790482669.956017,1790482672.746062,42713.560907,42716.350952,2790.045,SSE,/api/inference/stream,True,,12,13,,
1790482669.990405,1790482672.782415,42713.595296,42716.387305,2792.01,SSE,/api/inference/stream,True,,12,14,,
1790482670.015667,1790482672.804858,42713.620558,42716.409749,2789.191,SSE,/api/inference/stream,True,,12,15,,
1790482670.042476,1790482672.831464,42713.647367,42716.436355,2788.988,SSE,/api/inference/stream,True,,12,16,,
1790482670.069998,1790482672.860656,42713.674889,42716.465547,2790.658,SSE,/api/inference/stream,True,,12,17,,
1790482670.103721,1790482672.89198,42713.708612,42716.496871,2788.258,SSE,/api/inference/stream,True,,12,18,,
1790482670.120844,1790482672.909477,42713.725735,42716.514367,2788.633,SSE,/api/inference/stream,True,,12,19,,
1790482670.158679,1790482672.948578,42713.763569,42716.553469,2789.899,SSE,/api/inference/stream,True,,12,20,,
1790482670.175456,1790482672.965846,42713.780347,42716.570737,2790.39,SSE,/api/inference/stream,True,,12,21,,
1790482670.220432,1790482673.009831,42713.825323,42716.614722,2789.399,SSE,/api/inference/stream,True,,12,22,,
1790482670.231429,1790482673.020829,42713.83632,42716.62572,2789.4,SSE,/api/inference/stream,True,,12,23,,
1790482670.272326,1790482673.061557,42713.877217,42716.666448,2789.231,SSE,/api/inference/stream,True,,12,24,,
1790482670.305382,1790482673.095797,42713.910272,42716.700688,2790.416,SSE,/api/inference/stream,True,,12,25,,
1790482670.322658,1790482673.110455,42713.927548,42716.715345,2787.797,SSE,/api/inference/stream,True,,12,26,,
1790482670.358817,1790482673.148928,42713.963708,42716.753819,2790.111,SSE,/api/inference/stream,True,,12,27,,
1790482670.418191,1790482673.207656,42714.023082,42716.812547,2789.465,SSE,/api/inference/stream,True,,12,28,,
1790482670.436361,1790482673.229395,42714.041252,42716.834286,2793.034,SSE,/api/inference/stream,True,,12,30,,
1790482670.43779,1790482673.231262,42714.042681,42716.836153,2793.472,SSE,/api/inference/stream,True,,12,29,,
1790482670.469738,1790482673.261346,42714.074629,42716.866237,2791.608,SSE,/api/inference/stream,True,,12,31,,
1790482670.504671,1790482673.296071,42714.109562,42716.900961,2791.399,SSE,/api/inference/stream,True,,12,32,,
1790482670.52234,1790482673.312747,42714.12723,42716.917638,2790.407,SSE,/api/inference/stream,True,,12,33,,
1790482670.544446,1790482673.333055,42714.149337,42716.937946,2788.609,SSE,/api/inference/stream,True,,12,34,,
1790482670.581429,1790482673.372382,42714.18632,42716.977274,2790.953,SSE,/api/inference/stream,True,,12,35,,
1790482670.598205,1790482673.389275,42714.203096,42716.994166,2791.07,SSE,/api/inference/stream,True,,12,36,,
1790482670.621626,1790482673.409646,42714.226517,42717.014537,2788.02,SSE,/api/inference/stream,True,,12,37,,
1790482670.647282,1790482673.437185,42714.252172,42717.042075,2789.903,SSE,/api/inference/stream,True,,12,38,,
1790482670.68605,1790482673.475979,42714.290941,42717.08087,2789.929,SSE,/api/inference/stream,True,,12,39,,
1790482670.708204,1790482673.500688,42714.313094,42717.105579,2792.485,SSE,/api/inference/stream,True,,12,40,,
1790482670.749282,1790482673.538367,42714.354173,42717.143258,2789.085,SSE,/api/inference/stream,True,,12,41,,
1790482670.762974,1790482673.552632,42714.367864,42717.157522,2789.658,SSE,/api/inference/stream,True,,12,42,,
1790482670.802694,1790482673.592817,42714.407585,42717.197708,2790.123,SSE,/api/inference/stream,True,,12,43,,
1790482670.819394,1790482673.609372,42714.424284,42717.214262,2789.978,SSE,/api/inference/stream,True,,12,44,,
1790482670.851604,1790482673.64079,42714.456494,42717.24568,2789.186,SSE,/api/inference/stream,True,,12,45,,
1790482670.874434,1790482673.662852,42714.479325,42717.267742,2788.418,SSE,/api/inference/stream,True,,12,46,,
1790482670.907347,1790482673.697397,42714.512237,42717.302288,2790.051,SSE,/api/inference/stream,True,,12,47,,
1790482670.927309,1790482673.715821,42714.5322,42717.320711,2788.511,SSE,/api/inference/stream,True,,12,48,,
1790482670.965829,1790482673.755448,42714.57072,42717.360339,2789.619,SSE,/api/inference/stream,True,,12,49,,
1790482670.985928,1790482673.777116,42714.590819,42717.382007,2791.188,SSE,/api/inference/stream,True,,12,50,,
1790482671.023114,1790482673.814609,42714.628005,42717.4195,2791.495,SSE,/api/inference/stream,True,,12,51,,
1790482671.03903,1790482673.828803,42714.643921,42717.433694,2789.772,SSE,/api/inference/stream,True,,12,52,,
1790482671.077168,1790482673.867073,42714.682059,42717.471963,2789.904,SSE,/api/inference/stream,True,,12,53,,
1790482671.111232,1790482673.901272,42714.716122,42717.506163,2790.04,SSE,/api/inference/stream,True,,12,54,,
1790482671.171623,1790482673.965818,42714.776513,42717.570708,2794.195,SSE,/api/inference/stream,True,,12,55,,
1790482671.173039,1790482673.967926,42714.777931,42717.572817,2794.886,SSE,/api/inference/stream,True,,12,56,,
1790482671.188544,1790482673.97723,42714.793435,42717.582121,2788.686,SSE,/api/inference/stream,True,,12,57,,
1790482671.203608,1790482673.992403,42714.808499,42717.597294,2788.795,SSE,/api/inference/stream,True,,12,58,,
1790482671.241075,1790482674.030483,42714.845966,42717.635374,2789.408,SSE,/api/inference/stream,True,,12,59,,
1790482671.34734,1790482674.139108,42714.95223,42717.743999,2791.768,SSE,/api/inference/stream,True,,12,60,,
1790482671.371123,1790482674.168562,42714.976013,42717.773452,2797.439,SSE,/api/inference/stream,True,,12,61,,
1790482671.374537,1790482674.170944,42714.979428,42717.775835,2796.407,SSE,/api/inference/stream,True,,12,62,,
1790482671.37688,1790482674.173792,42714.981771,42717.778683,2796.912,SSE,/api/inference/stream,True,,12,63,,
1790482671.388706,1790482674.178918,42714.993597,42717.783809,2790.212,SSE,/api/inference/stream,True,,12,64,,
1790482671.404407,1790482674.194679,42715.009298,42717.79957,2790.273,SSE,/api/inference/stream,True,,12,65,,
1790482671.438102,1790482674.227898,42715.042993,42717.832789,2789.796,SSE,/api/inference/stream,True,,12,66,,
1790482671.460222,1790482674.2496,42715.065113,42717.854491,2789.378,SSE,/api/inference/stream,True,,12,67,,
1790482671.479186,1790482674.268722,42715.084077,42717.873613,2789.536,SSE,/api/inference/stream,True,,12,68,,
1790482671.513613,1790482674.306062,42715.118504,42717.910953,2792.448,SSE,/api/inference/stream,True,,12,69,,
1790482671.556349,1790482674.343742,42715.16124,42717.948633,2787.393,SSE,/api/inference/stream,True,,12,70,,
1790482671.569387,1790482674.358449,42715.174278,42717.96334,2789.062,SSE,/api/inference/stream,True,,12,71,,
1790482671.607655,1790482674.43353,42715.212546,42718.038422,2825.875,SSE,/api/inference/stream,True,,12,72,,
1790482671.620074,1790482674.434729,42715.224965,42718.03962,2814.655,SSE,/api/inference/stream,True,,12,73,,
1790482671.657585,1790482674.445277,42715.262477,42718.050168,2787.692,SSE,/api/inference/stream,True,,12,74,,
1790482671.680801,1790482674.469984,42715.285692,42718.074875,2789.182,SSE,/api/inference/stream,True,,12,75,,
1790482671.757564,1790482674.548435,42715.362455,42718.153326,2790.871,SSE,/api/inference/stream,True,,12,77,,
1790482671.755865,1790482674.549936,42715.360756,42718.154827,2794.071,SSE,/api/inference/stream,True,,12,76,,
1790482671.774556,1790482674.563248,42715.379447,42718.168139,2788.692,SSE,/api/inference/stream,True,,12,78,,
1790482671.791912,1790482674.582162,42715.396803,42718.187053,2790.25,SSE,/api/inference/stream,True,,12,79,,
1790482671.821437,1790482674.608751,42715.426327,42718.213641,2787.314,SSE,/api/inference/stream,True,,12,80,,
1790482671.851779,1790482674.6425,42715.456669,42718.247391,2790.721,SSE,/api/inference/stream,True,,12,81,,
1790482671.884723,1790482674.674388,42715.489614,42718.279278,2789.664,SSE,/api/inference/stream,True,,12,82,,
1790482671.919363,1790482674.708486,42715.524254,42718.313377,2789.122,SSE,/api/inference/stream,True,,12,83,,
1790482671.938445,1790482674.730283,42715.543335,42718.335173,2791.838,SSE,/api/inference/stream,True,,12,84,,
1790482671.954514,1790482674.745513,42715.559405,42718.350404,2791.0,SSE,/api/inference/stream,True,,12,85,,
1790482671.996275,1790482674.785834,42715.601165,42718.390725,2789.559,SSE,/api/inference/stream,True,,12,86,,
1790482672.009735,1790482674.802448,42715.614626,42718.407339,2792.713,SSE,/api/inference/stream,True,,12,87,,
1790482672.049511,1790482674.841127,42715.654403,42718.446018,2791.616,SSE,/api/inference/stream,True,,12,88,,
1790482672.085764,1790482674.876365,42715.690655,42718.481256,2790.601,SSE,/api/inference/stream,True,,12,89,,
1790482672.102852,1790482674.891645,42715.707743,42718.496536,2788.794,SSE,/api/inference/stream,True,,12,90,,
1790482672.120095,1790482674.91283,42715.724986,42718.517721,2792.735,SSE,/api/inference/stream,True,,12,91,,
1790482672.156604,1790482674.947047,42715.761495,42718.551938,2790.443,SSE,/api/inference/stream,True,,12,92,,
1790482672.176198,1790482674.966323,42715.781089,42718.571214,2790.125,SSE,/api/inference/stream,True,,12,93,,
1790482672.2139,1790482675.005551,42715.818791,42718.610442,2791.65,SSE,/api/inference/stream,True,,12,94,,
1790482672.251519,1790482675.042228,42715.85641,42718.647118,2790.709,SSE,/api/inference/stream,True,,12,95,,
1790482672.258764,1790482675.050035,42715.863655,42718.654926,2791.271,SSE,/api/inference/stream,True,,12,96,,
1790482672.292555,1790482675.081918,42715.897446,42718.686808,2789.363,SSE,/api/inference/stream,True,,12,97,,
1790482672.320908,1790482675.113876,42715.925799,42718.718767,2792.968,SSE,/api/inference/stream,True,,12,98,,
1790482672.358668,1790482675.149924,42715.963559,42718.754815,2791.256,SSE,/api/inference/stream,True,,12,99,,
1790482672.401632,1790482675.192141,42716.006523,42718.797032,2790.51,SSE,/api/inference/stream,True,,12,0,,
1790482672.416365,1790482675.206565,42716.021256,42718.811456,2790.2,SSE,/api/inference/stream,True,,12,1,,
1790482672.45638,1790482675.245248,42716.061271,42718.850139,2788.868,SSE,/api/inference/stream,True,,12,2,,
1790482672.49412,1790482675.288376,42716.09901,42718.893266,2794.256,SSE,/api/inference/stream,True,,12,4,,
1790482672.49568,1790482675.289922,42716.100571,42718.894814,2794.243,SSE,/api/inference/stream,True,,12,3,,
1790482672.528927,1790482675.31965,42716.133818,42718.924541,2790.723,SSE,/api/inference/stream,True,,12,5,,
1790482672.563387,1790482675.351962,42716.168278,42718.956853,2788.574,SSE,/api/inference/stream,True,,12,6,,
1790482672.58142,1790482675.371296,42716.186311,42718.976187,2789.876,SSE,/api/inference/stream,True,,12,7,,
1790482672.61977,1790482675.410116,42716.22466,42719.015007,2790.346,SSE,/api/inference/stream,True,,12,8,,
1790482672.631426,1790482675.41894,42716.236318,42719.023831,2787.514,SSE,/api/inference/stream,True,,12,9,,
1790482672.66863,1790482675.459266,42716.273521,42719.064157,2790.636,SSE,/api/inference/stream,True,,12,10,,
1790482672.690358,1790482675.481215,42716.295249,42719.086106,2790.857,SSE,/api/inference/stream,True,,12,11,,
1790482672.724607,1790482675.515994,42716.329498,42719.120885,2791.387,SSE,/api/inference/stream,True,,12,12,,
1790482672.746374,1790482675.537109,42716.351265,42719.142,2790.735,SSE,/api/inference/stream,True,,12,13,,
1790482672.782685,1790482675.574059,42716.387576,42719.17895,2791.374,SSE,/api/inference/stream,True,,12,14,,
1790482672.805211,1790482675.594225,42716.410101,42719.199116,2789.015,SSE,/api/inference/stream,True,,12,15,,
1790482672.831746,1790482675.621397,42716.436636,42719.226287,2789.651,SSE,/api/inference/stream,True,,12,16,,
1790482672.860959,1790482675.650392,42716.46585,42719.255282,2789.433,SSE,/api/inference/stream,True,,12,17,,
1790482672.89226,1790482675.684165,42716.497151,42719.289056,2791.905,SSE,/api/inference/stream,True,,12,18,,
1790482672.909834,1790482675.699821,42716.514725,42719.304711,2789.987,SSE,/api/inference/stream,True,,12,19,,
1790482672.948918,1790482675.740169,42716.553808,42719.34506,2791.251,SSE,/api/inference/stream,True,,12,20,,
1790482672.966077,1790482675.754262,42716.570968,42719.359153,2788.185,SSE,/api/inference/stream,True,,12,21,,
1790482673.010144,1790482675.799301,42716.615034,42719.404191,2789.158,SSE,/api/inference/stream,True,,12,22,,
1790482673.021042,1790482675.811382,42716.625933,42719.416273,2790.34,SSE,/api/inference/stream,True,,12,23,,
1790482673.061807,1790482675.852172,42716.666697,42719.457062,2790.365,SSE,/api/inference/stream,True,,12,24,,
1790482673.096128,1790482675.887336,42716.701018,42719.492227,2791.209,SSE,/api/inference/stream,True,,12,25,,
1790482673.110769,1790482675.900752,42716.715659,42719.505642,2789.983,SSE,/api/inference/stream,True,,12,26,,
1790482673.14919,1790482675.940086,42716.754082,42719.544977,2790.895,SSE,/api/inference/stream,True,,12,27,,
1790482673.207961,1790482675.998444,42716.812852,42719.603335,2790.483,SSE,/api/inference/stream,True,,12,28,,
1790482673.229669,1790482676.023302,42716.83456,42719.628193,2793.633,SSE,/api/inference/stream,True,,12,30,,
1790482673.231535,1790482676.02524,42716.836427,42719.630131,2793.704,SSE,/api/inference/stream,True,,12,29,,
1790482673.261506,1790482676.050306,42716.866397,42719.655197,2788.8,SSE,/api/inference/stream,True,,12,31,,
1790482673.296365,1790482676.086624,42716.901256,42719.691515,2790.259,SSE,/api/inference/stream,True,,12,32,,
1790482673.313042,1790482676.10306,42716.917933,42719.707951,2790.018,SSE,/api/inference/stream,True,,12,33,,
1790482673.333341,1790482676.124609,42716.938232,42719.7295,2791.268,SSE,/api/inference/stream,True,,12,34,,
1790482673.372642,1790482676.162895,42716.977533,42719.767786,2790.254,SSE,/api/inference/stream,True,,12,35,,
1790482673.389539,1790482676.178383,42716.99443,42719.783273,2788.843,SSE,/api/inference/stream,True,,12,36,,
1790482673.409999,1790482676.19874,42717.01489,42719.803631,2788.742,SSE,/api/inference/stream,True,,12,37,,
1790482673.437475,1790482676.226319,42717.042366,42719.83121,2788.844,SSE,/api/inference/stream,True,,12,38,,
1790482673.476271,1790482676.268074,42717.081162,42719.872965,2791.803,SSE,/api/inference/stream,True,,12,39,,
1790482673.500989,1790482676.290444,42717.10588,42719.895335,2789.455,SSE,/api/inference/stream,True,,12,40,,
1790482673.53864,1790482676.327737,42717.14353,42719.932628,2789.098,SSE,/api/inference/stream,True,,12,41,,
1790482673.552921,1790482676.342381,42717.157811,42719.947272,2789.461,SSE,/api/inference/stream,True,,12,42,,
1790482673.593203,1790482676.384933,42717.198093,42719.989824,2791.731,SSE,/api/inference/stream,True,,12,43,,
1790482673.609685,1790482676.400177,42717.214576,42720.005067,2790.491,SSE,/api/inference/stream,True,,12,44,,
1790482673.641075,1790482676.430458,42717.245966,42720.035349,2789.383,SSE,/api/inference/stream,True,,12,45,,
1790482673.66323,1790482676.453925,42717.268121,42720.058816,2790.695,SSE,/api/inference/stream,True,,12,46,,
1790482673.697698,1790482676.488501,42717.302588,42720.093392,2790.804,SSE,/api/inference/stream,True,,12,47,,
1790482673.716193,1790482676.507808,42717.321084,42720.112698,2791.615,SSE,/api/inference/stream,True,,12,48,,
1790482673.755804,1790482676.545587,42717.360695,42720.150478,2789.783,SSE,/api/inference/stream,True,,12,49,,
1790482673.777832,1790482676.566196,42717.382723,42720.171087,2788.364,SSE,/api/inference/stream,True,,12,50,,
1790482673.815006,1790482676.604457,42717.419896,42720.209347,2789.451,SSE,/api/inference/stream,True,,12,51,,
1790482673.829062,1790482676.621279,42717.433953,42720.22617,2792.216,SSE,/api/inference/stream,True,,12,52,,
1790482673.867411,1790482676.658514,42717.472301,42720.263405,2791.104,SSE,/api/inference/stream,True,,12,53,,
1790482673.90186,1790482676.691169,42717.506751,42720.296059,2789.309,SSE,/api/inference/stream,True,,12,54,,
1790482673.966114,1790482676.759467,42717.571005,42720.364358,2793.353,SSE,/api/inference/stream,True,,12,55,,
1790482673.968142,1790482676.762233,42717.573033,42720.367124,2794.091,SSE,/api/inference/stream,True,,12,56,,
1790482673.977392,1790482676.772317,42717.582282,42720.377208,2794.925,SSE,/api/inference/stream,True,,12,57,,
1790482673.992566,1790482676.780142,42717.597457,42720.385033,2787.576,SSE,/api/inference/stream,True,,12,58,,
1790482674.030933,1790482676.821002,42717.635824,42720.425893,2790.069,SSE,/api/inference/stream,True,,12,59,,
1790482674.139449,1790482676.931299,42717.744339,42720.53619,2791.85,SSE,/api/inference/stream,True,,12,60,,
1790482674.168869,1790482676.965043,42717.77376,42720.569933,2796.174,SSE,/api/inference/stream,True,,12,61,,
1790482674.171202,1790482676.967677,42717.776093,42720.572569,2796.475,SSE,/api/inference/stream,True,,12,62,,
1790482674.174001,1790482676.97113,42717.778892,42720.576021,2797.13,SSE,/api/inference/stream,True,,12,63,,
1790482674.179089,1790482676.977422,42717.78398,42720.582313,2798.334,SSE,/api/inference/stream,True,,12,64,,
1790482674.194829,1790482676.98402,42717.79972,42720.588911,2789.192,SSE,/api/inference/stream,True,,12,65,,
1790482674.2282,1790482677.022666,42717.833091,42720.627557,2794.466,SSE,/api/inference/stream,True,,12,66,,
1790482674.249933,1790482677.037707,42717.854824,42720.642597,2787.774,SSE,/api/inference/stream,True,,12,67,,
1790482674.268971,1790482677.060467,42717.873862,42720.665358,2791.496,SSE,/api/inference/stream,True,,12,68,,
1790482674.306327,1790482677.0951,42717.911218,42720.699991,2788.773,SSE,/api/inference/stream,True,,12,69,,
1790482674.343981,1790482677.133372,42717.948872,42720.738263,2789.391,SSE,/api/inference/stream,True,,12,70,,
1790482674.358769,1790482677.149257,42717.96366,42720.754149,2790.488,SSE,/api/inference/stream,True,,12,71,,
1790482674.4337,1790482677.223389,42718.03859,42720.82828,2789.689,SSE,/api/inference/stream,True,,12,72,,
1790482674.434853,1790482677.225495,42718.039744,42720.830386,2790.642,SSE,/api/inference/stream,True,,12,73,,
1790482674.445464,1790482677.23471,42718.050355,42720.839601,2789.246,SSE,/api/inference/stream,True,,12,74,,
1790482674.470233,1790482677.259832,42718.075124,42720.864723,2789.599,SSE,/api/inference/stream,True,,12,75,,
1790482674.548727,1790482677.341017,42718.153618,42720.945908,2792.29,SSE,/api/inference/stream,True,,12,77,,
1790482674.550248,1790482677.342668,42718.155139,42720.947559,2792.42,SSE,/api/inference/stream,True,,12,76,,
1790482674.563389,1790482677.352729,42718.16828,42720.95762,2789.341,SSE,/api/inference/stream,True,,12,78,,
1790482674.582449,1790482677.372654,42718.18734,42720.977545,2790.205,SSE,/api/inference/stream,True,,12,79,,
1790482674.609076,1790482677.40075,42718.213967,42721.00564,2791.673,SSE,/api/inference/stream,True,,12,80,,
1790482674.642813,1790482677.431028,42718.247704,42721.035919,2788.215,SSE,/api/inference/stream,True,,12,81,,
1790482674.674731,1790482677.464922,42718.279622,42721.069813,2790.19,SSE,/api/inference/stream,True,,12,82,,
1790482674.708785,1790482677.498927,42718.313676,42721.103817,2790.141,SSE,/api/inference/stream,True,,12,83,,
1790482674.730633,1790482677.519704,42718.335523,42721.124594,2789.071,SSE,/api/inference/stream,True,,12,84,,
1790482674.745771,1790482677.538388,42718.350662,42721.143279,2792.617,SSE,/api/inference/stream,True,,12,85,,
1790482674.786113,1790482677.576638,42718.391004,42721.181528,2790.524,SSE,/api/inference/stream,True,,12,86,,
1790482674.802751,1790482677.593642,42718.407641,42721.198532,2790.891,SSE,/api/inference/stream,True,,12,87,,
1790482674.841405,1790482677.63199,42718.446296,42721.236881,2790.585,SSE,/api/inference/stream,True,,12,88,,
1790482674.876685,1790482677.666284,42718.481576,42721.271174,2789.598,SSE,/api/inference/stream,True,,12,89,,
1790482674.891963,1790482677.683483,42718.496854,42721.288373,2791.519,SSE,/api/inference/stream,True,,12,90,,
1790482674.913154,1790482677.703742,42718.518044,42721.308633,2790.588,SSE,/api/inference/stream,True,,12,91,,
1790482674.94741,1790482677.737714,42718.552301,42721.342604,2790.304,SSE,/api/inference/stream,True,,12,92,,
1790482674.966609,1790482677.757475,42718.5715,42721.362365,2790.866,SSE,/api/inference/stream,True,,12,93,,
1790482675.00594,1790482677.79811,42718.610831,42721.403002,2792.17,SSE,/api/inference/stream,True,,12,94,,
1790482675.042511,1790482677.834441,42718.647401,42721.439331,2791.93,SSE,/api/inference/stream,True,,12,95,,
1790482675.050255,1790482677.840669,42718.655146,42721.44556,2790.415,SSE,/api/inference/stream,True,,12,96,,
1790482675.082154,1790482677.871091,42718.687045,42721.475982,2788.937,SSE,/api/inference/stream,True,,12,97,,
1790482675.114141,1790482677.904914,42718.719032,42721.509804,2790.772,SSE,/api/inference/stream,True,,12,98,,
1790482675.150186,1790482677.942105,42718.755077,42721.546996,2791.919,SSE,/api/inference/stream,True,,12,99,,
1790482675.192363,1790482677.980896,42718.797254,42721.585787,2788.534,SSE,/api/inference/stream,True,,12,0,,
1790482675.20678,1790482677.996095,42718.811671,42721.600986,2789.315,SSE,/api/inference/stream,True,,12,1,,
1790482675.245506,1790482678.033568,42718.850397,42721.638459,2788.062,SSE,/api/inference/stream,True,,12,2,,
1790482675.288662,1790482678.085934,42718.893552,42721.690824,2797.272,SSE,/api/inference/stream,True,,12,4,,
1790482675.290194,1790482678.089844,42718.895085,42721.694734,2799.65,SSE,/api/inference/stream,True,,12,3,,
1790482675.319915,1790482678.109207,42718.924806,42721.714098,2789.292,SSE,/api/inference/stream,True,,12,5,,
1790482675.352258,1790482678.141188,42718.957149,42721.746078,2788.929,SSE,/api/inference/stream,True,,12,6,,
1790482675.371577,1790482678.160664,42718.976468,42721.765555,2789.086,SSE,/api/inference/stream,True,,12,7,,
1790482675.410393,1790482678.198648,42719.015285,42721.803539,2788.254,SSE,/api/inference/stream,True,,12,8,,
1790482675.419229,1790482678.209307,42719.02412,42721.814198,2790.078,SSE,/api/inference/stream,True,,12,9,,
1790482675.459582,1790482678.248514,42719.064473,42721.853405,2788.933,SSE,/api/inference/stream,True,,12,10,,
1790482675.481472,1790482678.270022,42719.086363,42721.874913,2788.55,SSE,/api/inference/stream,True,,12,11,,
1790482675.516211,1790482678.304938,42719.121102,42721.909829,2788.727,SSE,/api/inference/stream,True,,12,12,,
1790482675.537359,1790482678.325429,42719.14225,42721.93032,2788.07,SSE,/api/inference/stream,True,,12,13,,
1790482675.574322,1790482678.364584,42719.179213,42721.969474,2790.261,SSE,/api/inference/stream,True,,12,14,,
1790482675.594603,1790482678.384341,42719.199494,42721.989231,2789.737,SSE,/api/inference/stream,True,,12,15,,
1790482675.621645,1790482678.40974,42719.226536,42722.014631,2788.095,SSE,/api/inference/stream,True,,12,16,,
1790482675.650692,1790482678.439328,42719.255583,42722.044219,2788.636,SSE,/api/inference/stream,True,,12,17,,
1790482675.684439,1790482678.476864,42719.28933,42722.081754,2792.424,SSE,/api/inference/stream,True,,12,18,,
1790482675.700091,1790482678.490191,42719.304982,42722.095082,2790.1,SSE,/api/inference/stream,True,,12,19,,
1790482675.740521,1790482678.530138,42719.345411,42722.135029,2789.618,SSE,/api/inference/stream,True,,12,20,,
1790482675.754563,1790482678.545126,42719.359453,42722.150016,2790.563,SSE,/api/inference/stream,True,,12,21,,
1790482675.799689,1790482678.590019,42719.40458,42722.194909,2790.329,SSE,/api/inference/stream,True,,12,22,,
1790482675.81159,1790482678.600159,42719.416481,42722.20505,2788.569,SSE,/api/inference/stream,True,,12,23,,
1790482675.852541,1790482678.641053,42719.457432,42722.245944,2788.513,SSE,/api/inference/stream,True,,12,24,,
1790482675.887674,1790482678.676581,42719.492565,42722.281472,2788.907,SSE,/api/inference/stream,True,,12,25,,
1790482675.901059,1790482678.691522,42719.50595,42722.296412,2790.463,SSE,/api/inference/stream,True,,12,26,,
1790482675.940407,1790482678.728667,42719.545299,42722.333558,2788.259,SSE,/api/inference/stream,True,,12,27,,
1790482675.998811,1790482678.788291,42719.603702,42722.393181,2789.479,SSE,/api/inference/stream,True,,12,28,,
1790482676.025537,1790482678.814277,42719.630428,42722.419167,2788.739,SSE,/api/inference/stream,True,,12,29,,
1790482676.02357,1790482678.816515,42719.628461,42722.421406,2792.945,SSE,/api/inference/stream,True,,12,30,,
1790482676.050477,1790482678.837371,42719.655368,42722.442262,2786.894,SSE,/api/inference/stream,True,,12,31,,
1790482676.086883,1790482678.876723,42719.691774,42722.481614,2789.84,SSE,/api/inference/stream,True,,12,32,,
1790482676.103417,1790482678.893354,42719.708308,42722.498246,2789.937,SSE,/api/inference/stream,True,,12,33,,
1790482676.124895,1790482678.915784,42719.729786,42722.520675,2790.889,SSE,/api/inference/stream,True,,12,34,,
1790482676.16323,1790482678.953515,42719.768121,42722.558406,2790.285,SSE,/api/inference/stream,True,,12,35,,
1790482676.178658,1790482678.967646,42719.783548,42722.572537,2788.989,SSE,/api/inference/stream,True,,12,36,,
1790482676.199049,1790482678.990205,42719.80394,42722.595095,2791.156,SSE,/api/inference/stream,True,,12,37,,
1790482676.226606,1790482679.018696,42719.831497,42722.623586,2792.09,SSE,/api/inference/stream,True,,12,38,,
1790482676.268438,1790482679.059501,42719.873329,42722.664392,2791.063,SSE,/api/inference/stream,True,,12,39,,
1790482676.290786,1790482679.080102,42719.895677,42722.684993,2789.316,SSE,/api/inference/stream,True,,12,40,,
1790482676.328121,1790482679.117376,42719.933012,42722.722266,2789.254,SSE,/api/inference/stream,True,,12,41,,
1790482676.342664,1790482679.131428,42719.947555,42722.736319,2788.764,SSE,/api/inference/stream,True,,12,42,,
1790482676.385432,1790482679.174502,42719.990323,42722.779393,2789.07,SSE,/api/inference/stream,True,,12,43,,
1790482676.400502,1790482679.190228,42720.005393,42722.795118,2789.725,SSE,/api/inference/stream,True,,12,44,,
1790482676.430764,1790482679.220325,42720.035655,42722.825215,2789.56,SSE,/api/inference/stream,True,,12,45,,
1790482676.454214,1790482679.245021,42720.059105,42722.849912,2790.807,SSE,/api/inference/stream,True,,12,46,,
1790482676.488805,1790482679.278401,42720.093695,42722.883292,2789.597,SSE,/api/inference/stream,True,,12,47,,
1790482676.508132,1790482679.299395,42720.113023,42722.904286,2791.263,SSE,/api/inference/stream,True,,12,48,,
1790482676.545927,1790482679.334497,42720.150817,42722.939388,2788.571,SSE,/api/inference/stream,True,,12,49,,
1790482676.566448,1790482679.358924,42720.17134,42722.963815,2792.475,SSE,/api/inference/stream,True,,12,50,,
1790482676.604809,1790482679.394226,42720.2097,42722.999117,2789.417,SSE,/api/inference/stream,True,,12,51,,
1790482676.621511,1790482679.410583,42720.226401,42723.015473,2789.072,SSE,/api/inference/stream,True,,12,52,,
1790482676.658785,1790482679.450969,42720.263676,42723.05586,2792.184,SSE,/api/inference/stream,True,,12,53,,
1790482676.691491,1790482679.483368,42720.296382,42723.088259,2791.877,SSE,/api/inference/stream,True,,12,54,,
1790482676.759775,1790482679.561626,42720.364666,42723.166517,2801.851,SSE,/api/inference/stream,True,,12,55,,
1790482676.762485,1790482679.564675,42720.367376,42723.169566,2802.19,SSE,/api/inference/stream,True,,12,56,,
1790482676.772558,1790482679.569819,42720.377449,42723.17471,2797.261,SSE,/api/inference/stream,True,,12,57,,
1790482676.780368,1790482679.577426,42720.385259,42723.182317,2797.058,SSE,/api/inference/stream,True,,12,58,,
1790482676.821284,1790482679.611376,42720.426175,42723.216267,2790.093,SSE,/api/inference/stream,True,,12,59,,
1790482676.931588,1790482679.722583,42720.536479,42723.327474,2790.995,SSE,/api/inference/stream,True,,12,60,,
1790482676.965314,1790482679.763687,42720.570205,42723.368578,2798.373,SSE,/api/inference/stream,True,,12,61,,
1790482676.971462,1790482679.769924,42720.576353,42723.374815,2798.462,SSE,/api/inference/stream,True,,12,63,,
1790482676.96807,1790482679.775792,42720.572961,42723.380683,2807.723,SSE,/api/inference/stream,True,,12,62,,
1790482676.977701,1790482679.778313,42720.582592,42723.383205,2800.613,SSE,/api/inference/stream,True,,12,64,,
1790482676.984229,1790482679.78117,42720.58912,42723.386062,2796.942,SSE,/api/inference/stream,True,,12,65,,
1790482677.022964,1790482679.817033,42720.627854,42723.421924,2794.07,SSE,/api/inference/stream,True,,12,66,,
1790482677.038062,1790482679.826359,42720.642953,42723.43125,2788.297,SSE,/api/inference/stream,True,,12,67,,
1790482677.060755,1790482679.851056,42720.665646,42723.455947,2790.301,SSE,/api/inference/stream,True,,12,68,,
1790482677.095459,1790482679.884601,42720.70035,42723.489491,2789.142,SSE,/api/inference/stream,True,,12,69,,
1790482677.133645,1790482679.923844,42720.738536,42723.528734,2790.198,SSE,/api/inference/stream,True,,12,70,,
1790482677.149537,1790482679.940795,42720.754428,42723.545685,2791.257,SSE,/api/inference/stream,True,,12,71,,
1790482677.223771,1790482680.019196,42720.828662,42723.624087,2795.424,SSE,/api/inference/stream,True,,12,72,,
1790482677.225955,1790482680.021074,42720.830846,42723.625965,2795.12,SSE,/api/inference/stream,True,,12,73,,
1790482677.234937,1790482680.033512,42720.839828,42723.638403,2798.575,SSE,/api/inference/stream,True,,12,74,,
1790482677.260125,1790482680.056512,42720.865016,42723.661403,2796.387,SSE,/api/inference/stream,True,,12,75,,
1790482677.3413,1790482680.136573,42720.94619,42723.741463,2795.273,SSE,/api/inference/stream,True,,12,77,,
1790482677.342964,1790482680.140129,42720.947855,42723.745021,2797.165,SSE,/api/inference/stream,True,,12,76,,
1790482677.35297,1790482680.149411,42720.957861,42723.754302,2796.442,SSE,/api/inference/stream,True,,12,78,,
1790482677.372949,1790482680.162811,42720.97784,42723.767703,2789.862,SSE,/api/inference/stream,True,,12,79,,
1790482677.400994,1790482680.189224,42721.005885,42723.794114,2788.229,SSE,/api/inference/stream,True,,12,80,,
1790482677.431312,1790482680.219733,42721.036202,42723.824624,2788.421,SSE,/api/inference/stream,True,,12,81,,
1790482677.465182,1790482680.254865,42721.070072,42723.859756,2789.684,SSE,/api/inference/stream,True,,12,82,,
1790482677.49932,1790482680.290816,42721.104211,42723.895707,2791.496,SSE,/api/inference/stream,True,,12,83,,
1790482677.520054,1790482680.308287,42721.124944,42723.913178,2788.233,SSE,/api/inference/stream,True,,12,84,,
1790482677.538654,1790482680.330076,42721.143544,42723.934967,2791.422,SSE,/api/inference/stream,True,,12,85,,
1790482677.576932,1790482680.367506,42721.181823,42723.972397,2790.573,SSE,/api/inference/stream,True,,12,86,,
1790482677.593927,1790482680.384562,42721.198818,42723.989453,2790.635,SSE,/api/inference/stream,True,,12,87,,
1790482677.632251,1790482680.422047,42721.237142,42724.026938,2789.796,SSE,/api/inference/stream,True,,12,88,,
1790482677.666562,1790482680.456125,42721.271453,42724.061016,2789.564,SSE,/api/inference/stream,True,,12,89,,
1790482677.6838,1790482680.471825,42721.28869,42724.076716,2788.025,SSE,/api/inference/stream,True,,12,90,,
1790482677.704014,1790482680.493736,42721.308905,42724.098627,2789.722,SSE,/api/inference/stream,True,,12,91,,
1790482677.738019,1790482680.529289,42721.34291,42724.134179,2791.269,SSE,/api/inference/stream,True,,12,92,,
1790482677.757815,1790482680.546616,42721.362706,42724.151506,2788.801,SSE,/api/inference/stream,True,,12,93,,
1790482677.798422,1790482680.589018,42721.403312,42724.193909,2790.596,SSE,/api/inference/stream,True,,12,94,,
1790482677.834768,1790482680.624616,42721.439658,42724.229507,2789.848,SSE,/api/inference/stream,True,,12,95,,
1790482677.840894,1790482680.631853,42721.445785,42724.236744,2790.959,SSE,/api/inference/stream,True,,12,96,,
1790482677.871464,1790482680.660739,42721.476355,42724.26563,2789.275,SSE,/api/inference/stream,True,,12,97,,
1790482677.905197,1790482680.69497,42721.510087,42724.299861,2789.773,SSE,/api/inference/stream,True,,12,98,,
1790482677.942329,1790482680.730609,42721.54722,42724.3355,2788.28,SSE,/api/inference/stream,True,,12,99,,
1790482677.981307,1790482680.770831,42721.586198,42724.375722,2789.524,SSE,/api/inference/stream,True,,12,0,,
1790482677.996351,1790482680.786328,42721.601242,42724.391219,2789.977,SSE,/api/inference/stream,True,,12,1,,
1790482678.03384,1790482680.822862,42721.63873,42724.427752,2789.022,SSE,/api/inference/stream,True,,12,2,,
1790482678.086238,1790482680.880204,42721.691129,42724.485095,2793.966,SSE,/api/inference/stream,True,,12,4,,
1790482678.090103,1790482680.881901,42721.694994,42724.486792,2791.798,SSE,/api/inference/stream,True,,12,3,,
1790482678.109564,1790482680.899511,42721.714454,42724.504402,2789.947,SSE,/api/inference/stream,True,,12,5,,
1790482678.141517,1790482680.932,42721.746408,42724.53689,2790.483,SSE,/api/inference/stream,True,,12,6,,
1790482678.160879,1790482680.949557,42721.76577,42724.554448,2788.677,SSE,/api/inference/stream,True,,12,7,,
1790482678.198898,1790482680.98775,42721.803789,42724.592641,2788.852,SSE,/api/inference/stream,True,,12,8,,
1790482678.209534,1790482680.999567,42721.814425,42724.604458,2790.033,SSE,/api/inference/stream,True,,12,9,,
1790482678.248776,1790482681.038361,42721.853667,42724.643252,2789.585,SSE,/api/inference/stream,True,,12,10,,
1790482678.270255,1790482681.060191,42721.875145,42724.665082,2789.936,SSE,/api/inference/stream,True,,12,11,,
1790482678.305243,1790482681.096238,42721.910134,42724.701129,2790.995,SSE,/api/inference/stream,True,,12,12,,
1790482678.325675,1790482681.116329,42721.930566,42724.72122,2790.654,SSE,/api/inference/stream,True,,12,13,,
1790482678.364851,1790482681.155262,42721.969742,42724.760153,2790.411,SSE,/api/inference/stream,True,,12,14,,
1790482678.384615,1790482681.173986,42721.989506,42724.778876,2789.37,SSE,/api/inference/stream,True,,12,15,,
1790482678.409998,1790482681.200124,42722.014889,42724.805014,2790.126,SSE,/api/inference/stream,True,,12,16,,
1790482678.439606,1790482681.228601,42722.044497,42724.833492,2788.995,SSE,/api/inference/stream,True,,12,17,,
1790482678.477134,1790482681.267088,42722.082024,42724.871978,2789.954,SSE,/api/inference/stream,True,,12,18,,
1790482678.490482,1790482681.280062,42722.095373,42724.884952,2789.58,SSE,/api/inference/stream,True,,12,19,,
1790482678.530486,1790482681.318936,42722.135376,42724.923827,2788.45,SSE,/api/inference/stream,True,,12,20,,
1790482678.545427,1790482681.33663,42722.150318,42724.941521,2791.203,SSE,/api/inference/stream,True,,12,21,,
1790482678.59039,1790482681.379276,42722.195281,42724.984166,2788.885,SSE,/api/inference/stream,True,,12,22,,
1790482678.600397,1790482681.3934,42722.205288,42724.998291,2793.003,SSE,/api/inference/stream,True,,12,23,,
1790482678.641378,1790482681.431011,42722.246269,42725.035902,2789.633,SSE,/api/inference/stream,True,,12,24,,
1790482678.676903,1790482681.467099,42722.281793,42725.07199,2790.197,SSE,/api/inference/stream,True,,12,25,,
1790482678.691855,1790482681.481647,42722.296746,42725.086538,2789.792,SSE,/api/inference/stream,True,,12,26,,
1790482678.728941,1790482681.520158,42722.333831,42725.125049,2791.217,SSE,/api/inference/stream,True,,12,27,,
1790482678.788655,1790482681.578235,42722.393546,42725.183126,2789.58,SSE,/api/inference/stream,True,,12,28,,
1790482678.81456,1790482681.609261,42722.41945,42725.214152,2794.701,SSE,/api/inference/stream,True,,12,29,,
1790482678.816758,1790482681.61066,42722.42165,42725.215551,2793.901,SSE,/api/inference/stream,True,,12,30,,
1790482678.837629,1790482681.627226,42722.44252,42725.232117,2789.597,SSE,/api/inference/stream,True,,12,31,,
1790482678.876992,1790482681.665932,42722.481884,42725.270823,2788.94,SSE,/api/inference/stream,True,,12,32,,
1790482678.893602,1790482681.683339,42722.498492,42725.28823,2789.738,SSE,/api/inference/stream,True,,12,33,,
1790482678.916153,1790482681.706561,42722.521044,42725.311452,2790.408,SSE,/api/inference/stream,True,,12,34,,
1790482678.95379,1790482681.742797,42722.558681,42725.347688,2789.007,SSE,/api/inference/stream,True,,12,35,,
1790482678.967919,1790482681.758922,42722.57281,42725.363813,2791.003,SSE,/api/inference/stream,True,,12,36,,
1790482678.990563,1790482681.779957,42722.595454,42725.384847,2789.393,SSE,/api/inference/stream,True,,12,37,,
1790482679.019026,1790482681.809395,42722.623917,42725.414286,2790.369,SSE,/api/inference/stream,True,,12,38,,
1790482679.05984,1790482681.849944,42722.66473,42725.454835,2790.105,SSE,/api/inference/stream,True,,12,39,,
1790482679.080408,1790482681.869984,42722.685299,42725.474875,2789.576,SSE,/api/inference/stream,True,,12,40,,
1790482679.117731,1790482681.908526,42722.722622,42725.513417,2790.796,SSE,/api/inference/stream,True,,12,41,,
1790482679.131701,1790482681.923351,42722.736592,42725.528242,2791.65,SSE,/api/inference/stream,True,,12,42,,
1790482679.174819,1790482681.96537,42722.77971,42725.570261,2790.551,SSE,/api/inference/stream,True,,12,43,,
1790482679.190593,1790482681.980767,42722.795484,42725.585658,2790.174,SSE,/api/inference/stream,True,,12,44,,
1790482679.220613,1790482682.010767,42722.825504,42725.615658,2790.154,SSE,/api/inference/stream,True,,12,45,,
1790482679.245255,1790482682.036333,42722.850146,42725.641224,2791.078,SSE,/api/inference/stream,True,,12,46,,
1790482679.278705,1790482682.069485,42722.883596,42725.674375,2790.78,SSE,/api/inference/stream,True,,12,47,,
1790482679.299682,1790482682.090097,42722.904572,42725.694988,2790.415,SSE,/api/inference/stream,True,,12,48,,
1790482679.334787,1790482682.125648,42722.939678,42725.730538,2790.861,SSE,/api/inference/stream,True,,12,49,,
1790482679.359275,1790482682.14966,42722.964166,42725.754551,2790.385,SSE,/api/inference/stream,True,,12,50,,
1790482679.394583,1790482682.184053,42722.999474,42725.788943,2789.47,SSE,/api/inference/stream,True,,12,51,,
1790482679.410853,1790482682.200713,42723.015744,42725.805605,2789.861,SSE,/api/inference/stream,True,,12,52,,
1790482679.451364,1790482682.238755,42723.056255,42725.843646,2787.391,SSE,/api/inference/stream,True,,12,53,,
1790482679.483611,1790482682.271522,42723.088502,42725.876413,2787.911,SSE,/api/inference/stream,True,,12,54,,
1790482679.561917,1790482682.358435,42723.166808,42725.963326,2796.518,SSE,/api/inference/stream,True,,12,55,,
1790482679.564919,1790482682.361472,42723.169811,42725.966363,2796.552,SSE,/api/inference/stream,True,,12,56,,
1790482679.570079,1790482682.367947,42723.174969,42725.972838,2797.869,SSE,/api/inference/stream,True,,12,57,,
1790482679.577589,1790482682.375628,42723.18248,42725.98052,2798.04,SSE,/api/inference/stream,True,,12,58,,
1790482679.611628,1790482682.402519,42723.216519,42726.00741,2790.892,SSE,/api/inference/stream,True,,12,59,,
1790482679.722854,1790482682.515474,42723.327745,42726.120365,2792.62,SSE,/api/inference/stream,True,,12,60,,
1790482679.764044,1790482682.556781,42723.368934,42726.161671,2792.737,SSE,/api/inference/stream,True,,12,61,,
1790482679.770125,1790482682.563535,42723.375016,42726.168426,2793.41,SSE,/api/inference/stream,True,,12,63,,
1790482679.776029,1790482682.572701,42723.380919,42726.177591,2796.672,SSE,/api/inference/stream,True,,12,62,,
1790482679.781299,1790482682.574125,42723.38619,42726.179017,2792.827,SSE,/api/inference/stream,True,,12,65,,
1790482679.778469,1790482682.574385,42723.38336,42726.179276,2795.916,SSE,/api/inference/stream,True,,12,64,,
1790482679.817279,1790482682.606055,42723.42217,42726.210946,2788.775,SSE,/api/inference/stream,True,,12,66,,
1790482679.826561,1790482682.613976,42723.431452,42726.218867,2787.415,SSE,/api/inference/stream,True,,12,67,,
1790482679.851384,1790482682.639352,42723.456275,42726.244243,2787.968,SSE,/api/inference/stream,True,,12,68,,
1790482679.884938,1790482682.675391,42723.489828,42726.280282,2790.454,SSE,/api/inference/stream,True,,12,69,,
1790482679.924119,1790482682.717327,42723.52901,42726.322218,2793.208,SSE,/api/inference/stream,True,,12,70,,
1790482679.941086,1790482682.73035,42723.545976,42726.33524,2789.264,SSE,/api/inference/stream,True,,12,71,,
1790482680.019627,1790482682.818421,42723.624517,42726.423312,2798.795,SSE,/api/inference/stream,True,,12,72,,
1790482680.021422,1790482682.821472,42723.626313,42726.426363,2800.05,SSE,/api/inference/stream,True,,12,73,,
1790482680.033817,1790482682.826478,42723.638708,42726.43137,2792.662,SSE,/api/inference/stream,True,,12,74,,
1790482680.056829,1790482682.844737,42723.66172,42726.449628,2787.908,SSE,/api/inference/stream,True,,12,75,,
1790482680.136985,1790482682.934705,42723.741876,42726.539596,2797.72,SSE,/api/inference/stream,True,,12,77,,
1790482680.140335,1790482682.937202,42723.745226,42726.542093,2796.868,SSE,/api/inference/stream,True,,12,76,,
1790482680.149685,1790482682.942225,42723.754576,42726.547115,2792.539,SSE,/api/inference/stream,True,,12,78,,
1790482680.163017,1790482682.953488,42723.767908,42726.558379,2790.471,SSE,/api/inference/stream,True,,12,79,,
1790482680.1895,1790482682.980171,42723.794391,42726.585061,2790.67,SSE,/api/inference/stream,True,,12,80,,
1790482680.219999,1790482683.01363,42723.824889,42726.61852,2793.632,SSE,/api/inference/stream,True,,12,81,,
1790482680.255234,1790482683.046273,42723.860125,42726.651164,2791.039,SSE,/api/inference/stream,True,,12,82,,
1790482680.291059,1790482683.081222,42723.895949,42726.686112,2790.163,SSE,/api/inference/stream,True,,12,83,,
1790482680.308605,1790482683.098865,42723.913496,42726.703756,2790.26,SSE,/api/inference/stream,True,,12,84,,
1790482680.330352,1790482683.121933,42723.935243,42726.726824,2791.581,SSE,/api/inference/stream,True,,12,85,,
1790482680.367789,1790482683.156483,42723.972679,42726.761374,2788.695,SSE,/api/inference/stream,True,,12,86,,
1790482680.384818,1790482683.173854,42723.989709,42726.778745,2789.036,SSE,/api/inference/stream,True,,12,87,,
1790482680.422347,1790482683.211128,42724.027238,42726.816019,2788.781,SSE,/api/inference/stream,True,,12,88,,
1790482680.456425,1790482683.245821,42724.061315,42726.850712,2789.397,SSE,/api/inference/stream,True,,12,89,,
1790482680.472134,1790482683.26306,42724.077025,42726.86795,2790.925,SSE,/api/inference/stream,True,,12,90,,
1790482680.494013,1790482683.284809,42724.098904,42726.8897,2790.796,SSE,/api/inference/stream,True,,12,91,,
1790482680.529608,1790482683.319247,42724.134499,42726.924138,2789.639,SSE,/api/inference/stream,True,,12,92,,
1790482680.546903,1790482683.337498,42724.151793,42726.942388,2790.595,SSE,/api/inference/stream,True,,12,93,,
1790482680.589373,1790482683.382448,42724.194264,42726.987338,2793.075,SSE,/api/inference/stream,True,,12,94,,
1790482680.624957,1790482683.416365,42724.229847,42727.021255,2791.408,SSE,/api/inference/stream,True,,12,95,,
1790482680.632155,1790482683.425151,42724.237046,42727.030042,2792.996,SSE,/api/inference/stream,True,,12,96,,
1790482680.661089,1790482683.449724,42724.26598,42727.054615,2788.635,SSE,/api/inference/stream,True,,12,97,,
1790482680.69532,1790482683.487292,42724.300211,42727.092183,2791.972,SSE,/api/inference/stream,True,,12,98,,
1790482680.730889,1790482683.521284,42724.33578,42727.126175,2790.395,SSE,/api/inference/stream,True,,12,99,,
1790482680.77111,1790482683.560265,42724.376,42727.165155,2789.155,SSE,/api/inference/stream,True,,12,0,,
1790482680.7866,1790482683.578299,42724.39149,42727.183189,2791.699,SSE,/api/inference/stream,True,,12,1,,
1790482680.82323,1790482683.613491,42724.428121,42727.218382,2790.261,SSE,/api/inference/stream,True,,12,2,,
1790482680.882153,1790482683.675997,42724.487043,42727.280888,2793.845,SSE,/api/inference/stream,True,,12,3,,
1790482680.880517,1790482683.677752,42724.485408,42727.282643,2797.236,SSE,/api/inference/stream,True,,12,4,,
1790482680.899741,1790482683.690225,42724.504632,42727.295116,2790.484,SSE,/api/inference/stream,True,,12,5,,
1790482680.93231,1790482683.723748,42724.5372,42727.328639,2791.439,SSE,/api/inference/stream,True,,12,6,,
1790482680.94984,1790482683.742344,42724.554731,42727.347235,2792.505,SSE,/api/inference/stream,True,,12,7,,
1790482680.988055,1790482683.779469,42724.592946,42727.38436,2791.414,SSE,/api/inference/stream,True,,12,8,,
1790482680.999783,1790482683.789858,42724.604674,42727.394748,2790.075,SSE,/api/inference/stream,True,,12,9,,
1790482681.038739,1790482683.829585,42724.643629,42727.434475,2790.846,SSE,/api/inference/stream,True,,12,10,,
1790482681.060476,1790482683.850897,42724.665367,42727.455788,2790.421,SSE,/api/inference/stream,True,,12,11,,
1790482681.096553,1790482683.887075,42724.701444,42727.491966,2790.522,SSE,/api/inference/stream,True,,12,12,,
1790482681.1166,1790482683.907045,42724.72149,42727.511935,2790.445,SSE,/api/inference/stream,True,,12,13,,
1790482681.155544,1790482683.946559,42724.760434,42727.551449,2791.015,SSE,/api/inference/stream,True,,12,14,,
1790482681.174262,1790482683.963878,42724.779152,42727.568768,2789.616,SSE,/api/inference/stream,True,,12,15,,
1790482681.200431,1790482683.991808,42724.805322,42727.596699,2791.377,SSE,/api/inference/stream,True,,12,16,,
1790482681.22888,1790482684.019674,42724.833771,42727.624565,2790.794,SSE,/api/inference/stream,True,,12,17,,
1790482681.267498,1790482684.057342,42724.872389,42727.662233,2789.844,SSE,/api/inference/stream,True,,12,18,,
1790482681.280387,1790482684.070102,42724.885278,42727.674993,2789.715,SSE,/api/inference/stream,True,,12,19,,
1790482681.319336,1790482684.108325,42724.924227,42727.713215,2788.988,SSE,/api/inference/stream,True,,12,20,,
1790482681.336942,1790482684.129069,42724.941833,42727.73396,2792.127,SSE,/api/inference/stream,True,,12,21,,
1790482681.379609,1790482684.168854,42724.9845,42727.773745,2789.245,SSE,/api/inference/stream,True,,12,22,,
1790482681.393711,1790482684.184745,42724.998602,42727.789636,2791.034,SSE,/api/inference/stream,True,,12,23,,
1790482681.431394,1790482684.220537,42725.036285,42727.825427,2789.143,SSE,/api/inference/stream,True,,12,24,,
1790482681.467501,1790482684.257194,42725.072392,42727.862085,2789.693,SSE,/api/inference/stream,True,,12,25,,
1790482681.481933,1790482684.27124,42725.086823,42727.876131,2789.307,SSE,/api/inference/stream,True,,12,26,,
1790482681.520442,1790482684.310382,42725.125333,42727.915273,2789.939,SSE,/api/inference/stream,True,,12,27,,
1790482681.578581,1790482684.368124,42725.183472,42727.973015,2789.543,SSE,/api/inference/stream,True,,12,28,,
1790482681.609523,1790482684.402392,42725.214413,42728.007283,2792.869,SSE,/api/inference/stream,True,,12,29,,
1790482681.610972,1790482684.404486,42725.215863,42728.009377,2793.514,SSE,/api/inference/stream,True,,12,30,,
1790482681.627505,1790482684.419865,42725.232396,42728.024756,2792.359,SSE,/api/inference/stream,True,,12,31,,
1790482681.666142,1790482684.454211,42725.271033,42728.059102,2788.069,SSE,/api/inference/stream,True,,12,32,,
1790482681.683646,1790482684.474313,42725.288537,42728.079204,2790.667,SSE,/api/inference/stream,True,,12,33,,
1790482681.706911,1790482684.496671,42725.311802,42728.101562,2789.76,SSE,/api/inference/stream,True,,12,34,,
1790482681.743042,1790482684.531665,42725.347933,42728.136556,2788.623,SSE,/api/inference/stream,True,,12,35,,
1790482681.759327,1790482684.548856,42725.364218,42728.153747,2789.529,SSE,/api/inference/stream,True,,12,36,,
1790482681.780294,1790482684.569506,42725.385184,42728.174396,2789.212,SSE,/api/inference/stream,True,,12,37,,
1790482681.809673,1790482684.597958,42725.414564,42728.202848,2788.285,SSE,/api/inference/stream,True,,12,38,,
1790482681.850284,1790482684.640138,42725.455175,42728.245029,2789.854,SSE,/api/inference/stream,True,,12,39,,
1790482681.870283,1790482684.658438,42725.475174,42728.263328,2788.155,SSE,/api/inference/stream,True,,12,40,,
1790482681.908773,1790482684.696469,42725.513664,42728.30136,2787.696,SSE,/api/inference/stream,True,,12,41,,
1790482681.923584,1790482684.713534,42725.528475,42728.318425,2789.95,SSE,/api/inference/stream,True,,12,42,,
1790482681.965685,1790482684.754601,42725.570576,42728.359492,2788.916,SSE,/api/inference/stream,True,,12,43,,
1790482681.981048,1790482684.768699,42725.585938,42728.37359,2787.652,SSE,/api/inference/stream,True,,12,44,,
1790482682.011057,1790482684.800373,42725.615947,42728.405263,2789.316,SSE,/api/inference/stream,True,,12,45,,
1790482682.036578,1790482684.826091,42725.641469,42728.430982,2789.513,SSE,/api/inference/stream,True,,12,46,,
1790482682.069772,1790482684.860796,42725.674662,42728.465686,2791.024,SSE,/api/inference/stream,True,,12,47,,
1790482682.090371,1790482684.879211,42725.695262,42728.484102,2788.84,SSE,/api/inference/stream,True,,12,48,,
1790482682.125962,1790482684.916324,42725.730853,42728.521215,2790.362,SSE,/api/inference/stream,True,,12,49,,
1790482682.149954,1790482684.940611,42725.754844,42728.545502,2790.658,SSE,/api/inference/stream,True,,12,50,,
1790482682.184547,1790482684.973671,42725.789437,42728.578561,2789.124,SSE,/api/inference/stream,True,,12,51,,
1790482682.200961,1790482684.992022,42725.805852,42728.596913,2791.061,SSE,/api/inference/stream,True,,12,52,,
1790482682.239089,1790482685.028777,42725.84398,42728.633668,2789.688,SSE,/api/inference/stream,True,,12,53,,
1790482682.271766,1790482685.059702,42725.876657,42728.664593,2787.935,SSE,/api/inference/stream,True,,12,54,,
1790482682.358783,1790482685.15706,42725.963674,42728.761951,2798.277,SSE,/api/inference/stream,True,,12,55,,
1790482682.361724,1790482685.163925,42725.966615,42728.768816,2802.201,SSE,/api/inference/stream,True,,12,56,,
1790482682.368222,1790482685.170333,42725.973113,42728.775224,2802.111,SSE,/api/inference/stream,True,,12,57,,
1790482682.37587,1790482685.173174,42725.980761,42728.778065,2797.304,SSE,/api/inference/stream,True,,12,58,,
1790482682.402814,1790482685.191304,42726.007705,42728.796196,2788.491,SSE,/api/inference/stream,True,,12,59,,
1790482682.515777,1790482685.307016,42726.120667,42728.911906,2791.239,SSE,/api/inference/stream,True,,12,60,,
1790482682.557182,1790482685.348088,42726.162072,42728.952978,2790.906,SSE,/api/inference/stream,True,,12,61,,
1790482682.56377,1790482685.358675,42726.16866,42728.963565,2794.905,SSE,/api/inference/stream,True,,12,63,,
1790482682.572914,1790482685.365653,42726.177805,42728.970544,2792.739,SSE,/api/inference/stream,True,,12,62,,
1790482682.57541,1790482685.369316,42726.180301,42728.974207,2793.905,SSE,/api/inference/stream,True,,12,64,,
1790482682.574526,1790482685.372316,42726.179417,42728.977207,2797.791,SSE,/api/inference/stream,True,,12,65,,
1790482682.606302,1790482685.39504,42726.211193,42728.999931,2788.738,SSE,/api/inference/stream,True,,12,66,,
1790482682.614164,1790482685.4017,42726.219055,42729.006591,2787.536,SSE,/api/inference/stream,True,,12,67,,
1790482682.639611,1790482685.429225,42726.244502,42729.034116,2789.614,SSE,/api/inference/stream,True,,12,68,,
1790482682.675755,1790482685.466316,42726.280645,42729.071207,2790.562,SSE,/api/inference/stream,True,,12,69,,
1790482682.717613,1790482685.508405,42726.322503,42729.113296,2790.793,SSE,/api/inference/stream,True,,12,70,,
1790482682.730639,1790482685.521365,42726.33553,42729.126256,2790.727,SSE,/api/inference/stream,True,,12,71,,
1790482682.818749,1790482685.611535,42726.423639,42729.216425,2792.786,SSE,/api/inference/stream,True,,12,72,,
1790482682.821734,1790482685.613904,42726.426625,42729.218796,2792.17,SSE,/api/inference/stream,True,,12,73,,
1790482682.826674,1790482685.61813,42726.431565,42729.223021,2791.456,SSE,/api/inference/stream,True,,12,74,,
1790482682.844958,1790482685.63249,42726.449849,42729.237381,2787.532,SSE,/api/inference/stream,True,,12,75,,
1790482682.934993,1790482685.728862,42726.539883,42729.333753,2793.87,SSE,/api/inference/stream,True,,12,77,,
1790482682.937401,1790482685.735379,42726.542292,42729.340269,2797.978,SSE,/api/inference/stream,True,,12,76,,
1790482682.942477,1790482685.737021,42726.547369,42729.341912,2794.543,SSE,/api/inference/stream,True,,12,78,,
1790482682.953651,1790482685.746165,42726.558542,42729.351056,2792.514,SSE,/api/inference/stream,True,,12,79,,
1790482682.980471,1790482685.77102,42726.585362,42729.375911,2790.549,SSE,/api/inference/stream,True,,12,80,,
1790482683.014029,1790482685.804693,42726.61892,42729.409583,2790.664,SSE,/api/inference/stream,True,,12,81,,
1790482683.046572,1790482685.836666,42726.651463,42729.441557,2790.094,SSE,/api/inference/stream,True,,12,82,,
1790482683.081525,1790482685.873117,42726.686416,42729.478007,2791.591,SSE,/api/inference/stream,True,,12,83,,
1790482683.099419,1790482685.890174,42726.70431,42729.495064,2790.754,SSE,/api/inference/stream,True,,12,84,,
1790482683.122315,1790482685.912791,42726.727206,42729.517681,2790.476,SSE,/api/inference/stream,True,,12,85,,
1790482683.156744,1790482685.947326,42726.761634,42729.552217,2790.582,SSE,/api/inference/stream,True,,12,86,,
1790482683.17417,1790482685.965879,42726.779061,42729.57077,2791.709,SSE,/api/inference/stream,True,,12,87,,
1790482683.211393,1790482686.001392,42726.816284,42729.606282,2789.998,SSE,/api/inference/stream,True,,12,88,,
1790482683.246179,1790482686.035846,42726.85107,42729.640737,2789.667,SSE,/api/inference/stream,True,,12,89,,
1790482683.263434,1790482686.053357,42726.868325,42729.658247,2789.923,SSE,/api/inference/stream,True,,12,90,,
1790482683.285105,1790482686.074125,42726.889996,42729.679015,2789.02,SSE,/api/inference/stream,True,,12,91,,
1790482683.319508,1790482686.110394,42726.924399,42729.715285,2790.886,SSE,/api/inference/stream,True,,12,92,,
1790482683.337782,1790482686.128337,42726.942673,42729.733228,2790.555,SSE,/api/inference/stream,True,,12,93,,
1790482683.38274,1790482686.17396,42726.98763,42729.77885,2791.22,SSE,/api/inference/stream,True,,12,94,,
1790482683.416716,1790482686.205188,42727.021606,42729.810079,2788.473,SSE,/api/inference/stream,True,,12,95,,
1790482683.425426,1790482686.213033,42727.030317,42729.817924,2787.607,SSE,/api/inference/stream,True,,12,96,,
1790482683.449991,1790482686.240466,42727.054882,42729.845357,2790.475,SSE,/api/inference/stream,True,,12,97,,
1790482683.487573,1790482686.277405,42727.092464,42729.882296,2789.832,SSE,/api/inference/stream,True,,12,98,,
1790482683.521577,1790482686.311686,42727.126468,42729.916577,2790.109,SSE,/api/inference/stream,True,,12,99,,
1790482683.560531,1790482686.352299,42727.165421,42729.95719,2791.768,SSE,/api/inference/stream,True,,12,0,,
1790482683.578572,1790482686.369879,42727.183462,42729.97477,2791.308,SSE,/api/inference/stream,True,,12,1,,
1790482683.613779,1790482686.405369,42727.218669,42730.010259,2791.59,SSE,/api/inference/stream,True,,12,2,,
1790482683.678107,1790482686.471414,42727.282997,42730.076304,2793.307,SSE,/api/inference/stream,True,,12,4,,
1790482683.676327,1790482686.473751,42727.281219,42730.078643,2797.424,SSE,/api/inference/stream,True,,12,3,,
1790482683.690449,1790482686.484281,42727.29534,42730.089172,2793.832,SSE,/api/inference/stream,True,,12,5,,
1790482683.724035,1790482686.51381,42727.328926,42730.118701,2789.776,SSE,/api/inference/stream,True,,12,6,,
1790482683.74259,1790482686.533093,42727.347481,42730.137983,2790.503,SSE,/api/inference/stream,True,,12,7,,
1790482683.779763,1790482686.570282,42727.384654,42730.175173,2790.519,SSE,/api/inference/stream,True,,12,8,,
1790482683.790135,1790482686.578995,42727.395026,42730.183886,2788.86,SSE,/api/inference/stream,True,,12,9,,
1790482683.829875,1790482686.620521,42727.434765,42730.225412,2790.646,SSE,/api/inference/stream,True,,12,10,,
1790482683.851243,1790482686.643933,42727.456134,42730.248824,2792.69,SSE,/api/inference/stream,True,,12,11,,
1790482683.887456,1790482686.678944,42727.492347,42730.283835,2791.488,SSE,/api/inference/stream,True,,12,12,,
1790482683.907457,1790482686.699565,42727.512349,42730.304456,2792.107,SSE,/api/inference/stream,True,,12,13,,
1790482683.946921,1790482686.739444,42727.551812,42730.344334,2792.522,SSE,/api/inference/stream,True,,12,14,,
1790482683.964146,1790482686.753995,42727.569038,42730.358886,2789.849,SSE,/api/inference/stream,True,,12,15,,
1790482683.992082,1790482686.783211,42727.596973,42730.388101,2791.128,SSE,/api/inference/stream,True,,12,16,,
1790482684.02006,1790482686.809759,42727.624951,42730.41465,2789.699,SSE,/api/inference/stream,True,,12,17,,
1790482684.057696,1790482686.846698,42727.662587,42730.451589,2789.002,SSE,/api/inference/stream,True,,12,18,,
1790482684.070374,1790482686.860029,42727.675264,42730.46492,2789.656,SSE,/api/inference/stream,True,,12,19,,
1790482684.108651,1790482686.900376,42727.713542,42730.505267,2791.725,SSE,/api/inference/stream,True,,12,20,,
1790482684.129444,1790482686.91977,42727.734335,42730.524661,2790.326,SSE,/api/inference/stream,True,,12,21,,
1790482684.169223,1790482686.957869,42727.774114,42730.56276,2788.646,SSE,/api/inference/stream,True,,12,22,,
1790482684.184994,1790482686.974936,42727.789885,42730.579828,2789.943,SSE,/api/inference/stream,True,,12,23,,
1790482684.220891,1790482687.010863,42727.825782,42730.615753,2789.971,SSE,/api/inference/stream,True,,12,24,,
1790482684.257504,1790482687.047556,42727.862395,42730.652447,2790.052,SSE,/api/inference/stream,True,,12,25,,
1790482684.271554,1790482687.06127,42727.876444,42730.666161,2789.717,SSE,/api/inference/stream,True,,12,26,,
1790482684.31069,1790482687.101316,42727.915581,42730.706207,2790.625,SSE,/api/inference/stream,True,,12,27,,
1790482684.368384,1790482687.159286,42727.973275,42730.764177,2790.903,SSE,/api/inference/stream,True,,12,28,,
1790482684.402693,1790482687.196652,42728.007583,42730.801543,2793.959,SSE,/api/inference/stream,True,,12,29,,
1790482684.404924,1790482687.198789,42728.009815,42730.80368,2793.865,SSE,/api/inference/stream,True,,12,30,,
1790482684.420062,1790482687.207028,42728.024953,42730.811919,2786.966,SSE,/api/inference/stream,True,,12,31,,
1790482684.45447,1790482687.245725,42728.059361,42730.850616,2791.255,SSE,/api/inference/stream,True,,12,32,,
1790482684.474587,1790482687.265655,42728.079478,42730.870546,2791.068,SSE,/api/inference/stream,True,,12,33,,
1790482684.496959,1790482687.287371,42728.10185,42730.892262,2790.412,SSE,/api/inference/stream,True,,12,34,,
1790482684.531951,1790482687.320563,42728.136842,42730.925454,2788.612,SSE,/api/inference/stream,True,,12,35,,
1790482684.549181,1790482687.342535,42728.154072,42730.947425,2793.354,SSE,/api/inference/stream,True,,12,36,,
1790482684.569854,1790482687.359195,42728.174745,42730.964086,2789.341,SSE,/api/inference/stream,True,,12,37,,
1790482684.598239,1790482687.389089,42728.20313,42730.99398,2790.85,SSE,/api/inference/stream,True,,12,38,,
1790482684.640496,1790482687.429753,42728.245388,42731.034644,2789.256,SSE,/api/inference/stream,True,,12,39,,
1790482684.658692,1790482687.447311,42728.263583,42731.052202,2788.619,SSE,/api/inference/stream,True,,12,40,,
1790482684.696717,1790482687.487306,42728.301608,42731.092197,2790.589,SSE,/api/inference/stream,True,,12,41,,
1790482684.713807,1790482687.50516,42728.318698,42731.110051,2791.353,SSE,/api/inference/stream,True,,12,42,,
1790482684.754931,1790482687.546893,42728.359822,42731.151784,2791.962,SSE,/api/inference/stream,True,,12,43,,
1790482684.769032,1790482687.556556,42728.373924,42731.161447,2787.523,SSE,/api/inference/stream,True,,12,44,,
1790482684.800669,1790482687.591358,42728.40556,42731.196248,2790.689,SSE,/api/inference/stream,True,,12,45,,
1790482684.826364,1790482687.6172,42728.431255,42731.222091,2790.836,SSE,/api/inference/stream,True,,12,46,,
1790482684.861096,1790482687.652145,42728.465987,42731.257036,2791.049,SSE,/api/inference/stream,True,,12,47,,
1790482684.879518,1790482687.668313,42728.484409,42731.273203,2788.795,SSE,/api/inference/stream,True,,12,48,,
1790482684.916676,1790482687.707489,42728.521567,42731.312379,2790.813,SSE,/api/inference/stream,True,,12,49,,
1790482684.940909,1790482687.731106,42728.545799,42731.335996,2790.197,SSE,/api/inference/stream,True,,12,50,,
1790482684.974028,1790482687.763736,42728.578919,42731.368627,2789.708,SSE,/api/inference/stream,True,,12,51,,
1790482684.992324,1790482687.783076,42728.597214,42731.387967,2790.752,SSE,/api/inference/stream,True,,12,52,,
1790482685.029095,1790482687.820096,42728.633986,42731.424987,2791.002,SSE,/api/inference/stream,True,,12,53,,
1790482685.060048,1790482687.852866,42728.664939,42731.457757,2792.818,SSE,/api/inference/stream,True,,12,54,,
1790482685.157352,1790482687.949595,42728.762243,42731.554485,2792.243,SSE,/api/inference/stream,True,,12,55,,
1790482685.164167,1790482687.964967,42728.769058,42731.569858,2800.8,SSE,/api/inference/stream,True,,12,56,,
1790482685.170552,1790482687.966564,42728.775443,42731.571455,2796.011,SSE,/api/inference/stream,True,,12,57,,
1790482685.17339,1790482687.968616,42728.778281,42731.573507,2795.226,SSE,/api/inference/stream,True,,12,58,,
1790482685.191483,1790482687.977622,42728.796374,42731.582514,2786.139,SSE,/api/inference/stream,True,,12,59,,
1790482685.307494,1790482688.097076,42728.912385,42731.701967,2789.582,SSE,/api/inference/stream,True,,12,60,,
1790482685.34845,1790482688.138418,42728.95334,42731.743309,2789.969,SSE,/api/inference/stream,True,,12,61,,
1790482685.358938,1790482688.147836,42728.963829,42731.752727,2788.897,SSE,/api/inference/stream,True,,12,63,,
1790482685.36587,1790482688.158428,42728.970761,42731.763319,2792.557,SSE,/api/inference/stream,True,,12,62,,
1790482685.369481,1790482688.160439,42728.974372,42731.76533,2790.958,SSE,/api/inference/stream,True,,12,64,,
1790482685.37246,1790482688.162238,42728.977351,42731.76713,2789.779,SSE,/api/inference/stream,True,,12,65,,
1790482685.395397,1790482688.186726,42729.000288,42731.791617,2791.329,SSE,/api/inference/stream,True,,12,66,,
1790482685.401985,1790482688.189866,42729.006876,42731.794757,2787.882,SSE,/api/inference/stream,True,,12,67,,
1790482685.429511,1790482688.218535,42729.034402,42731.823425,2789.024,SSE,/api/inference/stream,True,,12,68,,
1790482685.466625,1790482688.25804,42729.071516,42731.862931,2791.415,SSE,/api/inference/stream,True,,12,69,,
1790482685.508687,1790482688.298141,42729.113578,42731.903031,2789.453,SSE,/api/inference/stream,True,,12,70,,
1790482685.521656,1790482688.312744,42729.126546,42731.917635,2791.088,SSE,/api/inference/stream,True,,12,71,,
1790482685.611918,1790482688.40572,42729.216808,42732.010611,2793.803,SSE,/api/inference/stream,True,,12,72,,
1790482685.6141,1790482688.408144,42729.218991,42732.013035,2794.044,SSE,/api/inference/stream,True,,12,73,,
1790482685.618358,1790482688.41013,42729.223249,42732.015021,2791.772,SSE,/api/inference/stream,True,,12,74,,
1790482685.632712,1790482688.426146,42729.237603,42732.031037,2793.434,SSE,/api/inference/stream,True,,12,75,,
1790482685.72919,1790482688.51943,42729.334081,42732.124321,2790.24,SSE,/api/inference/stream,True,,12,77,,
1790482685.735583,1790482688.53146,42729.340474,42732.136351,2795.877,SSE,/api/inference/stream,True,,12,76,,
1790482685.737354,1790482688.536423,42729.342245,42732.141314,2799.069,SSE,/api/inference/stream,True,,12,78,,
1790482685.746303,1790482688.538605,42729.351194,42732.143497,2792.302,SSE,/api/inference/stream,True,,12,79,,
1790482685.771361,1790482688.559642,42729.376252,42732.164533,2788.281,SSE,/api/inference/stream,True,,12,80,,
1790482685.805021,1790482688.594406,42729.409912,42732.199297,2789.385,SSE,/api/inference/stream,True,,12,81,,
1790482685.836987,1790482688.625827,42729.441878,42732.230718,2788.841,SSE,/api/inference/stream,True,,12,82,,
1790482685.873419,1790482688.664029,42729.47831,42732.26892,2790.61,SSE,/api/inference/stream,True,,12,83,,
1790482685.890496,1790482688.678963,42729.495387,42732.283854,2788.467,SSE,/api/inference/stream,True,,12,84,,
1790482685.913109,1790482688.702806,42729.518,42732.307697,2789.697,SSE,/api/inference/stream,True,,12,85,,
1790482685.947592,1790482688.736547,42729.552483,42732.341438,2788.954,SSE,/api/inference/stream,True,,12,86,,
1790482685.966165,1790482688.756892,42729.571056,42732.361783,2790.727,SSE,/api/inference/stream,True,,12,87,,
1790482686.001698,1790482688.792048,42729.606588,42732.396939,2790.351,SSE,/api/inference/stream,True,,12,88,,
1790482686.036114,1790482688.826583,42729.641005,42732.431473,2790.468,SSE,/api/inference/stream,True,,12,89,,
1790482686.053727,1790482688.842746,42729.658618,42732.447636,2789.019,SSE,/api/inference/stream,True,,12,90,,
1790482686.074402,1790482688.865227,42729.679293,42732.470117,2790.824,SSE,/api/inference/stream,True,,12,91,,
1790482686.110749,1790482688.902045,42729.715639,42732.506935,2791.296,SSE,/api/inference/stream,True,,12,92,,
1790482686.128642,1790482688.920427,42729.733533,42732.525318,2791.785,SSE,/api/inference/stream,True,,12,93,,
1790482686.174407,1790482688.963776,42729.779298,42732.568667,2789.368,SSE,/api/inference/stream,True,,12,94,,
1790482686.205541,1790482688.99567,42729.810431,42732.600561,2790.129,SSE,/api/inference/stream,True,,12,95,,
1790482686.213244,1790482689.002095,42729.818135,42732.606986,2788.851,SSE,/api/inference/stream,True,,12,96,,
1790482686.240811,1790482689.030945,42729.845702,42732.635836,2790.134,SSE,/api/inference/stream,True,,12,97,,
1790482686.277764,1790482689.068146,42729.882655,42732.673037,2790.382,SSE,/api/inference/stream,True,,12,98,,
1790482686.31196,1790482689.102162,42729.916851,42732.707053,2790.202,SSE,/api/inference/stream,True,,12,99,,
1790482686.352641,1790482689.141189,42729.957532,42732.746079,2788.548,SSE,/api/inference/stream,True,,12,0,,
1790482686.370167,1790482689.160555,42729.975059,42732.765446,2790.388,SSE,/api/inference/stream,True,,12,1,,
1790482686.405683,1790482689.196074,42730.010574,42732.800965,2790.391,SSE,/api/inference/stream,True,,12,2,,
1790482686.471716,1790482689.266085,42730.076607,42732.870975,2794.369,SSE,/api/inference/stream,True,,12,4,,
1790482686.473932,1790482689.272304,42730.078823,42732.877195,2798.372,SSE,/api/inference/stream,True,,12,3,,
1790482686.484508,1790482689.277255,42730.089399,42732.882146,2792.747,SSE,/api/inference/stream,True,,12,5,,
1790482686.514035,1790482689.305769,42730.118926,42732.91066,2791.733,SSE,/api/inference/stream,True,,12,6,,
1790482686.53338,1790482689.325887,42730.138271,42732.930778,2792.507,SSE,/api/inference/stream,True,,12,7,,
1790482686.570585,1790482689.360148,42730.175476,42732.965039,2789.564,SSE,/api/inference/stream,True,,12,8,,
1790482686.57922,1790482689.367968,42730.184111,42732.972859,2788.748,SSE,/api/inference/stream,True,,12,9,,
1790482686.620801,1790482689.410454,42730.225692,42733.015344,2789.653,SSE,/api/inference/stream,True,,12,10,,
1790482686.644205,1790482689.433896,42730.249096,42733.038787,2789.691,SSE,/api/inference/stream,True,,12,11,,
1790482686.67934,1790482689.470207,42730.284231,42733.075098,2790.867,SSE,/api/inference/stream,True,,12,12,,
1790482686.699818,1790482689.489776,42730.304709,42733.094667,2789.958,SSE,/api/inference/stream,True,,12,13,,
1790482686.739728,1790482689.531223,42730.344619,42733.136114,2791.495,SSE,/api/inference/stream,True,,12,14,,
1790482686.754209,1790482689.543405,42730.3591,42733.148296,2789.196,SSE,/api/inference/stream,True,,12,15,,
1790482686.783507,1790482689.572731,42730.388397,42733.177622,2789.225,SSE,/api/inference/stream,True,,12,16,,
1790482686.810075,1790482689.599805,42730.414966,42733.204696,2789.73,SSE,/api/inference/stream,True,,12,17,,
1790482686.847035,1790482689.636296,42730.451926,42733.241186,2789.261,SSE,/api/inference/stream,True,,12,18,,
1790482686.860332,1790482689.650098,42730.465222,42733.254989,2789.766,SSE,/api/inference/stream,True,,12,19,,
1790482686.900663,1790482689.689993,42730.505554,42733.294884,2789.33,SSE,/api/inference/stream,True,,12,20,,
1790482686.920026,1790482689.709213,42730.524917,42733.314104,2789.187,SSE,/api/inference/stream,True,,12,21,,
1790482686.958157,1790482689.746665,42730.563047,42733.351555,2788.508,SSE,/api/inference/stream,True,,12,22,,
1790482686.975248,1790482689.766378,42730.580139,42733.371269,2791.13,SSE,/api/inference/stream,True,,12,23,,
1790482687.011274,1790482689.800201,42730.616165,42733.405092,2788.927,SSE,/api/inference/stream,True,,12,24,,
1790482687.047833,1790482689.83829,42730.652724,42733.44318,2790.457,SSE,/api/inference/stream,True,,12,25,,
1790482687.061543,1790482689.851466,42730.666435,42733.456357,2789.923,SSE,/api/inference/stream,True,,12,26,,
1790482687.101521,1790482689.888735,42730.706412,42733.493626,2787.214,SSE,/api/inference/stream,True,,12,27,,
1790482687.159572,1790482689.948034,42730.764463,42733.552925,2788.462,SSE,/api/inference/stream,True,,12,28,,
1790482687.19694,1790482689.991366,42730.80183,42733.596257,2794.426,SSE,/api/inference/stream,True,,12,29,,
1790482687.199344,1790482689.993153,42730.804235,42733.598044,2793.809,SSE,/api/inference/stream,True,,12,30,,
1790482687.207282,1790482690.00308,42730.812173,42733.607971,2795.798,SSE,/api/inference/stream,True,,12,31,,
1790482687.246027,1790482690.03918,42730.850918,42733.644071,2793.153,SSE,/api/inference/stream,True,,12,32,,
1790482687.26594,1790482690.060217,42730.870831,42733.665108,2794.277,SSE,/api/inference/stream,True,,12,33,,
1790482687.287662,1790482690.079106,42730.892553,42733.683997,2791.444,SSE,/api/inference/stream,True,,12,34,,
1790482687.320829,1790482690.113533,42730.925719,42733.718424,2792.705,SSE,/api/inference/stream,True,,12,35,,
1790482687.342841,1790482690.136084,42730.947731,42733.740975,2793.243,SSE,/api/inference/stream,True,,12,36,,
1790482687.359462,1790482690.148473,42730.964353,42733.753364,2789.011,SSE,/api/inference/stream,True,,12,37,,
1790482687.389398,1790482690.180383,42730.994288,42733.785273,2790.985,SSE,/api/inference/stream,True,,12,38,,
1790482687.430111,1790482690.219388,42731.035001,42733.824279,2789.277,SSE,/api/inference/stream,True,,12,39,,
1790482687.447544,1790482690.238501,42731.052435,42733.843392,2790.957,SSE,/api/inference/stream,True,,12,40,,
1790482687.487599,1790482690.27809,42731.09249,42733.882981,2790.49,SSE,/api/inference/stream,True,,12,41,,
1790482687.505539,1790482690.297101,42731.11043,42733.901991,2791.562,SSE,/api/inference/stream,True,,12,42,,
1790482687.547102,1790482690.335405,42731.151993,42733.940296,2788.304,SSE,/api/inference/stream,True,,12,43,,
1790482687.556814,1790482690.347045,42731.161705,42733.951936,2790.231,SSE,/api/inference/stream,True,,12,44,,
1790482687.591698,1790482690.382008,42731.196589,42733.986899,2790.31,SSE,/api/inference/stream,True,,12,45,,
1790482687.617528,1790482690.407784,42731.222419,42734.012674,2790.256,SSE,/api/inference/stream,True,,12,46,,
1790482687.652436,1790482690.446208,42731.257327,42734.051099,2793.772,SSE,/api/inference/stream,True,,12,47,,
1790482687.668586,1790482690.45784,42731.273477,42734.062731,2789.254,SSE,/api/inference/stream,True,,12,48,,
1790482687.707794,1790482690.498469,42731.312685,42734.10336,2790.675,SSE,/api/inference/stream,True,,12,49,,
1790482687.731537,1790482690.521859,42731.336428,42734.12675,2790.322,SSE,/api/inference/stream,True,,12,50,,
1790482687.764069,1790482690.554266,42731.368959,42734.159157,2790.197,SSE,/api/inference/stream,True,,12,51,,
1790482687.783433,1790482690.573634,42731.388324,42734.178525,2790.201,SSE,/api/inference/stream,True,,12,52,,
1790482687.820433,1790482690.609923,42731.425323,42734.214814,2789.49,SSE,/api/inference/stream,True,,12,53,,
1790482687.853147,1790482690.644136,42731.458037,42734.249026,2790.989,SSE,/api/inference/stream,True,,12,54,,
1790482687.949975,1790482690.739698,42731.554866,42734.344589,2789.723,SSE,/api/inference/stream,True,,12,55,,
1790482687.966985,1790482690.760769,42731.571876,42734.36566,2793.784,SSE,/api/inference/stream,True,,12,57,,
1790482687.968828,1790482690.76326,42731.57372,42734.368151,2794.432,SSE,/api/inference/stream,True,,12,58,,
1790482687.965227,1790482690.764673,42731.570118,42734.369563,2799.446,SSE,/api/inference/stream,True,,12,56,,
1790482687.977758,1790482690.774132,42731.58265,42734.379024,2796.374,SSE,/api/inference/stream,True,,12,59,,
1790482688.097454,1790482690.886533,42731.702345,42734.491424,2789.079,SSE,/api/inference/stream,True,,12,60,,
1790482688.138794,1790482690.928186,42731.743684,42734.533077,2789.392,SSE,/api/inference/stream,True,,12,61,,
1790482688.148045,1790482690.936649,42731.752936,42734.54154,2788.603,SSE,/api/inference/stream,True,,12,63,,
1790482688.158656,1790482690.953242,42731.763546,42734.558132,2794.586,SSE,/api/inference/stream,True,,12,62,,
1790482688.160618,1790482690.954665,42731.765509,42734.559556,2794.047,SSE,/api/inference/stream,True,,12,64,,
1790482688.162429,1790482690.956319,42731.76732,42734.56121,2793.89,SSE,/api/inference/stream,True,,12,65,,
1790482688.187048,1790482690.981879,42731.791939,42734.586769,2794.831,SSE,/api/inference/stream,True,,12,66,,
1790482688.190083,1790482690.983886,42731.794974,42734.588777,2793.803,SSE,/api/inference/stream,True,,12,67,,
1790482688.218835,1790482691.009543,42731.823725,42734.614434,2790.709,SSE,/api/inference/stream,True,,12,68,,
1790482688.258324,1790482691.051404,42731.863215,42734.656294,2793.08,SSE,/api/inference/stream,True,,12,69,,
1790482688.29847,1790482691.088829,42731.903361,42734.693719,2790.358,SSE,/api/inference/stream,True,,12,70,,
1790482688.313051,1790482691.10277,42731.917942,42734.707661,2789.719,SSE,/api/inference/stream,True,,12,71,,
1790482688.406093,1790482691.201628,42732.010984,42734.806519,2795.535,SSE,/api/inference/stream,True,,12,72,,
1790482688.40867,1790482691.203747,42732.013561,42734.808638,2795.077,SSE,/api/inference/stream,True,,12,73,,
1790482688.410372,1790482691.213203,42732.015263,42734.818094,2802.831,SSE,/api/inference/stream,True,,12,74,,
1790482688.426333,1790482691.219439,42732.031224,42734.82433,2793.107,SSE,/api/inference/stream,True,,12,75,,
1790482688.519762,1790482691.308421,42732.124653,42734.913312,2788.659,SSE,/api/inference/stream,True,,12,77,,
1790482688.53175,1790482691.334805,42732.13664,42734.939695,2803.055,SSE,/api/inference/stream,True,,12,76,,
1790482688.536736,1790482691.336905,42732.141628,42734.941796,2800.169,SSE,/api/inference/stream,True,,12,78,,
1790482688.539566,1790482691.339633,42732.144457,42734.944524,2800.068,SSE,/api/inference/stream,True,,12,79,,
1790482688.559841,1790482691.352497,42732.164732,42734.957388,2792.656,SSE,/api/inference/stream,True,,12,80,,
1790482688.594597,1790482691.38203,42732.199488,42734.986921,2787.433,SSE,/api/inference/stream,True,,12,81,,
1790482688.626116,1790482691.415038,42732.231007,42735.019929,2788.922,SSE,/api/inference/stream,True,,12,82,,
1790482688.664311,1790482691.455349,42732.269202,42735.06024,2791.038,SSE,/api/inference/stream,True,,12,83,,
1790482688.679357,1790482691.467344,42732.284248,42735.072235,2787.988,SSE,/api/inference/stream,True,,12,84,,
1790482688.703067,1790482691.492092,42732.307958,42735.096983,2789.025,SSE,/api/inference/stream,True,,12,85,,
1790482688.736802,1790482691.528992,42732.341693,42735.133883,2792.19,SSE,/api/inference/stream,True,,12,86,,
1790482688.757117,1790482691.548761,42732.362007,42735.153651,2791.644,SSE,/api/inference/stream,True,,12,87,,
1790482688.792355,1790482691.582823,42732.397246,42735.187714,2790.468,SSE,/api/inference/stream,True,,12,88,,
1790482688.826902,1790482691.617812,42732.431792,42735.222703,2790.91,SSE,/api/inference/stream,True,,12,89,,
1790482688.843035,1790482691.632179,42732.447925,42735.23707,2789.144,SSE,/api/inference/stream,True,,12,90,,
1790482688.865535,1790482691.657725,42732.470426,42735.262616,2792.189,SSE,/api/inference/stream,True,,12,91,,
1790482688.902397,1790482691.692967,42732.507287,42735.297857,2790.57,SSE,/api/inference/stream,True,,12,92,,
1790482688.920749,1790482691.710541,42732.52564,42735.315432,2789.792,SSE,/api/inference/stream,True,,12,93,,
1790482688.964073,1790482691.754816,42732.568963,42735.359707,2790.743,SSE,/api/inference/stream,True,,12,94,,
1790482688.995945,1790482691.787552,42732.600836,42735.392443,2791.607,SSE,/api/inference/stream,True,,12,95,,
1790482689.002395,1790482691.790464,42732.607286,42735.395355,2788.069,SSE,/api/inference/stream,True,,12,96,,
1790482689.031341,1790482691.820882,42732.636232,42735.425773,2789.541,SSE,/api/inference/stream,True,,12,97,,
1790482689.068497,1790482691.858639,42732.673387,42735.46353,2790.143,SSE,/api/inference/stream,True,,12,98,,
1790482689.10247,1790482691.893458,42732.70736,42735.498348,2790.988,SSE,/api/inference/stream,True,,12,99,,
1790482689.141463,1790482691.932001,42732.746353,42735.536892,2790.539,SSE,/api/inference/stream,True,,12,0,,
1790482689.160813,1790482691.951729,42732.765704,42735.556621,2790.916,SSE,/api/inference/stream,True,,12,1,,
1790482689.196379,1790482691.986488,42732.80127,42735.591379,2790.109,SSE,/api/inference/stream,True,,12,2,,
1790482689.266394,1790482692.065125,42732.871284,42735.670016,2798.731,SSE,/api/inference/stream,True,,12,4,,
1790482689.27253,1790482692.07009,42732.877421,42735.674981,2797.559,SSE,/api/inference/stream,True,,12,3,,
1790482689.277499,1790482692.073668,42732.88239,42735.678559,2796.169,SSE,/api/inference/stream,True,,12,5,,
1790482689.306093,1790482692.096128,42732.910984,42735.701019,2790.035,SSE,/api/inference/stream,True,,12,6,,
1790482689.326216,1790482692.123327,42732.931106,42735.728218,2797.112,SSE,/api/inference/stream,True,,12,7,,
1790482689.360435,1790482692.152618,42732.965326,42735.757509,2792.183,SSE,/api/inference/stream,True,,12,8,,
1790482689.368172,1790482692.158131,42732.973063,42735.763022,2789.96,SSE,/api/inference/stream,True,,12,9,,
1790482689.410826,1790482692.201177,42733.015717,42735.806067,2790.35,SSE,/api/inference/stream,True,,12,10,,
1790482689.434175,1790482692.22491,42733.039066,42735.829801,2790.735,SSE,/api/inference/stream,True,,12,11,,
1790482689.470493,1790482692.262251,42733.075384,42735.867142,2791.758,SSE,/api/inference/stream,True,,12,12,,
1790482689.490052,1790482692.279321,42733.094943,42735.884212,2789.269,SSE,/api/inference/stream,True,,12,13,,
1790482689.531535,1790482692.322582,42733.136426,42735.927473,2791.047,SSE,/api/inference/stream,True,,12,14,,
1790482689.543662,1790482692.333736,42733.148553,42735.938627,2790.073,SSE,/api/inference/stream,True,,12,15,,
1790482689.57304,1790482692.363863,42733.177931,42735.968754,2790.822,SSE,/api/inference/stream,True,,12,16,,
1790482689.600127,1790482692.39115,42733.205018,42735.996041,2791.023,SSE,/api/inference/stream,True,,12,17,,
1790482689.636631,1790482692.427472,42733.241522,42736.032363,2790.842,SSE,/api/inference/stream,True,,12,18,,
1790482689.650367,1790482692.438773,42733.255258,42736.043664,2788.405,SSE,/api/inference/stream,True,,12,19,,
1790482689.690223,1790482692.4783,42733.295113,42736.083191,2788.077,SSE,/api/inference/stream,True,,12,20,,
1790482689.709521,1790482692.499492,42733.314412,42736.104382,2789.971,SSE,/api/inference/stream,True,,12,21,,
1790482689.746943,1790482692.53779,42733.351833,42736.142681,2790.847,SSE,/api/inference/stream,True,,12,22,,
1790482689.766703,1790482692.555403,42733.371594,42736.160294,2788.7,SSE,/api/inference/stream,True,,12,23,,
1790482689.800502,1790482692.591758,42733.405393,42736.196649,2791.256,SSE,/api/inference/stream,True,,12,24,,
1790482689.838672,1790482692.628501,42733.443563,42736.233392,2789.829,SSE,/api/inference/stream,True,,12,25,,
1790482689.851655,1790482692.638561,42733.456545,42736.243452,2786.906,SSE,/api/inference/stream,True,,12,26,,
1790482689.8891,1790482692.679179,42733.493991,42736.284069,2790.078,SSE,/api/inference/stream,True,,12,27,,
1790482689.948306,1790482692.738323,42733.553197,42736.343214,2790.017,SSE,/api/inference/stream,True,,12,28,,
1790482689.991698,1790482692.792186,42733.596589,42736.397077,2800.488,SSE,/api/inference/stream,True,,12,29,,
1790482689.993416,1790482692.797613,42733.598307,42736.402504,2804.197,SSE,/api/inference/stream,True,,12,30,,
1790482690.003396,1790482692.800164,42733.608287,42736.405055,2796.768,SSE,/api/inference/stream,True,,12,31,,
1790482690.039458,1790482692.829668,42733.644349,42736.434559,2790.21,SSE,/api/inference/stream,True,,12,32,,
1790482690.060486,1790482692.848842,42733.665377,42736.453733,2788.356,SSE,/api/inference/stream,True,,12,33,,
1790482690.079516,1790482692.868467,42733.684407,42736.473358,2788.951,SSE,/api/inference/stream,True,,12,34,,
1790482690.113916,1790482692.904409,42733.718807,42736.5093,2790.494,SSE,/api/inference/stream,True,,12,35,,
1790482690.136368,1790482692.926206,42733.741259,42736.531097,2789.838,SSE,/api/inference/stream,True,,12,36,,
1790482690.148714,1790482692.937515,42733.753605,42736.542405,2788.801,SSE,/api/inference/stream,True,,12,37,,
1790482690.18073,1790482692.96903,42733.785621,42736.573921,2788.3,SSE,/api/inference/stream,True,,12,38,,
1790482690.219739,1790482693.009674,42733.82463,42736.614564,2789.934,SSE,/api/inference/stream,True,,12,39,,
1790482690.238825,1790482693.030068,42733.843716,42736.634959,2791.243,SSE,/api/inference/stream,True,,12,40,,
1790482690.278483,1790482693.069386,42733.883374,42736.674277,2790.903,SSE,/api/inference/stream,True,,12,41,,
1790482690.297408,1790482693.088515,42733.902299,42736.693406,2791.107,SSE,/api/inference/stream,True,,12,42,,
1790482690.335662,1790482693.12626,42733.940552,42736.731151,2790.599,SSE,/api/inference/stream,True,,12,43,,
1790482690.347387,1790482693.136645,42733.952278,42736.741536,2789.258,SSE,/api/inference/stream,True,,12,44,,
1790482690.382344,1790482693.171914,42733.987235,42736.776805,2789.57,SSE,/api/inference/stream,True,,12,45,,
1790482690.408056,1790482693.199768,42734.012947,42736.804659,2791.712,SSE,/api/inference/stream,True,,12,46,,
1790482690.446497,1790482693.237084,42734.051387,42736.841975,2790.587,SSE,/api/inference/stream,True,,12,47,,
1790482690.458092,1790482693.247857,42734.062983,42736.852748,2789.765,SSE,/api/inference/stream,True,,12,48,,
1790482690.498777,1790482693.288579,42734.103668,42736.893469,2789.801,SSE,/api/inference/stream,True,,12,49,,
1790482690.522202,1790482693.312959,42734.127093,42736.91785,2790.757,SSE,/api/inference/stream,True,,12,50,,
1790482690.554589,1790482693.345396,42734.159479,42736.950286,2790.807,SSE,/api/inference/stream,True,,12,51,,
1790482690.573899,1790482693.363791,42734.17879,42736.968682,2789.892,SSE,/api/inference/stream,True,,12,52,,
1790482690.61024,1790482693.401635,42734.215131,42737.006526,2791.395,SSE,/api/inference/stream,True,,12,53,,
1790482690.644437,1790482693.435659,42734.249328,42737.04055,2791.222,SSE,/api/inference/stream,True,,12,54,,
1790482690.73997,1790482693.531521,42734.344861,42737.136411,2791.55,SSE,/api/inference/stream,True,,12,55,,
1790482690.761049,1790482693.552777,42734.365939,42737.157668,2791.729,SSE,/api/inference/stream,True,,12,57,,
1790482690.764955,1790482693.563109,42734.369845,42737.168,2798.154,SSE,/api/inference/stream,True,,12,56,,
1790482690.763463,1790482693.564567,42734.368354,42737.169458,2801.103,SSE,/api/inference/stream,True,,12,58,,
1790482690.774335,1790482693.567397,42734.379226,42737.172288,2793.062,SSE,/api/inference/stream,True,,12,59,,
1790482690.886819,1790482693.675797,42734.49171,42737.280688,2788.978,SSE,/api/inference/stream,True,,12,60,,
1790482690.928582,1790482693.719351,42734.533472,42737.324242,2790.769,SSE,/api/inference/stream,True,,12,61,,
1790482690.936871,1790482693.728199,42734.541762,42737.33309,2791.328,SSE,/api/inference/stream,True,,12,63,,
1790482690.954943,1790482693.747348,42734.559833,42737.352238,2792.405,SSE,/api/inference/stream,True,,12,64,,
1790482690.95357,1790482693.74911,42734.558461,42737.354,2795.539,SSE,/api/inference/stream,True,,12,62,,
1790482690.956757,1790482693.750446,42734.561648,42737.355337,2793.689,SSE,/api/inference/stream,True,,12,65,,
1790482690.982172,1790482693.774712,42734.587063,42737.379603,2792.539,SSE,/api/inference/stream,True,,12,66,,
1790482690.984195,1790482693.77604,42734.589086,42737.380931,2791.845,SSE,/api/inference/stream,True,,12,67,,
1790482691.009894,1790482693.803863,42734.614785,42737.408753,2793.968,SSE,/api/inference/stream,True,,12,68,,
1790482691.051694,1790482693.841898,42734.656584,42737.446789,2790.205,SSE,/api/inference/stream,True,,12,69,,
1790482691.089115,1790482693.87827,42734.694005,42737.48316,2789.155,SSE,/api/inference/stream,True,,12,70,,
1790482691.103112,1790482693.894545,42734.708002,42737.499435,2791.433,SSE,/api/inference/stream,True,,12,71,,
1790482691.201984,1790482693.997942,42734.806874,42737.602833,2795.958,SSE,/api/inference/stream,True,,12,72,,
1790482691.204087,1790482694.008824,42734.808978,42737.613715,2804.737,SSE,/api/inference/stream,True,,12,73,,
1790482691.213436,1790482694.011796,42734.818327,42737.616687,2798.36,SSE,/api/inference/stream,True,,12,74,,
1790482691.219676,1790482694.013082,42734.824567,42737.617973,2793.406,SSE,/api/inference/stream,True,,12,75,,
1790482691.308699,1790482694.097774,42734.91359,42737.702665,2789.075,SSE,/api/inference/stream,True,,12,77,,
1790482691.335081,1790482694.136989,42734.939972,42737.74188,2801.908,SSE,/api/inference/stream,True,,12,76,,
1790482691.337191,1790482694.141663,42734.942082,42737.746554,2804.471,SSE,/api/inference/stream,True,,12,78,,
1790482691.339831,1790482694.148671,42734.944723,42737.753562,2808.84,SSE,/api/inference/stream,True,,12,79,,
1790482691.35271,1790482694.150038,42734.957602,42737.754929,2797.327,SSE,/api/inference/stream,True,,12,80,,
1790482691.382353,1790482694.17134,42734.987244,42737.776231,2788.988,SSE,/api/inference/stream,True,,12,81,,
1790482691.415365,1790482694.205419,42735.020255,42737.81031,2790.054,SSE,/api/inference/stream,True,,12,82,,
1790482691.455641,1790482694.24604,42735.060532,42737.850931,2790.399,SSE,/api/inference/stream,True,,12,83,,
1790482691.467608,1790482694.257772,42735.072499,42737.862663,2790.164,SSE,/api/inference/stream,True,,12,84,,
1790482691.492358,1790482694.281339,42735.097249,42737.886229,2788.981,SSE,/api/inference/stream,True,,12,85,,
1790482691.52925,1790482694.320103,42735.13414,42737.924994,2790.854,SSE,/api/inference/stream,True,,12,86,,
1790482691.549092,1790482694.34048,42735.153983,42737.945371,2791.388,SSE,/api/inference/stream,True,,12,87,,
1790482691.583114,1790482694.374583,42735.188005,42737.979474,2791.469,SSE,/api/inference/stream,True,,12,88,,
1790482691.618076,1790482694.409498,42735.222967,42738.014389,2791.422,SSE,/api/inference/stream,True,,12,89,,
1790482691.632515,1790482694.424536,42735.237406,42738.029427,2792.021,SSE,/api/inference/stream,True,,12,90,,
1790482691.658004,1790482694.448377,42735.262895,42738.053268,2790.373,SSE,/api/inference/stream,True,,12,91,,
1790482691.693266,1790482694.483377,42735.298157,42738.088268,2790.111,SSE,/api/inference/stream,True,,12,92,,
1790482691.71079,1790482694.501426,42735.31568,42738.106316,2790.636,SSE,/api/inference/stream,True,,12,93,,
1790482691.755122,1790482694.544772,42735.360013,42738.149663,2789.65,SSE,/api/inference/stream,True,,12,94,,
1790482691.787807,1790482694.584682,42735.392698,42738.189574,2796.876,SSE,/api/inference/stream,True,,12,95,,
1790482691.790949,1790482694.586269,42735.39584,42738.19116,2795.32,SSE,/api/inference/stream,True,,12,96,,
1790482691.82118,1790482694.61298,42735.426071,42738.217871,2791.8,SSE,/api/inference/stream,True,,12,97,,
1790482691.858937,1790482694.650731,42735.463828,42738.255621,2791.793,SSE,/api/inference/stream,True,,12,98,,
1790482691.893743,1790482694.684647,42735.498634,42738.289538,2790.904,SSE,/api/inference/stream,True,,12,99,,
1790482691.932279,1790482694.721185,42735.53717,42738.326076,2788.906,SSE,/api/inference/stream,True,,12,0,,
1790482691.952045,1790482694.740969,42735.556936,42738.34586,2788.924,SSE,/api/inference/stream,True,,12,1,,
1790482691.986748,1790482694.776924,42735.591639,42738.381815,2790.175,SSE,/api/inference/stream,True,,12,2,,
1790482692.065525,1790482694.861158,42735.670416,42738.466049,2795.633,SSE,/api/inference/stream,True,,12,4,,
1790482692.070319,1790482694.871065,42735.67521,42738.475956,2800.746,SSE,/api/inference/stream,True,,12,3,,
1790482692.073903,1790482694.873381,42735.678794,42738.478272,2799.478,SSE,/api/inference/stream,True,,12,5,,
1790482692.096341,1790482694.886438,42735.701232,42738.491329,2790.097,SSE,/api/inference/stream,True,,12,6,,
1790482692.123621,1790482694.915517,42735.728512,42738.520407,2791.895,SSE,/api/inference/stream,True,,12,7,,
1790482692.152951,1790482694.945702,42735.757841,42738.550593,2792.751,SSE,/api/inference/stream,True,,12,8,,
1790482692.158356,1790482694.951245,42735.763247,42738.556136,2792.889,SSE,/api/inference/stream,True,,12,9,,
1790482692.201538,1790482694.991336,42735.806429,42738.596226,2789.798,SSE,/api/inference/stream,True,,12,10,,
1790482692.225185,1790482695.018642,42735.830076,42738.623533,2793.457,SSE,/api/inference/stream,True,,12,11,,
1790482692.262527,1790482695.053969,42735.867418,42738.65886,2791.442,SSE,/api/inference/stream,True,,12,12,,
1790482692.279582,1790482695.068512,42735.884473,42738.673403,2788.931,SSE,/api/inference/stream,True,,12,13,,
1790482692.322918,1790482695.112497,42735.927809,42738.717388,2789.579,SSE,/api/inference/stream,True,,12,14,,
1790482692.333959,1790482695.122857,42735.938851,42738.727748,2788.898,SSE,/api/inference/stream,True,,12,15,,
1790482692.36424,1790482695.153618,42735.96913,42738.758508,2789.378,SSE,/api/inference/stream,True,,12,16,,
1790482692.391425,1790482695.182117,42735.996316,42738.787008,2790.692,SSE,/api/inference/stream,True,,12,17,,
1790482692.427794,1790482695.221156,42736.032685,42738.826046,2793.361,SSE,/api/inference/stream,True,,12,18,,
1790482692.439044,1790482695.228734,42736.043934,42738.833625,2789.691,SSE,/api/inference/stream,True,,12,19,,
1790482692.47857,1790482695.269079,42736.083461,42738.87397,2790.509,SSE,/api/inference/stream,True,,12,20,,
1790482692.499794,1790482695.290795,42736.104685,42738.895685,2791.0,SSE,/api/inference/stream,True,,12,21,,
1790482692.538157,1790482695.328056,42736.143047,42738.932947,2789.899,SSE,/api/inference/stream,True,,12,22,,
1790482692.555661,1790482695.346886,42736.160552,42738.951777,2791.224,SSE,/api/inference/stream,True,,12,23,,
1790482692.592048,1790482695.383952,42736.196938,42738.988843,2791.905,SSE,/api/inference/stream,True,,12,24,,
1790482692.62876,1790482695.421502,42736.233651,42739.026392,2792.742,SSE,/api/inference/stream,True,,12,25,,
1790482692.6388,1790482695.428544,42736.243691,42739.033435,2789.744,SSE,/api/inference/stream,True,,12,26,,
1790482692.679523,1790482695.470184,42736.284413,42739.075075,2790.661,SSE,/api/inference/stream,True,,12,27,,
1790482692.738648,1790482695.530084,42736.343539,42739.134974,2791.436,SSE,/api/inference/stream,True,,12,28,,
1790482692.792488,1790482695.593399,42736.397378,42739.19829,2800.911,SSE,/api/inference/stream,True,,12,29,,
1790482692.79785,1790482695.596773,42736.402741,42739.201664,2798.923,SSE,/api/inference/stream,True,,12,30,,
1790482692.8004,1790482695.60021,42736.405291,42739.205101,2799.81,SSE,/api/inference/stream,True,,12,31,,
1790482692.829946,1790482695.619803,42736.434836,42739.224694,2789.858,SSE,/api/inference/stream,True,,12,32,,
1790482692.849164,1790482695.63792,42736.454055,42739.242811,2788.756,SSE,/api/inference/stream,True,,12,33,,
1790482692.868836,1790482695.658939,42736.473727,42739.26383,2790.103,SSE,/api/inference/stream,True,,12,34,,
1790482692.904747,1790482695.694318,42736.509637,42739.299209,2789.572,SSE,/api/inference/stream,True,,12,35,,
1790482692.926518,1790482695.717846,42736.531409,42739.322737,2791.327,SSE,/api/inference/stream,True,,12,36,,
1790482692.937704,1790482695.726489,42736.542594,42739.33138,2788.785,SSE,/api/inference/stream,True,,12,37,,
1790482692.969267,1790482695.757439,42736.574157,42739.362329,2788.172,SSE,/api/inference/stream,True,,12,38,,
1790482693.010056,1790482695.798893,42736.614947,42739.403784,2788.837,SSE,/api/inference/stream,True,,12,39,,
1790482693.030357,1790482695.823254,42736.635247,42739.428145,2792.898,SSE,/api/inference/stream,True,,12,40,,
1790482693.069673,1790482695.859617,42736.674564,42739.464507,2789.944,SSE,/api/inference/stream,True,,12,41,,
1790482693.088856,1790482695.880372,42736.693746,42739.485262,2791.516,SSE,/api/inference/stream,True,,12,42,,
1790482693.126552,1790482695.919766,42736.731443,42739.524657,2793.214,SSE,/api/inference/stream,True,,12,43,,
1790482693.13687,1790482695.927472,42736.741761,42739.532363,2790.601,SSE,/api/inference/stream,True,,12,44,,
