start_ts,end_ts,start_mono,end_mono,response_time_ms,request_type,name,success,exception,response_length,user,http_status,stages_logged
1790482330.461445,1790482333.253956,42374.066335,42376.858846,2792.511,SSE,/api/inference/stream,True,,12,0,,
1790482330.489779,1790482333.279576,42374.09467,42376.884466,2789.796,SSE,/api/inference/stream,True,,12,1,,
1790482330.517755,1790482333.307062,42374.122645,42376.911953,2789.308,SSE,/api/inference/stream,True,,12,2,,
1790482330.546324,1790482333.337288,42374.151215,42376.942179,2790.964,SSE,/api/inference/stream,True,,12,3,,
1790482330.573484,1790482333.365119,42374.178374,42376.970009,2791.635,SSE,/api/inference/stream,True,,12,4,,
1790482330.600798,1790482333.390252,42374.205689,42376.995142,2789.454,SSE,/api/inference/stream,True,,12,5,,
1790482330.629176,1790482333.420382,42374.234066,42377.025273,2791.207,SSE,/api/inference/stream,True,,12,6,,
1790482330.657016,1790482333.448035,42374.261908,42377.052927,2791.019,SSE,/api/inference/stream,True,,12,7,,
1790482330.685067,1790482333.476961,42374.289958,42377.081852,2791.893,SSE,/api/inference/stream,True,,12,8,,
1790482330.713231,1790482333.506413,42374.318121,42377.111303,2793.182,SSE,/api/inference/stream,True,,12,9,,
1790482330.740283,1790482333.530162,42374.345173,42377.135053,2789.879,SSE,/api/inference/stream,True,,12,10,,
1790482330.767972,1790482333.558944,42374.372862,42377.163835,2790.973,SSE,/api/inference/stream,True,,12,11,,
1790482330.795988,1790482333.5865,42374.400878,42377.191391,2790.512,SSE,/api/inference/stream,True,,12,12,,
1790482330.823768,1790482333.61329,42374.428658,42377.21818,2789.522,SSE,/api/inference/stream,True,,12,13,,
1790482330.851706,1790482333.642314,42374.456597,42377.247205,2790.608,SSE,/api/inference/stream,True,,12,14,,
1790482330.879493,1790482333.670634,42374.484384,42377.275525,2791.141,SSE,/api/inference/stream,True,,12,15,,
1790482330.907313,1790482333.698197,42374.512204,42377.303087,2790.884,SSE,/api/inference/stream,True,,12,16,,
1790482330.935282,1790482333.725581,42374.540173,42377.330472,2790.299,SSE,/api/inference/stream,True,,12,17,,
1790482330.963416,1790482333.754616,42374.568307,42377.359507,2791.2,SSE,/api/inference/stream,True,,12,18,,
1790482330.990699,1790482333.782184,42374.59559,42377.387075,2791.485,SSE,/api/inference/stream,True,,12,19,,
1790482331.017887,1790482333.807723,42374.622777,42377.412613,2789.836,SSE,/api/inference/stream,True,,12,20,,
1790482331.046615,1790482333.836833,42374.651506,42377.441724,2790.217,SSE,/api/inference/stream,True,,12,21,,
1790482331.073704,1790482333.865648,42374.678595,42377.470538,2791.943,SSE,/api/inference/stream,True,,12,22,,
1790482331.102342,1790482333.894048,42374.707232,42377.498938,2791.706,SSE,/api/inference/stream,True,,12,23,,
1790482331.129735,1790482333.922862,42374.734625,42377.527753,2793.128,SSE,/api/inference/stream,True,,12,24,,
1790482331.157653,1790482333.948688,42374.762544,42377.553579,2791.035,SSE,/api/inference/stream,True,,12,25,,
1790482331.185009,1790482333.976256,42374.7899,42377.581147,2791.247,SSE,/api/inference/stream,True,,12,26,,
1790482331.213051,1790482334.003705,42374.817942,42377.608596,2790.654,SSE,/api/inference/stream,True,,12,27,,
1790482331.241628,1790482334.061425,42374.846519,42377.666316,2819.797,SSE,/api/inference/stream,True,,12,28,,
1790482331.26856,1790482334.080751,42374.873451,42377.685642,2812.191,SSE,/api/inference/stream,True,,12,29,,
1790482331.29675,1790482334.087502,42374.901641,42377.692393,2790.752,SSE,/api/inference/stream,True,,12,30,,
1790482331.324104,1790482334.115523,42374.928995,42377.720414,2791.419,SSE,/api/inference/stream,True,,12,31,,
1790482331.352606,1790482334.14662,42374.957497,42377.75151,2794.014,SSE,/api/inference/stream,True,,12,32,,
1790482331.380387,1790482334.172116,42374.985277,42377.777006,2791.729,SSE,/api/inference/stream,True,,12,33,,
1790482331.40763,1790482334.198956,42375.012521,42377.803847,2791.326,SSE,/api/inference/stream,True,,12,34,,
1790482331.437496,1790482334.228579,42375.042386,42377.83347,2791.084,SSE,/api/inference/stream,True,,12,35,,
1790482331.463368,1790482334.254973,42375.068259,42377.859864,2791.605,SSE,/api/inference/stream,True,,12,36,,
1790482331.490792,1790482334.281321,42375.095682,42377.886211,2790.529,SSE,/api/inference/stream,True,,12,37,,
1790482331.519107,1790482334.310865,42375.123998,42377.915756,2791.758,SSE,/api/inference/stream,True,,12,38,,
1790482331.546307,1790482334.336798,42375.151198,42377.941689,2790.491,SSE,/api/inference/stream,True,,12,39,,
1790482331.574294,1790482334.366137,42375.179185,42377.971028,2791.843,SSE,/api/inference/stream,True,,12,40,,
1790482331.602643,1790482334.393827,42375.207533,42377.998718,2791.185,SSE,/api/inference/stream,True,,12,41,,
1790482331.629877,1790482334.422246,42375.234767,42378.027136,2792.369,SSE,/api/inference/stream,True,,12,42,,
1790482331.657717,1790482334.448773,42375.262607,42378.053664,2791.056,SSE,/api/inference/stream,True,,12,43,,
1790482331.685642,1790482334.478086,42375.290532,42378.082977,2792.444,SSE,/api/inference/stream,True,,12,44,,
1790482331.7132,1790482334.504704,42375.318091,42378.109594,2791.504,SSE,/api/inference/stream,True,,12,45,,
1790482331.741504,1790482334.53634,42375.346395,42378.14123,2794.836,SSE,/api/inference/stream,True,,12,46,,
1790482331.76964,1790482334.560713,42375.374531,42378.165604,2791.073,SSE,/api/inference/stream,True,,12,47,,
1790482331.796835,1790482334.5899,42375.401725,42378.194791,2793.065,SSE,/api/inference/stream,True,,12,48,,
1790482331.824984,1790482334.615406,42375.429875,42378.220297,2790.422,SSE,/api/inference/stream,True,,12,49,,
1790482331.852441,1790482334.644036,42375.457332,42378.248927,2791.595,SSE,/api/inference/stream,True,,12,50,,
1790482331.880267,1790482334.672732,42375.485157,42378.277623,2792.465,SSE,/api/inference/stream,True,,12,51,,
1790482331.908372,1790482334.69943,42375.513263,42378.30432,2791.058,SSE,/api/inference/stream,True,,12,52,,
1790482331.936355,1790482334.728205,42375.541245,42378.333095,2791.85,SSE,/api/inference/stream,True,,12,53,,
1790482331.964142,1790482334.755497,42375.569033,42378.360388,2791.355,SSE,/api/inference/stream,True,,12,54,,
1790482331.991427,1790482334.797204,42375.596318,42378.402095,2805.777,SSE,/api/inference/stream,True,,12,55,,
1790482332.019226,1790482334.811824,42375.624117,42378.416715,2792.598,SSE,/api/inference/stream,True,,12,56,,
1790482332.046402,1790482334.837978,42375.651292,42378.442869,2791.577,SSE,/api/inference/stream,True,,12,57,,
1790482332.074879,1790482334.869093,42375.679769,42378.473983,2794.214,SSE,/api/inference/stream,True,,12,58,,
1790482332.102691,1790482334.895544,42375.707582,42378.500435,2792.853,SSE,/api/inference/stream,True,,12,59,,
1790482332.13106,1790482334.944065,42375.73595,42378.548955,2813.005,SSE,/api/inference/stream,True,,12,60,,
1790482332.157684,1790482334.950618,42375.762575,42378.555509,2792.934,SSE,/api/inference/stream,True,,12,61,,
1790482332.185953,1790482334.977283,42375.790844,42378.582173,2791.329,SSE,/api/inference/stream,True,,12,62,,
1790482332.214208,1790482335.006024,42375.819099,42378.610915,2791.817,SSE,/api/inference/stream,True,,12,63,,
1790482332.240923,1790482335.032008,42375.845814,42378.636899,2791.085,SSE,/api/inference/stream,True,,12,64,,
1790482332.269355,1790482335.060539,42375.874245,42378.66543,2791.184,SSE,/api/inference/stream,True,,12,65,,
1790482332.297093,1790482335.088547,42375.901984,42378.693437,2791.453,SSE,/api/inference/stream,True,,12,66,,
1790482332.325252,1790482335.118374,42375.930143,42378.723265,2793.122,SSE,/api/inference/stream,True,,12,67,,
1790482332.352563,1790482335.145314,42375.957453,42378.750204,2792.751,SSE,/api/inference/stream,True,,12,68,,
1790482332.380076,1790482335.171358,42375.984966,42378.776249,2791.283,SSE,/api/inference/stream,True,,12,69,,
1790482332.412962,1790482335.207047,42376.017853,42378.811937,2794.085,SSE,/api/inference/stream,True,,12,70,,
1790482332.435843,1790482335.226646,42376.040734,42378.831537,2790.803,SSE,/api/inference/stream,True,,12,71,,
1790482332.463839,1790482335.260396,42376.06873,42378.865287,2796.557,SSE,/api/inference/stream,True,,12,72,,
1790482332.49268,1790482335.286097,42376.09757,42378.890987,2793.417,SSE,/api/inference/stream,True,,12,73,,
1790482332.520408,1790482335.312156,42376.125299,42378.917046,2791.748,SSE,/api/inference/stream,True,,12,74,,
1790482332.546919,1790482335.337862,42376.151809,42378.942753,2790.943,SSE,/api/inference/stream,True,,12,75,,
1790482332.574992,1790482335.368143,42376.179883,42378.973034,2793.151,SSE,/api/inference/stream,True,,12,76,,
1790482332.603513,1790482335.39677,42376.208403,42379.00166,2793.257,SSE,/api/inference/stream,True,,12,77,,
1790482332.630849,1790482335.422888,42376.23574,42379.027779,2792.039,SSE,/api/inference/stream,True,,12,78,,
1790482332.658053,1790482335.44994,42376.262944,42379.05483,2791.887,SSE,/api/inference/stream,True,,12,79,,
1790482332.687062,1790482335.479625,42376.291953,42379.084516,2792.563,SSE,/api/inference/stream,True,,12,80,,
1790482332.714338,1790482335.507788,42376.319229,42379.112679,2793.45,SSE,/api/inference/stream,True,,12,81,,
1790482332.741889,1790482335.53437,42376.34678,42379.13926,2792.48,SSE,/api/inference/stream,True,,12,82,,
1790482332.770789,1790482335.562715,42376.37568,42379.167606,2791.926,SSE,/api/inference/stream,True,,12,83,,
1790482332.798112,1790482335.590243,42376.403003,42379.195134,2792.131,SSE,/api/inference/stream,True,,12,84,,
1790482332.824848,1790482335.616096,42376.429739,42379.220987,2791.248,SSE,/api/inference/stream,True,,12,85,,
1790482332.853681,1790482335.646128,42376.458571,42379.251018,2792.447,SSE,/api/inference/stream,True,,12,86,,
1790482332.881033,1790482335.672383,42376.485924,42379.277274,2791.35,SSE,/api/inference/stream,True,,12,87,,
1790482332.9091,1790482335.698922,42376.513991,42379.303813,2789.822,SSE,/api/inference/stream,True,,12,88,,
1790482332.936121,1790482335.726099,42376.541012,42379.33099,2789.978,SSE,/api/inference/stream,True,,12,89,,
1790482332.964714,1790482335.756282,42376.569604,42379.361173,2791.569,SSE,/api/inference/stream,True,,12,90,,
1790482332.991943,1790482335.784197,42376.596834,42379.389087,2792.253,SSE,/api/inference/stream,True,,12,91,,
1790482333.019732,1790482335.812775,42376.624622,42379.417666,2793.044,SSE,/api/inference/stream,True,,12,92,,
1790482333.047823,1790482335.84009,42376.652714,42379.444981,2792.267,SSE,/api/inference/stream,True,,12,93,,
1790482333.075218,1790482335.868687,42376.680109,42379.473577,2793.468,SSE,/api/inference/stream,True,,12,94,,
1790482333.103352,1790482335.893971,42376.708243,42379.498862,2790.619,SSE,/api/inference/stream,True,,12,95,,
1790482333.131625,1790482335.925701,42376.736516,42379.530591,2794.075,SSE,/api/inference/stream,True,,12,96,,
1790482333.159472,1790482335.950724,42376.764363,42379.555614,2791.251,SSE,/api/inference/stream,True,,12,97,,
1790482333.186936,1790482335.978674,42376.791827,42379.583565,2791.737,SSE,/api/inference/stream,True,,12,98,,
1790482333.215281,1790482336.00875,42376.820171,42379.613641,2793.469,SSE,/api/inference/stream,True,,12,99,,
1790482333.254357,1790482336.04605,42376.859248,42379.65094,2791.693,SSE,/api/inference/stream,True,,12,0,,
1790482333.279963,1790482336.069841,42376.884854,42379.674731,2789.877,SSE,/api/inference/stream,True,,12,1,,
1790482333.307512,1790482336.097551,42376.912402,42379.702441,2790.039,SSE,/api/inference/stream,True,,12,2,,
1790482333.337576,1790482336.128385,42376.942466,42379.733275,2790.809,SSE,/api/inference/stream,True,,12,3,,
1790482333.365415,1790482336.154968,42376.970306,42379.759858,2789.552,SSE,/api/inference/stream,True,,12,4,,
1790482333.390534,1790482336.181841,42376.995425,42379.786732,2791.307,SSE,/api/inference/stream,True,,12,5,,
1790482333.420675,1790482336.210711,42377.025565,42379.815601,2790.036,SSE,/api/inference/stream,True,,12,6,,
1790482333.448353,1790482336.238133,42377.053243,42379.843024,2789.781,SSE,/api/inference/stream,True,,12,7,,
1790482333.47735,1790482336.267315,42377.082241,42379.872207,2789.966,SSE,/api/inference/stream,True,,12,8,,
1790482333.50672,1790482336.297726,42377.11161,42379.902616,2791.006,SSE,/api/inference/stream,True,,12,9,,
1790482333.530536,1790482336.320839,42377.135427,42379.92573,2790.303,SSE,/api/inference/stream,True,,12,10,,
1790482333.559327,1790482336.34899,42377.164218,42379.953881,2789.663,SSE,/api/inference/stream,True,,12,11,,
1790482333.586837,1790482336.377524,42377.191727,42379.982415,2790.688,SSE,/api/inference/stream,True,,12,12,,
1790482333.613591,1790482336.404238,42377.218482,42380.009129,2790.647,SSE,/api/inference/stream,True,,12,13,,
1790482333.642602,1790482336.433321,42377.247493,42380.038211,2790.719,SSE,/api/inference/stream,True,,12,14,,
1790482333.670963,1790482336.462256,42377.275854,42380.067147,2791.293,SSE,/api/inference/stream,True,,12,15,,
1790482333.698568,1790482336.490334,42377.303459,42380.095224,2791.766,SSE,/api/inference/stream,True,,12,16,,
1790482333.725816,1790482336.51795,42377.330706,42380.122841,2792.134,SSE,/api/inference/stream,True,,12,17,,
1790482333.754881,1790482336.545058,42377.359772,42380.149948,2790.177,SSE,/api/inference/stream,True,,12,18,,
1790482333.782463,1790482336.573162,42377.387354,42380.178052,2790.698,SSE,/api/inference/stream,True,,12,19,,
1790482333.808061,1790482336.59764,42377.412951,42380.202531,2789.579,SSE,/api/inference/stream,True,,12,20,,
1790482333.837127,1790482336.625883,42377.442018,42380.230773,2788.756,SSE,/api/inference/stream,True,,12,21,,
1790482333.865974,1790482336.657558,42377.470865,42380.262449,2791.584,SSE,/api/inference/stream,True,,12,22,,
1790482333.894415,1790482336.682954,42377.499305,42380.287845,2788.539,SSE,/api/inference/stream,True,,12,23,,
1790482333.923299,1790482336.714042,42377.528189,42380.318932,2790.743,SSE,/api/inference/stream,True,,12,24,,
1790482333.94903,1790482336.740271,42377.553921,42380.345162,2791.241,SSE,/api/inference/stream,True,,12,25,,
1790482333.976561,1790482336.765818,42377.581451,42380.370708,2789.257,SSE,/api/inference/stream,True,,12,26,,
1790482334.004035,1790482336.794175,42377.608926,42380.399066,2790.14,SSE,/api/inference/stream,True,,12,27,,
1790482334.061766,1790482336.851055,42377.666656,42380.455946,2789.29,SSE,/api/inference/stream,True,,12,28,,
1790482334.081032,1790482336.870792,42377.685923,42380.475683,2789.761,SSE,/api/inference/stream,True,,12,29,,
1790482334.087702,1790482336.876835,42377.692593,42380.481726,2789.132,SSE,/api/inference/stream,True,,12,30,,
1790482334.115876,1790482336.905498,42377.720767,42380.510388,2789.622,SSE,/api/inference/stream,True,,12,31,,
1790482334.146945,1790482336.936844,42377.751836,42380.541735,2789.899,SSE,/api/inference/stream,True,,12,32,,
1790482334.172462,1790482336.961997,42377.777352,42380.566887,2789.535,SSE,/api/inference/stream,True,,12,33,,
1790482334.19931,1790482336.988105,42377.804201,42380.592996,2788.795,SSE,/api/inference/stream,True,,12,34,,
1790482334.22894,1790482337.01807,42377.833831,42380.62296,2789.129,SSE,/api/inference/stream,True,,12,35,,
1790482334.255354,1790482337.04482,42377.860245,42380.649711,2789.466,SSE,/api/inference/stream,True,,12,36,,
1790482334.281576,1790482337.070128,42377.886467,42380.675019,2788.551,SSE,/api/inference/stream,True,,12,37,,
1790482334.311213,1790482337.099353,42377.916104,42380.704244,2788.141,SSE,/api/inference/stream,True,,12,38,,
1790482334.337047,1790482337.127345,42377.941938,42380.732236,2790.298,SSE,/api/inference/stream,True,,12,39,,
1790482334.366402,1790482337.155939,42377.971293,42380.76083,2789.537,SSE,/api/inference/stream,True,,12,40,,
1790482334.394173,1790482337.184714,42377.999064,42380.789605,2790.542,SSE,/api/inference/stream,True,,12,41,,
1790482334.42262,1790482337.211914,42378.027511,42380.816805,2789.294,SSE,/api/inference/stream,True,,12,42,,
1790482334.449052,1790482337.238952,42378.053943,42380.843843,2789.9,SSE,/api/inference/stream,True,,12,43,,
1790482334.478373,1790482337.268621,42378.083264,42380.873512,2790.248,SSE,/api/inference/stream,True,,12,44,,
1790482334.50504,1790482337.294907,42378.109931,42380.899798,2789.867,SSE,/api/inference/stream,True,,12,45,,
1790482334.536634,1790482337.327145,42378.141525,42380.932036,2790.511,SSE,/api/inference/stream,True,,12,46,,
1790482334.561008,1790482337.351631,42378.165899,42380.956522,2790.623,SSE,/api/inference/stream,True,,12,47,,
1790482334.590243,1790482337.38109,42378.195134,42380.98598,2790.846,SSE,/api/inference/stream,True,,12,48,,
1790482334.615764,1790482337.405768,42378.220655,42381.010658,2790.004,SSE,/api/inference/stream,True,,12,49,,
1790482334.644377,1790482337.435412,42378.249267,42381.040303,2791.035,SSE,/api/inference/stream,True,,12,50,,
1790482334.67319,1790482337.463007,42378.278081,42381.067898,2789.817,SSE,/api/inference/stream,True,,12,51,,
1790482334.699767,1790482337.491349,42378.304658,42381.09624,2791.582,SSE,/api/inference/stream,True,,12,52,,
1790482334.728548,1790482337.517531,42378.333439,42381.122422,2788.983,SSE,/api/inference/stream,True,,12,53,,
1790482334.755833,1790482337.545717,42378.360724,42381.150608,2789.884,SSE,/api/inference/stream,True,,12,54,,
1790482334.797556,1790482337.587877,42378.402447,42381.192768,2790.321,SSE,/api/inference/stream,True,,12,55,,
1790482334.81217,1790482337.601702,42378.41706,42381.206593,2789.533,SSE,/api/inference/stream,True,,12,56,,
1790482334.838269,1790482337.628197,42378.443159,42381.233087,2789.928,SSE,/api/inference/stream,True,,12,57,,
1790482334.869434,1790482337.660154,42378.474324,42381.265045,2790.721,SSE,/api/inference/stream,True,,12,58,,
1790482334.895892,1790482337.686084,42378.500782,42381.290975,2790.193,SSE,/api/inference/stream,True,,12,59,,
1790482334.944404,1790482337.734382,42378.549295,42381.339273,2789.978,SSE,/api/inference/stream,True,,12,60,,
1790482334.950854,1790482337.738304,42378.555745,42381.343195,2787.45,SSE,/api/inference/stream,True,,12,61,,
1790482334.9777,1790482337.769887,42378.58259,42381.374778,2792.187,SSE,/api/inference/stream,True,,12,62,,
1790482335.006361,1790482337.795816,42378.611252,42381.400707,2789.455,SSE,/api/inference/stream,True,,12,63,,
1790482335.032333,1790482337.822532,42378.637223,42381.427422,2790.199,SSE,/api/inference/stream,True,,12,64,,
1790482335.060878,1790482337.851512,42378.665769,42381.456403,2790.634,SSE,/api/inference/stream,True,,12,65,,
1790482335.088885,1790482337.876962,42378.693776,42381.481853,2788.077,SSE,/api/inference/stream,True,,12,66,,
1790482335.118793,1790482337.908651,42378.723684,42381.513542,2789.858,SSE,/api/inference/stream,True,,12,67,,
1790482335.145655,1790482337.935325,42378.750546,42381.540216,2789.67,SSE,/api/inference/stream,True,,12,68,,
1790482335.17169,1790482337.962029,42378.77658,42381.566919,2790.339,SSE,/api/inference/stream,True,,12,69,,
1790482335.207467,1790482337.997976,42378.812357,42381.602866,2790.509,SSE,/api/inference/stream,True,,12,70,,
1790482335.226927,1790482338.016732,42378.831818,42381.621623,2789.805,SSE,/api/inference/stream,True,,12,71,,
1790482335.260665,1790482338.048523,42378.865556,42381.653414,2787.858,SSE,/api/inference/stream,True,,12,72,,
1790482335.286439,1790482338.075575,42378.89133,42381.680466,2789.136,SSE,/api/inference/stream,True,,12,73,,
1790482335.312544,1790482338.102062,42378.917434,42381.706952,2789.518,SSE,/api/inference/stream,True,,12,74,,
1790482335.338117,1790482338.125545,42378.943007,42381.730436,2787.428,SSE,/api/inference/stream,True,,12,75,,
1790482335.368433,1790482338.15872,42378.973324,42381.763611,2790.287,SSE,/api/inference/stream,True,,12,76,,
1790482335.397154,1790482338.190225,42379.002045,42381.795116,2793.071,SSE,/api/inference/stream,True,,12,77,,
1790482335.423266,1790482338.211472,42379.028157,42381.816363,2788.206,SSE,/api/inference/stream,True,,12,78,,
1790482335.450219,1790482338.240588,42379.055109,42381.845478,2790.369,SSE,/api/inference/stream,True,,12,79,,
1790482335.479928,1790482338.271742,42379.084819,42381.876632,2791.813,SSE,/api/inference/stream,True,,12,80,,
1790482335.508068,1790482338.299467,42379.112958,42381.904357,2791.399,SSE,/api/inference/stream,True,,12,81,,
1790482335.534674,1790482338.324805,42379.139565,42381.929695,2790.13,SSE,/api/inference/stream,True,,12,82,,
1790482335.563071,1790482338.354553,42379.167962,42381.959444,2791.482,SSE,/api/inference/stream,True,,12,83,,
1790482335.590603,1790482338.381853,42379.195494,42381.986744,2791.25,SSE,/api/inference/stream,True,,12,84,,
1790482335.616379,1790482338.404782,42379.221269,42382.009673,2788.404,SSE,/api/inference/stream,True,,12,85,,
1790482335.646441,1790482338.435615,42379.251332,42382.040505,2789.174,SSE,/api/inference/stream,True,,12,86,,
1790482335.672941,1790482338.465526,42379.277832,42382.070417,2792.585,SSE,/api/inference/stream,True,,12,87,,
1790482335.69932,1790482338.490075,42379.304211,42382.094965,2790.754,SSE,/api/inference/stream,True,,12,88,,
1790482335.726397,1790482338.515053,42379.331287,42382.119944,2788.657,SSE,/api/inference/stream,True,,12,89,,
1790482335.756612,1790482338.546252,42379.361502,42382.151142,2789.64,SSE,/api/inference/stream,True,,12,90,,
1790482335.784477,1790482338.574674,42379.389367,42382.179564,2790.197,SSE,/api/inference/stream,True,,12,91,,
1790482335.813096,1790482338.603462,42379.417986,42382.208352,2790.366,SSE,/api/inference/stream,True,,12,92,,
1790482335.840377,1790482338.630857,42379.445268,42382.235747,2790.479,SSE,/api/inference/stream,True,,12,93,,
1790482335.868989,1790482338.659276,42379.473879,42382.264166,2790.287,SSE,/api/inference/stream,True,,12,94,,
1790482335.894261,1790482338.685261,42379.499151,42382.290152,2791.0,SSE,/api/inference/stream,True,,12,95,,
1790482335.926048,1790482338.716311,42379.530938,42382.321202,2790.263,SSE,/api/inference/stream,True,,12,96,,
1790482335.95101,1790482338.741815,42379.5559,42382.346705,2790.805,SSE,/api/inference/stream,True,,12,97,,
1790482335.978955,1790482338.769442,42379.583845,42382.374333,2790.487,SSE,/api/inference/stream,True,,12,98,,
1790482336.00906,1790482338.799592,42379.61395,42382.404483,2790.533,SSE,/api/inference/stream,True,,12,99,,
1790482336.046222,1790482338.836339,42379.651113,42382.44123,2790.117,SSE,/api/inference/stream,True,,12,0,,
1790482336.07019,1790482338.861155,42379.67508,42382.466045,2790.964,SSE,/api/inference/stream,True,,12,1,,
1790482336.097881,1790482338.888841,42379.702771,42382.493731,2790.96,SSE,/api/inference/stream,True,,12,2,,
1790482336.128699,1790482338.918145,42379.73359,42382.523036,2789.446,SSE,/api/inference/stream,True,,12,3,,
1790482336.155386,1790482338.945192,42379.760277,42382.550082,2789.805,SSE,/api/inference/stream,True,,12,4,,
1790482336.182189,1790482338.972094,42379.78708,42382.576985,2789.905,SSE,/api/inference/stream,True,,12,5,,
1790482336.210992,1790482339.001786,42379.815882,42382.606676,2790.794,SSE,/api/inference/stream,True,,12,6,,
1790482336.238416,1790482339.029968,42379.843307,42382.634858,2791.551,SSE,/api/inference/stream,True,,12,7,,
1790482336.267621,1790482339.057785,42379.872512,42382.662676,2790.164,SSE,/api/inference/stream,True,,12,8,,
1790482336.298012,1790482339.088113,42379.902902,42382.693004,2790.101,SSE,/api/inference/stream,True,,12,9,,
1790482336.321121,1790482339.110203,42379.926011,42382.715094,2789.082,SSE,/api/inference/stream,True,,12,10,,
1790482336.349331,1790482339.140915,42379.954221,42382.745805,2791.584,SSE,/api/inference/stream,True,,12,11,,
1790482336.377809,1790482339.168621,42379.982699,42382.773512,2790.813,SSE,/api/inference/stream,True,,12,12,,
1790482336.404526,1790482339.195071,42380.009417,42382.799962,2790.544,SSE,/api/inference/stream,True,,12,13,,
1790482336.433614,1790482339.225081,42380.038505,42382.829972,2791.467,SSE,/api/inference/stream,True,,12,14,,
1790482336.46252,1790482339.254191,42380.067411,42382.859081,2791.671,SSE,/api/inference/stream,True,,12,15,,
1790482336.490705,1790482339.281523,42380.095596,42382.886414,2790.818,SSE,/api/inference/stream,True,,12,16,,
1790482336.518261,1790482339.310196,42380.123152,42382.915087,2791.936,SSE,/api/inference/stream,True,,12,17,,
1790482336.545341,1790482339.335449,42380.150231,42382.94034,2790.109,SSE,/api/inference/stream,True,,12,18,,
1790482336.573499,1790482339.365772,42380.178389,42382.970663,2792.274,SSE,/api/inference/stream,True,,12,19,,
1790482336.59792,1790482339.38863,42380.202811,42382.99352,2790.71,SSE,/api/inference/stream,True,,12,20,,
1790482336.626169,1790482339.415429,42380.23106,42383.02032,2789.26,SSE,/api/inference/stream,True,,12,21,,
1790482336.657927,1790482339.451012,42380.262817,42383.055902,2793.085,SSE,/api/inference/stream,True,,12,22,,
1790482336.683334,1790482339.473681,42380.288224,42383.078572,2790.348,SSE,/api/inference/stream,True,,12,23,,
1790482336.714409,1790482339.504283,42380.3193,42383.109174,2789.874,SSE,/api/inference/stream,True,,12,24,,
1790482336.740619,1790482339.530272,42380.34551,42383.135163,2789.653,SSE,/api/inference/stream,True,,12,25,,
1790482336.766171,1790482339.556854,42380.371061,42383.161745,2790.683,SSE,/api/inference/stream,True,,12,26,,
1790482336.794497,1790482339.58489,42380.399388,42383.18978,2790.392,SSE,/api/inference/stream,True,,12,27,,
1790482336.851449,1790482339.640801,42380.45634,42383.245692,2789.352,SSE,/api/inference/stream,True,,12,28,,
1790482336.871046,1790482339.660671,42380.475936,42383.265561,2789.625,SSE,/api/inference/stream,True,,12,29,,
1790482336.877035,1790482339.666536,42380.481926,42383.271427,2789.502,SSE,/api/inference/stream,True,,12,30,,
1790482336.905832,1790482339.696006,42380.510723,42383.300897,2790.174,SSE,/api/inference/stream,True,,12,31,,
1790482336.937078,1790482339.726141,42380.541968,42383.331031,2789.063,SSE,/api/inference/stream,True,,12,32,,
1790482336.962342,1790482339.751725,42380.567232,42383.356616,2789.383,SSE,/api/inference/stream,True,,12,33,,
1790482336.98831,1790482339.777642,42380.593201,42383.382533,2789.332,SSE,/api/inference/stream,True,,12,34,,
1790482337.018428,1790482339.80874,42380.623319,42383.413631,2790.312,SSE,/api/inference/stream,True,,12,35,,
1790482337.045122,1790482339.83466,42380.650013,42383.439551,2789.537,SSE,/api/inference/stream,True,,12,36,,
1790482337.070425,1790482339.859651,42380.675316,42383.464542,2789.226,SSE,/api/inference/stream,True,,12,37,,
1790482337.099513,1790482339.889071,42380.704403,42383.493962,2789.558,SSE,/api/inference/stream,True,,12,38,,
1790482337.127626,1790482339.918011,42380.732516,42383.522902,2790.386,SSE,/api/inference/stream,True,,12,39,,
1790482337.156243,1790482339.944675,42380.761134,42383.549566,2788.432,SSE,/api/inference/stream,True,,12,40,,
1790482337.185005,1790482339.973764,42380.789896,42383.578655,2788.759,SSE,/api/inference/stream,True,,12,41,,
1790482337.212229,1790482340.000982,42380.81712,42383.605873,2788.753,SSE,/api/inference/stream,True,,12,42,,
1790482337.239214,1790482340.029351,42380.844105,42383.634242,2790.137,SSE,/api/inference/stream,True,,12,43,,
1790482337.268928,1790482340.059097,42380.873818,42383.663987,2790.169,SSE,/api/inference/stream,True,,12,44,,
1790482337.295291,1790482340.085752,42380.900181,42383.690643,2790.462,SSE,/api/inference/stream,True,,12,45,,
1790482337.327483,1790482340.119436,42380.932373,42383.724326,2791.953,SSE,/api/inference/stream,True,,12,46,,
1790482337.352036,1790482340.142197,42380.956927,42383.747088,2790.161,SSE,/api/inference/stream,True,,12,47,,
1790482337.381392,1790482340.172721,42380.986282,42383.777612,2791.33,SSE,/api/inference/stream,True,,12,48,,
1790482337.40611,1790482340.195565,42381.011001,42383.800455,2789.455,SSE,/api/inference/stream,True,,12,49,,
1790482337.435692,1790482340.227365,42381.040582,42383.832255,2791.673,SSE,/api/inference/stream,True,,12,50,,
1790482337.463352,1790482340.253353,42381.068243,42383.858243,2790.001,SSE,/api/inference/stream,True,,12,51,,
1790482337.491669,1790482340.282249,42381.09656,42383.887139,2790.579,SSE,/api/inference/stream,True,,12,52,,
1790482337.517784,1790482340.309083,42381.122675,42383.913973,2791.298,SSE,/api/inference/stream,True,,12,53,,
1790482337.546,1790482340.337441,42381.150891,42383.942332,2791.441,SSE,/api/inference/stream,True,,12,54,,
1790482337.588197,1790482340.378738,42381.193088,42383.983629,2790.541,SSE,/api/inference/stream,True,,12,55,,
1790482337.602044,1790482340.391687,42381.206935,42383.996578,2789.643,SSE,/api/inference/stream,True,,12,56,,
1790482337.628572,1790482340.417764,42381.233462,42384.022655,2789.193,SSE,/api/inference/stream,True,,12,57,,
1790482337.660525,1790482340.450472,42381.265416,42384.055362,2789.947,SSE,/api/inference/stream,True,,12,58,,
1790482337.686416,1790482340.476633,42381.291307,42384.081524,2790.217,SSE,/api/inference/stream,True,,12,59,,
1790482337.734658,1790482340.528757,42381.339548,42384.133647,2794.099,SSE,/api/inference/stream,True,,12,60,,
1790482337.738533,1790482340.534023,42381.343424,42384.138914,2795.49,SSE,/api/inference/stream,True,,12,61,,
1790482337.770193,1790482340.561582,42381.375083,42384.166472,2791.389,SSE,/api/inference/stream,True,,12,62,,
1790482337.796084,1790482340.585621,42381.400975,42384.190512,2789.537,SSE,/api/inference/stream,True,,12,63,,
1790482337.822925,1790482340.613353,42381.427815,42384.218244,2790.428,SSE,/api/inference/stream,True,,12,64,,
1790482337.851858,1790482340.642852,42381.456748,42384.247743,2790.994,SSE,/api/inference/stream,True,,12,65,,
1790482337.87727,1790482340.666123,42381.482161,42384.271014,2788.853,SSE,/api/inference/stream,True,,12,66,,
1790482337.908948,1790482340.700743,42381.513839,42384.305633,2791.795,SSE,/api/inference/stream,True,,12,67,,
1790482337.93568,1790482340.725079,42381.54057,42384.329969,2789.399,SSE,/api/inference/stream,True,,12,68,,
1790482337.962308,1790482340.75247,42381.567199,42384.35736,2790.161,SSE,/api/inference/stream,True,,12,69,,
1790482337.998268,1790482340.789802,42381.603159,42384.394692,2791.534,SSE,/api/inference/stream,True,,12,70,,
1790482338.01713,1790482340.805768,42381.622021,42384.410659,2788.638,SSE,/api/inference/stream,True,,12,71,,
1790482338.048851,1790482340.837639,42381.653742,42384.44253,2788.788,SSE,/api/inference/stream,True,,12,72,,
1790482338.075836,1790482340.865871,42381.680727,42384.470762,2790.035,SSE,/api/inference/stream,True,,12,73,,
1790482338.102402,1790482340.892849,42381.707293,42384.49774,2790.447,SSE,/api/inference/stream,True,,12,74,,
1790482338.125832,1790482340.913682,42381.730723,42384.518572,2787.85,SSE,/api/inference/stream,True,,12,75,,
1790482338.158999,1790482340.949308,42381.76389,42384.554198,2790.308,SSE,/api/inference/stream,True,,12,76,,
1790482338.190525,1790482340.980179,42381.795416,42384.58507,2789.654,SSE,/api/inference/stream,True,,12,77,,
1790482338.211814,1790482341.00207,42381.816704,42384.60696,2790.256,SSE,/api/inference/stream,True,,12,78,,
1790482338.240877,1790482341.031196,42381.845768,42384.636087,2790.319,SSE,/api/inference/stream,True,,12,79,,
1790482338.27211,1790482341.061457,42381.877001,42384.666347,2789.347,SSE,/api/inference/stream,True,,12,80,,
1790482338.299783,1790482341.093124,42381.904674,42384.698014,2793.341,SSE,/api/inference/stream,True,,12,81,,
1790482338.325163,1790482341.115823,42381.930053,42384.720713,2790.66,SSE,/api/inference/stream,True,,12,82,,
1790482338.354853,1790482341.147212,42381.959744,42384.752102,2792.358,SSE,/api/inference/stream,True,,12,83,,
1790482338.382152,1790482341.17293,42381.987043,42384.777821,2790.778,SSE,/api/inference/stream,True,,12,84,,
1790482338.405089,1790482341.19501,42382.009979,42384.799901,2789.921,SSE,/api/inference/stream,True,,12,85,,
1790482338.43598,1790482341.224838,42382.04087,42384.829729,2788.859,SSE,/api/inference/stream,True,,12,86,,
1790482338.46592,1790482341.254889,42382.070811,42384.859779,2788.968,SSE,/api/inference/stream,True,,12,87,,
1790482338.49044,1790482341.279912,42382.095331,42384.884803,2789.472,SSE,/api/inference/stream,True,,12,88,,
1790482338.515471,1790482341.30526,42382.120362,42384.910151,2789.789,SSE,/api/inference/stream,True,,12,89,,
1790482338.546623,1790482341.336916,42382.151514,42384.941807,2790.294,SSE,/api/inference/stream,True,,12,90,,
1790482338.575021,1790482341.366338,42382.179912,42384.971229,2791.317,SSE,/api/inference/stream,True,,12,91,,
1790482338.603823,1790482341.391706,42382.208714,42384.996596,2787.883,SSE,/api/inference/stream,True,,12,92,,
1790482338.63129,1790482341.422863,42382.236181,42385.027753,2791.572,SSE,/api/inference/stream,True,,12,93,,
1790482338.659602,1790482341.449591,42382.264493,42385.054481,2789.988,SSE,/api/inference/stream,True,,12,94,,
1790482338.68558,1790482341.477007,42382.29047,42385.081898,2791.428,SSE,/api/inference/stream,True,,12,95,,
1790482338.716645,1790482341.507085,42382.321535,42385.111975,2790.44,SSE,/api/inference/stream,True,,12,96,,
1790482338.742114,1790482341.53226,42382.347004,42385.137151,2790.146,SSE,/api/inference/stream,True,,12,97,,
1790482338.769747,1790482341.559587,42382.374637,42385.164477,2789.84,SSE,/api/inference/stream,True,,12,98,,
1790482338.799917,1790482341.589954,42382.404807,42385.194844,2790.037,SSE,/api/inference/stream,True,,12,99,,
1790482338.83665,1790482341.628247,42382.44154,42385.233138,2791.598,SSE,/api/inference/stream,True,,12,0,,
1790482338.861554,1790482341.653819,42382.466445,42385.258709,2792.265,SSE,/api/inference/stream,True,,12,1,,
1790482338.889175,1790482341.679239,42382.494066,42385.28413,2790.064,SSE,/api/inference/stream,True,,12,2,,
1790482338.918441,1790482341.709359,42382.523331,42385.314249,2790.918,SSE,/api/inference/stream,True,,12,3,,
1790482338.945545,1790482341.735589,42382.550435,42385.340479,2790.044,SSE,/api/inference/stream,True,,12,4,,
1790482338.972432,1790482341.762747,42382.577323,42385.367637,2790.315,SSE,/api/inference/stream,True,,12,5,,
1790482339.002089,1790482341.790427,42382.60698,42385.395318,2788.339,SSE,/api/inference/stream,True,,12,6,,
1790482339.030285,1790482341.822655,42382.635176,42385.427546,2792.37,SSE,/api/inference/stream,True,,12,7,,
1790482339.058062,1790482341.846039,42382.662953,42385.450929,2787.976,SSE,/api/inference/stream,True,,12,8,,
1790482339.088431,1790482341.87973,42382.693322,42385.48462,2791.298,SSE,/api/inference/stream,True,,12,9,,
1790482339.11057,1790482341.901326,42382.715461,42385.506217,2790.756,SSE,/api/inference/stream,True,,12,10,,
1790482339.141199,1790482341.931669,42382.74609,42385.536559,2790.469,SSE,/api/inference/stream,True,,12,11,,
1790482339.168873,1790482341.958465,42382.773764,42385.563356,2789.592,SSE,/api/inference/stream,True,,12,12,,
1790482339.19552,1790482341.984702,42382.800411,42385.589593,2789.182,SSE,/api/inference/stream,True,,12,13,,
1790482339.225367,1790482342.015467,42382.830258,42385.620358,2790.1,SSE,/api/inference/stream,True,,12,14,,
1790482339.254459,1790482342.044674,42382.85935,42385.649565,2790.215,SSE,/api/inference/stream,True,,12,15,,
1790482339.281839,1790482342.071441,42382.886729,42385.676332,2789.603,SSE,/api/inference/stream,True,,12,16,,
1790482339.310477,1790482342.102833,42382.915368,42385.707724,2792.356,SSE,/api/inference/stream,True,,12,17,,
1790482339.335868,1790482342.126654,42382.940759,42385.731545,2790.786,SSE,/api/inference/stream,True,,12,18,,
1790482339.366058,1790482342.160428,42382.970949,42385.765319,2794.37,SSE,/api/inference/stream,True,,12,19,,
1790482339.389027,1790482342.178735,42382.993917,42385.783626,2789.708,SSE,/api/inference/stream,True,,12,20,,
1790482339.415787,1790482342.205545,42383.020678,42385.810436,2789.758,SSE,/api/inference/stream,True,,12,21,,
1790482339.451445,1790482342.244549,42383.056336,42385.849439,2793.103,SSE,/api/inference/stream,True,,12,22,,
1790482339.473972,1790482342.264324,42383.078863,42385.869215,2790.352,SSE,/api/inference/stream,True,,12,23,,
1790482339.504649,1790482342.294061,42383.10954,42385.898952,2789.412,SSE,/api/inference/stream,True,,12,24,,
1790482339.530536,1790482342.319845,42383.135426,42385.924736,2789.309,SSE,/api/inference/stream,True,,12,25,,
1790482339.557226,1790482342.348621,42383.162116,42385.953512,2791.395,SSE,/api/inference/stream,True,,12,26,,
1790482339.585183,1790482342.37576,42383.190073,42385.98065,2790.577,SSE,/api/inference/stream,True,,12,27,,
1790482339.641107,1790482342.432227,42383.245997,42386.037117,2791.12,SSE,/api/inference/stream,True,,12,28,,
1790482339.661044,1790482342.452592,42383.265935,42386.057482,2791.548,SSE,/api/inference/stream,True,,12,29,,
1790482339.666754,1790482342.456537,42383.271645,42386.061428,2789.783,SSE,/api/inference/stream,True,,12,30,,
1790482339.696307,1790482342.487356,42383.301197,42386.092246,2791.049,SSE,/api/inference/stream,True,,12,31,,
1790482339.726532,1790482342.515416,42383.331422,42386.120307,2788.884,SSE,/api/inference/stream,True,,12,32,,
1790482339.752083,1790482342.542547,42383.356974,42386.147437,2790.464,SSE,/api/inference/stream,True,,12,33,,
1790482339.777922,1790482342.567911,42383.382813,42386.172802,2789.989,SSE,/api/inference/stream,True,,12,34,,
1790482339.80895,1790482342.596798,42383.413841,42386.201689,2787.848,SSE,/api/inference/stream,True,,12,35,,
1790482339.834951,1790482342.623963,42383.439842,42386.228853,2789.012,SSE,/api/inference/stream,True,,12,36,,
1790482339.859906,1790482342.649433,42383.464797,42386.254323,2789.527,SSE,/api/inference/stream,True,,12,37,,
1790482339.889482,1790482342.680367,42383.494372,42386.285257,2790.885,SSE,/api/inference/stream,True,,12,38,,
1790482339.918363,1790482342.709429,42383.523254,42386.31432,2791.066,SSE,/api/inference/stream,True,,12,39,,
1790482339.944927,1790482342.733005,42383.549817,42386.337895,2788.078,SSE,/api/inference/stream,True,,12,40,,
1790482339.974093,1790482342.765207,42383.578983,42386.370097,2791.114,SSE,/api/inference/stream,True,,12,41,,
1790482340.001304,1790482342.792269,42383.606195,42386.397159,2790.964,SSE,/api/inference/stream,True,,12,42,,
1790482340.029689,1790482342.821032,42383.634579,42386.425923,2791.344,SSE,/api/inference/stream,True,,12,43,,
1790482340.059424,1790482342.850601,42383.664315,42386.455492,2791.178,SSE,/api/inference/stream,True,,12,44,,
1790482340.086125,1790482342.877995,42383.691016,42386.482885,2791.869,SSE,/api/inference/stream,True,,12,45,,
1790482340.119803,1790482342.910899,42383.724694,42386.51579,2791.096,SSE,/api/inference/stream,True,,12,46,,
1790482340.14256,1790482342.932013,42383.747451,42386.536904,2789.453,SSE,/api/inference/stream,True,,12,47,,
1790482340.17307,1790482342.966986,42383.777961,42386.571877,2793.916,SSE,/api/inference/stream,True,,12,48,,
1790482340.195843,1790482342.985646,42383.800734,42386.590537,2789.804,SSE,/api/inference/stream,True,,12,49,,
1790482340.22765,1790482343.019421,42383.832541,42386.624312,2791.771,SSE,/api/inference/stream,True,,12,50,,
1790482340.25375,1790482343.042424,42383.858641,42386.647315,2788.674,SSE,/api/inference/stream,True,,12,51,,
1790482340.282545,1790482343.07328,42383.887436,42386.67817,2790.735,SSE,/api/inference/stream,True,,12,52,,
1790482340.309425,1790482343.098451,42383.914315,42386.703342,2789.027,SSE,/api/inference/stream,True,,12,53,,
1790482340.33778,1790482343.130341,42383.94267,42386.735232,2792.562,SSE,/api/inference/stream,True,,12,54,,
1790482340.379171,1790482343.170711,42383.984062,42386.775602,2791.54,SSE,/api/inference/stream,True,,12,55,,
1790482340.391974,1790482343.179411,42383.996865,42386.784302,2787.437,SSE,/api/inference/stream,True,,12,56,,
1790482340.418107,1790482343.207888,42384.022997,42386.812779,2789.782,SSE,/api/inference/stream,True,,12,57,,
1790482340.450867,1790482343.24277,42384.055758,42386.84766,2791.902,SSE,/api/inference/stream,True,,12,58,,
1790482340.477072,1790482343.266537,42384.081962,42386.871428,2789.465,SSE,/api/inference/stream,True,,12,59,,
1790482340.529072,1790482343.324975,42384.133963,42386.929865,2795.902,SSE,/api/inference/stream,True,,12,60,,
1790482340.534374,1790482343.330577,42384.139265,42386.935468,2796.203,SSE,/api/inference/stream,True,,12,61,,
1790482340.561867,1790482343.351248,42384.166758,42386.956139,2789.381,SSE,/api/inference/stream,True,,12,62,,
1790482340.58592,1790482343.376411,42384.19081,42386.981302,2790.492,SSE,/api/inference/stream,True,,12,63,,
1790482340.613619,1790482343.404907,42384.218509,42387.009797,2791.288,SSE,/api/inference/stream,True,,12,64,,
1790482340.643237,1790482343.433036,42384.248127,42387.037926,2789.799,SSE,/api/inference/stream,True,,12,65,,
1790482340.666414,1790482343.456735,42384.271305,42387.061626,2790.321,SSE,/api/inference/stream,True,,12,66,,
1790482340.701042,1790482343.490875,42384.305933,42387.095766,2789.833,SSE,/api/inference/stream,True,,12,67,,
1790482340.725447,1790482343.515746,42384.330338,42387.120637,2790.299,SSE,/api/inference/stream,True,,12,68,,
1790482340.75277,1790482343.543837,42384.35766,42387.148728,2791.067,SSE,/api/inference/stream,True,,12,69,,
1790482340.790129,1790482343.582236,42384.39502,42387.187126,2792.106,SSE,/api/inference/stream,True,,12,70,,
1790482340.806085,1790482343.63026,42384.410976,42387.235151,2824.176,SSE,/api/inference/stream,True,,12,71,,
1790482340.837931,1790482343.631615,42384.442822,42387.236506,2793.684,SSE,/api/inference/stream,True,,12,72,,
1790482340.866239,1790482343.656472,42384.47113,42387.261363,2790.233,SSE,/api/inference/stream,True,,12,73,,
1790482340.893189,1790482343.682636,42384.49808,42387.287527,2789.447,SSE,/api/inference/stream,True,,12,74,,
1790482340.913936,1790482343.70207,42384.518827,42387.306961,2788.134,SSE,/api/inference/stream,True,,12,75,,
1790482340.949583,1790482343.741393,42384.554474,42387.346284,2791.81,SSE,/api/inference/stream,True,,12,76,,
1790482340.980445,1790482343.768971,42384.585336,42387.373861,2788.526,SSE,/api/inference/stream,True,,12,77,,
1790482341.002412,1790482343.792317,42384.607303,42387.397207,2789.904,SSE,/api/inference/stream,True,,12,78,,
1790482341.031489,1790482343.821688,42384.63638,42387.426579,2790.199,SSE,/api/inference/stream,True,,12,79,,
1790482341.061764,1790482343.852438,42384.666654,42387.457329,2790.675,SSE,/api/inference/stream,True,,12,80,,
1790482341.093412,1790482343.883962,42384.698303,42387.488852,2790.55,SSE,/api/inference/stream,True,,12,81,,
1790482341.116133,1790482343.906187,42384.721024,42387.511077,2790.054,SSE,/api/inference/stream,True,,12,82,,
1790482341.147538,1790482343.938364,42384.752429,42387.543254,2790.826,SSE,/api/inference/stream,True,,12,83,,
1790482341.173229,1790482343.963777,42384.77812,42387.568668,2790.548,SSE,/api/inference/stream,True,,12,84,,
1790482341.195457,1790482343.98572,42384.800347,42387.590611,2790.264,SSE,/api/inference/stream,True,,12,85,,
1790482341.225183,1790482344.014048,42384.830073,42387.618938,2788.865,SSE,/api/inference/stream,True,,12,86,,
1790482341.255279,1790482344.046431,42384.860169,42387.651321,2791.152,SSE,/api/inference/stream,True,,12,87,,
1790482341.280195,1790482344.068569,42384.885086,42387.67346,2788.374,SSE,/api/inference/stream,True,,12,88,,
1790482341.305572,1790482344.095396,42384.910463,42387.700287,2789.823,SSE,/api/inference/stream,True,,12,89,,
1790482341.337199,1790482344.125863,42384.94209,42387.730754,2788.663,SSE,/api/inference/stream,True,,12,90,,
1790482341.366626,1790482344.156544,42384.971516,42387.761435,2789.918,SSE,/api/inference/stream,True,,12,91,,
1790482341.392006,1790482344.181313,42384.996896,42387.786204,2789.307,SSE,/api/inference/stream,True,,12,92,,
1790482341.423236,1790482344.213862,42385.028126,42387.818753,2790.626,SSE,/api/inference/stream,True,,12,93,,
1790482341.449857,1790482344.240613,42385.054748,42387.845504,2790.756,SSE,/api/inference/stream,True,,12,94,,
1790482341.477285,1790482344.26849,42385.082176,42387.873381,2791.205,SSE,/api/inference/stream,True,,12,95,,
1790482341.507408,1790482344.298193,42385.112298,42387.903084,2790.786,SSE,/api/inference/stream,True,,12,96,,
1790482341.532583,1790482344.324007,42385.137474,42387.928897,2791.423,SSE,/api/inference/stream,True,,12,97,,
1790482341.559921,1790482344.348704,42385.164812,42387.953595,2788.783,SSE,/api/inference/stream,True,,12,98,,
1790482341.590261,1790482344.379734,42385.195151,42387.984624,2789.473,SSE,/api/inference/stream,True,,12,99,,
1790482341.628566,1790482344.420055,42385.233457,42388.024946,2791.489,SSE,/api/inference/stream,True,,12,0,,
1790482341.654191,1790482344.445049,42385.259081,42388.04994,2790.858,SSE,/api/inference/stream,True,,12,1,,
1790482341.679547,1790482344.471001,42385.284437,42388.075892,2791.455,SSE,/api/inference/stream,True,,12,2,,
1790482341.709687,1790482344.501051,42385.314578,42388.105942,2791.364,SSE,/api/inference/stream,True,,12,3,,
1790482341.735943,1790482344.526652,42385.340833,42388.131543,2790.709,SSE,/api/inference/stream,True,,12,4,,
1790482341.763079,1790482344.554448,42385.36797,42388.159339,2791.369,SSE,/api/inference/stream,True,,12,5,,
1790482341.790606,1790482344.579058,42385.395496,42388.183948,2788.452,SSE,/api/inference/stream,True,,12,6,,
1790482341.822937,1790482344.615608,42385.427828,42388.220499,2792.671,SSE,/api/inference/stream,True,,12,7,,
1790482341.846387,1790482344.637241,42385.451278,42388.242132,2790.854,SSE,/api/inference/stream,True,,12,8,,
1790482341.879998,1790482344.6715,42385.484888,42388.276391,2791.502,SSE,/api/inference/stream,True,,12,9,,
1790482341.901591,1790482344.691696,42385.506482,42388.296587,2790.105,SSE,/api/inference/stream,True,,12,10,,
1790482341.93191,1790482344.722634,42385.5368,42388.327524,2790.724,SSE,/api/inference/stream,True,,12,11,,
1790482341.958724,1790482344.750882,42385.563614,42388.355773,2792.158,SSE,/api/inference/stream,True,,12,12,,
1790482341.985015,1790482344.77599,42385.589906,42388.38088,2790.974,SSE,/api/inference/stream,True,,12,13,,
1790482342.015726,1790482344.804276,42385.620617,42388.409166,2788.549,SSE,/api/inference/stream,True,,12,14,,
1790482342.045,1790482344.835012,42385.64989,42388.439903,2790.013,SSE,/api/inference/stream,True,,12,15,,
1790482342.07171,1790482344.863229,42385.6766,42388.46812,2791.52,SSE,/api/inference/stream,True,,12,16,,
1790482342.103103,1790482344.893064,42385.707994,42388.497955,2789.961,SSE,/api/inference/stream,True,,12,17,,
1790482342.126928,1790482344.916817,42385.731819,42388.521708,2789.889,SSE,/api/inference/stream,True,,12,18,,
1790482342.160714,1790482344.952528,42385.765605,42388.557419,2791.814,SSE,/api/inference/stream,True,,12,19,,
1790482342.179036,1790482344.969019,42385.783926,42388.57391,2789.983,SSE,/api/inference/stream,True,,12,20,,
1790482342.205889,1790482344.996029,42385.810779,42388.60092,2790.14,SSE,/api/inference/stream,True,,12,21,,
1790482342.244844,1790482345.037254,42385.849735,42388.642145,2792.41,SSE,/api/inference/stream,True,,12,22,,
1790482342.264594,1790482345.055063,42385.869485,42388.659954,2790.47,SSE,/api/inference/stream,True,,12,23,,
1790482342.294397,1790482345.084591,42385.899287,42388.689482,2790.194,SSE,/api/inference/stream,True,,12,24,,
1790482342.320143,1790482345.110798,42385.925034,42388.715689,2790.655,SSE,/api/inference/stream,True,,12,25,,
1790482342.348969,1790482345.140385,42385.95386,42388.745275,2791.416,SSE,/api/inference/stream,True,,12,26,,
1790482342.376101,1790482345.166331,42385.980991,42388.771221,2790.23,SSE,/api/inference/stream,True,,12,27,,
1790482342.432551,1790482345.224044,42386.037442,42388.828935,2791.493,SSE,/api/inference/stream,True,,12,28,,
1790482342.452955,1790482345.245806,42386.057846,42388.850697,2792.851,SSE,/api/inference/stream,True,,12,29,,
1790482342.456745,1790482345.247367,42386.061636,42388.852258,2790.622,SSE,/api/inference/stream,True,,12,30,,
1790482342.487671,1790482345.278329,42386.092562,42388.88322,2790.658,SSE,/api/inference/stream,True,,12,31,,
1790482342.515689,1790482345.305238,42386.12058,42388.910129,2789.549,SSE,/api/inference/stream,True,,12,32,,
1790482342.542893,1790482345.333792,42386.147784,42388.938683,2790.899,SSE,/api/inference/stream,True,,12,33,,
1790482342.568181,1790482345.357028,42386.173071,42388.961918,2788.847,SSE,/api/inference/stream,True,,12,34,,
1790482342.597083,1790482345.387505,42386.201974,42388.992396,2790.422,SSE,/api/inference/stream,True,,12,35,,
1790482342.62429,1790482345.413837,42386.229181,42389.018728,2789.547,SSE,/api/inference/stream,True,,12,36,,
1790482342.649729,1790482345.4393,42386.25462,42389.044191,2789.571,SSE,/api/inference/stream,True,,12,37,,
1790482342.680687,1790482345.469375,42386.285578,42389.074266,2788.688,SSE,/api/inference/stream,True,,12,38,,
1790482342.709726,1790482345.499477,42386.314617,42389.104368,2789.751,SSE,/api/inference/stream,True,,12,39,,
1790482342.73332,1790482345.522431,42386.338211,42389.127322,2789.111,SSE,/api/inference/stream,True,,12,40,,
1790482342.765504,1790482345.556934,42386.370395,42389.161824,2791.429,SSE,/api/inference/stream,True,,12,41,,
1790482342.792664,1790482345.584231,42386.397555,42389.189122,2791.567,SSE,/api/inference/stream,True,,12,42,,
1790482342.821366,1790482345.612676,42386.426256,42389.217566,2791.31,SSE,/api/inference/stream,True,,12,43,,
1790482342.850924,1790482345.643731,42386.455815,42389.248621,2792.806,SSE,/api/inference/stream,True,,12,44,,
1790482342.87839,1790482345.67032,42386.48328,42389.275211,2791.93,SSE,/api/inference/stream,True,,12,45,,
1790482342.911287,1790482345.701334,42386.516177,42389.306224,2790.047,SSE,/api/inference/stream,True,,12,46,,
1790482342.932349,1790482345.722786,42386.53724,42389.327677,2790.437,SSE,/api/inference/stream,True,,12,47,,
1790482342.967386,1790482345.759496,42386.572277,42389.364386,2792.11,SSE,/api/inference/stream,True,,12,48,,
1790482342.98595,1790482345.776741,42386.59084,42389.381632,2790.792,SSE,/api/inference/stream,True,,12,49,,
1790482343.019751,1790482345.812029,42386.624642,42389.41692,2792.278,SSE,/api/inference/stream,True,,12,50,,
1790482343.042674,1790482345.833242,42386.647565,42389.438132,2790.567,SSE,/api/inference/stream,True,,12,51,,
1790482343.073579,1790482345.865797,42386.67847,42389.470687,2792.217,SSE,/api/inference/stream,True,,12,52,,
1790482343.098776,1790482345.889949,42386.703666,42389.49484,2791.173,SSE,/api/inference/stream,True,,12,53,,
1790482343.13064,1790482345.922446,42386.735531,42389.527337,2791.806,SSE,/api/inference/stream,True,,12,54,,
1790482343.17103,1790482345.962397,42386.77592,42389.567287,2791.367,SSE,/api/inference/stream,True,,12,55,,
1790482343.179597,1790482345.967366,42386.784489,42389.572258,2787.769,SSE,/api/inference/stream,True,,12,56,,
1790482343.208263,1790482345.997785,42386.813125,42389.602647,2789.522,SSE,/api/inference/stream,True,,12,57,,
1790482343.243063,1790482346.034004,42386.847954,42389.638895,2790.941,SSE,/api/inference/stream,True,,12,58,,
1790482343.266884,1790482346.056527,42386.871774,42389.661418,2789.644,SSE,/api/inference/stream,True,,12,59,,
1790482343.325271,1790482346.118197,42386.930162,42389.723088,2792.926,SSE,/api/inference/stream,True,,12,60,,
1790482343.330801,1790482346.12518,42386.935693,42389.730071,2794.378,SSE,/api/inference/stream,True,,12,61,,
1790482343.351515,1790482346.140215,42386.956406,42389.745106,2788.701,SSE,/api/inference/stream,True,,12,62,,
1790482343.376709,1790482346.164923,42386.9816,42389.769814,2788.214,SSE,/api/inference/stream,True,,12,63,,
1790482343.405257,1790482346.195299,42387.010148,42389.80019,2790.042,SSE,/api/inference/stream,True,,12,64,,
1790482343.433324,1790482346.223662,42387.038215,42389.828552,2790.337,SSE,/api/inference/stream,True,,12,65,,
1790482343.457061,1790482346.249027,42387.061952,42389.853918,2791.966,SSE,/api/inference/stream,True,,12,66,,
1790482343.491269,1790482346.282492,42387.09616,42389.887382,2791.223,SSE,/api/inference/stream,True,,12,67,,
1790482343.516104,1790482346.306483,42387.120994,42389.911373,2790.379,SSE,/api/inference/stream,True,,12,68,,
1790482343.544219,1790482346.336322,42387.149109,42389.941213,2792.104,SSE,/api/inference/stream,True,,12,69,,
1790482343.582529,1790482346.372285,42387.187419,42389.977176,2789.756,SSE,/api/inference/stream,True,,12,70,,
1790482343.630428,1790482346.419986,42387.235318,42390.024877,2789.559,SSE,/api/inference/stream,True,,12,71,,
1790482343.631727,1790482346.422274,42387.236618,42390.027165,2790.548,SSE,/api/inference/stream,True,,12,72,,
1790482343.656712,1790482346.444462,42387.261604,42390.049354,2787.75,SSE,/api/inference/stream,True,,12,73,,
1790482343.682943,1790482346.471766,42387.287834,42390.076657,2788.823,SSE,/api/inference/stream,True,,12,74,,
1790482343.702298,1790482346.490839,42387.307189,42390.095729,2788.54,SSE,/api/inference/stream,True,,12,75,,
1790482343.741649,1790482346.532756,42387.346539,42390.137647,2791.108,SSE,/api/inference/stream,True,,12,76,,
1790482343.769277,1790482346.559919,42387.374167,42390.164809,2790.642,SSE,/api/inference/stream,True,,12,77,,
1790482343.792619,1790482346.582026,42387.397509,42390.186917,2789.408,SSE,/api/inference/stream,True,,12,78,,
1790482343.821965,1790482346.613502,42387.426855,42390.218392,2791.537,SSE,/api/inference/stream,True,,12,79,,
1790482343.852756,1790482346.645284,42387.457646,42390.250175,2792.528,SSE,/api/inference/stream,True,,12,80,,
1790482343.884342,1790482346.675422,42387.489232,42390.280313,2791.081,SSE,/api/inference/stream,True,,12,81,,
1790482343.906503,1790482346.695678,42387.511395,42390.300569,2789.174,SSE,/api/inference/stream,True,,12,82,,
1790482343.938679,1790482346.732398,42387.54357,42390.337289,2793.719,SSE,/api/inference/stream,True,,12,83,,
1790482343.964078,1790482346.75329,42387.568969,42390.35818,2789.212,SSE,/api/inference/stream,True,,12,84,,
1790482343.986089,1790482346.777288,42387.59098,42390.382179,2791.199,SSE,/api/inference/stream,True,,12,85,,
1790482344.014355,1790482346.804642,42387.619246,42390.409532,2790.287,SSE,/api/inference/stream,True,,12,86,,
1790482344.046797,1790482346.83528,42387.651688,42390.440171,2788.483,SSE,/api/inference/stream,True,,12,87,,
1790482344.068817,1790482346.856233,42387.673709,42390.461124,2787.416,SSE,/api/inference/stream,True,,12,88,,
1790482344.095686,1790482346.885643,42387.700577,42390.490534,2789.957,SSE,/api/inference/stream,True,,12,89,,
1790482344.126214,1790482346.914557,42387.731105,42390.519448,2788.343,SSE,/api/inference/stream,True,,12,90,,
1790482344.156836,1790482346.946411,42387.761727,42390.551302,2789.575,SSE,/api/inference/stream,True,,12,91,,
1790482344.181665,1790482346.971458,42387.786555,42390.576349,2789.793,SSE,/api/inference/stream,True,,12,92,,
1790482344.214149,1790482347.003078,42387.819039,42390.607969,2788.93,SSE,/api/inference/stream,True,,12,93,,
1790482344.240907,1790482347.032539,42387.845798,42390.63743,2791.632,SSE,/api/inference/stream,True,,12,94,,
1790482344.268917,1790482347.059795,42387.873808,42390.664686,2790.878,SSE,/api/inference/stream,True,,12,95,,
1790482344.298511,1790482347.087715,42387.903401,42390.692606,2789.204,SSE,/api/inference/stream,True,,12,96,,
1790482344.32431,1790482347.114112,42387.9292,42390.719003,2789.802,SSE,/api/inference/stream,True,,12,97,,
1790482344.348988,1790482347.138384,42387.953878,42390.743275,2789.397,SSE,/api/inference/stream,True,,12,98,,
1790482344.380072,1790482347.168708,42387.984963,42390.773599,2788.636,SSE,/api/inference/stream,True,,12,99,,
1790482344.42037,1790482347.210412,42388.02526,42390.815302,2790.042,SSE,/api/inference/stream,True,,12,0,,
1790482344.445442,1790482347.236684,42388.050332,42390.841575,2791.242,SSE,/api/inference/stream,True,,12,1,,
1790482344.471385,1790482347.261948,42388.076276,42390.866839,2790.563,SSE,/api/inference/stream,True,,12,2,,
1790482344.501443,1790482347.291655,42388.106333,42390.896546,2790.212,SSE,/api/inference/stream,True,,12,3,,
1790482344.527022,1790482347.31667,42388.131913,42390.921561,2789.648,SSE,/api/inference/stream,True,,12,4,,
1790482344.55474,1790482347.346578,42388.159631,42390.951469,2791.838,SSE,/api/inference/stream,True,,12,5,,
1790482344.579484,1790482347.370149,42388.184375,42390.97504,2790.665,SSE,/api/inference/stream,True,,12,6,,
1790482344.6159,1790482347.406583,42388.22079,42391.011474,2790.684,SSE,/api/inference/stream,True,,12,7,,
1790482344.637533,1790482347.427579,42388.242423,42391.03247,2790.047,SSE,/api/inference/stream,True,,12,8,,
1790482344.671812,1790482347.463305,42388.276702,42391.068195,2791.493,SSE,/api/inference/stream,True,,12,9,,
1790482344.691968,1790482347.483312,42388.296859,42391.088203,2791.344,SSE,/api/inference/stream,True,,12,10,,
1790482344.722979,1790482347.513081,42388.32787,42391.117972,2790.102,SSE,/api/inference/stream,True,,12,11,,
1790482344.751251,1790482347.541807,42388.356141,42391.146698,2790.557,SSE,/api/inference/stream,True,,12,12,,
1790482344.776319,1790482347.568825,42388.381209,42391.173716,2792.507,SSE,/api/inference/stream,True,,12,13,,
1790482344.804626,1790482347.595257,42388.409517,42391.200148,2790.631,SSE,/api/inference/stream,True,,12,14,,
1790482344.835373,1790482347.625974,42388.440263,42391.230864,2790.601,SSE,/api/inference/stream,True,,12,15,,
1790482344.863535,1790482347.655334,42388.468426,42391.260225,2791.799,SSE,/api/inference/stream,True,,12,16,,
1790482344.893369,1790482347.6838,42388.49826,42391.288691,2790.431,SSE,/api/inference/stream,True,,12,17,,
1790482344.917098,1790482347.707355,42388.521988,42391.312246,2790.258,SSE,/api/inference/stream,True,,12,18,,
1790482344.952881,1790482347.743189,42388.557771,42391.348079,2790.308,SSE,/api/inference/stream,True,,12,19,,
1790482344.969396,1790482347.762223,42388.574287,42391.367114,2792.827,SSE,/api/inference/stream,True,,12,20,,
1790482344.99632,1790482347.788056,42388.601211,42391.392946,2791.735,SSE,/api/inference/stream,True,,12,21,,
1790482345.037558,1790482347.829401,42388.642449,42391.434292,2791.843,SSE,/api/inference/stream,True,,12,22,,
1790482345.055533,1790482347.845531,42388.660424,42391.450421,2789.997,SSE,/api/inference/stream,True,,12,23,,
1790482345.085018,1790482347.874743,42388.689909,42391.479634,2789.725,SSE,/api/inference/stream,True,,12,24,,
1790482345.111061,1790482347.901818,42388.715952,42391.506709,2790.757,SSE,/api/inference/stream,True,,12,25,,
1790482345.140781,1790482347.93265,42388.745672,42391.53754,2791.869,SSE,/api/inference/stream,True,,12,26,,
1790482345.166728,1790482347.958132,42388.771618,42391.563023,2791.405,SSE,/api/inference/stream,True,,12,27,,
1790482345.224367,1790482348.013836,42388.829258,42391.618726,2789.468,SSE,/api/inference/stream,True,,12,28,,
1790482345.247622,1790482348.038807,42388.852512,42391.643697,2791.185,SSE,/api/inference/stream,True,,12,30,,
1790482345.246094,1790482348.040447,42388.850985,42391.645338,2794.353,SSE,/api/inference/stream,True,,12,29,,
1790482345.278623,1790482348.068032,42388.883513,42391.672923,2789.41,SSE,/api/inference/stream,True,,12,31,,
1790482345.305592,1790482348.094568,42388.910482,42391.699459,2788.977,SSE,/api/inference/stream,True,,12,32,,
1790482345.33414,1790482348.124446,42388.93903,42391.729337,2790.306,SSE,/api/inference/stream,True,,12,33,,
1790482345.357312,1790482348.14795,42388.962203,42391.752841,2790.639,SSE,/api/inference/stream,True,,12,34,,
1790482345.387809,1790482348.178411,42388.992699,42391.783302,2790.602,SSE,/api/inference/stream,True,,12,35,,
1790482345.41409,1790482348.20207,42389.018981,42391.806961,2787.98,SSE,/api/inference/stream,True,,12,36,,
1790482345.439588,1790482348.22963,42389.044478,42391.83452,2790.042,SSE,/api/inference/stream,True,,12,37,,
1790482345.469622,1790482348.258535,42389.074513,42391.863426,2788.913,SSE,/api/inference/stream,True,,12,38,,
1790482345.499768,1790482348.289462,42389.104658,42391.894353,2789.695,SSE,/api/inference/stream,True,,12,39,,
1790482345.522843,1790482348.313719,42389.127734,42391.91861,2790.876,SSE,/api/inference/stream,True,,12,40,,
1790482345.557219,1790482348.348617,42389.162109,42391.953507,2791.398,SSE,/api/inference/stream,True,,12,41,,
1790482345.584726,1790482348.378887,42389.189617,42391.983777,2794.161,SSE,/api/inference/stream,True,,12,42,,
1790482345.613029,1790482348.403486,42389.21792,42392.008376,2790.457,SSE,/api/inference/stream,True,,12,43,,
1790482345.644038,1790482348.434256,42389.248929,42392.039146,2790.218,SSE,/api/inference/stream,True,,12,44,,
1790482345.670627,1790482348.462701,42389.275518,42392.067592,2792.074,SSE,/api/inference/stream,True,,12,45,,
1790482345.701635,1790482348.491333,42389.306526,42392.096224,2789.698,SSE,/api/inference/stream,True,,12,46,,
1790482345.723012,1790482348.511039,42389.327902,42392.115929,2788.027,SSE,/api/inference/stream,True,,12,47,,
1790482345.759797,1790482348.551492,42389.364687,42392.156382,2791.695,SSE,/api/inference/stream,True,,12,48,,
1790482345.777061,1790482348.566103,42389.381952,42392.170994,2789.042,SSE,/api/inference/stream,True,,12,49,,
1790482345.812376,1790482348.60288,42389.417267,42392.20777,2790.504,SSE,/api/inference/stream,True,,12,50,,
1790482345.833526,1790482348.625051,42389.438416,42392.229942,2791.525,SSE,/api/inference/stream,True,,12,51,,
1790482345.866108,1790482348.658313,42389.470999,42392.263203,2792.205,SSE,/api/inference/stream,True,,12,52,,
1790482345.890331,1790482348.680717,42389.495221,42392.285608,2790.387,SSE,/api/inference/stream,True,,12,53,,
1790482345.922737,1790482348.713101,42389.527627,42392.317992,2790.364,SSE,/api/inference/stream,True,,12,54,,
1790482345.9627,1790482348.757299,42389.567591,42392.362189,2794.599,SSE,/api/inference/stream,True,,12,55,,
1790482345.967594,1790482348.760651,42389.572485,42392.365542,2793.058,SSE,/api/inference/stream,True,,12,56,,
1790482345.99812,1790482348.787106,42389.603011,42392.391997,2788.986,SSE,/api/inference/stream,True,,12,57,,
1790482346.034312,1790482348.825719,42389.639203,42392.43061,2791.407,SSE,/api/inference/stream,True,,12,58,,
1790482346.0569,1790482348.848467,42389.661791,42392.453358,2791.567,SSE,/api/inference/stream,True,,12,59,,
1790482346.11857,1790482348.909529,42389.72346,42392.514419,2790.959,SSE,/api/inference/stream,True,,12,60,,
1790482346.125428,1790482348.916671,42389.730319,42392.521562,2791.243,SSE,/api/inference/stream,True,,12,61,,
1790482346.140392,1790482348.926412,42389.745283,42392.531303,2786.02,SSE,/api/inference/stream,True,,12,62,,
1790482346.165171,1790482348.953847,42389.770062,42392.558738,2788.676,SSE,/api/inference/stream,True,,12,63,,
1790482346.195539,1790482348.984842,42389.80043,42392.589732,2789.302,SSE,/api/inference/stream,True,,12,64,,
1790482346.224021,1790482349.016274,42389.828912,42392.621165,2792.253,SSE,/api/inference/stream,True,,12,65,,
1790482346.249356,1790482349.039021,42389.854246,42392.643911,2789.665,SSE,/api/inference/stream,True,,12,66,,
1790482346.282789,1790482349.07323,42389.88768,42392.678121,2790.441,SSE,/api/inference/stream,True,,12,67,,
1790482346.306786,1790482349.096559,42389.911677,42392.70145,2789.773,SSE,/api/inference/stream,True,,12,68,,
1790482346.336719,1790482349.126979,42389.941609,42392.73187,2790.261,SSE,/api/inference/stream,True,,12,69,,
1790482346.372641,1790482349.163562,42389.977532,42392.768452,2790.92,SSE,/api/inference/stream,True,,12,70,,
1790482346.420305,1790482349.215246,42390.025196,42392.820136,2794.94,SSE,/api/inference/stream,True,,12,71,,
1790482346.422463,1790482349.21787,42390.027354,42392.822761,2795.407,SSE,/api/inference/stream,True,,12,72,,
1790482346.444684,1790482349.232009,42390.049575,42392.8369,2787.325,SSE,/api/inference/stream,True,,12,73,,
1790482346.472077,1790482349.262157,42390.076968,42392.867048,2790.08,SSE,/api/inference/stream,True,,12,74,,
1790482346.491086,1790482349.281667,42390.095976,42392.886558,2790.582,SSE,/api/inference/stream,True,,12,75,,
1790482346.533026,1790482349.324188,42390.137917,42392.929078,2791.162,SSE,/api/inference/stream,True,,12,76,,
1790482346.560223,1790482349.352808,42390.165114,42392.957698,2792.585,SSE,/api/inference/stream,True,,12,77,,
1790482346.582317,1790482349.37257,42390.187208,42392.977461,2790.253,SSE,/api/inference/stream,True,,12,78,,
1790482346.613811,1790482349.403934,42390.218701,42393.008825,2790.124,SSE,/api/inference/stream,True,,12,79,,
1790482346.645594,1790482349.435509,42390.250485,42393.0404,2789.915,SSE,/api/inference/stream,True,,12,80,,
1790482346.675781,1790482349.46553,42390.280672,42393.07042,2789.748,SSE,/api/inference/stream,True,,12,81,,
1790482346.695968,1790482349.485974,42390.300858,42393.090864,2790.006,SSE,/api/inference/stream,True,,12,82,,
1790482346.732664,1790482349.5264,42390.337555,42393.131291,2793.737,SSE,/api/inference/stream,True,,12,83,,
1790482346.753648,1790482349.542223,42390.358538,42393.147114,2788.575,SSE,/api/inference/stream,True,,12,84,,
1790482346.777641,1790482349.567268,42390.382532,42393.172159,2789.627,SSE,/api/inference/stream,True,,12,85,,
1790482346.804907,1790482349.594249,42390.409798,42393.19914,2789.342,SSE,/api/inference/stream,True,,12,86,,
1790482346.835487,1790482349.622211,42390.440377,42393.227102,2786.724,SSE,/api/inference/stream,True,,12,87,,
1790482346.856446,1790482349.643491,42390.461337,42393.248382,2787.045,SSE,/api/inference/stream,True,,12,88,,
1790482346.886012,1790482349.675488,42390.490903,42393.280379,2789.476,SSE,/api/inference/stream,True,,12,89,,
1790482346.91489,1790482349.704889,42390.51978,42393.30978,2789.999,SSE,/api/inference/stream,True,,12,90,,
1790482346.946724,1790482349.73685,42390.551614,42393.341741,2790.127,SSE,/api/inference/stream,True,,12,91,,
1790482346.971802,1790482349.762012,42390.576692,42393.366902,2790.21,SSE,/api/inference/stream,True,,12,92,,
1790482347.003543,1790482349.795302,42390.608434,42393.400193,2791.759,SSE,/api/inference/stream,True,,12,93,,
1790482347.032812,1790482349.824792,42390.637703,42393.429682,2791.98,SSE,/api/inference/stream,True,,12,94,,
1790482347.06013,1790482349.850701,42390.665021,42393.455592,2790.572,SSE,/api/inference/stream,True,,12,95,,
1790482347.08794,1790482349.877378,42390.69283,42393.482269,2789.439,SSE,/api/inference/stream,True,,12,96,,
1790482347.114403,1790482349.904262,42390.719294,42393.509153,2789.859,SSE,/api/inference/stream,True,,12,97,,
1790482347.138657,1790482349.928753,42390.743548,42393.533643,2790.096,SSE,/api/inference/stream,True,,12,98,,
1790482347.169018,1790482349.960328,42390.773909,42393.565219,2791.31,SSE,/api/inference/stream,True,,12,99,,
1790482347.210702,1790482350.002442,42390.815593,42393.607333,2791.74,SSE,/api/inference/stream,True,,12,0,,
1790482347.23705,1790482350.027859,42390.84194,42393.632749,2790.809,SSE,/api/inference/stream,True,,12,1,,
1790482347.262255,1790482350.051606,42390.867145,42393.656497,2789.352,SSE,/api/inference/stream,True,,12,2,,
1790482347.291965,1790482350.082658,42390.896856,42393.687548,2790.692,SSE,/api/inference/stream,True,,12,3,,
1790482347.316959,1790482350.107719,42390.92185,42393.71261,2790.76,SSE,/api/inference/stream,True,,12,4,,
1790482347.346846,1790482350.136609,42390.951736,42393.741499,2789.763,SSE,/api/inference/stream,True,,12,5,,
1790482347.370453,1790482350.160995,42390.975344,42393.765886,2790.542,SSE,/api/inference/stream,True,,12,6,,
1790482347.406882,1790482350.195987,42391.011772,42393.800877,2789.105,SSE,/api/inference/stream,True,,12,7,,
1790482347.427947,1790482350.218404,42391.032838,42393.823295,2790.457,SSE,/api/inference/stream,True,,12,8,,
1790482347.463604,1790482350.253849,42391.068495,42393.858739,2790.244,SSE,/api/inference/stream,True,,12,9,,
1790482347.483627,1790482350.273187,42391.088518,42393.878078,2789.56,SSE,/api/inference/stream,True,,12,10,,
1790482347.513356,1790482350.302034,42391.118247,42393.906924,2788.677,SSE,/api/inference/stream,True,,12,11,,
1790482347.542128,1790482350.331544,42391.147019,42393.936435,2789.416,SSE,/api/inference/stream,True,,12,12,,
1790482347.569136,1790482350.362168,42391.174026,42393.967058,2793.032,SSE,/api/inference/stream,True,,12,13,,
1790482347.595604,1790482350.388294,42391.200495,42393.993184,2792.689,SSE,/api/inference/stream,True,,12,14,,
1790482347.626259,1790482350.415842,42391.23115,42394.020733,2789.583,SSE,/api/inference/stream,True,,12,15,,
1790482347.65565,1790482350.445594,42391.26054,42394.050484,2789.944,SSE,/api/inference/stream,True,,12,16,,
1790482347.684139,1790482350.474188,42391.289029,42394.079079,2790.05,SSE,/api/inference/stream,True,,12,17,,
1790482347.707672,1790482350.498484,42391.312563,42394.103375,2790.812,SSE,/api/inference/stream,True,,12,18,,
1790482347.743514,1790482350.533698,42391.348405,42394.138588,2790.184,SSE,/api/inference/stream,True,,12,19,,
1790482347.762602,1790482350.552135,42391.367492,42394.157025,2789.533,SSE,/api/inference/stream,True,,12,20,,
1790482347.788347,1790482350.578332,42391.393238,42394.183223,2789.985,SSE,/api/inference/stream,True,,12,21,,
1790482347.829718,1790482350.617423,42391.434609,42394.222313,2787.705,SSE,/api/inference/stream,True,,12,22,,
1790482347.845787,1790482350.633632,42391.450678,42394.238523,2787.845,SSE,/api/inference/stream,True,,12,23,,
1790482347.875095,1790482350.66413,42391.479985,42394.269021,2789.036,SSE,/api/inference/stream,True,,12,24,,
1790482347.902136,1790482350.69548,42391.507027,42394.30037,2793.343,SSE,/api/inference/stream,True,,12,25,,
1790482347.933046,1790482350.724521,42391.537936,42394.329412,2791.475,SSE,/api/inference/stream,True,,12,26,,
1790482347.958439,1790482350.748189,42391.56333,42394.353079,2789.749,SSE,/api/inference/stream,True,,12,27,,
1790482348.014153,1790482350.80441,42391.619044,42394.409301,2790.257,SSE,/api/inference/stream,True,,12,28,,
1790482348.039094,1790482350.832339,42391.643985,42394.437229,2793.244,SSE,/api/inference/stream,True,,12,30,,
1790482348.040709,1790482350.833847,42391.6456,42394.438738,2793.138,SSE,/api/inference/stream,True,,12,29,,
1790482348.068283,1790482350.85625,42391.673173,42394.461141,2787.967,SSE,/api/inference/stream,True,,12,31,,
1790482348.094926,1790482350.885622,42391.699817,42394.490512,2790.695,SSE,/api/inference/stream,True,,12,32,,
1790482348.124873,1790482350.914497,42391.729764,42394.519387,2789.623,SSE,/api/inference/stream,True,,12,33,,
1790482348.148225,1790482350.936929,42391.753116,42394.541819,2788.704,SSE,/api/inference/stream,True,,12,34,,
1790482348.1787,1790482350.970471,42391.783591,42394.575361,2791.77,SSE,/api/inference/stream,True,,12,35,,
1790482348.202379,1790482350.994698,42391.80727,42394.599588,2792.318,SSE,/api/inference/stream,True,,12,36,,
1790482348.229939,1790482351.020543,42391.83483,42394.625434,2790.604,SSE,/api/inference/stream,True,,12,37,,
1790482348.25882,1790482351.050259,42391.86371,42394.65515,2791.439,SSE,/api/inference/stream,True,,12,38,,
1790482348.289761,1790482351.080683,42391.894652,42394.685574,2790.922,SSE,/api/inference/stream,True,,12,39,,
1790482348.314056,1790482351.105346,42391.918947,42394.710237,2791.29,SSE,/api/inference/stream,True,,12,40,,
1790482348.348895,1790482351.14141,42391.953786,42394.7463,2792.515,SSE,/api/inference/stream,True,,12,41,,
1790482348.379338,1790482351.170774,42391.984228,42394.775664,2791.436,SSE,/api/inference/stream,True,,12,42,,
1790482348.403848,1790482351.195259,42392.008738,42394.80015,2791.411,SSE,/api/inference/stream,True,,12,43,,
1790482348.434544,1790482351.223703,42392.039434,42394.828593,2789.159,SSE,/api/inference/stream,True,,12,44,,
1790482348.462984,1790482351.253432,42392.067875,42394.858323,2790.448,SSE,/api/inference/stream,True,,12,45,,
1790482348.491604,1790482351.281126,42392.096494,42394.886017,2789.523,SSE,/api/inference/stream,True,,12,46,,
1790482348.511375,1790482351.300156,42392.116266,42394.905047,2788.781,SSE,/api/inference/stream,True,,12,47,,
1790482348.551875,1790482351.342966,42392.156765,42394.947857,2791.092,SSE,/api/inference/stream,True,,12,48,,
1790482348.566482,1790482351.355073,42392.171373,42394.959964,2788.591,SSE,/api/inference/stream,True,,12,49,,
1790482348.603303,1790482351.397476,42392.208193,42395.002367,2794.174,SSE,/api/inference/stream,True,,12,50,,
1790482348.625336,1790482351.414243,42392.230227,42395.019134,2788.907,SSE,/api/inference/stream,True,,12,51,,
1790482348.658683,1790482351.449586,42392.263573,42395.054477,2790.903,SSE,/api/inference/stream,True,,12,52,,
1790482348.681073,1790482351.47057,42392.285963,42395.07546,2789.497,SSE,/api/inference/stream,True,,12,53,,
1790482348.713421,1790482351.503679,42392.318312,42395.108569,2790.258,SSE,/api/inference/stream,True,,12,54,,
1790482348.757612,1790482351.549413,42392.362503,42395.154304,2791.801,SSE,/api/inference/stream,True,,12,55,,
1790482348.760899,1790482351.55091,42392.36579,42395.155801,2790.011,SSE,/api/inference/stream,True,,12,56,,
1790482348.787482,1790482351.576343,42392.392372,42395.181233,2788.861,SSE,/api/inference/stream,True,,12,57,,
1790482348.826016,1790482351.618174,42392.430907,42395.223064,2792.157,SSE,/api/inference/stream,True,,12,58,,
1790482348.848926,1790482351.638727,42392.453817,42395.243618,2789.801,SSE,/api/inference/stream,True,,12,59,,
1790482348.909901,1790482351.701751,42392.514791,42395.306641,2791.85,SSE,/api/inference/stream,True,,12,60,,
1790482348.916882,1790482351.71148,42392.521773,42395.316371,2794.597,SSE,/api/inference/stream,True,,12,61,,
1790482348.926626,1790482351.714847,42392.531517,42395.319738,2788.22,SSE,/api/inference/stream,True,,12,62,,
1790482348.954205,1790482351.744545,42392.559096,42395.349436,2790.341,SSE,/api/inference/stream,True,,12,63,,
1790482348.985111,1790482351.777382,42392.590002,42395.382272,2792.271,SSE,/api/inference/stream,True,,12,64,,
1790482349.016572,1790482351.80648,42392.621463,42395.411371,2789.908,SSE,/api/inference/stream,True,,12,65,,
1790482349.039418,1790482351.828507,42392.644309,42395.433398,2789.089,SSE,/api/inference/stream,True,,12,66,,
1790482349.073574,1790482351.864832,42392.678465,42395.469723,2791.258,SSE,/api/inference/stream,True,,12,67,,
1790482349.09689,1790482351.887135,42392.70178,42395.492025,2790.245,SSE,/api/inference/stream,True,,12,68,,
1790482349.127305,1790482351.918767,42392.732196,42395.523657,2791.462,SSE,/api/inference/stream,True,,12,69,,
1790482349.16387,1790482351.954005,42392.76876,42395.558896,2790.136,SSE,/api/inference/stream,True,,12,70,,
1790482349.215556,1790482352.009992,42392.820447,42395.614883,2794.436,SSE,/api/inference/stream,True,,12,71,,
1790482349.21807,1790482352.012619,42392.822961,42395.617511,2794.549,SSE,/api/inference/stream,True,,12,72,,
1790482349.232238,1790482352.021419,42392.837128,42395.626309,2789.181,SSE,/api/inference/stream,True,,12,73,,
1790482349.262439,1790482352.053416,42392.86733,42395.658306,2790.976,SSE,/api/inference/stream,True,,12,74,,
1790482349.281955,1790482352.073181,42392.886845,42395.678072,2791.226,SSE,/api/inference/stream,True,,12,75,,
1790482349.324465,1790482352.117161,42392.929356,42395.722052,2792.696,SSE,/api/inference/stream,True,,12,76,,
1790482349.353106,1790482352.145303,42392.957997,42395.750193,2792.196,SSE,/api/inference/stream,True,,12,77,,
1790482349.372893,1790482352.164241,42392.977784,42395.769132,2791.348,SSE,/api/inference/stream,True,,12,78,,
1790482349.404219,1790482352.194752,42393.00911,42395.799643,2790.533,SSE,/api/inference/stream,True,,12,79,,
1790482349.435833,1790482352.225802,42393.040724,42395.830692,2789.969,SSE,/api/inference/stream,True,,12,80,,
1790482349.465876,1790482352.255057,42393.070767,42395.859948,2789.181,SSE,/api/inference/stream,True,,12,81,,
1790482349.486245,1790482352.276262,42393.091136,42395.881153,2790.017,SSE,/api/inference/stream,True,,12,82,,
1790482349.526663,1790482352.316881,42393.131554,42395.921772,2790.218,SSE,/api/inference/stream,True,,12,83,,
1790482349.542538,1790482352.331231,42393.147429,42395.936122,2788.693,SSE,/api/inference/stream,True,,12,84,,
1790482349.567569,1790482352.357985,42393.17246,42395.962876,2790.417,SSE,/api/inference/stream,True,,12,85,,
1790482349.594508,1790482352.385215,42393.199398,42395.990105,2790.707,SSE,/api/inference/stream,True,,12,86,,
1790482349.622613,1790482352.414021,42393.227504,42396.018911,2791.408,SSE,/api/inference/stream,True,,12,87,,
1790482349.643788,1790482352.434563,42393.248679,42396.039454,2790.775,SSE,/api/inference/stream,True,,12,88,,
1790482349.675821,1790482352.466365,42393.280712,42396.071256,2790.544,SSE,/api/inference/stream,True,,12,89,,
1790482349.705238,1790482352.494227,42393.310128,42396.099117,2788.989,SSE,/api/inference/stream,True,,12,90,,
1790482349.737156,1790482352.527041,42393.342047,42396.131931,2789.885,SSE,/api/inference/stream,True,,12,91,,
1790482349.762395,1790482352.552542,42393.367285,42396.157432,2790.147,SSE,/api/inference/stream,True,,12,92,,
1790482349.795594,1790482352.586607,42393.400485,42396.191497,2791.012,SSE,/api/inference/stream,True,,12,93,,
1790482349.82506,1790482352.615337,42393.42995,42396.220227,2790.277,SSE,/api/inference/stream,True,,12,94,,
1790482349.850992,1790482352.641279,42393.455882,42396.24617,2790.288,SSE,/api/inference/stream,True,,12,95,,
1790482349.87774,1790482352.669079,42393.48263,42396.27397,2791.34,SSE,/api/inference/stream,True,,12,96,,
1790482349.904584,1790482352.693575,42393.509475,42396.298466,2788.991,SSE,/api/inference/stream,True,,12,97,,
1790482349.929038,1790482352.719938,42393.533928,42396.324828,2790.9,SSE,/api/inference/stream,True,,12,98,,
1790482349.960658,1790482352.751641,42393.565549,42396.356531,2790.983,SSE,/api/inference/stream,True,,12,99,,
1790482350.002939,1790482352.795805,42393.60783,42396.400696,2792.865,SSE,/api/inference/stream,True,,12,0,,
1790482350.028175,1790482352.818919,42393.633066,42396.42381,2790.744,SSE,/api/inference/stream,True,,12,1,,
1790482350.051936,1790482352.843376,42393.656827,42396.448267,2791.44,SSE,/api/inference/stream,True,,12,2,,
1790482350.082992,1790482352.874585,42393.687882,42396.479476,2791.594,SSE,/api/inference/stream,True,,12,3,,
1790482350.108045,1790482352.897746,42393.712936,42396.502637,2789.701,SSE,/api/inference/stream,True,,12,4,,
1790482350.136949,1790482352.928121,42393.741839,42396.533012,2791.173,SSE,/api/inference/stream,True,,12,5,,
1790482350.1613,1790482352.954228,42393.766191,42396.559118,2792.928,SSE,/api/inference/stream,True,,12,6,,
1790482350.19639,1790482352.989289,42393.80128,42396.594179,2792.899,SSE,/api/inference/stream,True,,12,7,,
1790482350.218733,1790482353.011004,42393.823623,42396.615895,2792.272,SSE,/api/inference/stream,True,,12,8,,
1790482350.254149,1790482353.04529,42393.859039,42396.650181,2791.142,SSE,/api/inference/stream,True,,12,9,,
1790482350.273501,1790482353.062412,42393.878392,42396.667303,2788.911,SSE,/api/inference/stream,True,,12,10,,
1790482350.302316,1790482353.091861,42393.907207,42396.696752,2789.545,SSE,/api/inference/stream,True,,12,11,,
1790482350.331836,1790482353.122695,42393.936727,42396.727586,2790.859,SSE,/api/inference/stream,True,,12,12,,
1790482350.362518,1790482353.153568,42393.967409,42396.758459,2791.05,SSE,/api/inference/stream,True,,12,13,,
1790482350.388662,1790482353.180599,42393.993552,42396.78549,2791.937,SSE,/api/inference/stream,True,,12,14,,
1790482350.416129,1790482353.206288,42394.02102,42396.811178,2790.159,SSE,/api/inference/stream,True,,12,15,,
1790482350.445927,1790482353.238085,42394.050818,42396.842976,2792.158,SSE,/api/inference/stream,True,,12,16,,
1790482350.474535,1790482353.264116,42394.079426,42396.869006,2789.58,SSE,/api/inference/stream,True,,12,17,,
1790482350.498758,1790482353.28752,42394.103649,42396.892411,2788.762,SSE,/api/inference/stream,True,,12,18,,
1790482350.533991,1790482353.326558,42394.138881,42396.931449,2792.568,SSE,/api/inference/stream,True,,12,19,,
1790482350.552478,1790482353.341614,42394.157369,42396.946505,2789.137,SSE,/api/inference/stream,True,,12,20,,
1790482350.578676,1790482353.366415,42394.183567,42396.971306,2787.739,SSE,/api/inference/stream,True,,12,21,,
1790482350.617752,1790482353.406587,42394.222642,42397.011477,2788.835,SSE,/api/inference/stream,True,,12,22,,
1790482350.633983,1790482353.42473,42394.238874,42397.02962,2790.746,SSE,/api/inference/stream,True,,12,23,,
1790482350.664498,1790482353.453699,42394.269389,42397.058589,2789.201,SSE,/api/inference/stream,True,,12,24,,
1790482350.695908,1790482353.486725,42394.300799,42397.091616,2790.817,SSE,/api/inference/stream,True,,12,25,,
1790482350.724944,1790482353.515963,42394.329835,42397.120853,2791.019,SSE,/api/inference/stream,True,,12,26,,
1790482350.748481,1790482353.538174,42394.353371,42397.143065,2789.693,SSE,/api/inference/stream,True,,12,27,,
1790482350.804776,1790482353.599328,42394.409666,42397.204218,2794.552,SSE,/api/inference/stream,True,,12,28,,
1790482350.832658,1790482353.629109,42394.437548,42397.233999,2796.451,SSE,/api/inference/stream,True,,12,30,,
1790482350.834177,1790482353.631603,42394.439069,42397.236494,2797.425,SSE,/api/inference/stream,True,,12,29,,
1790482350.856552,1790482353.647027,42394.461443,42397.251918,2790.475,SSE,/api/inference/stream,True,,12,31,,
1790482350.885975,1790482353.67593,42394.490865,42397.28082,2789.955,SSE,/api/inference/stream,True,,12,32,,
1790482350.914816,1790482353.70446,42394.519707,42397.309351,2789.644,SSE,/api/inference/stream,True,,12,33,,
1790482350.937334,1790482353.728814,42394.542225,42397.333705,2791.48,SSE,/api/inference/stream,True,,12,34,,
1790482350.970774,1790482353.760629,42394.575665,42397.36552,2789.854,SSE,/api/inference/stream,True,,12,35,,
1790482350.99503,1790482353.784579,42394.599921,42397.38947,2789.549,SSE,/api/inference/stream,True,,12,36,,
1790482351.02093,1790482353.810615,42394.625821,42397.415505,2789.685,SSE,/api/inference/stream,True,,12,37,,
1790482351.050571,1790482353.842177,42394.655462,42397.447067,2791.606,SSE,/api/inference/stream,True,,12,38,,
1790482351.081032,1790482353.870072,42394.685923,42397.474963,2789.04,SSE,/api/inference/stream,True,,12,39,,
1790482351.105804,1790482353.896128,42394.710695,42397.501019,2790.323,SSE,/api/inference/stream,True,,12,40,,
1790482351.141722,1790482353.933425,42394.746613,42397.538316,2791.702,SSE,/api/inference/stream,True,,12,41,,
1790482351.17108,1790482353.962934,42394.775971,42397.567825,2791.854,SSE,/api/inference/stream,True,,12,42,,
1790482351.19562,1790482353.989722,42394.80051,42397.594613,2794.103,SSE,/api/inference/stream,True,,12,43,,
1790482351.224065,1790482354.014007,42394.828956,42397.618898,2789.942,SSE,/api/inference/stream,True,,12,44,,
1790482351.253761,1790482354.044447,42394.858651,42397.649338,2790.686,SSE,/api/inference/stream,True,,12,45,,
1790482351.281425,1790482354.071655,42394.886315,42397.676545,2790.23,SSE,/api/inference/stream,True,,12,46,,
1790482351.300404,1790482354.091559,42394.905294,42397.69645,2791.155,SSE,/api/inference/stream,True,,12,47,,
1790482351.343333,1790482354.134951,42394.948224,42397.739841,2791.617,SSE,/api/inference/stream,True,,12,48,,
1790482351.355391,1790482354.143558,42394.960282,42397.748449,2788.167,SSE,/api/inference/stream,True,,12,49,,
1790482351.397888,1790482354.192232,42395.002779,42397.797123,2794.344,SSE,/api/inference/stream,True,,12,50,,
1790482351.414562,1790482354.205094,42395.019453,42397.809985,2790.532,SSE,/api/inference/stream,True,,12,51,,
1790482351.449889,1790482354.241927,42395.054779,42397.846818,2792.038,SSE,/api/inference/stream,True,,12,52,,
1790482351.470942,1790482354.260768,42395.075833,42397.865659,2789.827,SSE,/api/inference/stream,True,,12,53,,
1790482351.504024,1790482354.297839,42395.108915,42397.90273,2793.815,SSE,/api/inference/stream,True,,12,54,,
1790482351.551333,1790482354.346029,42395.156224,42397.95092,2794.696,SSE,/api/inference/stream,True,,12,56,,
1790482351.549693,1790482354.34776,42395.154584,42397.952651,2798.067,SSE,/api/inference/stream,True,,12,55,,
1790482351.576696,1790482354.366229,42395.181587,42397.97112,2789.533,SSE,/api/inference/stream,True,,12,57,,
1790482351.618555,1790482354.410521,42395.223446,42398.015412,2791.966,SSE,/api/inference/stream,True,,12,58,,
1790482351.639082,1790482354.427993,42395.243973,42398.032884,2788.911,SSE,/api/inference/stream,True,,12,59,,
1790482351.70208,1790482354.492098,42395.306972,42398.096989,2790.017,SSE,/api/inference/stream,True,,12,60,,
1790482351.711725,1790482354.504764,42395.316616,42398.109655,2793.039,SSE,/api/inference/stream,True,,12,61,,
1790482351.715069,1790482354.506709,42395.319961,42398.1116,2791.639,SSE,/api/inference/stream,True,,12,62,,
1790482351.744902,1790482354.534928,42395.349793,42398.139819,2790.026,SSE,/api/inference/stream,True,,12,63,,
1790482351.77773,1790482354.568581,42395.382621,42398.173472,2790.851,SSE,/api/inference/stream,True,,12,64,,
1790482351.806768,1790482354.599493,42395.411659,42398.204384,2792.725,SSE,/api/inference/stream,True,,12,65,,
1790482351.828851,1790482354.618583,42395.433742,42398.223475,2789.732,SSE,/api/inference/stream,True,,12,66,,
1790482351.865117,1790482354.656322,42395.470008,42398.261212,2791.205,SSE,/api/inference/stream,True,,12,67,,
1790482351.887429,1790482354.677789,42395.49232,42398.28268,2790.36,SSE,/api/inference/stream,True,,12,68,,
1790482351.919064,1790482354.709214,42395.523955,42398.314105,2790.149,SSE,/api/inference/stream,True,,12,69,,
1790482351.954353,1790482354.743457,42395.559244,42398.348347,2789.103,SSE,/api/inference/stream,True,,12,70,,
1790482352.010301,1790482354.801697,42395.615192,42398.406588,2791.396,SSE,/api/inference/stream,True,,12,71,,
1790482352.012824,1790482354.802966,42395.617715,42398.407857,2790.142,SSE,/api/inference/stream,True,,12,72,,
1790482352.021648,1790482354.817957,42395.626539,42398.422848,2796.309,SSE,/api/inference/stream,True,,12,73,,
1790482352.053714,1790482354.842458,42395.658604,42398.447348,2788.744,SSE,/api/inference/stream,True,,12,74,,
1790482352.073469,1790482354.864432,42395.67836,42398.469323,2790.963,SSE,/api/inference/stream,True,,12,75,,
1790482352.117445,1790482354.909994,42395.722336,42398.514884,2792.548,SSE,/api/inference/stream,True,,12,76,,
1790482352.145592,1790482354.936129,42395.750483,42398.54102,2790.538,SSE,/api/inference/stream,True,,12,77,,
1790482352.164609,1790482354.9562,42395.769499,42398.56109,2791.591,SSE,/api/inference/stream,True,,12,78,,
1790482352.195303,1790482354.985544,42395.800193,42398.590435,2790.242,SSE,/api/inference/stream,True,,12,79,,
1790482352.226084,1790482355.017606,42395.830974,42398.622496,2791.522,SSE,/api/inference/stream,True,,12,80,,
1790482352.255439,1790482355.049531,42395.860329,42398.654421,2794.092,SSE,/api/inference/stream,True,,12,81,,
1790482352.276541,1790482355.068009,42395.881432,42398.6729,2791.468,SSE,/api/inference/stream,True,,12,82,,
1790482352.317219,1790482355.109236,42395.92211,42398.714127,2792.016,SSE,/api/inference/stream,True,,12,83,,
1790482352.331529,1790482355.120623,42395.93642,42398.725514,2789.094,SSE,/api/inference/stream,True,,12,84,,
1790482352.358351,1790482355.148453,42395.963242,42398.753343,2790.102,SSE,/api/inference/stream,True,,12,85,,
1790482352.385551,1790482355.176869,42395.990441,42398.781759,2791.318,SSE,/api/inference/stream,True,,12,86,,
1790482352.41431,1790482355.204753,42396.019201,42398.809643,2790.442,SSE,/api/inference/stream,True,,12,87,,
1790482352.4349,1790482355.224406,42396.03979,42398.829296,2789.506,SSE,/api/inference/stream,True,,12,88,,
1790482352.466672,1790482355.257667,42396.071562,42398.862557,2790.995,SSE,/api/inference/stream,True,,12,89,,
1790482352.494596,1790482355.284106,42396.099487,42398.888996,2789.51,SSE,/api/inference/stream,True,,12,90,,
1790482352.52743,1790482355.317606,42396.13232,42398.922496,2790.176,SSE,/api/inference/stream,True,,12,91,,
1790482352.552893,1790482355.341317,42396.157783,42398.946207,2788.424,SSE,/api/inference/stream,True,,12,92,,
1790482352.5869,1790482355.377581,42396.191791,42398.982472,2790.681,SSE,/api/inference/stream,True,,12,93,,
1790482352.615666,1790482355.407272,42396.220556,42399.012162,2791.606,SSE,/api/inference/stream,True,,12,94,,
1790482352.641616,1790482355.432053,42396.246507,42399.036944,2790.437,SSE,/api/inference/stream,True,,12,95,,
1790482352.669474,1790482355.460407,42396.274365,42399.065298,2790.933,SSE,/api/inference/stream,True,,12,96,,
1790482352.693841,1790482355.482978,42396.298732,42399.087868,2789.136,SSE,/api/inference/stream,True,,12,97,,
1790482352.720199,1790482355.51041,42396.325089,42399.115301,2790.212,SSE,/api/inference/stream,True,,12,98,,
1790482352.751948,1790482355.542327,42396.356838,42399.147217,2790.379,SSE,/api/inference/stream,True,,12,99,,
1790482352.796065,1790482355.585776,42396.400956,42399.190667,2789.711,SSE,/api/inference/stream,True,,12,0,,
1790482352.819347,1790482355.609695,42396.424238,42399.214586,2790.348,SSE,/api/inference/stream,True,,12,1,,
1790482352.843701,1790482355.63447,42396.448591,42399.23936,2790.769,SSE,/api/inference/stream,True,,12,2,,
1790482352.87491,1790482355.665794,42396.479801,42399.270685,2790.884,SSE,/api/inference/stream,True,,12,3,,
1790482352.898086,1790482355.687041,42396.502977,42399.291931,2788.955,SSE,/api/inference/stream,True,,12,4,,
1790482352.928421,1790482355.71892,42396.533311,42399.323811,2790.499,SSE,/api/inference/stream,True,,12,5,,
1790482352.954562,1790482355.74678,42396.559454,42399.351671,2792.218,SSE,/api/inference/stream,True,,12,6,,
1790482352.989593,1790482355.781242,42396.594484,42399.386132,2791.649,SSE,/api/inference/stream,True,,12,7,,
1790482353.011434,1790482355.801897,42396.616324,42399.406787,2790.463,SSE,/api/inference/stream,True,,12,8,,
1790482353.045584,1790482355.834351,42396.650475,42399.439241,2788.766,SSE,/api/inference/stream,True,,12,9,,
1790482353.062724,1790482355.852778,42396.667615,42399.457669,2790.054,SSE,/api/inference/stream,True,,12,10,,
1790482353.092168,1790482355.883325,42396.697059,42399.488216,2791.157,SSE,/api/inference/stream,True,,12,11,,
1790482353.122972,1790482355.913332,42396.727863,42399.518222,2790.359,SSE,/api/inference/stream,True,,12,12,,
1790482353.153876,1790482355.946638,42396.758766,42399.551528,2792.762,SSE,/api/inference/stream,True,,12,13,,
1790482353.180944,1790482355.973547,42396.785835,42399.578437,2792.602,SSE,/api/inference/stream,True,,12,14,,
1790482353.206617,1790482355.995816,42396.811508,42399.600707,2789.199,SSE,/api/inference/stream,True,,12,15,,
1790482353.238409,1790482356.028013,42396.843299,42399.632903,2789.604,SSE,/api/inference/stream,True,,12,16,,
1790482353.264473,1790482356.053813,42396.869364,42399.658704,2789.34,SSE,/api/inference/stream,True,,12,17,,
1790482353.287795,1790482356.080096,42396.892686,42399.684987,2792.301,SSE,/api/inference/stream,True,,12,18,,
1790482353.326864,1790482356.117873,42396.931755,42399.722764,2791.009,SSE,/api/inference/stream,True,,12,19,,
1790482353.341985,1790482356.131958,42396.946876,42399.736849,2789.973,SSE,/api/inference/stream,True,,12,20,,
1790482353.366656,1790482356.155419,42396.971546,42399.76031,2788.764,SSE,/api/inference/stream,True,,12,21,,
1790482353.407056,1790482356.199479,42397.011946,42399.804369,2792.423,SSE,/api/inference/stream,True,,12,22,,
1790482353.425031,1790482356.214713,42397.029921,42399.819603,2789.682,SSE,/api/inference/stream,True,,12,23,,
1790482353.454052,1790482356.2439,42397.058942,42399.848791,2789.848,SSE,/api/inference/stream,True,,12,24,,
1790482353.487026,1790482356.280641,42397.091917,42399.885531,2793.614,SSE,/api/inference/stream,True,,12,25,,
1790482353.516337,1790482356.308295,42397.121227,42399.913186,2791.958,SSE,/api/inference/stream,True,,12,26,,
1790482353.538474,1790482356.327335,42397.143364,42399.932225,2788.861,SSE,/api/inference/stream,True,,12,27,,
1790482353.599678,1790482356.390805,42397.204568,42399.995695,2791.127,SSE,/api/inference/stream,True,,12,28,,
1790482353.629433,1790482356.426757,42397.234323,42400.031648,2797.324,SSE,/api/inference/stream,True,,12,30,,
1790482353.631867,1790482356.428958,42397.236758,42400.033849,2797.091,SSE,/api/inference/stream,True,,12,29,,
1790482353.647279,1790482356.438416,42397.25217,42400.043307,2791.138,SSE,/api/inference/stream,True,,12,31,,
1790482353.676389,1790482356.467367,42397.28128,42400.072257,2790.977,SSE,/api/inference/stream,True,,12,32,,
1790482353.704706,1790482356.492509,42397.309597,42400.0974,2787.802,SSE,/api/inference/stream,True,,12,33,,
1790482353.729057,1790482356.51828,42397.333948,42400.123171,2789.223,SSE,/api/inference/stream,True,,12,34,,
1790482353.760921,1790482356.549929,42397.365812,42400.154821,2789.008,SSE,/api/inference/stream,True,,12,35,,
1790482353.784819,1790482356.573606,42397.389711,42400.178497,2788.786,SSE,/api/inference/stream,True,,12,36,,
1790482353.810888,1790482356.601859,42397.415779,42400.20675,2790.971,SSE,/api/inference/stream,True,,12,37,,
1790482353.842467,1790482356.635253,42397.447358,42400.240144,2792.786,SSE,/api/inference/stream,True,,12,38,,
1790482353.870368,1790482356.659804,42397.475259,42400.264695,2789.436,SSE,/api/inference/stream,True,,12,39,,
1790482353.896481,1790482356.688548,42397.501372,42400.293439,2792.067,SSE,/api/inference/stream,True,,12,40,,
1790482353.933698,1790482356.725899,42397.538589,42400.33079,2792.201,SSE,/api/inference/stream,True,,12,41,,
1790482353.963356,1790482356.75535,42397.568246,42400.360241,2791.994,SSE,/api/inference/stream,True,,12,42,,
1790482353.99011,1790482356.782188,42397.595,42400.387079,2792.078,SSE,/api/inference/stream,True,,12,43,,
1790482354.014321,1790482356.804393,42397.619211,42400.409283,2790.072,SSE,/api/inference/stream,True,,12,44,,
1790482354.044757,1790482356.83619,42397.649647,42400.44108,2791.433,SSE,/api/inference/stream,True,,12,45,,
1790482354.071985,1790482356.861134,42397.676876,42400.466025,2789.149,SSE,/api/inference/stream,True,,12,46,,
1790482354.091861,1790482356.881391,42397.696752,42400.486283,2789.53,SSE,/api/inference/stream,True,,12,47,,
1790482354.13535,1790482356.927353,42397.740241,42400.532244,2792.003,SSE,/api/inference/stream,True,,12,48,,
1790482354.143837,1790482356.933619,42397.748728,42400.53851,2789.782,SSE,/api/inference/stream,True,,12,49,,
1790482354.1926,1790482356.985683,42397.797491,42400.590574,2793.083,SSE,/api/inference/stream,True,,12,50,,
1790482354.205371,1790482356.993354,42397.810262,42400.598245,2787.984,SSE,/api/inference/stream,True,,12,51,,
1790482354.242211,1790482357.033782,42397.847101,42400.638673,2791.571,SSE,/api/inference/stream,True,,12,52,,
1790482354.261099,1790482357.051872,42397.865989,42400.656762,2790.773,SSE,/api/inference/stream,True,,12,53,,
1790482354.298172,1790482357.091641,42397.903063,42400.696532,2793.47,SSE,/api/inference/stream,True,,12,54,,
1790482354.346374,1790482357.140404,42397.951264,42400.745294,2794.03,SSE,/api/inference/stream,True,,12,56,,
1790482354.348007,1790482357.142672,42397.952898,42400.747563,2794.665,SSE,/api/inference/stream,True,,12,55,,
1790482354.366571,1790482357.155571,42397.971462,42400.760462,2789.001,SSE,/api/inference/stream,True,,12,57,,
1790482354.410779,1790482357.205434,42398.01567,42400.810325,2794.654,SSE,/api/inference/stream,True,,12,58,,
1790482354.428295,1790482357.217255,42398.033186,42400.822146,2788.96,SSE,/api/inference/stream,True,,12,59,,
1790482354.492397,1790482357.282318,42398.097287,42400.887209,2789.922,SSE,/api/inference/stream,True,,12,60,,
1790482354.506888,1790482357.299452,42398.111778,42400.904342,2792.564,SSE,/api/inference/stream,True,,12,62,,
1790482354.504973,1790482357.30087,42398.109864,42400.905761,2795.897,SSE,/api/inference/stream,True,,12,61,,
1790482354.535276,1790482357.325177,42398.140167,42400.930068,2789.902,SSE,/api/inference/stream,True,,12,63,,
1790482354.568921,1790482357.358396,42398.173811,42400.963286,2789.475,SSE,/api/inference/stream,True,,12,64,,
1790482354.599787,1790482357.390298,42398.204677,42400.995189,2790.512,SSE,/api/inference/stream,True,,12,65,,
1790482354.618924,1790482357.409916,42398.223814,42401.014806,2790.992,SSE,/api/inference/stream,True,,12,66,,
1790482354.656726,1790482357.448946,42398.261616,42401.053837,2792.221,SSE,/api/inference/stream,True,,12,67,,
1790482354.678083,1790482357.466777,42398.282974,42401.071668,2788.694,SSE,/api/inference/stream,True,,12,68,,
1790482354.709489,1790482357.499225,42398.314379,42401.104116,2789.737,SSE,/api/inference/stream,True,,12,69,,
1790482354.743792,1790482357.533364,42398.348683,42401.138254,2789.572,SSE,/api/inference/stream,True,,12,70,,
1790482354.801942,1790482357.595498,42398.406833,42401.200389,2793.556,SSE,/api/inference/stream,True,,12,71,,
1790482354.803294,1790482357.59714,42398.408185,42401.202031,2793.845,SSE,/api/inference/stream,True,,12,72,,
1790482354.818126,1790482357.607514,42398.423017,42401.212405,2789.388,SSE,/api/inference/stream,True,,12,73,,
1790482354.842771,1790482357.63319,42398.447662,42401.238081,2790.419,SSE,/api/inference/stream,True,,12,74,,
1790482354.864687,1790482357.654827,42398.469578,42401.259718,2790.14,SSE,/api/inference/stream,True,,12,75,,
1790482354.910321,1790482357.701577,42398.515212,42401.306467,2791.255,SSE,/api/inference/stream,True,,12,76,,
1790482354.936388,1790482357.725074,42398.541279,42401.329965,2788.686,SSE,/api/inference/stream,True,,12,77,,
1790482354.956495,1790482357.747093,42398.561385,42401.351984,2790.599,SSE,/api/inference/stream,True,,12,78,,
1790482354.985816,1790482357.774755,42398.590707,42401.379645,2788.939,SSE,/api/inference/stream,True,,12,79,,
1790482355.01799,1790482357.809175,42398.622881,42401.414066,2791.185,SSE,/api/inference/stream,True,,12,80,,
1790482355.049855,1790482357.841571,42398.654745,42401.446461,2791.716,SSE,/api/inference/stream,True,,12,81,,
1790482355.068316,1790482357.861062,42398.673207,42401.465952,2792.745,SSE,/api/inference/stream,True,,12,82,,
1790482355.109588,1790482357.900088,42398.714479,42401.504979,2790.5,SSE,/api/inference/stream,True,,12,83,,
1790482355.1209,1790482357.910169,42398.725791,42401.51506,2789.269,SSE,/api/inference/stream,True,,12,84,,
1790482355.14882,1790482357.936871,42398.753711,42401.541762,2788.051,SSE,/api/inference/stream,True,,12,85,,
1790482355.177189,1790482357.969317,42398.782079,42401.574208,2792.128,SSE,/api/inference/stream,True,,12,86,,
1790482355.205054,1790482357.994911,42398.809945,42401.599802,2789.857,SSE,/api/inference/stream,True,,12,87,,
1790482355.224707,1790482358.01682,42398.829598,42401.621711,2792.113,SSE,/api/inference/stream,True,,12,88,,
1790482355.257991,1790482358.048505,42398.862881,42401.653396,2790.515,SSE,/api/inference/stream,True,,12,89,,
1790482355.284454,1790482358.073553,42398.889345,42401.678444,2789.099,SSE,/api/inference/stream,True,,12,90,,
1790482355.317909,1790482358.109443,42398.9228,42401.714333,2791.534,SSE,/api/inference/stream,True,,12,91,,
1790482355.341645,1790482358.13067,42398.946536,42401.735561,2789.025,SSE,/api/inference/stream,True,,12,92,,
1790482355.37788,1790482358.170396,42398.982771,42401.775287,2792.516,SSE,/api/inference/stream,True,,12,93,,
1790482355.407584,1790482358.198135,42399.012475,42401.803026,2790.551,SSE,/api/inference/stream,True,,12,94,,
1790482355.432369,1790482358.221606,42399.03726,42401.826497,2789.237,SSE,/api/inference/stream,True,,12,95,,
1790482355.460715,1790482358.250371,42399.065605,42401.855262,2789.657,SSE,/api/inference/stream,True,,12,96,,
1790482355.483378,1790482358.272838,42399.088269,42401.877728,2789.459,SSE,/api/inference/stream,True,,12,97,,
1790482355.510698,1790482358.30192,42399.115589,42401.906811,2791.222,SSE,/api/inference/stream,True,,12,98,,
1790482355.542607,1790482358.331514,42399.147498,42401.936405,2788.908,SSE,/api/inference/stream,True,,12,99,,
1790482355.586118,1790482358.377903,42399.191008,42401.982794,2791.786,SSE,/api/inference/stream,True,,12,0,,
1790482355.610031,1790482358.401895,42399.214922,42402.006785,2791.863,SSE,/api/inference/stream,True,,12,1,,
1790482355.634764,1790482358.425181,42399.239655,42402.030071,2790.416,SSE,/api/inference/stream,True,,12,2,,
1790482355.666195,1790482358.457255,42399.271085,42402.062145,2791.06,SSE,/api/inference/stream,True,,12,3,,
1790482355.687432,1790482358.476477,42399.292323,42402.081368,2789.045,SSE,/api/inference/stream,True,,12,4,,
1790482355.719332,1790482358.514151,42399.324222,42402.119041,2794.819,SSE,/api/inference/stream,True,,12,5,,
1790482355.747102,1790482358.537206,42399.351993,42402.142097,2790.105,SSE,/api/inference/stream,True,,12,6,,
1790482355.781513,1790482358.57366,42399.386403,42402.178551,2792.148,SSE,/api/inference/stream,True,,12,7,,
1790482355.80221,1790482358.592597,42399.407101,42402.197487,2790.387,SSE,/api/inference/stream,True,,12,8,,
1790482355.834595,1790482358.623813,42399.439486,42402.228703,2789.217,SSE,/api/inference/stream,True,,12,9,,
1790482355.853113,1790482358.642786,42399.458004,42402.247677,2789.673,SSE,/api/inference/stream,True,,12,10,,
1790482355.883604,1790482358.67565,42399.488494,42402.280541,2792.047,SSE,/api/inference/stream,True,,12,11,,
1790482355.913609,1790482358.70321,42399.518499,42402.308101,2789.602,SSE,/api/inference/stream,True,,12,12,,
1790482355.946938,1790482358.738105,42399.551829,42402.342996,2791.167,SSE,/api/inference/stream,True,,12,13,,
1790482355.973851,1790482358.764867,42399.578742,42402.369758,2791.016,SSE,/api/inference/stream,True,,12,14,,
1790482355.996113,1790482358.786096,42399.601003,42402.390987,2789.983,SSE,/api/inference/stream,True,,12,15,,
1790482356.02837,1790482358.820759,42399.633261,42402.42565,2792.389,SSE,/api/inference/stream,True,,12,16,,
1790482356.054164,1790482358.84289,42399.659055,42402.447781,2788.725,SSE,/api/inference/stream,True,,12,17,,
1790482356.080389,1790482358.871842,42399.68528,42402.476733,2791.453,SSE,/api/inference/stream,True,,12,18,,
1790482356.118181,1790482358.909739,42399.723072,42402.514629,2791.558,SSE,/api/inference/stream,True,,12,19,,
1790482356.132251,1790482358.920879,42399.737142,42402.52577,2788.628,SSE,/api/inference/stream,True,,12,20,,
1790482356.1557,1790482358.944099,42399.760591,42402.54899,2788.399,SSE,/api/inference/stream,True,,12,21,,
1790482356.199778,1790482358.992379,42399.804669,42402.59727,2792.601,SSE,/api/inference/stream,True,,12,22,,
1790482356.215094,1790482359.005222,42399.819985,42402.610113,2790.128,SSE,/api/inference/stream,True,,12,23,,
1790482356.244208,1790482359.035273,42399.849099,42402.640163,2791.064,SSE,/api/inference/stream,True,,12,24,,
1790482356.280943,1790482359.075366,42399.885834,42402.680257,2794.423,SSE,/api/inference/stream,True,,12,25,,
1790482356.308626,1790482359.101849,42399.913516,42402.70674,2793.224,SSE,/api/inference/stream,True,,12,26,,
1790482356.327673,1790482359.118459,42399.932564,42402.723349,2790.785,SSE,/api/inference/stream,True,,12,27,,
1790482356.391086,1790482359.18196,42399.995976,42402.78685,2790.874,SSE,/api/inference/stream,True,,12,28,,
1790482356.427072,1790482359.221903,42400.031963,42402.826793,2794.831,SSE,/api/inference/stream,True,,12,30,,
1790482356.429434,1790482359.225878,42400.034325,42402.830769,2796.445,SSE,/api/inference/stream,True,,12,29,,
1790482356.438623,1790482359.233479,42400.043514,42402.83837,2794.855,SSE,/api/inference/stream,True,,12,31,,
1790482356.467642,1790482359.257628,42400.072532,42402.862519,2789.987,SSE,/api/inference/stream,True,,12,32,,
1790482356.492751,1790482359.281074,42400.097641,42402.885964,2788.323,SSE,/api/inference/stream,True,,12,33,,
1790482356.518595,1790482359.309827,42400.123486,42402.914718,2791.232,SSE,/api/inference/stream,True,,12,34,,
1790482356.550154,1790482359.339518,42400.155045,42402.944409,2789.364,SSE,/api/inference/stream,True,,12,35,,
1790482356.57392,1790482359.364677,42400.17881,42402.969567,2790.757,SSE,/api/inference/stream,True,,12,36,,
1790482356.602132,1790482359.392305,42400.207022,42402.997196,2790.173,SSE,/api/inference/stream,True,,12,37,,
1790482356.635543,1790482359.42534,42400.240434,42403.030231,2789.797,SSE,/api/inference/stream,True,,12,38,,
1790482356.660134,1790482359.448745,42400.265025,42403.053636,2788.611,SSE,/api/inference/stream,True,,12,39,,
1790482356.688815,1790482359.478876,42400.293706,42403.083767,2790.061,SSE,/api/inference/stream,True,,12,40,,
1790482356.726269,1790482359.51557,42400.33116,42403.120461,2789.301,SSE,/api/inference/stream,True,,12,41,,
1790482356.755663,1790482359.546863,42400.360554,42403.151753,2791.199,SSE,/api/inference/stream,True,,12,42,,
1790482356.782478,1790482359.573665,42400.387368,42403.178556,2791.187,SSE,/api/inference/stream,True,,12,43,,
1790482356.804683,1790482359.594751,42400.409574,42403.199642,2790.068,SSE,/api/inference/stream,True,,12,44,,
1790482356.836501,1790482359.62676,42400.441392,42403.23165,2790.259,SSE,/api/inference/stream,True,,12,45,,
1790482356.861504,1790482359.65161,42400.466395,42403.2565,2790.105,SSE,/api/inference/stream,True,,12,46,,
1790482356.881611,1790482359.670693,42400.486502,42403.275583,2789.081,SSE,/api/inference/stream,True,,12,47,,
1790482356.927656,1790482359.719382,42400.532546,42403.324273,2791.727,SSE,/api/inference/stream,True,,12,48,,
1790482356.93384,1790482359.72513,42400.538731,42403.330021,2791.29,SSE,/api/inference/stream,True,,12,49,,
1790482356.986037,1790482359.777249,42400.590927,42403.382139,2791.212,SSE,/api/inference/stream,True,,12,50,,
1790482356.99358,1790482359.786381,42400.598471,42403.391272,2792.801,SSE,/api/inference/stream,True,,12,51,,
1790482357.034152,1790482359.825964,42400.639043,42403.430855,2791.812,SSE,/api/inference/stream,True,,12,52,,
1790482357.052202,1790482359.843347,42400.657092,42403.448238,2791.145,SSE,/api/inference/stream,True,,12,53,,
1790482357.091924,1790482359.88334,42400.696815,42403.488231,2791.416,SSE,/api/inference/stream,True,,12,54,,
1790482357.14071,1790482359.934556,42400.7456,42403.539447,2793.846,SSE,/api/inference/stream,True,,12,56,,
1790482357.142944,1790482359.936063,42400.747835,42403.540954,2793.119,SSE,/api/inference/stream,True,,12,55,,
1790482357.155788,1790482359.945918,42400.76068,42403.550809,2790.129,SSE,/api/inference/stream,True,,12,57,,
1790482357.205699,1790482359.996968,42400.81059,42403.601859,2791.269,SSE,/api/inference/stream,True,,12,58,,
1790482357.21754,1790482360.004397,42400.822431,42403.609289,2786.858,SSE,/api/inference/stream,True,,12,59,,
1790482357.282683,1790482360.074719,42400.887574,42403.679609,2792.036,SSE,/api/inference/stream,True,,12,60,,
1790482357.299725,1790482360.093126,42400.904615,42403.698017,2793.402,SSE,/api/inference/stream,True,,12,62,,
1790482357.301075,1790482360.095006,42400.905967,42403.699897,2793.93,SSE,/api/inference/stream,True,,12,61,,
1790482357.325428,1790482360.113777,42400.930319,42403.718668,2788.349,SSE,/api/inference/stream,True,,12,63,,
1790482357.358699,1790482360.148327,42400.96359,42403.753218,2789.628,SSE,/api/inference/stream,True,,12,64,,
1790482357.390588,1790482360.180324,42400.995478,42403.785215,2789.736,SSE,/api/inference/stream,True,,12,65,,
1790482357.410222,1790482360.201958,42401.015112,42403.806849,2791.737,SSE,/api/inference/stream,True,,12,66,,
1790482357.449287,1790482360.238566,42401.054178,42403.843457,2789.279,SSE,/api/inference/stream,True,,12,67,,
1790482357.46721,1790482360.256093,42401.0721,42403.860984,2788.883,SSE,/api/inference/stream,True,,12,68,,
1790482357.499526,1790482360.29163,42401.104416,42403.89652,2792.104,SSE,/api/inference/stream,True,,12,69,,
1790482357.533633,1790482360.321873,42401.138523,42403.926763,2788.24,SSE,/api/inference/stream,True,,12,70,,
1790482357.595824,1790482360.395289,42401.200715,42404.00018,2799.465,SSE,/api/inference/stream,True,,12,71,,
1790482357.597471,1790482360.396956,42401.202362,42404.001847,2799.486,SSE,/api/inference/stream,True,,12,72,,
1790482357.60774,1790482360.402553,42401.212631,42404.007444,2794.813,SSE,/api/inference/stream,True,,12,73,,
1790482357.633557,1790482360.423422,42401.238447,42404.028313,2789.865,SSE,/api/inference/stream,True,,12,74,,
1790482357.655279,1790482360.448272,42401.26017,42404.053163,2792.992,SSE,/api/inference/stream,True,,12,75,,
1790482357.701875,1790482360.493596,42401.306766,42404.098487,2791.72,SSE,/api/inference/stream,True,,12,76,,
1790482357.72536,1790482360.515887,42401.330251,42404.120778,2790.527,SSE,/api/inference/stream,True,,12,77,,
1790482357.747499,1790482360.53845,42401.352389,42404.14334,2790.951,SSE,/api/inference/stream,True,,12,78,,
1790482357.775108,1790482360.565783,42401.379998,42404.170673,2790.675,SSE,/api/inference/stream,True,,12,79,,
1790482357.809486,1790482360.602483,42401.414377,42404.207374,2792.997,SSE,/api/inference/stream,True,,12,80,,
1790482357.84186,1790482360.63363,42401.44675,42404.238521,2791.77,SSE,/api/inference/stream,True,,12,81,,
1790482357.861364,1790482360.653252,42401.466255,42404.258143,2791.888,SSE,/api/inference/stream,True,,12,82,,
1790482357.900435,1790482360.692275,42401.505326,42404.297166,2791.839,SSE,/api/inference/stream,True,,12,83,,
1790482357.910439,1790482360.701099,42401.515331,42404.30599,2790.66,SSE,/api/inference/stream,True,,12,84,,
1790482357.937171,1790482360.724921,42401.542061,42404.329811,2787.75,SSE,/api/inference/stream,True,,12,85,,
1790482357.969688,1790482360.759853,42401.574579,42404.364744,2790.164,SSE,/api/inference/stream,True,,12,86,,
1790482357.99529,1790482360.785321,42401.600181,42404.390212,2790.031,SSE,/api/inference/stream,True,,12,87,,
1790482358.017116,1790482360.80687,42401.622007,42404.411761,2789.754,SSE,/api/inference/stream,True,,12,88,,
1790482358.048805,1790482360.840026,42401.653696,42404.444917,2791.221,SSE,/api/inference/stream,True,,12,89,,
1790482358.073885,1790482360.862472,42401.678776,42404.467363,2788.587,SSE,/api/inference/stream,True,,12,90,,
1790482358.109737,1790482360.900425,42401.714628,42404.505316,2790.688,SSE,/api/inference/stream,True,,12,91,,
1790482358.130961,1790482360.921458,42401.735851,42404.526349,2790.498,SSE,/api/inference/stream,True,,12,92,,
1790482358.17068,1790482360.96339,42401.775571,42404.568281,2792.71,SSE,/api/inference/stream,True,,12,93,,
1790482358.198425,1790482360.987995,42401.803315,42404.592885,2789.57,SSE,/api/inference/stream,True,,12,94,,
1790482358.221911,1790482361.012975,42401.826802,42404.617865,2791.064,SSE,/api/inference/stream,True,,12,95,,
1790482358.250744,1790482361.040546,42401.855635,42404.645437,2789.802,SSE,/api/inference/stream,True,,12,96,,
1790482358.273155,1790482361.064212,42401.878047,42404.669103,2791.056,SSE,/api/inference/stream,True,,12,97,,
1790482358.302221,1790482361.092184,42401.907111,42404.697074,2789.963,SSE,/api/inference/stream,True,,12,98,,
1790482358.33179,1790482361.12168,42401.936681,42404.72657,2789.889,SSE,/api/inference/stream,True,,12,99,,
1790482358.378189,1790482361.168415,42401.983079,42404.773305,2790.227,SSE,/api/inference/stream,True,,12,0,,
1790482358.402231,1790482361.191458,42402.007122,42404.796348,2789.226,SSE,/api/inference/stream,True,,12,1,,
1790482358.425457,1790482361.214447,42402.030348,42404.819337,2788.989,SSE,/api/inference/stream,True,,12,2,,
1790482358.45758,1790482361.248099,42402.062471,42404.85299,2790.519,SSE,/api/inference/stream,True,,12,3,,
1790482358.476788,1790482361.266204,42402.081679,42404.871095,2789.416,SSE,/api/inference/stream,True,,12,4,,
1790482358.514461,1790482361.305155,42402.119351,42404.910045,2790.694,SSE,/api/inference/stream,True,,12,5,,
1790482358.537545,1790482361.32759,42402.142436,42404.93248,2790.044,SSE,/api/inference/stream,True,,12,6,,
1790482358.573954,1790482361.365062,42402.178844,42404.969953,2791.108,SSE,/api/inference/stream,True,,12,7,,
1790482358.592963,1790482361.383422,42402.197853,42404.988313,2790.46,SSE,/api/inference/stream,True,,12,8,,
1790482358.624125,1790482361.415603,42402.229015,42405.020493,2791.478,SSE,/api/inference/stream,True,,12,9,,
1790482358.64309,1790482361.430515,42402.247981,42405.035406,2787.424,SSE,/api/inference/stream,True,,12,10,,
1790482358.675953,1790482361.468159,42402.280844,42405.07305,2792.206,SSE,/api/inference/stream,True,,12,11,,
1790482358.703544,1790482361.494505,42402.308435,42405.099397,2790.961,SSE,/api/inference/stream,True,,12,12,,
1790482358.738412,1790482361.529485,42402.343302,42405.134375,2791.073,SSE,/api/inference/stream,True,,12,13,,
1790482358.765173,1790482361.557077,42402.370064,42405.161968,2791.904,SSE,/api/inference/stream,True,,12,14,,
1790482358.786415,1790482361.576027,42402.391306,42405.180917,2789.612,SSE,/api/inference/stream,True,,12,15,,
1790482358.821096,1790482361.610951,42402.425987,42405.215842,2789.856,SSE,/api/inference/stream,True,,12,16,,
1790482358.843206,1790482361.632838,42402.448097,42405.237729,2789.633,SSE,/api/inference/stream,True,,12,17,,
1790482358.872191,1790482361.666125,42402.477082,42405.271016,2793.934,SSE,/api/inference/stream,True,,12,18,,
1790482358.910085,1790482361.700758,42402.514975,42405.305649,2790.673,SSE,/api/inference/stream,True,,12,19,,
1790482358.921183,1790482361.713919,42402.526074,42405.31881,2792.735,SSE,/api/inference/stream,True,,12,20,,
1790482358.944402,1790482361.733618,42402.549292,42405.338509,2789.216,SSE,/api/inference/stream,True,,12,21,,
1790482358.99268,1790482361.781025,42402.597571,42405.385916,2788.345,SSE,/api/inference/stream,True,,12,22,,
1790482359.005655,1790482361.793418,42402.610546,42405.398309,2787.763,SSE,/api/inference/stream,True,,12,23,,
1790482359.035562,1790482361.825361,42402.640453,42405.430252,2789.799,SSE,/api/inference/stream,True,,12,24,,
1790482359.075767,1790482361.870591,42402.680658,42405.475482,2794.824,SSE,/api/inference/stream,True,,12,25,,
1790482359.102142,1790482361.893908,42402.707033,42405.498799,2791.765,SSE,/api/inference/stream,True,,12,26,,
1790482359.118782,1790482361.908315,42402.723673,42405.513206,2789.533,SSE,/api/inference/stream,True,,12,27,,
1790482359.182249,1790482361.97354,42402.787139,42405.57843,2791.291,SSE,/api/inference/stream,True,,12,28,,
1790482359.222341,1790482362.017791,42402.827231,42405.622682,2795.451,SSE,/api/inference/stream,True,,12,30,,
1790482359.226151,1790482362.021573,42402.831042,42405.626464,2795.421,SSE,/api/inference/stream,True,,12,29,,
1790482359.233684,1790482362.027994,42402.838575,42405.632885,2794.31,SSE,/api/inference/stream,True,,12,31,,
1790482359.257975,1790482362.046299,42402.862866,42405.651189,2788.323,SSE,/api/inference/stream,True,,12,32,,
1790482359.28139,1790482362.070612,42402.886281,42405.675503,2789.221,SSE,/api/inference/stream,True,,12,33,,
1790482359.310149,1790482362.099995,42402.91504,42405.704886,2789.846,SSE,/api/inference/stream,True,,12,34,,
1790482359.339849,1790482362.130107,42402.94474,42405.734998,2790.257,SSE,/api/inference/stream,True,,12,35,,
1790482359.365026,1790482362.157325,42402.969916,42405.762215,2792.299,SSE,/api/inference/stream,True,,12,36,,
1790482359.392595,1790482362.184067,42402.997486,42405.788958,2791.472,SSE,/api/inference/stream,True,,12,37,,
1790482359.425676,1790482362.215937,42403.030566,42405.820828,2790.261,SSE,/api/inference/stream,True,,12,38,,
1790482359.449032,1790482362.238925,42403.053923,42405.843816,2789.893,SSE,/api/inference/stream,True,,12,39,,
1790482359.479219,1790482362.27148,42403.08411,42405.87637,2792.261,SSE,/api/inference/stream,True,,12,40,,
1790482359.515853,1790482362.305628,42403.120744,42405.910519,2789.775,SSE,/api/inference/stream,True,,12,41,,
1790482359.547163,1790482362.336983,42403.152054,42405.941874,2789.82,SSE,/api/inference/stream,True,,12,42,,
1790482359.573928,1790482362.362261,42403.178819,42405.967152,2788.333,SSE,/api/inference/stream,True,,12,43,,
1790482359.595006,1790482362.38638,42403.199897,42405.99127,2791.373,SSE,/api/inference/stream,True,,12,44,,
1790482359.627111,1790482362.416863,42403.232001,42406.021754,2789.753,SSE,/api/inference/stream,True,,12,45,,
1790482359.651937,1790482362.442125,42403.256828,42406.047016,2790.188,SSE,/api/inference/stream,True,,12,46,,
1790482359.670986,1790482362.462364,42403.275877,42406.067255,2791.378,SSE,/api/inference/stream,True,,12,47,,
1790482359.719723,1790482362.511353,42403.324613,42406.116243,2791.63,SSE,/api/inference/stream,True,,12,48,,
1790482359.72534,1790482362.513939,42403.330232,42406.118831,2788.599,SSE,/api/inference/stream,True,,12,49,,
1790482359.777621,1790482362.56812,42403.382512,42406.173011,2790.499,SSE,/api/inference/stream,True,,12,50,,
1790482359.786603,1790482362.582299,42403.391494,42406.18719,2795.696,SSE,/api/inference/stream,True,,12,51,,
1790482359.826241,1790482362.616613,42403.431132,42406.221504,2790.371,SSE,/api/inference/stream,True,,12,52,,
1790482359.843633,1790482362.635013,42403.448524,42406.239904,2791.38,SSE,/api/inference/stream,True,,12,53,,
1790482359.883635,1790482362.675536,42403.488525,42406.280426,2791.901,SSE,/api/inference/stream,True,,12,54,,
1790482359.934829,1790482362.727251,42403.53972,42406.332142,2792.422,SSE,/api/inference/stream,True,,12,56,,
1790482359.93631,1790482362.730194,42403.541201,42406.335085,2793.884,SSE,/api/inference/stream,True,,12,55,,
1790482359.946101,1790482362.737286,42403.550992,42406.342177,2791.185,SSE,/api/inference/stream,True,,12,57,,
1790482359.997172,1790482362.78492,42403.602063,42406.389811,2787.749,SSE,/api/inference/stream,True,,12,58,,
1790482360.004556,1790482362.793085,42403.609447,42406.397976,2788.529,SSE,/api/inference/stream,True,,12,59,,
1790482360.07507,1790482362.866217,42403.67996,42406.471108,2791.147,SSE,/api/inference/stream,True,,12,60,,
1790482360.093411,1790482362.885476,42403.698302,42406.490367,2792.065,SSE,/api/inference/stream,True,,12,62,,
1790482360.095316,1790482362.887461,42403.700207,42406.492352,2792.146,SSE,/api/inference/stream,True,,12,61,,
1790482360.114032,1790482362.902633,42403.718922,42406.507524,2788.601,SSE,/api/inference/stream,True,,12,63,,
1790482360.148656,1790482362.9405,42403.753547,42406.545391,2791.844,SSE,/api/inference/stream,True,,12,64,,
1790482360.180637,1790482362.970329,42403.785527,42406.575219,2789.692,SSE,/api/inference/stream,True,,12,65,,
1790482360.202238,1790482362.992627,42403.807129,42406.597518,2790.39,SSE,/api/inference/stream,True,,12,66,,
1790482360.238906,1790482363.028841,42403.843796,42406.633731,2789.935,SSE,/api/inference/stream,True,,12,67,,
1790482360.25634,1790482363.04634,42403.861231,42406.65123,2790.0,SSE,/api/inference/stream,True,,12,68,,
1790482360.291911,1790482363.08419,42403.896803,42406.689081,2792.278,SSE,/api/inference/stream,True,,12,69,,
1790482360.322315,1790482363.110181,42403.927206,42406.715071,2787.866,SSE,/api/inference/stream,True,,12,70,,
1790482360.395587,1790482363.200329,42404.000478,42406.80522,2804.742,SSE,/api/inference/stream,True,,12,71,,
1790482360.402782,1790482363.201989,42404.007673,42406.80688,2799.206,SSE,/api/inference/stream,True,,12,73,,
1790482360.397652,1790482363.203671,42404.002543,42406.808563,2806.02,SSE,/api/inference/stream,True,,12,72,,
1790482360.423624,1790482363.216972,42404.028515,42406.821863,2793.348,SSE,/api/inference/stream,True,,12,74,,
1790482360.448598,1790482363.24066,42404.053489,42406.845551,2792.062,SSE,/api/inference/stream,True,,12,75,,
1790482360.493865,1790482363.284837,42404.098756,42406.889727,2790.971,SSE,/api/inference/stream,True,,12,76,,
1790482360.516136,1790482363.305289,42404.121027,42406.91018,2789.153,SSE,/api/inference/stream,True,,12,77,,
1790482360.538749,1790482363.330906,42404.14364,42406.935797,2792.157,SSE,/api/inference/stream,True,,12,78,,
1790482360.566151,1790482363.356307,42404.171042,42406.961197,2790.155,SSE,/api/inference/stream,True,,12,79,,
1790482360.602746,1790482363.3945,42404.207637,42406.99939,2791.753,SSE,/api/inference/stream,True,,12,80,,
1790482360.634047,1790482363.424266,42404.238937,42407.029156,2790.219,SSE,/api/inference/stream,True,,12,81,,
1790482360.653511,1790482363.445407,42404.258402,42407.050298,2791.896,SSE,/api/inference/stream,True,,12,82,,
1790482360.692574,1790482363.48521,42404.297465,42407.090101,2792.636,SSE,/api/inference/stream,True,,12,83,,
1790482360.70132,1790482363.492313,42404.306211,42407.097204,2790.993,SSE,/api/inference/stream,True,,12,84,,
1790482360.725248,1790482363.514182,42404.330139,42407.119072,2788.933,SSE,/api/inference/stream,True,,12,85,,
1790482360.760165,1790482363.551483,42404.365055,42407.156373,2791.318,SSE,/api/inference/stream,True,,12,86,,
1790482360.785725,1790482363.577085,42404.390615,42407.181976,2791.361,SSE,/api/inference/stream,True,,12,87,,
1790482360.807241,1790482363.598078,42404.412131,42407.202969,2790.838,SSE,/api/inference/stream,True,,12,88,,
1790482360.840426,1790482363.631332,42404.445316,42407.236222,2790.906,SSE,/api/inference/stream,True,,12,89,,
1790482360.862746,1790482363.652446,42404.467637,42407.257337,2789.7,SSE,/api/inference/stream,True,,12,90,,
1790482360.900728,1790482363.691915,42404.505619,42407.296806,2791.187,SSE,/api/inference/stream,True,,12,91,,
1790482360.921749,1790482363.712378,42404.52664,42407.317268,2790.628,SSE,/api/inference/stream,True,,12,92,,
1790482360.96368,1790482363.757093,42404.56857,42407.361983,2793.413,SSE,/api/inference/stream,True,,12,93,,
1790482360.988302,1790482363.778991,42404.593193,42407.383882,2790.689,SSE,/api/inference/stream,True,,12,94,,
1790482361.013289,1790482363.8059,42404.61818,42407.410791,2792.611,SSE,/api/inference/stream,True,,12,95,,
1790482361.040833,1790482363.831812,42404.645724,42407.436702,2790.978,SSE,/api/inference/stream,True,,12,96,,
1790482361.064444,1790482363.852944,42404.669335,42407.457835,2788.5,SSE,/api/inference/stream,True,,12,97,,
1790482361.092473,1790482363.882893,42404.697363,42407.487784,2790.42,SSE,/api/inference/stream,True,,12,98,,
1790482361.121978,1790482363.91233,42404.726869,42407.51722,2790.351,SSE,/api/inference/stream,True,,12,99,,
1790482361.168712,1790482363.96263,42404.773603,42407.56752,2793.917,SSE,/api/inference/stream,True,,12,0,,
1790482361.191799,1790482363.981277,42404.79669,42407.586168,2789.478,SSE,/api/inference/stream,True,,12,1,,
1790482361.214763,1790482364.005951,42404.819654,42407.610842,2791.188,SSE,/api/inference/stream,True,,12,2,,
1790482361.24843,1790482364.038532,42404.85332,42407.643422,2790.102,SSE,/api/inference/stream,True,,12,3,,
1790482361.266497,1790482364.055514,42404.871388,42407.660405,2789.017,SSE,/api/inference/stream,True,,12,4,,
1790482361.305519,1790482364.094723,42404.91041,42407.699614,2789.204,SSE,/api/inference/stream,True,,12,5,,
1790482361.32785,1790482364.117757,42404.932741,42407.722648,2789.907,SSE,/api/inference/stream,True,,12,6,,
1790482361.365388,1790482364.157952,42404.970278,42407.762843,2792.565,SSE,/api/inference/stream,True,,12,7,,
1790482361.383774,1790482364.173976,42404.988665,42407.778866,2790.201,SSE,/api/inference/stream,True,,12,8,,
1790482361.415935,1790482364.209225,42405.020826,42407.814115,2793.29,SSE,/api/inference/stream,True,,12,9,,
1790482361.430798,1790482364.221915,42405.035689,42407.826807,2791.118,SSE,/api/inference/stream,True,,12,10,,
1790482361.468463,1790482364.259198,42405.073354,42407.864089,2790.735,SSE,/api/inference/stream,True,,12,11,,
1790482361.494782,1790482364.285927,42405.099673,42407.890818,2791.145,SSE,/api/inference/stream,True,,12,12,,
1790482361.529774,1790482364.32018,42405.134665,42407.925071,2790.406,SSE,/api/inference/stream,True,,12,13,,
1790482361.557341,1790482364.347421,42405.162232,42407.952312,2790.08,SSE,/api/inference/stream,True,,12,14,,
1790482361.576327,1790482364.367316,42405.181218,42407.972207,2790.989,SSE,/api/inference/stream,True,,12,15,,
1790482361.611332,1790482364.401411,42405.216223,42408.006302,2790.079,SSE,/api/inference/stream,True,,12,16,,
1790482361.633152,1790482364.422636,42405.238043,42408.027527,2789.484,SSE,/api/inference/stream,True,,12,17,,
1790482361.666343,1790482364.457192,42405.271233,42408.062083,2790.849,SSE,/api/inference/stream,True,,12,18,,
1790482361.701031,1790482364.493056,42405.305921,42408.097946,2792.025,SSE,/api/inference/stream,True,,12,19,,
1790482361.714172,1790482364.50427,42405.319063,42408.10916,2790.097,SSE,/api/inference/stream,True,,12,20,,
1790482361.733874,1790482364.523781,42405.338764,42408.128672,2789.907,SSE,/api/inference/stream,True,,12,21,,
1790482361.781276,1790482364.572284,42405.386167,42408.177175,2791.008,SSE,/api/inference/stream,True,,12,22,,
1790482361.793715,1790482364.581065,42405.398606,42408.185956,2787.35,SSE,/api/inference/stream,True,,12,23,,
1790482361.825658,1790482364.616815,42405.430548,42408.221705,2791.157,SSE,/api/inference/stream,True,,12,24,,
1790482361.870879,1790482364.66301,42405.475769,42408.267901,2792.132,SSE,/api/inference/stream,True,,12,25,,
1790482361.894272,1790482364.68589,42405.499163,42408.290781,2791.618,SSE,/api/inference/stream,True,,12,26,,
1790482361.908654,1790482364.698116,42405.513545,42408.303007,2789.462,SSE,/api/inference/stream,True,,12,27,,
1790482361.973899,1790482364.765188,42405.57879,42408.370079,2791.289,SSE,/api/inference/stream,True,,12,28,,
1790482362.01814,1790482364.818137,42405.623031,42408.423028,2799.997,SSE,/api/inference/stream,True,,12,30,,
1790482362.021815,1790482364.822216,42405.626706,42408.427107,2800.401,SSE,/api/inference/stream,True,,12,29,,
1790482362.028259,1790482364.82631,42405.63315,42408.431201,2798.051,SSE,/api/inference/stream,True,,12,31,,
1790482362.046535,1790482364.835162,42405.651427,42408.440053,2788.626,SSE,/api/inference/stream,True,,12,32,,
1790482362.070847,1790482364.859703,42405.675738,42408.464594,2788.856,SSE,/api/inference/stream,True,,12,33,,
1790482362.10024,1790482364.888724,42405.705131,42408.493615,2788.484,SSE,/api/inference/stream,True,,12,34,,
1790482362.130395,1790482364.922594,42405.735286,42408.527484,2792.199,SSE,/api/inference/stream,True,,12,35,,
1790482362.157701,1790482364.949756,42405.762592,42408.554647,2792.055,SSE,/api/inference/stream,True,,12,36,,
1790482362.184389,1790482364.975453,42405.78928,42408.580344,2791.064,SSE,/api/inference/stream,True,,12,37,,
1790482362.216293,1790482365.005594,42405.821184,42408.610485,2789.301,SSE,/api/inference/stream,True,,12,38,,
1790482362.23929,1790482365.031331,42405.844181,42408.636221,2792.04,SSE,/api/inference/stream,True,,12,39,,
1790482362.271791,1790482365.065603,42405.876681,42408.670493,2793.812,SSE,/api/inference/stream,True,,12,40,,
1790482362.305948,1790482365.095469,42405.910838,42408.700359,2789.521,SSE,/api/inference/stream,True,,12,41,,
1790482362.337277,1790482365.127287,42405.942167,42408.732177,2790.011,SSE,/api/inference/stream,True,,12,42,,
1790482362.362563,1790482365.153061,42405.967454,42408.757952,2790.499,SSE,/api/inference/stream,True,,12,43,,
1790482362.386693,1790482365.177522,42405.991584,42408.782413,2790.829,SSE,/api/inference/stream,True,,12,44,,
1790482362.417157,1790482365.205992,42406.022048,42408.810883,2788.835,SSE,/api/inference/stream,True,,12,45,,
1790482362.442462,1790482365.231598,42406.047352,42408.836489,2789.137,SSE,/api/inference/stream,True,,12,46,,
1790482362.46268,1790482365.254205,42406.06757,42408.859095,2791.525,SSE,/api/inference/stream,True,,12,47,,
1790482362.511724,1790482365.303615,42406.116614,42408.908505,2791.891,SSE,/api/inference/stream,True,,12,48,,
1790482362.51414,1790482365.305207,42406.119031,42408.910098,2791.067,SSE,/api/inference/stream,True,,12,49,,
1790482362.568476,1790482365.359056,42406.173367,42408.963946,2790.579,SSE,/api/inference/stream,True,,12,50,,
1790482362.582611,1790482365.373004,42406.187502,42408.977895,2790.393,SSE,/api/inference/stream,True,,12,51,,
1790482362.616916,1790482365.409296,42406.221806,42409.014187,2792.381,SSE,/api/inference/stream,True,,12,52,,
1790482362.635376,1790482365.429507,42406.240267,42409.034398,2794.131,SSE,/api/inference/stream,True,,12,53,,
1790482362.67581,1790482365.466326,42406.280701,42409.071217,2790.517,SSE,/api/inference/stream,True,,12,54,,
1790482362.727538,1790482365.519047,42406.332429,42409.123938,2791.509,SSE,/api/inference/stream,True,,12,56,,
1790482362.730414,1790482365.525132,42406.335305,42409.130023,2794.718,SSE,/api/inference/stream,True,,12,55,,
1790482362.737499,1790482365.52693,42406.342391,42409.131822,2789.431,SSE,/api/inference/stream,True,,12,57,,
1790482362.785202,1790482365.578177,42406.390092,42409.183067,2792.975,SSE,/api/inference/stream,True,,12,58,,
1790482362.793339,1790482365.58916,42406.39823,42409.194052,2795.821,SSE,/api/inference/stream,True,,12,59,,
1790482362.866565,1790482365.658729,42406.471456,42409.263619,2792.164,SSE,/api/inference/stream,True,,12,60,,
1790482362.885723,1790482365.679052,42406.490614,42409.283943,2793.329,SSE,/api/inference/stream,True,,12,62,,
1790482362.887856,1790482365.680667,42406.492747,42409.285558,2792.811,SSE,/api/inference/stream,True,,12,61,,
1790482362.902902,1790482365.693512,42406.507793,42409.298403,2790.611,SSE,/api/inference/stream,True,,12,63,,
1790482362.940881,1790482365.732502,42406.545772,42409.337393,2791.62,SSE,/api/inference/stream,True,,12,64,,
1790482362.970637,1790482365.761329,42406.575528,42409.36622,2790.692,SSE,/api/inference/stream,True,,12,65,,
1790482362.992911,1790482365.783013,42406.597801,42409.387903,2790.102,SSE,/api/inference/stream,True,,12,66,,
1790482363.029188,1790482365.819512,42406.634078,42409.424403,2790.325,SSE,/api/inference/stream,True,,12,67,,
1790482363.046667,1790482365.834985,42406.651557,42409.439876,2788.318,SSE,/api/inference/stream,True,,12,68,,
1790482363.084486,1790482365.877527,42406.689377,42409.482418,2793.041,SSE,/api/inference/stream,True,,12,69,,
1790482363.110522,1790482365.899014,42406.715413,42409.503904,2788.491,SSE,/api/inference/stream,True,,12,70,,
1790482363.20388,1790482366.00413,42406.808771,42409.609021,2800.25,SSE,/api/inference/stream,True,,12,72,,
1790482363.200611,1790482366.005803,42406.805502,42409.610694,2805.192,SSE,/api/inference/stream,True,,12,71,,
1790482363.202176,1790482366.006187,42406.807067,42409.611078,2804.01,SSE,/api/inference/stream,True,,12,73,,
1790482363.217182,1790482366.016754,42406.822073,42409.621645,2799.572,SSE,/api/inference/stream,True,,12,74,,
1790482363.240931,1790482366.033869,42406.845822,42409.63876,2792.938,SSE,/api/inference/stream,True,,12,75,,
1790482363.285123,1790482366.076313,42406.890014,42409.681204,2791.19,SSE,/api/inference/stream,True,,12,76,,
1790482363.305551,1790482366.097191,42406.910442,42409.702082,2791.64,SSE,/api/inference/stream,True,,12,77,,
1790482363.331322,1790482366.124383,42406.936213,42409.729273,2793.061,SSE,/api/inference/stream,True,,12,78,,
1790482363.35667,1790482366.147295,42406.961561,42409.752185,2790.624,SSE,/api/inference/stream,True,,12,79,,
1790482363.394834,1790482366.18736,42406.999724,42409.79225,2792.526,SSE,/api/inference/stream,True,,12,80,,
1790482363.424619,1790482366.214085,42407.02951,42409.818975,2789.465,SSE,/api/inference/stream,True,,12,81,,
1790482363.445726,1790482366.236367,42407.050617,42409.841258,2790.641,SSE,/api/inference/stream,True,,12,82,,
1790482363.485547,1790482366.27878,42407.090438,42409.88367,2793.233,SSE,/api/inference/stream,True,,12,83,,
1790482363.492557,1790482366.285323,42407.097448,42409.890214,2792.766,SSE,/api/inference/stream,True,,12,84,,
1790482363.514522,1790482366.304383,42407.119413,42409.909274,2789.862,SSE,/api/inference/stream,True,,12,85,,
1790482363.551863,1790482366.342477,42407.156753,42409.947368,2790.614,SSE,/api/inference/stream,True,,12,86,,
1790482363.577448,1790482366.36817,42407.182338,42409.97306,2790.722,SSE,/api/inference/stream,True,,12,87,,
1790482363.59845,1790482366.389051,42407.203341,42409.993941,2790.6,SSE,/api/inference/stream,True,,12,88,,
1790482363.631709,1790482366.42252,42407.236599,42410.027411,2790.811,SSE,/api/inference/stream,True,,12,89,,
1790482363.652782,1790482366.443023,42407.257672,42410.047914,2790.241,SSE,/api/inference/stream,True,,12,90,,
1790482363.692239,1790482366.481585,42407.29713,42410.086476,2789.346,SSE,/api/inference/stream,True,,12,91,,
1790482363.712685,1790482366.507348,42407.317575,42410.112239,2794.663,SSE,/api/inference/stream,True,,12,92,,
1790482363.757414,1790482366.548943,42407.362305,42410.153833,2791.529,SSE,/api/inference/stream,True,,12,93,,
1790482363.779366,1790482366.570461,42407.384257,42410.175351,2791.094,SSE,/api/inference/stream,True,,12,94,,
1790482363.806204,1790482366.598707,42407.411095,42410.203598,2792.503,SSE,/api/inference/stream,True,,12,95,,
1790482363.832205,1790482366.625117,42407.437095,42410.230008,2792.912,SSE,/api/inference/stream,True,,12,96,,
1790482363.853189,1790482366.643432,42407.45808,42410.248323,2790.243,SSE,/api/inference/stream,True,,12,97,,
1790482363.883268,1790482366.673839,42407.488158,42410.27873,2790.571,SSE,/api/inference/stream,True,,12,98,,
1790482363.912667,1790482366.705101,42407.517558,42410.309991,2792.433,SSE,/api/inference/stream,True,,12,99,,
1790482363.963006,1790482366.754347,42407.567897,42410.359237,2791.34,SSE,/api/inference/stream,True,,12,0,,
1790482363.981587,1790482366.772386,42407.586477,42410.377277,2790.799,SSE,/api/inference/stream,True,,12,1,,
1790482364.00627,1790482366.797933,42407.611161,42410.402824,2791.663,SSE,/api/inference/stream,True,,12,2,,
1790482364.038915,1790482366.828481,42407.643805,42410.433372,2789.566,SSE,/api/inference/stream,True,,12,3,,
1790482364.055899,1790482366.849117,42407.660791,42410.454008,2793.218,SSE,/api/inference/stream,True,,12,4,,
1790482364.095073,1790482366.885756,42407.699964,42410.490647,2790.683,SSE,/api/inference/stream,True,,12,5,,
1790482364.118043,1790482366.909205,42407.722934,42410.514096,2791.162,SSE,/api/inference/stream,True,,12,6,,
1790482364.158197,1790482366.948984,42407.763087,42410.553875,2790.788,SSE,/api/inference/stream,True,,12,7,,
1790482364.174288,1790482366.964003,42407.779179,42410.568894,2789.716,SSE,/api/inference/stream,True,,12,8,,
1790482364.209552,1790482367.004328,42407.814442,42410.609218,2794.776,SSE,/api/inference/stream,True,,12,9,,
1790482364.22207,1790482367.009118,42407.826962,42410.614009,2787.047,SSE,/api/inference/stream,True,,12,10,,
1790482364.259509,1790482367.052508,42407.864399,42410.657399,2792.999,SSE,/api/inference/stream,True,,12,11,,
1790482364.286261,1790482367.074941,42407.891152,42410.679832,2788.68,SSE,/api/inference/stream,True,,12,12,,
1790482364.320465,1790482367.109792,42407.925356,42410.714683,2789.328,SSE,/api/inference/stream,True,,12,13,,
1790482364.347755,1790482367.138927,42407.952646,42410.743818,2791.172,SSE,/api/inference/stream,True,,12,14,,
1790482364.367607,1790482367.15779,42407.972498,42410.762681,2790.183,SSE,/api/inference/stream,True,,12,15,,
1790482364.40175,1790482367.191415,42408.006641,42410.796305,2789.664,SSE,/api/inference/stream,True,,12,16,,
1790482364.422895,1790482367.214981,42408.027786,42410.819872,2792.087,SSE,/api/inference/stream,True,,12,17,,
1790482364.457495,1790482367.24996,42408.062386,42410.854851,2792.465,SSE,/api/inference/stream,True,,12,18,,
1790482364.49338,1790482367.281916,42408.098271,42410.886807,2788.536,SSE,/api/inference/stream,True,,12,19,,
1790482364.504565,1790482367.29395,42408.109456,42410.898841,2789.385,SSE,/api/inference/stream,True,,12,20,,
1790482364.524079,1790482367.314973,42408.128969,42410.919863,2790.894,SSE,/api/inference/stream,True,,12,21,,
1790482364.572571,1790482367.363377,42408.177462,42410.968268,2790.806,SSE,/api/inference/stream,True,,12,22,,
1790482364.581287,1790482367.370944,42408.186178,42410.975835,2789.656,SSE,/api/inference/stream,True,,12,23,,
1790482364.617202,1790482367.410568,42408.222092,42411.015458,2793.366,SSE,/api/inference/stream,True,,12,24,,
1790482364.663424,1790482367.455431,42408.268315,42411.060322,2792.007,SSE,/api/inference/stream,True,,12,25,,
1790482364.686178,1790482367.476947,42408.291069,42411.081838,2790.769,SSE,/api/inference/stream,True,,12,26,,
1790482364.698389,1790482367.486104,42408.30328,42411.090995,2787.715,SSE,/api/inference/stream,True,,12,27,,
1790482364.765407,1790482367.553683,42408.370297,42411.158574,2788.276,SSE,/api/inference/stream,True,,12,28,,
1790482364.818494,1790482367.616454,42408.423385,42411.221345,2797.96,SSE,/api/inference/stream,True,,12,30,,
1790482364.822411,1790482367.618697,42408.427302,42411.223588,2796.286,SSE,/api/inference/stream,True,,12,29,,
1790482364.826517,1790482367.6223,42408.431408,42411.227191,2795.783,SSE,/api/inference/stream,True,,12,31,,
1790482364.83534,1790482367.626719,42408.440231,42411.23161,2791.379,SSE,/api/inference/stream,True,,12,32,,
1790482364.859972,1790482367.650723,42408.464863,42411.255613,2790.75,SSE,/api/inference/stream,True,,12,33,,
1790482364.888958,1790482367.678486,42408.493849,42411.283377,2789.528,SSE,/api/inference/stream,True,,12,34,,
1790482364.922886,1790482367.713704,42408.527777,42411.318595,2790.818,SSE,/api/inference/stream,True,,12,35,,
1790482364.950077,1790482367.740702,42408.554968,42411.345593,2790.625,SSE,/api/inference/stream,True,,12,36,,
1790482364.97574,1790482367.766456,42408.58063,42411.371347,2790.716,SSE,/api/inference/stream,True,,12,37,,
1790482365.005892,1790482367.796024,42408.610782,42411.400915,2790.133,SSE,/api/inference/stream,True,,12,38,,
1790482365.031718,1790482367.82117,42408.636609,42411.426061,2789.452,SSE,/api/inference/stream,True,,12,39,,
1790482365.065956,1790482367.857997,42408.670846,42411.462888,2792.042,SSE,/api/inference/stream,True,,12,40,,
1790482365.095838,1790482367.885615,42408.700728,42411.490506,2789.777,SSE,/api/inference/stream,True,,12,41,,
1790482365.127616,1790482367.917488,42408.732506,42411.522378,2789.872,SSE,/api/inference/stream,True,,12,42,,
1790482365.153368,1790482367.942738,42408.758259,42411.547629,2789.37,SSE,/api/inference/stream,True,,12,43,,
1790482365.177896,1790482367.969661,42408.782787,42411.574552,2791.765,SSE,/api/inference/stream,True,,12,44,,
1790482365.206322,1790482367.997456,42408.811213,42411.602346,2791.133,SSE,/api/inference/stream,True,,12,45,,
1790482365.231901,1790482368.020396,42408.836792,42411.625287,2788.495,SSE,/api/inference/stream,True,,12,46,,
1790482365.254488,1790482368.078743,42408.859379,42411.683634,2824.255,SSE,/api/inference/stream,True,,12,47,,
1790482365.303946,1790482368.095461,42408.908837,42411.700352,2791.515,SSE,/api/inference/stream,True,,12,48,,
1790482365.305709,1790482368.096489,42408.9106,42411.70138,2790.78,SSE,/api/inference/stream,True,,12,49,,
1790482365.359481,1790482368.149017,42408.964372,42411.753908,2789.537,SSE,/api/inference/stream,True,,12,50,,
1790482365.373278,1790482368.163855,42408.978169,42411.768746,2790.577,SSE,/api/inference/stream,True,,12,51,,
1790482365.409649,1790482368.199178,42409.01454,42411.804068,2789.529,SSE,/api/inference/stream,True,,12,52,,
1790482365.429778,1790482368.21978,42409.034669,42411.824671,2790.002,SSE,/api/inference/stream,True,,12,53,,
1790482365.466604,1790482368.257262,42409.071495,42411.862153,2790.657,SSE,/api/inference/stream,True,,12,54,,
1790482365.51941,1790482368.31058,42409.1243,42411.915471,2791.171,SSE,/api/inference/stream,True,,12,56,,
1790482365.525347,1790482368.320118,42409.130239,42411.925009,2794.77,SSE,/api/inference/stream,True,,12,55,,
1790482365.52711,1790482368.321742,42409.132002,42411.926633,2794.632,SSE,/api/inference/stream,True,,12,57,,
1790482365.578478,1790482368.369295,42409.183369,42411.974185,2790.816,SSE,/api/inference/stream,True,,12,58,,
1790482365.58939,1790482368.381552,42409.19428,42411.986443,2792.163,SSE,/api/inference/stream,True,,12,59,,
1790482365.659011,1790482368.449374,42409.263902,42412.054264,2790.363,SSE,/api/inference/stream,True,,12,60,,
1790482365.679371,1790482368.472571,42409.284262,42412.077462,2793.2,SSE,/api/inference/stream,True,,12,62,,
1790482365.680983,1790482368.47416,42409.285874,42412.079051,2793.177,SSE,/api/inference/stream,True,,12,61,,
1790482365.693773,1790482368.484207,42409.298664,42412.089098,2790.434,SSE,/api/inference/stream,True,,12,63,,
1790482365.732824,1790482368.524399,42409.337714,42412.129289,2791.575,SSE,/api/inference/stream,True,,12,64,,
1790482365.761639,1790482368.552048,42409.36653,42412.156939,2790.409,SSE,/api/inference/stream,True,,12,65,,
1790482365.783432,1790482368.573336,42409.388322,42412.178226,2789.904,SSE,/api/inference/stream,True,,12,66,,
1790482365.81985,1790482368.610281,42409.42474,42412.215172,2790.432,SSE,/api/inference/stream,True,,12,67,,
1790482365.835321,1790482368.622801,42409.440212,42412.227691,2787.479,SSE,/api/inference/stream,True,,12,68,,
1790482365.877815,1790482368.667514,42409.482706,42412.272405,2789.699,SSE,/api/inference/stream,True,,12,69,,
1790482365.899382,1790482368.689878,42409.504273,42412.294769,2790.496,SSE,/api/inference/stream,True,,12,70,,
1790482366.004409,1790482368.8041,42409.6093,42412.408991,2799.691,SSE,/api/inference/stream,True,,12,72,,
1790482366.007448,1790482368.805881,42409.612339,42412.410772,2798.433,SSE,/api/inference/stream,True,,12,73,,
1790482366.006387,1790482368.807695,42409.611278,42412.412586,2801.308,SSE,/api/inference/stream,True,,12,71,,
1790482366.016917,1790482368.810508,42409.621808,42412.415399,2793.59,SSE,/api/inference/stream,True,,12,74,,
1790482366.03407,1790482368.824313,42409.638961,42412.429204,2790.243,SSE,/api/inference/stream,True,,12,75,,
1790482366.076618,1790482368.868228,42409.681508,42412.473119,2791.611,SSE,/api/inference/stream,True,,12,76,,
1790482366.097493,1790482368.891384,42409.702384,42412.496275,2793.892,SSE,/api/inference/stream,True,,12,77,,
1790482366.124722,1790482368.914608,42409.729613,42412.519499,2789.886,SSE,/api/inference/stream,True,,12,78,,
1790482366.1476,1790482368.937941,42409.752491,42412.542832,2790.341,SSE,/api/inference/stream,True,,12,79,,
1790482366.187742,1790482368.979552,42409.792632,42412.584442,2791.81,SSE,/api/inference/stream,True,,12,80,,
1790482366.214416,1790482369.004174,42409.819307,42412.609065,2789.758,SSE,/api/inference/stream,True,,12,81,,
1790482366.23662,1790482369.029914,42409.841511,42412.634805,2793.294,SSE,/api/inference/stream,True,,12,82,,
1790482366.279065,1790482369.070969,42409.883956,42412.675859,2791.903,SSE,/api/inference/stream,True,,12,83,,
1790482366.285549,1790482369.075398,42409.89044,42412.680289,2789.849,SSE,/api/inference/stream,True,,12,84,,
1790482366.304651,1790482369.092903,42409.909543,42412.697795,2788.252,SSE,/api/inference/stream,True,,12,85,,
1790482366.342853,1790482369.133536,42409.947743,42412.738426,2790.683,SSE,/api/inference/stream,True,,12,86,,
1790482366.368467,1790482369.158196,42409.973357,42412.763087,2789.73,SSE,/api/inference/stream,True,,12,87,,
1790482366.389383,1790482369.178687,42409.994274,42412.783578,2789.304,SSE,/api/inference/stream,True,,12,88,,
1790482366.422837,1790482369.212776,42410.027728,42412.817667,2789.939,SSE,/api/inference/stream,True,,12,89,,
1790482366.443317,1790482369.232112,42410.048207,42412.837003,2788.796,SSE,/api/inference/stream,True,,12,90,,
1790482366.48193,1790482369.271271,42410.086821,42412.876162,2789.341,SSE,/api/inference/stream,True,,12,91,,
1790482366.507686,1790482369.296667,42410.112577,42412.901557,2788.981,SSE,/api/inference/stream,True,,12,92,,
1790482366.549229,1790482369.343939,42410.15412,42412.94883,2794.71,SSE,/api/inference/stream,True,,12,93,,
1790482366.570808,1790482369.361002,42410.175699,42412.965893,2790.194,SSE,/api/inference/stream,True,,12,94,,
1790482366.59901,1790482369.391718,42410.203901,42412.996609,2792.707,SSE,/api/inference/stream,True,,12,95,,
1790482366.625423,1790482369.415691,42410.230314,42413.020581,2790.268,SSE,/api/inference/stream,True,,12,96,,
1790482366.64369,1790482369.432672,42410.248581,42413.037562,2788.982,SSE,/api/inference/stream,True,,12,97,,
1790482366.674208,1790482369.463983,42410.279099,42413.068874,2789.775,SSE,/api/inference/stream,True,,12,98,,
1790482366.705404,1790482369.495607,42410.310295,42413.100498,2790.203,SSE,/api/inference/stream,True,,12,99,,
1790482366.754639,1790482369.544858,42410.359529,42413.149749,2790.219,SSE,/api/inference/stream,True,,12,0,,
1790482366.772754,1790482369.562176,42410.377645,42413.167067,2789.423,SSE,/api/inference/stream,True,,12,1,,
1790482366.798335,1790482369.589893,42410.403225,42413.194784,2791.559,SSE,/api/inference/stream,True,,12,2,,
1790482366.828755,1790482369.617952,42410.433645,42413.222842,2789.197,SSE,/api/inference/stream,True,,12,3,,
1790482366.849428,1790482369.640612,42410.454318,42413.245503,2791.184,SSE,/api/inference/stream,True,,12,4,,
1790482366.886122,1790482369.676644,42410.491013,42413.281535,2790.522,SSE,/api/inference/stream,True,,12,5,,
1790482366.909491,1790482369.699458,42410.514381,42413.304349,2789.968,SSE,/api/inference/stream,True,,12,6,,
1790482366.949327,1790482369.74222,42410.554218,42413.347111,2792.893,SSE,/api/inference/stream,True,,12,7,,
1790482366.964282,1790482369.752071,42410.569172,42413.356962,2787.789,SSE,/api/inference/stream,True,,12,8,,
1790482367.004681,1790482369.802204,42410.609572,42413.407095,2797.524,SSE,/api/inference/stream,True,,12,9,,
1790482367.009354,1790482369.804532,42410.614245,42413.409423,2795.178,SSE,/api/inference/stream,True,,12,10,,
1790482367.052782,1790482369.84354,42410.657673,42413.448431,2790.758,SSE,/api/inference/stream,True,,12,11,,
1790482367.075283,1790482369.866235,42410.680174,42413.471125,2790.952,SSE,/api/inference/stream,True,,12,12,,
1790482367.110039,1790482369.898669,42410.71493,42413.50356,2788.63,SSE,/api/inference/stream,True,,12,13,,
1790482367.139308,1790482369.92783,42410.744199,42413.532721,2788.522,SSE,/api/inference/stream,True,,12,14,,
1790482367.15811,1790482369.94807,42410.763001,42413.552961,2789.96,SSE,/api/inference/stream,True,,12,15,,
1790482367.191747,1790482369.981923,42410.796638,42413.586813,2790.175,SSE,/api/inference/stream,True,,12,16,,
1790482367.215375,1790482370.004725,42410.820266,42413.609616,2789.35,SSE,/api/inference/stream,True,,12,17,,
1790482367.250261,1790482370.042909,42410.855151,42413.647799,2792.648,SSE,/api/inference/stream,True,,12,18,,
1790482367.282165,1790482370.072299,42410.887055,42413.677189,2790.134,SSE,/api/inference/stream,True,,12,19,,
1790482367.294258,1790482370.084238,42410.899149,42413.689129,2789.98,SSE,/api/inference/stream,True,,12,20,,
1790482367.315445,1790482370.104457,42410.920335,42413.709348,2789.013,SSE,/api/inference/stream,True,,12,21,,
1790482367.363732,1790482370.154104,42410.968622,42413.758994,2790.372,SSE,/api/inference/stream,True,,12,22,,
1790482367.371318,1790482370.160932,42410.976209,42413.765823,2789.615,SSE,/api/inference/stream,True,,12,23,,
1790482367.410878,1790482370.204994,42411.015769,42413.809884,2794.116,SSE,/api/inference/stream,True,,12,24,,
1790482367.455704,1790482370.245952,42411.060596,42413.850843,2790.247,SSE,/api/inference/stream,True,,12,25,,
1790482367.477216,1790482370.265425,42411.082107,42413.870316,2788.21,SSE,/api/inference/stream,True,,12,26,,
1790482367.486384,1790482370.273821,42411.091276,42413.878712,2787.437,SSE,/api/inference/stream,True,,12,27,,
1790482367.554031,1790482370.343794,42411.158922,42413.948685,2789.763,SSE,/api/inference/stream,True,,12,28,,
1790482367.616721,1790482370.410524,42411.221612,42414.015415,2793.803,SSE,/api/inference/stream,True,,12,30,,
1790482367.619076,1790482370.412908,42411.223968,42414.017799,2793.831,SSE,/api/inference/stream,True,,12,29,,
1790482367.622478,1790482370.415021,42411.227369,42414.019913,2792.544,SSE,/api/inference/stream,True,,12,31,,
1790482367.626877,1790482370.422226,42411.231768,42414.027117,2795.349,SSE,/api/inference/stream,True,,12,32,,
1790482367.651091,1790482370.445482,42411.255981,42414.050373,2794.392,SSE,/api/inference/stream,True,,12,33,,
1790482367.678773,1790482370.469869,42411.283664,42414.07476,2791.096,SSE,/api/inference/stream,True,,12,34,,
1790482367.713946,1790482370.505371,42411.318837,42414.110262,2791.425,SSE,/api/inference/stream,True,,12,35,,
1790482367.740886,1790482370.532011,42411.345777,42414.136901,2791.124,SSE,/api/inference/stream,True,,12,36,,
1790482367.766748,1790482370.556567,42411.371639,42414.161457,2789.819,SSE,/api/inference/stream,True,,12,37,,
1790482367.796334,1790482370.587663,42411.401225,42414.192553,2791.329,SSE,/api/inference/stream,True,,12,38,,
1790482367.821452,1790482370.611532,42411.426343,42414.216422,2790.08,SSE,/api/inference/stream,True,,12,39,,
1790482367.858287,1790482370.648718,42411.463178,42414.253608,2790.431,SSE,/api/inference/stream,True,,12,40,,
1790482367.885963,1790482370.674112,42411.490854,42414.279003,2788.149,SSE,/api/inference/stream,True,,12,41,,
1790482367.917856,1790482370.708701,42411.522747,42414.313592,2790.845,SSE,/api/inference/stream,True,,12,42,,
1790482367.942997,1790482370.733482,42411.547888,42414.338373,2790.485,SSE,/api/inference/stream,True,,12,43,,
1790482367.970054,1790482370.760003,42411.574944,42414.364893,2789.949,SSE,/api/inference/stream,True,,12,44,,
1790482367.997772,1790482370.78916,42411.602662,42414.394051,2791.389,SSE,/api/inference/stream,True,,12,45,,
1790482368.020794,1790482370.810587,42411.625684,42414.415478,2789.793,SSE,/api/inference/stream,True,,12,46,,
1790482368.078913,1790482370.868492,42411.683803,42414.473382,2789.579,SSE,/api/inference/stream,True,,12,47,,
1790482368.095663,1790482370.885325,42411.700554,42414.490215,2789.661,SSE,/api/inference/stream,True,,12,48,,
1790482368.096712,1790482370.886825,42411.701603,42414.491716,2790.113,SSE,/api/inference/stream,True,,12,49,,
1790482368.149318,1790482370.938832,42411.754209,42414.543723,2789.514,SSE,/api/inference/stream,True,,12,50,,
1790482368.164144,1790482370.954249,42411.769035,42414.55914,2790.105,SSE,/api/inference/stream,True,,12,51,,
1790482368.199422,1790482370.990207,42411.804313,42414.595098,2790.786,SSE,/api/inference/stream,True,,12,52,,
1790482368.220006,1790482371.009981,42411.824898,42414.614872,2789.975,SSE,/api/inference/stream,True,,12,53,,
1790482368.257614,1790482371.050288,42411.862505,42414.655179,2792.673,SSE,/api/inference/stream,True,,12,54,,
1790482368.310899,1790482371.099964,42411.91579,42414.704855,2789.065,SSE,/api/inference/stream,True,,12,56,,
1790482368.320358,1790482371.114066,42411.925249,42414.718957,2793.708,SSE,/api/inference/stream,True,,12,55,,
1790482368.32198,1790482371.115603,42411.926871,42414.720494,2793.623,SSE,/api/inference/stream,True,,12,57,,
1790482368.369634,1790482371.160157,42411.974524,42414.765047,2790.523,SSE,/api/inference/stream,True,,12,58,,
1790482368.381847,1790482371.172354,42411.986738,42414.777245,2790.507,SSE,/api/inference/stream,True,,12,59,,
1790482368.44969,1790482371.239791,42412.054581,42414.844682,2790.101,SSE,/api/inference/stream,True,,12,60,,
1790482368.472881,1790482371.264706,42412.077772,42414.869597,2791.825,SSE,/api/inference/stream,True,,12,62,,
1790482368.474455,1790482371.269589,42412.079346,42414.874481,2795.134,SSE,/api/inference/stream,True,,12,61,,
1790482368.484419,1790482371.277669,42412.089311,42414.88256,2793.249,SSE,/api/inference/stream,True,,12,63,,
1790482368.524797,1790482371.317831,42412.129688,42414.922722,2793.033,SSE,/api/inference/stream,True,,12,64,,
1790482368.55236,1790482371.341952,42412.15725,42414.946843,2789.592,SSE,/api/inference/stream,True,,12,65,,
1790482368.573628,1790482371.36331,42412.178519,42414.968201,2789.682,SSE,/api/inference/stream,True,,12,66,,
1790482368.610631,1790482371.398575,42412.215522,42415.003466,2787.944,SSE,/api/inference/stream,True,,12,67,,
1790482368.623055,1790482371.412102,42412.227946,42415.016993,2789.046,SSE,/api/inference/stream,True,,12,68,,
1790482368.667773,1790482371.459103,42412.272664,42415.063994,2791.329,SSE,/api/inference/stream,True,,12,69,,
1790482368.690176,1790482371.479792,42412.295067,42415.084683,2789.615,SSE,/api/inference/stream,True,,12,70,,
1790482368.804388,1790482371.596581,42412.409278,42415.201472,2792.194,SSE,/api/inference/stream,True,,12,72,,
1790482368.808225,1790482371.604789,42412.413116,42415.20968,2796.564,SSE,/api/inference/stream,True,,12,71,,
1790482368.810833,1790482371.607966,42412.415724,42415.212857,2797.133,SSE,/api/inference/stream,True,,12,74,,
1790482368.806337,1790482371.610159,42412.411228,42415.21505,2803.822,SSE,/api/inference/stream,True,,12,73,,
1790482368.824451,1790482371.615615,42412.429343,42415.220506,2791.164,SSE,/api/inference/stream,True,,12,75,,
1790482368.868577,1790482371.659919,42412.473468,42415.26481,2791.342,SSE,/api/inference/stream,True,,12,76,,
1790482368.891679,1790482371.682549,42412.496569,42415.28744,2790.87,SSE,/api/inference/stream,True,,12,77,,
1790482368.914841,1790482371.703732,42412.519732,42415.308622,2788.891,SSE,/api/inference/stream,True,,12,78,,
1790482368.938211,1790482371.728034,42412.543102,42415.332925,2789.822,SSE,/api/inference/stream,True,,12,79,,
1790482368.979906,1790482371.769238,42412.584796,42415.374128,2789.332,SSE,/api/inference/stream,True,,12,80,,
1790482369.004516,1790482371.794329,42412.609406,42415.399219,2789.813,SSE,/api/inference/stream,True,,12,81,,
1790482369.0302,1790482371.822568,42412.635091,42415.427458,2792.367,SSE,/api/inference/stream,True,,12,82,,
1790482369.075623,1790482371.865672,42412.680514,42415.470562,2790.048,SSE,/api/inference/stream,True,,12,84,,
1790482369.071379,1790482371.867347,42412.67627,42415.472238,2795.968,SSE,/api/inference/stream,True,,12,83,,
1790482369.093123,1790482371.8818,42412.698014,42415.486691,2788.678,SSE,/api/inference/stream,True,,12,85,,
1790482369.133818,1790482371.925228,42412.738708,42415.530119,2791.411,SSE,/api/inference/stream,True,,12,86,,
1790482369.158491,1790482371.947944,42412.763382,42415.552835,2789.453,SSE,/api/inference/stream,True,,12,87,,
1790482369.179006,1790482371.966576,42412.783897,42415.571467,2787.57,SSE,/api/inference/stream,True,,12,88,,
1790482369.213085,1790482372.002196,42412.817976,42415.607087,2789.111,SSE,/api/inference/stream,True,,12,89,,
1790482369.232425,1790482372.023221,42412.837315,42415.628112,2790.797,SSE,/api/inference/stream,True,,12,90,,
1790482369.271567,1790482372.062121,42412.876458,42415.667011,2790.554,SSE,/api/inference/stream,True,,12,91,,
1790482369.297012,1790482372.08678,42412.901903,42415.69167,2789.768,SSE,/api/inference/stream,True,,12,92,,
1790482369.344228,1790482372.135991,42412.949119,42415.740882,2791.763,SSE,/api/inference/stream,True,,12,93,,
1790482369.36132,1790482372.149892,42412.96621,42415.754783,2788.572,SSE,/api/inference/stream,True,,12,94,,
1790482369.391968,1790482372.184016,42412.996859,42415.788907,2792.048,SSE,/api/inference/stream,True,,12,95,,
1790482369.416018,1790482372.206346,42413.020909,42415.811237,2790.328,SSE,/api/inference/stream,True,,12,96,,
1790482369.433031,1790482372.22529,42413.037921,42415.830181,2792.259,SSE,/api/inference/stream,True,,12,97,,
1790482369.464265,1790482372.254371,42413.069156,42415.859262,2790.106,SSE,/api/inference/stream,True,,12,98,,
1790482369.495911,1790482372.287775,42413.100801,42415.892666,2791.864,SSE,/api/inference/stream,True,,12,99,,
1790482369.545143,1790482372.338392,42413.150034,42415.943283,2793.249,SSE,/api/inference/stream,True,,12,0,,
1790482369.562447,1790482372.350464,42413.167339,42415.955355,2788.016,SSE,/api/inference/stream,True,,12,1,,
1790482369.59018,1790482372.380467,42413.195071,42415.985357,2790.286,SSE,/api/inference/stream,True,,12,2,,
1790482369.618315,1790482372.407991,42413.223205,42416.012882,2789.677,SSE,/api/inference/stream,True,,12,3,,
1790482369.640898,1790482372.432221,42413.245789,42416.037112,2791.323,SSE,/api/inference/stream,True,,12,4,,
1790482369.677039,1790482372.467086,42413.281929,42416.071977,2790.047,SSE,/api/inference/stream,True,,12,5,,
1790482369.699745,1790482372.490269,42413.304636,42416.09516,2790.524,SSE,/api/inference/stream,True,,12,6,,
1790482369.742507,1790482372.533464,42413.347398,42416.138355,2790.957,SSE,/api/inference/stream,True,,12,7,,
1790482369.752297,1790482372.542224,42413.357188,42416.147115,2789.927,SSE,/api/inference/stream,True,,12,8,,
1790482369.802467,1790482372.594734,42413.407358,42416.199625,2792.267,SSE,/api/inference/stream,True,,12,9,,
1790482369.804718,1790482372.596267,42413.409609,42416.201159,2791.55,SSE,/api/inference/stream,True,,12,10,,
1790482369.843853,1790482372.634592,42413.448743,42416.239482,2790.739,SSE,/api/inference/stream,True,,12,11,,
1790482369.866505,1790482372.655653,42413.471396,42416.260544,2789.148,SSE,/api/inference/stream,True,,12,12,,
1790482369.899004,1790482372.690761,42413.503895,42416.295652,2791.756,SSE,/api/inference/stream,True,,12,13,,
1790482369.928011,1790482372.716457,42413.532902,42416.321348,2788.446,SSE,/api/inference/stream,True,,12,14,,
1790482369.948327,1790482372.736989,42413.553218,42416.34188,2788.662,SSE,/api/inference/stream,True,,12,15,,
1790482369.982209,1790482372.773393,42413.5871,42416.378283,2791.183,SSE,/api/inference/stream,True,,12,16,,
1790482370.004974,1790482372.794558,42413.609865,42416.399449,2789.584,SSE,/api/inference/stream,True,,12,17,,
1790482370.0433,1790482372.834565,42413.648191,42416.439456,2791.265,SSE,/api/inference/stream,True,,12,18,,
1790482370.072639,1790482372.863471,42413.67753,42416.468362,2790.832,SSE,/api/inference/stream,True,,12,19,,
1790482370.084455,1790482372.873371,42413.689346,42416.478262,2788.916,SSE,/api/inference/stream,True,,12,20,,
1790482370.104741,1790482372.894983,42413.709632,42416.499874,2790.242,SSE,/api/inference/stream,True,,12,21,,
1790482370.154373,1790482372.94569,42413.759264,42416.55058,2791.316,SSE,/api/inference/stream,True,,12,22,,
1790482370.161154,1790482372.951851,42413.766045,42416.556742,2790.697,SSE,/api/inference/stream,True,,12,23,,
1790482370.205396,1790482372.999308,42413.810287,42416.604199,2793.912,SSE,/api/inference/stream,True,,12,24,,
1790482370.246302,1790482373.03599,42413.851193,42416.640881,2789.688,SSE,/api/inference/stream,True,,12,25,,
1790482370.2656,1790482373.053051,42413.870491,42416.657941,2787.451,SSE,/api/inference/stream,True,,12,26,,
1790482370.274031,1790482373.061463,42413.878922,42416.666354,2787.432,SSE,/api/inference/stream,True,,12,27,,
1790482370.344102,1790482373.133418,42413.948993,42416.738309,2789.316,SSE,/api/inference/stream,True,,12,28,,
1790482370.410827,1790482373.207231,42414.015717,42416.812122,2796.405,SSE,/api/inference/stream,True,,12,30,,
1790482370.413114,1790482373.209037,42414.018006,42416.813928,2795.922,SSE,/api/inference/stream,True,,12,29,,
1790482370.415265,1790482373.211426,42414.020156,42416.816317,2796.161,SSE,/api/inference/stream,True,,12,31,,
1790482370.422638,1790482373.215615,42414.027529,42416.820506,2792.976,SSE,/api/inference/stream,True,,12,32,,
1790482370.445774,1790482373.23604,42414.050665,42416.840931,2790.267,SSE,/api/inference/stream,True,,12,33,,
1790482370.470188,1790482373.258623,42414.075079,42416.863514,2788.435,SSE,/api/inference/stream,True,,12,34,,
1790482370.505666,1790482373.297431,42414.110557,42416.902321,2791.764,SSE,/api/inference/stream,True,,12,35,,
1790482370.532298,1790482373.322465,42414.137188,42416.927356,2790.167,SSE,/api/inference/stream,True,,12,36,,
1790482370.556875,1790482373.348757,42414.161766,42416.953648,2791.882,SSE,/api/inference/stream,True,,12,37,,
1790482370.587967,1790482373.379982,42414.192858,42416.984873,2792.015,SSE,/api/inference/stream,True,,12,38,,
1790482370.61181,1790482373.4012,42414.216701,42417.006091,2789.39,SSE,/api/inference/stream,True,,12,39,,
1790482370.649017,1790482373.439858,42414.253908,42417.044749,2790.841,SSE,/api/inference/stream,True,,12,40,,
1790482370.674406,1790482373.463313,42414.279296,42417.068204,2788.907,SSE,/api/inference/stream,True,,12,41,,
1790482370.709018,1790482373.498872,42414.313909,42417.103762,2789.853,SSE,/api/inference/stream,True,,12,42,,
1790482370.733842,1790482373.524248,42414.338732,42417.129138,2790.406,SSE,/api/inference/stream,True,,12,43,,
1790482370.760374,1790482373.549339,42414.365265,42417.154229,2788.965,SSE,/api/inference/stream,True,,12,44,,
1790482370.789479,1790482373.582573,42414.39437,42417.187464,2793.093,SSE,/api/inference/stream,True,,12,45,,
1790482370.810908,1790482373.602543,42414.415799,42417.207434,2791.635,SSE,/api/inference/stream,True,,12,46,,
1790482370.868816,1790482373.661597,42414.473706,42417.266487,2792.781,SSE,/api/inference/stream,True,,12,47,,
1790482370.885626,1790482373.679015,42414.490517,42417.283906,2793.389,SSE,/api/inference/stream,True,,12,48,,
1790482370.887114,1790482373.680755,42414.492005,42417.285646,2793.641,SSE,/api/inference/stream,True,,12,49,,
1790482370.939203,1790482373.727721,42414.544094,42417.332612,2788.518,SSE,/api/inference/stream,True,,12,50,,
1790482370.954529,1790482373.743857,42414.55942,42417.348748,2789.328,SSE,/api/inference/stream,True,,12,51,,
1790482370.990466,1790482373.781315,42414.595357,42417.386206,2790.849,SSE,/api/inference/stream,True,,12,52,,
1790482371.010313,1790482373.801358,42414.615203,42417.406249,2791.045,SSE,/api/inference/stream,True,,12,53,,
1790482371.050612,1790482373.841967,42414.655502,42417.446858,2791.356,SSE,/api/inference/stream,True,,12,54,,
1790482371.100286,1790482373.890891,42414.705177,42417.495781,2790.604,SSE,/api/inference/stream,True,,12,56,,
1790482371.114345,1790482373.909253,42414.719235,42417.514143,2794.909,SSE,/api/inference/stream,True,,12,55,,
1790482371.115895,1790482373.912636,42414.720786,42417.517527,2796.741,SSE,/api/inference/stream,True,,12,57,,
1790482371.160461,1790482373.949006,42414.765352,42417.553897,2788.545,SSE,/api/inference/stream,True,,12,58,,
1790482371.172638,1790482373.964253,42414.777528,42417.569143,2791.615,SSE,/api/inference/stream,True,,12,59,,
1790482371.240052,1790482374.030598,42414.844943,42417.635489,2790.546,SSE,/api/inference/stream,True,,12,60,,
1790482371.265031,1790482374.055222,42414.869922,42417.660113,2790.191,SSE,/api/inference/stream,True,,12,62,,
1790482371.269808,1790482374.060278,42414.874699,42417.665169,2790.47,SSE,/api/inference/stream,True,,12,61,,
1790482371.277808,1790482374.064752,42414.882699,42417.669643,2786.943,SSE,/api/inference/stream,True,,12,63,,
1790482371.318181,1790482374.11243,42414.923072,42417.717321,2794.249,SSE,/api/inference/stream,True,,12,64,,
1790482371.342263,1790482374.132084,42414.947154,42417.736975,2789.822,SSE,/api/inference/stream,True,,12,65,,
1790482371.363602,1790482374.152374,42414.968493,42417.757265,2788.772,SSE,/api/inference/stream,True,,12,66,,
1790482371.398838,1790482374.18888,42415.003728,42417.79377,2790.042,SSE,/api/inference/stream,True,,12,67,,
1790482371.412413,1790482374.204595,42415.017303,42417.809486,2792.183,SSE,/api/inference/stream,True,,12,68,,
1790482371.459544,1790482374.247884,42415.064435,42417.852775,2788.34,SSE,/api/inference/stream,True,,12,69,,
1790482371.47998,1790482374.268287,42415.084871,42417.873178,2788.307,SSE,/api/inference/stream,True,,12,70,,
1790482371.596853,1790482374.388121,42415.201744,42417.993011,2791.267,SSE,/api/inference/stream,True,,12,72,,
1790482371.605117,1790482374.401333,42415.210007,42418.006223,2796.216,SSE,/api/inference/stream,True,,12,71,,
1790482371.608185,1790482374.402743,42415.213076,42418.007634,2794.558,SSE,/api/inference/stream,True,,12,74,,
1790482371.610381,1790482374.415081,42415.215272,42418.019972,2804.699,SSE,/api/inference/stream,True,,12,73,,
1790482371.615798,1790482374.416182,42415.220689,42418.021073,2800.384,SSE,/api/inference/stream,True,,12,75,,
1790482371.660243,1790482374.451363,42415.265134,42418.056253,2791.119,SSE,/api/inference/stream,True,,12,76,,
1790482371.682882,1790482374.472104,42415.287773,42418.076995,2789.222,SSE,/api/inference/stream,True,,12,77,,
1790482371.704037,1790482374.493546,42415.308928,42418.098436,2789.508,SSE,/api/inference/stream,True,,12,78,,
1790482371.728359,1790482374.519858,42415.333251,42418.124749,2791.499,SSE,/api/inference/stream,True,,12,79,,
1790482371.769634,1790482374.559433,42415.374524,42418.164323,2789.799,SSE,/api/inference/stream,True,,12,80,,
1790482371.794621,1790482374.584774,42415.399512,42418.189665,2790.153,SSE,/api/inference/stream,True,,12,81,,
1790482371.822919,1790482374.62081,42415.427809,42418.2257,2797.891,SSE,/api/inference/stream,True,,12,82,,
1790482371.86595,1790482374.657379,42415.470841,42418.262269,2791.429,SSE,/api/inference/stream,True,,12,84,,
1790482371.867644,1790482374.659071,42415.472535,42418.263962,2791.427,SSE,/api/inference/stream,True,,12,83,,
1790482371.882038,1790482374.66953,42415.486929,42418.274421,2787.492,SSE,/api/inference/stream,True,,12,85,,
1790482371.925653,1790482374.719129,42415.530544,42418.32402,2793.476,SSE,/api/inference/stream,True,,12,86,,
1790482371.94825,1790482374.737428,42415.553141,42418.342319,2789.177,SSE,/api/inference/stream,True,,12,87,,
1790482371.966892,1790482374.756163,42415.571783,42418.361054,2789.272,SSE,/api/inference/stream,True,,12,88,,
1790482372.002474,1790482374.791603,42415.607365,42418.396494,2789.129,SSE,/api/inference/stream,True,,12,89,,
1790482372.023532,1790482374.815108,42415.628423,42418.419998,2791.576,SSE,/api/inference/stream,True,,12,90,,
1790482372.062444,1790482374.853127,42415.667335,42418.458017,2790.683,SSE,/api/inference/stream,True,,12,91,,
1790482372.087018,1790482374.877472,42415.691909,42418.482363,2790.454,SSE,/api/inference/stream,True,,12,92,,
1790482372.136298,1790482374.927796,42415.741189,42418.532686,2791.497,SSE,/api/inference/stream,True,,12,93,,
1790482372.150244,1790482374.939259,42415.755135,42418.54415,2789.016,SSE,/api/inference/stream,True,,12,94,,
1790482372.184301,1790482374.976429,42415.789192,42418.58132,2792.128,SSE,/api/inference/stream,True,,12,95,,
1790482372.206698,1790482374.996703,42415.811588,42418.601594,2790.005,SSE,/api/inference/stream,True,,12,96,,
1790482372.225597,1790482375.015722,42415.830488,42418.620613,2790.125,SSE,/api/inference/stream,True,,12,97,,
1790482372.254639,1790482375.043922,42415.859526,42418.648809,2789.283,SSE,/api/inference/stream,True,,12,98,,
1790482372.288047,1790482375.078908,42415.892937,42418.683799,2790.861,SSE,/api/inference/stream,True,,12,99,,
1790482372.33865,1790482375.129284,42415.943541,42418.734175,2790.633,SSE,/api/inference/stream,True,,12,0,,
1790482372.350779,1790482375.138663,42415.95567,42418.743554,2787.884,SSE,/api/inference/stream,True,,12,1,,
1790482372.380775,1790482375.172776,42415.985666,42418.777666,2792.001,SSE,/api/inference/stream,True,,12,2,,
1790482372.408489,1790482375.197728,42416.013379,42418.802619,2789.24,SSE,/api/inference/stream,True,,12,3,,
1790482372.432545,1790482375.223105,42416.037436,42418.827996,2790.56,SSE,/api/inference/stream,True,,12,4,,
1790482372.467412,1790482375.257462,42416.072302,42418.862353,2790.051,SSE,/api/inference/stream,True,,12,5,,
1790482372.490647,1790482375.283917,42416.095538,42418.888807,2793.27,SSE,/api/inference/stream,True,,12,6,,
1790482372.5337,1790482375.326133,42416.138591,42418.931024,2792.433,SSE,/api/inference/stream,True,,12,7,,
1790482372.542449,1790482375.333371,42416.14734,42418.938262,2790.922,SSE,/api/inference/stream,True,,12,8,,
1790482372.594987,1790482375.389378,42416.199877,42418.994268,2794.391,SSE,/api/inference/stream,True,,12,9,,
1790482372.596722,1790482375.390853,42416.201613,42418.995744,2794.13,SSE,/api/inference/stream,True,,12,10,,
1790482372.63493,1790482375.424537,42416.239821,42419.029428,2789.607,SSE,/api/inference/stream,True,,12,11,,
1790482372.655926,1790482375.445692,42416.260817,42419.050583,2789.767,SSE,/api/inference/stream,True,,12,12,,
1790482372.691117,1790482375.486589,42416.296007,42419.091479,2795.472,SSE,/api/inference/stream,True,,12,13,,
1790482372.716762,1790482375.507588,42416.321653,42419.112478,2790.826,SSE,/api/inference/stream,True,,12,14,,
1790482372.737268,1790482375.530598,42416.342159,42419.135488,2793.33,SSE,/api/inference/stream,True,,12,15,,
1790482372.773683,1790482375.56528,42416.378574,42419.170171,2791.597,SSE,/api/inference/stream,True,,12,16,,
1790482372.794797,1790482375.586361,42416.399688,42419.191252,2791.564,SSE,/api/inference/stream,True,,12,17,,
1790482372.834854,1790482375.625967,42416.439744,42419.230858,2791.114,SSE,/api/inference/stream,True,,12,18,,
1790482372.863814,1790482375.653406,42416.468705,42419.258297,2789.592,SSE,/api/inference/stream,True,,12,19,,
1790482372.873657,1790482375.66173,42416.478548,42419.266621,2788.073,SSE,/api/inference/stream,True,,12,20,,
1790482372.895432,1790482375.687211,42416.500322,42419.292101,2791.779,SSE,/api/inference/stream,True,,12,21,,
1790482372.946169,1790482375.738299,42416.55106,42419.343189,2792.13,SSE,/api/inference/stream,True,,12,22,,
1790482372.952099,1790482375.740648,42416.55699,42419.345539,2788.549,SSE,/api/inference/stream,True,,12,23,,
1790482372.9996,1790482375.793733,42416.604491,42419.398624,2794.133,SSE,/api/inference/stream,True,,12,24,,
1790482373.036275,1790482375.824256,42416.641166,42419.429146,2787.98,SSE,/api/inference/stream,True,,12,25,,
1790482373.05331,1790482375.844371,42416.658201,42419.449262,2791.06,SSE,/api/inference/stream,True,,12,26,,
1790482373.061664,1790482375.850035,42416.666555,42419.454926,2788.371,SSE,/api/inference/stream,True,,12,27,,
1790482373.133815,1790482375.923822,42416.738705,42419.528713,2790.008,SSE,/api/inference/stream,True,,12,28,,
1790482373.209443,1790482376.001285,42416.814333,42419.606176,2791.842,SSE,/api/inference/stream,True,,12,29,,
1790482373.207539,1790482376.003833,42416.81243,42419.608724,2796.294,SSE,/api/inference/stream,True,,12,30,,
1790482373.211585,1790482376.006737,42416.816475,42419.611628,2795.153,SSE,/api/inference/stream,True,,12,31,,
1790482373.215782,1790482376.014256,42416.820673,42419.619147,2798.473,SSE,/api/inference/stream,True,,12,32,,
1790482373.236259,1790482376.022786,42416.84115,42419.627677,2786.527,SSE,/api/inference/stream,True,,12,33,,
1790482373.258825,1790482376.048284,42416.863716,42419.653175,2789.459,SSE,/api/inference/stream,True,,12,34,,
1790482373.297767,1790482376.089541,42416.902658,42419.694431,2791.774,SSE,/api/inference/stream,True,,12,35,,
1790482373.322895,1790482376.114257,42416.927786,42419.719147,2791.362,SSE,/api/inference/stream,True,,12,36,,
1790482373.349089,1790482376.137984,42416.95398,42419.742875,2788.895,SSE,/api/inference/stream,True,,12,37,,
1790482373.380268,1790482376.170906,42416.985159,42419.775797,2790.638,SSE,/api/inference/stream,True,,12,38,,
1790482373.401533,1790482376.193378,42417.006424,42419.798269,2791.845,SSE,/api/inference/stream,True,,12,39,,
1790482373.440126,1790482376.230986,42417.045017,42419.835877,2790.859,SSE,/api/inference/stream,True,,12,40,,
1790482373.463633,1790482376.252968,42417.068524,42419.857858,2789.334,SSE,/api/inference/stream,True,,12,41,,
1790482373.499341,1790482376.291317,42417.104232,42419.896207,2791.975,SSE,/api/inference/stream,True,,12,42,,
1790482373.524537,1790482376.315094,42417.129428,42419.919984,2790.556,SSE,/api/inference/stream,True,,12,43,,
1790482373.549677,1790482376.3394,42417.154568,42419.944291,2789.723,SSE,/api/inference/stream,True,,12,44,,
1790482373.582878,1790482376.371645,42417.187768,42419.976535,2788.767,SSE,/api/inference/stream,True,,12,45,,
1790482373.602768,1790482376.391347,42417.207659,42419.996238,2788.579,SSE,/api/inference/stream,True,,12,46,,
1790482373.661883,1790482376.453595,42417.266773,42420.058486,2791.713,SSE,/api/inference/stream,True,,12,47,,
1790482373.679433,1790482376.473698,42417.284324,42420.078589,2794.265,SSE,/api/inference/stream,True,,12,48,,
1790482373.681021,1790482376.475315,42417.285912,42420.080206,2794.294,SSE,/api/inference/stream,True,,12,49,,
1790482373.728071,1790482376.516751,42417.332961,42420.121641,2788.68,SSE,/api/inference/stream,True,,12,50,,
1790482373.744166,1790482376.534721,42417.349056,42420.139612,2790.555,SSE,/api/inference/stream,True,,12,51,,
1790482373.781605,1790482376.572289,42417.386496,42420.177179,2790.683,SSE,/api/inference/stream,True,,12,52,,
1790482373.801689,1790482376.594993,42417.40658,42420.199884,2793.304,SSE,/api/inference/stream,True,,12,53,,
1790482373.8423,1790482376.636409,42417.447191,42420.2413,2794.109,SSE,/api/inference/stream,True,,12,54,,
1790482373.891302,1790482376.679897,42417.496193,42420.284788,2788.595,SSE,/api/inference/stream,True,,12,56,,
1790482373.9096,1790482376.705646,42417.514491,42420.310537,2796.045,SSE,/api/inference/stream,True,,12,55,,
1790482373.912873,1790482376.70808,42417.517764,42420.312971,2795.206,SSE,/api/inference/stream,True,,12,57,,
1790482373.949288,1790482376.73978,42417.554178,42420.344671,2790.492,SSE,/api/inference/stream,True,,12,58,,
1790482373.964546,1790482376.754747,42417.569437,42420.359638,2790.201,SSE,/api/inference/stream,True,,12,59,,
1790482374.030909,1790482376.821377,42417.6358,42420.426267,2790.467,SSE,/api/inference/stream,True,,12,60,,
1790482374.055444,1790482376.844994,42417.660335,42420.449885,2789.55,SSE,/api/inference/stream,True,,12,62,,
1790482374.060507,1790482376.851536,42417.665398,42420.456427,2791.029,SSE,/api/inference/stream,True,,12,61,,
1790482374.064913,1790482376.85307,42417.669804,42420.457961,2788.157,SSE,/api/inference/stream,True,,12,63,,
1790482374.112766,1790482376.903945,42417.717657,42420.508836,2791.179,SSE,/api/inference/stream,True,,12,64,,
1790482374.132398,1790482376.921299,42417.737289,42420.526189,2788.9,SSE,/api/inference/stream,True,,12,65,,
1790482374.152712,1790482376.941515,42417.757603,42420.546406,2788.803,SSE,/api/inference/stream,True,,12,66,,
1790482374.189158,1790482376.978208,42417.794049,42420.583099,2789.05,SSE,/api/inference/stream,True,,12,67,,
1790482374.205007,1790482376.998333,42417.809898,42420.603224,2793.326,SSE,/api/inference/stream,True,,12,68,,
1790482374.24817,1790482377.039292,42417.853061,42420.644183,2791.122,SSE,/api/inference/stream,True,,12,69,,
1790482374.268629,1790482377.057757,42417.87352,42420.662648,2789.128,SSE,/api/inference/stream,True,,12,70,,
1790482374.388406,1790482377.1777,42417.993296,42420.782591,2789.294,SSE,/api/inference/stream,True,,12,72,,
1790482374.401606,1790482377.200405,42418.006497,42420.805296,2798.799,SSE,/api/inference/stream,True,,12,71,,
1790482374.403033,1790482377.202831,42418.007924,42420.807722,2799.798,SSE,/api/inference/stream,True,,12,74,,
1790482374.415265,1790482377.211776,42418.020156,42420.816667,2796.512,SSE,/api/inference/stream,True,,12,73,,
1790482374.416329,1790482377.213104,42418.02122,42420.817995,2796.775,SSE,/api/inference/stream,True,,12,75,,
1790482374.451684,1790482377.241704,42418.056575,42420.846594,2790.019,SSE,/api/inference/stream,True,,12,76,,
1790482374.472346,1790482377.261472,42418.077237,42420.866363,2789.126,SSE,/api/inference/stream,True,,12,77,,
1790482374.493789,1790482377.282965,42418.09868,42420.887856,2789.176,SSE,/api/inference/stream,True,,12,78,,
1790482374.520084,1790482377.308748,42418.124975,42420.91364,2788.664,SSE,/api/inference/stream,True,,12,79,,
1790482374.559754,1790482377.349311,42418.164645,42420.954202,2789.557,SSE,/api/inference/stream,True,,12,80,,
1790482374.585052,1790482377.374462,42418.189942,42420.979353,2789.411,SSE,/api/inference/stream,True,,12,81,,
1790482374.621054,1790482377.409468,42418.225945,42421.014359,2788.414,SSE,/api/inference/stream,True,,12,82,,
1790482374.657615,1790482377.44895,42418.262506,42421.05384,2791.334,SSE,/api/inference/stream,True,,12,84,,
1790482374.659556,1790482377.450391,42418.264447,42421.055282,2790.835,SSE,/api/inference/stream,True,,12,83,,
1790482374.669786,1790482377.46092,42418.274677,42421.065811,2791.135,SSE,/api/inference/stream,True,,12,85,,
1790482374.719414,1790482377.509403,42418.324305,42421.114294,2789.989,SSE,/api/inference/stream,True,,12,86,,
1790482374.737707,1790482377.526043,42418.342597,42421.130933,2788.336,SSE,/api/inference/stream,True,,12,87,,
1790482374.756457,1790482377.546246,42418.361348,42421.151137,2789.789,SSE,/api/inference/stream,True,,12,88,,
1790482374.791947,1790482377.581481,42418.396838,42421.186372,2789.534,SSE,/api/inference/stream,True,,12,89,,
1790482374.81544,1790482377.605637,42418.42033,42421.210527,2790.197,SSE,/api/inference/stream,True,,12,90,,
1790482374.853479,1790482377.64335,42418.45837,42421.248241,2789.871,SSE,/api/inference/stream,True,,12,91,,
1790482374.877823,1790482377.670008,42418.482714,42421.274899,2792.185,SSE,/api/inference/stream,True,,12,92,,
1790482374.928115,1790482377.722846,42418.533005,42421.327737,2794.731,SSE,/api/inference/stream,True,,12,93,,
1790482374.939507,1790482377.728228,42418.544398,42421.333119,2788.722,SSE,/api/inference/stream,True,,12,94,,
1790482374.976746,1790482377.773095,42418.581637,42421.377986,2796.349,SSE,/api/inference/stream,True,,12,95,,
1790482374.996933,1790482377.785958,42418.601825,42421.390849,2789.025,SSE,/api/inference/stream,True,,12,96,,
1790482375.016041,1790482377.806972,42418.620932,42421.411863,2790.931,SSE,/api/inference/stream,True,,12,97,,
1790482375.044251,1790482377.833329,42418.649142,42421.43822,2789.078,SSE,/api/inference/stream,True,,12,98,,
1790482375.079345,1790482377.871408,42418.684236,42421.476299,2792.063,SSE,/api/inference/stream,True,,12,99,,
1790482375.129546,1790482377.918579,42418.734437,42421.52347,2789.033,SSE,/api/inference/stream,True,,12,0,,
1790482375.138935,1790482377.926722,42418.743826,42421.531613,2787.787,SSE,/api/inference/stream,True,,12,1,,
1790482375.173166,1790482377.966297,42418.778056,42421.571188,2793.131,SSE,/api/inference/stream,True,,12,2,,
1790482375.198028,1790482377.989572,42418.802918,42421.594463,2791.545,SSE,/api/inference/stream,True,,12,3,,
1790482375.223533,1790482378.014418,42418.828424,42421.619308,2790.884,SSE,/api/inference/stream,True,,12,4,,
1790482375.257801,1790482378.048327,42418.862691,42421.653218,2790.527,SSE,/api/inference/stream,True,,12,5,,
1790482375.284226,1790482378.075494,42418.889117,42421.680384,2791.268,SSE,/api/inference/stream,True,,12,6,,
1790482375.326427,1790482378.120772,42418.931318,42421.725662,2794.344,SSE,/api/inference/stream,True,,12,7,,
1790482375.333609,1790482378.12431,42418.9385,42421.729201,2790.701,SSE,/api/inference/stream,True,,12,8,,
1790482375.389686,1790482378.183241,42418.994576,42421.788132,2793.556,SSE,/api/inference/stream,True,,12,9,,
1790482375.391401,1790482378.185603,42418.996292,42421.790494,2794.202,SSE,/api/inference/stream,True,,12,10,,
1790482375.424859,1790482378.215204,42419.02975,42421.820094,2790.345,SSE,/api/inference/stream,True,,12,11,,
1790482375.445996,1790482378.236821,42419.050887,42421.841712,2790.825,SSE,/api/inference/stream,True,,12,12,,
1790482375.486925,1790482378.281849,42419.091816,42421.88674,2794.924,SSE,/api/inference/stream,True,,12,13,,
1790482375.507936,1790482378.297286,42419.112827,42421.902177,2789.35,SSE,/api/inference/stream,True,,12,14,,
1790482375.530922,1790482378.321788,42419.135813,42421.926678,2790.866,SSE,/api/inference/stream,True,,12,15,,
1790482375.565616,1790482378.356093,42419.170506,42421.960983,2790.477,SSE,/api/inference/stream,True,,12,16,,
1790482375.586638,1790482378.378269,42419.191529,42421.98316,2791.631,SSE,/api/inference/stream,True,,12,17,,
1790482375.626362,1790482378.418119,42419.231253,42422.02301,2791.757,SSE,/api/inference/stream,True,,12,18,,
1790482375.653718,1790482378.441796,42419.258609,42422.046686,2788.077,SSE,/api/inference/stream,True,,12,19,,
1790482375.662007,1790482378.45108,42419.266898,42422.055971,2789.073,SSE,/api/inference/stream,True,,12,20,,
1790482375.687544,1790482378.477786,42419.292435,42422.082677,2790.242,SSE,/api/inference/stream,True,,12,21,,
1790482375.73865,1790482378.532288,42419.34354,42422.137179,2793.639,SSE,/api/inference/stream,True,,12,22,,
1790482375.740841,1790482378.53389,42419.345732,42422.138781,2793.049,SSE,/api/inference/stream,True,,12,23,,
1790482375.794048,1790482378.584962,42419.398938,42422.189853,2790.915,SSE,/api/inference/stream,True,,12,24,,
1790482375.824545,1790482378.614897,42419.429435,42422.219787,2790.352,SSE,/api/inference/stream,True,,12,25,,
1790482375.844626,1790482378.632981,42419.449517,42422.237872,2788.355,SSE,/api/inference/stream,True,,12,26,,
1790482375.850187,1790482378.637565,42419.455078,42422.242456,2787.378,SSE,/api/inference/stream,True,,12,27,,
1790482375.924199,1790482378.715619,42419.52909,42422.320509,2791.42,SSE,/api/inference/stream,True,,12,28,,
1790482376.001631,1790482378.79933,42419.606521,42422.404221,2797.7,SSE,/api/inference/stream,True,,12,29,,
1790482376.004028,1790482378.800936,42419.608919,42422.405827,2796.908,SSE,/api/inference/stream,True,,12,30,,
1790482376.006971,1790482378.802685,42419.611862,42422.407576,2795.714,SSE,/api/inference/stream,True,,12,31,,
1790482376.014446,1790482378.808066,42419.619337,42422.412957,2793.62,SSE,/api/inference/stream,True,,12,32,,
1790482376.02292,1790482378.809431,42419.627811,42422.414322,2786.511,SSE,/api/inference/stream,True,,12,33,,
1790482376.048512,1790482378.836449,42419.653403,42422.44134,2787.937,SSE,/api/inference/stream,True,,12,34,,
1790482376.089856,1790482378.881834,42419.694747,42422.486724,2791.977,SSE,/api/inference/stream,True,,12,35,,
1790482376.114594,1790482378.903666,42419.719485,42422.508557,2789.072,SSE,/api/inference/stream,True,,12,36,,
1790482376.138381,1790482378.928349,42419.743272,42422.53324,2789.968,SSE,/api/inference/stream,True,,12,37,,
1790482376.171293,1790482378.960334,42419.776183,42422.565225,2789.042,SSE,/api/inference/stream,True,,12,38,,
1790482376.193662,1790482378.982705,42419.798553,42422.587596,2789.043,SSE,/api/inference/stream,True,,12,39,,
1790482376.231344,1790482379.022012,42419.836235,42422.626903,2790.668,SSE,/api/inference/stream,True,,12,40,,
1790482376.253264,1790482379.044298,42419.858155,42422.649188,2791.033,SSE,/api/inference/stream,True,,12,41,,
1790482376.29172,1790482379.084864,42419.896611,42422.689755,2793.144,SSE,/api/inference/stream,True,,12,42,,
1790482376.31549,1790482379.105064,42419.920382,42422.709955,2789.573,SSE,/api/inference/stream,True,,12,43,,
1790482376.339755,1790482379.128705,42419.944646,42422.733596,2788.95,SSE,/api/inference/stream,True,,12,44,,
1790482376.371915,1790482379.161537,42419.976806,42422.766428,2789.622,SSE,/api/inference/stream,True,,12,45,,
1790482376.391619,1790482379.183969,42419.99651,42422.788861,2792.35,SSE,/api/inference/stream,True,,12,46,,
1790482376.453884,1790482379.243671,42420.058775,42422.848562,2789.787,SSE,/api/inference/stream,True,,12,47,,
1790482376.475529,1790482379.269626,42420.080419,42422.874516,2794.097,SSE,/api/inference/stream,True,,12,49,,
1790482376.474004,1790482379.271317,42420.078895,42422.876208,2797.313,SSE,/api/inference/stream,True,,12,48,,
1790482376.517033,1790482379.305721,42420.121924,42422.910612,2788.688,SSE,/api/inference/stream,True,,12,50,,
1790482376.535117,1790482379.326703,42420.140008,42422.931594,2791.586,SSE,/api/inference/stream,True,,12,51,,
1790482376.572625,1790482379.365195,42420.177516,42422.970085,2792.569,SSE,/api/inference/stream,True,,12,52,,
1790482376.595363,1790482379.386703,42420.200254,42422.991594,2791.34,SSE,/api/inference/stream,True,,12,53,,
1790482376.636799,1790482379.428027,42420.24169,42423.032918,2791.228,SSE,/api/inference/stream,True,,12,54,,
1790482376.680131,1790482379.469523,42420.285022,42423.074414,2789.392,SSE,/api/inference/stream,True,,12,56,,
1790482376.705967,1790482379.499725,42420.310858,42423.104616,2793.758,SSE,/api/inference/stream,True,,12,55,,
1790482376.7083,1790482379.502105,42420.313191,42423.106996,2793.805,SSE,/api/inference/stream,True,,12,57,,
1790482376.740149,1790482379.530542,42420.34504,42423.135433,2790.393,SSE,/api/inference/stream,True,,12,58,,
1790482376.755254,1790482379.5461,42420.360144,42423.15099,2790.846,SSE,/api/inference/stream,True,,12,59,,
1790482376.821776,1790482379.611544,42420.426667,42423.216434,2789.768,SSE,/api/inference/stream,True,,12,60,,
1790482376.845374,1790482379.636883,42420.450265,42423.241774,2791.509,SSE,/api/inference/stream,True,,12,62,,
1790482376.851763,1790482379.648965,42420.456654,42423.253855,2797.202,SSE,/api/inference/stream,True,,12,61,,
1790482376.853304,1790482379.65037,42420.458195,42423.255261,2797.066,SSE,/api/inference/stream,True,,12,63,,
1790482376.904235,1790482379.696051,42420.509126,42423.300942,2791.816,SSE,/api/inference/stream,True,,12,64,,
1790482376.921702,1790482379.710183,42420.526593,42423.315074,2788.481,SSE,/api/inference/stream,True,,12,65,,
1790482376.94188,1790482379.730591,42420.54677,42423.335482,2788.712,SSE,/api/inference/stream,True,,12,66,,
1790482376.97845,1790482379.767968,42420.583341,42423.372859,2789.518,SSE,/api/inference/stream,True,,12,67,,
1790482376.998592,1790482379.787807,42420.603483,42423.392698,2789.216,SSE,/api/inference/stream,True,,12,68,,
1790482377.039608,1790482379.829597,42420.644498,42423.434488,2789.99,SSE,/api/inference/stream,True,,12,69,,
1790482377.058016,1790482379.851298,42420.662906,42423.456188,2793.282,SSE,/api/inference/stream,True,,12,70,,
1790482377.177987,1790482379.968691,42420.782878,42423.573581,2790.704,SSE,/api/inference/stream,True,,12,72,,
1790482377.200693,1790482380.000513,42420.805584,42423.605404,2799.821,SSE,/api/inference/stream,True,,12,71,,
1790482377.203022,1790482380.00197,42420.807914,42423.606861,2798.948,SSE,/api/inference/stream,True,,12,74,,
1790482377.212008,1790482380.012361,42420.816899,42423.617252,2800.353,SSE,/api/inference/stream,True,,12,73,,
1790482377.213376,1790482380.014009,42420.818267,42423.6189,2800.633,SSE,/api/inference/stream,True,,12,75,,
1790482377.242021,1790482380.032773,42420.846911,42423.637664,2790.752,SSE,/api/inference/stream,True,,12,76,,
1790482377.261725,1790482380.051387,42420.866616,42423.656278,2789.662,SSE,/api/inference/stream,True,,12,77,,
1790482377.283294,1790482380.074104,42420.888184,42423.678995,2790.81,SSE,/api/inference/stream,True,,12,78,,
1790482377.309001,1790482380.098454,42420.913892,42423.703344,2789.453,SSE,/api/inference/stream,True,,12,79,,
1790482377.349624,1790482380.139356,42420.954515,42423.744247,2789.732,SSE,/api/inference/stream,True,,12,80,,
1790482377.374753,1790482380.163383,42420.979643,42423.768274,2788.631,SSE,/api/inference/stream,True,,12,81,,
1790482377.4098,1790482380.200223,42421.014691,42423.805114,2790.423,SSE,/api/inference/stream,True,,12,82,,
1790482377.449209,1790482380.241622,42421.0541,42423.846513,2792.413,SSE,/api/inference/stream,True,,12,84,,
1790482377.45089,1790482380.243401,42421.05578,42423.848292,2792.512,SSE,/api/inference/stream,True,,12,83,,
1790482377.46119,1790482380.253475,42421.06608,42423.858366,2792.286,SSE,/api/inference/stream,True,,12,85,,
1790482377.509772,1790482380.300103,42421.114663,42423.904994,2790.331,SSE,/api/inference/stream,True,,12,86,,
1790482377.526506,1790482380.315342,42421.131397,42423.920233,2788.835,SSE,/api/inference/stream,True,,12,87,,
1790482377.546551,1790482380.335472,42421.151442,42423.940363,2788.922,SSE,/api/inference/stream,True,,12,88,,
1790482377.581846,1790482380.372004,42421.186737,42423.976895,2790.158,SSE,/api/inference/stream,True,,12,89,,
1790482377.605926,1790482380.398968,42421.210817,42424.003859,2793.042,SSE,/api/inference/stream,True,,12,90,,
1790482377.64367,1790482380.434161,42421.24856,42424.039051,2790.491,SSE,/api/inference/stream,True,,12,91,,
1790482377.670275,1790482380.462532,42421.275166,42424.067423,2792.257,SSE,/api/inference/stream,True,,12,92,,
1790482377.723094,1790482380.513486,42421.327984,42424.118377,2790.392,SSE,/api/inference/stream,True,,12,93,,
1790482377.728398,1790482380.516577,42421.333289,42424.121469,2788.18,SSE,/api/inference/stream,True,,12,94,,
1790482377.773335,1790482380.563841,42421.378225,42424.168731,2790.506,SSE,/api/inference/stream,True,,12,95,,
1790482377.786175,1790482380.574206,42421.391066,42424.179097,2788.031,SSE,/api/inference/stream,True,,12,96,,
1790482377.807341,1790482380.598916,42421.412232,42424.203806,2791.574,SSE,/api/inference/stream,True,,12,97,,
1790482377.833593,1790482380.622795,42421.438483,42424.227686,2789.202,SSE,/api/inference/stream,True,,12,98,,
1790482377.871736,1790482380.663885,42421.476627,42424.268776,2792.149,SSE,/api/inference/stream,True,,12,99,,
1790482377.918921,1790482380.710286,42421.523812,42424.315177,2791.365,SSE,/api/inference/stream,True,,12,0,,
1790482377.92695,1790482380.71739,42421.531841,42424.32228,2790.44,SSE,/api/inference/stream,True,,12,1,,
1790482377.966695,1790482380.760019,42421.571585,42424.364909,2793.324,SSE,/api/inference/stream,True,,12,2,,
1790482377.989856,1790482380.780649,42421.594746,42424.38554,2790.794,SSE,/api/inference/stream,True,,12,3,,
1790482378.014748,1790482380.805904,42421.619639,42424.410795,2791.156,SSE,/api/inference/stream,True,,12,4,,
1790482378.048723,1790482380.838671,42421.653614,42424.443562,2789.948,SSE,/api/inference/stream,True,,12,5,,
1790482378.075777,1790482380.867276,42421.680668,42424.472167,2791.499,SSE,/api/inference/stream,True,,12,6,,
1790482378.121123,1790482380.915251,42421.726014,42424.520142,2794.128,SSE,/api/inference/stream,True,,12,7,,
1790482378.124574,1790482380.916806,42421.729465,42424.521697,2792.232,SSE,/api/inference/stream,True,,12,8,,
1790482378.183537,1790482380.977687,42421.788428,42424.582577,2794.149,SSE,/api/inference/stream,True,,12,9,,
1790482378.185809,1790482380.979883,42421.7907,42424.584774,2794.074,SSE,/api/inference/stream,True,,12,10,,
1790482378.215471,1790482381.005887,42421.820362,42424.610778,2790.416,SSE,/api/inference/stream,True,,12,11,,
1790482378.237087,1790482381.02633,42421.841978,42424.63122,2789.242,SSE,/api/inference/stream,True,,12,12,,
1790482378.28222,1790482381.072753,42421.887111,42424.677643,2790.533,SSE,/api/inference/stream,True,,12,13,,
1790482378.297541,1790482381.086171,42421.902432,42424.691063,2788.63,SSE,/api/inference/stream,True,,12,14,,
1790482378.322171,1790482381.112272,42421.927062,42424.717163,2790.101,SSE,/api/inference/stream,True,,12,15,,
1790482378.356447,1790482381.145434,42421.961338,42424.750325,2788.986,SSE,/api/inference/stream,True,,12,16,,
1790482378.378575,1790482381.16925,42421.983465,42424.77414,2790.675,SSE,/api/inference/stream,True,,12,17,,
1790482378.418449,1790482381.207957,42422.023339,42424.812847,2789.508,SSE,/api/inference/stream,True,,12,18,,
1790482378.442082,1790482381.229762,42422.046973,42424.834653,2787.68,SSE,/api/inference/stream,True,,12,19,,
1790482378.451423,1790482381.239329,42422.056314,42424.84422,2787.906,SSE,/api/inference/stream,True,,12,20,,
1790482378.478156,1790482381.269058,42422.083046,42424.873948,2790.902,SSE,/api/inference/stream,True,,12,21,,
1790482378.534116,1790482381.327466,42422.139007,42424.932357,2793.35,SSE,/api/inference/stream,True,,12,23,,
1790482378.53258,1790482381.329522,42422.137471,42424.934413,2796.942,SSE,/api/inference/stream,True,,12,22,,
1790482378.585243,1790482381.37427,42422.190135,42424.979161,2789.027,SSE,/api/inference/stream,True,,12,24,,
1790482378.61526,1790482381.406563,42422.220151,42425.011454,2791.303,SSE,/api/inference/stream,True,,12,25,,
1790482378.633236,1790482381.425727,42422.238127,42425.030618,2792.491,SSE,/api/inference/stream,True,,12,26,,
1790482378.637702,1790482381.426803,42422.242594,42425.031695,2789.101,SSE,/api/inference/stream,True,,12,27,,
1790482378.715957,1790482381.50926,42422.320848,42425.114151,2793.303,SSE,/api/inference/stream,True,,12,28,,
1790482378.799649,1790482381.610063,42422.40454,42425.214954,2810.414,SSE,/api/inference/stream,True,,12,29,,
1790482378.801202,1790482381.614583,42422.406093,42425.219474,2813.381,SSE,/api/inference/stream,True,,12,30,,
1790482378.808276,1790482381.616312,42422.413167,42425.221203,2808.036,SSE,/api/inference/stream,True,,12,32,,
1790482378.809715,1790482381.620662,42422.414606,42425.225553,2810.947,SSE,/api/inference/stream,True,,12,33,,
1790482378.802975,1790482381.622371,42422.407866,42425.227262,2819.396,SSE,/api/inference/stream,True,,12,31,,
1790482378.83663,1790482381.630017,42422.441521,42425.234908,2793.387,SSE,/api/inference/stream,True,,12,34,,
1790482378.882182,1790482381.672752,42422.487073,42425.277643,2790.57,SSE,/api/inference/stream,True,,12,35,,
1790482378.903979,1790482381.692845,42422.50887,42425.297736,2788.866,SSE,/api/inference/stream,True,,12,36,,
1790482378.928702,1790482381.71737,42422.533592,42425.32226,2788.668,SSE,/api/inference/stream,True,,12,37,,
1790482378.960584,1790482381.752197,42422.565475,42425.357087,2791.613,SSE,/api/inference/stream,True,,12,38,,
1790482378.982934,1790482381.773984,42422.587825,42425.378875,2791.05,SSE,/api/inference/stream,True,,12,39,,
1790482379.022287,1790482381.81184,42422.627177,42425.41673,2789.553,SSE,/api/inference/stream,True,,12,40,,
1790482379.04457,1790482381.834358,42422.649461,42425.439249,2789.789,SSE,/api/inference/stream,True,,12,41,,
1790482379.085204,1790482381.875361,42422.690095,42425.480251,2790.157,SSE,/api/inference/stream,True,,12,42,,
1790482379.10536,1790482381.894271,42422.710251,42425.499162,2788.911,SSE,/api/inference/stream,True,,12,43,,
1790482379.12904,1790482381.917058,42422.733931,42425.521948,2788.017,SSE,/api/inference/stream,True,,12,44,,
1790482379.161792,1790482381.952008,42422.766682,42425.556898,2790.216,SSE,/api/inference/stream,True,,12,45,,
1790482379.184197,1790482381.975362,42422.789088,42425.580253,2791.165,SSE,/api/inference/stream,True,,12,46,,
1790482379.2439,1790482382.033351,42422.848791,42425.638242,2789.451,SSE,/api/inference/stream,True,,12,47,,
1790482379.271619,1790482382.062384,42422.87651,42425.667275,2790.765,SSE,/api/inference/stream,True,,12,48,,
1790482379.269934,1790482382.064006,42422.874825,42425.668897,2794.071,SSE,/api/inference/stream,True,,12,49,,
1790482379.305996,1790482382.100651,42422.910886,42425.705541,2794.655,SSE,/api/inference/stream,True,,12,50,,
1790482379.32698,1790482382.117667,42422.931871,42425.722558,2790.687,SSE,/api/inference/stream,True,,12,51,,
1790482379.36548,1790482382.15536,42422.970371,42425.760251,2789.88,SSE,/api/inference/stream,True,,12,52,,
1790482379.386986,1790482382.183248,42422.991877,42425.788138,2796.262,SSE,/api/inference/stream,True,,12,53,,
1790482379.428401,1790482382.219479,42423.033292,42425.824369,2791.077,SSE,/api/inference/stream,True,,12,54,,
1790482379.469842,1790482382.260047,42423.074733,42425.864938,2790.206,SSE,/api/inference/stream,True,,12,56,,
1790482379.500024,1790482382.29575,42423.104915,42425.90064,2795.725,SSE,/api/inference/stream,True,,12,55,,
1790482379.502299,1790482382.297474,42423.10719,42425.902366,2795.175,SSE,/api/inference/stream,True,,12,57,,
1790482379.530833,1790482382.319975,42423.135724,42425.924866,2789.141,SSE,/api/inference/stream,True,,12,58,,
1790482379.54641,1790482382.337602,42423.151301,42425.942493,2791.192,SSE,/api/inference/stream,True,,12,59,,
1790482379.611851,1790482382.402368,42423.216741,42426.007259,2790.518,SSE,/api/inference/stream,True,,12,60,,
1790482379.637245,1790482382.428097,42423.242135,42426.032988,2790.853,SSE,/api/inference/stream,True,,12,62,,
1790482379.64924,1790482382.44476,42423.254131,42426.049651,2795.521,SSE,/api/inference/stream,True,,12,61,,
1790482379.650731,1790482382.446818,42423.255622,42426.051709,2796.088,SSE,/api/inference/stream,True,,12,63,,
1790482379.696381,1790482382.486539,42423.301272,42426.09143,2790.158,SSE,/api/inference/stream,True,,12,64,,
1790482379.71044,1790482382.499227,42423.315331,42426.104118,2788.787,SSE,/api/inference/stream,True,,12,65,,
1790482379.730933,1790482382.520051,42423.335824,42426.124942,2789.118,SSE,/api/inference/stream,True,,12,66,,
1790482379.768241,1790482382.557858,42423.373132,42426.162749,2789.617,SSE,/api/inference/stream,True,,12,67,,
1790482379.788028,1790482382.5781,42423.392919,42426.182991,2790.072,SSE,/api/inference/stream,True,,12,68,,
1790482379.829888,1790482382.621103,42423.434779,42426.225994,2791.215,SSE,/api/inference/stream,True,,12,69,,
1790482379.851657,1790482382.642463,42423.456548,42426.247354,2790.806,SSE,/api/inference/stream,True,,12,70,,
1790482379.969089,1790482382.759771,42423.57398,42426.364662,2790.682,SSE,/api/inference/stream,True,,12,72,,
1790482380.000817,1790482382.798756,42423.605708,42426.403646,2797.939,SSE,/api/inference/stream,True,,12,71,,
1790482380.002302,1790482382.802087,42423.607193,42426.406978,2799.785,SSE,/api/inference/stream,True,,12,74,,
1790482380.012635,1790482382.810444,42423.617526,42426.415335,2797.809,SSE,/api/inference/stream,True,,12,73,,
1790482380.014307,1790482382.811707,42423.619198,42426.416599,2797.401,SSE,/api/inference/stream,True,,12,75,,
1790482380.033024,1790482382.82367,42423.637915,42426.428561,2790.646,SSE,/api/inference/stream,True,,12,76,,
1790482380.051716,1790482382.843197,42423.656607,42426.448088,2791.481,SSE,/api/inference/stream,True,,12,77,,
1790482380.074445,1790482382.865025,42423.679336,42426.469916,2790.58,SSE,/api/inference/stream,True,,12,78,,
1790482380.098719,1790482382.890195,42423.70361,42426.495086,2791.476,SSE,/api/inference/stream,True,,12,79,,
1790482380.139711,1790482382.928133,42423.744602,42426.533024,2788.422,SSE,/api/inference/stream,True,,12,80,,
1790482380.163733,1790482382.954149,42423.768624,42426.55904,2790.416,SSE,/api/inference/stream,True,,12,81,,
1790482380.200508,1790482382.991482,42423.805399,42426.596373,2790.974,SSE,/api/inference/stream,True,,12,82,,
1790482380.241957,1790482383.037819,42423.846848,42426.642709,2795.861,SSE,/api/inference/stream,True,,12,84,,
1790482380.243745,1790482383.039417,42423.848636,42426.644308,2795.672,SSE,/api/inference/stream,True,,12,83,,
1790482380.253701,1790482383.051544,42423.858593,42426.656435,2797.842,SSE,/api/inference/stream,True,,12,85,,
1790482380.300434,1790482383.090055,42423.905324,42426.694946,2789.622,SSE,/api/inference/stream,True,,12,86,,
1790482380.315616,1790482383.107279,42423.920507,42426.71217,2791.663,SSE,/api/inference/stream,True,,12,87,,
1790482380.335718,1790482383.125331,42423.940609,42426.730222,2789.613,SSE,/api/inference/stream,True,,12,88,,
1790482380.372341,1790482383.163378,42423.977232,42426.768269,2791.037,SSE,/api/inference/stream,True,,12,89,,
1790482380.399323,1790482383.191102,42424.004214,42426.795993,2791.779,SSE,/api/inference/stream,True,,12,90,,
1790482380.43447,1790482383.224864,42424.039361,42426.829754,2790.394,SSE,/api/inference/stream,True,,12,91,,
1790482380.462872,1790482383.25386,42424.067762,42426.858751,2790.989,SSE,/api/inference/stream,True,,12,92,,
1790482380.513819,1790482383.308461,42424.11871,42426.913352,2794.642,SSE,/api/inference/stream,True,,12,93,,
1790482380.516793,1790482383.310404,42424.121684,42426.915295,2793.611,SSE,/api/inference/stream,True,,12,94,,
1790482380.564131,1790482383.354039,42424.169022,42426.95893,2789.908,SSE,/api/inference/stream,True,,12,95,,
1790482380.574497,1790482383.365165,42424.179389,42426.970056,2790.668,SSE,/api/inference/stream,True,,12,96,,
1790482380.599288,1790482383.394234,42424.204178,42426.999125,2794.946,SSE,/api/inference/stream,True,,12,97,,
1790482380.623103,1790482383.413815,42424.227993,42427.018706,2790.712,SSE,/api/inference/stream,True,,12,98,,
1790482380.664249,1790482383.453962,42424.26914,42427.058853,2789.713,SSE,/api/inference/stream,True,,12,99,,
1790482380.710589,1790482383.503725,42424.31548,42427.108615,2793.135,SSE,/api/inference/stream,True,,12,0,,
1790482380.717611,1790482383.507419,42424.322502,42427.11231,2789.808,SSE,/api/inference/stream,True,,12,1,,
1790482380.760299,1790482383.552505,42424.365189,42427.157396,2792.207,SSE,/api/inference/stream,True,,12,2,,
1790482380.781004,1790482383.571965,42424.385894,42427.176855,2790.961,SSE,/api/inference/stream,True,,12,3,,
1790482380.806158,1790482383.595939,42424.411049,42427.20083,2789.781,SSE,/api/inference/stream,True,,12,4,,
1790482380.839206,1790482383.629569,42424.444096,42427.23446,2790.364,SSE,/api/inference/stream,True,,12,5,,
1790482380.867558,1790482383.657513,42424.472449,42427.262404,2789.955,SSE,/api/inference/stream,True,,12,6,,
1790482380.915555,1790482383.710671,42424.520446,42427.315561,2795.116,SSE,/api/inference/stream,True,,12,7,,
1790482380.917109,1790482383.712427,42424.522,42427.317318,2795.319,SSE,/api/inference/stream,True,,12,8,,
1790482380.978002,1790482383.772433,42424.582893,42427.377324,2794.431,SSE,/api/inference/stream,True,,12,9,,
1790482380.980399,1790482383.774101,42424.58529,42427.378992,2793.702,SSE,/api/inference/stream,True,,12,10,,
1790482381.006205,1790482383.798328,42424.611096,42427.403219,2792.123,SSE,/api/inference/stream,True,,12,11,,
1790482381.026549,1790482383.814681,42424.63144,42427.419572,2788.131,SSE,/api/inference/stream,True,,12,12,,
1790482381.073102,1790482383.862713,42424.677992,42427.467603,2789.611,SSE,/api/inference/stream,True,,12,13,,
1790482381.086441,1790482383.874876,42424.691332,42427.479766,2788.435,SSE,/api/inference/stream,True,,12,14,,
1790482381.112603,1790482383.901947,42424.717493,42427.506838,2789.345,SSE,/api/inference/stream,True,,12,15,,
1790482381.145738,1790482383.936832,42424.750629,42427.541723,2791.094,SSE,/api/inference/stream,True,,12,16,,
1790482381.169552,1790482383.960053,42424.774443,42427.564944,2790.501,SSE,/api/inference/stream,True,,12,17,,
1790482381.208321,1790482383.999323,42424.813211,42427.604214,2791.003,SSE,/api/inference/stream,True,,12,18,,
1790482381.230058,1790482384.020431,42424.834949,42427.625321,2790.372,SSE,/api/inference/stream,True,,12,19,,
1790482381.239593,1790482384.02725,42424.844484,42427.632141,2787.657,SSE,/api/inference/stream,True,,12,20,,
1790482381.269403,1790482384.060676,42424.874293,42427.665566,2791.273,SSE,/api/inference/stream,True,,12,21,,
1790482381.327757,1790482384.122498,42424.932648,42427.727389,2794.741,SSE,/api/inference/stream,True,,12,23,,
1790482381.329826,1790482384.12423,42424.934717,42427.729121,2794.404,SSE,/api/inference/stream,True,,12,22,,
1790482381.374626,1790482384.164898,42424.979517,42427.769789,2790.272,SSE,/api/inference/stream,True,,12,24,,
1790482381.406887,1790482384.199206,42425.011778,42427.804097,2792.319,SSE,/api/inference/stream,True,,12,25,,
1790482381.425894,1790482384.213599,42425.030785,42427.81849,2787.705,SSE,/api/inference/stream,True,,12,26,,
1790482381.42703,1790482384.215019,42425.031921,42427.81991,2787.989,SSE,/api/inference/stream,True,,12,27,,
1790482381.509528,1790482384.300725,42425.114419,42427.905616,2791.197,SSE,/api/inference/stream,True,,12,28,,
1790482381.610364,1790482384.412922,42425.215255,42428.017812,2802.557,SSE,/api/inference/stream,True,,12,29,,
1790482381.614825,1790482384.420534,42425.219716,42428.025425,2805.709,SSE,/api/inference/stream,True,,12,30,,
1790482381.620885,1790482384.431561,42425.225776,42428.036451,2810.676,SSE,/api/inference/stream,True,,12,33,,
1790482381.622655,1790482384.433171,42425.227546,42428.038062,2810.516,SSE,/api/inference/stream,True,,12,31,,
1790482381.616544,1790482384.435336,42425.221435,42428.040227,2818.792,SSE,/api/inference/stream,True,,12,32,,
1790482381.630207,1790482384.437043,42425.235098,42428.041935,2806.837,SSE,/api/inference/stream,True,,12,34,,
1790482381.673054,1790482384.4632,42425.277945,42428.068091,2790.146,SSE,/api/inference/stream,True,,12,35,,
1790482381.693134,1790482384.482045,42425.298025,42428.086936,2788.911,SSE,/api/inference/stream,True,,12,36,,
1790482381.717694,1790482384.506281,42425.322585,42428.111172,2788.587,SSE,/api/inference/stream,True,,12,37,,
1790482381.752486,1790482384.542252,42425.357376,42428.147143,2789.766,SSE,/api/inference/stream,True,,12,38,,
1790482381.774338,1790482384.564321,42425.379229,42428.169211,2789.983,SSE,/api/inference/stream,True,,12,39,,
1790482381.812212,1790482384.602345,42425.417103,42428.207235,2790.132,SSE,/api/inference/stream,True,,12,40,,
1790482381.83472,1790482384.627616,42425.439611,42428.232506,2792.896,SSE,/api/inference/stream,True,,12,41,,
1790482381.8756,1790482384.666268,42425.480491,42428.271159,2790.668,SSE,/api/inference/stream,True,,12,42,,
1790482381.894591,1790482384.683195,42425.499481,42428.288086,2788.605,SSE,/api/inference/stream,True,,12,43,,
1790482381.917396,1790482384.707023,42425.522287,42428.311913,2789.627,SSE,/api/inference/stream,True,,12,44,,
1790482381.952293,1790482384.744509,42425.557184,42428.3494,2792.216,SSE,/api/inference/stream,True,,12,45,,
1790482381.975669,1790482384.765429,42425.58056,42428.37032,2789.76,SSE,/api/inference/stream,True,,12,46,,
1790482382.033831,1790482384.827508,42425.638722,42428.432398,2793.677,SSE,/api/inference/stream,True,,12,47,,
1790482382.062682,1790482384.855779,42425.667573,42428.46067,2793.097,SSE,/api/inference/stream,True,,12,48,,
1790482382.064295,1790482384.857408,42425.669186,42428.462299,2793.113,SSE,/api/inference/stream,True,,12,49,,
1790482382.100911,1790482384.889779,42425.705802,42428.49467,2788.868,SSE,/api/inference/stream,True,,12,50,,
1790482382.118028,1790482384.909422,42425.722919,42428.514313,2791.394,SSE,/api/inference/stream,True,,12,51,,
1790482382.155639,1790482384.946724,42425.760529,42428.551614,2791.085,SSE,/api/inference/stream,True,,12,52,,
1790482382.183577,1790482384.973872,42425.788468,42428.578763,2790.295,SSE,/api/inference/stream,True,,12,53,,
1790482382.219844,1790482385.008935,42425.824735,42428.613826,2789.091,SSE,/api/inference/stream,True,,12,54,,
1790482382.260391,1790482385.050865,42425.865282,42428.655756,2790.474,SSE,/api/inference/stream,True,,12,56,,
1790482382.297887,1790482385.092257,42425.902777,42428.697147,2794.37,SSE,/api/inference/stream,True,,12,57,,
1790482382.296093,1790482385.094789,42425.900985,42428.69968,2798.695,SSE,/api/inference/stream,True,,12,55,,
1790482382.320216,1790482385.108003,42425.925107,42428.712894,2787.787,SSE,/api/inference/stream,True,,12,58,,
1790482382.33785,1790482385.129959,42425.942741,42428.734849,2792.108,SSE,/api/inference/stream,True,,12,59,,
1790482382.402657,1790482385.19436,42426.007548,42428.799251,2791.703,SSE,/api/inference/stream,True,,12,60,,
1790482382.428495,1790482385.218514,42426.033385,42428.823405,2790.019,SSE,/api/inference/stream,True,,12,62,,
1790482382.445034,1790482385.237101,42426.049924,42428.841992,2792.067,SSE,/api/inference/stream,True,,12,61,,
1790482382.447294,1790482385.239029,42426.052185,42428.84392,2791.735,SSE,/api/inference/stream,True,,12,63,,
1790482382.486833,1790482385.277391,42426.091723,42428.882282,2790.559,SSE,/api/inference/stream,True,,12,64,,
1790482382.499489,1790482385.287755,42426.104381,42428.892647,2788.266,SSE,/api/inference/stream,True,,12,65,,
1790482382.520365,1790482385.309931,42426.125256,42428.914822,2789.566,SSE,/api/inference/stream,True,,12,66,,
1790482382.558143,1790482385.347263,42426.163034,42428.952154,2789.12,SSE,/api/inference/stream,True,,12,67,,
1790482382.578439,1790482385.371471,42426.183329,42428.976361,2793.032,SSE,/api/inference/stream,True,,12,68,,
1790482382.621416,1790482385.411684,42426.226307,42429.016575,2790.268,SSE,/api/inference/stream,True,,12,69,,
1790482382.642738,1790482385.432624,42426.247629,42429.037515,2789.886,SSE,/api/inference/stream,True,,12,70,,
1790482382.760078,1790482385.55042,42426.364969,42429.155311,2790.342,SSE,/api/inference/stream,True,,12,72,,
1790482382.79906,1790482385.596377,42426.403951,42429.201268,2797.317,SSE,/api/inference/stream,True,,12,71,,
1790482382.802324,1790482385.605158,42426.407215,42429.210049,2802.833,SSE,/api/inference/stream,True,,12,74,,
1790482382.810654,1790482385.606496,42426.415545,42429.211387,2795.842,SSE,/api/inference/stream,True,,12,73,,
1790482382.811917,1790482385.608462,42426.416808,42429.213354,2796.546,SSE,/api/inference/stream,True,,12,75,,
1790482382.823826,1790482385.614415,42426.428717,42429.219306,2790.589,SSE,/api/inference/stream,True,,12,76,,
1790482382.843544,1790482385.637675,42426.448434,42429.242566,2794.131,SSE,/api/inference/stream,True,,12,77,,
1790482382.865322,1790482385.655775,42426.470213,42429.260666,2790.453,SSE,/api/inference/stream,True,,12,78,,
1790482382.89048,1790482385.68083,42426.495371,42429.285721,2790.35,SSE,/api/inference/stream,True,,12,79,,
1790482382.928433,1790482385.716801,42426.533323,42429.321692,2788.368,SSE,/api/inference/stream,True,,12,80,,
1790482382.95448,1790482385.745009,42426.559371,42429.3499,2790.529,SSE,/api/inference/stream,True,,12,81,,
1790482382.991769,1790482385.781023,42426.59666,42429.385913,2789.253,SSE,/api/inference/stream,True,,12,82,,
1790482383.038129,1790482385.830458,42426.643019,42429.435349,2792.33,SSE,/api/inference/stream,True,,12,84,,
1790482383.039691,1790482385.832584,42426.644583,42429.437475,2792.893,SSE,/api/inference/stream,True,,12,83,,
1790482383.051675,1790482385.843732,42426.656566,42429.448623,2792.057,SSE,/api/inference/stream,True,,12,85,,
1790482383.090322,1790482385.879818,42426.695213,42429.484709,2789.496,SSE,/api/inference/stream,True,,12,86,,
1790482383.107674,1790482385.896839,42426.712565,42429.50173,2789.165,SSE,/api/inference/stream,True,,12,87,,
1790482383.125763,1790482385.916722,42426.730654,42429.521613,2790.959,SSE,/api/inference/stream,True,,12,88,,
1790482383.16369,1790482385.955546,42426.768581,42429.560437,2791.856,SSE,/api/inference/stream,True,,12,89,,
1790482383.191475,1790482385.982124,42426.796365,42429.587015,2790.65,SSE,/api/inference/stream,True,,12,90,,
1790482383.225176,1790482386.014929,42426.830067,42429.61982,2789.753,SSE,/api/inference/stream,True,,12,91,,
1790482383.254154,1790482386.04301,42426.859044,42429.647901,2788.856,SSE,/api/inference/stream,True,,12,92,,
1790482383.308987,1790482386.104001,42426.913878,42429.708891,2795.013,SSE,/api/inference/stream,True,,12,93,,
1790482383.311193,1790482386.105794,42426.916084,42429.710685,2794.602,SSE,/api/inference/stream,True,,12,94,,
1790482383.354356,1790482386.144375,42426.959246,42429.749266,2790.02,SSE,/api/inference/stream,True,,12,95,,
1790482383.365447,1790482386.156557,42426.970337,42429.761448,2791.11,SSE,/api/inference/stream,True,,12,96,,
1790482383.394573,1790482386.184573,42426.999464,42429.789464,2790.0,SSE,/api/inference/stream,True,,12,97,,
1790482383.414068,1790482386.20522,42427.018959,42429.810111,2791.152,SSE,/api/inference/stream,True,,12,98,,
1790482383.454224,1790482386.243996,42427.059115,42429.848887,2789.772,SSE,/api/inference/stream,True,,12,99,,
1790482383.504076,1790482386.29849,42427.108967,42429.90338,2794.413,SSE,/api/inference/stream,True,,12,0,,
1790482383.507642,1790482386.300175,42427.112533,42429.905066,2792.533,SSE,/api/inference/stream,True,,12,1,,
1790482383.552811,1790482386.344864,42427.157701,42429.949754,2792.053,SSE,/api/inference/stream,True,,12,2,,
1790482383.572271,1790482386.362021,42427.177162,42429.966912,2789.75,SSE,/api/inference/stream,True,,12,3,,
1790482383.596253,1790482386.386726,42427.201143,42429.991616,2790.473,SSE,/api/inference/stream,True,,12,4,,
1790482383.629948,1790482386.421584,42427.234838,42430.026475,2791.636,SSE,/api/inference/stream,True,,12,5,,
1790482383.657799,1790482386.447352,42427.26269,42430.052243,2789.552,SSE,/api/inference/stream,True,,12,6,,
1790482383.712734,1790482386.505773,42427.317624,42430.110664,2793.039,SSE,/api/inference/stream,True,,12,8,,
1790482383.711,1790482386.507907,42427.315891,42430.112798,2796.907,SSE,/api/inference/stream,True,,12,7,,
1790482383.772759,1790482386.567218,42427.37765,42430.172109,2794.459,SSE,/api/inference/stream,True,,12,9,,
1790482383.774436,1790482386.569064,42427.379327,42430.173955,2794.628,SSE,/api/inference/stream,True,,12,10,,
1790482383.798645,1790482386.587264,42427.403536,42430.192155,2788.62,SSE,/api/inference/stream,True,,12,11,,
1790482383.814943,1790482386.608899,42427.419833,42430.213789,2793.956,SSE,/api/inference/stream,True,,12,12,,
1790482383.863039,1790482386.653224,42427.467929,42430.258115,2790.186,SSE,/api/inference/stream,True,,12,13,,
1790482383.875174,1790482386.666112,42427.480065,42430.271003,2790.938,SSE,/api/inference/stream,True,,12,14,,
1790482383.902307,1790482386.690692,42427.507198,42430.295583,2788.385,SSE,/api/inference/stream,True,,12,15,,
1790482383.937148,1790482386.72811,42427.542039,42430.333001,2790.962,SSE,/api/inference/stream,True,,12,16,,
1790482383.960313,1790482386.751802,42427.565204,42430.356693,2791.489,SSE,/api/inference/stream,True,,12,17,,
1790482383.999674,1790482386.789554,42427.604564,42430.394444,2789.88,SSE,/api/inference/stream,True,,12,18,,
1790482384.020746,1790482386.81191,42427.625637,42430.416801,2791.164,SSE,/api/inference/stream,True,,12,19,,
1790482384.027458,1790482386.814789,42427.63235,42430.41968,2787.33,SSE,/api/inference/stream,True,,12,20,,
1790482384.061006,1790482386.850637,42427.665897,42430.455528,2789.631,SSE,/api/inference/stream,True,,12,21,,
1790482384.122791,1790482386.916333,42427.727681,42430.521223,2793.542,SSE,/api/inference/stream,True,,12,23,,
1790482384.124526,1790482386.918038,42427.729417,42430.522929,2793.512,SSE,/api/inference/stream,True,,12,22,,
1790482384.165178,1790482386.955243,42427.770069,42430.560134,2790.065,SSE,/api/inference/stream,True,,12,24,,
1790482384.199471,1790482386.99153,42427.804362,42430.596421,2792.06,SSE,/api/inference/stream,True,,12,25,,
1790482384.213875,1790482387.010269,42427.818766,42430.615159,2796.394,SSE,/api/inference/stream,True,,12,26,,
1790482384.215344,1790482387.014368,42427.820235,42430.619258,2799.024,SSE,/api/inference/stream,True,,12,27,,
1790482384.301043,1790482387.089674,42427.905934,42430.694565,2788.631,SSE,/api/inference/stream,True,,12,28,,
1790482384.413197,1790482387.203933,42428.018088,42430.808823,2790.735,SSE,/api/inference/stream,True,,12,29,,
1790482384.420844,1790482387.220559,42428.025735,42430.82545,2799.715,SSE,/api/inference/stream,True,,12,30,,
1790482384.431824,1790482387.226512,42428.036715,42430.831403,2794.688,SSE,/api/inference/stream,True,,12,33,,
1790482384.435833,1790482387.228479,42428.040724,42430.83337,2792.646,SSE,/api/inference/stream,True,,12,32,,
1790482384.437306,1790482387.231041,42428.042197,42430.835932,2793.735,SSE,/api/inference/stream,True,,12,34,,
1790482384.433479,1790482387.236671,42428.03837,42430.841562,2803.192,SSE,/api/inference/stream,True,,12,31,,
1790482384.463436,1790482387.252016,42428.068327,42430.856907,2788.579,SSE,/api/inference/stream,True,,12,35,,
1790482384.482309,1790482387.272383,42428.0872,42430.877274,2790.074,SSE,/api/inference/stream,True,,12,36,,
1790482384.506578,1790482387.296012,42428.111469,42430.900903,2789.434,SSE,/api/inference/stream,True,,12,37,,
1790482384.542542,1790482387.334266,42428.147432,42430.939157,2791.725,SSE,/api/inference/stream,True,,12,38,,
1790482384.564615,1790482387.3565,42428.169506,42430.961391,2791.884,SSE,/api/inference/stream,True,,12,39,,
1790482384.60265,1790482387.392098,42428.20754,42430.996989,2789.448,SSE,/api/inference/stream,True,,12,40,,
1790482384.62792,1790482387.418321,42428.232811,42431.023212,2790.401,SSE,/api/inference/stream,True,,12,41,,
1790482384.666565,1790482387.459326,42428.271455,42431.064216,2792.761,SSE,/api/inference/stream,True,,12,42,,
1790482384.683473,1790482387.476007,42428.288364,42431.080898,2792.534,SSE,/api/inference/stream,True,,12,43,,
1790482384.70738,1790482387.496906,42428.31227,42431.101796,2789.526,SSE,/api/inference/stream,True,,12,44,,
1790482384.744775,1790482387.534431,42428.349665,42431.139322,2789.656,SSE,/api/inference/stream,True,,12,45,,
1790482384.765696,1790482387.557776,42428.370586,42431.162666,2792.08,SSE,/api/inference/stream,True,,12,46,,
1790482384.827793,1790482387.619655,42428.432684,42431.224546,2791.862,SSE,/api/inference/stream,True,,12,47,,
1790482384.857637,1790482387.650293,42428.462528,42431.255183,2792.656,SSE,/api/inference/stream,True,,12,49,,
1790482384.856075,1790482387.652008,42428.460965,42431.256899,2795.934,SSE,/api/inference/stream,True,,12,48,,
1790482384.890033,1790482387.678554,42428.494923,42431.283445,2788.522,SSE,/api/inference/stream,True,,12,50,,
1790482384.909712,1790482387.698591,42428.514602,42431.303482,2788.879,SSE,/api/inference/stream,True,,12,51,,
1790482384.947033,1790482387.736915,42428.551923,42431.341805,2789.882,SSE,/api/inference/stream,True,,12,52,,
1790482384.974241,1790482387.764769,42428.579132,42431.36966,2790.528,SSE,/api/inference/stream,True,,12,53,,
1790482385.009252,1790482387.798825,42428.614142,42431.403715,2789.573,SSE,/api/inference/stream,True,,12,54,,
1790482385.051234,1790482387.839925,42428.656125,42431.444816,2788.691,SSE,/api/inference/stream,True,,12,56,,
1790482385.092547,1790482387.887069,42428.697438,42431.49196,2794.522,SSE,/api/inference/stream,True,,12,57,,
1790482385.094989,1790482387.89035,42428.69988,42431.495241,2795.36,SSE,/api/inference/stream,True,,12,55,,
1790482385.10822,1790482387.907216,42428.713111,42431.512108,2798.996,SSE,/api/inference/stream,True,,12,58,,
1790482385.130317,1790482387.919737,42428.735209,42431.524628,2789.42,SSE,/api/inference/stream,True,,12,59,,
1790482385.194664,1790482387.986619,42428.799555,42431.59151,2791.955,SSE,/api/inference/stream,True,,12,60,,
1790482385.218896,1790482388.009662,42428.823786,42431.614552,2790.767,SSE,/api/inference/stream,True,,12,62,,
1790482385.237335,1790482388.026695,42428.842226,42431.631586,2789.361,SSE,/api/inference/stream,True,,12,61,,
1790482385.239437,1790482388.028461,42428.844328,42431.633353,2789.025,SSE,/api/inference/stream,True,,12,63,,
1790482385.277688,1790482388.06585,42428.882579,42431.670741,2788.162,SSE,/api/inference/stream,True,,12,64,,
1790482385.288064,1790482388.076474,42428.892955,42431.681365,2788.41,SSE,/api/inference/stream,True,,12,65,,
1790482385.310202,1790482388.099941,42428.915093,42431.704832,2789.74,SSE,/api/inference/stream,True,,12,66,,
1790482385.347536,1790482388.138797,42428.952426,42431.743687,2791.261,SSE,/api/inference/stream,True,,12,67,,
1790482385.371766,1790482388.164466,42428.976657,42431.769356,2792.699,SSE,/api/inference/stream,True,,12,68,,
1790482385.411958,1790482388.200504,42429.016849,42431.805394,2788.546,SSE,/api/inference/stream,True,,12,69,,
1790482385.432875,1790482388.224554,42429.037765,42431.829445,2791.679,SSE,/api/inference/stream,True,,12,70,,
1790482385.550731,1790482388.34257,42429.155622,42431.94746,2791.839,SSE,/api/inference/stream,True,,12,72,,
1790482385.596699,1790482388.389784,42429.20159,42431.994675,2793.085,SSE,/api/inference/stream,True,,12,71,,
1790482385.605383,1790482388.403821,42429.210273,42432.008712,2798.439,SSE,/api/inference/stream,True,,12,74,,
1790482385.608729,1790482388.406802,42429.21362,42432.011693,2798.073,SSE,/api/inference/stream,True,,12,75,,
1790482385.614664,1790482388.408409,42429.219555,42432.0133,2793.745,SSE,/api/inference/stream,True,,12,76,,
1790482385.60688,1790482388.418457,42429.211771,42432.023348,2811.577,SSE,/api/inference/stream,True,,12,73,,
1790482385.637849,1790482388.423866,42429.242741,42432.028757,2786.017,SSE,/api/inference/stream,True,,12,77,,
1790482385.656049,1790482388.444898,42429.26094,42432.049789,2788.849,SSE,/api/inference/stream,True,,12,78,,
1790482385.681165,1790482388.469426,42429.286056,42432.074317,2788.261,SSE,/api/inference/stream,True,,12,79,,
1790482385.717275,1790482388.506099,42429.322165,42432.11099,2788.824,SSE,/api/inference/stream,True,,12,80,,
1790482385.7454,1790482388.534498,42429.35029,42432.139388,2789.098,SSE,/api/inference/stream,True,,12,81,,
1790482385.781355,1790482388.571503,42429.386245,42432.176394,2790.149,SSE,/api/inference/stream,True,,12,82,,
1790482385.830771,1790482388.62504,42429.435661,42432.22993,2794.269,SSE,/api/inference/stream,True,,12,84,,
1790482385.833095,1790482388.637168,42429.437986,42432.242058,2804.073,SSE,/api/inference/stream,True,,12,83,,
1790482385.843942,1790482388.638781,42429.448833,42432.243672,2794.839,SSE,/api/inference/stream,True,,12,85,,
1790482385.880142,1790482388.668369,42429.485033,42432.27326,2788.227,SSE,/api/inference/stream,True,,12,86,,
1790482385.897075,1790482388.686218,42429.501966,42432.291109,2789.143,SSE,/api/inference/stream,True,,12,87,,
1790482385.916961,1790482388.706197,42429.521852,42432.311088,2789.236,SSE,/api/inference/stream,True,,12,88,,
1790482385.95582,1790482388.74523,42429.560711,42432.350121,2789.41,SSE,/api/inference/stream,True,,12,89,,
1790482385.982425,1790482388.772312,42429.587316,42432.377203,2789.887,SSE,/api/inference/stream,True,,12,90,,
1790482386.015797,1790482388.806722,42429.620687,42432.411613,2790.925,SSE,/api/inference/stream,True,,12,91,,
1790482386.043254,1790482388.831939,42429.648144,42432.436829,2788.685,SSE,/api/inference/stream,True,,12,92,,
1790482386.104281,1790482388.898587,42429.709172,42432.503478,2794.306,SSE,/api/inference/stream,True,,12,93,,
1790482386.106083,1790482388.900628,42429.710974,42432.505519,2794.546,SSE,/api/inference/stream,True,,12,94,,
1790482386.144655,1790482388.936109,42429.749545,42432.540999,2791.454,SSE,/api/inference/stream,True,,12,95,,
1790482386.156907,1790482388.94603,42429.761798,42432.550921,2789.122,SSE,/api/inference/stream,True,,12,96,,
1790482386.184881,1790482388.975655,42429.789772,42432.580546,2790.774,SSE,/api/inference/stream,True,,12,97,,
1790482386.205492,1790482388.994192,42429.810383,42432.599083,2788.7,SSE,/api/inference/stream,True,,12,98,,
1790482386.244246,1790482389.033473,42429.849137,42432.638364,2789.227,SSE,/api/inference/stream,True,,12,99,,
1790482386.300451,1790482389.093872,42429.905342,42432.698763,2793.421,SSE,/api/inference/stream,True,,12,1,,
1790482386.298791,1790482389.095545,42429.903682,42432.700436,2796.753,SSE,/api/inference/stream,True,,12,0,,
1790482386.34516,1790482389.136534,42429.950051,42432.741425,2791.374,SSE,/api/inference/stream,True,,12,2,,
1790482386.362275,1790482389.151754,42429.967166,42432.756645,2789.479,SSE,/api/inference/stream,True,,12,3,,
1790482386.387011,1790482389.179601,42429.991902,42432.784491,2792.589,SSE,/api/inference/stream,True,,12,4,,
1790482386.421907,1790482389.213446,42430.026798,42432.818337,2791.539,SSE,/api/inference/stream,True,,12,5,,
1790482386.447647,1790482389.237677,42430.052538,42432.842568,2790.03,SSE,/api/inference/stream,True,,12,6,,
1790482386.506071,1790482389.301149,42430.110962,42432.90604,2795.078,SSE,/api/inference/stream,True,,12,8,,
1790482386.508401,1790482389.302782,42430.113292,42432.907673,2794.381,SSE,/api/inference/stream,True,,12,7,,
1790482386.56755,1790482389.36406,42430.172441,42432.96895,2796.509,SSE,/api/inference/stream,True,,12,9,,
1790482386.569327,1790482389.365913,42430.174218,42432.970804,2796.586,SSE,/api/inference/stream,True,,12,10,,
1790482386.587487,1790482389.378893,42430.192378,42432.983784,2791.406,SSE,/api/inference/stream,True,,12,11,,
1790482386.609217,1790482389.40239,42430.214107,42433.007281,2793.174,SSE,/api/inference/stream,True,,12,12,,
1790482386.6536,1790482389.442613,42430.25849,42433.047504,2789.013,SSE,/api/inference/stream,True,,12,13,,
1790482386.666393,1790482389.456931,42430.271284,42433.061822,2790.538,SSE,/api/inference/stream,True,,12,14,,
1790482386.69102,1790482389.479622,42430.295911,42433.084513,2788.601,SSE,/api/inference/stream,True,,12,15,,
1790482386.728474,1790482389.517892,42430.333365,42433.122783,2789.418,SSE,/api/inference/stream,True,,12,16,,
1790482386.752073,1790482389.542975,42430.356963,42433.147866,2790.902,SSE,/api/inference/stream,True,,12,17,,
1790482386.789846,1790482389.578601,42430.394737,42433.183492,2788.754,SSE,/api/inference/stream,True,,12,18,,
1790482386.812166,1790482389.603362,42430.417057,42433.208253,2791.196,SSE,/api/inference/stream,True,,12,19,,
1790482386.814976,1790482389.604993,42430.419867,42433.209884,2790.017,SSE,/api/inference/stream,True,,12,20,,
1790482386.850958,1790482389.641328,42430.455849,42433.246218,2790.369,SSE,/api/inference/stream,True,,12,21,,
1790482386.916631,1790482389.709715,42430.521522,42433.314606,2793.084,SSE,/api/inference/stream,True,,12,23,,
1790482386.918314,1790482389.712371,42430.523205,42433.317262,2794.057,SSE,/api/inference/stream,True,,12,22,,
1790482386.955527,1790482389.746001,42430.560418,42433.350891,2790.473,SSE,/api/inference/stream,True,,12,24,,
1790482386.991821,1790482389.78325,42430.596712,42433.388141,2791.429,SSE,/api/inference/stream,True,,12,25,,
1790482387.010598,1790482389.80812,42430.61549,42433.413011,2797.522,SSE,/api/inference/stream,True,,12,26,,
1790482387.0146,1790482389.809441,42430.619491,42433.414332,2794.841,SSE,/api/inference/stream,True,,12,27,,
1790482387.089929,1790482389.882031,42430.69482,42433.486922,2792.102,SSE,/api/inference/stream,True,,12,28,,
1790482387.204219,1790482389.994127,42430.80911,42433.599018,2789.908,SSE,/api/inference/stream,True,,12,29,,
1790482387.220824,1790482390.01085,42430.825715,42433.615741,2790.026,SSE,/api/inference/stream,True,,12,30,,
1790482387.226736,1790482390.024846,42430.831627,42433.629737,2798.111,SSE,/api/inference/stream,True,,12,33,,
1790482387.231312,1790482390.029812,42430.836204,42433.634703,2798.5,SSE,/api/inference/stream,True,,12,34,,
1790482387.228666,1790482390.032449,42430.833557,42433.63734,2803.783,SSE,/api/inference/stream,True,,12,32,,
1790482387.236875,1790482390.033245,42430.841766,42433.638136,2796.37,SSE,/api/inference/stream,True,,12,31,,
1790482387.252197,1790482390.038929,42430.857088,42433.64382,2786.732,SSE,/api/inference/stream,True,,12,35,,
1790482387.272613,1790482390.059993,42430.877504,42433.664884,2787.38,SSE,/api/inference/stream,True,,12,36,,
1790482387.296328,1790482390.084498,42430.901219,42433.689389,2788.17,SSE,/api/inference/stream,True,,12,37,,
1790482387.334554,1790482390.124578,42430.939444,42433.729469,2790.024,SSE,/api/inference/stream,True,,12,38,,
1790482387.356789,1790482390.149056,42430.96168,42433.753947,2792.266,SSE,/api/inference/stream,True,,12,39,,
1790482387.392384,1790482390.184392,42430.997275,42433.789282,2792.008,SSE,/api/inference/stream,True,,12,40,,
1790482387.418582,1790482390.208771,42431.023472,42433.813662,2790.189,SSE,/api/inference/stream,True,,12,41,,
1790482387.459631,1790482390.250334,42431.064522,42433.855224,2790.703,SSE,/api/inference/stream,True,,12,42,,
1790482387.476308,1790482390.269524,42431.081199,42433.874414,2793.215,SSE,/api/inference/stream,True,,12,43,,
1790482387.497188,1790482390.317524,42431.102079,42433.922416,2820.337,SSE,/api/inference/stream,True,,12,44,,
