start_ts,end_ts,start_mono,end_mono,response_time_ms,request_type,name,success,exception,response_length,user,http_status,stages_logged
1790482024.833616,1790482027.624654,42068.438506,42071.229544,2791.038,SSE,/api/inference/stream,True,,12,0,,
1790482024.890323,1790482027.681119,42068.495213,42071.28601,2790.797,SSE,/api/inference/stream,True,,12,1,,
1790482024.945852,1790482027.735807,42068.550743,42071.340698,2789.955,SSE,/api/inference/stream,True,,12,2,,
1790482025.001477,1790482027.793163,42068.606367,42071.398054,2791.687,SSE,/api/inference/stream,True,,12,3,,
1790482025.057207,1790482027.847498,42068.662097,42071.452389,2790.291,SSE,/api/inference/stream,True,,12,4,,
1790482025.112566,1790482027.902875,42068.717456,42071.507765,2790.309,SSE,/api/inference/stream,True,,12,5,,
1790482025.168678,1790482027.960467,42068.773568,42071.565358,2791.79,SSE,/api/inference/stream,True,,12,6,,
1790482025.223728,1790482028.014908,42068.828619,42071.619798,2791.179,SSE,/api/inference/stream,True,,12,7,,
1790482025.278898,1790482028.072429,42068.883788,42071.677319,2793.531,SSE,/api/inference/stream,True,,12,8,,
1790482025.335023,1790482028.125274,42068.939914,42071.730164,2790.251,SSE,/api/inference/stream,True,,12,9,,
1790482025.390828,1790482028.181546,42068.995719,42071.786437,2790.718,SSE,/api/inference/stream,True,,12,10,,
1790482025.446669,1790482028.238247,42069.051559,42071.843137,2791.578,SSE,/api/inference/stream,True,,12,11,,
1790482025.502301,1790482028.290304,42069.107191,42071.895194,2788.003,SSE,/api/inference/stream,True,,12,12,,
1790482025.557114,1790482028.346788,42069.162005,42071.951678,2789.674,SSE,/api/inference/stream,True,,12,13,,
1790482025.613164,1790482028.404722,42069.218055,42072.009613,2791.558,SSE,/api/inference/stream,True,,12,14,,
1790482025.668895,1790482028.460289,42069.273785,42072.065179,2791.393,SSE,/api/inference/stream,True,,12,15,,
1790482025.72463,1790482028.516624,42069.32952,42072.121515,2791.995,SSE,/api/inference/stream,True,,12,16,,
1790482025.781123,1790482028.571922,42069.386013,42072.176812,2790.799,SSE,/api/inference/stream,True,,12,17,,
1790482025.835686,1790482028.627342,42069.440576,42072.232232,2791.656,SSE,/api/inference/stream,True,,12,18,,
1790482025.890863,1790482028.681325,42069.495753,42072.286216,2790.462,SSE,/api/inference/stream,True,,12,19,,
1790482025.946422,1790482028.738474,42069.551313,42072.343365,2792.052,SSE,/api/inference/stream,True,,12,20,,
1790482026.002347,1790482028.794765,42069.607238,42072.399656,2792.417,SSE,/api/inference/stream,True,,12,21,,
1790482026.057906,1790482028.851885,42069.662796,42072.456776,2793.979,SSE,/api/inference/stream,True,,12,22,,
1790482026.113148,1790482028.904185,42069.718038,42072.509076,2791.037,SSE,/api/inference/stream,True,,12,23,,
1790482026.169152,1790482028.961926,42069.774042,42072.566816,2792.774,SSE,/api/inference/stream,True,,12,24,,
1790482026.224428,1790482029.016095,42069.829319,42072.620986,2791.667,SSE,/api/inference/stream,True,,12,25,,
1790482026.280844,1790482029.074407,42069.885734,42072.679297,2793.563,SSE,/api/inference/stream,True,,12,26,,
1790482026.335636,1790482029.128416,42069.940527,42072.733306,2792.78,SSE,/api/inference/stream,True,,12,27,,
1790482026.391774,1790482029.220099,42069.996665,42072.82499,2828.325,SSE,/api/inference/stream,True,,12,28,,
1790482026.447594,1790482029.240116,42070.052485,42072.845006,2792.521,SSE,/api/inference/stream,True,,12,29,,
1790482026.502522,1790482029.294657,42070.107413,42072.899548,2792.135,SSE,/api/inference/stream,True,,12,30,,
1790482026.558605,1790482029.351714,42070.163496,42072.956605,2793.109,SSE,/api/inference/stream,True,,12,31,,
1790482026.613837,1790482029.404369,42070.218727,42073.00926,2790.532,SSE,/api/inference/stream,True,,12,32,,
1790482026.66911,1790482029.479288,42070.274,42073.084179,2810.178,SSE,/api/inference/stream,True,,12,33,,
1790482026.726871,1790482029.517429,42070.331762,42073.12232,2790.558,SSE,/api/inference/stream,True,,12,34,,
1790482026.780523,1790482029.574249,42070.385413,42073.179139,2793.726,SSE,/api/inference/stream,True,,12,35,,
1790482026.836618,1790482029.627911,42070.441509,42073.232801,2791.293,SSE,/api/inference/stream,True,,12,36,,
1790482026.891597,1790482029.685959,42070.496488,42073.29085,2794.362,SSE,/api/inference/stream,True,,12,37,,
1790482026.947733,1790482029.741139,42070.552624,42073.34603,2793.406,SSE,/api/inference/stream,True,,12,38,,
1790482027.00281,1790482029.795569,42070.6077,42073.40046,2792.76,SSE,/api/inference/stream,True,,12,39,,
1790482027.059273,1790482029.850652,42070.664163,42073.455543,2791.379,SSE,/api/inference/stream,True,,12,40,,
1790482027.114127,1790482029.905725,42070.719017,42073.510615,2791.598,SSE,/api/inference/stream,True,,12,41,,
1790482027.170126,1790482029.961997,42070.775017,42073.566887,2791.87,SSE,/api/inference/stream,True,,12,42,,
1790482027.225318,1790482030.017112,42070.830208,42073.622003,2791.795,SSE,/api/inference/stream,True,,12,43,,
1790482027.281534,1790482030.074327,42070.886425,42073.679217,2792.792,SSE,/api/inference/stream,True,,12,44,,
1790482027.337082,1790482030.130605,42070.941972,42073.735495,2793.523,SSE,/api/inference/stream,True,,12,45,,
1790482027.392215,1790482030.186085,42070.997106,42073.790976,2793.87,SSE,/api/inference/stream,True,,12,46,,
1790482027.447621,1790482030.240112,42071.052512,42073.845003,2792.491,SSE,/api/inference/stream,True,,12,47,,
1790482027.503692,1790482030.297089,42071.108583,42073.90198,2793.397,SSE,/api/inference/stream,True,,12,48,,
1790482027.559421,1790482030.348912,42071.164312,42073.953803,2789.491,SSE,/api/inference/stream,True,,12,49,,
1790482027.625099,1790482030.415661,42071.22999,42074.020552,2790.562,SSE,/api/inference/stream,True,,12,0,,
1790482027.681453,1790482030.472706,42071.286343,42074.077597,2791.253,SSE,/api/inference/stream,True,,12,1,,
1790482027.73617,1790482030.526494,42071.34106,42074.131384,2790.324,SSE,/api/inference/stream,True,,12,2,,
1790482027.793462,1790482030.584648,42071.398352,42074.189538,2791.186,SSE,/api/inference/stream,True,,12,3,,
1790482027.847805,1790482030.639348,42071.452695,42074.244239,2791.544,SSE,/api/inference/stream,True,,12,4,,
1790482027.903393,1790482030.695923,42071.508283,42074.300813,2792.53,SSE,/api/inference/stream,True,,12,5,,
1790482027.960776,1790482030.751754,42071.565667,42074.356645,2790.978,SSE,/api/inference/stream,True,,12,6,,
1790482028.015343,1790482030.806473,42071.620233,42074.411364,2791.131,SSE,/api/inference/stream,True,,12,7,,
1790482028.072855,1790482030.864113,42071.677746,42074.469003,2791.258,SSE,/api/inference/stream,True,,12,8,,
1790482028.125566,1790482030.916513,42071.730457,42074.521404,2790.947,SSE,/api/inference/stream,True,,12,9,,
1790482028.181857,1790482030.971853,42071.786747,42074.576744,2789.997,SSE,/api/inference/stream,True,,12,10,,
1790482028.238604,1790482031.028157,42071.843495,42074.633047,2789.553,SSE,/api/inference/stream,True,,12,11,,
1790482028.290643,1790482031.080927,42071.895534,42074.685818,2790.284,SSE,/api/inference/stream,True,,12,12,,
1790482028.347179,1790482031.1366,42071.95207,42074.74149,2789.421,SSE,/api/inference/stream,True,,12,13,,
1790482028.405101,1790482031.196426,42072.009992,42074.801317,2791.325,SSE,/api/inference/stream,True,,12,14,,
1790482028.460675,1790482031.251323,42072.065565,42074.856213,2790.648,SSE,/api/inference/stream,True,,12,15,,
1790482028.516986,1790482031.306408,42072.121876,42074.911298,2789.422,SSE,/api/inference/stream,True,,12,16,,
1790482028.572283,1790482031.362288,42072.177174,42074.967178,2790.004,SSE,/api/inference/stream,True,,12,17,,
1790482028.62764,1790482031.416487,42072.23253,42075.021377,2788.847,SSE,/api/inference/stream,True,,12,18,,
1790482028.681666,1790482031.471929,42072.286556,42075.076819,2790.262,SSE,/api/inference/stream,True,,12,19,,
1790482028.738836,1790482031.528813,42072.343726,42075.133704,2789.977,SSE,/api/inference/stream,True,,12,20,,
1790482028.795097,1790482031.585111,42072.399988,42075.190002,2790.014,SSE,/api/inference/stream,True,,12,21,,
1790482028.852247,1790482031.642449,42072.457137,42075.24734,2790.203,SSE,/api/inference/stream,True,,12,22,,
1790482028.904568,1790482031.697316,42072.509458,42075.302206,2792.748,SSE,/api/inference/stream,True,,12,23,,
1790482028.962286,1790482031.753092,42072.567177,42075.357982,2790.806,SSE,/api/inference/stream,True,,12,24,,
1790482029.016407,1790482031.809552,42072.621298,42075.414442,2793.144,SSE,/api/inference/stream,True,,12,25,,
1790482029.074729,1790482031.865047,42072.67962,42075.469937,2790.317,SSE,/api/inference/stream,True,,12,26,,
1790482029.128798,1790482031.920664,42072.733689,42075.525554,2791.866,SSE,/api/inference/stream,True,,12,27,,
1790482029.220387,1790482032.009839,42072.825278,42075.614729,2789.451,SSE,/api/inference/stream,True,,12,28,,
1790482029.240463,1790482032.032276,42072.845353,42075.637167,2791.814,SSE,/api/inference/stream,True,,12,29,,
1790482029.29504,1790482032.084666,42072.899931,42075.689557,2789.626,SSE,/api/inference/stream,True,,12,30,,
1790482029.352057,1790482032.141666,42072.956948,42075.746556,2789.608,SSE,/api/inference/stream,True,,12,31,,
1790482029.404651,1790482032.196488,42073.009542,42075.801378,2791.837,SSE,/api/inference/stream,True,,12,32,,
1790482029.479624,1790482032.26926,42073.084514,42075.87415,2789.636,SSE,/api/inference/stream,True,,12,33,,
1790482029.517671,1790482032.309106,42073.122562,42075.913997,2791.435,SSE,/api/inference/stream,True,,12,34,,
1790482029.574591,1790482032.36609,42073.179481,42075.97098,2791.499,SSE,/api/inference/stream,True,,12,35,,
1790482029.628239,1790482032.418391,42073.23313,42076.023282,2790.152,SSE,/api/inference/stream,True,,12,36,,
1790482029.686275,1790482032.477287,42073.291166,42076.082178,2791.012,SSE,/api/inference/stream,True,,12,37,,
1790482029.741494,1790482032.531521,42073.346384,42076.136411,2790.027,SSE,/api/inference/stream,True,,12,38,,
1790482029.795885,1790482032.585973,42073.400775,42076.190863,2790.088,SSE,/api/inference/stream,True,,12,39,,
1790482029.85099,1790482032.641898,42073.455881,42076.246789,2790.908,SSE,/api/inference/stream,True,,12,40,,
1790482029.90604,1790482032.696329,42073.51093,42076.301219,2790.289,SSE,/api/inference/stream,True,,12,41,,
1790482029.962365,1790482032.751772,42073.567256,42076.356663,2789.407,SSE,/api/inference/stream,True,,12,42,,
1790482030.017438,1790482032.807236,42073.622329,42076.412127,2789.798,SSE,/api/inference/stream,True,,12,43,,
1790482030.074686,1790482032.864524,42073.679577,42076.469415,2789.838,SSE,/api/inference/stream,True,,12,44,,
1790482030.131011,1790482032.922892,42073.735902,42076.527782,2791.881,SSE,/api/inference/stream,True,,12,45,,
1790482030.186402,1790482032.97681,42073.791292,42076.581701,2790.408,SSE,/api/inference/stream,True,,12,46,,
1790482030.240431,1790482033.030604,42073.845321,42076.635494,2790.174,SSE,/api/inference/stream,True,,12,47,,
1790482030.29741,1790482033.087272,42073.9023,42076.692162,2789.862,SSE,/api/inference/stream,True,,12,48,,
1790482030.349207,1790482033.141643,42073.954097,42076.746533,2792.436,SSE,/api/inference/stream,True,,12,49,,
1790482030.416067,1790482033.206738,42074.020958,42076.811628,2790.671,SSE,/api/inference/stream,True,,12,0,,
1790482030.473008,1790482033.263002,42074.077898,42076.867892,2789.994,SSE,/api/inference/stream,True,,12,1,,
1790482030.526898,1790482033.317128,42074.131789,42076.922019,2790.23,SSE,/api/inference/stream,True,,12,2,,
1790482030.584955,1790482033.374557,42074.189845,42076.979448,2789.602,SSE,/api/inference/stream,True,,12,3,,
1790482030.63968,1790482033.430402,42074.24457,42077.035292,2790.722,SSE,/api/inference/stream,True,,12,4,,
1790482030.69625,1790482033.486289,42074.301141,42077.091179,2790.038,SSE,/api/inference/stream,True,,12,5,,
1790482030.752077,1790482033.54232,42074.356967,42077.14721,2790.243,SSE,/api/inference/stream,True,,12,6,,
1790482030.806794,1790482033.597545,42074.411685,42077.202435,2790.751,SSE,/api/inference/stream,True,,12,7,,
1790482030.864433,1790482033.65647,42074.469324,42077.26136,2792.037,SSE,/api/inference/stream,True,,12,8,,
1790482030.916908,1790482033.7062,42074.521798,42077.31109,2789.292,SSE,/api/inference/stream,True,,12,9,,
1790482030.97226,1790482033.762374,42074.577151,42077.367265,2790.114,SSE,/api/inference/stream,True,,12,10,,
1790482031.028533,1790482033.81872,42074.633424,42077.423611,2790.187,SSE,/api/inference/stream,True,,12,11,,
1790482031.081302,1790482033.870587,42074.686193,42077.475478,2789.285,SSE,/api/inference/stream,True,,12,12,,
1790482031.13696,1790482033.927361,42074.74185,42077.532252,2790.402,SSE,/api/inference/stream,True,,12,13,,
1790482031.196805,1790482033.987304,42074.801695,42077.592195,2790.5,SSE,/api/inference/stream,True,,12,14,,
1790482031.251697,1790482034.042296,42074.856588,42077.647186,2790.599,SSE,/api/inference/stream,True,,12,15,,
1790482031.306751,1790482034.096193,42074.911641,42077.701083,2789.442,SSE,/api/inference/stream,True,,12,16,,
1790482031.362669,1790482034.152078,42074.96756,42077.756969,2789.409,SSE,/api/inference/stream,True,,12,17,,
1790482031.416847,1790482034.205545,42075.021737,42077.810435,2788.698,SSE,/api/inference/stream,True,,12,18,,
1790482031.472271,1790482034.263018,42075.077161,42077.867908,2790.747,SSE,/api/inference/stream,True,,12,19,,
1790482031.529178,1790482034.318449,42075.134068,42077.923339,2789.271,SSE,/api/inference/stream,True,,12,20,,
1790482031.58547,1790482034.375953,42075.190361,42077.980844,2790.483,SSE,/api/inference/stream,True,,12,21,,
1790482031.64283,1790482034.433315,42075.247721,42078.038206,2790.485,SSE,/api/inference/stream,True,,12,22,,
1790482031.697615,1790482034.48841,42075.302506,42078.093301,2790.795,SSE,/api/inference/stream,True,,12,23,,
1790482031.753457,1790482034.543394,42075.358347,42078.148284,2789.937,SSE,/api/inference/stream,True,,12,24,,
1790482031.809852,1790482034.5993,42075.414742,42078.20419,2789.448,SSE,/api/inference/stream,True,,12,25,,
1790482031.865355,1790482034.655359,42075.470245,42078.26025,2790.005,SSE,/api/inference/stream,True,,12,26,,
1790482031.92105,1790482034.713378,42075.525941,42078.318268,2792.327,SSE,/api/inference/stream,True,,12,27,,
1790482032.010254,1790482034.800314,42075.615145,42078.405205,2790.06,SSE,/api/inference/stream,True,,12,28,,
1790482032.03309,1790482034.824755,42075.637981,42078.429646,2791.665,SSE,/api/inference/stream,True,,12,29,,
1790482032.084972,1790482034.874865,42075.689863,42078.479756,2789.893,SSE,/api/inference/stream,True,,12,30,,
1790482032.142025,1790482034.932662,42075.746916,42078.537552,2790.636,SSE,/api/inference/stream,True,,12,31,,
1790482032.196784,1790482034.988444,42075.801674,42078.593334,2791.66,SSE,/api/inference/stream,True,,12,32,,
1790482032.26963,1790482035.06044,42075.87452,42078.665331,2790.81,SSE,/api/inference/stream,True,,12,33,,
1790482032.309414,1790482035.100101,42075.914305,42078.704992,2790.687,SSE,/api/inference/stream,True,,12,34,,
1790482032.366431,1790482035.155461,42075.971322,42078.760351,2789.03,SSE,/api/inference/stream,True,,12,35,,
1790482032.418705,1790482035.210146,42076.023596,42078.815037,2791.441,SSE,/api/inference/stream,True,,12,36,,
1790482032.47762,1790482035.26705,42076.082511,42078.87194,2789.429,SSE,/api/inference/stream,True,,12,37,,
1790482032.531866,1790482035.324174,42076.136757,42078.929065,2792.308,SSE,/api/inference/stream,True,,12,38,,
1790482032.586341,1790482035.376621,42076.191232,42078.981512,2790.28,SSE,/api/inference/stream,True,,12,39,,
1790482032.64221,1790482035.430615,42076.247101,42079.035506,2788.405,SSE,/api/inference/stream,True,,12,40,,
1790482032.696638,1790482035.485772,42076.301529,42079.090662,2789.134,SSE,/api/inference/stream,True,,12,41,,
1790482032.752128,1790482035.541319,42076.357018,42079.14621,2789.191,SSE,/api/inference/stream,True,,12,42,,
1790482032.807536,1790482035.596006,42076.412427,42079.200897,2788.47,SSE,/api/inference/stream,True,,12,43,,
1790482032.864856,1790482035.653345,42076.469747,42079.258235,2788.489,SSE,/api/inference/stream,True,,12,44,,
1790482032.923348,1790482035.712876,42076.528239,42079.317767,2789.528,SSE,/api/inference/stream,True,,12,45,,
1790482032.977119,1790482035.76878,42076.58201,42079.37367,2791.66,SSE,/api/inference/stream,True,,12,46,,
1790482033.030964,1790482035.822469,42076.635854,42079.42736,2791.506,SSE,/api/inference/stream,True,,12,47,,
1790482033.087602,1790482035.876289,42076.692493,42079.481179,2788.687,SSE,/api/inference/stream,True,,12,48,,
1790482033.142045,1790482035.933112,42076.746936,42079.538002,2791.067,SSE,/api/inference/stream,True,,12,49,,
1790482033.207072,1790482036.000122,42076.811963,42079.605012,2793.049,SSE,/api/inference/stream,True,,12,0,,
1790482033.263399,1790482036.05451,42076.86829,42079.659401,2791.111,SSE,/api/inference/stream,True,,12,1,,
1790482033.317442,1790482036.106396,42076.922333,42079.711287,2788.954,SSE,/api/inference/stream,True,,12,2,,
1790482033.374874,1790482036.164634,42076.979765,42079.769525,2789.76,SSE,/api/inference/stream,True,,12,3,,
1790482033.430722,1790482036.221615,42077.035613,42079.826506,2790.893,SSE,/api/inference/stream,True,,12,4,,
1790482033.486608,1790482036.277039,42077.091498,42079.881929,2790.431,SSE,/api/inference/stream,True,,12,5,,
1790482033.542698,1790482036.333564,42077.147588,42079.938454,2790.866,SSE,/api/inference/stream,True,,12,6,,
1790482033.597868,1790482036.388485,42077.202759,42079.993376,2790.617,SSE,/api/inference/stream,True,,12,7,,
1790482033.656854,1790482036.44702,42077.261745,42080.051911,2790.166,SSE,/api/inference/stream,True,,12,8,,
1790482033.706607,1790482036.497637,42077.311498,42080.102528,2791.03,SSE,/api/inference/stream,True,,12,9,,
1790482033.762766,1790482036.553512,42077.367657,42080.158403,2790.746,SSE,/api/inference/stream,True,,12,10,,
1790482033.819043,1790482036.608543,42077.423933,42080.213433,2789.5,SSE,/api/inference/stream,True,,12,11,,
1790482033.870953,1790482036.660463,42077.475844,42080.265354,2789.51,SSE,/api/inference/stream,True,,12,12,,
1790482033.927736,1790482036.716823,42077.532626,42080.321714,2789.087,SSE,/api/inference/stream,True,,12,13,,
1790482033.987653,1790482036.778114,42077.592543,42080.383004,2790.461,SSE,/api/inference/stream,True,,12,14,,
1790482034.042685,1790482036.833259,42077.647575,42080.43815,2790.575,SSE,/api/inference/stream,True,,12,15,,
1790482034.096571,1790482036.886766,42077.701461,42080.491656,2790.195,SSE,/api/inference/stream,True,,12,16,,
1790482034.152443,1790482036.942495,42077.757334,42080.547385,2790.051,SSE,/api/inference/stream,True,,12,17,,
1790482034.205909,1790482036.996286,42077.8108,42080.601176,2790.376,SSE,/api/inference/stream,True,,12,18,,
1790482034.263458,1790482037.054091,42077.868348,42080.658982,2790.633,SSE,/api/inference/stream,True,,12,19,,
1790482034.318834,1790482037.107316,42077.923724,42080.712207,2788.483,SSE,/api/inference/stream,True,,12,20,,
1790482034.376298,1790482037.166385,42077.981188,42080.771275,2790.087,SSE,/api/inference/stream,True,,12,21,,
1790482034.433667,1790482037.224084,42078.038558,42080.828974,2790.416,SSE,/api/inference/stream,True,,12,22,,
1790482034.488695,1790482037.27886,42078.093585,42080.883751,2790.166,SSE,/api/inference/stream,True,,12,23,,
1790482034.543725,1790482037.33308,42078.148615,42080.93797,2789.355,SSE,/api/inference/stream,True,,12,24,,
1790482034.599631,1790482037.390109,42078.204521,42080.994999,2790.478,SSE,/api/inference/stream,True,,12,25,,
1790482034.655664,1790482037.445701,42078.260555,42081.050592,2790.037,SSE,/api/inference/stream,True,,12,26,,
1790482034.713688,1790482037.504173,42078.318579,42081.109063,2790.484,SSE,/api/inference/stream,True,,12,27,,
1790482034.800678,1790482037.589906,42078.405568,42081.194797,2789.228,SSE,/api/inference/stream,True,,12,28,,
1790482034.825893,1790482037.614481,42078.430784,42081.219372,2788.588,SSE,/api/inference/stream,True,,12,29,,
1790482034.875314,1790482037.666829,42078.480204,42081.271719,2791.515,SSE,/api/inference/stream,True,,12,30,,
1790482034.932956,1790482037.722481,42078.537846,42081.327371,2789.526,SSE,/api/inference/stream,True,,12,31,,
1790482034.988723,1790482037.780051,42078.593614,42081.384942,2791.328,SSE,/api/inference/stream,True,,12,32,,
1790482035.060891,1790482037.851707,42078.665782,42081.456598,2790.816,SSE,/api/inference/stream,True,,12,33,,
1790482035.100404,1790482037.890885,42078.705294,42081.495776,2790.481,SSE,/api/inference/stream,True,,12,34,,
1790482035.155801,1790482037.945627,42078.760691,42081.550518,2789.827,SSE,/api/inference/stream,True,,12,35,,
1790482035.210453,1790482038.001613,42078.815343,42081.606503,2791.16,SSE,/api/inference/stream,True,,12,36,,
1790482035.267415,1790482038.057476,42078.872305,42081.662366,2790.061,SSE,/api/inference/stream,True,,12,37,,
1790482035.324552,1790482038.115757,42078.929443,42081.720648,2791.205,SSE,/api/inference/stream,True,,12,38,,
1790482035.376921,1790482038.166244,42078.981812,42081.771134,2789.322,SSE,/api/inference/stream,True,,12,39,,
1790482035.430959,1790482038.221882,42079.035849,42081.826773,2790.924,SSE,/api/inference/stream,True,,12,40,,
1790482035.486075,1790482038.27676,42079.090966,42081.88165,2790.684,SSE,/api/inference/stream,True,,12,41,,
1790482035.541658,1790482038.331837,42079.146549,42081.936727,2790.178,SSE,/api/inference/stream,True,,12,42,,
1790482035.596291,1790482038.386307,42079.201182,42081.991198,2790.016,SSE,/api/inference/stream,True,,12,43,,
1790482035.653722,1790482038.443947,42079.258612,42082.048837,2790.225,SSE,/api/inference/stream,True,,12,44,,
1790482035.71326,1790482038.502434,42079.318151,42082.107325,2789.174,SSE,/api/inference/stream,True,,12,45,,
1790482035.769166,1790482038.558971,42079.374057,42082.163862,2789.805,SSE,/api/inference/stream,True,,12,46,,
1790482035.822856,1790482038.613638,42079.427746,42082.218529,2790.782,SSE,/api/inference/stream,True,,12,47,,
1790482035.876605,1790482038.66545,42079.481495,42082.270341,2788.845,SSE,/api/inference/stream,True,,12,48,,
1790482035.933566,1790482038.72319,42079.538456,42082.328081,2789.624,SSE,/api/inference/stream,True,,12,49,,
1790482036.000439,1790482038.791615,42079.60533,42082.396506,2791.176,SSE,/api/inference/stream,True,,12,0,,
1790482036.054903,1790482038.845056,42079.659794,42082.449946,2790.152,SSE,/api/inference/stream,True,,12,1,,
1790482036.106706,1790482038.897498,42079.711596,42082.502389,2790.792,SSE,/api/inference/stream,True,,12,2,,
1790482036.164984,1790482038.954425,42079.769874,42082.559315,2789.441,SSE,/api/inference/stream,True,,12,3,,
1790482036.221966,1790482039.011598,42079.826857,42082.616489,2789.632,SSE,/api/inference/stream,True,,12,4,,
1790482036.277381,1790482039.06824,42079.882272,42082.673131,2790.859,SSE,/api/inference/stream,True,,12,5,,
1790482036.333903,1790482039.125127,42079.938794,42082.730017,2791.223,SSE,/api/inference/stream,True,,12,6,,
1790482036.388787,1790482039.179223,42079.993677,42082.784114,2790.436,SSE,/api/inference/stream,True,,12,7,,
1790482036.447433,1790482039.238096,42080.052323,42082.842987,2790.664,SSE,/api/inference/stream,True,,12,8,,
1790482036.497952,1790482039.288519,42080.102842,42082.89341,2790.568,SSE,/api/inference/stream,True,,12,9,,
1790482036.553902,1790482039.345089,42080.158792,42082.94998,2791.187,SSE,/api/inference/stream,True,,12,10,,
1790482036.608908,1790482039.398477,42080.213798,42083.003367,2789.569,SSE,/api/inference/stream,True,,12,11,,
1790482036.660818,1790482039.451241,42080.265709,42083.056131,2790.422,SSE,/api/inference/stream,True,,12,12,,
1790482036.717183,1790482039.506259,42080.322073,42083.11115,2789.076,SSE,/api/inference/stream,True,,12,13,,
1790482036.7785,1790482039.569592,42080.383391,42083.174483,2791.092,SSE,/api/inference/stream,True,,12,14,,
1790482036.833671,1790482039.623743,42080.438561,42083.228633,2790.072,SSE,/api/inference/stream,True,,12,15,,
1790482036.887167,1790482039.678154,42080.492057,42083.283045,2790.988,SSE,/api/inference/stream,True,,12,16,,
1790482036.942855,1790482039.733605,42080.547746,42083.338495,2790.75,SSE,/api/inference/stream,True,,12,17,,
1790482036.99667,1790482039.785296,42080.60156,42083.390186,2788.626,SSE,/api/inference/stream,True,,12,18,,
1790482037.054514,1790482039.846213,42080.659405,42083.451104,2791.699,SSE,/api/inference/stream,True,,12,19,,
1790482037.107638,1790482039.896714,42080.712528,42083.501605,2789.077,SSE,/api/inference/stream,True,,12,20,,
1790482037.166756,1790482039.957216,42080.771647,42083.562106,2790.46,SSE,/api/inference/stream,True,,12,21,,
1790482037.224394,1790482040.014445,42080.829284,42083.619335,2790.051,SSE,/api/inference/stream,True,,12,22,,
1790482037.279244,1790482040.069195,42080.884134,42083.674085,2789.951,SSE,/api/inference/stream,True,,12,23,,
1790482037.333427,1790482040.124345,42080.938317,42083.729235,2790.918,SSE,/api/inference/stream,True,,12,24,,
1790482037.390498,1790482040.180344,42080.995388,42083.785235,2789.846,SSE,/api/inference/stream,True,,12,25,,
1790482037.44603,1790482040.238559,42081.050921,42083.84345,2792.529,SSE,/api/inference/stream,True,,12,26,,
1790482037.504495,1790482040.29503,42081.109385,42083.89992,2790.535,SSE,/api/inference/stream,True,,12,27,,
1790482037.590239,1790482040.380165,42081.195129,42083.985056,2789.927,SSE,/api/inference/stream,True,,12,28,,
1790482037.614826,1790482040.406032,42081.219717,42084.010922,2791.206,SSE,/api/inference/stream,True,,12,29,,
1790482037.667218,1790482040.458716,42081.272109,42084.063607,2791.498,SSE,/api/inference/stream,True,,12,30,,
1790482037.722867,1790482040.513004,42081.327758,42084.117894,2790.136,SSE,/api/inference/stream,True,,12,31,,
1790482037.780348,1790482040.572674,42081.385239,42084.177565,2792.326,SSE,/api/inference/stream,True,,12,32,,
1790482037.852025,1790482040.642772,42081.456915,42084.247662,2790.747,SSE,/api/inference/stream,True,,12,33,,
1790482037.891335,1790482040.680302,42081.496226,42084.285193,2788.966,SSE,/api/inference/stream,True,,12,34,,
1790482037.945953,1790482040.735502,42081.550844,42084.340393,2789.549,SSE,/api/inference/stream,True,,12,35,,
1790482038.001958,1790482040.793073,42081.606849,42084.397964,2791.115,SSE,/api/inference/stream,True,,12,36,,
1790482038.057776,1790482040.84904,42081.662667,42084.45393,2791.264,SSE,/api/inference/stream,True,,12,37,,
1790482038.116126,1790482040.906197,42081.721016,42084.511087,2790.071,SSE,/api/inference/stream,True,,12,38,,
1790482038.166541,1790482040.956112,42081.771432,42084.561003,2789.571,SSE,/api/inference/stream,True,,12,39,,
1790482038.222268,1790482041.013582,42081.827159,42084.618473,2791.314,SSE,/api/inference/stream,True,,12,40,,
1790482038.277061,1790482041.065829,42081.881952,42084.67072,2788.768,SSE,/api/inference/stream,True,,12,41,,
1790482038.332138,1790482041.121789,42081.937029,42084.72668,2789.651,SSE,/api/inference/stream,True,,12,42,,
1790482038.386623,1790482041.177138,42081.991514,42084.782029,2790.515,SSE,/api/inference/stream,True,,12,43,,
1790482038.444316,1790482041.233764,42082.049207,42084.838654,2789.447,SSE,/api/inference/stream,True,,12,44,,
1790482038.502802,1790482041.293788,42082.107689,42084.898675,2790.986,SSE,/api/inference/stream,True,,12,45,,
1790482038.559374,1790482041.349805,42082.164265,42084.954696,2790.431,SSE,/api/inference/stream,True,,12,46,,
1790482038.614017,1790482041.404863,42082.218908,42085.009753,2790.845,SSE,/api/inference/stream,True,,12,47,,
1790482038.665887,1790482041.455317,42082.270778,42085.060207,2789.43,SSE,/api/inference/stream,True,,12,48,,
1790482038.723537,1790482041.513247,42082.328428,42085.118138,2789.71,SSE,/api/inference/stream,True,,12,49,,
1790482038.791894,1790482041.582094,42082.396785,42085.186984,2790.2,SSE,/api/inference/stream,True,,12,0,,
1790482038.845401,1790482041.634373,42082.450291,42085.239264,2788.972,SSE,/api/inference/stream,True,,12,1,,
1790482038.897796,1790482041.688965,42082.502687,42085.293856,2791.169,SSE,/api/inference/stream,True,,12,2,,
1790482038.954755,1790482041.744835,42082.559646,42085.349725,2790.079,SSE,/api/inference/stream,True,,12,3,,
1790482039.011937,1790482041.801618,42082.616828,42085.406509,2789.681,SSE,/api/inference/stream,True,,12,4,,
1790482039.068521,1790482041.859402,42082.673411,42085.464293,2790.882,SSE,/api/inference/stream,True,,12,5,,
1790482039.125451,1790482041.916161,42082.730341,42085.521052,2790.71,SSE,/api/inference/stream,True,,12,6,,
1790482039.179547,1790482041.970221,42082.784437,42085.575111,2790.674,SSE,/api/inference/stream,True,,12,7,,
1790482039.238432,1790482042.029339,42082.843323,42085.63423,2790.907,SSE,/api/inference/stream,True,,12,8,,
1790482039.288811,1790482042.082322,42082.893702,42085.687214,2793.511,SSE,/api/inference/stream,True,,12,9,,
1790482039.345506,1790482042.135448,42082.950396,42085.740338,2789.942,SSE,/api/inference/stream,True,,12,10,,
1790482039.398862,1790482042.188647,42083.003753,42085.793538,2789.784,SSE,/api/inference/stream,True,,12,11,,
1790482039.451587,1790482042.240733,42083.056477,42085.845624,2789.147,SSE,/api/inference/stream,True,,12,12,,
1790482039.506608,1790482042.295528,42083.111499,42085.900419,2788.92,SSE,/api/inference/stream,True,,12,13,,
1790482039.569874,1790482042.359772,42083.174765,42085.964663,2789.898,SSE,/api/inference/stream,True,,12,14,,
1790482039.62413,1790482042.414381,42083.22902,42086.019271,2790.251,SSE,/api/inference/stream,True,,12,15,,
1790482039.678541,1790482042.468301,42083.283432,42086.073191,2789.76,SSE,/api/inference/stream,True,,12,16,,
1790482039.733977,1790482042.523514,42083.338868,42086.128405,2789.537,SSE,/api/inference/stream,True,,12,17,,
1790482039.785585,1790482042.573976,42083.390476,42086.178867,2788.39,SSE,/api/inference/stream,True,,12,18,,
1790482039.846614,1790482042.639477,42083.451504,42086.244368,2792.864,SSE,/api/inference/stream,True,,12,19,,
1790482039.897068,1790482042.686631,42083.501959,42086.291522,2789.563,SSE,/api/inference/stream,True,,12,20,,
1790482039.95761,1790482042.748605,42083.562501,42086.353496,2790.995,SSE,/api/inference/stream,True,,12,21,,
1790482040.014879,1790482042.806259,42083.619769,42086.411149,2791.38,SSE,/api/inference/stream,True,,12,22,,
1790482040.06948,1790482042.860022,42083.674371,42086.464912,2790.541,SSE,/api/inference/stream,True,,12,23,,
1790482040.124673,1790482042.915824,42083.729563,42086.520714,2791.151,SSE,/api/inference/stream,True,,12,24,,
1790482040.180691,1790482042.970971,42083.785581,42086.575861,2790.28,SSE,/api/inference/stream,True,,12,25,,
1790482040.238945,1790482043.028906,42083.843836,42086.633797,2789.961,SSE,/api/inference/stream,True,,12,26,,
1790482040.295491,1790482043.086301,42083.900382,42086.691192,2790.81,SSE,/api/inference/stream,True,,12,27,,
1790482040.380527,1790482043.16993,42083.985418,42086.774821,2789.404,SSE,/api/inference/stream,True,,12,28,,
1790482040.406339,1790482043.196625,42084.011229,42086.801516,2790.286,SSE,/api/inference/stream,True,,12,29,,
1790482040.459089,1790482043.249954,42084.063979,42086.854845,2790.865,SSE,/api/inference/stream,True,,12,30,,
1790482040.513287,1790482043.303632,42084.118177,42086.908522,2790.345,SSE,/api/inference/stream,True,,12,31,,
1790482040.573066,1790482043.362565,42084.177956,42086.967456,2789.499,SSE,/api/inference/stream,True,,12,32,,
1790482040.643178,1790482043.43279,42084.248069,42087.03768,2789.611,SSE,/api/inference/stream,True,,12,33,,
1790482040.680628,1790482043.470116,42084.285519,42087.075006,2789.488,SSE,/api/inference/stream,True,,12,34,,
1790482040.735927,1790482043.525173,42084.340818,42087.130063,2789.245,SSE,/api/inference/stream,True,,12,35,,
1790482040.79344,1790482043.58248,42084.39833,42087.187371,2789.041,SSE,/api/inference/stream,True,,12,36,,
1790482040.849343,1790482043.6388,42084.454233,42087.243691,2789.458,SSE,/api/inference/stream,True,,12,37,,
1790482040.906486,1790482043.696376,42084.511376,42087.301267,2789.891,SSE,/api/inference/stream,True,,12,38,,
1790482040.956405,1790482043.746505,42084.561296,42087.351395,2790.099,SSE,/api/inference/stream,True,,12,39,,
1790482041.013966,1790482043.804611,42084.618857,42087.409501,2790.644,SSE,/api/inference/stream,True,,12,40,,
1790482041.066017,1790482043.854361,42084.670908,42087.459252,2788.344,SSE,/api/inference/stream,True,,12,41,,
1790482041.122156,1790482043.91139,42084.727047,42087.51628,2789.234,SSE,/api/inference/stream,True,,12,42,,
1790482041.177434,1790482043.967663,42084.782325,42087.572554,2790.229,SSE,/api/inference/stream,True,,12,43,,
1790482041.234141,1790482044.024029,42084.839031,42087.62892,2789.889,SSE,/api/inference/stream,True,,12,44,,
1790482041.294156,1790482044.08477,42084.899046,42087.689661,2790.615,SSE,/api/inference/stream,True,,12,45,,
1790482041.350107,1790482044.140745,42084.954997,42087.745635,2790.638,SSE,/api/inference/stream,True,,12,46,,
1790482041.405271,1790482044.193965,42085.010162,42087.798856,2788.694,SSE,/api/inference/stream,True,,12,47,,
1790482041.455629,1790482044.245646,42085.06052,42087.850536,2790.016,SSE,/api/inference/stream,True,,12,48,,
1790482041.513608,1790482044.304378,42085.118499,42087.909268,2790.769,SSE,/api/inference/stream,True,,12,49,,
1790482041.58252,1790482044.372592,42085.18741,42087.977483,2790.073,SSE,/api/inference/stream,True,,12,0,,
1790482041.634733,1790482044.425211,42085.239624,42088.030102,2790.478,SSE,/api/inference/stream,True,,12,1,,
1790482041.689295,1790482044.478171,42085.294185,42088.083061,2788.876,SSE,/api/inference/stream,True,,12,2,,
1790482041.745117,1790482044.535842,42085.350008,42088.140733,2790.725,SSE,/api/inference/stream,True,,12,3,,
1790482041.801948,1790482044.590459,42085.406838,42088.19535,2788.511,SSE,/api/inference/stream,True,,12,4,,
1790482041.859725,1790482044.650882,42085.464615,42088.255773,2791.158,SSE,/api/inference/stream,True,,12,5,,
1790482041.916463,1790482044.706944,42085.521353,42088.311835,2790.481,SSE,/api/inference/stream,True,,12,6,,
1790482041.970515,1790482044.759677,42085.575406,42088.364568,2789.162,SSE,/api/inference/stream,True,,12,7,,
1790482042.029686,1790482044.820899,42085.634577,42088.42579,2791.213,SSE,/api/inference/stream,True,,12,8,,
1790482042.082737,1790482044.875401,42085.687627,42088.480291,2792.664,SSE,/api/inference/stream,True,,12,9,,
1790482042.135819,1790482044.927662,42085.740709,42088.532553,2791.844,SSE,/api/inference/stream,True,,12,10,,
1790482042.189007,1790482044.978641,42085.793897,42088.583531,2789.634,SSE,/api/inference/stream,True,,12,11,,
1790482042.241087,1790482045.029546,42085.845978,42088.634437,2788.459,SSE,/api/inference/stream,True,,12,12,,
1790482042.29587,1790482045.08469,42085.900761,42088.68958,2788.819,SSE,/api/inference/stream,True,,12,13,,
1790482042.360149,1790482045.150375,42085.96504,42088.755266,2790.226,SSE,/api/inference/stream,True,,12,14,,
1790482042.414743,1790482045.204395,42086.019633,42088.809285,2789.652,SSE,/api/inference/stream,True,,12,15,,
1790482042.468719,1790482045.257456,42086.073609,42088.862347,2788.737,SSE,/api/inference/stream,True,,12,16,,
1790482042.523886,1790482045.313128,42086.128776,42088.918018,2789.242,SSE,/api/inference/stream,True,,12,17,,
1790482042.574328,1790482045.364397,42086.179218,42088.969287,2790.069,SSE,/api/inference/stream,True,,12,18,,
1790482042.639866,1790482045.429878,42086.244756,42089.034768,2790.012,SSE,/api/inference/stream,True,,12,19,,
1790482042.686996,1790482045.477306,42086.291887,42089.082197,2790.31,SSE,/api/inference/stream,True,,12,20,,
1790482042.748971,1790482045.539911,42086.353862,42089.144802,2790.94,SSE,/api/inference/stream,True,,12,21,,
1790482042.806599,1790482045.597693,42086.41149,42089.202584,2791.094,SSE,/api/inference/stream,True,,12,22,,
1790482042.860322,1790482045.651368,42086.465213,42089.256259,2791.046,SSE,/api/inference/stream,True,,12,23,,
1790482042.916212,1790482045.706902,42086.521103,42089.311792,2790.69,SSE,/api/inference/stream,True,,12,24,,
1790482042.97141,1790482045.763232,42086.5763,42089.368122,2791.821,SSE,/api/inference/stream,True,,12,25,,
1790482043.029256,1790482045.820563,42086.634147,42089.425454,2791.306,SSE,/api/inference/stream,True,,12,26,,
1790482043.086708,1790482045.877529,42086.691599,42089.482419,2790.821,SSE,/api/inference/stream,True,,12,27,,
1790482043.170234,1790482045.96097,42086.775125,42089.565861,2790.736,SSE,/api/inference/stream,True,,12,28,,
1790482043.19695,1790482045.987819,42086.801841,42089.59271,2790.869,SSE,/api/inference/stream,True,,12,29,,
1790482043.250307,1790482046.039332,42086.855198,42089.644223,2789.025,SSE,/api/inference/stream,True,,12,30,,
1790482043.30394,1790482046.094437,42086.908831,42089.699328,2790.497,SSE,/api/inference/stream,True,,12,31,,
1790482043.362905,1790482046.152615,42086.967795,42089.757505,2789.71,SSE,/api/inference/stream,True,,12,32,,
1790482043.433141,1790482046.225209,42087.038031,42089.830099,2792.068,SSE,/api/inference/stream,True,,12,33,,
1790482043.470541,1790482046.260036,42087.075431,42089.864927,2789.496,SSE,/api/inference/stream,True,,12,34,,
1790482043.52548,1790482046.31481,42087.130371,42089.919701,2789.33,SSE,/api/inference/stream,True,,12,35,,
1790482043.58284,1790482046.373407,42087.187731,42089.978298,2790.567,SSE,/api/inference/stream,True,,12,36,,
1790482043.639107,1790482046.429109,42087.243998,42090.034,2790.002,SSE,/api/inference/stream,True,,12,37,,
1790482043.696701,1790482046.48857,42087.301592,42090.093461,2791.869,SSE,/api/inference/stream,True,,12,38,,
1790482043.746832,1790482046.53497,42087.351723,42090.139861,2788.138,SSE,/api/inference/stream,True,,12,39,,
1790482043.804998,1790482046.59541,42087.409888,42090.2003,2790.412,SSE,/api/inference/stream,True,,12,40,,
1790482043.854778,1790482046.64547,42087.459668,42090.25036,2790.692,SSE,/api/inference/stream,True,,12,41,,
1790482043.911785,1790482046.702135,42087.516675,42090.307025,2790.35,SSE,/api/inference/stream,True,,12,42,,
1790482043.967968,1790482046.759732,42087.572859,42090.364622,2791.763,SSE,/api/inference/stream,True,,12,43,,
1790482044.024408,1790482046.81394,42087.629299,42090.41883,2789.532,SSE,/api/inference/stream,True,,12,44,,
1790482044.085167,1790482046.876396,42087.690058,42090.481286,2791.229,SSE,/api/inference/stream,True,,12,45,,
1790482044.141066,1790482046.932429,42087.745957,42090.53732,2791.363,SSE,/api/inference/stream,True,,12,46,,
1790482044.194271,1790482046.98455,42087.799162,42090.589441,2790.279,SSE,/api/inference/stream,True,,12,47,,
1790482044.245966,1790482047.035768,42087.850856,42090.640659,2789.802,SSE,/api/inference/stream,True,,12,48,,
1790482044.304745,1790482047.093369,42087.909636,42090.69826,2788.623,SSE,/api/inference/stream,True,,12,49,,
1790482044.372927,1790482047.162746,42087.977817,42090.767636,2789.819,SSE,/api/inference/stream,True,,12,0,,
1790482044.425544,1790482047.214676,42088.030435,42090.819567,2789.132,SSE,/api/inference/stream,True,,12,1,,
1790482044.478467,1790482047.268769,42088.083357,42090.87366,2790.303,SSE,/api/inference/stream,True,,12,2,,
1790482044.536169,1790482047.325042,42088.14106,42090.929933,2788.873,SSE,/api/inference/stream,True,,12,3,,
1790482044.590764,1790482047.380116,42088.195654,42090.985006,2789.352,SSE,/api/inference/stream,True,,12,4,,
1790482044.651277,1790482047.442255,42088.256168,42091.047145,2790.978,SSE,/api/inference/stream,True,,12,5,,
1790482044.707352,1790482047.498692,42088.312243,42091.103583,2791.34,SSE,/api/inference/stream,True,,12,6,,
1790482044.759988,1790482047.548375,42088.364878,42091.153265,2788.387,SSE,/api/inference/stream,True,,12,7,,
1790482044.821197,1790482047.614127,42088.426087,42091.219017,2792.93,SSE,/api/inference/stream,True,,12,8,,
1790482044.875783,1790482047.666633,42088.480674,42091.271524,2790.85,SSE,/api/inference/stream,True,,12,9,,
1790482044.928027,1790482047.717796,42088.532918,42091.322686,2789.768,SSE,/api/inference/stream,True,,12,10,,
1790482044.979027,1790482047.769599,42088.583918,42091.37449,2790.572,SSE,/api/inference/stream,True,,12,11,,
1790482045.029894,1790482047.820201,42088.634785,42091.425092,2790.307,SSE,/api/inference/stream,True,,12,12,,
1790482045.085042,1790482047.873686,42088.689933,42091.478577,2788.644,SSE,/api/inference/stream,True,,12,13,,
1790482045.150613,1790482047.942692,42088.755503,42091.547582,2792.079,SSE,/api/inference/stream,True,,12,14,,
1790482045.204718,1790482047.994622,42088.809608,42091.599512,2789.904,SSE,/api/inference/stream,True,,12,15,,
1790482045.25771,1790482048.047823,42088.862601,42091.652714,2790.113,SSE,/api/inference/stream,True,,12,16,,
1790482045.313454,1790482048.104087,42088.918344,42091.708977,2790.633,SSE,/api/inference/stream,True,,12,17,,
1790482045.364694,1790482048.154527,42088.969584,42091.759418,2789.833,SSE,/api/inference/stream,True,,12,18,,
1790482045.430239,1790482048.221173,42089.03513,42091.826063,2790.933,SSE,/api/inference/stream,True,,12,19,,
1790482045.477612,1790482048.267696,42089.082503,42091.872587,2790.084,SSE,/api/inference/stream,True,,12,20,,
1790482045.540256,1790482048.333021,42089.145146,42091.937911,2792.765,SSE,/api/inference/stream,True,,12,21,,
1790482045.598078,1790482048.387504,42089.202969,42091.992394,2789.426,SSE,/api/inference/stream,True,,12,22,,
1790482045.651672,1790482048.44254,42089.256563,42092.047431,2790.868,SSE,/api/inference/stream,True,,12,23,,
1790482045.70733,1790482048.499454,42089.31222,42092.104344,2792.124,SSE,/api/inference/stream,True,,12,24,,
1790482045.763598,1790482048.554748,42089.368489,42092.159638,2791.149,SSE,/api/inference/stream,True,,12,25,,
1790482045.820864,1790482048.612109,42089.425755,42092.217,2791.245,SSE,/api/inference/stream,True,,12,26,,
1790482045.877817,1790482048.669701,42089.482708,42092.274592,2791.884,SSE,/api/inference/stream,True,,12,27,,
1790482045.961361,1790482048.752599,42089.566252,42092.35749,2791.238,SSE,/api/inference/stream,True,,12,28,,
1790482045.988164,1790482048.779365,42089.593055,42092.384255,2791.2,SSE,/api/inference/stream,True,,12,29,,
1790482046.039875,1790482048.830316,42089.644765,42092.435206,2790.441,SSE,/api/inference/stream,True,,12,30,,
1790482046.094764,1790482048.885552,42089.699655,42092.490443,2790.788,SSE,/api/inference/stream,True,,12,31,,
1790482046.152959,1790482048.943297,42089.75785,42092.548188,2790.338,SSE,/api/inference/stream,True,,12,32,,
1790482046.225564,1790482049.015354,42089.830454,42092.620244,2789.79,SSE,/api/inference/stream,True,,12,33,,
1790482046.260406,1790482049.049231,42089.865297,42092.654122,2788.825,SSE,/api/inference/stream,True,,12,34,,
1790482046.315115,1790482049.104021,42089.920005,42092.708912,2788.906,SSE,/api/inference/stream,True,,12,35,,
1790482046.373691,1790482049.162047,42089.978581,42092.766938,2788.357,SSE,/api/inference/stream,True,,12,36,,
1790482046.429395,1790482049.219984,42090.034286,42092.824875,2790.589,SSE,/api/inference/stream,True,,12,37,,
1790482046.488868,1790482049.277615,42090.093759,42092.882505,2788.747,SSE,/api/inference/stream,True,,12,38,,
1790482046.535315,1790482049.32574,42090.140205,42092.93063,2790.425,SSE,/api/inference/stream,True,,12,39,,
1790482046.595776,1790482049.384527,42090.200667,42092.989418,2788.751,SSE,/api/inference/stream,True,,12,40,,
1790482046.645828,1790482049.436967,42090.250719,42093.041857,2791.139,SSE,/api/inference/stream,True,,12,41,,
1790482046.702528,1790482049.492936,42090.307419,42093.097826,2790.407,SSE,/api/inference/stream,True,,12,42,,
1790482046.760083,1790482049.550917,42090.364973,42093.155808,2790.835,SSE,/api/inference/stream,True,,12,43,,
1790482046.814307,1790482049.604929,42090.419198,42093.209819,2790.622,SSE,/api/inference/stream,True,,12,44,,
1790482046.876768,1790482049.669273,42090.481658,42093.274163,2792.504,SSE,/api/inference/stream,True,,12,45,,
1790482046.93273,1790482049.723822,42090.537621,42093.328713,2791.092,SSE,/api/inference/stream,True,,12,46,,
1790482046.984941,1790482049.774314,42090.589832,42093.379204,2789.372,SSE,/api/inference/stream,True,,12,47,,
1790482047.036083,1790482049.825887,42090.640974,42093.430778,2789.804,SSE,/api/inference/stream,True,,12,48,,
1790482047.093662,1790482049.882497,42090.698552,42093.487387,2788.835,SSE,/api/inference/stream,True,,12,49,,
1790482047.163031,1790482049.95168,42090.767922,42093.556571,2788.649,SSE,/api/inference/stream,True,,12,0,,
1790482047.215026,1790482050.004422,42090.819917,42093.609313,2789.396,SSE,/api/inference/stream,True,,12,1,,
1790482047.269066,1790482050.059363,42090.873956,42093.664254,2790.298,SSE,/api/inference/stream,True,,12,2,,
1790482047.325276,1790482050.113405,42090.930167,42093.718295,2788.128,SSE,/api/inference/stream,True,,12,3,,
1790482047.380416,1790482050.171374,42090.985306,42093.776264,2790.958,SSE,/api/inference/stream,True,,12,4,,
1790482047.442552,1790482050.233375,42091.047442,42093.838266,2790.823,SSE,/api/inference/stream,True,,12,5,,
1790482047.498997,1790482050.289923,42091.103888,42093.894814,2790.926,SSE,/api/inference/stream,True,,12,6,,
1790482047.548648,1790482050.33798,42091.153538,42093.942871,2789.333,SSE,/api/inference/stream,True,,12,7,,
1790482047.614493,1790482050.404977,42091.219384,42094.009868,2790.484,SSE,/api/inference/stream,True,,12,8,,
1790482047.667026,1790482050.458339,42091.271917,42094.063229,2791.313,SSE,/api/inference/stream,True,,12,9,,
1790482047.718159,1790482050.508872,42091.32305,42094.113763,2790.713,SSE,/api/inference/stream,True,,12,10,,
1790482047.769893,1790482050.559718,42091.374784,42094.164609,2789.825,SSE,/api/inference/stream,True,,12,11,,
1790482047.820566,1790482050.610766,42091.425456,42094.215657,2790.2,SSE,/api/inference/stream,True,,12,12,,
1790482047.873925,1790482050.664413,42091.478815,42094.269304,2790.489,SSE,/api/inference/stream,True,,12,13,,
1790482047.94308,1790482050.736359,42091.547971,42094.341249,2793.279,SSE,/api/inference/stream,True,,12,14,,
1790482047.995014,1790482050.78527,42091.599905,42094.39016,2790.255,SSE,/api/inference/stream,True,,12,15,,
1790482048.048219,1790482050.837492,42091.653109,42094.442383,2789.273,SSE,/api/inference/stream,True,,12,16,,
1790482048.104399,1790482050.894197,42091.709289,42094.499088,2789.798,SSE,/api/inference/stream,True,,12,17,,
1790482048.154926,1790482050.945536,42091.759817,42094.550426,2790.609,SSE,/api/inference/stream,True,,12,18,,
1790482048.221493,1790482051.013209,42091.826384,42094.6181,2791.716,SSE,/api/inference/stream,True,,12,19,,
1790482048.268,1790482051.058913,42091.872891,42094.663804,2790.914,SSE,/api/inference/stream,True,,12,20,,
1790482048.333319,1790482051.123502,42091.93821,42094.728392,2790.182,SSE,/api/inference/stream,True,,12,21,,
1790482048.387827,1790482051.177718,42091.992718,42094.782609,2789.891,SSE,/api/inference/stream,True,,12,22,,
1790482048.442839,1790482051.232093,42092.04773,42094.836984,2789.254,SSE,/api/inference/stream,True,,12,23,,
1790482048.499789,1790482051.289704,42092.10468,42094.894594,2789.914,SSE,/api/inference/stream,True,,12,24,,
1790482048.55525,1790482051.34624,42092.160141,42094.95113,2790.989,SSE,/api/inference/stream,True,,12,25,,
1790482048.612401,1790482051.402676,42092.217291,42095.007567,2790.276,SSE,/api/inference/stream,True,,12,26,,
1790482048.669988,1790482051.460215,42092.274878,42095.065106,2790.227,SSE,/api/inference/stream,True,,12,27,,
1790482048.752974,1790482051.543398,42092.357865,42095.148289,2790.424,SSE,/api/inference/stream,True,,12,28,,
1790482048.779689,1790482051.569377,42092.38458,42095.174267,2789.688,SSE,/api/inference/stream,True,,12,29,,
1790482048.830678,1790482051.620915,42092.435568,42095.225806,2790.238,SSE,/api/inference/stream,True,,12,30,,
1790482048.885878,1790482051.677181,42092.490769,42095.282072,2791.303,SSE,/api/inference/stream,True,,12,31,,
1790482048.94359,1790482051.732074,42092.548481,42095.336964,2788.483,SSE,/api/inference/stream,True,,12,32,,
1790482049.01577,1790482051.806212,42092.620661,42095.411102,2790.442,SSE,/api/inference/stream,True,,12,33,,
1790482049.049603,1790482051.839486,42092.654493,42095.444377,2789.884,SSE,/api/inference/stream,True,,12,34,,
1790482049.104392,1790482051.894228,42092.709282,42095.499119,2789.837,SSE,/api/inference/stream,True,,12,35,,
1790482049.16242,1790482051.953199,42092.76731,42095.558089,2790.779,SSE,/api/inference/stream,True,,12,36,,
1790482049.220315,1790482052.010401,42092.825206,42095.615291,2790.086,SSE,/api/inference/stream,True,,12,37,,
1790482049.277908,1790482052.067613,42092.882798,42095.672504,2789.705,SSE,/api/inference/stream,True,,12,38,,
1790482049.326012,1790482052.116658,42092.930902,42095.721549,2790.646,SSE,/api/inference/stream,True,,12,39,,
1790482049.384949,1790482052.173651,42092.98984,42095.778542,2788.702,SSE,/api/inference/stream,True,,12,40,,
1790482049.437278,1790482052.227322,42093.042168,42095.832212,2790.044,SSE,/api/inference/stream,True,,12,41,,
1790482049.493331,1790482052.284149,42093.098221,42095.889039,2790.818,SSE,/api/inference/stream,True,,12,42,,
1790482049.551297,1790482052.340259,42093.156188,42095.94515,2788.962,SSE,/api/inference/stream,True,,12,43,,
1790482049.605281,1790482052.393847,42093.210172,42095.998737,2788.566,SSE,/api/inference/stream,True,,12,44,,
1790482049.669664,1790482052.462117,42093.274554,42096.067007,2792.453,SSE,/api/inference/stream,True,,12,45,,
1790482049.724128,1790482052.514139,42093.329019,42096.11903,2790.011,SSE,/api/inference/stream,True,,12,46,,
1790482049.774636,1790482052.563825,42093.379527,42096.168716,2789.189,SSE,/api/inference/stream,True,,12,47,,
1790482049.826228,1790482052.616803,42093.431118,42096.221693,2790.575,SSE,/api/inference/stream,True,,12,48,,
1790482049.882862,1790482052.673149,42093.487752,42096.278039,2790.287,SSE,/api/inference/stream,True,,12,49,,
1790482049.951925,1790482052.740749,42093.556816,42096.34564,2788.824,SSE,/api/inference/stream,True,,12,0,,
1790482050.004811,1790482052.794053,42093.609702,42096.398943,2789.241,SSE,/api/inference/stream,True,,12,1,,
1790482050.059651,1790482052.849461,42093.664541,42096.454351,2789.81,SSE,/api/inference/stream,True,,12,2,,
1790482050.113688,1790482052.90182,42093.718579,42096.506711,2788.132,SSE,/api/inference/stream,True,,12,3,,
1790482050.171696,1790482052.961534,42093.776587,42096.566425,2789.838,SSE,/api/inference/stream,True,,12,4,,
1790482050.233765,1790482053.023471,42093.838655,42096.628362,2789.706,SSE,/api/inference/stream,True,,12,5,,
1790482050.290231,1790482053.080653,42093.895121,42096.685544,2790.422,SSE,/api/inference/stream,True,,12,6,,
1790482050.338274,1790482053.12856,42093.943164,42096.733451,2790.287,SSE,/api/inference/stream,True,,12,7,,
1790482050.405287,1790482053.195083,42094.010178,42096.799974,2789.796,SSE,/api/inference/stream,True,,12,8,,
1790482050.458639,1790482053.250096,42094.06353,42096.854986,2791.456,SSE,/api/inference/stream,True,,12,9,,
1790482050.509237,1790482053.298864,42094.114128,42096.903755,2789.627,SSE,/api/inference/stream,True,,12,10,,
1790482050.560093,1790482053.34864,42094.164984,42096.953531,2788.547,SSE,/api/inference/stream,True,,12,11,,
1790482050.61108,1790482053.402449,42094.215971,42097.00734,2791.369,SSE,/api/inference/stream,True,,12,12,,
1790482050.664701,1790482053.455294,42094.269591,42097.060185,2790.594,SSE,/api/inference/stream,True,,12,13,,
1790482050.736704,1790482053.527782,42094.341594,42097.132672,2791.078,SSE,/api/inference/stream,True,,12,14,,
1790482050.785659,1790482053.575853,42094.390549,42097.180743,2790.194,SSE,/api/inference/stream,True,,12,15,,
1790482050.837857,1790482053.627599,42094.442747,42097.232489,2789.742,SSE,/api/inference/stream,True,,12,16,,
1790482050.894567,1790482053.686343,42094.499457,42097.291234,2791.777,SSE,/api/inference/stream,True,,12,17,,
1790482050.945832,1790482053.735803,42094.550723,42097.340693,2789.97,SSE,/api/inference/stream,True,,12,18,,
1790482051.013499,1790482053.804524,42094.61839,42097.409414,2791.024,SSE,/api/inference/stream,True,,12,19,,
1790482051.05927,1790482053.848606,42094.66416,42097.453497,2789.336,SSE,/api/inference/stream,True,,12,20,,
1790482051.123811,1790482053.914351,42094.728701,42097.519242,2790.54,SSE,/api/inference/stream,True,,12,21,,
1790482051.178051,1790482053.96797,42094.782942,42097.57286,2789.918,SSE,/api/inference/stream,True,,12,22,,
1790482051.232385,1790482054.022069,42094.837275,42097.626959,2789.684,SSE,/api/inference/stream,True,,12,23,,
1790482051.290081,1790482054.079301,42094.894971,42097.684191,2789.22,SSE,/api/inference/stream,True,,12,24,,
1790482051.346572,1790482054.137412,42094.951463,42097.742303,2790.84,SSE,/api/inference/stream,True,,12,25,,
1790482051.402992,1790482054.193361,42095.007882,42097.798251,2790.369,SSE,/api/inference/stream,True,,12,26,,
1790482051.460473,1790482054.251709,42095.065363,42097.8566,2791.236,SSE,/api/inference/stream,True,,12,27,,
1790482051.543737,1790482054.334418,42095.148628,42097.939309,2790.681,SSE,/api/inference/stream,True,,12,28,,
1790482051.569768,1790482054.359669,42095.174658,42097.964559,2789.901,SSE,/api/inference/stream,True,,12,29,,
1790482051.621201,1790482054.410832,42095.226092,42098.015722,2789.631,SSE,/api/inference/stream,True,,12,30,,
1790482051.677488,1790482054.468299,42095.282378,42098.07319,2790.811,SSE,/api/inference/stream,True,,12,31,,
1790482051.732352,1790482054.523908,42095.337243,42098.128798,2791.555,SSE,/api/inference/stream,True,,12,32,,
1790482051.806511,1790482054.596162,42095.411401,42098.201052,2789.651,SSE,/api/inference/stream,True,,12,33,,
1790482051.839865,1790482054.629199,42095.444756,42098.234089,2789.333,SSE,/api/inference/stream,True,,12,34,,
1790482051.894646,1790482054.68534,42095.499537,42098.290231,2790.694,SSE,/api/inference/stream,True,,12,35,,
1790482051.953585,1790482054.743574,42095.558475,42098.348464,2789.989,SSE,/api/inference/stream,True,,12,36,,
1790482052.010751,1790482054.801862,42095.615642,42098.406753,2791.111,SSE,/api/inference/stream,True,,12,37,,
1790482052.067911,1790482054.859668,42095.672802,42098.464558,2791.756,SSE,/api/inference/stream,True,,12,38,,
1790482052.116965,1790482054.906475,42095.721856,42098.511366,2789.51,SSE,/api/inference/stream,True,,12,39,,
1790482052.174018,1790482054.964465,42095.778909,42098.569355,2790.447,SSE,/api/inference/stream,True,,12,40,,
1790482052.227627,1790482055.017908,42095.832517,42098.622799,2790.281,SSE,/api/inference/stream,True,,12,41,,
1790482052.284538,1790482055.074667,42095.889428,42098.679557,2790.129,SSE,/api/inference/stream,True,,12,42,,
1790482052.340626,1790482055.129191,42095.945517,42098.734081,2788.565,SSE,/api/inference/stream,True,,12,43,,
1790482052.39421,1790482055.182328,42095.999101,42098.787219,2788.118,SSE,/api/inference/stream,True,,12,44,,
1790482052.462489,1790482055.252899,42096.06738,42098.85779,2790.41,SSE,/api/inference/stream,True,,12,45,,
1790482052.514448,1790482055.303633,42096.119338,42098.908524,2789.185,SSE,/api/inference/stream,True,,12,46,,
1790482052.564098,1790482055.353875,42096.168989,42098.958766,2789.777,SSE,/api/inference/stream,True,,12,47,,
1790482052.617109,1790482055.407009,42096.222,42099.011899,2789.9,SSE,/api/inference/stream,True,,12,48,,
1790482052.673505,1790482055.462827,42096.278396,42099.067718,2789.322,SSE,/api/inference/stream,True,,12,49,,
1790482052.741023,1790482055.531297,42096.345913,42099.136187,2790.274,SSE,/api/inference/stream,True,,12,0,,
1790482052.794363,1790482055.58521,42096.399254,42099.1901,2790.847,SSE,/api/inference/stream,True,,12,1,,
1790482052.849765,1790482055.640103,42096.454655,42099.244994,2790.339,SSE,/api/inference/stream,True,,12,2,,
1790482052.902139,1790482055.693275,42096.507029,42099.298166,2791.136,SSE,/api/inference/stream,True,,12,3,,
1790482052.96189,1790482055.751469,42096.566781,42099.35636,2789.579,SSE,/api/inference/stream,True,,12,4,,
1790482053.02389,1790482055.81465,42096.62878,42099.419541,2790.761,SSE,/api/inference/stream,True,,12,5,,
1790482053.080992,1790482055.869884,42096.685882,42099.474775,2788.893,SSE,/api/inference/stream,True,,12,6,,
1790482053.128862,1790482055.91755,42096.733752,42099.522441,2788.688,SSE,/api/inference/stream,True,,12,7,,
1790482053.195439,1790482055.986205,42096.80033,42099.591096,2790.766,SSE,/api/inference/stream,True,,12,8,,
1790482053.250397,1790482056.041545,42096.855288,42099.646436,2791.149,SSE,/api/inference/stream,True,,12,9,,
1790482053.299344,1790482056.089148,42096.904234,42099.694039,2789.804,SSE,/api/inference/stream,True,,12,10,,
1790482053.349003,1790482056.138605,42096.953893,42099.743495,2789.602,SSE,/api/inference/stream,True,,12,11,,
1790482053.402815,1790482056.19396,42097.007706,42099.798851,2791.145,SSE,/api/inference/stream,True,,12,12,,
1790482053.455632,1790482056.245921,42097.060522,42099.850812,2790.289,SSE,/api/inference/stream,True,,12,13,,
1790482053.528052,1790482056.319885,42097.132943,42099.924776,2791.834,SSE,/api/inference/stream,True,,12,14,,
1790482053.576209,1790482056.365677,42097.181099,42099.970567,2789.468,SSE,/api/inference/stream,True,,12,15,,
1790482053.627979,1790482056.418343,42097.232869,42100.023234,2790.364,SSE,/api/inference/stream,True,,12,16,,
1790482053.6868,1790482056.477418,42097.291691,42100.082309,2790.618,SSE,/api/inference/stream,True,,12,17,,
1790482053.736098,1790482056.524922,42097.340989,42100.129813,2788.824,SSE,/api/inference/stream,True,,12,18,,
1790482053.804849,1790482056.595418,42097.40974,42100.200309,2790.569,SSE,/api/inference/stream,True,,12,19,,
1790482053.848937,1790482056.6391,42097.453827,42100.24399,2790.163,SSE,/api/inference/stream,True,,12,20,,
1790482053.914639,1790482056.704892,42097.519529,42100.309783,2790.253,SSE,/api/inference/stream,True,,12,21,,
1790482053.968292,1790482056.759284,42097.573182,42100.364174,2790.992,SSE,/api/inference/stream,True,,12,22,,
1790482054.022401,1790482056.813411,42097.627292,42100.418302,2791.01,SSE,/api/inference/stream,True,,12,23,,
1790482054.079654,1790482056.869959,42097.684544,42100.47485,2790.306,SSE,/api/inference/stream,True,,12,24,,
1790482054.137727,1790482056.928419,42097.742617,42100.53331,2790.693,SSE,/api/inference/stream,True,,12,25,,
1790482054.193657,1790482056.982892,42097.798547,42100.587782,2789.235,SSE,/api/inference/stream,True,,12,26,,
1790482054.25201,1790482057.042059,42097.856901,42100.646949,2790.048,SSE,/api/inference/stream,True,,12,27,,
1790482054.334716,1790482057.124751,42097.939607,42100.729642,2790.035,SSE,/api/inference/stream,True,,12,28,,
1790482054.360061,1790482057.149833,42097.964952,42100.754724,2789.772,SSE,/api/inference/stream,True,,12,29,,
1790482054.411237,1790482057.201247,42098.016127,42100.806138,2790.011,SSE,/api/inference/stream,True,,12,30,,
1790482054.468683,1790482057.258965,42098.073574,42100.863855,2790.281,SSE,/api/inference/stream,True,,12,31,,
1790482054.52432,1790482057.313365,42098.129211,42100.918256,2789.045,SSE,/api/inference/stream,True,,12,32,,
1790482054.596436,1790482057.385554,42098.201327,42100.990444,2789.118,SSE,/api/inference/stream,True,,12,33,,
1790482054.62947,1790482057.419786,42098.23436,42101.024677,2790.316,SSE,/api/inference/stream,True,,12,34,,
1790482054.685742,1790482057.476004,42098.290633,42101.080895,2790.262,SSE,/api/inference/stream,True,,12,35,,
1790482054.743945,1790482057.533165,42098.348836,42101.138056,2789.22,SSE,/api/inference/stream,True,,12,36,,
1790482054.80216,1790482057.592493,42098.407051,42101.197383,2790.333,SSE,/api/inference/stream,True,,12,37,,
1790482054.859992,1790482057.650151,42098.464883,42101.255041,2790.159,SSE,/api/inference/stream,True,,12,38,,
1790482054.906789,1790482057.696204,42098.51168,42101.301095,2789.415,SSE,/api/inference/stream,True,,12,39,,
1790482054.964858,1790482057.754371,42098.569749,42101.359261,2789.513,SSE,/api/inference/stream,True,,12,40,,
1790482055.018337,1790482057.808782,42098.623228,42101.413672,2790.445,SSE,/api/inference/stream,True,,12,41,,
1790482055.07506,1790482057.865221,42098.679951,42101.470111,2790.161,SSE,/api/inference/stream,True,,12,42,,
1790482055.129499,1790482057.920228,42098.73439,42101.525119,2790.73,SSE,/api/inference/stream,True,,12,43,,
1790482055.182672,1790482057.972882,42098.787562,42101.577772,2790.21,SSE,/api/inference/stream,True,,12,44,,
1790482055.253174,1790482058.04293,42098.858065,42101.647821,2789.756,SSE,/api/inference/stream,True,,12,45,,
1790482055.304016,1790482058.096646,42098.908906,42101.701537,2792.631,SSE,/api/inference/stream,True,,12,46,,
1790482055.354179,1790482058.144384,42098.95907,42101.749274,2790.205,SSE,/api/inference/stream,True,,12,47,,
1790482055.407399,1790482058.197349,42099.01229,42101.80224,2789.95,SSE,/api/inference/stream,True,,12,48,,
1790482055.463252,1790482058.252514,42099.068143,42101.857404,2789.262,SSE,/api/inference/stream,True,,12,49,,
1790482055.531765,1790482058.322857,42099.136656,42101.927748,2791.092,SSE,/api/inference/stream,True,,12,0,,
1790482055.585491,1790482058.374901,42099.190382,42101.979792,2789.41,SSE,/api/inference/stream,True,,12,1,,
1790482055.640372,1790482058.430778,42099.245262,42102.035669,2790.406,SSE,/api/inference/stream,True,,12,2,,
1790482055.693573,1790482058.484022,42099.298464,42102.088913,2790.449,SSE,/api/inference/stream,True,,12,3,,
1790482055.751802,1790482058.540745,42099.356693,42102.145636,2788.943,SSE,/api/inference/stream,True,,12,4,,
1790482055.815013,1790482058.605213,42099.419903,42102.210104,2790.201,SSE,/api/inference/stream,True,,12,5,,
1790482055.870152,1790482058.66026,42099.475043,42102.265151,2790.108,SSE,/api/inference/stream,True,,12,6,,
1790482055.917893,1790482058.707621,42099.522784,42102.312511,2789.727,SSE,/api/inference/stream,True,,12,7,,
1790482055.986526,1790482058.776652,42099.591417,42102.381542,2790.126,SSE,/api/inference/stream,True,,12,8,,
1790482056.041923,1790482058.833215,42099.646814,42102.438106,2791.292,SSE,/api/inference/stream,True,,12,9,,
1790482056.089508,1790482058.880586,42099.694399,42102.485477,2791.078,SSE,/api/inference/stream,True,,12,10,,
1790482056.13892,1790482058.928731,42099.74381,42102.533622,2789.811,SSE,/api/inference/stream,True,,12,11,,
1790482056.19427,1790482058.982339,42099.799161,42102.587229,2788.069,SSE,/api/inference/stream,True,,12,12,,
1790482056.246206,1790482059.035242,42099.851097,42102.640133,2789.036,SSE,/api/inference/stream,True,,12,13,,
1790482056.320174,1790482059.110188,42099.925065,42102.715078,2790.013,SSE,/api/inference/stream,True,,12,14,,
1790482056.366049,1790482059.1564,42099.970939,42102.76129,2790.351,SSE,/api/inference/stream,True,,12,15,,
1790482056.418708,1790482059.208797,42100.023599,42102.813688,2790.089,SSE,/api/inference/stream,True,,12,16,,
1790482056.477769,1790482059.268971,42100.08266,42102.873861,2791.202,SSE,/api/inference/stream,True,,12,17,,
1790482056.525202,1790482059.313639,42100.130093,42102.91853,2788.437,SSE,/api/inference/stream,True,,12,18,,
1790482056.59573,1790482059.386558,42100.200621,42102.991449,2790.828,SSE,/api/inference/stream,True,,12,19,,
1790482056.639521,1790482059.429263,42100.244412,42103.034154,2789.742,SSE,/api/inference/stream,True,,12,20,,
1790482056.705218,1790482059.496631,42100.310109,42103.101522,2791.413,SSE,/api/inference/stream,True,,12,21,,
1790482056.759617,1790482059.550145,42100.364508,42103.155036,2790.528,SSE,/api/inference/stream,True,,12,22,,
1790482056.813673,1790482059.603494,42100.418564,42103.208385,2789.822,SSE,/api/inference/stream,True,,12,23,,
1790482056.870364,1790482059.660223,42100.475255,42103.265113,2789.858,SSE,/api/inference/stream,True,,12,24,,
1790482056.92872,1790482059.718996,42100.533611,42103.323886,2790.275,SSE,/api/inference/stream,True,,12,25,,
1790482056.983414,1790482059.771939,42100.588305,42103.37683,2788.525,SSE,/api/inference/stream,True,,12,26,,
1790482057.042424,1790482059.833096,42100.647315,42103.437986,2790.672,SSE,/api/inference/stream,True,,12,27,,
1790482057.12503,1790482059.916724,42100.729921,42103.521615,2791.694,SSE,/api/inference/stream,True,,12,28,,
1790482057.1502,1790482059.939102,42100.755091,42103.543992,2788.902,SSE,/api/inference/stream,True,,12,29,,
1790482057.201554,1790482059.992536,42100.806445,42103.597427,2790.982,SSE,/api/inference/stream,True,,12,30,,
1790482057.25933,1790482060.048911,42100.864221,42103.653801,2789.581,SSE,/api/inference/stream,True,,12,31,,
1790482057.313731,1790482060.103315,42100.918621,42103.708205,2789.584,SSE,/api/inference/stream,True,,12,32,,
1790482057.385911,1790482060.176615,42100.990801,42103.781506,2790.704,SSE,/api/inference/stream,True,,12,33,,
1790482057.420138,1790482060.210472,42101.025029,42103.815363,2790.334,SSE,/api/inference/stream,True,,12,34,,
1790482057.476388,1790482060.266031,42101.081279,42103.870922,2789.643,SSE,/api/inference/stream,True,,12,35,,
1790482057.53353,1790482060.322785,42101.138421,42103.927675,2789.255,SSE,/api/inference/stream,True,,12,36,,
1790482057.592788,1790482060.382331,42101.197679,42103.987221,2789.543,SSE,/api/inference/stream,True,,12,37,,
1790482057.650441,1790482060.440722,42101.255331,42104.045612,2790.28,SSE,/api/inference/stream,True,,12,38,,
1790482057.69636,1790482060.484857,42101.301251,42104.089748,2788.497,SSE,/api/inference/stream,True,,12,39,,
1790482057.754766,1790482060.5439,42101.359657,42104.14879,2789.133,SSE,/api/inference/stream,True,,12,40,,
1790482057.809154,1790482060.599075,42101.414045,42104.203965,2789.921,SSE,/api/inference/stream,True,,12,41,,
1790482057.865524,1790482060.656409,42101.470414,42104.261299,2790.886,SSE,/api/inference/stream,True,,12,42,,
1790482057.920598,1790482060.710193,42101.525488,42104.315083,2789.595,SSE,/api/inference/stream,True,,12,43,,
1790482057.973256,1790482060.762878,42101.578147,42104.367769,2789.622,SSE,/api/inference/stream,True,,12,44,,
1790482058.043373,1790482060.834092,42101.648264,42104.438983,2790.719,SSE,/api/inference/stream,True,,12,45,,
1790482058.096965,1790482060.887831,42101.701856,42104.492722,2790.866,SSE,/api/inference/stream,True,,12,46,,
1790482058.144693,1790482060.935497,42101.749583,42104.540388,2790.804,SSE,/api/inference/stream,True,,12,47,,
1790482058.197716,1790482060.987546,42101.802607,42104.592437,2789.83,SSE,/api/inference/stream,True,,12,48,,
1790482058.252815,1790482061.042236,42101.857706,42104.647127,2789.421,SSE,/api/inference/stream,True,,12,49,,
1790482058.323195,1790482061.112268,42101.928086,42104.717159,2789.073,SSE,/api/inference/stream,True,,12,0,,
1790482058.375244,1790482061.165573,42101.980134,42104.770464,2790.33,SSE,/api/inference/stream,True,,12,1,,
1790482058.431079,1790482061.221569,42102.035969,42104.826459,2790.49,SSE,/api/inference/stream,True,,12,2,,
1790482058.484324,1790482061.275358,42102.089214,42104.880249,2791.034,SSE,/api/inference/stream,True,,12,3,,
1790482058.541103,1790482061.330608,42102.145994,42104.935499,2789.505,SSE,/api/inference/stream,True,,12,4,,
1790482058.605579,1790482061.395654,42102.21047,42105.000545,2790.075,SSE,/api/inference/stream,True,,12,5,,
1790482058.660561,1790482061.451045,42102.265451,42105.055936,2790.484,SSE,/api/inference/stream,True,,12,6,,
1790482058.707912,1790482061.498095,42102.312803,42105.102985,2790.183,SSE,/api/inference/stream,True,,12,7,,
1790482058.776954,1790482061.56721,42102.381845,42105.172101,2790.257,SSE,/api/inference/stream,True,,12,8,,
1790482058.833521,1790482061.622934,42102.438412,42105.227825,2789.413,SSE,/api/inference/stream,True,,12,9,,
1790482058.880984,1790482061.672249,42102.485874,42105.277139,2791.265,SSE,/api/inference/stream,True,,12,10,,
1790482058.9291,1790482061.718091,42102.53399,42105.322982,2788.992,SSE,/api/inference/stream,True,,12,11,,
1790482058.98269,1790482061.772387,42102.587581,42105.377277,2789.696,SSE,/api/inference/stream,True,,12,12,,
1790482059.035583,1790482061.826064,42102.640473,42105.430954,2790.481,SSE,/api/inference/stream,True,,12,13,,
1790482059.110458,1790482061.900426,42102.715349,42105.505317,2789.969,SSE,/api/inference/stream,True,,12,14,,
1790482059.156797,1790482061.946309,42102.761687,42105.5512,2789.512,SSE,/api/inference/stream,True,,12,15,,
1790482059.209168,1790482061.998597,42102.814059,42105.603488,2789.429,SSE,/api/inference/stream,True,,12,16,,
1790482059.269264,1790482062.059386,42102.874154,42105.664277,2790.122,SSE,/api/inference/stream,True,,12,17,,
1790482059.31392,1790482062.103593,42102.918811,42105.708484,2789.673,SSE,/api/inference/stream,True,,12,18,,
1790482059.386867,1790482062.176593,42102.991758,42105.781484,2789.726,SSE,/api/inference/stream,True,,12,19,,
1790482059.429569,1790482062.219084,42103.03446,42105.823975,2789.515,SSE,/api/inference/stream,True,,12,20,,
1790482059.496918,1790482062.288146,42103.101809,42105.893037,2791.228,SSE,/api/inference/stream,True,,12,21,,
1790482059.550421,1790482062.340585,42103.155313,42105.945476,2790.163,SSE,/api/inference/stream,True,,12,22,,
1790482059.603779,1790482062.395011,42103.20867,42105.999902,2791.232,SSE,/api/inference/stream,True,,12,23,,
1790482059.660591,1790482062.450966,42103.265481,42106.055856,2790.375,SSE,/api/inference/stream,True,,12,24,,
1790482059.719415,1790482062.509248,42103.324305,42106.114138,2789.833,SSE,/api/inference/stream,True,,12,25,,
1790482059.772184,1790482062.562711,42103.377075,42106.167601,2790.526,SSE,/api/inference/stream,True,,12,26,,
1790482059.833467,1790482062.623755,42103.438357,42106.228646,2790.289,SSE,/api/inference/stream,True,,12,27,,
1790482059.917041,1790482062.707727,42103.521931,42106.312618,2790.687,SSE,/api/inference/stream,True,,12,28,,
1790482059.93954,1790482062.729338,42103.544431,42106.334228,2789.797,SSE,/api/inference/stream,True,,12,29,,
1790482059.992877,1790482062.783672,42103.597767,42106.388563,2790.795,SSE,/api/inference/stream,True,,12,30,,
1790482060.049249,1790482062.840051,42103.65414,42106.444942,2790.802,SSE,/api/inference/stream,True,,12,31,,
1790482060.10361,1790482062.892258,42103.708501,42106.497149,2788.648,SSE,/api/inference/stream,True,,12,32,,
1790482060.176932,1790482062.970352,42103.781823,42106.575242,2793.419,SSE,/api/inference/stream,True,,12,33,,
1790482060.210781,1790482063.003048,42103.815672,42106.607938,2792.267,SSE,/api/inference/stream,True,,12,34,,
1790482060.266419,1790482063.056128,42103.87131,42106.661018,2789.708,SSE,/api/inference/stream,True,,12,35,,
1790482060.323103,1790482063.112917,42103.927994,42106.717808,2789.814,SSE,/api/inference/stream,True,,12,36,,
1790482060.382619,1790482063.172845,42103.98751,42106.777735,2790.225,SSE,/api/inference/stream,True,,12,37,,
1790482060.441095,1790482063.230456,42104.045986,42106.835346,2789.361,SSE,/api/inference/stream,True,,12,38,,
1790482060.485144,1790482063.275619,42104.090035,42106.88051,2790.475,SSE,/api/inference/stream,True,,12,39,,
1790482060.54426,1790482063.334647,42104.14915,42106.939537,2790.387,SSE,/api/inference/stream,True,,12,40,,
1790482060.599546,1790482063.390181,42104.204437,42106.995071,2790.634,SSE,/api/inference/stream,True,,12,41,,
1790482060.656802,1790482063.445647,42104.261693,42107.050538,2788.845,SSE,/api/inference/stream,True,,12,42,,
1790482060.710585,1790482063.499906,42104.315475,42107.104796,2789.321,SSE,/api/inference/stream,True,,12,43,,
1790482060.763272,1790482063.553323,42104.368163,42107.158214,2790.051,SSE,/api/inference/stream,True,,12,44,,
1790482060.834409,1790482063.624612,42104.439299,42107.229503,2790.204,SSE,/api/inference/stream,True,,12,45,,
1790482060.888164,1790482063.678469,42104.493055,42107.28336,2790.305,SSE,/api/inference/stream,True,,12,46,,
1790482060.935835,1790482063.72679,42104.540725,42107.33168,2790.955,SSE,/api/inference/stream,True,,12,47,,
1790482060.987907,1790482063.777567,42104.592798,42107.382458,2789.66,SSE,/api/inference/stream,True,,12,48,,
1790482061.042635,1790482063.83316,42104.647526,42107.43805,2790.524,SSE,/api/inference/stream,True,,12,49,,
1790482061.112602,1790482063.902361,42104.717493,42107.507251,2789.758,SSE,/api/inference/stream,True,,12,0,,
1790482061.165859,1790482063.957046,42104.77075,42107.561936,2791.186,SSE,/api/inference/stream,True,,12,1,,
1790482061.221906,1790482064.013914,42104.826797,42107.618805,2792.008,SSE,/api/inference/stream,True,,12,2,,
1790482061.275702,1790482064.065901,42104.880593,42107.670791,2790.199,SSE,/api/inference/stream,True,,12,3,,
1790482061.330982,1790482064.123762,42104.935872,42107.728653,2792.781,SSE,/api/inference/stream,True,,12,4,,
1790482061.396005,1790482064.184458,42105.000895,42107.789349,2788.454,SSE,/api/inference/stream,True,,12,5,,
1790482061.451454,1790482064.242438,42105.056345,42107.847329,2790.984,SSE,/api/inference/stream,True,,12,6,,
1790482061.49844,1790482064.288262,42105.10333,42107.893153,2789.823,SSE,/api/inference/stream,True,,12,7,,
1790482061.567576,1790482064.357684,42105.172466,42107.962574,2790.108,SSE,/api/inference/stream,True,,12,8,,
1790482061.623363,1790482064.41425,42105.228253,42108.019141,2790.887,SSE,/api/inference/stream,True,,12,9,,
1790482061.672701,1790482064.464197,42105.277592,42108.069088,2791.496,SSE,/api/inference/stream,True,,12,10,,
1790482061.718415,1790482064.508359,42105.323305,42108.11325,2789.944,SSE,/api/inference/stream,True,,12,11,,
1790482061.772691,1790482064.563452,42105.377582,42108.168342,2790.761,SSE,/api/inference/stream,True,,12,12,,
1790482061.826426,1790482064.616675,42105.431316,42108.221565,2790.249,SSE,/api/inference/stream,True,,12,13,,
1790482061.900732,1790482064.690533,42105.505622,42108.295423,2789.801,SSE,/api/inference/stream,True,,12,14,,
1790482061.946702,1790482064.736587,42105.551592,42108.341478,2789.885,SSE,/api/inference/stream,True,,12,15,,
1790482061.998983,1790482064.788421,42105.603874,42108.393312,2789.438,SSE,/api/inference/stream,True,,12,16,,
1790482062.059719,1790482064.850094,42105.66461,42108.454984,2790.374,SSE,/api/inference/stream,True,,12,17,,
1790482062.103902,1790482064.893656,42105.708793,42108.498547,2789.755,SSE,/api/inference/stream,True,,12,18,,
1790482062.176877,1790482064.964788,42105.781768,42108.569679,2787.911,SSE,/api/inference/stream,True,,12,19,,
1790482062.219498,1790482065.008888,42105.824389,42108.613779,2789.39,SSE,/api/inference/stream,True,,12,20,,
1790482062.28844,1790482065.077711,42105.893331,42108.682602,2789.27,SSE,/api/inference/stream,True,,12,21,,
1790482062.340874,1790482065.13208,42105.945765,42108.736971,2791.206,SSE,/api/inference/stream,True,,12,22,,
1790482062.395367,1790482065.186972,42106.000258,42108.791863,2791.604,SSE,/api/inference/stream,True,,12,23,,
1790482062.451367,1790482065.241654,42106.056258,42108.846545,2790.287,SSE,/api/inference/stream,True,,12,24,,
1790482062.509596,1790482065.298912,42106.114487,42108.903803,2789.316,SSE,/api/inference/stream,True,,12,25,,
1790482062.56303,1790482065.354065,42106.167921,42108.958956,2791.034,SSE,/api/inference/stream,True,,12,26,,
1790482062.62408,1790482065.414305,42106.228971,42109.019196,2790.225,SSE,/api/inference/stream,True,,12,27,,
1790482062.708068,1790482065.49809,42106.312958,42109.10298,2790.022,SSE,/api/inference/stream,True,,12,28,,
1790482062.729709,1790482065.517017,42106.3346,42109.121908,2787.308,SSE,/api/inference/stream,True,,12,29,,
1790482062.783964,1790482065.574104,42106.388855,42109.178994,2790.139,SSE,/api/inference/stream,True,,12,30,,
1790482062.840355,1790482065.630856,42106.445246,42109.235746,2790.5,SSE,/api/inference/stream,True,,12,31,,
1790482062.892567,1790482065.681263,42106.497458,42109.286154,2788.696,SSE,/api/inference/stream,True,,12,32,,
1790482062.970697,1790482065.76065,42106.575588,42109.365541,2789.953,SSE,/api/inference/stream,True,,12,33,,
1790482063.00353,1790482065.794349,42106.608421,42109.39924,2790.819,SSE,/api/inference/stream,True,,12,34,,
1790482063.056413,1790482065.846262,42106.661304,42109.451153,2789.849,SSE,/api/inference/stream,True,,12,35,,
1790482063.113289,1790482065.904269,42106.718179,42109.509159,2790.98,SSE,/api/inference/stream,True,,12,36,,
1790482063.173147,1790482065.963103,42106.778038,42109.567993,2789.956,SSE,/api/inference/stream,True,,12,37,,
1790482063.23078,1790482066.021553,42106.83567,42109.626444,2790.773,SSE,/api/inference/stream,True,,12,38,,
1790482063.275923,1790482066.065905,42106.880814,42109.670796,2789.982,SSE,/api/inference/stream,True,,12,39,,
1790482063.335031,1790482066.124892,42106.939921,42109.729783,2789.861,SSE,/api/inference/stream,True,,12,40,,
1790482063.390491,1790482066.180565,42106.995382,42109.785455,2790.073,SSE,/api/inference/stream,True,,12,41,,
1790482063.445955,1790482066.236362,42107.050845,42109.841252,2790.407,SSE,/api/inference/stream,True,,12,42,,
1790482063.500274,1790482066.28951,42107.105165,42109.8944,2789.235,SSE,/api/inference/stream,True,,12,43,,
1790482063.55363,1790482066.344677,42107.158521,42109.949568,2791.047,SSE,/api/inference/stream,True,,12,44,,
1790482063.624907,1790482066.414611,42107.229798,42110.019502,2789.704,SSE,/api/inference/stream,True,,12,45,,
1790482063.678762,1790482066.470385,42107.283652,42110.075276,2791.623,SSE,/api/inference/stream,True,,12,46,,
1790482063.727116,1790482066.516979,42107.332006,42110.12187,2789.864,SSE,/api/inference/stream,True,,12,47,,
1790482063.777869,1790482066.566068,42107.382759,42110.170959,2788.199,SSE,/api/inference/stream,True,,12,48,,
1790482063.833511,1790482066.623397,42107.438401,42110.228287,2789.886,SSE,/api/inference/stream,True,,12,49,,
1790482063.902642,1790482066.692589,42107.507533,42110.29748,2789.947,SSE,/api/inference/stream,True,,12,0,,
1790482063.957335,1790482066.74746,42107.562226,42110.352351,2790.125,SSE,/api/inference/stream,True,,12,1,,
1790482064.014264,1790482066.803022,42107.619154,42110.407913,2788.758,SSE,/api/inference/stream,True,,12,2,,
1790482064.066203,1790482066.857019,42107.671093,42110.46191,2790.817,SSE,/api/inference/stream,True,,12,3,,
1790482064.124206,1790482066.915464,42107.729097,42110.520355,2791.258,SSE,/api/inference/stream,True,,12,4,,
1790482064.1848,1790482066.973206,42107.78969,42110.578096,2788.406,SSE,/api/inference/stream,True,,12,5,,
1790482064.242754,1790482067.034278,42107.847645,42110.639169,2791.524,SSE,/api/inference/stream,True,,12,6,,
1790482064.288592,1790482067.078905,42107.893482,42110.683795,2790.313,SSE,/api/inference/stream,True,,12,7,,
1790482064.358097,1790482067.147569,42107.962987,42110.752459,2789.472,SSE,/api/inference/stream,True,,12,8,,
1790482064.41457,1790482067.204839,42108.019456,42110.809726,2790.269,SSE,/api/inference/stream,True,,12,9,,
1790482064.464564,1790482067.257682,42108.069454,42110.862573,2793.118,SSE,/api/inference/stream,True,,12,10,,
1790482064.508624,1790482067.297383,42108.113515,42110.902274,2788.759,SSE,/api/inference/stream,True,,12,11,,
1790482064.563786,1790482067.35436,42108.168677,42110.95925,2790.574,SSE,/api/inference/stream,True,,12,12,,
1790482064.617028,1790482067.406665,42108.221919,42111.011555,2789.637,SSE,/api/inference/stream,True,,12,13,,
1790482064.690835,1790482067.481539,42108.295726,42111.086429,2790.704,SSE,/api/inference/stream,True,,12,14,,
1790482064.736955,1790482067.526436,42108.341846,42111.131327,2789.481,SSE,/api/inference/stream,True,,12,15,,
1790482064.788787,1790482067.578256,42108.393678,42111.183147,2789.469,SSE,/api/inference/stream,True,,12,16,,
1790482064.85041,1790482067.642077,42108.455301,42111.246968,2791.667,SSE,/api/inference/stream,True,,12,17,,
1790482064.893995,1790482067.683527,42108.498886,42111.288417,2789.532,SSE,/api/inference/stream,True,,12,18,,
1790482064.965014,1790482067.754043,42108.569904,42111.358934,2789.029,SSE,/api/inference/stream,True,,12,19,,
1790482065.009196,1790482067.797969,42108.614086,42111.402859,2788.773,SSE,/api/inference/stream,True,,12,20,,
1790482065.078045,1790482067.866226,42108.682936,42111.471117,2788.181,SSE,/api/inference/stream,True,,12,21,,
1790482065.132456,1790482067.922914,42108.737346,42111.527804,2790.458,SSE,/api/inference/stream,True,,12,22,,
1790482065.187423,1790482067.978237,42108.792314,42111.583128,2790.814,SSE,/api/inference/stream,True,,12,23,,
1790482065.242133,1790482068.031408,42108.847024,42111.636299,2789.275,SSE,/api/inference/stream,True,,12,24,,
1790482065.299336,1790482068.089196,42108.904226,42111.694087,2789.861,SSE,/api/inference/stream,True,,12,25,,
1790482065.35434,1790482068.144212,42108.95923,42111.749103,2789.873,SSE,/api/inference/stream,True,,12,26,,
1790482065.414608,1790482068.204597,42109.019498,42111.809488,2789.99,SSE,/api/inference/stream,True,,12,27,,
1790482065.498379,1790482068.28911,42109.10327,42111.894001,2790.731,SSE,/api/inference/stream,True,,12,28,,
1790482065.517325,1790482068.305793,42109.122216,42111.910684,2788.468,SSE,/api/inference/stream,True,,12,29,,
1790482065.574393,1790482068.364059,42109.179283,42111.968949,2789.666,SSE,/api/inference/stream,True,,12,30,,
1790482065.631303,1790482068.421652,42109.236194,42112.026542,2790.348,SSE,/api/inference/stream,True,,12,31,,
1790482065.681566,1790482068.470986,42109.286457,42112.075876,2789.419,SSE,/api/inference/stream,True,,12,32,,
1790482065.760933,1790482068.550788,42109.365823,42112.155678,2789.855,SSE,/api/inference/stream,True,,12,33,,
1790482065.794716,1790482068.583282,42109.399607,42112.188172,2788.566,SSE,/api/inference/stream,True,,12,34,,
1790482065.846588,1790482068.635785,42109.451479,42112.240675,2789.196,SSE,/api/inference/stream,True,,12,35,,
1790482065.9046,1790482068.69545,42109.50949,42112.30034,2790.85,SSE,/api/inference/stream,True,,12,36,,
1790482065.96358,1790482068.752703,42109.56847,42112.357593,2789.123,SSE,/api/inference/stream,True,,12,37,,
1790482066.021864,1790482068.811674,42109.626755,42112.416564,2789.81,SSE,/api/inference/stream,True,,12,38,,
1790482066.066169,1790482068.856486,42109.67106,42112.461377,2790.317,SSE,/api/inference/stream,True,,12,39,,
1790482066.125245,1790482068.91452,42109.730136,42112.519411,2789.275,SSE,/api/inference/stream,True,,12,40,,
1790482066.180874,1790482068.970826,42109.785765,42112.575717,2789.953,SSE,/api/inference/stream,True,,12,41,,
1790482066.236758,1790482069.026539,42109.841648,42112.631429,2789.781,SSE,/api/inference/stream,True,,12,42,,
1790482066.289885,1790482069.07934,42109.894776,42112.684231,2789.455,SSE,/api/inference/stream,True,,12,43,,
1790482066.345023,1790482069.13453,42109.949913,42112.73942,2789.507,SSE,/api/inference/stream,True,,12,44,,
1790482066.414947,1790482069.203467,42110.019838,42112.808358,2788.52,SSE,/api/inference/stream,True,,12,45,,
1790482066.470681,1790482069.262011,42110.075572,42112.866901,2791.329,SSE,/api/inference/stream,True,,12,46,,
1790482066.517346,1790482069.306504,42110.122237,42112.911395,2789.158,SSE,/api/inference/stream,True,,12,47,,
1790482066.566232,1790482069.354506,42110.171123,42112.959397,2788.274,SSE,/api/inference/stream,True,,12,48,,
1790482066.623758,1790482069.414553,42110.228648,42113.019443,2790.795,SSE,/api/inference/stream,True,,12,49,,
1790482066.692971,1790482069.482532,42110.297863,42113.087423,2789.56,SSE,/api/inference/stream,True,,12,0,,
1790482066.747752,1790482069.537673,42110.352643,42113.142563,2789.92,SSE,/api/inference/stream,True,,12,1,,
1790482066.803372,1790482069.59269,42110.408262,42113.19758,2789.318,SSE,/api/inference/stream,True,,12,2,,
1790482066.857357,1790482069.646565,42110.462247,42113.251456,2789.208,SSE,/api/inference/stream,True,,12,3,,
1790482066.915861,1790482069.705962,42110.520751,42113.310852,2790.101,SSE,/api/inference/stream,True,,12,4,,
1790482066.973566,1790482069.762107,42110.578457,42113.366997,2788.54,SSE,/api/inference/stream,True,,12,5,,
1790482067.034545,1790482069.823624,42110.639436,42113.428515,2789.079,SSE,/api/inference/stream,True,,12,6,,
1790482067.079226,1790482069.871665,42110.684117,42113.476556,2792.438,SSE,/api/inference/stream,True,,12,7,,
1790482067.147875,1790482069.938477,42110.752766,42113.543368,2790.602,SSE,/api/inference/stream,True,,12,8,,
1790482067.205128,1790482069.995491,42110.810018,42113.600382,2790.363,SSE,/api/inference/stream,True,,12,9,,
1790482067.257976,1790482070.048814,42110.862866,42113.653704,2790.838,SSE,/api/inference/stream,True,,12,10,,
1790482067.297673,1790482070.087893,42110.902563,42113.692784,2790.221,SSE,/api/inference/stream,True,,12,11,,
1790482067.354726,1790482070.144312,42110.959617,42113.749203,2789.586,SSE,/api/inference/stream,True,,12,12,,
1790482067.407011,1790482070.198317,42111.011901,42113.803208,2791.306,SSE,/api/inference/stream,True,,12,13,,
1790482067.481826,1790482070.273596,42111.086717,42113.878486,2791.77,SSE,/api/inference/stream,True,,12,14,,
1790482067.526838,1790482070.316151,42111.131729,42113.921041,2789.313,SSE,/api/inference/stream,True,,12,15,,
1790482067.578621,1790482070.36857,42111.183512,42113.973461,2789.948,SSE,/api/inference/stream,True,,12,16,,
1790482067.642361,1790482070.433097,42111.247252,42114.037987,2790.736,SSE,/api/inference/stream,True,,12,17,,
1790482067.683831,1790482070.474927,42111.288722,42114.079817,2791.095,SSE,/api/inference/stream,True,,12,18,,
1790482067.754421,1790482070.54461,42111.359312,42114.149501,2790.189,SSE,/api/inference/stream,True,,12,19,,
1790482067.798323,1790482070.589031,42111.403213,42114.193921,2790.708,SSE,/api/inference/stream,True,,12,20,,
1790482067.86658,1790482070.656321,42111.471471,42114.261212,2789.741,SSE,/api/inference/stream,True,,12,21,,
1790482067.923295,1790482070.712247,42111.528185,42114.317138,2788.952,SSE,/api/inference/stream,True,,12,22,,
1790482067.978642,1790482070.767872,42111.583533,42114.372763,2789.23,SSE,/api/inference/stream,True,,12,23,,
1790482068.031796,1790482070.820524,42111.636686,42114.425415,2788.728,SSE,/api/inference/stream,True,,12,24,,
1790482068.089515,1790482070.878844,42111.694405,42114.483735,2789.33,SSE,/api/inference/stream,True,,12,25,,
1790482068.144572,1790482070.936378,42111.749463,42114.541269,2791.806,SSE,/api/inference/stream,True,,12,26,,
1790482068.204911,1790482070.995682,42111.809802,42114.600573,2790.771,SSE,/api/inference/stream,True,,12,27,,
1790482068.289417,1790482071.08015,42111.894307,42114.685041,2790.733,SSE,/api/inference/stream,True,,12,28,,
1790482068.306173,1790482071.095985,42111.911064,42114.700876,2789.812,SSE,/api/inference/stream,True,,12,29,,
1790482068.364349,1790482071.154912,42111.96924,42114.759802,2790.562,SSE,/api/inference/stream,True,,12,30,,
1790482068.422036,1790482071.211478,42112.026927,42114.816368,2789.442,SSE,/api/inference/stream,True,,12,31,,
1790482068.471365,1790482071.261904,42112.076255,42114.866795,2790.54,SSE,/api/inference/stream,True,,12,32,,
1790482068.551088,1790482071.341363,42112.155978,42114.946253,2790.275,SSE,/api/inference/stream,True,,12,33,,
1790482068.583642,1790482071.373606,42112.188533,42114.978496,2789.963,SSE,/api/inference/stream,True,,12,34,,
1790482068.636032,1790482071.424461,42112.240923,42115.029352,2788.429,SSE,/api/inference/stream,True,,12,35,,
1790482068.695767,1790482071.486237,42112.300658,42115.091128,2790.47,SSE,/api/inference/stream,True,,12,36,,
1790482068.753047,1790482071.542573,42112.357938,42115.147463,2789.525,SSE,/api/inference/stream,True,,12,37,,
1790482068.812002,1790482071.602018,42112.416892,42115.206908,2790.016,SSE,/api/inference/stream,True,,12,38,,
1790482068.856792,1790482071.648062,42112.461682,42115.252953,2791.27,SSE,/api/inference/stream,True,,12,39,,
1790482068.914888,1790482071.704602,42112.519778,42115.309492,2789.714,SSE,/api/inference/stream,True,,12,40,,
1790482068.971201,1790482071.760538,42112.576092,42115.365428,2789.336,SSE,/api/inference/stream,True,,12,41,,
1790482069.026964,1790482071.817684,42112.631854,42115.422574,2790.72,SSE,/api/inference/stream,True,,12,42,,
1790482069.079687,1790482071.868706,42112.684577,42115.473597,2789.019,SSE,/api/inference/stream,True,,12,43,,
1790482069.134822,1790482071.924882,42112.739712,42115.529773,2790.061,SSE,/api/inference/stream,True,,12,44,,
1790482069.203802,1790482071.993813,42112.808693,42115.598703,2790.01,SSE,/api/inference/stream,True,,12,45,,
1790482069.26231,1790482072.053833,42112.867201,42115.658723,2791.523,SSE,/api/inference/stream,True,,12,46,,
1790482069.306847,1790482072.096426,42112.911738,42115.701316,2789.578,SSE,/api/inference/stream,True,,12,47,,
1790482069.354836,1790482072.143084,42112.959726,42115.747975,2788.249,SSE,/api/inference/stream,True,,12,48,,
1790482069.414995,1790482072.204659,42113.019886,42115.809549,2789.663,SSE,/api/inference/stream,True,,12,49,,
1790482069.482861,1790482072.271426,42113.087752,42115.876317,2788.565,SSE,/api/inference/stream,True,,12,0,,
1790482069.53796,1790482072.327712,42113.142851,42115.932603,2789.753,SSE,/api/inference/stream,True,,12,1,,
1790482069.592969,1790482072.383316,42113.19786,42115.988207,2790.347,SSE,/api/inference/stream,True,,12,2,,
1790482069.646898,1790482072.438309,42113.251789,42116.0432,2791.41,SSE,/api/inference/stream,True,,12,3,,
1790482069.706332,1790482072.496593,42113.311223,42116.101484,2790.261,SSE,/api/inference/stream,True,,12,4,,
1790482069.762454,1790482072.551757,42113.367344,42116.156647,2789.303,SSE,/api/inference/stream,True,,12,5,,
1790482069.824039,1790482072.614698,42113.428929,42116.219589,2790.659,SSE,/api/inference/stream,True,,12,6,,
1790482069.871944,1790482072.661882,42113.476834,42116.266773,2789.939,SSE,/api/inference/stream,True,,12,7,,
1790482069.938782,1790482072.72861,42113.543672,42116.3335,2789.828,SSE,/api/inference/stream,True,,12,8,,
1790482069.995831,1790482072.785707,42113.600722,42116.390598,2789.876,SSE,/api/inference/stream,True,,12,9,,
1790482070.049166,1790482072.876684,42113.654057,42116.481575,2827.518,SSE,/api/inference/stream,True,,12,10,,
1790482070.08826,1790482072.87921,42113.693151,42116.484101,2790.95,SSE,/api/inference/stream,True,,12,11,,
1790482070.144618,1790482072.934227,42113.749509,42116.539117,2789.608,SSE,/api/inference/stream,True,,12,12,,
1790482070.198624,1790482072.989875,42113.803515,42116.594766,2791.251,SSE,/api/inference/stream,True,,12,13,,
1790482070.273912,1790482073.065601,42113.878803,42116.670492,2791.69,SSE,/api/inference/stream,True,,12,14,,
1790482070.316521,1790482073.106576,42113.921411,42116.711467,2790.056,SSE,/api/inference/stream,True,,12,15,,
1790482070.368938,1790482073.158435,42113.973828,42116.763325,2789.497,SSE,/api/inference/stream,True,,12,16,,
1790482070.433399,1790482073.225888,42114.03829,42116.830778,2792.488,SSE,/api/inference/stream,True,,12,17,,
1790482070.475293,1790482073.263976,42114.080184,42116.868867,2788.683,SSE,/api/inference/stream,True,,12,18,,
1790482070.544909,1790482073.33436,42114.149799,42116.939251,2789.452,SSE,/api/inference/stream,True,,12,19,,
1790482070.589347,1790482073.380262,42114.194238,42116.985152,2790.915,SSE,/api/inference/stream,True,,12,20,,
1790482070.656581,1790482073.445195,42114.261472,42117.050086,2788.614,SSE,/api/inference/stream,True,,12,21,,
1790482070.712551,1790482073.501018,42114.317442,42117.105909,2788.467,SSE,/api/inference/stream,True,,12,22,,
1790482070.768234,1790482073.561251,42114.373124,42117.166142,2793.018,SSE,/api/inference/stream,True,,12,23,,
1790482070.820867,1790482073.609215,42114.425758,42117.214106,2788.348,SSE,/api/inference/stream,True,,12,24,,
1790482070.879209,1790482073.670183,42114.4841,42117.275074,2790.974,SSE,/api/inference/stream,True,,12,25,,
1790482070.936635,1790482073.726302,42114.541526,42117.331193,2789.666,SSE,/api/inference/stream,True,,12,26,,
1790482070.995969,1790482073.786323,42114.60086,42117.391213,2790.354,SSE,/api/inference/stream,True,,12,27,,
1790482071.080483,1790482073.871017,42114.685374,42117.475908,2790.534,SSE,/api/inference/stream,True,,12,28,,
1790482071.096319,1790482073.886267,42114.70121,42117.491157,2789.948,SSE,/api/inference/stream,True,,12,29,,
1790482071.15529,1790482073.9452,42114.760181,42117.550091,2789.91,SSE,/api/inference/stream,True,,12,30,,
1790482071.211845,1790482074.001727,42114.816735,42117.606617,2789.882,SSE,/api/inference/stream,True,,12,31,,
1790482071.262185,1790482074.053421,42114.867075,42117.658311,2791.236,SSE,/api/inference/stream,True,,12,32,,
1790482071.341727,1790482074.13092,42114.946617,42117.735811,2789.194,SSE,/api/inference/stream,True,,12,33,,
1790482071.373972,1790482074.162803,42114.978863,42117.767693,2788.83,SSE,/api/inference/stream,True,,12,34,,
1790482071.424748,1790482074.215313,42115.029638,42117.820203,2790.565,SSE,/api/inference/stream,True,,12,35,,
1790482071.486615,1790482074.276194,42115.091505,42117.881084,2789.579,SSE,/api/inference/stream,True,,12,36,,
1790482071.542916,1790482074.331398,42115.147806,42117.936289,2788.483,SSE,/api/inference/stream,True,,12,37,,
1790482071.602459,1790482074.393226,42115.20735,42117.998117,2790.767,SSE,/api/inference/stream,True,,12,38,,
1790482071.648382,1790482074.439775,42115.253273,42118.044666,2791.393,SSE,/api/inference/stream,True,,12,39,,
1790482071.704954,1790482074.495379,42115.309844,42118.10027,2790.426,SSE,/api/inference/stream,True,,12,40,,
1790482071.760823,1790482074.55055,42115.365713,42118.155441,2789.728,SSE,/api/inference/stream,True,,12,41,,
1790482071.818092,1790482074.608392,42115.422983,42118.213283,2790.3,SSE,/api/inference/stream,True,,12,42,,
1790482071.869096,1790482074.657876,42115.473987,42118.262766,2788.78,SSE,/api/inference/stream,True,,12,43,,
1790482071.925193,1790482074.714583,42115.530084,42118.319474,2789.39,SSE,/api/inference/stream,True,,12,44,,
1790482071.994156,1790482074.783765,42115.599047,42118.388656,2789.609,SSE,/api/inference/stream,True,,12,45,,
1790482072.05415,1790482074.845121,42115.659042,42118.450012,2790.97,SSE,/api/inference/stream,True,,12,46,,
1790482072.096754,1790482074.886127,42115.701645,42118.491018,2789.373,SSE,/api/inference/stream,True,,12,47,,
1790482072.14349,1790482074.933816,42115.748381,42118.538707,2790.326,SSE,/api/inference/stream,True,,12,48,,
1790482072.205028,1790482074.995754,42115.809918,42118.600644,2790.726,SSE,/api/inference/stream,True,,12,49,,
1790482072.271755,1790482075.061148,42115.876646,42118.666038,2789.393,SSE,/api/inference/stream,True,,12,0,,
1790482072.328001,1790482075.117865,42115.932892,42118.722756,2789.864,SSE,/api/inference/stream,True,,12,1,,
1790482072.383621,1790482075.174736,42115.988513,42118.779627,2791.114,SSE,/api/inference/stream,True,,12,2,,
1790482072.438683,1790482075.228338,42116.043573,42118.833229,2789.655,SSE,/api/inference/stream,True,,12,3,,
1790482072.496914,1790482075.286622,42116.101805,42118.891512,2789.708,SSE,/api/inference/stream,True,,12,4,,
1790482072.552065,1790482075.340992,42116.156956,42118.945882,2788.926,SSE,/api/inference/stream,True,,12,5,,
1790482072.615069,1790482075.406362,42116.21996,42119.011253,2791.293,SSE,/api/inference/stream,True,,12,6,,
1790482072.662159,1790482075.451965,42116.26705,42119.056856,2789.806,SSE,/api/inference/stream,True,,12,7,,
1790482072.72889,1790482075.517558,42116.333781,42119.122449,2788.667,SSE,/api/inference/stream,True,,12,8,,
1790482072.786068,1790482075.575389,42116.390959,42119.180279,2789.321,SSE,/api/inference/stream,True,,12,9,,
1790482072.876855,1790482075.666576,42116.481746,42119.271467,2789.721,SSE,/api/inference/stream,True,,12,10,,
1790482072.879355,1790482075.668418,42116.484246,42119.273309,2789.063,SSE,/api/inference/stream,True,,12,11,,
1790482072.934552,1790482075.725194,42116.539443,42119.330085,2790.642,SSE,/api/inference/stream,True,,12,12,,
1790482072.99023,1790482075.781788,42116.595121,42119.386678,2791.558,SSE,/api/inference/stream,True,,12,13,,
1790482073.065895,1790482075.85594,42116.670786,42119.460831,2790.045,SSE,/api/inference/stream,True,,12,14,,
1790482073.106974,1790482075.897381,42116.711865,42119.502272,2790.407,SSE,/api/inference/stream,True,,12,15,,
1790482073.158805,1790482075.947814,42116.763695,42119.552705,2789.01,SSE,/api/inference/stream,True,,12,16,,
1790482073.226231,1790482076.016682,42116.831122,42119.621573,2790.45,SSE,/api/inference/stream,True,,12,17,,
1790482073.264216,1790482076.054729,42116.869107,42119.659619,2790.512,SSE,/api/inference/stream,True,,12,18,,
1790482073.334678,1790482076.1242,42116.939569,42119.729091,2789.522,SSE,/api/inference/stream,True,,12,19,,
1790482073.380543,1790482076.170351,42116.985434,42119.775242,2789.808,SSE,/api/inference/stream,True,,12,20,,
1790482073.445393,1790482076.234547,42117.050284,42119.839437,2789.153,SSE,/api/inference/stream,True,,12,21,,
1790482073.501326,1790482076.291336,42117.106217,42119.896226,2790.009,SSE,/api/inference/stream,True,,12,22,,
1790482073.561657,1790482076.350968,42117.166548,42119.955858,2789.311,SSE,/api/inference/stream,True,,12,23,,
1790482073.609527,1790482076.399407,42117.214417,42120.004297,2789.88,SSE,/api/inference/stream,True,,12,24,,
1790482073.670451,1790482076.460512,42117.275342,42120.065403,2790.061,SSE,/api/inference/stream,True,,12,25,,
1790482073.726657,1790482076.516475,42117.331548,42120.121366,2789.818,SSE,/api/inference/stream,True,,12,26,,
1790482073.786688,1790482076.578129,42117.391579,42120.18302,2791.441,SSE,/api/inference/stream,True,,12,27,,
1790482073.871392,1790482076.660677,42117.476283,42120.265567,2789.284,SSE,/api/inference/stream,True,,12,28,,
1790482073.886721,1790482076.67647,42117.491611,42120.28136,2789.749,SSE,/api/inference/stream,True,,12,29,,
1790482073.945496,1790482076.735771,42117.550386,42120.340661,2790.275,SSE,/api/inference/stream,True,,12,30,,
1790482074.002101,1790482076.793289,42117.606992,42120.398179,2791.188,SSE,/api/inference/stream,True,,12,31,,
1790482074.053788,1790482076.844506,42117.658679,42120.449397,2790.717,SSE,/api/inference/stream,True,,12,32,,
1790482074.131456,1790482076.920588,42117.736347,42120.525479,2789.132,SSE,/api/inference/stream,True,,12,33,,
1790482074.163091,1790482076.953755,42117.767982,42120.558645,2790.664,SSE,/api/inference/stream,True,,12,34,,
1790482074.215625,1790482077.005259,42117.820516,42120.61015,2789.634,SSE,/api/inference/stream,True,,12,35,,
1790482074.276497,1790482077.068211,42117.881388,42120.673101,2791.714,SSE,/api/inference/stream,True,,12,36,,
1790482074.331707,1790482077.120784,42117.936598,42120.725675,2789.077,SSE,/api/inference/stream,True,,12,37,,
1790482074.393527,1790482077.183718,42117.998418,42120.788608,2790.191,SSE,/api/inference/stream,True,,12,38,,
1790482074.440079,1790482077.230695,42118.044969,42120.835586,2790.617,SSE,/api/inference/stream,True,,12,39,,
1790482074.495726,1790482077.28596,42118.100616,42120.89085,2790.234,SSE,/api/inference/stream,True,,12,40,,
1790482074.550882,1790482077.342911,42118.155772,42120.947802,2792.03,SSE,/api/inference/stream,True,,12,41,,
1790482074.60873,1790482077.398417,42118.21362,42121.003307,2789.687,SSE,/api/inference/stream,True,,12,42,,
1790482074.658207,1790482077.447058,42118.263098,42121.051949,2788.851,SSE,/api/inference/stream,True,,12,43,,
1790482074.714945,1790482077.505674,42118.319836,42121.110564,2790.729,SSE,/api/inference/stream,True,,12,44,,
1790482074.784123,1790482077.575031,42118.389014,42121.179922,2790.908,SSE,/api/inference/stream,True,,12,45,,
1790482074.84545,1790482077.63602,42118.450341,42121.24091,2790.57,SSE,/api/inference/stream,True,,12,46,,
1790482074.886457,1790482077.676352,42118.491348,42121.281242,2789.894,SSE,/api/inference/stream,True,,12,47,,
1790482074.934191,1790482077.723649,42118.539081,42121.32854,2789.459,SSE,/api/inference/stream,True,,12,48,,
1790482074.996127,1790482077.786915,42118.601017,42121.391806,2790.789,SSE,/api/inference/stream,True,,12,49,,
1790482075.06146,1790482077.851412,42118.66635,42121.456302,2789.952,SSE,/api/inference/stream,True,,12,0,,
1790482075.118173,1790482077.909896,42118.723063,42121.514787,2791.724,SSE,/api/inference/stream,True,,12,1,,
1790482075.174995,1790482077.963922,42118.779886,42121.568812,2788.926,SSE,/api/inference/stream,True,,12,2,,
1790482075.228704,1790482078.017727,42118.833595,42121.622618,2789.023,SSE,/api/inference/stream,True,,12,3,,
1790482075.287012,1790482078.076877,42118.891903,42121.681767,2789.865,SSE,/api/inference/stream,True,,12,4,,
1790482075.341259,1790482078.131023,42118.946149,42121.735914,2789.765,SSE,/api/inference/stream,True,,12,5,,
1790482075.406737,1790482078.199212,42119.011627,42121.804102,2792.475,SSE,/api/inference/stream,True,,12,6,,
1790482075.452241,1790482078.242936,42119.057132,42121.847827,2790.695,SSE,/api/inference/stream,True,,12,7,,
1790482075.517849,1790482078.307739,42119.122739,42121.912629,2789.89,SSE,/api/inference/stream,True,,12,8,,
1790482075.575725,1790482078.365946,42119.180616,42121.970837,2790.221,SSE,/api/inference/stream,True,,12,9,,
1790482075.668741,1790482078.459847,42119.273632,42122.064737,2791.106,SSE,/api/inference/stream,True,,12,11,,
1790482075.666929,1790482078.461465,42119.27182,42122.066356,2794.537,SSE,/api/inference/stream,True,,12,10,,
1790482075.725502,1790482078.516002,42119.330393,42122.120892,2790.5,SSE,/api/inference/stream,True,,12,12,,
1790482075.782102,1790482078.573371,42119.386993,42122.178262,2791.269,SSE,/api/inference/stream,True,,12,13,,
1790482075.856227,1790482078.645776,42119.461119,42122.250667,2789.549,SSE,/api/inference/stream,True,,12,14,,
1790482075.897701,1790482078.687535,42119.502591,42122.292426,2789.834,SSE,/api/inference/stream,True,,12,15,,
1790482075.948184,1790482078.737194,42119.553074,42122.342084,2789.01,SSE,/api/inference/stream,True,,12,16,,
1790482076.016986,1790482078.806101,42119.621876,42122.410992,2789.115,SSE,/api/inference/stream,True,,12,17,,
1790482076.055029,1790482078.846213,42119.65992,42122.451103,2791.184,SSE,/api/inference/stream,True,,12,18,,
1790482076.124548,1790482078.915559,42119.729438,42122.52045,2791.011,SSE,/api/inference/stream,True,,12,19,,
1790482076.170651,1790482078.961457,42119.775542,42122.566348,2790.806,SSE,/api/inference/stream,True,,12,20,,
1790482076.234896,1790482079.026168,42119.839786,42122.631058,2791.272,SSE,/api/inference/stream,True,,12,21,,
1790482076.291647,1790482079.083581,42119.896539,42122.688472,2791.933,SSE,/api/inference/stream,True,,12,22,,
1790482076.351368,1790482079.140157,42119.956259,42122.745048,2788.789,SSE,/api/inference/stream,True,,12,23,,
1790482076.399688,1790482079.189677,42120.004579,42122.794568,2789.99,SSE,/api/inference/stream,True,,12,24,,
1790482076.460815,1790482079.25129,42120.065706,42122.856181,2790.475,SSE,/api/inference/stream,True,,12,25,,
1790482076.516811,1790482079.306304,42120.121702,42122.911194,2789.492,SSE,/api/inference/stream,True,,12,26,,
1790482076.578469,1790482079.368789,42120.18336,42122.973679,2790.32,SSE,/api/inference/stream,True,,12,27,,
1790482076.660993,1790482079.452794,42120.265884,42123.057684,2791.801,SSE,/api/inference/stream,True,,12,28,,
1790482076.676772,1790482079.466266,42120.281662,42123.071157,2789.494,SSE,/api/inference/stream,True,,12,29,,
1790482076.73604,1790482079.525506,42120.34093,42123.130396,2789.466,SSE,/api/inference/stream,True,,12,30,,
1790482076.7937,1790482079.583286,42120.398591,42123.188176,2789.585,SSE,/api/inference/stream,True,,12,31,,
1790482076.844884,1790482079.634836,42120.449774,42123.239727,2789.952,SSE,/api/inference/stream,True,,12,32,,
1790482076.920905,1790482079.709553,42120.525796,42123.314444,2788.648,SSE,/api/inference/stream,True,,12,33,,
1790482076.954065,1790482079.743763,42120.558955,42123.348653,2789.698,SSE,/api/inference/stream,True,,12,34,,
1790482077.005576,1790482079.79442,42120.610467,42123.399311,2788.844,SSE,/api/inference/stream,True,,12,35,,
1790482077.068557,1790482079.860533,42120.673448,42123.465424,2791.976,SSE,/api/inference/stream,True,,12,36,,
1790482077.12113,1790482079.909915,42120.72602,42123.514806,2788.785,SSE,/api/inference/stream,True,,12,37,,
1790482077.184103,1790482079.9739,42120.788993,42123.57879,2789.797,SSE,/api/inference/stream,True,,12,38,,
1790482077.230984,1790482080.022345,42120.835874,42123.627236,2791.361,SSE,/api/inference/stream,True,,12,39,,
1790482077.286334,1790482080.076313,42120.891224,42123.681203,2789.979,SSE,/api/inference/stream,True,,12,40,,
1790482077.343413,1790482080.134288,42120.948304,42123.739179,2790.876,SSE,/api/inference/stream,True,,12,41,,
1790482077.398785,1790482080.189059,42121.003676,42123.79395,2790.274,SSE,/api/inference/stream,True,,12,42,,
1790482077.44746,1790482080.236109,42121.052351,42123.841,2788.649,SSE,/api/inference/stream,True,,12,43,,
1790482077.506003,1790482080.29585,42121.110893,42123.90074,2789.847,SSE,/api/inference/stream,True,,12,44,,
1790482077.575402,1790482080.364474,42121.180293,42123.969364,2789.071,SSE,/api/inference/stream,True,,12,45,,
1790482077.6363,1790482080.427253,42121.241191,42124.032144,2790.953,SSE,/api/inference/stream,True,,12,46,,
1790482077.676661,1790482080.465234,42121.281552,42124.070125,2788.572,SSE,/api/inference/stream,True,,12,47,,
1790482077.723937,1790482080.513364,42121.328827,42124.118255,2789.428,SSE,/api/inference/stream,True,,12,48,,
1790482077.787411,1790482080.577137,42121.392301,42124.182027,2789.726,SSE,/api/inference/stream,True,,12,49,,
1790482077.851753,1790482080.641483,42121.456643,42124.246374,2789.731,SSE,/api/inference/stream,True,,12,0,,
1790482077.910213,1790482080.700727,42121.515104,42124.305617,2790.513,SSE,/api/inference/stream,True,,12,1,,
1790482077.964298,1790482080.753756,42121.569188,42124.358646,2789.458,SSE,/api/inference/stream,True,,12,2,,
1790482078.0181,1790482080.806549,42121.62299,42124.411439,2788.449,SSE,/api/inference/stream,True,,12,3,,
1790482078.077218,1790482080.866985,42121.682108,42124.471876,2789.768,SSE,/api/inference/stream,True,,12,4,,
1790482078.131444,1790482080.920946,42121.736335,42124.525837,2789.502,SSE,/api/inference/stream,True,,12,5,,
1790482078.199559,1790482080.990408,42121.804449,42124.595299,2790.849,SSE,/api/inference/stream,True,,12,6,,
1790482078.243264,1790482081.033559,42121.848155,42124.63845,2790.295,SSE,/api/inference/stream,True,,12,7,,
1790482078.308036,1790482081.101383,42121.912926,42124.706274,2793.348,SSE,/api/inference/stream,True,,12,8,,
1790482078.36632,1790482081.157137,42121.971211,42124.762028,2790.817,SSE,/api/inference/stream,True,,12,9,,
1790482078.460152,1790482081.255432,42122.065043,42124.860322,2795.279,SSE,/api/inference/stream,True,,12,11,,
1790482078.461914,1790482081.25713,42122.066806,42124.862022,2795.216,SSE,/api/inference/stream,True,,12,10,,
1790482078.516332,1790482081.308013,42122.121223,42124.912904,2791.681,SSE,/api/inference/stream,True,,12,12,,
1790482078.573684,1790482081.364097,42122.178575,42124.968987,2790.413,SSE,/api/inference/stream,True,,12,13,,
1790482078.646031,1790482081.435507,42122.250922,42125.040398,2789.477,SSE,/api/inference/stream,True,,12,14,,
1790482078.687864,1790482081.477157,42122.292755,42125.082048,2789.293,SSE,/api/inference/stream,True,,12,15,,
1790482078.737557,1790482081.525389,42122.342448,42125.13028,2787.832,SSE,/api/inference/stream,True,,12,16,,
1790482078.806385,1790482081.59537,42122.411275,42125.200261,2788.985,SSE,/api/inference/stream,True,,12,17,,
1790482078.846575,1790482081.636965,42122.451466,42125.241855,2790.389,SSE,/api/inference/stream,True,,12,18,,
1790482078.91596,1790482081.707294,42122.52085,42125.312185,2791.334,SSE,/api/inference/stream,True,,12,19,,
1790482078.961759,1790482081.75213,42122.56665,42125.357021,2790.371,SSE,/api/inference/stream,True,,12,20,,
1790482079.026453,1790482081.817513,42122.631343,42125.422404,2791.061,SSE,/api/inference/stream,True,,12,21,,
1790482079.083849,1790482081.874339,42122.688739,42125.47923,2790.491,SSE,/api/inference/stream,True,,12,22,,
1790482079.140535,1790482081.929366,42122.745425,42125.534257,2788.831,SSE,/api/inference/stream,True,,12,23,,
1790482079.189999,1790482081.97997,42122.79489,42125.58486,2789.971,SSE,/api/inference/stream,True,,12,24,,
1790482079.251583,1790482082.043033,42122.856474,42125.647924,2791.451,SSE,/api/inference/stream,True,,12,25,,
1790482079.306683,1790482082.095963,42122.911574,42125.700854,2789.28,SSE,/api/inference/stream,True,,12,26,,
1790482079.369141,1790482082.158514,42122.974032,42125.763404,2789.372,SSE,/api/inference/stream,True,,12,27,,
1790482079.453124,1790482082.242589,42123.058015,42125.84748,2789.465,SSE,/api/inference/stream,True,,12,28,,
1790482079.466611,1790482082.256609,42123.071502,42125.8615,2789.998,SSE,/api/inference/stream,True,,12,29,,
1790482079.525827,1790482082.316545,42123.130717,42125.921435,2790.718,SSE,/api/inference/stream,True,,12,30,,
1790482079.583638,1790482082.373712,42123.188529,42125.978603,2790.074,SSE,/api/inference/stream,True,,12,31,,
1790482079.63525,1790482082.424916,42123.24014,42126.029806,2789.666,SSE,/api/inference/stream,True,,12,32,,
1790482079.709904,1790482082.498559,42123.314795,42126.10345,2788.655,SSE,/api/inference/stream,True,,12,33,,
1790482079.744062,1790482082.534079,42123.348953,42126.138969,2790.017,SSE,/api/inference/stream,True,,12,34,,
1790482079.794626,1790482082.582252,42123.399516,42126.187143,2787.627,SSE,/api/inference/stream,True,,12,35,,
1790482079.860881,1790482082.649302,42123.465772,42126.254193,2788.421,SSE,/api/inference/stream,True,,12,36,,
1790482079.910191,1790482082.700171,42123.515081,42126.305062,2789.981,SSE,/api/inference/stream,True,,12,37,,
1790482079.9743,1790482082.765148,42123.57919,42126.370038,2790.848,SSE,/api/inference/stream,True,,12,38,,
1790482080.022701,1790482082.813525,42123.627592,42126.418416,2790.824,SSE,/api/inference/stream,True,,12,39,,
1790482080.076705,1790482082.866523,42123.681595,42126.471414,2789.818,SSE,/api/inference/stream,True,,12,40,,
1790482080.13468,1790482082.925629,42123.73957,42126.530519,2790.949,SSE,/api/inference/stream,True,,12,41,,
1790482080.189423,1790482082.979077,42123.794314,42126.583968,2789.654,SSE,/api/inference/stream,True,,12,42,,
1790482080.236388,1790482083.025681,42123.841278,42126.630571,2789.293,SSE,/api/inference/stream,True,,12,43,,
1790482080.296151,1790482083.08501,42123.901041,42126.6899,2788.859,SSE,/api/inference/stream,True,,12,44,,
1790482080.364835,1790482083.154428,42123.969725,42126.759319,2789.594,SSE,/api/inference/stream,True,,12,45,,
1790482080.427558,1790482083.216984,42124.032449,42126.821875,2789.426,SSE,/api/inference/stream,True,,12,46,,
1790482080.465523,1790482083.253968,42124.070413,42126.858859,2788.446,SSE,/api/inference/stream,True,,12,47,,
1790482080.513634,1790482083.305043,42124.118525,42126.909934,2791.409,SSE,/api/inference/stream,True,,12,48,,
1790482080.577469,1790482083.366845,42124.18236,42126.971735,2789.375,SSE,/api/inference/stream,True,,12,49,,
1790482080.641758,1790482083.432398,42124.246649,42127.037289,2790.64,SSE,/api/inference/stream,True,,12,0,,
1790482080.701025,1790482083.490484,42124.305915,42127.095375,2789.46,SSE,/api/inference/stream,True,,12,1,,
1790482080.754048,1790482083.54518,42124.358939,42127.15007,2791.131,SSE,/api/inference/stream,True,,12,2,,
1790482080.806852,1790482083.59625,42124.411743,42127.201141,2789.398,SSE,/api/inference/stream,True,,12,3,,
1790482080.86744,1790482083.656703,42124.472331,42127.261594,2789.263,SSE,/api/inference/stream,True,,12,4,,
1790482080.921294,1790482083.709619,42124.526184,42127.314509,2788.325,SSE,/api/inference/stream,True,,12,5,,
1790482080.990776,1790482083.780771,42124.595667,42127.385662,2789.995,SSE,/api/inference/stream,True,,12,6,,
1790482081.033916,1790482083.822873,42124.638807,42127.427764,2788.956,SSE,/api/inference/stream,True,,12,7,,
1790482081.101667,1790482083.891108,42124.706558,42127.495999,2789.441,SSE,/api/inference/stream,True,,12,8,,
1790482081.157441,1790482083.9474,42124.762331,42127.55229,2789.959,SSE,/api/inference/stream,True,,12,9,,
1790482081.257464,1790482084.049191,42124.862354,42127.654082,2791.728,SSE,/api/inference/stream,True,,12,10,,
1790482081.255773,1790482084.050887,42124.860664,42127.655778,2795.114,SSE,/api/inference/stream,True,,12,11,,
1790482081.308421,1790482084.098814,42124.913311,42127.703704,2790.393,SSE,/api/inference/stream,True,,12,12,,
1790482081.364565,1790482084.153705,42124.969455,42127.758595,2789.14,SSE,/api/inference/stream,True,,12,13,,
1790482081.435753,1790482084.223832,42125.040643,42127.828723,2788.08,SSE,/api/inference/stream,True,,12,14,,
1790482081.477462,1790482084.265581,42125.082352,42127.870471,2788.119,SSE,/api/inference/stream,True,,12,15,,
1790482081.525644,1790482084.313793,42125.130535,42127.918683,2788.149,SSE,/api/inference/stream,True,,12,16,,
1790482081.595764,1790482084.385534,42125.200654,42127.990425,2789.771,SSE,/api/inference/stream,True,,12,17,,
1790482081.637262,1790482084.427038,42125.242153,42128.031929,2789.776,SSE,/api/inference/stream,True,,12,18,,
1790482081.707628,1790482084.497963,42125.312518,42128.102854,2790.335,SSE,/api/inference/stream,True,,12,19,,
1790482081.752432,1790482084.541495,42125.357323,42128.146385,2789.063,SSE,/api/inference/stream,True,,12,20,,
1790482081.817821,1790482084.608315,42125.422711,42128.213206,2790.495,SSE,/api/inference/stream,True,,12,21,,
1790482081.874643,1790482084.682897,42125.479534,42128.287789,2808.254,SSE,/api/inference/stream,True,,12,22,,
