start_ts,end_ts,start_mono,end_mono,response_time_ms,request_type,name,success,exception,response_length,user,http_status,stages_logged
1790481719.137585,1790481721.929193,41762.742476,41765.534084,2791.608,SSE,/api/inference/stream,True,,12,0,,
1790481719.194234,1790481721.985878,41762.799124,41765.590769,2791.644,SSE,/api/inference/stream,True,,12,1,,
1790481719.249495,1790481722.038926,41762.854385,41765.643816,2789.431,SSE,/api/inference/stream,True,,12,2,,
1790481719.305492,1790481722.096765,41762.910383,41765.701656,2791.273,SSE,/api/inference/stream,True,,12,3,,
1790481719.360904,1790481722.152456,41762.965794,41765.757346,2791.552,SSE,/api/inference/stream,True,,12,4,,
1790481719.416661,1790481722.207873,41763.021551,41765.812764,2791.212,SSE,/api/inference/stream,True,,12,5,,
1790481719.47245,1790481722.263454,41763.07734,41765.868344,2791.004,SSE,/api/inference/stream,True,,12,6,,
1790481719.527426,1790481722.317255,41763.132317,41765.922146,2789.829,SSE,/api/inference/stream,True,,12,7,,
1790481719.583309,1790481722.375495,41763.188199,41765.980385,2792.187,SSE,/api/inference/stream,True,,12,8,,
1790481719.638767,1790481722.430606,41763.243658,41766.035497,2791.838,SSE,/api/inference/stream,True,,12,9,,
1790481719.694323,1790481722.485392,41763.299214,41766.090283,2791.069,SSE,/api/inference/stream,True,,12,10,,
1790481719.750714,1790481722.541464,41763.355604,41766.146354,2790.75,SSE,/api/inference/stream,True,,12,11,,
1790481719.805701,1790481722.597514,41763.410592,41766.202404,2791.813,SSE,/api/inference/stream,True,,12,12,,
1790481719.861291,1790481722.652421,41763.466182,41766.257312,2791.13,SSE,/api/inference/stream,True,,12,13,,
1790481719.917277,1790481722.709798,41763.522168,41766.314688,2792.52,SSE,/api/inference/stream,True,,12,14,,
1790481719.972839,1790481722.763236,41763.57773,41766.368127,2790.397,SSE,/api/inference/stream,True,,12,15,,
1790481720.028,1790481722.818967,41763.632891,41766.423858,2790.967,SSE,/api/inference/stream,True,,12,16,,
1790481720.085913,1790481722.878247,41763.690804,41766.483137,2792.334,SSE,/api/inference/stream,True,,12,17,,
1790481720.139404,1790481722.931463,41763.744295,41766.536354,2792.059,SSE,/api/inference/stream,True,,12,18,,
1790481720.195062,1790481722.985284,41763.799953,41766.590174,2790.221,SSE,/api/inference/stream,True,,12,19,,
1790481720.251259,1790481723.043315,41763.856149,41766.648206,2792.056,SSE,/api/inference/stream,True,,12,20,,
1790481720.306123,1790481723.09865,41763.911014,41766.703541,2792.527,SSE,/api/inference/stream,True,,12,21,,
1790481720.361925,1790481723.156616,41763.966816,41766.761507,2794.691,SSE,/api/inference/stream,True,,12,22,,
1790481720.417978,1790481723.211874,41764.022869,41766.816765,2793.896,SSE,/api/inference/stream,True,,12,23,,
1790481720.472616,1790481723.264191,41764.077507,41766.869082,2791.575,SSE,/api/inference/stream,True,,12,24,,
1790481720.528281,1790481723.322604,41764.133172,41766.927495,2794.323,SSE,/api/inference/stream,True,,12,25,,
1790481720.584922,1790481723.378708,41764.189812,41766.983598,2793.786,SSE,/api/inference/stream,True,,12,26,,
1790481720.6396,1790481723.433313,41764.244491,41767.038204,2793.713,SSE,/api/inference/stream,True,,12,27,,
1790481720.695586,1790481723.528289,41764.300477,41767.13318,2832.703,SSE,/api/inference/stream,True,,12,28,,
1790481720.751034,1790481723.544832,41764.355925,41767.149723,2793.798,SSE,/api/inference/stream,True,,12,29,,
1790481720.806441,1790481723.599791,41764.411331,41767.204681,2793.35,SSE,/api/inference/stream,True,,12,30,,
1790481720.861948,1790481723.6546,41764.466839,41767.259491,2792.652,SSE,/api/inference/stream,True,,12,31,,
1790481720.917631,1790481723.710446,41764.522521,41767.315337,2792.815,SSE,/api/inference/stream,True,,12,32,,
1790481720.973857,1790481723.784982,41764.578748,41767.389873,2811.125,SSE,/api/inference/stream,True,,12,33,,
1790481721.031075,1790481723.821378,41764.635966,41767.426268,2790.303,SSE,/api/inference/stream,True,,12,34,,
1790481721.084799,1790481723.876905,41764.68969,41767.481795,2792.106,SSE,/api/inference/stream,True,,12,35,,
1790481721.140348,1790481723.932479,41764.745239,41767.537369,2792.13,SSE,/api/inference/stream,True,,12,36,,
1790481721.196469,1790481723.988842,41764.801359,41767.593732,2792.373,SSE,/api/inference/stream,True,,12,37,,
1790481721.251464,1790481724.042765,41764.856355,41767.647656,2791.301,SSE,/api/inference/stream,True,,12,38,,
1790481721.307319,1790481724.099748,41764.91221,41767.704639,2792.429,SSE,/api/inference/stream,True,,12,39,,
1790481721.362954,1790481724.153599,41764.967845,41767.758489,2790.645,SSE,/api/inference/stream,True,,12,40,,
1790481721.418134,1790481724.211478,41765.023025,41767.816368,2793.344,SSE,/api/inference/stream,True,,12,41,,
1790481721.473894,1790481724.267065,41765.078785,41767.871955,2793.17,SSE,/api/inference/stream,True,,12,42,,
1790481721.529469,1790481724.320411,41765.13436,41767.925302,2790.942,SSE,/api/inference/stream,True,,12,43,,
1790481721.585161,1790481724.378522,41765.190052,41767.983413,2793.361,SSE,/api/inference/stream,True,,12,44,,
1790481721.640535,1790481724.433168,41765.245426,41768.038059,2792.633,SSE,/api/inference/stream,True,,12,45,,
1790481721.696468,1790481724.491273,41765.301359,41768.096164,2794.805,SSE,/api/inference/stream,True,,12,46,,
1790481721.751399,1790481724.542015,41765.356289,41768.146905,2790.616,SSE,/api/inference/stream,True,,12,47,,
1790481721.807661,1790481724.599779,41765.412551,41768.20467,2792.119,SSE,/api/inference/stream,True,,12,48,,
1790481721.863393,1790481724.654572,41765.468283,41768.259462,2791.179,SSE,/api/inference/stream,True,,12,49,,
1790481721.929609,1790481724.721271,41765.5345,41768.326162,2791.662,SSE,/api/inference/stream,True,,12,0,,
1790481721.986199,1790481724.775837,41765.59109,41768.380728,2789.638,SSE,/api/inference/stream,True,,12,1,,
1790481722.039325,1790481724.830337,41765.644216,41768.435227,2791.012,SSE,/api/inference/stream,True,,12,2,,
1790481722.097047,1790481724.887053,41765.701938,41768.491944,2790.006,SSE,/api/inference/stream,True,,12,3,,
1790481722.15275,1790481724.942924,41765.757641,41768.547815,2790.174,SSE,/api/inference/stream,True,,12,4,,
1790481722.208184,1790481724.998225,41765.813074,41768.603115,2790.041,SSE,/api/inference/stream,True,,12,5,,
1790481722.263819,1790481725.054181,41765.86871,41768.659071,2790.361,SSE,/api/inference/stream,True,,12,6,,
1790481722.317545,1790481725.106318,41765.922435,41768.711209,2788.773,SSE,/api/inference/stream,True,,12,7,,
1790481722.375787,1790481725.167449,41765.980678,41768.77234,2791.662,SSE,/api/inference/stream,True,,12,8,,
1790481722.430901,1790481725.221693,41766.035791,41768.826584,2790.792,SSE,/api/inference/stream,True,,12,9,,
1790481722.485754,1790481725.27667,41766.090645,41768.881561,2790.916,SSE,/api/inference/stream,True,,12,10,,
1790481722.541809,1790481725.33254,41766.146699,41768.93743,2790.731,SSE,/api/inference/stream,True,,12,11,,
1790481722.597879,1790481725.387313,41766.20277,41768.992204,2789.434,SSE,/api/inference/stream,True,,12,12,,
1790481722.652767,1790481725.442698,41766.257657,41769.047589,2789.931,SSE,/api/inference/stream,True,,12,13,,
1790481722.710157,1790481725.500575,41766.315048,41769.105465,2790.417,SSE,/api/inference/stream,True,,12,14,,
1790481722.763577,1790481725.552988,41766.368467,41769.157878,2789.411,SSE,/api/inference/stream,True,,12,15,,
1790481722.819362,1790481725.609745,41766.424253,41769.214636,2790.383,SSE,/api/inference/stream,True,,12,16,,
1790481722.878627,1790481725.668334,41766.483518,41769.273225,2789.707,SSE,/api/inference/stream,True,,12,17,,
1790481722.931842,1790481725.722205,41766.536733,41769.327095,2790.362,SSE,/api/inference/stream,True,,12,18,,
1790481722.985649,1790481725.775578,41766.590539,41769.380468,2789.929,SSE,/api/inference/stream,True,,12,19,,
1790481723.043741,1790481725.8341,41766.648631,41769.43899,2790.359,SSE,/api/inference/stream,True,,12,20,,
1790481723.098965,1790481725.890453,41766.703856,41769.495344,2791.488,SSE,/api/inference/stream,True,,12,21,,
1790481723.15695,1790481725.947849,41766.761841,41769.552739,2790.898,SSE,/api/inference/stream,True,,12,22,,
1790481723.212156,1790481726.00218,41766.817046,41769.60707,2790.024,SSE,/api/inference/stream,True,,12,23,,
1790481723.264556,1790481726.055386,41766.869447,41769.660276,2790.829,SSE,/api/inference/stream,True,,12,24,,
1790481723.322973,1790481726.114227,41766.927864,41769.719117,2791.253,SSE,/api/inference/stream,True,,12,25,,
1790481723.379082,1790481726.1731,41766.983973,41769.777991,2794.018,SSE,/api/inference/stream,True,,12,26,,
1790481723.433609,1790481726.223377,41767.0385,41769.828268,2789.768,SSE,/api/inference/stream,True,,12,27,,
1790481723.52863,1790481726.3175,41767.133521,41769.922391,2788.871,SSE,/api/inference/stream,True,,12,28,,
1790481723.545176,1790481726.335594,41767.150067,41769.940485,2790.418,SSE,/api/inference/stream,True,,12,29,,
1790481723.600125,1790481726.391079,41767.205016,41769.995969,2790.953,SSE,/api/inference/stream,True,,12,30,,
1790481723.654989,1790481726.446335,41767.259879,41770.051226,2791.346,SSE,/api/inference/stream,True,,12,31,,
1790481723.710793,1790481726.500669,41767.315684,41770.10556,2789.876,SSE,/api/inference/stream,True,,12,32,,
1790481723.785293,1790481726.576456,41767.390184,41770.181347,2791.163,SSE,/api/inference/stream,True,,12,33,,
1790481723.821747,1790481726.612561,41767.426637,41770.217451,2790.814,SSE,/api/inference/stream,True,,12,34,,
1790481723.87721,1790481726.667692,41767.482101,41770.272583,2790.482,SSE,/api/inference/stream,True,,12,35,,
1790481723.932793,1790481726.722201,41767.537684,41770.327091,2789.407,SSE,/api/inference/stream,True,,12,36,,
1790481723.989162,1790481726.778735,41767.594053,41770.383626,2789.573,SSE,/api/inference/stream,True,,12,37,,
1790481724.043195,1790481726.833987,41767.648086,41770.438877,2790.792,SSE,/api/inference/stream,True,,12,38,,
1790481724.100105,1790481726.889963,41767.704995,41770.494853,2789.858,SSE,/api/inference/stream,True,,12,39,,
1790481724.153828,1790481726.944366,41767.758718,41770.549257,2790.539,SSE,/api/inference/stream,True,,12,40,,
1790481724.211782,1790481727.004121,41767.816672,41770.609011,2792.339,SSE,/api/inference/stream,True,,12,41,,
1790481724.267534,1790481727.05794,41767.872424,41770.66283,2790.406,SSE,/api/inference/stream,True,,12,42,,
1790481724.320705,1790481727.110082,41767.925596,41770.714972,2789.377,SSE,/api/inference/stream,True,,12,43,,
1790481724.378894,1790481727.169411,41767.983785,41770.774301,2790.516,SSE,/api/inference/stream,True,,12,44,,
1790481724.433474,1790481727.223932,41768.038364,41770.828823,2790.459,SSE,/api/inference/stream,True,,12,45,,
1790481724.491645,1790481727.282646,41768.096535,41770.887536,2791.001,SSE,/api/inference/stream,True,,12,46,,
1790481724.542316,1790481727.332305,41768.147207,41770.937196,2789.989,SSE,/api/inference/stream,True,,12,47,,
1790481724.600121,1790481727.389949,41768.205011,41770.99484,2789.829,SSE,/api/inference/stream,True,,12,48,,
1790481724.654934,1790481727.444102,41768.259825,41771.048992,2789.167,SSE,/api/inference/stream,True,,12,49,,
1790481724.721604,1790481727.509663,41768.326495,41771.114554,2788.059,SSE,/api/inference/stream,True,,12,0,,
1790481724.776198,1790481727.567522,41768.381089,41771.172412,2791.323,SSE,/api/inference/stream,True,,12,1,,
1790481724.830729,1790481727.621464,41768.435619,41771.226355,2790.735,SSE,/api/inference/stream,True,,12,2,,
1790481724.887529,1790481727.678283,41768.49242,41771.283174,2790.754,SSE,/api/inference/stream,True,,12,3,,
1790481724.943254,1790481727.73252,41768.548144,41771.337411,2789.267,SSE,/api/inference/stream,True,,12,4,,
1790481724.998516,1790481727.787978,41768.603407,41771.392868,2789.461,SSE,/api/inference/stream,True,,12,5,,
1790481725.054696,1790481727.845214,41768.659586,41771.450104,2790.518,SSE,/api/inference/stream,True,,12,6,,
1790481725.10661,1790481727.896421,41768.711501,41771.501311,2789.81,SSE,/api/inference/stream,True,,12,7,,
1790481725.167793,1790481727.957479,41768.772683,41771.56237,2789.687,SSE,/api/inference/stream,True,,12,8,,
1790481725.222061,1790481728.012221,41768.826952,41771.617112,2790.16,SSE,/api/inference/stream,True,,12,9,,
1790481725.277043,1790481728.067616,41768.881934,41771.672507,2790.573,SSE,/api/inference/stream,True,,12,10,,
1790481725.332932,1790481728.122294,41768.937822,41771.727185,2789.362,SSE,/api/inference/stream,True,,12,11,,
1790481725.387655,1790481728.177938,41768.992545,41771.782828,2790.283,SSE,/api/inference/stream,True,,12,12,,
1790481725.443085,1790481728.232834,41769.047975,41771.837724,2789.749,SSE,/api/inference/stream,True,,12,13,,
1790481725.50107,1790481728.291974,41769.105961,41771.896865,2790.904,SSE,/api/inference/stream,True,,12,14,,
1790481725.553358,1790481728.343374,41769.158249,41771.948265,2790.016,SSE,/api/inference/stream,True,,12,15,,
1790481725.610127,1790481728.400366,41769.215018,41772.005257,2790.239,SSE,/api/inference/stream,True,,12,16,,
1790481725.668622,1790481728.457724,41769.273512,41772.062614,2789.102,SSE,/api/inference/stream,True,,12,17,,
1790481725.722571,1790481728.512397,41769.327462,41772.117287,2789.825,SSE,/api/inference/stream,True,,12,18,,
1790481725.775975,1790481728.565375,41769.380865,41772.170266,2789.401,SSE,/api/inference/stream,True,,12,19,,
1790481725.834489,1790481728.624878,41769.439379,41772.229769,2790.39,SSE,/api/inference/stream,True,,12,20,,
1790481725.89087,1790481728.683975,41769.495761,41772.288865,2793.104,SSE,/api/inference/stream,True,,12,21,,
1790481725.948163,1790481728.739282,41769.553054,41772.344173,2791.119,SSE,/api/inference/stream,True,,12,22,,
1790481726.002514,1790481728.79527,41769.607405,41772.400161,2792.756,SSE,/api/inference/stream,True,,12,23,,
1790481726.055761,1790481728.846492,41769.660652,41772.451382,2790.73,SSE,/api/inference/stream,True,,12,24,,
1790481726.114521,1790481728.906081,41769.719412,41772.510971,2791.56,SSE,/api/inference/stream,True,,12,25,,
1790481726.173408,1790481728.963574,41769.778299,41772.568465,2790.166,SSE,/api/inference/stream,True,,12,26,,
1790481726.223743,1790481729.014318,41769.828633,41772.619208,2790.575,SSE,/api/inference/stream,True,,12,27,,
1790481726.317671,1790481729.105477,41769.922562,41772.710368,2787.806,SSE,/api/inference/stream,True,,12,28,,
1790481726.335837,1790481729.124197,41769.940727,41772.729087,2788.36,SSE,/api/inference/stream,True,,12,29,,
1790481726.39157,1790481729.182564,41769.996461,41772.787454,2790.994,SSE,/api/inference/stream,True,,12,30,,
1790481726.446729,1790481729.23992,41770.051619,41772.84481,2793.191,SSE,/api/inference/stream,True,,12,31,,
1790481726.500967,1790481729.290891,41770.105857,41772.895782,2789.925,SSE,/api/inference/stream,True,,12,32,,
1790481726.576756,1790481729.367013,41770.181647,41772.971904,2790.257,SSE,/api/inference/stream,True,,12,33,,
1790481726.61295,1790481729.402785,41770.21784,41773.007676,2789.835,SSE,/api/inference/stream,True,,12,34,,
1790481726.668037,1790481729.457638,41770.272928,41773.062528,2789.6,SSE,/api/inference/stream,True,,12,35,,
1790481726.722492,1790481729.511412,41770.327382,41773.116303,2788.921,SSE,/api/inference/stream,True,,12,36,,
1790481726.779076,1790481729.569158,41770.383966,41773.174048,2790.082,SSE,/api/inference/stream,True,,12,37,,
1790481726.8343,1790481729.624753,41770.43919,41773.229643,2790.453,SSE,/api/inference/stream,True,,12,38,,
1790481726.890506,1790481729.681758,41770.495396,41773.286648,2791.252,SSE,/api/inference/stream,True,,12,39,,
1790481726.944683,1790481729.735518,41770.549574,41773.340409,2790.835,SSE,/api/inference/stream,True,,12,40,,
1790481727.004531,1790481729.79376,41770.609421,41773.398651,2789.229,SSE,/api/inference/stream,True,,12,41,,
1790481727.058336,1790481729.84957,41770.663227,41773.45446,2791.233,SSE,/api/inference/stream,True,,12,42,,
1790481727.110385,1790481729.901025,41770.715276,41773.505916,2790.64,SSE,/api/inference/stream,True,,12,43,,
1790481727.169804,1790481729.96044,41770.774695,41773.565331,2790.636,SSE,/api/inference/stream,True,,12,44,,
1790481727.224298,1790481730.013989,41770.829188,41773.61888,2789.692,SSE,/api/inference/stream,True,,12,45,,
1790481727.283014,1790481730.074771,41770.887905,41773.679662,2791.757,SSE,/api/inference/stream,True,,12,46,,
1790481727.332632,1790481730.122486,41770.937522,41773.727376,2789.854,SSE,/api/inference/stream,True,,12,47,,
1790481727.390289,1790481730.182129,41770.995179,41773.787019,2791.84,SSE,/api/inference/stream,True,,12,48,,
1790481727.444493,1790481730.233823,41771.049384,41773.838714,2789.33,SSE,/api/inference/stream,True,,12,49,,
1790481727.509972,1790481730.303415,41771.114863,41773.908306,2793.443,SSE,/api/inference/stream,True,,12,0,,
1790481727.567929,1790481730.357783,41771.172819,41773.962673,2789.854,SSE,/api/inference/stream,True,,12,1,,
1790481727.621825,1790481730.412035,41771.226715,41774.016926,2790.21,SSE,/api/inference/stream,True,,12,2,,
1790481727.678633,1790481730.467044,41771.283524,41774.071935,2788.411,SSE,/api/inference/stream,True,,12,3,,
1790481727.732822,1790481730.521439,41771.337712,41774.12633,2788.617,SSE,/api/inference/stream,True,,12,4,,
1790481727.788297,1790481730.578802,41771.393188,41774.183692,2790.505,SSE,/api/inference/stream,True,,12,5,,
1790481727.845593,1790481730.637456,41771.450484,41774.242346,2791.862,SSE,/api/inference/stream,True,,12,6,,
1790481727.896711,1790481730.685532,41771.501601,41774.290422,2788.821,SSE,/api/inference/stream,True,,12,7,,
1790481727.957819,1790481730.748298,41771.56271,41774.353188,2790.479,SSE,/api/inference/stream,True,,12,8,,
1790481728.012598,1790481730.802408,41771.617489,41774.407299,2789.811,SSE,/api/inference/stream,True,,12,9,,
1790481728.06793,1790481730.856555,41771.672821,41774.461445,2788.624,SSE,/api/inference/stream,True,,12,10,,
1790481728.122701,1790481730.912844,41771.727592,41774.517735,2790.143,SSE,/api/inference/stream,True,,12,11,,
1790481728.178317,1790481730.968051,41771.783207,41774.572942,2789.735,SSE,/api/inference/stream,True,,12,12,,
1790481728.233198,1790481731.022345,41771.838089,41774.627235,2789.147,SSE,/api/inference/stream,True,,12,13,,
1790481728.292472,1790481731.084703,41771.897362,41774.689594,2792.232,SSE,/api/inference/stream,True,,12,14,,
1790481728.343667,1790481731.132773,41771.948558,41774.737663,2789.105,SSE,/api/inference/stream,True,,12,15,,
1790481728.400728,1790481731.189102,41772.005619,41774.793992,2788.374,SSE,/api/inference/stream,True,,12,16,,
1790481728.458086,1790481731.248706,41772.062976,41774.853597,2790.621,SSE,/api/inference/stream,True,,12,17,,
1790481728.512758,1790481731.303353,41772.117648,41774.908244,2790.596,SSE,/api/inference/stream,True,,12,18,,
1790481728.565758,1790481731.354353,41772.170648,41774.959243,2788.595,SSE,/api/inference/stream,True,,12,19,,
1790481728.625242,1790481731.415336,41772.230133,41775.020227,2790.094,SSE,/api/inference/stream,True,,12,20,,
1790481728.684373,1790481731.475139,41772.289264,41775.08003,2790.766,SSE,/api/inference/stream,True,,12,21,,
1790481728.739585,1790481731.530627,41772.344475,41775.135518,2791.042,SSE,/api/inference/stream,True,,12,22,,
1790481728.795584,1790481731.585665,41772.400475,41775.190556,2790.081,SSE,/api/inference/stream,True,,12,23,,
1790481728.846881,1790481731.638156,41772.451772,41775.243046,2791.275,SSE,/api/inference/stream,True,,12,24,,
1790481728.906361,1790481731.696789,41772.511251,41775.301679,2790.428,SSE,/api/inference/stream,True,,12,25,,
1790481728.964005,1790481731.754346,41772.568896,41775.359237,2790.342,SSE,/api/inference/stream,True,,12,26,,
1790481729.014728,1790481731.806646,41772.619618,41775.411537,2791.919,SSE,/api/inference/stream,True,,12,27,,
1790481729.10579,1790481731.897333,41772.710681,41775.502223,2791.543,SSE,/api/inference/stream,True,,12,28,,
1790481729.124583,1790481731.913932,41772.729474,41775.518823,2789.349,SSE,/api/inference/stream,True,,12,29,,
1790481729.182959,1790481731.976912,41772.78785,41775.581802,2793.953,SSE,/api/inference/stream,True,,12,30,,
1790481729.240286,1790481732.030199,41772.845176,41775.63509,2789.914,SSE,/api/inference/stream,True,,12,31,,
1790481729.291261,1790481732.082416,41772.896152,41775.687306,2791.154,SSE,/api/inference/stream,True,,12,32,,
1790481729.367373,1790481732.155677,41772.972263,41775.760567,2788.304,SSE,/api/inference/stream,True,,12,33,,
1790481729.403224,1790481732.193059,41773.008115,41775.79795,2789.835,SSE,/api/inference/stream,True,,12,34,,
1790481729.458025,1790481732.247349,41773.062915,41775.852239,2789.324,SSE,/api/inference/stream,True,,12,35,,
1790481729.511738,1790481732.302809,41773.116629,41775.9077,2791.071,SSE,/api/inference/stream,True,,12,36,,
1790481729.569504,1790481732.359243,41773.174394,41775.964134,2789.739,SSE,/api/inference/stream,True,,12,37,,
1790481729.625068,1790481732.415881,41773.229958,41776.020771,2790.813,SSE,/api/inference/stream,True,,12,38,,
1790481729.682165,1790481732.472247,41773.287056,41776.077138,2790.082,SSE,/api/inference/stream,True,,12,39,,
1790481729.735808,1790481732.527892,41773.340699,41776.132782,2792.084,SSE,/api/inference/stream,True,,12,40,,
1790481729.794119,1790481732.583631,41773.39901,41776.188521,2789.511,SSE,/api/inference/stream,True,,12,41,,
1790481729.849951,1790481732.639838,41773.454842,41776.244729,2789.887,SSE,/api/inference/stream,True,,12,42,,
1790481729.901326,1790481732.691013,41773.506217,41776.295904,2789.687,SSE,/api/inference/stream,True,,12,43,,
1790481729.960811,1790481732.750672,41773.565701,41776.355562,2789.861,SSE,/api/inference/stream,True,,12,44,,
1790481730.014377,1790481732.80514,41773.619267,41776.41003,2790.762,SSE,/api/inference/stream,True,,12,45,,
1790481730.07509,1790481732.866996,41773.679981,41776.471887,2791.906,SSE,/api/inference/stream,True,,12,46,,
1790481730.122829,1790481732.911986,41773.72772,41776.516877,2789.157,SSE,/api/inference/stream,True,,12,47,,
1790481730.182494,1790481732.972435,41773.787385,41776.577325,2789.941,SSE,/api/inference/stream,True,,12,48,,
1790481730.234166,1790481733.023357,41773.839057,41776.628247,2789.191,SSE,/api/inference/stream,True,,12,49,,
1790481730.303735,1790481733.095009,41773.908625,41776.699899,2791.274,SSE,/api/inference/stream,True,,12,0,,
1790481730.358168,1790481733.149995,41773.963059,41776.754886,2791.827,SSE,/api/inference/stream,True,,12,1,,
1790481730.412346,1790481733.203229,41774.017236,41776.808119,2790.883,SSE,/api/inference/stream,True,,12,2,,
1790481730.467458,1790481733.256629,41774.072349,41776.86152,2789.171,SSE,/api/inference/stream,True,,12,3,,
1790481730.521803,1790481733.313463,41774.126694,41776.918353,2791.66,SSE,/api/inference/stream,True,,12,4,,
1790481730.579211,1790481733.369571,41774.184101,41776.974461,2790.36,SSE,/api/inference/stream,True,,12,5,,
1790481730.637825,1790481733.429634,41774.242716,41777.034524,2791.809,SSE,/api/inference/stream,True,,12,6,,
1790481730.685902,1790481733.477157,41774.290792,41777.082048,2791.255,SSE,/api/inference/stream,True,,12,7,,
1790481730.748614,1790481733.538785,41774.353505,41777.143675,2790.17,SSE,/api/inference/stream,True,,12,8,,
1790481730.802772,1790481733.591583,41774.407663,41777.196474,2788.811,SSE,/api/inference/stream,True,,12,9,,
1790481730.856861,1790481733.64879,41774.461752,41777.25368,2791.928,SSE,/api/inference/stream,True,,12,10,,
1790481730.913212,1790481733.702267,41774.518103,41777.307158,2789.055,SSE,/api/inference/stream,True,,12,11,,
1790481730.968416,1790481733.759327,41774.573307,41777.364218,2790.911,SSE,/api/inference/stream,True,,12,12,,
1790481731.022714,1790481733.812604,41774.627605,41777.417494,2789.89,SSE,/api/inference/stream,True,,12,13,,
1790481731.085055,1790481733.876051,41774.689945,41777.480942,2790.997,SSE,/api/inference/stream,True,,12,14,,
1790481731.133069,1790481733.921849,41774.737959,41777.52674,2788.781,SSE,/api/inference/stream,True,,12,15,,
1790481731.189454,1790481733.978004,41774.794345,41777.582895,2788.55,SSE,/api/inference/stream,True,,12,16,,
1790481731.249021,1790481734.038774,41774.853912,41777.643665,2789.753,SSE,/api/inference/stream,True,,12,17,,
1790481731.303731,1790481734.095508,41774.908621,41777.700398,2791.777,SSE,/api/inference/stream,True,,12,18,,
1790481731.354659,1790481734.145362,41774.959549,41777.750253,2790.704,SSE,/api/inference/stream,True,,12,19,,
1790481731.415657,1790481734.205908,41775.020547,41777.810798,2790.251,SSE,/api/inference/stream,True,,12,20,,
1790481731.4754,1790481734.264263,41775.08029,41777.869154,2788.864,SSE,/api/inference/stream,True,,12,21,,
1790481731.530981,1790481734.322875,41775.135871,41777.927765,2791.894,SSE,/api/inference/stream,True,,12,22,,
1790481731.585949,1790481734.376734,41775.19084,41777.981625,2790.785,SSE,/api/inference/stream,True,,12,23,,
1790481731.638467,1790481734.430938,41775.243358,41778.035828,2792.471,SSE,/api/inference/stream,True,,12,24,,
1790481731.697092,1790481734.487433,41775.301982,41778.092323,2790.341,SSE,/api/inference/stream,True,,12,25,,
1790481731.754635,1790481734.544266,41775.359526,41778.149158,2789.632,SSE,/api/inference/stream,True,,12,26,,
1790481731.806978,1790481734.59734,41775.411868,41778.20223,2790.362,SSE,/api/inference/stream,True,,12,27,,
1790481731.897619,1790481734.688256,41775.50251,41778.293146,2790.636,SSE,/api/inference/stream,True,,12,28,,
1790481731.914243,1790481734.704031,41775.519134,41778.308922,2789.788,SSE,/api/inference/stream,True,,12,29,,
1790481731.977318,1790481734.769605,41775.582209,41778.374495,2792.286,SSE,/api/inference/stream,True,,12,30,,
1790481732.030519,1790481734.820804,41775.635409,41778.425694,2790.285,SSE,/api/inference/stream,True,,12,31,,
1790481732.082718,1790481734.873222,41775.687609,41778.478113,2790.504,SSE,/api/inference/stream,True,,12,32,,
1790481732.155978,1790481734.946205,41775.760869,41778.551095,2790.226,SSE,/api/inference/stream,True,,12,33,,
1790481732.193338,1790481734.983754,41775.798229,41778.588645,2790.417,SSE,/api/inference/stream,True,,12,34,,
1790481732.247712,1790481735.036885,41775.852603,41778.641776,2789.173,SSE,/api/inference/stream,True,,12,35,,
1790481732.303097,1790481735.093682,41775.907987,41778.698573,2790.586,SSE,/api/inference/stream,True,,12,36,,
1790481732.359519,1790481735.149518,41775.96441,41778.754409,2789.999,SSE,/api/inference/stream,True,,12,37,,
1790481732.416198,1790481735.207226,41776.021089,41778.812116,2791.027,SSE,/api/inference/stream,True,,12,38,,
1790481732.472596,1790481735.262859,41776.077486,41778.867749,2790.263,SSE,/api/inference/stream,True,,12,39,,
1790481732.528259,1790481735.318299,41776.13315,41778.92319,2790.04,SSE,/api/inference/stream,True,,12,40,,
1790481732.584004,1790481735.374403,41776.188894,41778.979293,2790.399,SSE,/api/inference/stream,True,,12,41,,
1790481732.640216,1790481735.429795,41776.245106,41779.034686,2789.579,SSE,/api/inference/stream,True,,12,42,,
1790481732.691394,1790481735.48192,41776.296285,41779.086811,2790.526,SSE,/api/inference/stream,True,,12,43,,
1790481732.751059,1790481735.540901,41776.35595,41779.145792,2789.842,SSE,/api/inference/stream,True,,12,44,,
1790481732.80553,1790481735.595049,41776.41042,41779.19994,2789.519,SSE,/api/inference/stream,True,,12,45,,
1790481732.867353,1790481735.65795,41776.472243,41779.262841,2790.598,SSE,/api/inference/stream,True,,12,46,,
1790481732.912317,1790481735.700744,41776.517207,41779.305635,2788.428,SSE,/api/inference/stream,True,,12,47,,
1790481732.972791,1790481735.762146,41776.577681,41779.367037,2789.356,SSE,/api/inference/stream,True,,12,48,,
1790481733.0237,1790481735.815211,41776.628591,41779.420102,2791.511,SSE,/api/inference/stream,True,,12,49,,
1790481733.095422,1790481735.886952,41776.700312,41779.491843,2791.53,SSE,/api/inference/stream,True,,12,0,,
1790481733.1503,1790481735.941432,41776.755191,41779.546322,2791.132,SSE,/api/inference/stream,True,,12,1,,
1790481733.203676,1790481735.993905,41776.808567,41779.598795,2790.229,SSE,/api/inference/stream,True,,12,2,,
1790481733.256907,1790481736.045401,41776.861797,41779.650292,2788.495,SSE,/api/inference/stream,True,,12,3,,
1790481733.31375,1790481736.105258,41776.918641,41779.710149,2791.508,SSE,/api/inference/stream,True,,12,4,,
1790481733.369973,1790481736.158915,41776.974864,41779.763806,2788.942,SSE,/api/inference/stream,True,,12,5,,
1790481733.430059,1790481736.221171,41777.034949,41779.826061,2791.112,SSE,/api/inference/stream,True,,12,6,,
1790481733.477452,1790481736.269223,41777.082343,41779.874113,2791.77,SSE,/api/inference/stream,True,,12,7,,
1790481733.539062,1790481736.329435,41777.143952,41779.934325,2790.373,SSE,/api/inference/stream,True,,12,8,,
1790481733.592038,1790481736.382239,41777.196929,41779.98713,2790.201,SSE,/api/inference/stream,True,,12,9,,
1790481733.649183,1790481736.439526,41777.254074,41780.044417,2790.343,SSE,/api/inference/stream,True,,12,10,,
1790481733.702631,1790481736.491962,41777.307522,41780.096853,2789.331,SSE,/api/inference/stream,True,,12,11,,
1790481733.759642,1790481736.548256,41777.364533,41780.153146,2788.614,SSE,/api/inference/stream,True,,12,12,,
1790481733.812971,1790481736.601786,41777.417861,41780.206677,2788.815,SSE,/api/inference/stream,True,,12,13,,
1790481733.876369,1790481736.667405,41777.481259,41780.272296,2791.036,SSE,/api/inference/stream,True,,12,14,,
1790481733.92215,1790481736.711739,41777.527041,41780.316629,2789.588,SSE,/api/inference/stream,True,,12,15,,
1790481733.978248,1790481736.765903,41777.583139,41780.370794,2787.655,SSE,/api/inference/stream,True,,12,16,,
1790481734.039077,1790481736.828958,41777.643967,41780.433848,2789.881,SSE,/api/inference/stream,True,,12,17,,
1790481734.095829,1790481736.885607,41777.70072,41780.490497,2789.777,SSE,/api/inference/stream,True,,12,18,,
1790481734.145707,1790481736.93432,41777.750597,41780.539211,2788.614,SSE,/api/inference/stream,True,,12,19,,
1790481734.206331,1790481736.995808,41777.811221,41780.600698,2789.477,SSE,/api/inference/stream,True,,12,20,,
1790481734.264562,1790481737.055228,41777.869453,41780.660119,2790.666,SSE,/api/inference/stream,True,,12,21,,
1790481734.323348,1790481737.113962,41777.928238,41780.718852,2790.614,SSE,/api/inference/stream,True,,12,22,,
1790481734.377033,1790481737.168889,41777.981924,41780.77378,2791.856,SSE,/api/inference/stream,True,,12,23,,
1790481734.431364,1790481737.220843,41778.036255,41780.825733,2789.478,SSE,/api/inference/stream,True,,12,24,,
1790481734.487737,1790481737.278455,41778.092628,41780.883345,2790.718,SSE,/api/inference/stream,True,,12,25,,
1790481734.544457,1790481737.335304,41778.149348,41780.940195,2790.846,SSE,/api/inference/stream,True,,12,26,,
1790481734.597735,1790481737.388971,41778.202626,41780.993862,2791.236,SSE,/api/inference/stream,True,,12,27,,
1790481734.688572,1790481737.47989,41778.293462,41781.08478,2791.318,SSE,/api/inference/stream,True,,12,28,,
1790481734.704375,1790481737.493968,41778.309266,41781.098859,2789.593,SSE,/api/inference/stream,True,,12,29,,
1790481734.770018,1790481737.560214,41778.374908,41781.165104,2790.196,SSE,/api/inference/stream,True,,12,30,,
1790481734.821107,1790481737.612646,41778.425997,41781.217537,2791.54,SSE,/api/inference/stream,True,,12,31,,
1790481734.87352,1790481737.662058,41778.478411,41781.266949,2788.538,SSE,/api/inference/stream,True,,12,32,,
1790481734.946721,1790481737.738471,41778.551612,41781.343362,2791.751,SSE,/api/inference/stream,True,,12,33,,
1790481734.984033,1790481737.775995,41778.588923,41781.380885,2791.962,SSE,/api/inference/stream,True,,12,34,,
1790481735.037231,1790481737.826768,41778.642122,41781.431659,2789.537,SSE,/api/inference/stream,True,,12,35,,
1790481735.09401,1790481737.884326,41778.6989,41781.489216,2790.316,SSE,/api/inference/stream,True,,12,36,,
1790481735.149793,1790481737.940504,41778.754684,41781.545394,2790.71,SSE,/api/inference/stream,True,,12,37,,
1790481735.207542,1790481737.997742,41778.812432,41781.602633,2790.2,SSE,/api/inference/stream,True,,12,38,,
1790481735.26332,1790481738.053965,41778.86821,41781.658856,2790.646,SSE,/api/inference/stream,True,,12,39,,
1790481735.318597,1790481738.107004,41778.923487,41781.711895,2788.407,SSE,/api/inference/stream,True,,12,40,,
1790481735.374772,1790481738.163068,41778.979663,41781.767959,2788.296,SSE,/api/inference/stream,True,,12,41,,
1790481735.430186,1790481738.220352,41779.035077,41781.825242,2790.166,SSE,/api/inference/stream,True,,12,42,,
1790481735.482218,1790481738.272366,41779.087109,41781.877257,2790.148,SSE,/api/inference/stream,True,,12,43,,
1790481735.541319,1790481738.33032,41779.14621,41781.93521,2789.0,SSE,/api/inference/stream,True,,12,44,,
1790481735.595424,1790481738.383948,41779.200315,41781.988838,2788.523,SSE,/api/inference/stream,True,,12,45,,
1790481735.658238,1790481738.450125,41779.263128,41782.055016,2791.888,SSE,/api/inference/stream,True,,12,46,,
1790481735.701041,1790481738.490009,41779.305932,41782.0949,2788.968,SSE,/api/inference/stream,True,,12,47,,
1790481735.762495,1790481738.551802,41779.367386,41782.156693,2789.307,SSE,/api/inference/stream,True,,12,48,,
1790481735.81558,1790481738.60733,41779.420471,41782.21222,2791.75,SSE,/api/inference/stream,True,,12,49,,
1790481735.887342,1790481738.676378,41779.492233,41782.281269,2789.036,SSE,/api/inference/stream,True,,12,0,,
1790481735.941747,1790481738.731558,41779.546638,41782.336449,2789.811,SSE,/api/inference/stream,True,,12,1,,
1790481735.99421,1790481738.786226,41779.599101,41782.391116,2792.016,SSE,/api/inference/stream,True,,12,2,,
1790481736.045634,1790481738.835029,41779.650525,41782.43992,2789.395,SSE,/api/inference/stream,True,,12,3,,
1790481736.105547,1790481738.895541,41779.710437,41782.500432,2789.994,SSE,/api/inference/stream,True,,12,4,,
1790481736.159255,1790481738.951276,41779.764146,41782.556167,2792.021,SSE,/api/inference/stream,True,,12,5,,
1790481736.22147,1790481739.011901,41779.826361,41782.616791,2790.431,SSE,/api/inference/stream,True,,12,6,,
1790481736.269596,1790481739.059733,41779.874487,41782.664624,2790.137,SSE,/api/inference/stream,True,,12,7,,
1790481736.329755,1790481739.120211,41779.934646,41782.725102,2790.455,SSE,/api/inference/stream,True,,12,8,,
1790481736.382541,1790481739.174443,41779.987432,41782.779333,2791.901,SSE,/api/inference/stream,True,,12,9,,
1790481736.439899,1790481739.231972,41780.04479,41782.836863,2792.073,SSE,/api/inference/stream,True,,12,10,,
1790481736.492321,1790481739.281946,41780.097211,41782.886837,2789.626,SSE,/api/inference/stream,True,,12,11,,
1790481736.54855,1790481739.337456,41780.153441,41782.942346,2788.905,SSE,/api/inference/stream,True,,12,12,,
1790481736.602124,1790481739.392894,41780.207015,41782.997784,2790.77,SSE,/api/inference/stream,True,,12,13,,
1790481736.667733,1790481739.458104,41780.272624,41783.062994,2790.371,SSE,/api/inference/stream,True,,12,14,,
1790481736.712035,1790481739.5006,41780.316925,41783.105491,2788.565,SSE,/api/inference/stream,True,,12,15,,
1790481736.766252,1790481739.558049,41780.371143,41783.16294,2791.797,SSE,/api/inference/stream,True,,12,16,,
1790481736.82928,1790481739.619437,41780.434171,41783.224328,2790.158,SSE,/api/inference/stream,True,,12,17,,
1790481736.885908,1790481739.676495,41780.490798,41783.281385,2790.587,SSE,/api/inference/stream,True,,12,18,,
1790481736.934628,1790481739.724479,41780.539518,41783.32937,2789.852,SSE,/api/inference/stream,True,,12,19,,
1790481736.996191,1790481739.785655,41780.601081,41783.390545,2789.464,SSE,/api/inference/stream,True,,12,20,,
1790481737.055562,1790481739.845815,41780.660453,41783.450706,2790.253,SSE,/api/inference/stream,True,,12,21,,
1790481737.114249,1790481739.906618,41780.719139,41783.511508,2792.369,SSE,/api/inference/stream,True,,12,22,,
1790481737.16924,1790481739.962445,41780.77413,41783.567336,2793.205,SSE,/api/inference/stream,True,,12,23,,
1790481737.221181,1790481740.0104,41780.826071,41783.61529,2789.219,SSE,/api/inference/stream,True,,12,24,,
1790481737.278754,1790481740.069702,41780.883645,41783.674593,2790.948,SSE,/api/inference/stream,True,,12,25,,
1790481737.335638,1790481740.125933,41780.940529,41783.730824,2790.295,SSE,/api/inference/stream,True,,12,26,,
1790481737.389277,1790481740.179701,41780.994167,41783.784592,2790.425,SSE,/api/inference/stream,True,,12,27,,
1790481737.480218,1790481740.270999,41781.085109,41783.875889,2790.781,SSE,/api/inference/stream,True,,12,28,,
1790481737.49434,1790481740.284057,41781.099231,41783.888948,2789.717,SSE,/api/inference/stream,True,,12,29,,
1790481737.560514,1790481740.350516,41781.165404,41783.955407,2790.002,SSE,/api/inference/stream,True,,12,30,,
1790481737.612996,1790481740.402529,41781.217887,41784.007419,2789.533,SSE,/api/inference/stream,True,,12,31,,
1790481737.662321,1790481740.451068,41781.267212,41784.055959,2788.747,SSE,/api/inference/stream,True,,12,32,,
1790481737.738734,1790481740.529643,41781.343624,41784.134534,2790.91,SSE,/api/inference/stream,True,,12,33,,
1790481737.776317,1790481740.566869,41781.381207,41784.17176,2790.553,SSE,/api/inference/stream,True,,12,34,,
1790481737.827183,1790481740.617143,41781.432074,41784.222033,2789.96,SSE,/api/inference/stream,True,,12,35,,
1790481737.884637,1790481740.675827,41781.489528,41784.280718,2791.19,SSE,/api/inference/stream,True,,12,36,,
1790481737.94087,1790481740.731433,41781.54576,41784.336323,2790.563,SSE,/api/inference/stream,True,,12,37,,
1790481737.99802,1790481740.787007,41781.602911,41784.391898,2788.987,SSE,/api/inference/stream,True,,12,38,,
1790481738.054361,1790481740.845912,41781.659252,41784.450802,2791.55,SSE,/api/inference/stream,True,,12,39,,
1790481738.107383,1790481740.897207,41781.712274,41784.502097,2789.823,SSE,/api/inference/stream,True,,12,40,,
1790481738.163465,1790481740.953119,41781.768355,41784.558009,2789.654,SSE,/api/inference/stream,True,,12,41,,
1790481738.220641,1790481741.010309,41781.825532,41784.615199,2789.667,SSE,/api/inference/stream,True,,12,42,,
1790481738.272672,1790481741.061922,41781.877563,41784.666813,2789.25,SSE,/api/inference/stream,True,,12,43,,
1790481738.330686,1790481741.120644,41781.935577,41784.725534,2789.958,SSE,/api/inference/stream,True,,12,44,,
1790481738.384311,1790481741.173752,41781.989202,41784.778642,2789.44,SSE,/api/inference/stream,True,,12,45,,
1790481738.450526,1790481741.240928,41782.055417,41784.845819,2790.402,SSE,/api/inference/stream,True,,12,46,,
1790481738.49034,1790481741.283426,41782.095231,41784.888316,2793.086,SSE,/api/inference/stream,True,,12,47,,
1790481738.552176,1790481741.341324,41782.157067,41784.946214,2789.147,SSE,/api/inference/stream,True,,12,48,,
1790481738.607684,1790481741.399936,41782.212575,41785.004826,2792.251,SSE,/api/inference/stream,True,,12,49,,
1790481738.676736,1790481741.466686,41782.281627,41785.071577,2789.95,SSE,/api/inference/stream,True,,12,0,,
1790481738.731798,1790481741.521523,41782.336689,41785.126414,2789.725,SSE,/api/inference/stream,True,,12,1,,
1790481738.786534,1790481741.57663,41782.391425,41785.181521,2790.096,SSE,/api/inference/stream,True,,12,2,,
1790481738.835506,1790481741.625828,41782.440397,41785.230719,2790.322,SSE,/api/inference/stream,True,,12,3,,
1790481738.895838,1790481741.685009,41782.500728,41785.289899,2789.171,SSE,/api/inference/stream,True,,12,4,,
1790481738.951598,1790481741.742804,41782.556489,41785.347694,2791.205,SSE,/api/inference/stream,True,,12,5,,
1790481739.012211,1790481741.803004,41782.617101,41785.407894,2790.793,SSE,/api/inference/stream,True,,12,6,,
1790481739.060133,1790481741.849584,41782.665024,41785.454475,2789.451,SSE,/api/inference/stream,True,,12,7,,
1790481739.120551,1790481741.911404,41782.725442,41785.516295,2790.853,SSE,/api/inference/stream,True,,12,8,,
1790481739.174801,1790481741.964727,41782.779692,41785.569617,2789.925,SSE,/api/inference/stream,True,,12,9,,
1790481739.232393,1790481742.022019,41782.837284,41785.626909,2789.625,SSE,/api/inference/stream,True,,12,10,,
1790481739.282259,1790481742.071617,41782.887149,41785.676508,2789.358,SSE,/api/inference/stream,True,,12,11,,
1790481739.337752,1790481742.127386,41782.942643,41785.732276,2789.633,SSE,/api/inference/stream,True,,12,12,,
1790481739.393202,1790481742.18236,41782.998093,41785.787251,2789.157,SSE,/api/inference/stream,True,,12,13,,
1790481739.458559,1790481742.248366,41783.06345,41785.853257,2789.807,SSE,/api/inference/stream,True,,12,14,,
1790481739.500882,1790481742.290345,41783.105773,41785.895235,2789.462,SSE,/api/inference/stream,True,,12,15,,
1790481739.558399,1790481742.350142,41783.163289,41785.955033,2791.743,SSE,/api/inference/stream,True,,12,16,,
1790481739.619808,1790481742.410451,41783.224699,41786.015341,2790.643,SSE,/api/inference/stream,True,,12,17,,
1790481739.676813,1790481742.467635,41783.281704,41786.072525,2790.821,SSE,/api/inference/stream,True,,12,18,,
1790481739.724778,1790481742.514533,41783.329669,41786.119424,2789.755,SSE,/api/inference/stream,True,,12,19,,
1790481739.786009,1790481742.57403,41783.3909,41786.17892,2788.02,SSE,/api/inference/stream,True,,12,20,,
1790481739.846078,1790481742.63731,41783.450969,41786.242201,2791.232,SSE,/api/inference/stream,True,,12,21,,
1790481739.906945,1790481742.696729,41783.511836,41786.30162,2789.784,SSE,/api/inference/stream,True,,12,22,,
1790481739.962732,1790481742.751409,41783.567623,41786.3563,2788.678,SSE,/api/inference/stream,True,,12,23,,
1790481740.010764,1790481742.800015,41783.615655,41786.404906,2789.251,SSE,/api/inference/stream,True,,12,24,,
1790481740.070045,1790481742.859066,41783.674937,41786.463957,2789.02,SSE,/api/inference/stream,True,,12,25,,
1790481740.126279,1790481742.917768,41783.731169,41786.522659,2791.489,SSE,/api/inference/stream,True,,12,26,,
1790481740.179964,1790481742.970334,41783.784854,41786.575225,2790.37,SSE,/api/inference/stream,True,,12,27,,
1790481740.271341,1790481743.06449,41783.876231,41786.669381,2793.15,SSE,/api/inference/stream,True,,12,28,,
1790481740.284423,1790481743.073712,41783.889314,41786.678603,2789.289,SSE,/api/inference/stream,True,,12,29,,
1790481740.35082,1790481743.141324,41783.955711,41786.746215,2790.504,SSE,/api/inference/stream,True,,12,30,,
1790481740.402846,1790481743.192604,41784.007737,41786.797495,2789.758,SSE,/api/inference/stream,True,,12,31,,
1790481740.451493,1790481743.241805,41784.056384,41786.846696,2790.312,SSE,/api/inference/stream,True,,12,32,,
1790481740.530014,1790481743.320832,41784.134905,41786.925722,2790.817,SSE,/api/inference/stream,True,,12,33,,
1790481740.567294,1790481743.357592,41784.172185,41786.962482,2790.298,SSE,/api/inference/stream,True,,12,34,,
1790481740.617502,1790481743.40739,41784.222393,41787.01228,2789.887,SSE,/api/inference/stream,True,,12,35,,
1790481740.676111,1790481743.466138,41784.281001,41787.071029,2790.028,SSE,/api/inference/stream,True,,12,36,,
1790481740.731804,1790481743.522024,41784.336695,41787.126915,2790.22,SSE,/api/inference/stream,True,,12,37,,
1790481740.787361,1790481743.577521,41784.392252,41787.182412,2790.16,SSE,/api/inference/stream,True,,12,38,,
1790481740.846368,1790481743.637443,41784.451258,41787.242333,2791.075,SSE,/api/inference/stream,True,,12,39,,
1790481740.897526,1790481743.687753,41784.502416,41787.292643,2790.227,SSE,/api/inference/stream,True,,12,40,,
1790481740.953424,1790481743.744344,41784.558315,41787.349234,2790.919,SSE,/api/inference/stream,True,,12,41,,
1790481741.010638,1790481743.800451,41784.615529,41787.405341,2789.812,SSE,/api/inference/stream,True,,12,42,,
1790481741.062264,1790481743.853972,41784.667155,41787.458863,2791.708,SSE,/api/inference/stream,True,,12,43,,
1790481741.120987,1790481743.909594,41784.725879,41787.514485,2788.606,SSE,/api/inference/stream,True,,12,44,,
1790481741.174108,1790481743.963446,41784.778998,41787.568336,2789.338,SSE,/api/inference/stream,True,,12,45,,
1790481741.241225,1790481744.031587,41784.846116,41787.636477,2790.361,SSE,/api/inference/stream,True,,12,46,,
1790481741.283785,1790481744.074438,41784.888675,41787.679329,2790.654,SSE,/api/inference/stream,True,,12,47,,
1790481741.341669,1790481744.130577,41784.946559,41787.735468,2788.909,SSE,/api/inference/stream,True,,12,48,,
1790481741.400323,1790481744.191747,41785.005214,41787.796638,2791.424,SSE,/api/inference/stream,True,,12,49,,
1790481741.46702,1790481744.256665,41785.071911,41787.861556,2789.646,SSE,/api/inference/stream,True,,12,0,,
1790481741.52185,1790481744.312211,41785.126741,41787.917102,2790.361,SSE,/api/inference/stream,True,,12,1,,
1790481741.576971,1790481744.367407,41785.181862,41787.972298,2790.436,SSE,/api/inference/stream,True,,12,2,,
1790481741.626097,1790481744.415481,41785.230988,41788.020371,2789.383,SSE,/api/inference/stream,True,,12,3,,
1790481741.685294,1790481744.476313,41785.290185,41788.081204,2791.02,SSE,/api/inference/stream,True,,12,4,,
1790481741.743102,1790481744.533378,41785.347993,41788.138269,2790.276,SSE,/api/inference/stream,True,,12,5,,
1790481741.803417,1790481744.593565,41785.408307,41788.198455,2790.148,SSE,/api/inference/stream,True,,12,6,,
1790481741.849853,1790481744.639457,41785.454743,41788.244348,2789.605,SSE,/api/inference/stream,True,,12,7,,
1790481741.911753,1790481744.701654,41785.516644,41788.306544,2789.9,SSE,/api/inference/stream,True,,12,8,,
1790481741.965084,1790481744.756891,41785.569975,41788.361781,2791.807,SSE,/api/inference/stream,True,,12,9,,
1790481742.022402,1790481744.812326,41785.627293,41788.417217,2789.924,SSE,/api/inference/stream,True,,12,10,,
1790481742.072056,1790481744.862665,41785.676947,41788.467555,2790.609,SSE,/api/inference/stream,True,,12,11,,
1790481742.127759,1790481744.917318,41785.732649,41788.522209,2789.56,SSE,/api/inference/stream,True,,12,12,,
1790481742.182666,1790481744.972728,41785.787557,41788.577619,2790.062,SSE,/api/inference/stream,True,,12,13,,
1790481742.248676,1790481745.041454,41785.853567,41788.646345,2792.778,SSE,/api/inference/stream,True,,12,14,,
1790481742.290679,1790481745.081682,41785.89557,41788.686572,2791.003,SSE,/api/inference/stream,True,,12,15,,
1790481742.350504,1790481745.13932,41785.955395,41788.744211,2788.816,SSE,/api/inference/stream,True,,12,16,,
1790481742.410816,1790481745.20135,41786.015707,41788.80624,2790.534,SSE,/api/inference/stream,True,,12,17,,
1790481742.467939,1790481745.257959,41786.072829,41788.862849,2790.02,SSE,/api/inference/stream,True,,12,18,,
1790481742.514894,1790481745.304557,41786.119785,41788.909448,2789.662,SSE,/api/inference/stream,True,,12,19,,
1790481742.574394,1790481745.363493,41786.179284,41788.968384,2789.1,SSE,/api/inference/stream,True,,12,20,,
1790481742.637626,1790481745.427797,41786.242517,41789.032688,2790.172,SSE,/api/inference/stream,True,,12,21,,
1790481742.697063,1790481745.486879,41786.301954,41789.09177,2789.816,SSE,/api/inference/stream,True,,12,22,,
1790481742.751745,1790481745.542424,41786.356636,41789.147315,2790.679,SSE,/api/inference/stream,True,,12,23,,
1790481742.800351,1790481745.590178,41786.405241,41789.195068,2789.827,SSE,/api/inference/stream,True,,12,24,,
1790481742.859364,1790481745.648472,41786.464255,41789.253363,2789.108,SSE,/api/inference/stream,True,,12,25,,
1790481742.918046,1790481745.709748,41786.522937,41789.314639,2791.702,SSE,/api/inference/stream,True,,12,26,,
1790481742.970674,1790481745.761886,41786.575564,41789.366776,2791.212,SSE,/api/inference/stream,True,,12,27,,
1790481743.064862,1790481745.854558,41786.669752,41789.459448,2789.696,SSE,/api/inference/stream,True,,12,28,,
1790481743.07399,1790481745.861448,41786.678881,41789.466339,2787.458,SSE,/api/inference/stream,True,,12,29,,
1790481743.141766,1790481745.930783,41786.746656,41789.535673,2789.017,SSE,/api/inference/stream,True,,12,30,,
1790481743.192938,1790481745.981559,41786.797829,41789.586449,2788.621,SSE,/api/inference/stream,True,,12,31,,
1790481743.242166,1790481746.031806,41786.847056,41789.636696,2789.64,SSE,/api/inference/stream,True,,12,32,,
1790481743.321101,1790481746.111753,41786.925992,41789.716644,2790.652,SSE,/api/inference/stream,True,,12,33,,
1790481743.357955,1790481746.148096,41786.962845,41789.752987,2790.141,SSE,/api/inference/stream,True,,12,34,,
1790481743.407708,1790481746.19745,41787.012599,41789.802341,2789.742,SSE,/api/inference/stream,True,,12,35,,
1790481743.466419,1790481746.25626,41787.07131,41789.861151,2789.841,SSE,/api/inference/stream,True,,12,36,,
1790481743.522294,1790481746.312151,41787.127185,41789.917042,2789.857,SSE,/api/inference/stream,True,,12,37,,
1790481743.57795,1790481746.371205,41787.18284,41789.976096,2793.256,SSE,/api/inference/stream,True,,12,38,,
1790481743.637851,1790481746.428004,41787.242742,41790.032895,2790.153,SSE,/api/inference/stream,True,,12,39,,
1790481743.688041,1790481746.478135,41787.292931,41790.083026,2790.095,SSE,/api/inference/stream,True,,12,40,,
1790481743.744725,1790481746.534982,41787.349616,41790.139872,2790.257,SSE,/api/inference/stream,True,,12,41,,
1790481743.800754,1790481746.592275,41787.405645,41790.197166,2791.521,SSE,/api/inference/stream,True,,12,42,,
1790481743.854346,1790481746.642885,41787.459236,41790.247776,2788.539,SSE,/api/inference/stream,True,,12,43,,
1790481743.909884,1790481746.697989,41787.514775,41790.30288,2788.105,SSE,/api/inference/stream,True,,12,44,,
1790481743.963814,1790481746.752851,41787.568704,41790.357741,2789.037,SSE,/api/inference/stream,True,,12,45,,
1790481744.031892,1790481746.823225,41787.636783,41790.428116,2791.333,SSE,/api/inference/stream,True,,12,46,,
1790481744.074807,1790481746.863858,41787.679698,41790.468748,2789.05,SSE,/api/inference/stream,True,,12,47,,
1790481744.130941,1790481746.920235,41787.735832,41790.525126,2789.294,SSE,/api/inference/stream,True,,12,48,,
1790481744.192047,1790481746.981461,41787.796938,41790.586351,2789.413,SSE,/api/inference/stream,True,,12,49,,
1790481744.257033,1790481747.046018,41787.861924,41790.650909,2788.985,SSE,/api/inference/stream,True,,12,0,,
1790481744.312478,1790481747.103107,41787.917369,41790.707998,2790.629,SSE,/api/inference/stream,True,,12,1,,
1790481744.367711,1790481747.158361,41787.972602,41790.763252,2790.65,SSE,/api/inference/stream,True,,12,2,,
1790481744.415781,1790481747.206476,41788.020671,41790.811367,2790.696,SSE,/api/inference/stream,True,,12,3,,
1790481744.476644,1790481747.266984,41788.081535,41790.871875,2790.341,SSE,/api/inference/stream,True,,12,4,,
1790481744.533726,1790481747.322462,41788.138617,41790.927353,2788.736,SSE,/api/inference/stream,True,,12,5,,
1790481744.593847,1790481747.3839,41788.198738,41790.988791,2790.053,SSE,/api/inference/stream,True,,12,6,,
1790481744.639736,1790481747.43062,41788.244628,41791.035511,2790.883,SSE,/api/inference/stream,True,,12,7,,
1790481744.702023,1790481747.491332,41788.306914,41791.096223,2789.309,SSE,/api/inference/stream,True,,12,8,,
1790481744.757212,1790481747.547477,41788.362103,41791.152368,2790.265,SSE,/api/inference/stream,True,,12,9,,
1790481744.812718,1790481747.602107,41788.417608,41791.206997,2789.389,SSE,/api/inference/stream,True,,12,10,,
1790481744.863035,1790481747.653568,41788.467925,41791.258458,2790.533,SSE,/api/inference/stream,True,,12,11,,
1790481744.917625,1790481747.707083,41788.522515,41791.311973,2789.458,SSE,/api/inference/stream,True,,12,12,,
1790481744.97302,1790481747.761386,41788.57791,41791.366276,2788.366,SSE,/api/inference/stream,True,,12,13,,
1790481745.041774,1790481747.83233,41788.646665,41791.437221,2790.556,SSE,/api/inference/stream,True,,12,14,,
1790481745.082012,1790481747.870499,41788.686903,41791.47539,2788.487,SSE,/api/inference/stream,True,,12,15,,
1790481745.139667,1790481747.927752,41788.744557,41791.532642,2788.085,SSE,/api/inference/stream,True,,12,16,,
1790481745.201692,1790481747.990697,41788.806583,41791.595588,2789.005,SSE,/api/inference/stream,True,,12,17,,
1790481745.258469,1790481748.047332,41788.86336,41791.652223,2788.863,SSE,/api/inference/stream,True,,12,18,,
1790481745.304896,1790481748.092294,41788.909787,41791.697184,2787.398,SSE,/api/inference/stream,True,,12,19,,
1790481745.363818,1790481748.154158,41788.968708,41791.759048,2790.34,SSE,/api/inference/stream,True,,12,20,,
1790481745.428068,1790481748.217785,41789.032958,41791.822675,2789.717,SSE,/api/inference/stream,True,,12,21,,
1790481745.487292,1790481748.276989,41789.092183,41791.88188,2789.697,SSE,/api/inference/stream,True,,12,22,,
1790481745.542763,1790481748.332729,41789.147654,41791.93762,2789.965,SSE,/api/inference/stream,True,,12,23,,
1790481745.59046,1790481748.38119,41789.195351,41791.98608,2790.729,SSE,/api/inference/stream,True,,12,24,,
1790481745.648803,1790481748.440376,41789.253694,41792.045266,2791.573,SSE,/api/inference/stream,True,,12,25,,
1790481745.710105,1790481748.499691,41789.314995,41792.104581,2789.586,SSE,/api/inference/stream,True,,12,26,,
1790481745.762177,1790481748.55437,41789.367067,41792.15926,2792.193,SSE,/api/inference/stream,True,,12,27,,
1790481745.854936,1790481748.645095,41789.459826,41792.249985,2790.159,SSE,/api/inference/stream,True,,12,28,,
1790481745.861673,1790481748.651158,41789.466564,41792.256049,2789.485,SSE,/api/inference/stream,True,,12,29,,
1790481745.931198,1790481748.721498,41789.536089,41792.326389,2790.3,SSE,/api/inference/stream,True,,12,30,,
1790481745.9818,1790481748.771334,41789.586691,41792.376224,2789.534,SSE,/api/inference/stream,True,,12,31,,
1790481746.032188,1790481748.821911,41789.637079,41792.426802,2789.723,SSE,/api/inference/stream,True,,12,32,,
1790481746.11202,1790481748.901367,41789.716911,41792.506258,2789.347,SSE,/api/inference/stream,True,,12,33,,
1790481746.148383,1790481748.936762,41789.753274,41792.541653,2788.379,SSE,/api/inference/stream,True,,12,34,,
1790481746.197817,1790481748.98753,41789.802708,41792.59242,2789.712,SSE,/api/inference/stream,True,,12,35,,
1790481746.25654,1790481749.046548,41789.861431,41792.651439,2790.008,SSE,/api/inference/stream,True,,12,36,,
1790481746.312456,1790481749.101723,41789.917346,41792.706614,2789.268,SSE,/api/inference/stream,True,,12,37,,
1790481746.371519,1790481749.161988,41789.97641,41792.766879,2790.47,SSE,/api/inference/stream,True,,12,38,,
1790481746.428264,1790481749.217021,41790.033155,41792.821911,2788.757,SSE,/api/inference/stream,True,,12,39,,
1790481746.478432,1790481749.268763,41790.083322,41792.873653,2790.331,SSE,/api/inference/stream,True,,12,40,,
1790481746.535398,1790481749.326319,41790.140289,41792.93121,2790.921,SSE,/api/inference/stream,True,,12,41,,
1790481746.592569,1790481749.384312,41790.197459,41792.989203,2791.743,SSE,/api/inference/stream,True,,12,42,,
1790481746.643295,1790481749.432382,41790.248185,41793.037272,2789.087,SSE,/api/inference/stream,True,,12,43,,
1790481746.698266,1790481749.488175,41790.303156,41793.093065,2789.909,SSE,/api/inference/stream,True,,12,44,,
1790481746.753152,1790481749.5421,41790.358042,41793.14699,2788.948,SSE,/api/inference/stream,True,,12,45,,
1790481746.823555,1790481749.614459,41790.428445,41793.219349,2790.904,SSE,/api/inference/stream,True,,12,46,,
1790481746.864202,1790481749.652736,41790.469093,41793.257627,2788.534,SSE,/api/inference/stream,True,,12,47,,
1790481746.920587,1790481749.710043,41790.525477,41793.314934,2789.457,SSE,/api/inference/stream,True,,12,48,,
1790481746.981828,1790481749.771692,41790.586719,41793.376582,2789.863,SSE,/api/inference/stream,True,,12,49,,
1790481747.046374,1790481749.835803,41790.651265,41793.440693,2789.428,SSE,/api/inference/stream,True,,12,0,,
1790481747.1035,1790481749.894066,41790.708391,41793.498957,2790.566,SSE,/api/inference/stream,True,,12,1,,
1790481747.158669,1790481749.948803,41790.763559,41793.553694,2790.134,SSE,/api/inference/stream,True,,12,2,,
1790481747.206788,1790481749.996568,41790.811679,41793.601459,2789.78,SSE,/api/inference/stream,True,,12,3,,
1790481747.267364,1790481750.054348,41790.872255,41793.659239,2786.985,SSE,/api/inference/stream,True,,12,4,,
1790481747.322728,1790481750.110544,41790.927619,41793.715435,2787.815,SSE,/api/inference/stream,True,,12,5,,
1790481747.384167,1790481750.173188,41790.989058,41793.778079,2789.02,SSE,/api/inference/stream,True,,12,6,,
1790481747.430869,1790481750.221003,41791.03576,41793.825894,2790.134,SSE,/api/inference/stream,True,,12,7,,
1790481747.491761,1790481750.280431,41791.096652,41793.885322,2788.67,SSE,/api/inference/stream,True,,12,8,,
1790481747.547773,1790481750.337794,41791.152663,41793.942684,2790.021,SSE,/api/inference/stream,True,,12,9,,
1790481747.602468,1790481750.392133,41791.207358,41793.997023,2789.665,SSE,/api/inference/stream,True,,12,10,,
1790481747.65399,1790481750.443359,41791.258881,41794.048249,2789.369,SSE,/api/inference/stream,True,,12,11,,
1790481747.707479,1790481750.497628,41791.312369,41794.102519,2790.15,SSE,/api/inference/stream,True,,12,12,,
1790481747.761756,1790481750.550643,41791.366647,41794.155533,2788.886,SSE,/api/inference/stream,True,,12,13,,
1790481747.83261,1790481750.622273,41791.4375,41794.227164,2789.664,SSE,/api/inference/stream,True,,12,14,,
1790481747.870765,1790481750.660063,41791.475656,41794.264953,2789.297,SSE,/api/inference/stream,True,,12,15,,
1790481747.928072,1790481750.718095,41791.532963,41794.322985,2790.022,SSE,/api/inference/stream,True,,12,16,,
1790481747.990995,1790481750.781952,41791.595886,41794.386843,2790.957,SSE,/api/inference/stream,True,,12,17,,
1790481748.047683,1790481750.837177,41791.652574,41794.442067,2789.494,SSE,/api/inference/stream,True,,12,18,,
1790481748.09257,1790481750.881642,41791.697461,41794.486532,2789.072,SSE,/api/inference/stream,True,,12,19,,
1790481748.154463,1790481750.94423,41791.759353,41794.549121,2789.768,SSE,/api/inference/stream,True,,12,20,,
1790481748.21807,1790481751.007332,41791.822961,41794.612223,2789.262,SSE,/api/inference/stream,True,,12,21,,
1790481748.277326,1790481751.066627,41791.882217,41794.671518,2789.302,SSE,/api/inference/stream,True,,12,22,,
1790481748.333089,1790481751.122524,41791.93798,41794.727416,2789.436,SSE,/api/inference/stream,True,,12,23,,
1790481748.381484,1790481751.170457,41791.986375,41794.775348,2788.973,SSE,/api/inference/stream,True,,12,24,,
1790481748.440663,1790481751.230416,41792.045554,41794.835307,2789.753,SSE,/api/inference/stream,True,,12,25,,
1790481748.500022,1790481751.289302,41792.104912,41794.894193,2789.28,SSE,/api/inference/stream,True,,12,26,,
1790481748.554748,1790481751.347461,41792.159639,41794.952351,2792.712,SSE,/api/inference/stream,True,,12,27,,
1790481748.645464,1790481751.436663,41792.250355,41795.041554,2791.199,SSE,/api/inference/stream,True,,12,28,,
1790481748.6514,1790481751.443477,41792.256291,41795.048368,2792.077,SSE,/api/inference/stream,True,,12,29,,
1790481748.721834,1790481751.512208,41792.326725,41795.117099,2790.374,SSE,/api/inference/stream,True,,12,30,,
1790481748.771681,1790481751.562408,41792.376572,41795.167299,2790.727,SSE,/api/inference/stream,True,,12,31,,
1790481748.82223,1790481751.612518,41792.42712,41795.217409,2790.289,SSE,/api/inference/stream,True,,12,32,,
1790481748.9017,1790481751.690942,41792.50659,41795.295833,2789.243,SSE,/api/inference/stream,True,,12,33,,
1790481748.937047,1790481751.726461,41792.541937,41795.331351,2789.414,SSE,/api/inference/stream,True,,12,34,,
1790481748.987896,1790481751.776594,41792.592787,41795.381485,2788.698,SSE,/api/inference/stream,True,,12,35,,
1790481749.046844,1790481751.836763,41792.651735,41795.441654,2789.919,SSE,/api/inference/stream,True,,12,36,,
1790481749.102,1790481751.892849,41792.70689,41795.497739,2790.849,SSE,/api/inference/stream,True,,12,37,,
1790481749.162284,1790481751.952935,41792.767175,41795.557825,2790.65,SSE,/api/inference/stream,True,,12,38,,
1790481749.217376,1790481752.007471,41792.822267,41795.612362,2790.095,SSE,/api/inference/stream,True,,12,39,,
1790481749.269083,1790481752.061322,41792.873974,41795.666213,2792.24,SSE,/api/inference/stream,True,,12,40,,
1790481749.326661,1790481752.118238,41792.931551,41795.723129,2791.577,SSE,/api/inference/stream,True,,12,41,,
1790481749.384732,1790481752.17534,41792.989623,41795.780231,2790.608,SSE,/api/inference/stream,True,,12,42,,
1790481749.432685,1790481752.221231,41793.037575,41795.826122,2788.546,SSE,/api/inference/stream,True,,12,43,,
1790481749.488496,1790481752.278381,41793.093386,41795.883271,2789.885,SSE,/api/inference/stream,True,,12,44,,
1790481749.542375,1790481752.332669,41793.147265,41795.937559,2790.294,SSE,/api/inference/stream,True,,12,45,,
1790481749.614803,1790481752.406284,41793.219693,41796.011175,2791.481,SSE,/api/inference/stream,True,,12,46,,
1790481749.65311,1790481752.442137,41793.258001,41796.047027,2789.026,SSE,/api/inference/stream,True,,12,47,,
1790481749.710414,1790481752.499281,41793.315305,41796.104172,2788.867,SSE,/api/inference/stream,True,,12,48,,
1790481749.772058,1790481752.562717,41793.376948,41796.167607,2790.659,SSE,/api/inference/stream,True,,12,49,,
1790481749.836126,1790481752.626086,41793.441016,41796.230977,2789.961,SSE,/api/inference/stream,True,,12,0,,
1790481749.89527,1790481752.685512,41793.50016,41796.290402,2790.242,SSE,/api/inference/stream,True,,12,1,,
1790481749.949186,1790481752.73817,41793.554077,41796.34306,2788.984,SSE,/api/inference/stream,True,,12,2,,
1790481749.996868,1790481752.788245,41793.601759,41796.393136,2791.377,SSE,/api/inference/stream,True,,12,3,,
1790481750.054595,1790481752.841657,41793.659485,41796.446547,2787.062,SSE,/api/inference/stream,True,,12,4,,
1790481750.110808,1790481752.897478,41793.715699,41796.502368,2786.67,SSE,/api/inference/stream,True,,12,5,,
1790481750.17343,1790481752.961422,41793.778321,41796.566313,2787.992,SSE,/api/inference/stream,True,,12,6,,
1790481750.221259,1790481753.01334,41793.82615,41796.618231,2792.081,SSE,/api/inference/stream,True,,12,7,,
1790481750.280734,1790481753.068987,41793.885625,41796.673878,2788.253,SSE,/api/inference/stream,True,,12,8,,
1790481750.338093,1790481753.129369,41793.942984,41796.73426,2791.276,SSE,/api/inference/stream,True,,12,9,,
1790481750.392492,1790481753.18277,41793.997382,41796.787661,2790.279,SSE,/api/inference/stream,True,,12,10,,
1790481750.443701,1790481753.233071,41794.048591,41796.837962,2789.37,SSE,/api/inference/stream,True,,12,11,,
1790481750.497954,1790481753.287217,41794.102844,41796.892108,2789.263,SSE,/api/inference/stream,True,,12,12,,
1790481750.550958,1790481753.340895,41794.155849,41796.945786,2789.937,SSE,/api/inference/stream,True,,12,13,,
1790481750.622548,1790481753.412424,41794.227439,41797.017315,2789.875,SSE,/api/inference/stream,True,,12,14,,
1790481750.660408,1790481753.450593,41794.265299,41797.055483,2790.185,SSE,/api/inference/stream,True,,12,15,,
1790481750.718462,1790481753.507502,41794.323353,41797.112393,2789.04,SSE,/api/inference/stream,True,,12,16,,
1790481750.782329,1790481753.575627,41794.387219,41797.180516,2793.297,SSE,/api/inference/stream,True,,12,17,,
1790481750.837488,1790481753.627701,41794.442379,41797.232591,2790.212,SSE,/api/inference/stream,True,,12,18,,
1790481750.881942,1790481753.671951,41794.486833,41797.276841,2790.009,SSE,/api/inference/stream,True,,12,19,,
1790481750.944558,1790481753.73287,41794.549449,41797.33776,2788.312,SSE,/api/inference/stream,True,,12,20,,
1790481751.007648,1790481753.798618,41794.612538,41797.403509,2790.97,SSE,/api/inference/stream,True,,12,21,,
1790481751.06692,1790481753.856733,41794.671811,41797.461624,2789.813,SSE,/api/inference/stream,True,,12,22,,
1790481751.123361,1790481753.913176,41794.728252,41797.518066,2789.815,SSE,/api/inference/stream,True,,12,23,,
1790481751.170787,1790481753.961486,41794.775678,41797.566377,2790.699,SSE,/api/inference/stream,True,,12,24,,
1790481751.230697,1790481754.01956,41794.835589,41797.624451,2788.863,SSE,/api/inference/stream,True,,12,25,,
1790481751.289661,1790481754.079756,41794.894551,41797.684646,2790.095,SSE,/api/inference/stream,True,,12,26,,
1790481751.347829,1790481754.138604,41794.95272,41797.743494,2790.775,SSE,/api/inference/stream,True,,12,27,,
1790481751.437021,1790481754.228293,41795.041911,41797.833184,2791.273,SSE,/api/inference/stream,True,,12,28,,
1790481751.443697,1790481754.239419,41795.048588,41797.844311,2795.723,SSE,/api/inference/stream,True,,12,29,,
1790481751.512561,1790481754.301179,41795.117452,41797.90607,2788.617,SSE,/api/inference/stream,True,,12,30,,
1790481751.562758,1790481754.353779,41795.167649,41797.958669,2791.02,SSE,/api/inference/stream,True,,12,31,,
1790481751.6129,1790481754.403876,41795.217791,41798.008766,2790.976,SSE,/api/inference/stream,True,,12,32,,
1790481751.691227,1790481754.479904,41795.296118,41798.084795,2788.677,SSE,/api/inference/stream,True,,12,33,,
1790481751.726761,1790481754.515719,41795.331651,41798.12061,2788.958,SSE,/api/inference/stream,True,,12,34,,
1790481751.776897,1790481754.567647,41795.381787,41798.172538,2790.75,SSE,/api/inference/stream,True,,12,35,,
1790481751.837127,1790481754.625996,41795.442017,41798.230886,2788.869,SSE,/api/inference/stream,True,,12,36,,
1790481751.893197,1790481754.682014,41795.498087,41798.286905,2788.817,SSE,/api/inference/stream,True,,12,37,,
1790481751.953212,1790481754.742445,41795.558103,41798.347336,2789.233,SSE,/api/inference/stream,True,,12,38,,
1790481752.007863,1790481754.800491,41795.612753,41798.405381,2792.628,SSE,/api/inference/stream,True,,12,39,,
1790481752.061811,1790481754.852565,41795.666702,41798.457455,2790.753,SSE,/api/inference/stream,True,,12,40,,
1790481752.118584,1790481754.909854,41795.723475,41798.514745,2791.27,SSE,/api/inference/stream,True,,12,41,,
1790481752.175704,1790481754.966439,41795.780594,41798.57133,2790.736,SSE,/api/inference/stream,True,,12,42,,
1790481752.221478,1790481755.010151,41795.826368,41798.615041,2788.673,SSE,/api/inference/stream,True,,12,43,,
1790481752.278682,1790481755.069262,41795.883573,41798.674153,2790.58,SSE,/api/inference/stream,True,,12,44,,
1790481752.332987,1790481755.123393,41795.937878,41798.728283,2790.406,SSE,/api/inference/stream,True,,12,45,,
1790481752.40654,1790481755.195733,41796.011431,41798.800623,2789.192,SSE,/api/inference/stream,True,,12,46,,
1790481752.442486,1790481755.232402,41796.047376,41798.837292,2789.916,SSE,/api/inference/stream,True,,12,47,,
1790481752.499626,1790481755.288001,41796.104517,41798.892891,2788.375,SSE,/api/inference/stream,True,,12,48,,
1790481752.563111,1790481755.353326,41796.168001,41798.958216,2790.215,SSE,/api/inference/stream,True,,12,49,,
1790481752.62643,1790481755.415634,41796.231321,41799.020524,2789.204,SSE,/api/inference/stream,True,,12,0,,
1790481752.685821,1790481755.476442,41796.290711,41799.081333,2790.622,SSE,/api/inference/stream,True,,12,1,,
1790481752.738518,1790481755.52833,41796.343408,41799.133221,2789.813,SSE,/api/inference/stream,True,,12,2,,
1790481752.788544,1790481755.579299,41796.393435,41799.18419,2790.755,SSE,/api/inference/stream,True,,12,3,,
1790481752.841981,1790481755.633278,41796.446872,41799.238168,2791.296,SSE,/api/inference/stream,True,,12,4,,
1790481752.897737,1790481755.689381,41796.502627,41799.294272,2791.645,SSE,/api/inference/stream,True,,12,5,,
1790481752.96173,1790481755.750904,41796.566621,41799.355795,2789.174,SSE,/api/inference/stream,True,,12,6,,
1790481753.013673,1790481755.803835,41796.618564,41799.408725,2790.162,SSE,/api/inference/stream,True,,12,7,,
1790481753.069348,1790481755.857925,41796.674238,41799.462816,2788.578,SSE,/api/inference/stream,True,,12,8,,
1790481753.129689,1790481755.920999,41796.734581,41799.52589,2791.309,SSE,/api/inference/stream,True,,12,9,,
1790481753.183084,1790481755.972995,41796.787974,41799.577886,2789.912,SSE,/api/inference/stream,True,,12,10,,
1790481753.233378,1790481756.023595,41796.838268,41799.628485,2790.217,SSE,/api/inference/stream,True,,12,11,,
1790481753.287532,1790481756.077641,41796.892423,41799.682532,2790.109,SSE,/api/inference/stream,True,,12,12,,
1790481753.341209,1790481756.132031,41796.9461,41799.736922,2790.822,SSE,/api/inference/stream,True,,12,13,,
1790481753.412681,1790481756.202684,41797.017572,41799.807575,2790.003,SSE,/api/inference/stream,True,,12,14,,
1790481753.450915,1790481756.241213,41797.055806,41799.846103,2790.298,SSE,/api/inference/stream,True,,12,15,,
1790481753.507786,1790481756.297482,41797.112676,41799.902372,2789.696,SSE,/api/inference/stream,True,,12,16,,
1790481753.576092,1790481756.366661,41797.180983,41799.971552,2790.569,SSE,/api/inference/stream,True,,12,17,,
1790481753.628092,1790481756.418548,41797.232982,41800.023438,2790.456,SSE,/api/inference/stream,True,,12,18,,
1790481753.67224,1790481756.462305,41797.27713,41800.067195,2790.065,SSE,/api/inference/stream,True,,12,19,,
1790481753.73314,1790481756.522809,41797.338031,41800.127699,2789.669,SSE,/api/inference/stream,True,,12,20,,
1790481753.798915,1790481756.589252,41797.403805,41800.194143,2790.337,SSE,/api/inference/stream,True,,12,21,,
1790481753.857021,1790481756.646163,41797.461912,41800.251054,2789.142,SSE,/api/inference/stream,True,,12,22,,
1790481753.913535,1790481756.702045,41797.518426,41800.306936,2788.511,SSE,/api/inference/stream,True,,12,23,,
1790481753.961691,1790481756.750107,41797.566582,41800.354997,2788.415,SSE,/api/inference/stream,True,,12,24,,
1790481754.019867,1790481756.811616,41797.624758,41800.416507,2791.75,SSE,/api/inference/stream,True,,12,25,,
1790481754.080152,1790481756.869814,41797.685043,41800.474704,2789.662,SSE,/api/inference/stream,True,,12,26,,
1790481754.138921,1790481756.929604,41797.743812,41800.534495,2790.683,SSE,/api/inference/stream,True,,12,27,,
1790481754.228691,1790481757.017905,41797.833581,41800.622795,2789.214,SSE,/api/inference/stream,True,,12,28,,
1790481754.239746,1790481757.030567,41797.844637,41800.635458,2790.82,SSE,/api/inference/stream,True,,12,29,,
1790481754.301425,1790481757.090301,41797.906316,41800.695192,2788.877,SSE,/api/inference/stream,True,,12,30,,
1790481754.354094,1790481757.1448,41797.958984,41800.74969,2790.706,SSE,/api/inference/stream,True,,12,31,,
1790481754.404152,1790481757.195412,41798.009043,41800.800303,2791.26,SSE,/api/inference/stream,True,,12,32,,
1790481754.480191,1790481757.270084,41798.085082,41800.874975,2789.893,SSE,/api/inference/stream,True,,12,33,,
1790481754.516004,1790481757.30549,41798.120894,41800.91038,2789.486,SSE,/api/inference/stream,True,,12,34,,
1790481754.567974,1790481757.358344,41798.172865,41800.963235,2790.37,SSE,/api/inference/stream,True,,12,35,,
1790481754.626374,1790481757.415846,41798.231264,41801.020737,2789.473,SSE,/api/inference/stream,True,,12,36,,
1790481754.682316,1790481757.471522,41798.287206,41801.076413,2789.206,SSE,/api/inference/stream,True,,12,37,,
1790481754.742817,1790481757.532675,41798.347708,41801.137565,2789.857,SSE,/api/inference/stream,True,,12,38,,
1790481754.800817,1790481757.591385,41798.405707,41801.196275,2790.568,SSE,/api/inference/stream,True,,12,39,,
1790481754.852936,1790481757.642592,41798.457826,41801.247482,2789.656,SSE,/api/inference/stream,True,,12,40,,
1790481754.910219,1790481757.700223,41798.515109,41801.305113,2790.004,SSE,/api/inference/stream,True,,12,41,,
1790481754.966812,1790481757.757291,41798.571702,41801.362181,2790.479,SSE,/api/inference/stream,True,,12,42,,
1790481755.010475,1790481757.79936,41798.615366,41801.40425,2788.885,SSE,/api/inference/stream,True,,12,43,,
1790481755.069549,1790481757.85921,41798.674439,41801.464101,2789.661,SSE,/api/inference/stream,True,,12,44,,
1790481755.123731,1790481757.913559,41798.728622,41801.51845,2789.828,SSE,/api/inference/stream,True,,12,45,,
1790481755.196116,1790481757.985901,41798.801007,41801.590791,2789.784,SSE,/api/inference/stream,True,,12,46,,
1790481755.232784,1790481758.022156,41798.837675,41801.627047,2789.372,SSE,/api/inference/stream,True,,12,47,,
1790481755.288366,1790481758.078343,41798.893257,41801.683234,2789.977,SSE,/api/inference/stream,True,,12,48,,
1790481755.353629,1790481758.143497,41798.95852,41801.748388,2789.868,SSE,/api/inference/stream,True,,12,49,,
1790481755.415919,1790481758.205489,41799.020809,41801.81038,2789.57,SSE,/api/inference/stream,True,,12,0,,
1790481755.476757,1790481758.266499,41799.081647,41801.871389,2789.742,SSE,/api/inference/stream,True,,12,1,,
1790481755.528678,1790481758.318605,41799.133569,41801.923496,2789.927,SSE,/api/inference/stream,True,,12,2,,
1790481755.579635,1790481758.369812,41799.184526,41801.974703,2790.177,SSE,/api/inference/stream,True,,12,3,,
1790481755.633638,1790481758.423347,41799.238529,41802.028238,2789.709,SSE,/api/inference/stream,True,,12,4,,
1790481755.689681,1790481758.480422,41799.294572,41802.085313,2790.741,SSE,/api/inference/stream,True,,12,5,,
1790481755.751305,1790481758.540357,41799.356195,41802.145248,2789.053,SSE,/api/inference/stream,True,,12,6,,
1790481755.804149,1790481758.594724,41799.40904,41802.199615,2790.575,SSE,/api/inference/stream,True,,12,7,,
1790481755.858218,1790481758.646748,41799.463109,41802.251639,2788.53,SSE,/api/inference/stream,True,,12,8,,
1790481755.921343,1790481758.710331,41799.526234,41802.315222,2788.988,SSE,/api/inference/stream,True,,12,9,,
1790481755.973297,1790481758.764038,41799.578187,41802.368928,2790.741,SSE,/api/inference/stream,True,,12,10,,
1790481756.023936,1790481758.813632,41799.628826,41802.418522,2789.696,SSE,/api/inference/stream,True,,12,11,,
1790481756.077927,1790481758.867766,41799.682817,41802.472657,2789.839,SSE,/api/inference/stream,True,,12,12,,
1790481756.132333,1790481758.92289,41799.737223,41802.52778,2790.557,SSE,/api/inference/stream,True,,12,13,,
1790481756.202959,1790481758.993019,41799.80785,41802.597909,2790.06,SSE,/api/inference/stream,True,,12,14,,
1790481756.241556,1790481759.033408,41799.846446,41802.638298,2791.852,SSE,/api/inference/stream,True,,12,15,,
1790481756.297796,1790481759.087582,41799.902687,41802.692473,2789.786,SSE,/api/inference/stream,True,,12,16,,
1790481756.366945,1790481759.157626,41799.971836,41802.762517,2790.681,SSE,/api/inference/stream,True,,12,17,,
1790481756.418894,1790481759.210147,41800.023785,41802.815037,2791.253,SSE,/api/inference/stream,True,,12,18,,
1790481756.462698,1790481759.252236,41800.067589,41802.857127,2789.538,SSE,/api/inference/stream,True,,12,19,,
1790481756.523109,1790481759.314061,41800.128,41802.918952,2790.952,SSE,/api/inference/stream,True,,12,20,,
1790481756.58955,1790481759.379719,41800.19444,41802.984609,2790.169,SSE,/api/inference/stream,True,,12,21,,
1790481756.646516,1790481759.436955,41800.251407,41803.041846,2790.439,SSE,/api/inference/stream,True,,12,22,,
1790481756.702378,1790481759.49074,41800.307269,41803.09563,2788.362,SSE,/api/inference/stream,True,,12,23,,
1790481756.750385,1790481759.539343,41800.355275,41803.144233,2788.958,SSE,/api/inference/stream,True,,12,24,,
1790481756.811956,1790481759.601671,41800.416847,41803.206562,2789.715,SSE,/api/inference/stream,True,,12,25,,
1790481756.870168,1790481759.659905,41800.475058,41803.264795,2789.737,SSE,/api/inference/stream,True,,12,26,,
1790481756.929928,1790481759.720074,41800.534819,41803.324965,2790.146,SSE,/api/inference/stream,True,,12,27,,
1790481757.01831,1790481759.808589,41800.623201,41803.41348,2790.279,SSE,/api/inference/stream,True,,12,28,,
1790481757.030858,1790481759.821866,41800.635748,41803.426757,2791.008,SSE,/api/inference/stream,True,,12,29,,
1790481757.090559,1790481759.879328,41800.69545,41803.484219,2788.769,SSE,/api/inference/stream,True,,12,30,,
1790481757.145144,1790481759.937004,41800.750035,41803.541894,2791.859,SSE,/api/inference/stream,True,,12,31,,
1790481757.195708,1790481759.986902,41800.800598,41803.591792,2791.194,SSE,/api/inference/stream,True,,12,32,,
1790481757.270417,1790481760.060099,41800.875308,41803.66499,2789.682,SSE,/api/inference/stream,True,,12,33,,
1790481757.305791,1790481760.09701,41800.910681,41803.701901,2791.219,SSE,/api/inference/stream,True,,12,34,,
1790481757.358675,1790481760.149353,41800.963565,41803.754243,2790.678,SSE,/api/inference/stream,True,,12,35,,
1790481757.416183,1790481760.207295,41801.021074,41803.812186,2791.112,SSE,/api/inference/stream,True,,12,36,,
1790481757.471862,1790481760.260888,41801.076752,41803.865778,2789.026,SSE,/api/inference/stream,True,,12,37,,
1790481757.533067,1790481760.323686,41801.137957,41803.928576,2790.619,SSE,/api/inference/stream,True,,12,38,,
1790481757.59171,1790481760.381994,41801.1966,41803.986885,2790.284,SSE,/api/inference/stream,True,,12,39,,
1790481757.642963,1790481760.433199,41801.247853,41804.038089,2790.236,SSE,/api/inference/stream,True,,12,40,,
1790481757.700545,1790481760.489397,41801.305435,41804.094288,2788.852,SSE,/api/inference/stream,True,,12,41,,
1790481757.757663,1790481760.54914,41801.362553,41804.15403,2791.477,SSE,/api/inference/stream,True,,12,42,,
1790481757.799621,1790481760.588291,41801.404511,41804.193182,2788.67,SSE,/api/inference/stream,True,,12,43,,
1790481757.859681,1790481760.649032,41801.464572,41804.253922,2789.351,SSE,/api/inference/stream,True,,12,44,,
1790481757.913849,1790481760.703205,41801.51874,41804.308096,2789.356,SSE,/api/inference/stream,True,,12,45,,
1790481757.986181,1790481760.777812,41801.591072,41804.382703,2791.631,SSE,/api/inference/stream,True,,12,46,,
1790481758.022529,1790481760.816257,41801.62742,41804.421147,2793.728,SSE,/api/inference/stream,True,,12,47,,
1790481758.078712,1790481760.867526,41801.683603,41804.472416,2788.814,SSE,/api/inference/stream,True,,12,48,,
1790481758.14381,1790481760.932979,41801.748701,41804.537869,2789.169,SSE,/api/inference/stream,True,,12,49,,
1790481758.205791,1790481760.996821,41801.810681,41804.601712,2791.03,SSE,/api/inference/stream,True,,12,0,,
1790481758.266816,1790481761.05671,41801.871707,41804.661601,2789.894,SSE,/api/inference/stream,True,,12,1,,
1790481758.318995,1790481761.108108,41801.923885,41804.712998,2789.113,SSE,/api/inference/stream,True,,12,2,,
1790481758.370164,1790481761.160367,41801.975055,41804.765258,2790.203,SSE,/api/inference/stream,True,,12,3,,
1790481758.42367,1790481761.21478,41802.028561,41804.819671,2791.11,SSE,/api/inference/stream,True,,12,4,,
1790481758.480763,1790481761.272066,41802.085654,41804.876957,2791.303,SSE,/api/inference/stream,True,,12,5,,
1790481758.540727,1790481761.330801,41802.145618,41804.935692,2790.074,SSE,/api/inference/stream,True,,12,6,,
1790481758.595063,1790481761.385626,41802.199954,41804.990517,2790.563,SSE,/api/inference/stream,True,,12,7,,
1790481758.647049,1790481761.436646,41802.25194,41805.041537,2789.597,SSE,/api/inference/stream,True,,12,8,,
1790481758.710665,1790481761.500094,41802.315556,41805.104985,2789.429,SSE,/api/inference/stream,True,,12,9,,
1790481758.764335,1790481761.553265,41802.369226,41805.158156,2788.93,SSE,/api/inference/stream,True,,12,10,,
1790481758.813957,1790481761.60444,41802.418847,41805.20933,2790.483,SSE,/api/inference/stream,True,,12,11,,
1790481758.868065,1790481761.658814,41802.472956,41805.263705,2790.749,SSE,/api/inference/stream,True,,12,12,,
1790481758.92332,1790481761.714069,41802.528211,41805.318959,2790.749,SSE,/api/inference/stream,True,,12,13,,
1790481758.993433,1790481761.783266,41802.598324,41805.388157,2789.833,SSE,/api/inference/stream,True,,12,14,,
1790481759.033726,1790481761.824717,41802.638617,41805.429608,2790.991,SSE,/api/inference/stream,True,,12,15,,
1790481759.087928,1790481761.879075,41802.692818,41805.483965,2791.147,SSE,/api/inference/stream,True,,12,16,,
1790481759.157918,1790481761.947959,41802.762809,41805.552849,2790.04,SSE,/api/inference/stream,True,,12,17,,
1790481759.210533,1790481762.002207,41802.815423,41805.607097,2791.674,SSE,/api/inference/stream,True,,12,18,,
1790481759.252525,1790481762.043041,41802.857416,41805.647931,2790.515,SSE,/api/inference/stream,True,,12,19,,
1790481759.314376,1790481762.104442,41802.919267,41805.709333,2790.066,SSE,/api/inference/stream,True,,12,20,,
1790481759.380017,1790481762.170189,41802.984907,41805.775079,2790.172,SSE,/api/inference/stream,True,,12,21,,
1790481759.437221,1790481762.227422,41803.042112,41805.832313,2790.201,SSE,/api/inference/stream,True,,12,22,,
1790481759.490993,1790481762.279505,41803.095884,41805.884396,2788.512,SSE,/api/inference/stream,True,,12,23,,
1790481759.539677,1790481762.330609,41803.144568,41805.935499,2790.931,SSE,/api/inference/stream,True,,12,24,,
1790481759.602027,1790481762.392738,41803.206918,41805.997629,2790.712,SSE,/api/inference/stream,True,,12,25,,
1790481759.660277,1790481762.44961,41803.265167,41806.0545,2789.333,SSE,/api/inference/stream,True,,12,26,,
1790481759.720381,1790481762.51099,41803.325272,41806.115881,2790.609,SSE,/api/inference/stream,True,,12,27,,
1790481759.808959,1790481762.597306,41803.41385,41806.202197,2788.347,SSE,/api/inference/stream,True,,12,28,,
1790481759.822242,1790481762.610714,41803.427133,41806.215605,2788.472,SSE,/api/inference/stream,True,,12,29,,
1790481759.879564,1790481762.669037,41803.484455,41806.273928,2789.473,SSE,/api/inference/stream,True,,12,30,,
1790481759.937375,1790481762.727172,41803.542204,41806.332,2789.796,SSE,/api/inference/stream,True,,12,31,,
1790481759.987318,1790481762.776907,41803.592209,41806.381798,2789.589,SSE,/api/inference/stream,True,,12,32,,
1790481760.060457,1790481762.849592,41803.665348,41806.454483,2789.136,SSE,/api/inference/stream,True,,12,33,,
1790481760.097337,1790481762.887313,41803.702227,41806.492204,2789.976,SSE,/api/inference/stream,True,,12,34,,
1790481760.149658,1790481762.939412,41803.754548,41806.544302,2789.754,SSE,/api/inference/stream,True,,12,35,,
1790481760.207649,1790481762.99714,41803.81254,41806.602031,2789.491,SSE,/api/inference/stream,True,,12,36,,
1790481760.261187,1790481763.051748,41803.866077,41806.656638,2790.561,SSE,/api/inference/stream,True,,12,37,,
1790481760.324094,1790481763.114742,41803.928985,41806.719632,2790.648,SSE,/api/inference/stream,True,,12,38,,
1790481760.382281,1790481763.17291,41803.987171,41806.7778,2790.629,SSE,/api/inference/stream,True,,12,39,,
1790481760.433593,1790481763.22366,41804.038484,41806.82855,2790.067,SSE,/api/inference/stream,True,,12,40,,
1790481760.489728,1790481763.278748,41804.094619,41806.883638,2789.02,SSE,/api/inference/stream,True,,12,41,,
1790481760.549508,1790481763.339524,41804.154399,41806.944415,2790.016,SSE,/api/inference/stream,True,,12,42,,
1790481760.588566,1790481763.378829,41804.193457,41806.98372,2790.264,SSE,/api/inference/stream,True,,12,43,,
1790481760.64938,1790481763.44092,41804.254271,41807.04581,2791.539,SSE,/api/inference/stream,True,,12,44,,
1790481760.703511,1790481763.494008,41804.308401,41807.098898,2790.497,SSE,/api/inference/stream,True,,12,45,,
1790481760.778161,1790481763.56963,41804.383051,41807.17452,2791.469,SSE,/api/inference/stream,True,,12,46,,
1790481760.816695,1790481763.60648,41804.421585,41807.211371,2789.785,SSE,/api/inference/stream,True,,12,47,,
1790481760.867864,1790481763.657271,41804.472754,41807.262162,2789.407,SSE,/api/inference/stream,True,,12,48,,
1790481760.933327,1790481763.722543,41804.538218,41807.327434,2789.216,SSE,/api/inference/stream,True,,12,49,,
1790481760.99711,1790481763.786673,41804.602001,41807.391563,2789.562,SSE,/api/inference/stream,True,,12,0,,
1790481761.057086,1790481763.84691,41804.661977,41807.451801,2789.824,SSE,/api/inference/stream,True,,12,1,,
1790481761.108392,1790481763.898364,41804.713283,41807.503255,2789.972,SSE,/api/inference/stream,True,,12,2,,
1790481761.160702,1790481763.950295,41804.765593,41807.555186,2789.593,SSE,/api/inference/stream,True,,12,3,,
1790481761.215081,1790481764.005335,41804.819972,41807.610226,2790.254,SSE,/api/inference/stream,True,,12,4,,
1790481761.272418,1790481764.062876,41804.877309,41807.667767,2790.458,SSE,/api/inference/stream,True,,12,5,,
1790481761.331288,1790481764.121042,41804.936178,41807.725933,2789.754,SSE,/api/inference/stream,True,,12,6,,
1790481761.385973,1790481764.175639,41804.990864,41807.78053,2789.666,SSE,/api/inference/stream,True,,12,7,,
1790481761.43693,1790481764.226583,41805.041822,41807.831474,2789.652,SSE,/api/inference/stream,True,,12,8,,
1790481761.500446,1790481764.290643,41805.105337,41807.895534,2790.197,SSE,/api/inference/stream,True,,12,9,,
1790481761.553519,1790481764.34237,41805.158409,41807.94726,2788.851,SSE,/api/inference/stream,True,,12,10,,
1790481761.604756,1790481764.394706,41805.209647,41807.999597,2789.95,SSE,/api/inference/stream,True,,12,11,,
1790481761.659262,1790481764.452159,41805.264152,41808.057049,2792.897,SSE,/api/inference/stream,True,,12,12,,
1790481761.714393,1790481764.504846,41805.319284,41808.109737,2790.453,SSE,/api/inference/stream,True,,12,13,,
1790481761.783559,1790481764.575232,41805.38845,41808.180123,2791.673,SSE,/api/inference/stream,True,,12,14,,
1790481761.825016,1790481764.615631,41805.429907,41808.220521,2790.614,SSE,/api/inference/stream,True,,12,15,,
1790481761.879495,1790481764.668039,41805.484385,41808.27293,2788.544,SSE,/api/inference/stream,True,,12,16,,
1790481761.948262,1790481764.739746,41805.553152,41808.344636,2791.484,SSE,/api/inference/stream,True,,12,17,,
1790481762.002571,1790481764.793432,41805.607462,41808.398323,2790.861,SSE,/api/inference/stream,True,,12,18,,
1790481762.043456,1790481764.832902,41805.648347,41808.437793,2789.446,SSE,/api/inference/stream,True,,12,19,,
1790481762.104741,1790481764.894767,41805.709632,41808.499658,2790.026,SSE,/api/inference/stream,True,,12,20,,
1790481762.17049,1790481764.962235,41805.775381,41808.567125,2791.745,SSE,/api/inference/stream,True,,12,21,,
1790481762.227738,1790481765.019514,41805.832629,41808.624405,2791.777,SSE,/api/inference/stream,True,,12,22,,
1790481762.279966,1790481765.069263,41805.884857,41808.674154,2789.297,SSE,/api/inference/stream,True,,12,23,,
1790481762.330926,1790481765.120484,41805.935817,41808.725374,2789.557,SSE,/api/inference/stream,True,,12,24,,
1790481762.393067,1790481765.186016,41805.997958,41808.790907,2792.95,SSE,/api/inference/stream,True,,12,25,,
1790481762.449962,1790481765.239781,41806.054852,41808.844671,2789.819,SSE,/api/inference/stream,True,,12,26,,
1790481762.511396,1790481765.300483,41806.116287,41808.905374,2789.087,SSE,/api/inference/stream,True,,12,27,,
1790481762.597614,1790481765.385996,41806.202505,41808.990887,2788.382,SSE,/api/inference/stream,True,,12,28,,
1790481762.611063,1790481765.400175,41806.215954,41809.005066,2789.112,SSE,/api/inference/stream,True,,12,29,,
1790481762.669372,1790481765.458706,41806.274262,41809.063597,2789.335,SSE,/api/inference/stream,True,,12,30,,
1790481762.727529,1790481765.517214,41806.332419,41809.122105,2789.685,SSE,/api/inference/stream,True,,12,31,,
1790481762.777193,1790481765.567376,41806.382083,41809.172266,2790.183,SSE,/api/inference/stream,True,,12,32,,
1790481762.849861,1790481765.639373,41806.454752,41809.244263,2789.511,SSE,/api/inference/stream,True,,12,33,,
1790481762.887625,1790481765.678476,41806.492515,41809.283367,2790.851,SSE,/api/inference/stream,True,,12,34,,
1790481762.939759,1790481765.728329,41806.54465,41809.333219,2788.57,SSE,/api/inference/stream,True,,12,35,,
1790481762.997392,1790481765.786548,41806.602283,41809.391439,2789.156,SSE,/api/inference/stream,True,,12,36,,
1790481763.052126,1790481765.842251,41806.657017,41809.447142,2790.125,SSE,/api/inference/stream,True,,12,37,,
1790481763.115066,1790481765.905733,41806.719956,41809.510624,2790.667,SSE,/api/inference/stream,True,,12,38,,
1790481763.173283,1790481765.964659,41806.778173,41809.56955,2791.377,SSE,/api/inference/stream,True,,12,39,,
1790481763.224053,1790481766.013174,41806.828943,41809.618065,2789.121,SSE,/api/inference/stream,True,,12,40,,
1790481763.279054,1790481766.068545,41806.883945,41809.673436,2789.491,SSE,/api/inference/stream,True,,12,41,,
1790481763.339892,1790481766.130566,41806.944783,41809.735457,2790.674,SSE,/api/inference/stream,True,,12,42,,
1790481763.379223,1790481766.171222,41806.984113,41809.776113,2791.999,SSE,/api/inference/stream,True,,12,43,,
1790481763.441332,1790481766.23058,41807.046223,41809.835471,2789.248,SSE,/api/inference/stream,True,,12,44,,
1790481763.494333,1790481766.284935,41807.099224,41809.889826,2790.602,SSE,/api/inference/stream,True,,12,45,,
1790481763.569954,1790481766.359306,41807.174845,41809.964197,2789.351,SSE,/api/inference/stream,True,,12,46,,
1790481763.606842,1790481766.397111,41807.211732,41810.002001,2790.269,SSE,/api/inference/stream,True,,12,47,,
1790481763.657554,1790481766.447226,41807.262445,41810.052117,2789.672,SSE,/api/inference/stream,True,,12,48,,
1790481763.722915,1790481766.512572,41807.327805,41810.117462,2789.657,SSE,/api/inference/stream,True,,12,49,,
1790481763.787059,1790481766.577888,41807.391949,41810.182779,2790.829,SSE,/api/inference/stream,True,,12,0,,
1790481763.847352,1790481766.636397,41807.452243,41810.241288,2789.045,SSE,/api/inference/stream,True,,12,1,,
1790481763.898664,1790481766.68852,41807.503555,41810.293411,2789.856,SSE,/api/inference/stream,True,,12,2,,
1790481763.950587,1790481766.740403,41807.555478,41810.345294,2789.815,SSE,/api/inference/stream,True,,12,3,,
1790481764.005673,1790481766.797784,41807.610564,41810.402675,2792.111,SSE,/api/inference/stream,True,,12,4,,
1790481764.06323,1790481766.853294,41807.668121,41810.458184,2790.063,SSE,/api/inference/stream,True,,12,5,,
1790481764.121409,1790481766.912018,41807.7263,41810.516908,2790.608,SSE,/api/inference/stream,True,,12,6,,
1790481764.175974,1790481766.964416,41807.780865,41810.569306,2788.441,SSE,/api/inference/stream,True,,12,7,,
1790481764.226853,1790481767.015909,41807.831744,41810.6208,2789.057,SSE,/api/inference/stream,True,,12,8,,
1790481764.290976,1790481767.079342,41807.895866,41810.684233,2788.367,SSE,/api/inference/stream,True,,12,9,,
1790481764.342771,1790481767.132597,41807.947661,41810.737488,2789.826,SSE,/api/inference/stream,True,,12,10,,
1790481764.395009,1790481767.184687,41807.999899,41810.789578,2789.679,SSE,/api/inference/stream,True,,12,11,,
1790481764.452537,1790481767.24241,41808.057428,41810.8473,2789.873,SSE,/api/inference/stream,True,,12,12,,
1790481764.505132,1790481767.295426,41808.110023,41810.900317,2790.294,SSE,/api/inference/stream,True,,12,13,,
1790481764.57554,1790481767.36445,41808.180431,41810.969341,2788.91,SSE,/api/inference/stream,True,,12,14,,
1790481764.615939,1790481767.405285,41808.220829,41811.010176,2789.346,SSE,/api/inference/stream,True,,12,15,,
1790481764.668367,1790481767.458837,41808.273257,41811.063727,2790.47,SSE,/api/inference/stream,True,,12,16,,
1790481764.740103,1790481767.530341,41808.344993,41811.135231,2790.238,SSE,/api/inference/stream,True,,12,17,,
1790481764.793747,1790481767.583498,41808.398638,41811.188389,2789.751,SSE,/api/inference/stream,True,,12,18,,
1790481764.833236,1790481767.623414,41808.438127,41811.228305,2790.178,SSE,/api/inference/stream,True,,12,19,,
1790481764.895075,1790481767.685298,41808.499966,41811.290189,2790.223,SSE,/api/inference/stream,True,,12,20,,
1790481764.962541,1790481767.752439,41808.567432,41811.35733,2789.898,SSE,/api/inference/stream,True,,12,21,,
1790481765.019827,1790481767.80889,41808.624717,41811.413781,2789.063,SSE,/api/inference/stream,True,,12,22,,
1790481765.06951,1790481767.858967,41808.674401,41811.463857,2789.457,SSE,/api/inference/stream,True,,12,23,,
1790481765.120769,1790481767.910781,41808.725659,41811.515672,2790.013,SSE,/api/inference/stream,True,,12,24,,
1790481765.186347,1790481767.976213,41808.791238,41811.581104,2789.866,SSE,/api/inference/stream,True,,12,25,,
1790481765.240152,1790481768.029953,41808.845042,41811.634843,2789.801,SSE,/api/inference/stream,True,,12,26,,
1790481765.300852,1790481768.091204,41808.905742,41811.696094,2790.352,SSE,/api/inference/stream,True,,12,27,,
1790481765.386345,1790481768.175986,41808.991236,41811.780876,2789.64,SSE,/api/inference/stream,True,,12,28,,
1790481765.400512,1790481768.189862,41809.005403,41811.794753,2789.351,SSE,/api/inference/stream,True,,12,29,,
1790481765.459039,1790481768.249515,41809.063929,41811.854405,2790.476,SSE,/api/inference/stream,True,,12,30,,
1790481765.517588,1790481768.306414,41809.122479,41811.911304,2788.826,SSE,/api/inference/stream,True,,12,31,,
1790481765.567708,1790481768.357247,41809.172598,41811.962138,2789.539,SSE,/api/inference/stream,True,,12,32,,
1790481765.639644,1790481768.429455,41809.244535,41812.034346,2789.811,SSE,/api/inference/stream,True,,12,33,,
1790481765.678803,1790481768.47021,41809.283694,41812.0751,2791.407,SSE,/api/inference/stream,True,,12,34,,
1790481765.728591,1790481768.51936,41809.333482,41812.12425,2790.769,SSE,/api/inference/stream,True,,12,35,,
1790481765.78685,1790481768.578159,41809.391741,41812.18305,2791.309,SSE,/api/inference/stream,True,,12,36,,
1790481765.842609,1790481768.632054,41809.4475,41812.236944,2789.444,SSE,/api/inference/stream,True,,12,37,,
1790481765.906044,1790481768.696492,41809.510935,41812.301383,2790.448,SSE,/api/inference/stream,True,,12,38,,
1790481765.964959,1790481768.756717,41809.56985,41812.361607,2791.757,SSE,/api/inference/stream,True,,12,39,,
1790481766.013551,1790481768.801892,41809.618441,41812.406782,2788.341,SSE,/api/inference/stream,True,,12,40,,
1790481766.068838,1790481768.858666,41809.673728,41812.463556,2789.828,SSE,/api/inference/stream,True,,12,41,,
1790481766.130951,1790481768.922511,41809.735841,41812.527401,2791.56,SSE,/api/inference/stream,True,,12,42,,
1790481766.171528,1790481768.960273,41809.776418,41812.565163,2788.745,SSE,/api/inference/stream,True,,12,43,,
1790481766.230855,1790481769.021566,41809.835746,41812.626456,2790.711,SSE,/api/inference/stream,True,,12,44,,
1790481766.285228,1790481769.077097,41809.890118,41812.681988,2791.87,SSE,/api/inference/stream,True,,12,45,,
1790481766.35961,1790481769.14844,41809.964501,41812.753331,2788.83,SSE,/api/inference/stream,True,,12,46,,
1790481766.397481,1790481769.187092,41810.002372,41812.791982,2789.61,SSE,/api/inference/stream,True,,12,47,,
1790481766.447515,1790481769.237362,41810.052405,41812.842252,2789.847,SSE,/api/inference/stream,True,,12,48,,
1790481766.512938,1790481769.302057,41810.117829,41812.906947,2789.118,SSE,/api/inference/stream,True,,12,49,,
1790481766.578208,1790481769.369505,41810.183099,41812.974396,2791.297,SSE,/api/inference/stream,True,,12,0,,
1790481766.636747,1790481769.426152,41810.241638,41813.031042,2789.404,SSE,/api/inference/stream,True,,12,1,,
1790481766.688785,1790481769.478316,41810.293676,41813.083207,2789.531,SSE,/api/inference/stream,True,,12,2,,
1790481766.740566,1790481769.530569,41810.345458,41813.13546,2790.002,SSE,/api/inference/stream,True,,12,3,,
1790481766.798046,1790481769.58824,41810.402936,41813.193131,2790.194,SSE,/api/inference/stream,True,,12,4,,
1790481766.853646,1790481769.642993,41810.458537,41813.247883,2789.347,SSE,/api/inference/stream,True,,12,5,,
1790481766.912386,1790481769.702595,41810.517276,41813.307486,2790.209,SSE,/api/inference/stream,True,,12,6,,
1790481766.964747,1790481769.753643,41810.569638,41813.358534,2788.896,SSE,/api/inference/stream,True,,12,7,,
1790481767.016268,1790481769.806181,41810.621159,41813.411072,2789.913,SSE,/api/inference/stream,True,,12,8,,
1790481767.079577,1790481769.866847,41810.684468,41813.471738,2787.27,SSE,/api/inference/stream,True,,12,9,,
1790481767.132879,1790481769.921161,41810.737769,41813.526052,2788.283,SSE,/api/inference/stream,True,,12,10,,
1790481767.184988,1790481769.975036,41810.789878,41813.579926,2790.048,SSE,/api/inference/stream,True,,12,11,,
1790481767.242777,1790481770.031989,41810.847668,41813.636879,2789.211,SSE,/api/inference/stream,True,,12,12,,
1790481767.295756,1790481770.086679,41810.900647,41813.69157,2790.924,SSE,/api/inference/stream,True,,12,13,,
1790481767.364722,1790481770.154658,41810.969612,41813.759548,2789.936,SSE,/api/inference/stream,True,,12,14,,
1790481767.405608,1790481770.197943,41811.010499,41813.802834,2792.334,SSE,/api/inference/stream,True,,12,15,,
1790481767.459207,1790481770.248289,41811.064097,41813.853179,2789.082,SSE,/api/inference/stream,True,,12,16,,
1790481767.530639,1790481770.320785,41811.13553,41813.925675,2790.146,SSE,/api/inference/stream,True,,12,17,,
1790481767.583793,1790481770.374145,41811.188684,41813.979036,2790.352,SSE,/api/inference/stream,True,,12,18,,
1790481767.623694,1790481770.413049,41811.228585,41814.01794,2789.355,SSE,/api/inference/stream,True,,12,19,,
1790481767.685607,1790481770.477282,41811.290498,41814.082173,2791.674,SSE,/api/inference/stream,True,,12,20,,
1790481767.752775,1790481770.542649,41811.357666,41814.14754,2789.873,SSE,/api/inference/stream,True,,12,21,,
1790481767.809185,1790481770.597934,41811.414076,41814.202825,2788.749,SSE,/api/inference/stream,True,,12,22,,
1790481767.859365,1790481770.6497,41811.464255,41814.254591,2790.335,SSE,/api/inference/stream,True,,12,23,,
1790481767.911041,1790481770.700949,41811.515932,41814.30584,2789.908,SSE,/api/inference/stream,True,,12,24,,
1790481767.976567,1790481770.765455,41811.581458,41814.370345,2788.888,SSE,/api/inference/stream,True,,12,25,,
1790481768.030542,1790481770.819429,41811.635433,41814.42432,2788.887,SSE,/api/inference/stream,True,,12,26,,
1790481768.091553,1790481770.881295,41811.696444,41814.486186,2789.742,SSE,/api/inference/stream,True,,12,27,,
1790481768.1763,1790481770.964832,41811.781191,41814.569722,2788.531,SSE,/api/inference/stream,True,,12,28,,
1790481768.190299,1790481770.978517,41811.795189,41814.583408,2788.218,SSE,/api/inference/stream,True,,12,29,,
1790481768.249834,1790481771.039759,41811.854724,41814.644649,2789.925,SSE,/api/inference/stream,True,,12,30,,
1790481768.306804,1790481771.098073,41811.911694,41814.702964,2791.27,SSE,/api/inference/stream,True,,12,31,,
1790481768.357553,1790481771.147892,41811.962443,41814.752783,2790.34,SSE,/api/inference/stream,True,,12,32,,
1790481768.429727,1790481771.219283,41812.034618,41814.824174,2789.555,SSE,/api/inference/stream,True,,12,33,,
1790481768.470751,1790481771.260404,41812.075641,41814.865294,2789.653,SSE,/api/inference/stream,True,,12,34,,
1790481768.519679,1790481771.309261,41812.12457,41814.914152,2789.582,SSE,/api/inference/stream,True,,12,35,,
1790481768.578443,1790481771.368602,41812.183333,41814.973492,2790.159,SSE,/api/inference/stream,True,,12,36,,
1790481768.632337,1790481771.420953,41812.237227,41815.025843,2788.616,SSE,/api/inference/stream,True,,12,37,,
1790481768.696816,1790481771.486301,41812.301707,41815.091192,2789.485,SSE,/api/inference/stream,True,,12,38,,
1790481768.75701,1790481771.548463,41812.3619,41815.153354,2791.453,SSE,/api/inference/stream,True,,12,39,,
1790481768.802274,1790481771.592536,41812.407165,41815.197427,2790.262,SSE,/api/inference/stream,True,,12,40,,
1790481768.859011,1790481771.648118,41812.463902,41815.253009,2789.107,SSE,/api/inference/stream,True,,12,41,,
1790481768.922814,1790481771.713308,41812.527705,41815.318199,2790.494,SSE,/api/inference/stream,True,,12,42,,
1790481768.960663,1790481771.750203,41812.565554,41815.355094,2789.54,SSE,/api/inference/stream,True,,12,43,,
1790481769.021961,1790481771.811935,41812.626852,41815.416826,2789.974,SSE,/api/inference/stream,True,,12,44,,
1790481769.077474,1790481771.867884,41812.682364,41815.472774,2790.41,SSE,/api/inference/stream,True,,12,45,,
1790481769.148697,1790481771.936913,41812.753588,41815.541804,2788.216,SSE,/api/inference/stream,True,,12,46,,
1790481769.187506,1790481771.977102,41812.792397,41815.581992,2789.595,SSE,/api/inference/stream,True,,12,47,,
1790481769.237663,1790481772.026391,41812.842553,41815.631282,2788.729,SSE,/api/inference/stream,True,,12,48,,
1790481769.302425,1790481772.092473,41812.907316,41815.697363,2790.047,SSE,/api/inference/stream,True,,12,49,,
1790481769.369863,1790481772.160084,41812.974754,41815.764975,2790.221,SSE,/api/inference/stream,True,,12,0,,
1790481769.426489,1790481772.21499,41813.03138,41815.819881,2788.501,SSE,/api/inference/stream,True,,12,1,,
1790481769.478644,1790481772.268339,41813.083535,41815.87323,2789.695,SSE,/api/inference/stream,True,,12,2,,
1790481769.530905,1790481772.320711,41813.135796,41815.925603,2789.806,SSE,/api/inference/stream,True,,12,3,,
1790481769.588545,1790481772.379039,41813.193435,41815.98393,2790.494,SSE,/api/inference/stream,True,,12,4,,
1790481769.643392,1790481772.433405,41813.248282,41816.038295,2790.013,SSE,/api/inference/stream,True,,12,5,,
1790481769.702977,1790481772.494114,41813.307868,41816.099004,2791.136,SSE,/api/inference/stream,True,,12,6,,
1790481769.75392,1790481772.545193,41813.358811,41816.150084,2791.274,SSE,/api/inference/stream,True,,12,7,,
1790481769.806476,1790481772.596821,41813.411367,41816.201712,2790.345,SSE,/api/inference/stream,True,,12,8,,
1790481769.867295,1790481772.657166,41813.472186,41816.262057,2789.871,SSE,/api/inference/stream,True,,12,9,,
1790481769.921514,1790481772.710692,41813.526404,41816.315583,2789.178,SSE,/api/inference/stream,True,,12,10,,
1790481769.975435,1790481772.7651,41813.580325,41816.369991,2789.666,SSE,/api/inference/stream,True,,12,11,,
1790481770.03239,1790481772.821288,41813.63728,41816.426178,2788.898,SSE,/api/inference/stream,True,,12,12,,
1790481770.087075,1790481772.878773,41813.691966,41816.483664,2791.698,SSE,/api/inference/stream,True,,12,13,,
1790481770.154983,1790481772.950657,41813.759874,41816.555548,2795.674,SSE,/api/inference/stream,True,,12,14,,
1790481770.198328,1790481772.986977,41813.803219,41816.591868,2788.649,SSE,/api/inference/stream,True,,12,15,,
1790481770.24866,1790481773.038848,41813.853551,41816.643739,2790.188,SSE,/api/inference/stream,True,,12,16,,
1790481770.321107,1790481773.110979,41813.925997,41816.71587,2789.872,SSE,/api/inference/stream,True,,12,17,,
1790481770.374502,1790481773.165034,41813.979393,41816.769924,2790.532,SSE,/api/inference/stream,True,,12,18,,
1790481770.413386,1790481773.201825,41814.018277,41816.806716,2788.439,SSE,/api/inference/stream,True,,12,19,,
1790481770.477583,1790481773.268042,41814.082474,41816.872933,2790.459,SSE,/api/inference/stream,True,,12,20,,
1790481770.543013,1790481773.333355,41814.147904,41816.938246,2790.341,SSE,/api/inference/stream,True,,12,21,,
1790481770.598234,1790481773.388132,41814.203125,41816.993023,2789.898,SSE,/api/inference/stream,True,,12,22,,
1790481770.649993,1790481773.441889,41814.254884,41817.046779,2791.896,SSE,/api/inference/stream,True,,12,23,,
1790481770.701314,1790481773.491079,41814.306205,41817.095969,2789.764,SSE,/api/inference/stream,True,,12,24,,
1790481770.765835,1790481773.554996,41814.370726,41817.159887,2789.161,SSE,/api/inference/stream,True,,12,25,,
1790481770.819782,1790481773.608476,41814.424673,41817.213367,2788.694,SSE,/api/inference/stream,True,,12,26,,
1790481770.881643,1790481773.670656,41814.486533,41817.275547,2789.013,SSE,/api/inference/stream,True,,12,27,,
1790481770.965067,1790481773.754065,41814.569957,41817.358955,2788.998,SSE,/api/inference/stream,True,,12,28,,
1790481770.978797,1790481773.769269,41814.583688,41817.37416,2790.472,SSE,/api/inference/stream,True,,12,29,,
1790481771.040068,1790481773.83141,41814.644958,41817.436301,2791.342,SSE,/api/inference/stream,True,,12,30,,
1790481771.09842,1790481773.888161,41814.703311,41817.493052,2789.741,SSE,/api/inference/stream,True,,12,31,,
1790481771.148222,1790481773.936157,41814.753113,41817.541047,2787.934,SSE,/api/inference/stream,True,,12,32,,
1790481771.219553,1790481774.010748,41814.824444,41817.615639,2791.195,SSE,/api/inference/stream,True,,12,33,,
1790481771.260702,1790481774.050405,41814.865592,41817.655296,2789.704,SSE,/api/inference/stream,True,,12,34,,
1790481771.30956,1790481774.100917,41814.91445,41817.705808,2791.357,SSE,/api/inference/stream,True,,12,35,,
1790481771.368883,1790481774.158841,41814.973774,41817.763731,2789.957,SSE,/api/inference/stream,True,,12,36,,
1790481771.42124,1790481774.210985,41815.02613,41817.815876,2789.745,SSE,/api/inference/stream,True,,12,37,,
1790481771.486672,1790481774.275783,41815.091563,41817.880674,2789.111,SSE,/api/inference/stream,True,,12,38,,
1790481771.548793,1790481774.339233,41815.153684,41817.944124,2790.44,SSE,/api/inference/stream,True,,12,39,,
1790481771.592924,1790481774.382353,41815.197815,41817.987243,2789.429,SSE,/api/inference/stream,True,,12,40,,
1790481771.648407,1790481774.437052,41815.253298,41818.041943,2788.646,SSE,/api/inference/stream,True,,12,41,,
1790481771.713695,1790481774.505259,41815.318586,41818.110149,2791.564,SSE,/api/inference/stream,True,,12,42,,
1790481771.750511,1790481774.541167,41815.355402,41818.146058,2790.656,SSE,/api/inference/stream,True,,12,43,,
1790481771.812306,1790481774.601926,41815.417196,41818.206817,2789.62,SSE,/api/inference/stream,True,,12,44,,
1790481771.868263,1790481774.658911,41815.473154,41818.263802,2790.648,SSE,/api/inference/stream,True,,12,45,,
1790481771.937181,1790481774.725419,41815.542072,41818.33031,2788.237,SSE,/api/inference/stream,True,,12,46,,
1790481771.977407,1790481774.765889,41815.582297,41818.37078,2788.483,SSE,/api/inference/stream,True,,12,47,,
1790481772.026717,1790481774.817448,41815.631608,41818.422339,2790.731,SSE,/api/inference/stream,True,,12,48,,
1790481772.092823,1790481774.882228,41815.697714,41818.487119,2789.405,SSE,/api/inference/stream,True,,12,49,,
1790481772.16039,1790481774.950052,41815.765281,41818.554943,2789.662,SSE,/api/inference/stream,True,,12,0,,
1790481772.215411,1790481775.004282,41815.820303,41818.609173,2788.871,SSE,/api/inference/stream,True,,12,1,,
1790481772.268643,1790481775.057712,41815.873534,41818.662602,2789.069,SSE,/api/inference/stream,True,,12,2,,
1790481772.320986,1790481775.109925,41815.925877,41818.714816,2788.938,SSE,/api/inference/stream,True,,12,3,,
1790481772.379413,1790481775.170951,41815.984304,41818.775842,2791.538,SSE,/api/inference/stream,True,,12,4,,
1790481772.433703,1790481775.224267,41816.038593,41818.829157,2790.564,SSE,/api/inference/stream,True,,12,5,,
1790481772.494458,1790481775.285489,41816.099348,41818.89038,2791.031,SSE,/api/inference/stream,True,,12,6,,
1790481772.545531,1790481775.334279,41816.150422,41818.93917,2788.748,SSE,/api/inference/stream,True,,12,7,,
1790481772.597094,1790481775.387017,41816.201985,41818.991908,2789.923,SSE,/api/inference/stream,True,,12,8,,
1790481772.657452,1790481775.447172,41816.262343,41819.052063,2789.72,SSE,/api/inference/stream,True,,12,9,,
1790481772.711056,1790481775.500552,41816.315947,41819.105443,2789.496,SSE,/api/inference/stream,True,,12,10,,
1790481772.76545,1790481775.554824,41816.37034,41819.159715,2789.374,SSE,/api/inference/stream,True,,12,11,,
1790481772.821713,1790481775.612194,41816.426603,41819.217084,2790.481,SSE,/api/inference/stream,True,,12,12,,
1790481772.879241,1790481775.671412,41816.484132,41819.276302,2792.171,SSE,/api/inference/stream,True,,12,13,,
1790481772.950986,1790481775.742175,41816.555877,41819.347066,2791.189,SSE,/api/inference/stream,True,,12,14,,
1790481772.987342,1790481775.775092,41816.592234,41819.379984,2787.75,SSE,/api/inference/stream,True,,12,15,,
1790481773.039194,1790481775.827992,41816.644085,41819.432883,2788.798,SSE,/api/inference/stream,True,,12,16,,
1790481773.111366,1790481775.901371,41816.716257,41819.506262,2790.005,SSE,/api/inference/stream,True,,12,17,,
1790481773.165364,1790481775.956102,41816.770255,41819.560992,2790.738,SSE,/api/inference/stream,True,,12,18,,
1790481773.202194,1790481775.992674,41816.807084,41819.597564,2790.48,SSE,/api/inference/stream,True,,12,19,,
1790481773.268391,1790481776.056954,41816.873281,41819.661844,2788.563,SSE,/api/inference/stream,True,,12,20,,
1790481773.333708,1790481776.121964,41816.938599,41819.726855,2788.256,SSE,/api/inference/stream,True,,12,21,,
1790481773.38839,1790481776.178516,41816.99328,41819.783406,2790.126,SSE,/api/inference/stream,True,,12,22,,
1790481773.442175,1790481776.232831,41817.047065,41819.837721,2790.656,SSE,/api/inference/stream,True,,12,23,,
1790481773.491434,1790481776.281962,41817.096325,41819.886852,2790.527,SSE,/api/inference/stream,True,,12,24,,
1790481773.555369,1790481776.34419,41817.16026,41819.949081,2788.822,SSE,/api/inference/stream,True,,12,25,,
1790481773.608813,1790481776.398241,41817.213704,41820.003132,2789.429,SSE,/api/inference/stream,True,,12,26,,
1790481773.671029,1790481776.462715,41817.275919,41820.067606,2791.687,SSE,/api/inference/stream,True,,12,27,,
1790481773.754435,1790481776.544799,41817.359326,41820.14969,2790.363,SSE,/api/inference/stream,True,,12,28,,
1790481773.769611,1790481776.561001,41817.374502,41820.165892,2791.39,SSE,/api/inference/stream,True,,12,29,,
1790481773.831713,1790481776.621039,41817.436604,41820.225929,2789.325,SSE,/api/inference/stream,True,,12,30,,
1790481773.888512,1790481776.677738,41817.493402,41820.282629,2789.226,SSE,/api/inference/stream,True,,12,31,,
1790481773.936428,1790481776.727475,41817.541318,41820.332365,2791.047,SSE,/api/inference/stream,True,,12,32,,
1790481774.011018,1790481776.802246,41817.615909,41820.407137,2791.228,SSE,/api/inference/stream,True,,12,33,,
1790481774.050765,1790481776.839876,41817.655655,41820.444767,2789.112,SSE,/api/inference/stream,True,,12,34,,
1790481774.101221,1790481776.892833,41817.706112,41820.497724,2791.612,SSE,/api/inference/stream,True,,12,35,,
1790481774.159121,1790481776.949436,41817.764011,41820.554327,2790.316,SSE,/api/inference/stream,True,,12,36,,
1790481774.211354,1790481777.00215,41817.816244,41820.607041,2790.797,SSE,/api/inference/stream,True,,12,37,,
1790481774.27613,1790481777.068334,41817.881021,41820.673224,2792.204,SSE,/api/inference/stream,True,,12,38,,
1790481774.339546,1790481777.129574,41817.944436,41820.734464,2790.028,SSE,/api/inference/stream,True,,12,39,,
1790481774.382749,1790481777.172622,41817.98764,41820.777513,2789.873,SSE,/api/inference/stream,True,,12,40,,
1790481774.437394,1790481777.22784,41818.042284,41820.832731,2790.446,SSE,/api/inference/stream,True,,12,41,,
1790481774.505515,1790481777.296219,41818.110406,41820.90111,2790.704,SSE,/api/inference/stream,True,,12,42,,
1790481774.54152,1790481777.331702,41818.146411,41820.936592,2790.182,SSE,/api/inference/stream,True,,12,43,,
1790481774.602294,1790481777.394779,41818.207185,41820.99967,2792.485,SSE,/api/inference/stream,True,,12,44,,
1790481774.659318,1790481777.448283,41818.264209,41821.053174,2788.965,SSE,/api/inference/stream,True,,12,45,,
1790481774.725728,1790481777.51575,41818.330619,41821.120641,2790.022,SSE,/api/inference/stream,True,,12,46,,
1790481774.766234,1790481777.556293,41818.371125,41821.161184,2790.059,SSE,/api/inference/stream,True,,12,47,,
1790481774.817749,1790481777.609096,41818.422639,41821.213986,2791.347,SSE,/api/inference/stream,True,,12,48,,
1790481774.8826,1790481777.672042,41818.48749,41821.276932,2789.442,SSE,/api/inference/stream,True,,12,49,,
1790481774.950436,1790481777.739341,41818.555327,41821.344232,2788.905,SSE,/api/inference/stream,True,,12,0,,
1790481775.004594,1790481777.796046,41818.609485,41821.400937,2791.452,SSE,/api/inference/stream,True,,12,1,,
1790481775.058025,1790481777.846657,41818.662916,41821.451547,2788.631,SSE,/api/inference/stream,True,,12,2,,
1790481775.110211,1790481777.900876,41818.715102,41821.505767,2790.665,SSE,/api/inference/stream,True,,12,3,,
1790481775.171442,1790481777.963218,41818.776333,41821.568109,2791.776,SSE,/api/inference/stream,True,,12,4,,
1790481775.224565,1790481778.015344,41818.829456,41821.620235,2790.78,SSE,/api/inference/stream,True,,12,5,,
1790481775.28589,1790481778.076977,41818.89078,41821.681868,2791.087,SSE,/api/inference/stream,True,,12,6,,
1790481775.334562,1790481778.123384,41818.939453,41821.728276,2788.822,SSE,/api/inference/stream,True,,12,7,,
1790481775.387394,1790481778.178447,41818.992285,41821.783338,2791.052,SSE,/api/inference/stream,True,,12,8,,
1790481775.44742,1790481778.237301,41819.052311,41821.842192,2789.881,SSE,/api/inference/stream,True,,12,9,,
1790481775.500895,1790481778.29008,41819.105786,41821.89497,2789.184,SSE,/api/inference/stream,True,,12,10,,
1790481775.555216,1790481778.345428,41819.160106,41821.950318,2790.213,SSE,/api/inference/stream,True,,12,11,,
1790481775.61254,1790481778.402061,41819.217431,41822.006952,2789.521,SSE,/api/inference/stream,True,,12,12,,
1790481775.6718,1790481778.462961,41819.276691,41822.067852,2791.161,SSE,/api/inference/stream,True,,12,13,,
1790481775.742527,1790481778.530739,41819.347418,41822.13563,2788.212,SSE,/api/inference/stream,True,,12,14,,
1790481775.775484,1790481778.563764,41819.380375,41822.168655,2788.28,SSE,/api/inference/stream,True,,12,15,,
1790481775.828289,1790481778.616972,41819.433179,41822.221863,2788.684,SSE,/api/inference/stream,True,,12,16,,
1790481775.901706,1790481778.689828,41819.506597,41822.294719,2788.122,SSE,/api/inference/stream,True,,12,17,,
1790481775.956392,1790481778.749841,41819.561282,41822.354732,2793.45,SSE,/api/inference/stream,True,,12,18,,
1790481775.992954,1790481778.782895,41819.597844,41822.387785,2789.941,SSE,/api/inference/stream,True,,12,19,,
1790481776.057262,1790481778.845655,41819.662153,41822.450546,2788.392,SSE,/api/inference/stream,True,,12,20,,
1790481776.122209,1790481778.910193,41819.7271,41822.515083,2787.984,SSE,/api/inference/stream,True,,12,21,,
1790481776.178845,1790481778.995642,41819.783736,41822.600534,2816.797,SSE,/api/inference/stream,True,,12,22,,
