start_ts,end_ts,start_mono,end_mono,response_time_ms,request_type,name,success,exception,response_length,user,http_status,stages_logged
1790481922.913599,1790481925.704418,41966.518489,41969.309309,2790.819,SSE,/api/inference/stream,True,,12,0,,
1790481922.970651,1790481925.765026,41966.575541,41969.369917,2794.375,SSE,/api/inference/stream,True,,12,1,,
1790481923.026224,1790481925.817497,41966.631115,41969.422388,2791.274,SSE,/api/inference/stream,True,,12,2,,
1790481923.081381,1790481925.8727,41966.686271,41969.477591,2791.32,SSE,/api/inference/stream,True,,12,3,,
1790481923.136845,1790481925.928588,41966.741735,41969.533478,2791.743,SSE,/api/inference/stream,True,,12,4,,
1790481923.19283,1790481925.985129,41966.79772,41969.59002,2792.3,SSE,/api/inference/stream,True,,12,5,,
1790481923.248213,1790481926.03925,41966.853103,41969.64414,2791.037,SSE,/api/inference/stream,True,,12,6,,
1790481923.303371,1790481926.093524,41966.908262,41969.698414,2790.152,SSE,/api/inference/stream,True,,12,7,,
1790481923.359504,1790481926.150377,41966.964394,41969.755267,2790.873,SSE,/api/inference/stream,True,,12,8,,
1790481923.414783,1790481926.2063,41967.019674,41969.811191,2791.517,SSE,/api/inference/stream,True,,12,9,,
1790481923.470622,1790481926.26168,41967.075513,41969.86657,2791.057,SSE,/api/inference/stream,True,,12,10,,
1790481923.526134,1790481926.316458,41967.131025,41969.921349,2790.324,SSE,/api/inference/stream,True,,12,11,,
1790481923.582313,1790481926.373909,41967.187158,41969.978754,2791.596,SSE,/api/inference/stream,True,,12,12,,
1790481923.637385,1790481926.427436,41967.242275,41970.032326,2790.051,SSE,/api/inference/stream,True,,12,13,,
1790481923.692865,1790481926.484586,41967.297756,41970.089476,2791.721,SSE,/api/inference/stream,True,,12,14,,
1790481923.748884,1790481926.540175,41967.353775,41970.145065,2791.29,SSE,/api/inference/stream,True,,12,15,,
1790481923.804655,1790481926.599078,41967.409545,41970.203969,2794.423,SSE,/api/inference/stream,True,,12,16,,
1790481923.861511,1790481926.652244,41967.466401,41970.257134,2790.733,SSE,/api/inference/stream,True,,12,17,,
1790481923.915296,1790481926.705841,41967.520186,41970.310731,2790.545,SSE,/api/inference/stream,True,,12,18,,
1790481923.971087,1790481926.761157,41967.575978,41970.366048,2790.07,SSE,/api/inference/stream,True,,12,19,,
1790481924.026475,1790481926.81792,41967.631366,41970.422811,2791.445,SSE,/api/inference/stream,True,,12,20,,
1790481924.082176,1790481926.873887,41967.687066,41970.478778,2791.711,SSE,/api/inference/stream,True,,12,21,,
1790481924.138066,1790481926.932409,41967.742956,41970.537299,2794.343,SSE,/api/inference/stream,True,,12,22,,
1790481924.193093,1790481926.983763,41967.797949,41970.58862,2790.67,SSE,/api/inference/stream,True,,12,23,,
1790481924.249398,1790481927.041268,41967.854288,41970.646158,2791.87,SSE,/api/inference/stream,True,,12,24,,
1790481924.304676,1790481927.094937,41967.909566,41970.699828,2790.262,SSE,/api/inference/stream,True,,12,25,,
1790481924.360212,1790481927.150362,41967.965102,41970.755252,2790.15,SSE,/api/inference/stream,True,,12,26,,
1790481924.416009,1790481927.206124,41968.0209,41970.811015,2790.115,SSE,/api/inference/stream,True,,12,27,,
1790481924.471189,1790481927.27761,41968.076079,41970.8825,2806.421,SSE,/api/inference/stream,True,,12,28,,
1790481924.526722,1790481927.320831,41968.131612,41970.925721,2794.109,SSE,/api/inference/stream,True,,12,29,,
1790481924.582994,1790481927.374326,41968.187885,41970.979217,2791.332,SSE,/api/inference/stream,True,,12,30,,
1790481924.638479,1790481927.431785,41968.243369,41971.036675,2793.306,SSE,/api/inference/stream,True,,12,31,,
1790481924.694075,1790481927.486659,41968.298966,41971.091549,2792.583,SSE,/api/inference/stream,True,,12,32,,
1790481924.750075,1790481927.559442,41968.354965,41971.164332,2809.367,SSE,/api/inference/stream,True,,12,33,,
1790481924.807564,1790481927.598641,41968.412455,41971.203532,2791.077,SSE,/api/inference/stream,True,,12,34,,
1790481924.861001,1790481927.653399,41968.465891,41971.258289,2792.398,SSE,/api/inference/stream,True,,12,35,,
1790481924.916134,1790481927.707414,41968.521025,41971.312305,2791.28,SSE,/api/inference/stream,True,,12,36,,
1790481924.971811,1790481927.763907,41968.576702,41971.368798,2792.096,SSE,/api/inference/stream,True,,12,37,,
1790481925.027323,1790481927.819697,41968.632213,41971.424588,2792.375,SSE,/api/inference/stream,True,,12,38,,
1790481925.082688,1790481927.875224,41968.687578,41971.480114,2792.536,SSE,/api/inference/stream,True,,12,39,,
1790481925.139252,1790481927.931885,41968.744142,41971.536776,2792.634,SSE,/api/inference/stream,True,,12,40,,
1790481925.193863,1790481927.983582,41968.798754,41971.588473,2789.719,SSE,/api/inference/stream,True,,12,41,,
1790481925.249506,1790481928.043303,41968.854397,41971.648194,2793.797,SSE,/api/inference/stream,True,,12,42,,
1790481925.305626,1790481928.095552,41968.910516,41971.700443,2789.927,SSE,/api/inference/stream,True,,12,43,,
1790481925.361039,1790481928.154048,41968.96593,41971.758938,2793.009,SSE,/api/inference/stream,True,,12,44,,
1790481925.417219,1790481928.209538,41969.022109,41971.814429,2792.319,SSE,/api/inference/stream,True,,12,45,,
1790481925.472483,1790481928.266562,41969.077374,41971.871453,2794.079,SSE,/api/inference/stream,True,,12,46,,
1790481925.527717,1790481928.31969,41969.132608,41971.924581,2791.973,SSE,/api/inference/stream,True,,12,47,,
1790481925.583659,1790481928.376275,41969.18855,41971.981165,2792.616,SSE,/api/inference/stream,True,,12,48,,
1790481925.639586,1790481928.429209,41969.244477,41972.0341,2789.622,SSE,/api/inference/stream,True,,12,49,,
1790481925.704841,1790481928.496859,41969.309731,41972.101749,2792.018,SSE,/api/inference/stream,True,,12,0,,
1790481925.765322,1790481928.55665,41969.370213,41972.16154,2791.328,SSE,/api/inference/stream,True,,12,1,,
1790481925.817783,1790481928.60848,41969.422674,41972.213371,2790.697,SSE,/api/inference/stream,True,,12,2,,
1790481925.873045,1790481928.661904,41969.477936,41972.266795,2788.858,SSE,/api/inference/stream,True,,12,3,,
1790481925.928892,1790481928.720343,41969.533783,41972.325234,2791.451,SSE,/api/inference/stream,True,,12,4,,
1790481925.985463,1790481928.778386,41969.590354,41972.383277,2792.923,SSE,/api/inference/stream,True,,12,5,,
1790481926.039613,1790481928.829179,41969.644504,41972.43407,2789.566,SSE,/api/inference/stream,True,,12,6,,
1790481926.093885,1790481928.885109,41969.698775,41972.489999,2791.224,SSE,/api/inference/stream,True,,12,7,,
1790481926.150699,1790481928.94127,41969.755589,41972.54616,2790.571,SSE,/api/inference/stream,True,,12,8,,
1790481926.206598,1790481928.997448,41969.811489,41972.602339,2790.851,SSE,/api/inference/stream,True,,12,9,,
1790481926.262067,1790481929.053181,41969.866958,41972.658072,2791.114,SSE,/api/inference/stream,True,,12,10,,
1790481926.31677,1790481929.106647,41969.92166,41972.711538,2789.877,SSE,/api/inference/stream,True,,12,11,,
1790481926.374257,1790481929.166216,41969.979147,41972.771107,2791.959,SSE,/api/inference/stream,True,,12,12,,
1790481926.427793,1790481929.217609,41970.032683,41972.822499,2789.816,SSE,/api/inference/stream,True,,12,13,,
1790481926.484961,1790481929.27434,41970.089852,41972.87923,2789.379,SSE,/api/inference/stream,True,,12,14,,
1790481926.540549,1790481929.330697,41970.145439,41972.935588,2790.148,SSE,/api/inference/stream,True,,12,15,,
1790481926.59945,1790481929.38929,41970.204341,41972.99418,2789.839,SSE,/api/inference/stream,True,,12,16,,
1790481926.65271,1790481929.442256,41970.257601,41973.047147,2789.546,SSE,/api/inference/stream,True,,12,17,,
1790481926.706202,1790481929.496393,41970.311092,41973.101283,2790.191,SSE,/api/inference/stream,True,,12,18,,
1790481926.761446,1790481929.549091,41970.366337,41973.153981,2787.645,SSE,/api/inference/stream,True,,12,19,,
1790481926.818276,1790481929.608144,41970.423167,41973.213035,2789.868,SSE,/api/inference/stream,True,,12,20,,
1790481926.874334,1790481929.66615,41970.479225,41973.271041,2791.816,SSE,/api/inference/stream,True,,12,21,,
1790481926.93279,1790481929.723856,41970.53768,41973.328746,2791.067,SSE,/api/inference/stream,True,,12,22,,
1790481926.984157,1790481929.772782,41970.589047,41973.377673,2788.626,SSE,/api/inference/stream,True,,12,23,,
1790481927.041634,1790481929.831363,41970.646525,41973.436254,2789.729,SSE,/api/inference/stream,True,,12,24,,
1790481927.095354,1790481929.884634,41970.700244,41973.489525,2789.281,SSE,/api/inference/stream,True,,12,25,,
1790481927.150745,1790481929.939863,41970.755636,41973.544754,2789.119,SSE,/api/inference/stream,True,,12,26,,
1790481927.206485,1790481929.995253,41970.811375,41973.600144,2788.769,SSE,/api/inference/stream,True,,12,27,,
1790481927.277991,1790481930.068367,41970.882882,41973.673258,2790.376,SSE,/api/inference/stream,True,,12,28,,
1790481927.321269,1790481930.111175,41970.92616,41973.716066,2789.906,SSE,/api/inference/stream,True,,12,29,,
1790481927.374635,1790481930.165456,41970.979526,41973.770346,2790.82,SSE,/api/inference/stream,True,,12,30,,
1790481927.432134,1790481930.222281,41971.037025,41973.827171,2790.147,SSE,/api/inference/stream,True,,12,31,,
1790481927.486992,1790481930.276739,41971.091883,41973.88163,2789.747,SSE,/api/inference/stream,True,,12,32,,
1790481927.559753,1790481930.350473,41971.164643,41973.955363,2790.72,SSE,/api/inference/stream,True,,12,33,,
1790481927.598951,1790481930.389059,41971.203841,41973.993949,2790.108,SSE,/api/inference/stream,True,,12,34,,
1790481927.65376,1790481930.445734,41971.258651,41974.050624,2791.974,SSE,/api/inference/stream,True,,12,35,,
1790481927.707655,1790481930.49754,41971.312545,41974.102431,2789.885,SSE,/api/inference/stream,True,,12,36,,
1790481927.764212,1790481930.555823,41971.369103,41974.160714,2791.611,SSE,/api/inference/stream,True,,12,37,,
1790481927.820063,1790481930.60965,41971.424953,41974.21454,2789.587,SSE,/api/inference/stream,True,,12,38,,
1790481927.875611,1790481930.667456,41971.480501,41974.272346,2791.845,SSE,/api/inference/stream,True,,12,39,,
1790481927.932206,1790481930.722905,41971.537097,41974.327796,2790.699,SSE,/api/inference/stream,True,,12,40,,
1790481927.983827,1790481930.772339,41971.588717,41974.37723,2788.513,SSE,/api/inference/stream,True,,12,41,,
1790481928.04368,1790481930.833334,41971.648571,41974.438225,2789.654,SSE,/api/inference/stream,True,,12,42,,
1790481928.095856,1790481930.885898,41971.700746,41974.490788,2790.042,SSE,/api/inference/stream,True,,12,43,,
1790481928.154442,1790481930.943317,41971.759333,41974.548207,2788.874,SSE,/api/inference/stream,True,,12,44,,
1790481928.209952,1790481931.001792,41971.814843,41974.606682,2791.84,SSE,/api/inference/stream,True,,12,45,,
1790481928.266873,1790481931.056598,41971.871764,41974.661489,2789.725,SSE,/api/inference/stream,True,,12,46,,
1790481928.319983,1790481931.110111,41971.924874,41974.715001,2790.127,SSE,/api/inference/stream,True,,12,47,,
1790481928.37659,1790481931.16604,41971.98148,41974.770931,2789.45,SSE,/api/inference/stream,True,,12,48,,
1790481928.429501,1790481931.220362,41972.034391,41974.825252,2790.861,SSE,/api/inference/stream,True,,12,49,,
1790481928.497154,1790481931.286981,41972.102044,41974.891872,2789.827,SSE,/api/inference/stream,True,,12,0,,
1790481928.557011,1790481931.346694,41972.161901,41974.951585,2789.683,SSE,/api/inference/stream,True,,12,1,,
1790481928.608797,1790481931.398519,41972.213688,41975.00341,2789.722,SSE,/api/inference/stream,True,,12,2,,
1790481928.662232,1790481931.45245,41972.267123,41975.05734,2790.217,SSE,/api/inference/stream,True,,12,3,,
1790481928.720641,1790481931.511314,41972.325532,41975.116205,2790.673,SSE,/api/inference/stream,True,,12,4,,
1790481928.77874,1790481931.569728,41972.383631,41975.174619,2790.987,SSE,/api/inference/stream,True,,12,5,,
1790481928.829484,1790481931.619679,41972.434375,41975.22457,2790.195,SSE,/api/inference/stream,True,,12,6,,
1790481928.885395,1790481931.676085,41972.490286,41975.280976,2790.69,SSE,/api/inference/stream,True,,12,7,,
1790481928.941539,1790481931.730449,41972.54643,41975.335339,2788.91,SSE,/api/inference/stream,True,,12,8,,
1790481928.997806,1790481931.787496,41972.602697,41975.392387,2789.69,SSE,/api/inference/stream,True,,12,9,,
1790481929.053625,1790481931.843765,41972.658516,41975.448656,2790.14,SSE,/api/inference/stream,True,,12,10,,
1790481929.107036,1790481931.896958,41972.711927,41975.501849,2789.922,SSE,/api/inference/stream,True,,12,11,,
1790481929.166548,1790481931.954949,41972.771438,41975.55984,2788.401,SSE,/api/inference/stream,True,,12,12,,
1790481929.217994,1790481932.007485,41972.822885,41975.612376,2789.491,SSE,/api/inference/stream,True,,12,13,,
1790481929.274646,1790481932.06431,41972.879537,41975.669201,2789.664,SSE,/api/inference/stream,True,,12,14,,
1790481929.331041,1790481932.121301,41972.935932,41975.726191,2790.259,SSE,/api/inference/stream,True,,12,15,,
1790481929.389611,1790481932.180174,41972.994502,41975.785065,2790.563,SSE,/api/inference/stream,True,,12,16,,
1790481929.442619,1790481932.232307,41973.047509,41975.837197,2789.688,SSE,/api/inference/stream,True,,12,17,,
1790481929.496769,1790481932.287082,41973.10166,41975.891973,2790.313,SSE,/api/inference/stream,True,,12,18,,
1790481929.549399,1790481932.339718,41973.15429,41975.944608,2790.318,SSE,/api/inference/stream,True,,12,19,,
1790481929.608508,1790481932.398158,41973.213398,41976.003048,2789.65,SSE,/api/inference/stream,True,,12,20,,
1790481929.66651,1790481932.458651,41973.2714,41976.063542,2792.141,SSE,/api/inference/stream,True,,12,21,,
1790481929.72422,1790481932.514094,41973.329111,41976.118985,2789.874,SSE,/api/inference/stream,True,,12,22,,
1790481929.7731,1790481932.561958,41973.37799,41976.166848,2788.858,SSE,/api/inference/stream,True,,12,23,,
1790481929.831696,1790481932.620579,41973.436587,41976.225469,2788.883,SSE,/api/inference/stream,True,,12,24,,
1790481929.884945,1790481932.673995,41973.489835,41976.278885,2789.05,SSE,/api/inference/stream,True,,12,25,,
1790481929.940236,1790481932.729761,41973.545127,41976.334651,2789.525,SSE,/api/inference/stream,True,,12,26,,
1790481929.995469,1790481932.785477,41973.600359,41976.390367,2790.008,SSE,/api/inference/stream,True,,12,27,,
1790481930.068655,1790481932.857958,41973.673545,41976.462848,2789.303,SSE,/api/inference/stream,True,,12,28,,
1790481930.111516,1790481932.899637,41973.716407,41976.504528,2788.12,SSE,/api/inference/stream,True,,12,29,,
1790481930.165752,1790481932.955512,41973.770643,41976.560403,2789.759,SSE,/api/inference/stream,True,,12,30,,
1790481930.222617,1790481933.012249,41973.827508,41976.617139,2789.631,SSE,/api/inference/stream,True,,12,31,,
1790481930.277038,1790481933.066576,41973.881929,41976.671467,2789.538,SSE,/api/inference/stream,True,,12,32,,
1790481930.350792,1790481933.141024,41973.955683,41976.745914,2790.232,SSE,/api/inference/stream,True,,12,33,,
1790481930.389352,1790481933.181107,41973.994243,41976.785998,2791.755,SSE,/api/inference/stream,True,,12,34,,
1790481930.446036,1790481933.236285,41974.050926,41976.841175,2790.249,SSE,/api/inference/stream,True,,12,35,,
1790481930.497892,1790481933.288967,41974.102782,41976.893858,2791.076,SSE,/api/inference/stream,True,,12,36,,
1790481930.556124,1790481933.346412,41974.161015,41976.951302,2790.287,SSE,/api/inference/stream,True,,12,37,,
1790481930.610025,1790481933.400857,41974.214916,41977.005748,2790.832,SSE,/api/inference/stream,True,,12,38,,
1790481930.667742,1790481933.457458,41974.272632,41977.062349,2789.717,SSE,/api/inference/stream,True,,12,39,,
1790481930.723358,1790481933.513267,41974.328248,41977.118157,2789.909,SSE,/api/inference/stream,True,,12,40,,
1790481930.772709,1790481933.562324,41974.377599,41977.167214,2789.615,SSE,/api/inference/stream,True,,12,41,,
1790481930.833684,1790481933.623672,41974.438574,41977.228563,2789.988,SSE,/api/inference/stream,True,,12,42,,
1790481930.886265,1790481933.676642,41974.491156,41977.281532,2790.377,SSE,/api/inference/stream,True,,12,43,,
1790481930.943663,1790481933.734805,41974.548553,41977.339696,2791.143,SSE,/api/inference/stream,True,,12,44,,
1790481931.00216,1790481933.792655,41974.607051,41977.397545,2790.494,SSE,/api/inference/stream,True,,12,45,,
1790481931.056883,1790481933.845977,41974.661773,41977.450867,2789.094,SSE,/api/inference/stream,True,,12,46,,
1790481931.110404,1790481933.900658,41974.715295,41977.505548,2790.253,SSE,/api/inference/stream,True,,12,47,,
1790481931.166335,1790481933.955339,41974.771226,41977.56023,2789.004,SSE,/api/inference/stream,True,,12,48,,
1790481931.220682,1790481934.009852,41974.825573,41977.614742,2789.17,SSE,/api/inference/stream,True,,12,49,,
1790481931.287359,1790481934.078271,41974.892249,41977.683162,2790.913,SSE,/api/inference/stream,True,,12,0,,
1790481931.347073,1790481934.138185,41974.951963,41977.743075,2791.112,SSE,/api/inference/stream,True,,12,1,,
1790481931.398875,1790481934.188431,41975.003765,41977.793321,2789.556,SSE,/api/inference/stream,True,,12,2,,
1790481931.452738,1790481934.242651,41975.057628,41977.847542,2789.914,SSE,/api/inference/stream,True,,12,3,,
1790481931.511603,1790481934.302971,41975.116494,41977.907862,2791.368,SSE,/api/inference/stream,True,,12,4,,
1790481931.57001,1790481934.360408,41975.1749,41977.965298,2790.398,SSE,/api/inference/stream,True,,12,5,,
1790481931.620075,1790481934.411832,41975.224966,41978.016722,2791.756,SSE,/api/inference/stream,True,,12,6,,
1790481931.676417,1790481934.465801,41975.281308,41978.070692,2789.384,SSE,/api/inference/stream,True,,12,7,,
1790481931.73078,1790481934.521366,41975.33567,41978.126256,2790.587,SSE,/api/inference/stream,True,,12,8,,
1790481931.787853,1790481934.577143,41975.392743,41978.182034,2789.29,SSE,/api/inference/stream,True,,12,9,,
1790481931.844126,1790481934.636516,41975.449017,41978.241407,2792.39,SSE,/api/inference/stream,True,,12,10,,
1790481931.89731,1790481934.687368,41975.5022,41978.292259,2790.059,SSE,/api/inference/stream,True,,12,11,,
1790481931.955294,1790481934.743358,41975.560184,41978.348249,2788.065,SSE,/api/inference/stream,True,,12,12,,
1790481932.00787,1790481934.797695,41975.612761,41978.402585,2789.824,SSE,/api/inference/stream,True,,12,13,,
1790481932.064598,1790481934.855347,41975.669488,41978.460237,2790.749,SSE,/api/inference/stream,True,,12,14,,
1790481932.121597,1790481934.91162,41975.726487,41978.516511,2790.024,SSE,/api/inference/stream,True,,12,15,,
1790481932.180535,1790481934.968668,41975.785425,41978.573558,2788.132,SSE,/api/inference/stream,True,,12,16,,
1790481932.232699,1790481935.022136,41975.83759,41978.627026,2789.436,SSE,/api/inference/stream,True,,12,17,,
1790481932.287554,1790481935.076162,41975.892445,41978.681053,2788.608,SSE,/api/inference/stream,True,,12,18,,
1790481932.34005,1790481935.129527,41975.94494,41978.734417,2789.477,SSE,/api/inference/stream,True,,12,19,,
1790481932.398551,1790481935.188503,41976.003442,41978.793394,2789.952,SSE,/api/inference/stream,True,,12,20,,
1790481932.458934,1790481935.249301,41976.063824,41978.854192,2790.368,SSE,/api/inference/stream,True,,12,21,,
1790481932.514468,1790481935.307924,41976.119359,41978.912815,2793.456,SSE,/api/inference/stream,True,,12,22,,
1790481932.562329,1790481935.350924,41976.167219,41978.955815,2788.595,SSE,/api/inference/stream,True,,12,23,,
1790481932.620865,1790481935.411355,41976.225755,41979.016246,2790.49,SSE,/api/inference/stream,True,,12,24,,
1790481932.674345,1790481935.46387,41976.279236,41979.06876,2789.524,SSE,/api/inference/stream,True,,12,25,,
1790481932.730145,1790481935.520478,41976.335036,41979.125368,2790.332,SSE,/api/inference/stream,True,,12,26,,
1790481932.785897,1790481935.575598,41976.390787,41979.180489,2789.701,SSE,/api/inference/stream,True,,12,27,,
1790481932.858314,1790481935.648672,41976.463204,41979.253563,2790.358,SSE,/api/inference/stream,True,,12,28,,
1790481932.899908,1790481935.690201,41976.504799,41979.295091,2790.293,SSE,/api/inference/stream,True,,12,29,,
1790481932.95584,1790481935.745659,41976.56073,41979.35055,2789.82,SSE,/api/inference/stream,True,,12,30,,
1790481933.012607,1790481935.802948,41976.617498,41979.407838,2790.34,SSE,/api/inference/stream,True,,12,31,,
1790481933.06693,1790481935.85726,41976.67182,41979.46215,2790.33,SSE,/api/inference/stream,True,,12,32,,
1790481933.141402,1790481935.932066,41976.746293,41979.536957,2790.664,SSE,/api/inference/stream,True,,12,33,,
1790481933.181483,1790481935.971862,41976.786373,41979.576753,2790.38,SSE,/api/inference/stream,True,,12,34,,
1790481933.236693,1790481936.027211,41976.841583,41979.632102,2790.518,SSE,/api/inference/stream,True,,12,35,,
1790481933.289303,1790481936.079066,41976.894194,41979.683957,2789.763,SSE,/api/inference/stream,True,,12,36,,
1790481933.346788,1790481936.138115,41976.951678,41979.743005,2791.327,SSE,/api/inference/stream,True,,12,37,,
1790481933.401172,1790481936.192151,41977.006063,41979.797041,2790.979,SSE,/api/inference/stream,True,,12,38,,
1790481933.457766,1790481936.247877,41977.062657,41979.852768,2790.111,SSE,/api/inference/stream,True,,12,39,,
1790481933.513592,1790481936.303225,41977.118482,41979.908115,2789.633,SSE,/api/inference/stream,True,,12,40,,
1790481933.562721,1790481936.354544,41977.167611,41979.959435,2791.823,SSE,/api/inference/stream,True,,12,41,,
1790481933.623969,1790481936.413269,41977.228859,41980.01816,2789.301,SSE,/api/inference/stream,True,,12,42,,
1790481933.676975,1790481936.466223,41977.281865,41980.071114,2789.249,SSE,/api/inference/stream,True,,12,43,,
1790481933.735268,1790481936.525279,41977.340158,41980.13017,2790.012,SSE,/api/inference/stream,True,,12,44,,
1790481933.792992,1790481936.583008,41977.397883,41980.187898,2790.015,SSE,/api/inference/stream,True,,12,45,,
1790481933.846267,1790481936.636163,41977.451157,41980.241054,2789.896,SSE,/api/inference/stream,True,,12,46,,
1790481933.900986,1790481936.690171,41977.505877,41980.295062,2789.185,SSE,/api/inference/stream,True,,12,47,,
1790481933.955667,1790481936.745282,41977.560557,41980.350172,2789.615,SSE,/api/inference/stream,True,,12,48,,
1790481934.010152,1790481936.799322,41977.615043,41980.404213,2789.17,SSE,/api/inference/stream,True,,12,49,,
1790481934.078567,1790481936.868812,41977.683458,41980.473702,2790.244,SSE,/api/inference/stream,True,,12,0,,
1790481934.138497,1790481936.927529,41977.743388,41980.532419,2789.031,SSE,/api/inference/stream,True,,12,1,,
1790481934.188714,1790481936.977908,41977.793605,41980.582799,2789.194,SSE,/api/inference/stream,True,,12,2,,
1790481934.242999,1790481937.034229,41977.847889,41980.63912,2791.23,SSE,/api/inference/stream,True,,12,3,,
1790481934.303271,1790481937.092661,41977.908162,41980.697552,2789.39,SSE,/api/inference/stream,True,,12,4,,
1790481934.360752,1790481937.150262,41977.965643,41980.755153,2789.51,SSE,/api/inference/stream,True,,12,5,,
1790481934.412136,1790481937.201925,41978.017026,41980.806816,2789.79,SSE,/api/inference/stream,True,,12,6,,
1790481934.466108,1790481937.257441,41978.070999,41980.862332,2791.333,SSE,/api/inference/stream,True,,12,7,,
1790481934.521683,1790481937.312566,41978.126573,41980.917457,2790.883,SSE,/api/inference/stream,True,,12,8,,
1790481934.577497,1790481937.367283,41978.182387,41980.972174,2789.786,SSE,/api/inference/stream,True,,12,9,,
1790481934.636833,1790481937.427473,41978.241724,41981.032364,2790.64,SSE,/api/inference/stream,True,,12,10,,
1790481934.687763,1790481937.477203,41978.292654,41981.082094,2789.44,SSE,/api/inference/stream,True,,12,11,,
1790481934.743662,1790481937.533125,41978.348552,41981.138016,2789.464,SSE,/api/inference/stream,True,,12,12,,
1790481934.798054,1790481937.58812,41978.402944,41981.193011,2790.067,SSE,/api/inference/stream,True,,12,13,,
1790481934.855648,1790481937.645873,41978.460538,41981.250764,2790.226,SSE,/api/inference/stream,True,,12,14,,
1790481934.91192,1790481937.701931,41978.51681,41981.306821,2790.011,SSE,/api/inference/stream,True,,12,15,,
1790481934.968921,1790481937.757522,41978.573811,41981.362412,2788.601,SSE,/api/inference/stream,True,,12,16,,
1790481935.022523,1790481937.812748,41978.627414,41981.417639,2790.225,SSE,/api/inference/stream,True,,12,17,,
1790481935.076483,1790481937.865717,41978.681373,41981.470608,2789.235,SSE,/api/inference/stream,True,,12,18,,
1790481935.129841,1790481937.919724,41978.734731,41981.524615,2789.884,SSE,/api/inference/stream,True,,12,19,,
1790481935.188872,1790481937.979433,41978.793762,41981.584323,2790.561,SSE,/api/inference/stream,True,,12,20,,
1790481935.2496,1790481938.041,41978.854491,41981.64589,2791.4,SSE,/api/inference/stream,True,,12,21,,
1790481935.308266,1790481938.098101,41978.913157,41981.702992,2789.835,SSE,/api/inference/stream,True,,12,22,,
1790481935.351334,1790481938.140693,41978.956224,41981.745584,2789.36,SSE,/api/inference/stream,True,,12,23,,
1790481935.411701,1790481938.200217,41979.016592,41981.805107,2788.516,SSE,/api/inference/stream,True,,12,24,,
1790481935.464214,1790481938.253503,41979.069104,41981.858394,2789.29,SSE,/api/inference/stream,True,,12,25,,
1790481935.520834,1790481938.310693,41979.125725,41981.915584,2789.859,SSE,/api/inference/stream,True,,12,26,,
1790481935.575974,1790481938.365057,41979.180864,41981.969948,2789.084,SSE,/api/inference/stream,True,,12,27,,
1790481935.649017,1790481938.438931,41979.253908,41982.043822,2789.914,SSE,/api/inference/stream,True,,12,28,,
1790481935.690546,1790481938.481696,41979.295437,41982.086587,2791.15,SSE,/api/inference/stream,True,,12,29,,
1790481935.745985,1790481938.537334,41979.350875,41982.142225,2791.35,SSE,/api/inference/stream,True,,12,30,,
1790481935.803389,1790481938.593614,41979.40828,41982.198504,2790.225,SSE,/api/inference/stream,True,,12,31,,
1790481935.857528,1790481938.647052,41979.462418,41982.251942,2789.524,SSE,/api/inference/stream,True,,12,32,,
1790481935.932496,1790481938.72338,41979.537386,41982.32827,2790.884,SSE,/api/inference/stream,True,,12,33,,
1790481935.972255,1790481938.762577,41979.577146,41982.367468,2790.322,SSE,/api/inference/stream,True,,12,34,,
1790481936.027587,1790481938.817902,41979.632478,41982.422793,2790.315,SSE,/api/inference/stream,True,,12,35,,
1790481936.079513,1790481938.871523,41979.684404,41982.476413,2792.01,SSE,/api/inference/stream,True,,12,36,,
1790481936.138434,1790481938.928877,41979.743324,41982.533768,2790.443,SSE,/api/inference/stream,True,,12,37,,
1790481936.192533,1790481938.982581,41979.797424,41982.587472,2790.048,SSE,/api/inference/stream,True,,12,38,,
1790481936.248174,1790481939.038185,41979.853064,41982.643076,2790.011,SSE,/api/inference/stream,True,,12,39,,
1790481936.303571,1790481939.094377,41979.908461,41982.699268,2790.806,SSE,/api/inference/stream,True,,12,40,,
1790481936.354867,1790481939.144738,41979.959758,41982.749628,2789.87,SSE,/api/inference/stream,True,,12,41,,
1790481936.413638,1790481939.20473,41980.018528,41982.809621,2791.092,SSE,/api/inference/stream,True,,12,42,,
1790481936.466526,1790481939.256073,41980.071416,41982.860964,2789.547,SSE,/api/inference/stream,True,,12,43,,
1790481936.525646,1790481939.315475,41980.130536,41982.920366,2789.829,SSE,/api/inference/stream,True,,12,44,,
1790481936.583402,1790481939.374068,41980.188292,41982.978958,2790.666,SSE,/api/inference/stream,True,,12,45,,
1790481936.636482,1790481939.426286,41980.241373,41983.031176,2789.804,SSE,/api/inference/stream,True,,12,46,,
1790481936.690477,1790481939.480915,41980.295367,41983.085806,2790.439,SSE,/api/inference/stream,True,,12,47,,
1790481936.745597,1790481939.536075,41980.350487,41983.140966,2790.479,SSE,/api/inference/stream,True,,12,48,,
1790481936.799687,1790481939.591187,41980.404577,41983.196077,2791.5,SSE,/api/inference/stream,True,,12,49,,
1790481936.869118,1790481939.659301,41980.474008,41983.264192,2790.183,SSE,/api/inference/stream,True,,12,0,,
1790481936.927826,1790481939.717563,41980.532717,41983.322453,2789.737,SSE,/api/inference/stream,True,,12,1,,
1790481936.978166,1790481939.76747,41980.583057,41983.372361,2789.304,SSE,/api/inference/stream,True,,12,2,,
1790481937.034609,1790481939.823566,41980.6395,41983.428457,2788.957,SSE,/api/inference/stream,True,,12,3,,
1790481937.092922,1790481939.881499,41980.697812,41983.48639,2788.577,SSE,/api/inference/stream,True,,12,4,,
1790481937.150501,1790481939.940428,41980.755392,41983.545319,2789.927,SSE,/api/inference/stream,True,,12,5,,
1790481937.202218,1790481939.994182,41980.807109,41983.599074,2791.964,SSE,/api/inference/stream,True,,12,6,,
1790481937.257784,1790481940.047189,41980.862674,41983.652079,2789.405,SSE,/api/inference/stream,True,,12,7,,
1790481937.312875,1790481940.10552,41980.917766,41983.710411,2792.645,SSE,/api/inference/stream,True,,12,8,,
1790481937.367633,1790481940.157195,41980.972524,41983.762085,2789.561,SSE,/api/inference/stream,True,,12,9,,
1790481937.427777,1790481940.218398,41981.032668,41983.823288,2790.621,SSE,/api/inference/stream,True,,12,10,,
1790481937.477593,1790481940.265882,41981.082483,41983.870773,2788.289,SSE,/api/inference/stream,True,,12,11,,
1790481937.533441,1790481940.322937,41981.138331,41983.927827,2789.496,SSE,/api/inference/stream,True,,12,12,,
1790481937.588512,1790481940.379829,41981.193402,41983.98472,2791.318,SSE,/api/inference/stream,True,,12,13,,
1790481937.646208,1790481940.436042,41981.251098,41984.040932,2789.834,SSE,/api/inference/stream,True,,12,14,,
1790481937.702234,1790481940.491354,41981.307124,41984.096244,2789.12,SSE,/api/inference/stream,True,,12,15,,
1790481937.757822,1790481940.547518,41981.362712,41984.152409,2789.697,SSE,/api/inference/stream,True,,12,16,,
1790481937.813104,1790481940.601862,41981.417995,41984.206753,2788.758,SSE,/api/inference/stream,True,,12,17,,
1790481937.866079,1790481940.65491,41981.470969,41984.2598,2788.831,SSE,/api/inference/stream,True,,12,18,,
1790481937.920061,1790481940.709498,41981.524952,41984.314389,2789.437,SSE,/api/inference/stream,True,,12,19,,
1790481937.979829,1790481940.770493,41981.584719,41984.375383,2790.664,SSE,/api/inference/stream,True,,12,20,,
1790481938.041364,1790481940.833309,41981.646255,41984.4382,2791.945,SSE,/api/inference/stream,True,,12,21,,
1790481938.098366,1790481940.889362,41981.703257,41984.494253,2790.996,SSE,/api/inference/stream,True,,12,22,,
1790481938.141071,1790481940.930105,41981.745962,41984.534996,2789.034,SSE,/api/inference/stream,True,,12,23,,
1790481938.200522,1790481940.988907,41981.805412,41984.593797,2788.385,SSE,/api/inference/stream,True,,12,24,,
1790481938.253849,1790481941.043489,41981.858739,41984.64838,2789.641,SSE,/api/inference/stream,True,,12,25,,
1790481938.311041,1790481941.101731,41981.915931,41984.706621,2790.689,SSE,/api/inference/stream,True,,12,26,,
1790481938.365404,1790481941.154621,41981.970295,41984.759511,2789.217,SSE,/api/inference/stream,True,,12,27,,
1790481938.439423,1790481941.229852,41982.044314,41984.834743,2790.429,SSE,/api/inference/stream,True,,12,28,,
1790481938.482058,1790481941.271664,41982.086949,41984.876554,2789.606,SSE,/api/inference/stream,True,,12,29,,
1790481938.537673,1790481941.328674,41982.142564,41984.933564,2791.0,SSE,/api/inference/stream,True,,12,30,,
1790481938.593981,1790481941.384443,41982.198872,41984.989334,2790.462,SSE,/api/inference/stream,True,,12,31,,
1790481938.647448,1790481941.437318,41982.252338,41985.042209,2789.871,SSE,/api/inference/stream,True,,12,32,,
1790481938.723786,1790481941.513419,41982.328676,41985.118309,2789.633,SSE,/api/inference/stream,True,,12,33,,
1790481938.762875,1790481941.554154,41982.367766,41985.159045,2791.279,SSE,/api/inference/stream,True,,12,34,,
1790481938.818215,1790481941.610242,41982.423105,41985.215133,2792.027,SSE,/api/inference/stream,True,,12,35,,
1790481938.871863,1790481941.66333,41982.476753,41985.26822,2791.467,SSE,/api/inference/stream,True,,12,36,,
1790481938.929197,1790481941.721421,41982.534087,41985.326312,2792.224,SSE,/api/inference/stream,True,,12,37,,
1790481938.982878,1790481941.772535,41982.587768,41985.377426,2789.657,SSE,/api/inference/stream,True,,12,38,,
1790481939.038519,1790481941.828375,41982.64341,41985.433266,2789.856,SSE,/api/inference/stream,True,,12,39,,
1790481939.094742,1790481941.884076,41982.699633,41985.488967,2789.334,SSE,/api/inference/stream,True,,12,40,,
1790481939.145041,1790481941.9353,41982.749932,41985.54019,2790.258,SSE,/api/inference/stream,True,,12,41,,
1790481939.205055,1790481941.996866,41982.809946,41985.601757,2791.811,SSE,/api/inference/stream,True,,12,42,,
1790481939.256356,1790481942.046519,41982.861246,41985.651409,2790.163,SSE,/api/inference/stream,True,,12,43,,
1790481939.315816,1790481942.104867,41982.920707,41985.709758,2789.051,SSE,/api/inference/stream,True,,12,44,,
1790481939.374453,1790481942.163838,41982.979344,41985.768729,2789.385,SSE,/api/inference/stream,True,,12,45,,
1790481939.426665,1790481942.215554,41983.031556,41985.820444,2788.889,SSE,/api/inference/stream,True,,12,46,,
1790481939.481247,1790481942.271061,41983.086137,41985.875952,2789.815,SSE,/api/inference/stream,True,,12,47,,
1790481939.536377,1790481942.326587,41983.141268,41985.931478,2790.21,SSE,/api/inference/stream,True,,12,48,,
1790481939.591492,1790481942.381088,41983.196382,41985.985978,2789.596,SSE,/api/inference/stream,True,,12,49,,
1790481939.659661,1790481942.450481,41983.264551,41986.055372,2790.82,SSE,/api/inference/stream,True,,12,0,,
1790481939.717937,1790481942.506788,41983.322827,41986.111678,2788.851,SSE,/api/inference/stream,True,,12,1,,
1790481939.767841,1790481942.558755,41983.372731,41986.163645,2790.914,SSE,/api/inference/stream,True,,12,2,,
1790481939.823926,1790481942.614793,41983.428817,41986.219684,2790.867,SSE,/api/inference/stream,True,,12,3,,
1790481939.881877,1790481942.672743,41983.486767,41986.277634,2790.867,SSE,/api/inference/stream,True,,12,4,,
1790481939.940746,1790481942.731355,41983.545637,41986.336246,2790.609,SSE,/api/inference/stream,True,,12,5,,
1790481939.994439,1790481942.784731,41983.59933,41986.389622,2790.292,SSE,/api/inference/stream,True,,12,6,,
1790481940.047499,1790481942.838275,41983.652389,41986.443165,2790.776,SSE,/api/inference/stream,True,,12,7,,
1790481940.105905,1790481942.89479,41983.710796,41986.499681,2788.885,SSE,/api/inference/stream,True,,12,8,,
1790481940.157448,1790481942.948981,41983.762339,41986.553872,2791.533,SSE,/api/inference/stream,True,,12,9,,
1790481940.218854,1790481943.01086,41983.823744,41986.61575,2792.006,SSE,/api/inference/stream,True,,12,10,,
1790481940.266155,1790481943.055937,41983.871046,41986.660827,2789.781,SSE,/api/inference/stream,True,,12,11,,
1790481940.323374,1790481943.112837,41983.928265,41986.717727,2789.463,SSE,/api/inference/stream,True,,12,12,,
1790481940.380168,1790481943.171317,41983.985058,41986.776207,2791.149,SSE,/api/inference/stream,True,,12,13,,
1790481940.436338,1790481943.225936,41984.041229,41986.830826,2789.598,SSE,/api/inference/stream,True,,12,14,,
1790481940.491716,1790481943.280764,41984.096607,41986.885654,2789.048,SSE,/api/inference/stream,True,,12,15,,
1790481940.547827,1790481943.338019,41984.152717,41986.94291,2790.193,SSE,/api/inference/stream,True,,12,16,,
1790481940.602228,1790481943.391188,41984.207119,41986.996079,2788.96,SSE,/api/inference/stream,True,,12,17,,
1790481940.655302,1790481943.444433,41984.260193,41987.049324,2789.13,SSE,/api/inference/stream,True,,12,18,,
1790481940.709806,1790481943.500471,41984.314697,41987.105362,2790.665,SSE,/api/inference/stream,True,,12,19,,
1790481940.770864,1790481943.561412,41984.375754,41987.166302,2790.548,SSE,/api/inference/stream,True,,12,20,,
1790481940.833644,1790481943.622476,41984.438535,41987.227367,2788.832,SSE,/api/inference/stream,True,,12,21,,
1790481940.889674,1790481943.680511,41984.494564,41987.285402,2790.838,SSE,/api/inference/stream,True,,12,22,,
1790481940.930463,1790481943.719342,41984.535354,41987.324233,2788.879,SSE,/api/inference/stream,True,,12,23,,
1790481940.989215,1790481943.778485,41984.594106,41987.383376,2789.27,SSE,/api/inference/stream,True,,12,24,,
1790481941.043826,1790481943.833433,41984.648716,41987.438324,2789.607,SSE,/api/inference/stream,True,,12,25,,
1790481941.102095,1790481943.892616,41984.706986,41987.497507,2790.521,SSE,/api/inference/stream,True,,12,26,,
1790481941.155291,1790481943.944286,41984.760181,41987.549177,2788.995,SSE,/api/inference/stream,True,,12,27,,
1790481941.230199,1790481944.020586,41984.835089,41987.625476,2790.387,SSE,/api/inference/stream,True,,12,28,,
1790481941.272009,1790481944.062489,41984.8769,41987.66738,2790.48,SSE,/api/inference/stream,True,,12,29,,
1790481941.328981,1790481944.119436,41984.933872,41987.724326,2790.455,SSE,/api/inference/stream,True,,12,30,,
1790481941.38481,1790481944.175336,41984.9897,41987.780227,2790.527,SSE,/api/inference/stream,True,,12,31,,
1790481941.437617,1790481944.226973,41985.042507,41987.831863,2789.356,SSE,/api/inference/stream,True,,12,32,,
1790481941.513764,1790481944.303396,41985.118655,41987.908287,2789.633,SSE,/api/inference/stream,True,,12,33,,
1790481941.554457,1790481944.345379,41985.159347,41987.950269,2790.922,SSE,/api/inference/stream,True,,12,34,,
1790481941.61053,1790481944.399967,41985.215421,41988.004858,2789.437,SSE,/api/inference/stream,True,,12,35,,
1790481941.663626,1790481944.454191,41985.268517,41988.059082,2790.565,SSE,/api/inference/stream,True,,12,36,,
1790481941.72171,1790481944.5127,41985.326601,41988.117591,2790.99,SSE,/api/inference/stream,True,,12,37,,
1790481941.772836,1790481944.562617,41985.377727,41988.167507,2789.78,SSE,/api/inference/stream,True,,12,38,,
1790481941.828755,1790481944.618399,41985.433645,41988.223289,2789.644,SSE,/api/inference/stream,True,,12,39,,
1790481941.884377,1790481944.67451,41985.489267,41988.2794,2790.133,SSE,/api/inference/stream,True,,12,40,,
1790481941.935611,1790481944.725472,41985.540501,41988.330363,2789.862,SSE,/api/inference/stream,True,,12,41,,
1790481941.997243,1790481944.789304,41985.602134,41988.394194,2792.061,SSE,/api/inference/stream,True,,12,42,,
1790481942.046834,1790481944.836388,41985.651724,41988.441278,2789.554,SSE,/api/inference/stream,True,,12,43,,
1790481942.105235,1790481944.893802,41985.710126,41988.498693,2788.567,SSE,/api/inference/stream,True,,12,44,,
1790481942.164353,1790481944.953626,41985.769243,41988.558516,2789.273,SSE,/api/inference/stream,True,,12,45,,
1790481942.215873,1790481945.006397,41985.820764,41988.611288,2790.524,SSE,/api/inference/stream,True,,12,46,,
1790481942.271528,1790481945.060322,41985.876419,41988.665213,2788.794,SSE,/api/inference/stream,True,,12,47,,
1790481942.32688,1790481945.116493,41985.931771,41988.721384,2789.613,SSE,/api/inference/stream,True,,12,48,,
1790481942.381457,1790481945.17191,41985.986347,41988.776801,2790.453,SSE,/api/inference/stream,True,,12,49,,
1790481942.450785,1790481945.24061,41986.055676,41988.8455,2789.824,SSE,/api/inference/stream,True,,12,0,,
1790481942.507086,1790481945.29721,41986.111976,41988.902101,2790.125,SSE,/api/inference/stream,True,,12,1,,
1790481942.559087,1790481945.349616,41986.163977,41988.954507,2790.53,SSE,/api/inference/stream,True,,12,2,,
1790481942.615213,1790481945.406222,41986.220104,41989.011113,2791.009,SSE,/api/inference/stream,True,,12,3,,
1790481942.673028,1790481945.462435,41986.277919,41989.067326,2789.407,SSE,/api/inference/stream,True,,12,4,,
1790481942.731626,1790481945.521069,41986.336517,41989.12596,2789.443,SSE,/api/inference/stream,True,,12,5,,
1790481942.785019,1790481945.575218,41986.38991,41989.180109,2790.199,SSE,/api/inference/stream,True,,12,6,,
1790481942.838593,1790481945.628941,41986.443484,41989.233832,2790.348,SSE,/api/inference/stream,True,,12,7,,
1790481942.895227,1790481945.684766,41986.500118,41989.289657,2789.539,SSE,/api/inference/stream,True,,12,8,,
1790481942.94934,1790481945.738847,41986.554231,41989.343737,2789.507,SSE,/api/inference/stream,True,,12,9,,
1790481943.011351,1790481945.802551,41986.616241,41989.407441,2791.2,SSE,/api/inference/stream,True,,12,10,,
1790481943.056242,1790481945.845685,41986.661132,41989.450575,2789.443,SSE,/api/inference/stream,True,,12,11,,
1790481943.113125,1790481945.902265,41986.718015,41989.507156,2789.141,SSE,/api/inference/stream,True,,12,12,,
1790481943.171661,1790481945.962977,41986.776551,41989.567868,2791.317,SSE,/api/inference/stream,True,,12,13,,
1790481943.226237,1790481946.016575,41986.831128,41989.621466,2790.338,SSE,/api/inference/stream,True,,12,14,,
1790481943.281111,1790481946.070184,41986.886002,41989.675075,2789.072,SSE,/api/inference/stream,True,,12,15,,
1790481943.338326,1790481946.128189,41986.943217,41989.733079,2789.863,SSE,/api/inference/stream,True,,12,16,,
1790481943.39151,1790481946.180685,41986.996401,41989.785576,2789.174,SSE,/api/inference/stream,True,,12,17,,
1790481943.444715,1790481946.231809,41987.049605,41989.8367,2787.095,SSE,/api/inference/stream,True,,12,18,,
1790481943.500761,1790481946.291521,41987.105651,41989.896412,2790.76,SSE,/api/inference/stream,True,,12,19,,
1790481943.561783,1790481946.352613,41987.166673,41989.957504,2790.83,SSE,/api/inference/stream,True,,12,20,,
1790481943.622763,1790481946.413402,41987.227654,41990.018293,2790.639,SSE,/api/inference/stream,True,,12,21,,
1790481943.680802,1790481946.470886,41987.285693,41990.075776,2790.084,SSE,/api/inference/stream,True,,12,22,,
1790481943.719696,1790481946.507719,41987.324587,41990.11261,2788.023,SSE,/api/inference/stream,True,,12,23,,
1790481943.778868,1790481946.569122,41987.383759,41990.174013,2790.254,SSE,/api/inference/stream,True,,12,24,,
1790481943.833816,1790481946.624131,41987.438707,41990.229021,2790.315,SSE,/api/inference/stream,True,,12,25,,
1790481943.893001,1790481946.682029,41987.497891,41990.286919,2789.028,SSE,/api/inference/stream,True,,12,26,,
1790481943.944647,1790481946.733675,41987.549538,41990.338565,2789.028,SSE,/api/inference/stream,True,,12,27,,
1790481944.021081,1790481946.812186,41987.625972,41990.417077,2791.105,SSE,/api/inference/stream,True,,12,28,,
1790481944.062834,1790481946.855427,41987.667724,41990.460317,2792.593,SSE,/api/inference/stream,True,,12,29,,
1790481944.119815,1790481946.909477,41987.724706,41990.514367,2789.662,SSE,/api/inference/stream,True,,12,30,,
1790481944.175708,1790481946.966181,41987.780598,41990.571072,2790.473,SSE,/api/inference/stream,True,,12,31,,
1790481944.227359,1790481947.016821,41987.832249,41990.621712,2789.462,SSE,/api/inference/stream,True,,12,32,,
1790481944.303695,1790481947.095454,41987.908586,41990.700344,2791.759,SSE,/api/inference/stream,True,,12,33,,
1790481944.345677,1790481947.137554,41987.950568,41990.742445,2791.877,SSE,/api/inference/stream,True,,12,34,,
1790481944.40025,1790481947.191223,41988.00514,41990.796113,2790.973,SSE,/api/inference/stream,True,,12,35,,
1790481944.454475,1790481947.244634,41988.059365,41990.849524,2790.159,SSE,/api/inference/stream,True,,12,36,,
1790481944.513032,1790481947.30244,41988.117923,41990.907331,2789.408,SSE,/api/inference/stream,True,,12,37,,
1790481944.562918,1790481947.353671,41988.167809,41990.958562,2790.753,SSE,/api/inference/stream,True,,12,38,,
1790481944.618707,1790481947.407392,41988.223597,41991.012282,2788.685,SSE,/api/inference/stream,True,,12,39,,
1790481944.674821,1790481947.466118,41988.279711,41991.071009,2791.297,SSE,/api/inference/stream,True,,12,40,,
1790481944.725847,1790481947.515375,41988.330738,41991.120265,2789.528,SSE,/api/inference/stream,True,,12,41,,
1790481944.789609,1790481947.580084,41988.3945,41991.184975,2790.475,SSE,/api/inference/stream,True,,12,42,,
1790481944.836783,1790481947.627383,41988.441673,41991.232273,2790.6,SSE,/api/inference/stream,True,,12,43,,
1790481944.894149,1790481947.682874,41988.49904,41991.287765,2788.725,SSE,/api/inference/stream,True,,12,44,,
1790481944.953994,1790481947.743343,41988.558885,41991.348234,2789.349,SSE,/api/inference/stream,True,,12,45,,
1790481945.006742,1790481947.797191,41988.611633,41991.402081,2790.449,SSE,/api/inference/stream,True,,12,46,,
1790481945.060668,1790481947.850165,41988.665558,41991.455056,2789.498,SSE,/api/inference/stream,True,,12,47,,
1790481945.116803,1790481947.907808,41988.721693,41991.512698,2791.005,SSE,/api/inference/stream,True,,12,48,,
1790481945.172303,1790481947.962088,41988.777194,41991.566979,2789.785,SSE,/api/inference/stream,True,,12,49,,
1790481945.240914,1790481948.030049,41988.845804,41991.63494,2789.135,SSE,/api/inference/stream,True,,12,0,,
1790481945.297579,1790481948.086625,41988.902469,41991.691515,2789.046,SSE,/api/inference/stream,True,,12,1,,
1790481945.349932,1790481948.140162,41988.954823,41991.745052,2790.229,SSE,/api/inference/stream,True,,12,2,,
1790481945.406591,1790481948.196432,41989.011481,41991.801322,2789.841,SSE,/api/inference/stream,True,,12,3,,
1790481945.462675,1790481948.251207,41989.067566,41991.856098,2788.532,SSE,/api/inference/stream,True,,12,4,,
1790481945.521353,1790481948.310584,41989.126244,41991.915475,2789.231,SSE,/api/inference/stream,True,,12,5,,
1790481945.575534,1790481948.365085,41989.180425,41991.969976,2789.551,SSE,/api/inference/stream,True,,12,6,,
1790481945.629292,1790481948.417809,41989.234182,41992.0227,2788.518,SSE,/api/inference/stream,True,,12,7,,
1790481945.685059,1790481948.474935,41989.28995,41992.079826,2789.875,SSE,/api/inference/stream,True,,12,8,,
1790481945.739265,1790481948.529108,41989.344156,41992.133998,2789.842,SSE,/api/inference/stream,True,,12,9,,
1790481945.802868,1790481948.592375,41989.407759,41992.197266,2789.507,SSE,/api/inference/stream,True,,12,10,,
1790481945.846001,1790481948.636139,41989.450891,41992.241029,2790.138,SSE,/api/inference/stream,True,,12,11,,
1790481945.902575,1790481948.691581,41989.507466,41992.296472,2789.006,SSE,/api/inference/stream,True,,12,12,,
1790481945.96337,1790481948.753185,41989.568261,41992.358076,2789.814,SSE,/api/inference/stream,True,,12,13,,
1790481946.016908,1790481948.806327,41989.621799,41992.411217,2789.418,SSE,/api/inference/stream,True,,12,14,,
1790481946.07052,1790481948.862296,41989.675411,41992.467186,2791.775,SSE,/api/inference/stream,True,,12,15,,
1790481946.128536,1790481948.917808,41989.733426,41992.522699,2789.272,SSE,/api/inference/stream,True,,12,16,,
1790481946.181035,1790481948.97098,41989.785926,41992.575871,2789.945,SSE,/api/inference/stream,True,,12,17,,
1790481946.232083,1790481949.021256,41989.836974,41992.626146,2789.173,SSE,/api/inference/stream,True,,12,18,,
1790481946.291846,1790481949.081814,41989.896737,41992.686705,2789.968,SSE,/api/inference/stream,True,,12,19,,
1790481946.353019,1790481949.143619,41989.957909,41992.74851,2790.601,SSE,/api/inference/stream,True,,12,20,,
1790481946.413674,1790481949.202563,41990.018565,41992.807454,2788.889,SSE,/api/inference/stream,True,,12,21,,
1790481946.471298,1790481949.262309,41990.076188,41992.867199,2791.011,SSE,/api/inference/stream,True,,12,22,,
1790481946.508019,1790481949.295976,41990.11291,41992.900867,2787.957,SSE,/api/inference/stream,True,,12,23,,
1790481946.569481,1790481949.359781,41990.174372,41992.964671,2790.3,SSE,/api/inference/stream,True,,12,24,,
1790481946.624481,1790481949.414652,41990.229372,41993.019543,2790.171,SSE,/api/inference/stream,True,,12,25,,
1790481946.682403,1790481949.472113,41990.287294,41993.077004,2789.71,SSE,/api/inference/stream,True,,12,26,,
1790481946.734001,1790481949.523217,41990.338892,41993.128107,2789.216,SSE,/api/inference/stream,True,,12,27,,
1790481946.812569,1790481949.605405,41990.41746,41993.210296,2792.836,SSE,/api/inference/stream,True,,12,28,,
1790481946.855761,1790481949.646506,41990.460652,41993.251397,2790.745,SSE,/api/inference/stream,True,,12,29,,
1790481946.909782,1790481949.699049,41990.514673,41993.30394,2789.267,SSE,/api/inference/stream,True,,12,30,,
1790481946.966552,1790481949.756031,41990.571443,41993.360922,2789.479,SSE,/api/inference/stream,True,,12,31,,
1790481947.017165,1790481949.807088,41990.622056,41993.411978,2789.922,SSE,/api/inference/stream,True,,12,32,,
1790481947.095819,1790481949.886134,41990.70071,41993.491024,2790.314,SSE,/api/inference/stream,True,,12,33,,
1790481947.137847,1790481949.928325,41990.742738,41993.533216,2790.478,SSE,/api/inference/stream,True,,12,34,,
1790481947.191549,1790481949.981328,41990.79644,41993.586219,2789.78,SSE,/api/inference/stream,True,,12,35,,
1790481947.245001,1790481950.034559,41990.849892,41993.63945,2789.558,SSE,/api/inference/stream,True,,12,36,,
1790481947.302774,1790481950.091897,41990.907665,41993.696788,2789.123,SSE,/api/inference/stream,True,,12,37,,
1790481947.353966,1790481950.144484,41990.958857,41993.749375,2790.518,SSE,/api/inference/stream,True,,12,38,,
1790481947.407726,1790481950.197608,41991.012616,41993.802498,2789.882,SSE,/api/inference/stream,True,,12,39,,
1790481947.466425,1790481950.254688,41991.071316,41993.859579,2788.263,SSE,/api/inference/stream,True,,12,40,,
1790481947.515762,1790481950.304864,41991.120653,41993.909755,2789.102,SSE,/api/inference/stream,True,,12,41,,
1790481947.58044,1790481950.370707,41991.18533,41993.975598,2790.267,SSE,/api/inference/stream,True,,12,42,,
1790481947.627706,1790481950.417495,41991.232597,41994.022386,2789.789,SSE,/api/inference/stream,True,,12,43,,
1790481947.683246,1790481950.47306,41991.288136,41994.077951,2789.815,SSE,/api/inference/stream,True,,12,44,,
1790481947.743675,1790481950.532343,41991.348566,41994.137234,2788.667,SSE,/api/inference/stream,True,,12,45,,
1790481947.797502,1790481950.587321,41991.402392,41994.192211,2789.819,SSE,/api/inference/stream,True,,12,46,,
1790481947.850472,1790481950.641327,41991.455362,41994.246218,2790.855,SSE,/api/inference/stream,True,,12,47,,
1790481947.908092,1790481950.697518,41991.512983,41994.302408,2789.425,SSE,/api/inference/stream,True,,12,48,,
1790481947.962453,1790481950.75143,41991.567344,41994.356321,2788.976,SSE,/api/inference/stream,True,,12,49,,
1790481948.03036,1790481950.820098,41991.635251,41994.424989,2789.738,SSE,/api/inference/stream,True,,12,0,,
1790481948.087005,1790481950.875316,41991.691896,41994.480208,2788.312,SSE,/api/inference/stream,True,,12,1,,
1790481948.140527,1790481950.93104,41991.745417,41994.53593,2790.514,SSE,/api/inference/stream,True,,12,2,,
1790481948.196781,1790481950.98608,41991.801672,41994.590971,2789.299,SSE,/api/inference/stream,True,,12,3,,
1790481948.251554,1790481951.040908,41991.856445,41994.645799,2789.354,SSE,/api/inference/stream,True,,12,4,,
1790481948.310871,1790481951.10233,41991.915762,41994.707221,2791.459,SSE,/api/inference/stream,True,,12,5,,
1790481948.36536,1790481951.156492,41991.970251,41994.761383,2791.133,SSE,/api/inference/stream,True,,12,6,,
1790481948.418085,1790481951.207478,41992.022975,41994.812368,2789.392,SSE,/api/inference/stream,True,,12,7,,
1790481948.475263,1790481951.265167,41992.080153,41994.870057,2789.904,SSE,/api/inference/stream,True,,12,8,,
1790481948.529438,1790481951.319485,41992.134329,41994.924376,2790.047,SSE,/api/inference/stream,True,,12,9,,
1790481948.592608,1790481951.382548,41992.197499,41994.987439,2789.94,SSE,/api/inference/stream,True,,12,10,,
1790481948.636529,1790481951.427019,41992.241419,41995.03191,2790.49,SSE,/api/inference/stream,True,,12,11,,
1790481948.691929,1790481951.482892,41992.296819,41995.087783,2790.963,SSE,/api/inference/stream,True,,12,12,,
1790481948.753472,1790481951.542381,41992.358362,41995.147272,2788.91,SSE,/api/inference/stream,True,,12,13,,
1790481948.80664,1790481951.596124,41992.411531,41995.201014,2789.483,SSE,/api/inference/stream,True,,12,14,,
1790481948.862625,1790481951.652983,41992.467516,41995.257874,2790.358,SSE,/api/inference/stream,True,,12,15,,
1790481948.918173,1790481951.706477,41992.523063,41995.311368,2788.304,SSE,/api/inference/stream,True,,12,16,,
1790481948.971402,1790481951.762458,41992.576293,41995.367348,2791.056,SSE,/api/inference/stream,True,,12,17,,
1790481949.021556,1790481951.81264,41992.626446,41995.41753,2791.084,SSE,/api/inference/stream,True,,12,18,,
1790481949.08214,1790481951.871996,41992.687031,41995.476887,2789.856,SSE,/api/inference/stream,True,,12,19,,
1790481949.143988,1790481951.933348,41992.748878,41995.538238,2789.36,SSE,/api/inference/stream,True,,12,20,,
1790481949.202818,1790481951.993121,41992.807709,41995.598012,2790.303,SSE,/api/inference/stream,True,,12,21,,
1790481949.262695,1790481952.051946,41992.867586,41995.656837,2789.251,SSE,/api/inference/stream,True,,12,22,,
1790481949.296285,1790481952.088445,41992.901176,41995.693336,2792.16,SSE,/api/inference/stream,True,,12,23,,
1790481949.36008,1790481952.150086,41992.96497,41995.754976,2790.006,SSE,/api/inference/stream,True,,12,24,,
1790481949.415041,1790481952.204389,41993.019932,41995.809279,2789.347,SSE,/api/inference/stream,True,,12,25,,
1790481949.472531,1790481952.2628,41993.077421,41995.86769,2790.269,SSE,/api/inference/stream,True,,12,26,,
1790481949.52352,1790481952.311809,41993.12841,41995.9167,2788.29,SSE,/api/inference/stream,True,,12,27,,
1790481949.605726,1790481952.39678,41993.210617,41996.00167,2791.054,SSE,/api/inference/stream,True,,12,28,,
1790481949.646756,1790481952.436972,41993.251647,41996.041862,2790.216,SSE,/api/inference/stream,True,,12,29,,
1790481949.699566,1790481952.489748,41993.304456,41996.094638,2790.182,SSE,/api/inference/stream,True,,12,30,,
1790481949.756479,1790481952.546968,41993.36137,41996.151859,2790.49,SSE,/api/inference/stream,True,,12,31,,
1790481949.807485,1790481952.597258,41993.412376,41996.202149,2789.773,SSE,/api/inference/stream,True,,12,32,,
1790481949.886487,1790481952.677322,41993.491378,41996.282213,2790.835,SSE,/api/inference/stream,True,,12,33,,
1790481949.928709,1790481952.718529,41993.5336,41996.32342,2789.82,SSE,/api/inference/stream,True,,12,34,,
1790481949.981661,1790481952.770697,41993.586552,41996.375588,2789.036,SSE,/api/inference/stream,True,,12,35,,
1790481950.03494,1790481952.825096,41993.63983,41996.429986,2790.156,SSE,/api/inference/stream,True,,12,36,,
1790481950.092307,1790481952.881936,41993.697198,41996.486827,2789.629,SSE,/api/inference/stream,True,,12,37,,
1790481950.144813,1790481952.93641,41993.749704,41996.541301,2791.597,SSE,/api/inference/stream,True,,12,38,,
1790481950.197918,1790481952.987049,41993.802809,41996.59194,2789.131,SSE,/api/inference/stream,True,,12,39,,
1790481950.255038,1790481953.045323,41993.859928,41996.650214,2790.285,SSE,/api/inference/stream,True,,12,40,,
1790481950.305242,1790481953.094418,41993.910133,41996.699309,2789.176,SSE,/api/inference/stream,True,,12,41,,
1790481950.371059,1790481953.163361,41993.975949,41996.768251,2792.302,SSE,/api/inference/stream,True,,12,42,,
1790481950.417908,1790481953.208286,41994.022799,41996.813176,2790.378,SSE,/api/inference/stream,True,,12,43,,
1790481950.473409,1790481953.262899,41994.0783,41996.867789,2789.489,SSE,/api/inference/stream,True,,12,44,,
1790481950.532649,1790481953.320652,41994.137539,41996.925542,2788.003,SSE,/api/inference/stream,True,,12,45,,
1790481950.587648,1790481953.377256,41994.192539,41996.982146,2789.608,SSE,/api/inference/stream,True,,12,46,,
1790481950.641634,1790481953.431503,41994.246525,41997.036393,2789.869,SSE,/api/inference/stream,True,,12,47,,
1790481950.697836,1790481953.487529,41994.302726,41997.09242,2789.693,SSE,/api/inference/stream,True,,12,48,,
1790481950.751801,1790481953.540578,41994.356692,41997.145469,2788.777,SSE,/api/inference/stream,True,,12,49,,
1790481950.820377,1790481953.611267,41994.425267,41997.216157,2790.89,SSE,/api/inference/stream,True,,12,0,,
1790481950.875624,1790481953.664495,41994.480515,41997.269385,2788.87,SSE,/api/inference/stream,True,,12,1,,
1790481950.931485,1790481953.72237,41994.536375,41997.327261,2790.886,SSE,/api/inference/stream,True,,12,2,,
1790481950.98641,1790481953.776072,41994.591301,41997.380963,2789.662,SSE,/api/inference/stream,True,,12,3,,
1790481951.041224,1790481953.831282,41994.646115,41997.436173,2790.058,SSE,/api/inference/stream,True,,12,4,,
1790481951.102684,1790481953.891671,41994.707575,41997.496562,2788.987,SSE,/api/inference/stream,True,,12,5,,
1790481951.156785,1790481953.946354,41994.761676,41997.551245,2789.57,SSE,/api/inference/stream,True,,12,6,,
1790481951.207803,1790481953.997932,41994.812694,41997.602822,2790.128,SSE,/api/inference/stream,True,,12,7,,
1790481951.265546,1790481954.056373,41994.870437,41997.661264,2790.827,SSE,/api/inference/stream,True,,12,8,,
1790481951.319772,1790481954.109012,41994.924663,41997.713903,2789.24,SSE,/api/inference/stream,True,,12,9,,
1790481951.382866,1790481954.175297,41994.987757,41997.780187,2792.431,SSE,/api/inference/stream,True,,12,10,,
1790481951.427413,1790481954.217285,41995.032303,41997.822175,2789.872,SSE,/api/inference/stream,True,,12,11,,
1790481951.483277,1790481954.272752,41995.088168,41997.877643,2789.475,SSE,/api/inference/stream,True,,12,12,,
1790481951.542671,1790481954.332458,41995.147562,41997.937349,2789.787,SSE,/api/inference/stream,True,,12,13,,
1790481951.596393,1790481954.385207,41995.201283,41997.990097,2788.814,SSE,/api/inference/stream,True,,12,14,,
1790481951.653348,1790481954.442619,41995.258238,41998.04751,2789.271,SSE,/api/inference/stream,True,,12,15,,
1790481951.706787,1790481954.496024,41995.311677,41998.100914,2789.237,SSE,/api/inference/stream,True,,12,16,,
1790481951.762853,1790481954.552897,41995.367743,41998.157788,2790.045,SSE,/api/inference/stream,True,,12,17,,
1790481951.81296,1790481954.602663,41995.417851,41998.207554,2789.703,SSE,/api/inference/stream,True,,12,18,,
1790481951.872362,1790481954.662396,41995.477253,41998.267287,2790.034,SSE,/api/inference/stream,True,,12,19,,
1790481951.933725,1790481954.723726,41995.538615,41998.328617,2790.001,SSE,/api/inference/stream,True,,12,20,,
1790481951.993406,1790481954.783015,41995.598297,41998.387906,2789.609,SSE,/api/inference/stream,True,,12,21,,
1790481952.052314,1790481954.840336,41995.657205,41998.445227,2788.022,SSE,/api/inference/stream,True,,12,22,,
1790481952.088647,1790481954.876213,41995.693538,41998.481104,2787.566,SSE,/api/inference/stream,True,,12,23,,
1790481952.150457,1790481954.940054,41995.755348,41998.544945,2789.597,SSE,/api/inference/stream,True,,12,24,,
1790481952.204755,1790481954.994209,41995.809645,41998.599099,2789.454,SSE,/api/inference/stream,True,,12,25,,
1790481952.263249,1790481955.053234,41995.86814,41998.658124,2789.984,SSE,/api/inference/stream,True,,12,26,,
1790481952.31212,1790481955.102944,41995.917011,41998.707835,2790.824,SSE,/api/inference/stream,True,,12,27,,
1790481952.397077,1790481955.186265,41996.001968,41998.791156,2789.188,SSE,/api/inference/stream,True,,12,28,,
1790481952.437278,1790481955.227898,41996.042168,41998.832789,2790.621,SSE,/api/inference/stream,True,,12,29,,
1790481952.490144,1790481955.279601,41996.095035,41998.884492,2789.457,SSE,/api/inference/stream,True,,12,30,,
1790481952.547431,1790481955.338255,41996.152322,41998.943146,2790.824,SSE,/api/inference/stream,True,,12,31,,
1790481952.597496,1790481955.388145,41996.202386,41998.993035,2790.649,SSE,/api/inference/stream,True,,12,32,,
1790481952.677781,1790481955.468212,41996.282672,41999.073103,2790.431,SSE,/api/inference/stream,True,,12,33,,
1790481952.718868,1790481955.507854,41996.323759,41999.112745,2788.986,SSE,/api/inference/stream,True,,12,34,,
1790481952.770956,1790481955.560337,41996.375847,41999.165228,2789.381,SSE,/api/inference/stream,True,,12,35,,
1790481952.825391,1790481955.615323,41996.430282,41999.220213,2789.932,SSE,/api/inference/stream,True,,12,36,,
1790481952.88225,1790481955.671654,41996.487141,41999.276545,2789.403,SSE,/api/inference/stream,True,,12,37,,
1790481952.936749,1790481955.725625,41996.54164,41999.330516,2788.875,SSE,/api/inference/stream,True,,12,38,,
1790481952.987449,1790481955.777541,41996.59234,41999.382432,2790.092,SSE,/api/inference/stream,True,,12,39,,
1790481953.045662,1790481955.836237,41996.650552,41999.441127,2790.575,SSE,/api/inference/stream,True,,12,40,,
1790481953.094789,1790481955.883249,41996.69968,41999.48814,2788.46,SSE,/api/inference/stream,True,,12,41,,
1790481953.163717,1790481955.957552,41996.768607,41999.562443,2793.835,SSE,/api/inference/stream,True,,12,42,,
1790481953.208659,1790481955.998822,41996.813549,41999.603712,2790.163,SSE,/api/inference/stream,True,,12,43,,
1790481953.263343,1790481956.053535,41996.868234,41999.658425,2790.191,SSE,/api/inference/stream,True,,12,44,,
1790481953.320937,1790481956.110276,41996.925828,41999.715167,2789.338,SSE,/api/inference/stream,True,,12,45,,
1790481953.377605,1790481956.166191,41996.982496,41999.771082,2788.586,SSE,/api/inference/stream,True,,12,46,,
1790481953.431846,1790481956.221782,41997.036736,41999.826673,2789.936,SSE,/api/inference/stream,True,,12,47,,
1790481953.487815,1790481956.277787,41997.092706,41999.882678,2789.972,SSE,/api/inference/stream,True,,12,48,,
1790481953.540862,1790481956.332726,41997.145753,41999.937617,2791.864,SSE,/api/inference/stream,True,,12,49,,
1790481953.611581,1790481956.402893,41997.216471,42000.007783,2791.312,SSE,/api/inference/stream,True,,12,0,,
1790481953.664769,1790481956.45401,41997.269659,42000.0589,2789.241,SSE,/api/inference/stream,True,,12,1,,
1790481953.722715,1790481956.51258,41997.327606,42000.11747,2789.865,SSE,/api/inference/stream,True,,12,2,,
1790481953.776393,1790481956.565275,41997.381284,42000.170166,2788.882,SSE,/api/inference/stream,True,,12,3,,
1790481953.83162,1790481956.621195,41997.436511,42000.226086,2789.574,SSE,/api/inference/stream,True,,12,4,,
1790481953.892027,1790481956.681302,41997.496918,42000.286193,2789.274,SSE,/api/inference/stream,True,,12,5,,
1790481953.946688,1790481956.735745,41997.551579,42000.340636,2789.058,SSE,/api/inference/stream,True,,12,6,,
1790481953.998221,1790481956.788156,41997.603112,42000.393046,2789.934,SSE,/api/inference/stream,True,,12,7,,
1790481954.056755,1790481956.845746,41997.661646,42000.450636,2788.99,SSE,/api/inference/stream,True,,12,8,,
1790481954.109285,1790481956.898099,41997.714176,42000.50299,2788.814,SSE,/api/inference/stream,True,,12,9,,
1790481954.175579,1790481956.967678,41997.78047,42000.572569,2792.099,SSE,/api/inference/stream,True,,12,10,,
1790481954.2176,1790481957.00838,41997.82249,42000.61327,2790.78,SSE,/api/inference/stream,True,,12,11,,
1790481954.273151,1790481957.061824,41997.878042,42000.666714,2788.672,SSE,/api/inference/stream,True,,12,12,,
1790481954.332782,1790481957.123823,41997.937673,42000.728714,2791.041,SSE,/api/inference/stream,True,,12,13,,
1790481954.385505,1790481957.174077,41997.990395,42000.778968,2788.573,SSE,/api/inference/stream,True,,12,14,,
1790481954.443015,1790481957.233754,41998.047906,42000.838645,2790.739,SSE,/api/inference/stream,True,,12,15,,
1790481954.496315,1790481957.285788,41998.101205,42000.890678,2789.473,SSE,/api/inference/stream,True,,12,16,,
1790481954.553273,1790481957.342578,41998.158164,42000.947469,2789.305,SSE,/api/inference/stream,True,,12,17,,
1790481954.602951,1790481957.393625,41998.207842,42000.998516,2790.674,SSE,/api/inference/stream,True,,12,18,,
1790481954.662738,1790481957.453244,41998.267629,42001.058135,2790.506,SSE,/api/inference/stream,True,,12,19,,
1790481954.724089,1790481957.51407,41998.32898,42001.11896,2789.981,SSE,/api/inference/stream,True,,12,20,,
1790481954.783333,1790481957.573824,41998.388224,42001.178715,2790.491,SSE,/api/inference/stream,True,,12,21,,
1790481954.840654,1790481957.628859,41998.445545,42001.23375,2788.205,SSE,/api/inference/stream,True,,12,22,,
1790481954.87651,1790481957.666355,41998.481401,42001.271246,2789.845,SSE,/api/inference/stream,True,,12,23,,
1790481954.940417,1790481957.731512,41998.545307,42001.336402,2791.095,SSE,/api/inference/stream,True,,12,24,,
1790481954.994585,1790481957.782579,41998.599476,42001.38747,2787.994,SSE,/api/inference/stream,True,,12,25,,
1790481955.053636,1790481957.84422,41998.658526,42001.44911,2790.584,SSE,/api/inference/stream,True,,12,26,,
1790481955.103369,1790481957.89403,41998.70826,42001.498921,2790.661,SSE,/api/inference/stream,True,,12,27,,
1790481955.186544,1790481957.975465,41998.791435,42001.580356,2788.921,SSE,/api/inference/stream,True,,12,28,,
1790481955.22821,1790481958.019445,41998.833101,42001.624336,2791.235,SSE,/api/inference/stream,True,,12,29,,
1790481955.279924,1790481958.069121,41998.884814,42001.674012,2789.198,SSE,/api/inference/stream,True,,12,30,,
1790481955.338655,1790481958.129118,41998.943546,42001.734008,2790.463,SSE,/api/inference/stream,True,,12,31,,
1790481955.388515,1790481958.178517,41998.993405,42001.783408,2790.003,SSE,/api/inference/stream,True,,12,32,,
1790481955.468503,1790481958.258226,41999.073394,42001.863117,2789.723,SSE,/api/inference/stream,True,,12,33,,
1790481955.508189,1790481958.297541,41999.113079,42001.902432,2789.352,SSE,/api/inference/stream,True,,12,34,,
1790481955.560643,1790481958.350456,41999.165534,42001.955346,2789.813,SSE,/api/inference/stream,True,,12,35,,
1790481955.615607,1790481958.406394,41999.220498,42002.011285,2790.787,SSE,/api/inference/stream,True,,12,36,,
1790481955.671975,1790481958.461543,41999.276866,42002.066434,2789.568,SSE,/api/inference/stream,True,,12,37,,
1790481955.725929,1790481958.51749,41999.33082,42002.12238,2791.561,SSE,/api/inference/stream,True,,12,38,,
1790481955.777848,1790481958.567658,41999.382739,42002.172549,2789.81,SSE,/api/inference/stream,True,,12,39,,
1790481955.836547,1790481958.625521,41999.441437,42002.230411,2788.974,SSE,/api/inference/stream,True,,12,40,,
1790481955.883682,1790481958.672266,41999.488573,42002.277157,2788.584,SSE,/api/inference/stream,True,,12,41,,
1790481955.957828,1790481958.747945,41999.562718,42002.352836,2790.118,SSE,/api/inference/stream,True,,12,42,,
1790481955.999258,1790481958.789115,41999.604149,42002.394006,2789.857,SSE,/api/inference/stream,True,,12,43,,
1790481956.053956,1790481958.843209,41999.658847,42002.4481,2789.253,SSE,/api/inference/stream,True,,12,44,,
1790481956.110566,1790481958.89957,41999.715457,42002.50446,2789.004,SSE,/api/inference/stream,True,,12,45,,
1790481956.166554,1790481958.955686,41999.771445,42002.560576,2789.131,SSE,/api/inference/stream,True,,12,46,,
1790481956.222098,1790481959.010721,41999.826989,42002.615612,2788.623,SSE,/api/inference/stream,True,,12,47,,
1790481956.278157,1790481959.068686,41999.883047,42002.673577,2790.529,SSE,/api/inference/stream,True,,12,48,,
1790481956.33305,1790481959.121744,41999.937941,42002.726635,2788.694,SSE,/api/inference/stream,True,,12,49,,
1790481956.403265,1790481959.193736,42000.008156,42002.798627,2790.471,SSE,/api/inference/stream,True,,12,0,,
1790481956.4543,1790481959.245311,42000.059191,42002.850201,2791.01,SSE,/api/inference/stream,True,,12,1,,
1790481956.512952,1790481959.303547,42000.117843,42002.908438,2790.595,SSE,/api/inference/stream,True,,12,2,,
1790481956.565587,1790481959.354437,42000.170477,42002.959328,2788.851,SSE,/api/inference/stream,True,,12,3,,
1790481956.621547,1790481959.411357,42000.226438,42003.016248,2789.81,SSE,/api/inference/stream,True,,12,4,,
1790481956.681658,1790481959.471535,42000.286549,42003.076426,2789.877,SSE,/api/inference/stream,True,,12,5,,
1790481956.736111,1790481959.526205,42000.341001,42003.131095,2790.094,SSE,/api/inference/stream,True,,12,6,,
1790481956.78844,1790481959.578462,42000.393331,42003.183353,2790.022,SSE,/api/inference/stream,True,,12,7,,
1790481956.846076,1790481959.636094,42000.450967,42003.240985,2790.018,SSE,/api/inference/stream,True,,12,8,,
1790481956.898403,1790481959.688774,42000.503294,42003.293664,2790.371,SSE,/api/inference/stream,True,,12,9,,
1790481956.967958,1790481959.760537,42000.572849,42003.365428,2792.579,SSE,/api/inference/stream,True,,12,10,,
1790481957.008766,1790481959.800219,42000.613657,42003.405109,2791.452,SSE,/api/inference/stream,True,,12,11,,
1790481957.062178,1790481959.851067,42000.667069,42003.455958,2788.889,SSE,/api/inference/stream,True,,12,12,,
1790481957.124132,1790481959.913223,42000.729022,42003.518114,2789.091,SSE,/api/inference/stream,True,,12,13,,
1790481957.174426,1790481959.962409,42000.779317,42003.5673,2787.984,SSE,/api/inference/stream,True,,12,14,,
1790481957.234083,1790481960.024346,42000.838974,42003.629236,2790.263,SSE,/api/inference/stream,True,,12,15,,
1790481957.28609,1790481960.076565,42000.890981,42003.681455,2790.475,SSE,/api/inference/stream,True,,12,16,,
1790481957.343044,1790481960.133656,42000.947934,42003.738546,2790.612,SSE,/api/inference/stream,True,,12,17,,
1790481957.393934,1790481960.184165,42000.998824,42003.789055,2790.231,SSE,/api/inference/stream,True,,12,18,,
1790481957.453593,1790481960.242996,42001.058484,42003.847887,2789.403,SSE,/api/inference/stream,True,,12,19,,
1790481957.514462,1790481960.303877,42001.119353,42003.908767,2789.415,SSE,/api/inference/stream,True,,12,20,,
1790481957.574124,1790481960.363838,42001.179015,42003.968729,2789.714,SSE,/api/inference/stream,True,,12,21,,
1790481957.629129,1790481960.420457,42001.23402,42004.025348,2791.328,SSE,/api/inference/stream,True,,12,22,,
1790481957.666669,1790481960.456762,42001.271559,42004.061652,2790.093,SSE,/api/inference/stream,True,,12,23,,
1790481957.73192,1790481960.52266,42001.33681,42004.12755,2790.74,SSE,/api/inference/stream,True,,12,24,,
1790481957.782906,1790481960.572302,42001.387796,42004.177192,2789.396,SSE,/api/inference/stream,True,,12,25,,
1790481957.844592,1790481960.633462,42001.449482,42004.238353,2788.87,SSE,/api/inference/stream,True,,12,26,,
1790481957.894361,1790481960.684466,42001.499251,42004.289357,2790.106,SSE,/api/inference/stream,True,,12,27,,
1790481957.975734,1790481960.765337,42001.580624,42004.370227,2789.603,SSE,/api/inference/stream,True,,12,28,,
1790481958.019781,1790481960.810783,42001.624671,42004.415674,2791.003,SSE,/api/inference/stream,True,,12,29,,
1790481958.0694,1790481960.858662,42001.674291,42004.463553,2789.262,SSE,/api/inference/stream,True,,12,30,,
1790481958.129493,1790481960.918606,42001.734383,42004.523497,2789.113,SSE,/api/inference/stream,True,,12,31,,
1790481958.178833,1790481960.96836,42001.783723,42004.573251,2789.527,SSE,/api/inference/stream,True,,12,32,,
1790481958.258536,1790481961.048264,42001.863427,42004.653155,2789.728,SSE,/api/inference/stream,True,,12,33,,
1790481958.297828,1790481961.086679,42001.902718,42004.69157,2788.852,SSE,/api/inference/stream,True,,12,34,,
1790481958.350788,1790481961.140556,42001.955679,42004.745447,2789.768,SSE,/api/inference/stream,True,,12,35,,
1790481958.406746,1790481961.197557,42002.011637,42004.802448,2790.811,SSE,/api/inference/stream,True,,12,36,,
1790481958.461899,1790481961.252511,42002.06679,42004.857401,2790.612,SSE,/api/inference/stream,True,,12,37,,
1790481958.517818,1790481961.306633,42002.122708,42004.911524,2788.816,SSE,/api/inference/stream,True,,12,38,,
1790481958.56797,1790481961.358436,42002.172861,42004.963326,2790.466,SSE,/api/inference/stream,True,,12,39,,
1790481958.625814,1790481961.416374,42002.230705,42005.021265,2790.56,SSE,/api/inference/stream,True,,12,40,,
1790481958.672661,1790481961.463319,42002.277551,42005.068209,2790.658,SSE,/api/inference/stream,True,,12,41,,
1790481958.748257,1790481961.539557,42002.353148,42005.144448,2791.3,SSE,/api/inference/stream,True,,12,42,,
1790481958.789387,1790481961.578382,42002.394277,42005.183273,2788.995,SSE,/api/inference/stream,True,,12,43,,
1790481958.843522,1790481961.632549,42002.448413,42005.23744,2789.027,SSE,/api/inference/stream,True,,12,44,,
1790481958.899916,1790481961.689725,42002.504807,42005.294616,2789.809,SSE,/api/inference/stream,True,,12,45,,
1790481958.956031,1790481961.74586,42002.560922,42005.350751,2789.829,SSE,/api/inference/stream,True,,12,46,,
1790481959.010999,1790481961.800662,42002.61589,42005.405552,2789.662,SSE,/api/inference/stream,True,,12,47,,
1790481959.069049,1790481961.858399,42002.67394,42005.463289,2789.349,SSE,/api/inference/stream,True,,12,48,,
1790481959.122035,1790481961.911351,42002.726925,42005.516242,2789.317,SSE,/api/inference/stream,True,,12,49,,
1790481959.194052,1790481961.983858,42002.798943,42005.588749,2789.806,SSE,/api/inference/stream,True,,12,0,,
1790481959.245631,1790481962.035501,42002.850522,42005.640392,2789.871,SSE,/api/inference/stream,True,,12,1,,
1790481959.303936,1790481962.093158,42002.908827,42005.698048,2789.221,SSE,/api/inference/stream,True,,12,2,,
1790481959.35471,1790481962.143789,42002.959601,42005.74868,2789.079,SSE,/api/inference/stream,True,,12,3,,
1790481959.411707,1790481962.200981,42003.016598,42005.805872,2789.273,SSE,/api/inference/stream,True,,12,4,,
1790481959.47185,1790481962.262364,42003.076741,42005.867255,2790.514,SSE,/api/inference/stream,True,,12,5,,
1790481959.52653,1790481962.316289,42003.131421,42005.92118,2789.759,SSE,/api/inference/stream,True,,12,6,,
1790481959.578736,1790481962.369701,42003.183626,42005.974591,2790.965,SSE,/api/inference/stream,True,,12,7,,
1790481959.636346,1790481962.425158,42003.241237,42006.030049,2788.811,SSE,/api/inference/stream,True,,12,8,,
1790481959.689043,1790481962.478497,42003.293934,42006.083388,2789.454,SSE,/api/inference/stream,True,,12,9,,
1790481959.760884,1790481962.55033,42003.365774,42006.15522,2789.446,SSE,/api/inference/stream,True,,12,10,,
1790481959.800571,1790481962.590761,42003.405462,42006.195652,2790.189,SSE,/api/inference/stream,True,,12,11,,
1790481959.851489,1790481962.640757,42003.456379,42006.245647,2789.268,SSE,/api/inference/stream,True,,12,12,,
1790481959.913571,1790481962.702485,42003.518461,42006.307376,2788.915,SSE,/api/inference/stream,True,,12,13,,
1790481959.962732,1790481962.752508,42003.567622,42006.357399,2789.776,SSE,/api/inference/stream,True,,12,14,,
1790481960.024723,1790481962.816803,42003.629614,42006.421694,2792.08,SSE,/api/inference/stream,True,,12,15,,
1790481960.076869,1790481962.86762,42003.68176,42006.47251,2790.751,SSE,/api/inference/stream,True,,12,16,,
1790481960.134064,1790481962.924451,42003.738955,42006.529341,2790.387,SSE,/api/inference/stream,True,,12,17,,
1790481960.184484,1790481962.973361,42003.789375,42006.578252,2788.876,SSE,/api/inference/stream,True,,12,18,,
1790481960.243402,1790481963.032847,42003.848293,42006.637737,2789.445,SSE,/api/inference/stream,True,,12,19,,
1790481960.304241,1790481963.094319,42003.909131,42006.69921,2790.079,SSE,/api/inference/stream,True,,12,20,,
1790481960.364137,1790481963.155005,42003.969028,42006.759895,2790.868,SSE,/api/inference/stream,True,,12,21,,
1790481960.420736,1790481963.209961,42004.025626,42006.814852,2789.226,SSE,/api/inference/stream,True,,12,22,,
1790481960.457087,1790481963.246956,42004.061977,42006.851846,2789.869,SSE,/api/inference/stream,True,,12,23,,
1790481960.523049,1790481963.315959,42004.12794,42006.92085,2792.91,SSE,/api/inference/stream,True,,12,24,,
1790481960.572669,1790481963.362436,42004.17756,42006.967326,2789.767,SSE,/api/inference/stream,True,,12,25,,
1790481960.633826,1790481963.423366,42004.238717,42007.028256,2789.539,SSE,/api/inference/stream,True,,12,26,,
1790481960.684837,1790481963.47453,42004.289727,42007.079421,2789.694,SSE,/api/inference/stream,True,,12,27,,
1790481960.765641,1790481963.557236,42004.370532,42007.162127,2791.595,SSE,/api/inference/stream,True,,12,28,,
1790481960.811088,1790481963.600861,42004.415979,42007.205752,2789.773,SSE,/api/inference/stream,True,,12,29,,
1790481960.859057,1790481963.64909,42004.463947,42007.25398,2790.033,SSE,/api/inference/stream,True,,12,30,,
1790481960.918989,1790481963.709318,42004.523879,42007.314208,2790.329,SSE,/api/inference/stream,True,,12,31,,
1790481960.968733,1790481963.758287,42004.573623,42007.363178,2789.555,SSE,/api/inference/stream,True,,12,32,,
1790481961.048628,1790481963.839781,42004.653518,42007.444672,2791.154,SSE,/api/inference/stream,True,,12,33,,
1790481961.087027,1790481963.876996,42004.691917,42007.481886,2789.969,SSE,/api/inference/stream,True,,12,34,,
1790481961.14089,1790481963.929705,42004.745781,42007.534595,2788.815,SSE,/api/inference/stream,True,,12,35,,
1790481961.197877,1790481963.987571,42004.802767,42007.592461,2789.694,SSE,/api/inference/stream,True,,12,36,,
1790481961.252828,1790481964.041966,42004.857719,42007.646857,2789.138,SSE,/api/inference/stream,True,,12,37,,
1790481961.307107,1790481964.09675,42004.911997,42007.70164,2789.643,SSE,/api/inference/stream,True,,12,38,,
1790481961.358744,1790481964.148584,42004.963635,42007.753475,2789.84,SSE,/api/inference/stream,True,,12,39,,
1790481961.416685,1790481964.205403,42005.021576,42007.810293,2788.718,SSE,/api/inference/stream,True,,12,40,,
1790481961.463717,1790481964.255232,42005.068608,42007.860123,2791.515,SSE,/api/inference/stream,True,,12,41,,
1790481961.539844,1790481964.329342,42005.144735,42007.934233,2789.499,SSE,/api/inference/stream,True,,12,42,,
1790481961.578707,1790481964.368781,42005.183598,42007.973672,2790.074,SSE,/api/inference/stream,True,,12,43,,
1790481961.632921,1790481964.42238,42005.237811,42008.02727,2789.459,SSE,/api/inference/stream,True,,12,44,,
1790481961.690024,1790481964.479457,42005.294914,42008.084348,2789.433,SSE,/api/inference/stream,True,,12,45,,
1790481961.746174,1790481964.53601,42005.351064,42008.1409,2789.836,SSE,/api/inference/stream,True,,12,46,,
1790481961.801031,1790481964.591329,42005.405921,42008.196219,2790.298,SSE,/api/inference/stream,True,,12,47,,
1790481961.858765,1790481964.648806,42005.463656,42008.253696,2790.041,SSE,/api/inference/stream,True,,12,48,,
1790481961.91165,1790481964.701951,42005.51654,42008.306842,2790.302,SSE,/api/inference/stream,True,,12,49,,
1790481961.984158,1790481964.774672,42005.589049,42008.379563,2790.514,SSE,/api/inference/stream,True,,12,0,,
1790481962.035877,1790481964.824024,42005.640768,42008.428915,2788.147,SSE,/api/inference/stream,True,,12,1,,
1790481962.093525,1790481964.882635,42005.698416,42008.487525,2789.109,SSE,/api/inference/stream,True,,12,2,,
1790481962.14397,1790481964.932678,42005.748861,42008.537569,2788.708,SSE,/api/inference/stream,True,,12,3,,
1790481962.201297,1790481964.990278,42005.806188,42008.595169,2788.981,SSE,/api/inference/stream,True,,12,4,,
1790481962.262707,1790481965.051181,42005.867598,42008.656072,2788.474,SSE,/api/inference/stream,True,,12,5,,
1790481962.31656,1790481965.106259,42005.921451,42008.71115,2789.699,SSE,/api/inference/stream,True,,12,6,,
1790481962.369987,1790481965.159417,42005.974878,42008.764308,2789.43,SSE,/api/inference/stream,True,,12,7,,
1790481962.425427,1790481965.214815,42006.030318,42008.819706,2789.388,SSE,/api/inference/stream,True,,12,8,,
1790481962.478794,1790481965.26788,42006.083684,42008.872771,2789.086,SSE,/api/inference/stream,True,,12,9,,
1790481962.550627,1790481965.340958,42006.155518,42008.945848,2790.33,SSE,/api/inference/stream,True,,12,10,,
1790481962.591065,1790481965.380654,42006.195955,42008.985544,2789.589,SSE,/api/inference/stream,True,,12,11,,
1790481962.641126,1790481965.430379,42006.246017,42009.03527,2789.253,SSE,/api/inference/stream,True,,12,12,,
1790481962.702881,1790481965.493908,42006.307772,42009.098799,2791.027,SSE,/api/inference/stream,True,,12,13,,
1790481962.752794,1790481965.543102,42006.357684,42009.147992,2790.308,SSE,/api/inference/stream,True,,12,14,,
1790481962.817221,1790481965.606467,42006.422112,42009.211357,2789.245,SSE,/api/inference/stream,True,,12,15,,
1790481962.867961,1790481965.657735,42006.472852,42009.262626,2789.773,SSE,/api/inference/stream,True,,12,16,,
1790481962.924844,1790481965.714411,42006.529734,42009.319302,2789.568,SSE,/api/inference/stream,True,,12,17,,
1790481962.973665,1790481965.762824,42006.578555,42009.367715,2789.16,SSE,/api/inference/stream,True,,12,18,,
1790481963.033244,1790481965.822712,42006.638134,42009.427602,2789.468,SSE,/api/inference/stream,True,,12,19,,
1790481963.094711,1790481965.88429,42006.699602,42009.489181,2789.579,SSE,/api/inference/stream,True,,12,20,,
1790481963.155442,1790481965.947191,42006.760333,42009.552082,2791.749,SSE,/api/inference/stream,True,,12,21,,
1790481963.210253,1790481965.999219,42006.815144,42009.60411,2788.966,SSE,/api/inference/stream,True,,12,22,,
1790481963.247422,1790481966.037552,42006.852313,42009.642442,2790.13,SSE,/api/inference/stream,True,,12,23,,
1790481963.316322,1790481966.106672,42006.921213,42009.711563,2790.35,SSE,/api/inference/stream,True,,12,24,,
1790481963.362782,1790481966.151926,42006.967673,42009.756816,2789.143,SSE,/api/inference/stream,True,,12,25,,
1790481963.423734,1790481966.213404,42007.028625,42009.818295,2789.67,SSE,/api/inference/stream,True,,12,26,,
1790481963.474917,1790481966.264174,42007.079808,42009.869065,2789.257,SSE,/api/inference/stream,True,,12,27,,
1790481963.557559,1790481966.347598,42007.162449,42009.952488,2790.039,SSE,/api/inference/stream,True,,12,28,,
1790481963.601207,1790481966.391221,42007.206098,42009.996111,2790.013,SSE,/api/inference/stream,True,,12,29,,
1790481963.649389,1790481966.439242,42007.254279,42010.044133,2789.854,SSE,/api/inference/stream,True,,12,30,,
1790481963.709712,1790481966.499621,42007.314603,42010.104511,2789.908,SSE,/api/inference/stream,True,,12,31,,
1790481963.758661,1790481966.549598,42007.363551,42010.154488,2790.937,SSE,/api/inference/stream,True,,12,32,,
1790481963.840175,1790481966.629993,42007.445066,42010.234884,2789.818,SSE,/api/inference/stream,True,,12,33,,
1790481963.877399,1790481966.666803,42007.482289,42010.271694,2789.404,SSE,/api/inference/stream,True,,12,34,,
1790481963.930034,1790481966.718594,42007.534925,42010.323485,2788.56,SSE,/api/inference/stream,True,,12,35,,
1790481963.987888,1790481966.778675,42007.592779,42010.383566,2790.787,SSE,/api/inference/stream,True,,12,36,,
1790481964.042241,1790481966.83143,42007.647132,42010.436321,2789.19,SSE,/api/inference/stream,True,,12,37,,
1790481964.097072,1790481966.887308,42007.701963,42010.492199,2790.236,SSE,/api/inference/stream,True,,12,38,,
1790481964.148897,1790481966.937977,42007.753788,42010.542868,2789.08,SSE,/api/inference/stream,True,,12,39,,
1790481964.20578,1790481966.998009,42007.81067,42010.602899,2792.229,SSE,/api/inference/stream,True,,12,40,,
1790481964.255614,1790481967.04807,42007.860505,42010.65296,2792.456,SSE,/api/inference/stream,True,,12,41,,
1790481964.329604,1790481967.119944,42007.934496,42010.724835,2790.339,SSE,/api/inference/stream,True,,12,42,,
1790481964.369089,1790481967.160054,42007.973979,42010.764945,2790.965,SSE,/api/inference/stream,True,,12,43,,
1790481964.42275,1790481967.211448,42008.027641,42010.816339,2788.697,SSE,/api/inference/stream,True,,12,44,,
1790481964.479818,1790481967.269782,42008.084708,42010.874673,2789.964,SSE,/api/inference/stream,True,,12,45,,
1790481964.536355,1790481967.323961,42008.141246,42010.928852,2787.606,SSE,/api/inference/stream,True,,12,46,,
1790481964.591702,1790481967.38195,42008.196592,42010.986841,2790.249,SSE,/api/inference/stream,True,,12,47,,
1790481964.649153,1790481967.437941,42008.254044,42011.042831,2788.787,SSE,/api/inference/stream,True,,12,48,,
1790481964.702265,1790481967.492974,42008.307156,42011.097864,2790.708,SSE,/api/inference/stream,True,,12,49,,
1790481964.775008,1790481967.568219,42008.379899,42011.17311,2793.21,SSE,/api/inference/stream,True,,12,0,,
1790481964.824379,1790481967.61437,42008.42927,42011.21926,2789.99,SSE,/api/inference/stream,True,,12,1,,
1790481964.882981,1790481967.673367,42008.487872,42011.278257,2790.385,SSE,/api/inference/stream,True,,12,2,,
1790481964.932999,1790481967.724511,42008.53789,42011.329401,2791.511,SSE,/api/inference/stream,True,,12,3,,
1790481964.990754,1790481967.780056,42008.595645,42011.384947,2789.302,SSE,/api/inference/stream,True,,12,4,,
1790481965.051571,1790481967.840109,42008.656462,42011.445,2788.538,SSE,/api/inference/stream,True,,12,5,,
1790481965.106579,1790481967.896919,42008.711469,42011.501809,2790.34,SSE,/api/inference/stream,True,,12,6,,
1790481965.159701,1790481967.949391,42008.764592,42011.554282,2789.689,SSE,/api/inference/stream,True,,12,7,,
1790481965.21511,1790481968.006965,42008.820001,42011.611856,2791.855,SSE,/api/inference/stream,True,,12,8,,
1790481965.268165,1790481968.058455,42008.873056,42011.663345,2790.289,SSE,/api/inference/stream,True,,12,9,,
1790481965.341309,1790481968.131635,42008.9462,42011.736526,2790.327,SSE,/api/inference/stream,True,,12,10,,
1790481965.38104,1790481968.169224,42008.98593,42011.774114,2788.184,SSE,/api/inference/stream,True,,12,11,,
1790481965.430679,1790481968.221273,42009.03557,42011.826163,2790.594,SSE,/api/inference/stream,True,,12,12,,
1790481965.494291,1790481968.285693,42009.099181,42011.890583,2791.402,SSE,/api/inference/stream,True,,12,13,,
1790481965.543453,1790481968.33264,42009.148344,42011.937531,2789.187,SSE,/api/inference/stream,True,,12,14,,
1790481965.606771,1790481968.396265,42009.211661,42012.001156,2789.494,SSE,/api/inference/stream,True,,12,15,,
1790481965.658033,1790481968.448323,42009.262923,42012.053213,2790.29,SSE,/api/inference/stream,True,,12,16,,
1790481965.714783,1790481968.504745,42009.319673,42012.109635,2789.962,SSE,/api/inference/stream,True,,12,17,,
1790481965.763221,1790481968.553589,42009.368111,42012.15848,2790.369,SSE,/api/inference/stream,True,,12,18,,
1790481965.823103,1790481968.612181,42009.427994,42012.217071,2789.077,SSE,/api/inference/stream,True,,12,19,,
1790481965.884738,1790481968.675593,42009.489629,42012.280484,2790.855,SSE,/api/inference/stream,True,,12,20,,
1790481965.947467,1790481968.73732,42009.552358,42012.342211,2789.853,SSE,/api/inference/stream,True,,12,21,,
1790481965.999558,1790481968.790771,42009.604449,42012.395662,2791.212,SSE,/api/inference/stream,True,,12,22,,
1790481966.037947,1790481968.828305,42009.642838,42012.433195,2790.357,SSE,/api/inference/stream,True,,12,23,,
1790481966.106972,1790481968.899287,42009.711863,42012.504178,2792.315,SSE,/api/inference/stream,True,,12,24,,
1790481966.152275,1790481968.942254,42009.757166,42012.547145,2789.979,SSE,/api/inference/stream,True,,12,25,,
1790481966.213757,1790481969.004276,42009.818647,42012.609167,2790.519,SSE,/api/inference/stream,True,,12,26,,
1790481966.264522,1790481969.054619,42009.869412,42012.65951,2790.097,SSE,/api/inference/stream,True,,12,27,,
1790481966.347899,1790481969.138241,42009.95279,42012.743131,2790.341,SSE,/api/inference/stream,True,,12,28,,
1790481966.391537,1790481969.180698,42009.996428,42012.785589,2789.162,SSE,/api/inference/stream,True,,12,29,,
1790481966.439542,1790481969.229966,42010.044432,42012.834857,2790.425,SSE,/api/inference/stream,True,,12,30,,
1790481966.499983,1790481969.289753,42010.104873,42012.894644,2789.771,SSE,/api/inference/stream,True,,12,31,,
1790481966.549896,1790481969.340928,42010.154786,42012.945819,2791.032,SSE,/api/inference/stream,True,,12,32,,
1790481966.630338,1790481969.418686,42010.235229,42013.023577,2788.348,SSE,/api/inference/stream,True,,12,33,,
1790481966.667236,1790481969.458274,42010.272127,42013.063165,2791.038,SSE,/api/inference/stream,True,,12,34,,
1790481966.71891,1790481969.508546,42010.3238,42013.113437,2789.636,SSE,/api/inference/stream,True,,12,35,,
1790481966.779029,1790481969.569895,42010.383919,42013.174786,2790.866,SSE,/api/inference/stream,True,,12,36,,
1790481966.831718,1790481969.622132,42010.436609,42013.227023,2790.414,SSE,/api/inference/stream,True,,12,37,,
1790481966.887677,1790481969.677416,42010.492568,42013.282307,2789.739,SSE,/api/inference/stream,True,,12,38,,
1790481966.938288,1790481969.728494,42010.543179,42013.333385,2790.206,SSE,/api/inference/stream,True,,12,39,,
1790481966.998318,1790481969.788809,42010.603208,42013.393699,2790.491,SSE,/api/inference/stream,True,,12,40,,
1790481967.048529,1790481969.8383,42010.653419,42013.44319,2789.771,SSE,/api/inference/stream,True,,12,41,,
1790481967.120151,1790481969.909037,42010.725042,42013.513928,2788.886,SSE,/api/inference/stream,True,,12,42,,
1790481967.160318,1790481969.949978,42010.765209,42013.554868,2789.659,SSE,/api/inference/stream,True,,12,43,,
1790481967.211802,1790481970.001352,42010.816693,42013.606243,2789.55,SSE,/api/inference/stream,True,,12,44,,
1790481967.270138,1790481970.060281,42010.875028,42013.665171,2790.143,SSE,/api/inference/stream,True,,12,45,,
1790481967.324178,1790481970.113176,42010.929068,42013.718067,2788.998,SSE,/api/inference/stream,True,,12,46,,
1790481967.382323,1790481970.172076,42010.987213,42013.776966,2789.753,SSE,/api/inference/stream,True,,12,47,,
1790481967.43829,1790481970.228384,42011.043181,42013.833275,2790.094,SSE,/api/inference/stream,True,,12,48,,
1790481967.493276,1790481970.28349,42011.098167,42013.88838,2790.214,SSE,/api/inference/stream,True,,12,49,,
1790481967.568583,1790481970.359506,42011.173473,42013.964397,2790.924,SSE,/api/inference/stream,True,,12,0,,
1790481967.614676,1790481970.405381,42011.219566,42014.010272,2790.706,SSE,/api/inference/stream,True,,12,1,,
1790481967.673736,1790481970.463596,42011.278626,42014.068487,2789.86,SSE,/api/inference/stream,True,,12,2,,
1790481967.724812,1790481970.515307,42011.329703,42014.120198,2790.495,SSE,/api/inference/stream,True,,12,3,,
1790481967.780414,1790481970.569751,42011.385305,42014.174642,2789.338,SSE,/api/inference/stream,True,,12,4,,
1790481967.840283,1790481970.629516,42011.445174,42014.234407,2789.233,SSE,/api/inference/stream,True,,12,5,,
1790481967.897241,1790481970.687377,42011.502132,42014.292267,2790.136,SSE,/api/inference/stream,True,,12,6,,
1790481967.949743,1790481970.739331,42011.554634,42014.344222,2789.587,SSE,/api/inference/stream,True,,12,7,,
1790481968.007409,1790481970.797223,42011.6123,42014.402114,2789.814,SSE,/api/inference/stream,True,,12,8,,
1790481968.058775,1790481970.849621,42011.663665,42014.454511,2790.846,SSE,/api/inference/stream,True,,12,9,,
1790481968.131919,1790481970.922463,42011.73681,42014.527354,2790.544,SSE,/api/inference/stream,True,,12,10,,
1790481968.169471,1790481970.958494,42011.774361,42014.563385,2789.024,SSE,/api/inference/stream,True,,12,11,,
1790481968.221622,1790481971.010061,42011.826513,42014.614951,2788.438,SSE,/api/inference/stream,True,,12,12,,
1790481968.286084,1790481971.078573,42011.890975,42014.683463,2792.488,SSE,/api/inference/stream,True,,12,13,,
1790481968.332942,1790481971.123357,42011.937833,42014.728248,2790.415,SSE,/api/inference/stream,True,,12,14,,
1790481968.396589,1790481971.187703,42012.00148,42014.792593,2791.114,SSE,/api/inference/stream,True,,12,15,,
1790481968.448693,1790481971.238058,42012.053584,42014.842949,2789.365,SSE,/api/inference/stream,True,,12,16,,
1790481968.505125,1790481971.294538,42012.110015,42014.899428,2789.413,SSE,/api/inference/stream,True,,12,17,,
1790481968.553944,1790481971.344533,42012.158834,42014.949424,2790.589,SSE,/api/inference/stream,True,,12,18,,
1790481968.61254,1790481971.400148,42012.217431,42015.005039,2787.608,SSE,/api/inference/stream,True,,12,19,,
1790481968.676025,1790481971.464468,42012.280916,42015.069359,2788.443,SSE,/api/inference/stream,True,,12,20,,
1790481968.737607,1790481971.526137,42012.342498,42015.131027,2788.529,SSE,/api/inference/stream,True,,12,21,,
1790481968.79112,1790481971.580531,42012.396011,42015.185422,2789.411,SSE,/api/inference/stream,True,,12,22,,
1790481968.828614,1790481971.617974,42012.433504,42015.222865,2789.361,SSE,/api/inference/stream,True,,12,23,,
1790481968.89962,1790481971.693424,42012.504511,42015.298315,2793.804,SSE,/api/inference/stream,True,,12,24,,
1790481968.942577,1790481971.732621,42012.547468,42015.337512,2790.044,SSE,/api/inference/stream,True,,12,25,,
1790481969.00471,1790481971.795022,42012.6096,42015.399912,2790.312,SSE,/api/inference/stream,True,,12,26,,
1790481969.054897,1790481971.844572,42012.659787,42015.449463,2789.676,SSE,/api/inference/stream,True,,12,27,,
1790481969.138529,1790481971.927956,42012.74342,42015.532847,2789.427,SSE,/api/inference/stream,True,,12,28,,
1790481969.18097,1790481971.970489,42012.785861,42015.575379,2789.519,SSE,/api/inference/stream,True,,12,29,,
1790481969.230286,1790481972.019496,42012.835176,42015.624387,2789.211,SSE,/api/inference/stream,True,,12,30,,
1790481969.290143,1790481972.079248,42012.895034,42015.684139,2789.105,SSE,/api/inference/stream,True,,12,31,,
1790481969.341251,1790481972.132759,42012.946142,42015.73765,2791.508,SSE,/api/inference/stream,True,,12,32,,
1790481969.418983,1790481972.20805,42013.023873,42015.81294,2789.068,SSE,/api/inference/stream,True,,12,33,,
1790481969.458592,1790481972.247673,42013.063483,42015.852564,2789.08,SSE,/api/inference/stream,True,,12,34,,
1790481969.508887,1790481972.298223,42013.113777,42015.903114,2789.337,SSE,/api/inference/stream,True,,12,35,,
1790481969.570191,1790481972.359812,42013.175081,42015.964703,2789.621,SSE,/api/inference/stream,True,,12,36,,
1790481969.622456,1790481972.412134,42013.227346,42016.017024,2789.678,SSE,/api/inference/stream,True,,12,37,,
1790481969.677705,1790481972.468385,42013.282595,42016.073275,2790.68,SSE,/api/inference/stream,True,,12,38,,
1790481969.728799,1790481972.517264,42013.333689,42016.122155,2788.465,SSE,/api/inference/stream,True,,12,39,,
1790481969.78919,1790481972.578361,42013.39408,42016.183252,2789.172,SSE,/api/inference/stream,True,,12,40,,
1790481969.838629,1790481972.628522,42013.44352,42016.233412,2789.892,SSE,/api/inference/stream,True,,12,41,,
1790481969.909308,1790481972.701747,42013.514199,42016.306638,2792.439,SSE,/api/inference/stream,True,,12,42,,
1790481969.950345,1790481972.739805,42013.555235,42016.344695,2789.46,SSE,/api/inference/stream,True,,12,43,,
1790481970.001679,1790481972.790412,42013.60657,42016.395303,2788.733,SSE,/api/inference/stream,True,,12,44,,
1790481970.060649,1790481972.851771,42013.665539,42016.456661,2791.122,SSE,/api/inference/stream,True,,12,45,,
1790481970.113446,1790481972.902986,42013.718336,42016.507877,2789.54,SSE,/api/inference/stream,True,,12,46,,
1790481970.172374,1790481972.962397,42013.777265,42016.567287,2790.023,SSE,/api/inference/stream,True,,12,47,,
1790481970.228756,1790481973.019072,42013.833647,42016.623963,2790.316,SSE,/api/inference/stream,True,,12,48,,
1790481970.283816,1790481973.07418,42013.888707,42016.679071,2790.364,SSE,/api/inference/stream,True,,12,49,,
1790481970.359902,1790481973.149228,42013.964792,42016.754118,2789.326,SSE,/api/inference/stream,True,,12,0,,
1790481970.405698,1790481973.195411,42014.010589,42016.800302,2789.713,SSE,/api/inference/stream,True,,12,1,,
1790481970.463945,1790481973.252358,42014.068836,42016.857249,2788.413,SSE,/api/inference/stream,True,,12,2,,
1790481970.515594,1790481973.307329,42014.120485,42016.91222,2791.735,SSE,/api/inference/stream,True,,12,3,,
1790481970.570036,1790481973.359275,42014.174927,42016.964166,2789.239,SSE,/api/inference/stream,True,,12,4,,
1790481970.629802,1790481973.419462,42014.234693,42017.024353,2789.66,SSE,/api/inference/stream,True,,12,5,,
1790481970.687687,1790481973.477799,42014.292578,42017.08269,2790.112,SSE,/api/inference/stream,True,,12,6,,
1790481970.739667,1790481973.529063,42014.344558,42017.133954,2789.396,SSE,/api/inference/stream,True,,12,7,,
1790481970.797583,1790481973.587024,42014.402474,42017.191915,2789.441,SSE,/api/inference/stream,True,,12,8,,
1790481970.84996,1790481973.640271,42014.45485,42017.245162,2790.312,SSE,/api/inference/stream,True,,12,9,,
1790481970.922746,1790481973.712617,42014.527637,42017.317508,2789.871,SSE,/api/inference/stream,True,,12,10,,
1790481970.958956,1790481973.748865,42014.563847,42017.353755,2789.909,SSE,/api/inference/stream,True,,12,11,,
1790481971.010357,1790481973.800501,42014.615248,42017.405392,2790.144,SSE,/api/inference/stream,True,,12,12,,
1790481971.078976,1790481973.870422,42014.683867,42017.475312,2791.445,SSE,/api/inference/stream,True,,12,13,,
1790481971.123668,1790481973.914104,42014.728558,42017.518994,2790.436,SSE,/api/inference/stream,True,,12,14,,
1790481971.188068,1790481973.977892,42014.792958,42017.582782,2789.824,SSE,/api/inference/stream,True,,12,15,,
1790481971.238363,1790481974.027398,42014.843253,42017.632289,2789.035,SSE,/api/inference/stream,True,,12,16,,
1790481971.294895,1790481974.083754,42014.899785,42017.688644,2788.859,SSE,/api/inference/stream,True,,12,17,,
1790481971.344862,1790481974.134515,42014.949752,42017.739406,2789.654,SSE,/api/inference/stream,True,,12,18,,
1790481971.400368,1790481974.187266,42015.005258,42017.792156,2786.898,SSE,/api/inference/stream,True,,12,19,,
1790481971.464891,1790481974.254494,42015.069781,42017.859384,2789.603,SSE,/api/inference/stream,True,,12,20,,
1790481971.526436,1790481974.316516,42015.131327,42017.921407,2790.08,SSE,/api/inference/stream,True,,12,21,,
1790481971.580879,1790481974.370771,42015.18577,42017.975662,2789.892,SSE,/api/inference/stream,True,,12,22,,
1790481971.618296,1790481974.407058,42015.223186,42018.011949,2788.762,SSE,/api/inference/stream,True,,12,23,,
1790481971.69378,1790481974.482631,42015.298671,42018.087522,2788.851,SSE,/api/inference/stream,True,,12,24,,
1790481971.732906,1790481974.521519,42015.337797,42018.126409,2788.612,SSE,/api/inference/stream,True,,12,25,,
1790481971.795445,1790481974.586653,42015.400336,42018.191544,2791.208,SSE,/api/inference/stream,True,,12,26,,
1790481971.844941,1790481974.634827,42015.449831,42018.239718,2789.887,SSE,/api/inference/stream,True,,12,27,,
1790481971.928262,1790481974.718609,42015.533152,42018.3235,2790.348,SSE,/api/inference/stream,True,,12,28,,
1790481971.970787,1790481974.76048,42015.575678,42018.365371,2789.693,SSE,/api/inference/stream,True,,12,29,,
1790481972.01984,1790481974.810196,42015.624731,42018.415086,2790.356,SSE,/api/inference/stream,True,,12,30,,
1790481972.079544,1790481974.869546,42015.684435,42018.474436,2790.002,SSE,/api/inference/stream,True,,12,31,,
1790481972.133044,1790481974.922009,42015.737935,42018.5269,2788.965,SSE,/api/inference/stream,True,,12,32,,
1790481972.208352,1790481974.998569,42015.813243,42018.60346,2790.217,SSE,/api/inference/stream,True,,12,33,,
1790481972.247992,1790481975.039048,42015.852883,42018.643939,2791.056,SSE,/api/inference/stream,True,,12,34,,
1790481972.298492,1790481975.089618,42015.903383,42018.694509,2791.126,SSE,/api/inference/stream,True,,12,35,,
1790481972.360119,1790481975.149515,42015.96501,42018.754406,2789.397,SSE,/api/inference/stream,True,,12,36,,
1790481972.41241,1790481975.201744,42016.017301,42018.806635,2789.334,SSE,/api/inference/stream,True,,12,37,,
1790481972.468678,1790481975.259644,42016.073569,42018.864535,2790.966,SSE,/api/inference/stream,True,,12,38,,
1790481972.51751,1790481975.306307,42016.1224,42018.911198,2788.798,SSE,/api/inference/stream,True,,12,39,,
1790481972.57876,1790481975.368517,42016.18365,42018.973407,2789.757,SSE,/api/inference/stream,True,,12,40,,
1790481972.62885,1790481975.418525,42016.233741,42019.023416,2789.675,SSE,/api/inference/stream,True,,12,41,,
1790481972.702017,1790481975.492913,42016.306908,42019.097804,2790.896,SSE,/api/inference/stream,True,,12,42,,
1790481972.74018,1790481975.52981,42016.345071,42019.134701,2789.63,SSE,/api/inference/stream,True,,12,43,,
1790481972.79076,1790481975.581702,42016.395651,42019.186593,2790.942,SSE,/api/inference/stream,True,,12,44,,
1790481972.852154,1790481975.64108,42016.457045,42019.24597,2788.926,SSE,/api/inference/stream,True,,12,45,,
1790481972.903327,1790481975.691737,42016.508218,42019.296628,2788.41,SSE,/api/inference/stream,True,,12,46,,
1790481972.962794,1790481975.753239,42016.567684,42019.35813,2790.445,SSE,/api/inference/stream,True,,12,47,,
1790481973.019528,1790481975.80875,42016.624418,42019.413641,2789.222,SSE,/api/inference/stream,True,,12,48,,
1790481973.074528,1790481975.864187,42016.679419,42019.469078,2789.659,SSE,/api/inference/stream,True,,12,49,,
1790481973.14959,1790481975.938887,42016.75448,42019.543777,2789.297,SSE,/api/inference/stream,True,,12,0,,
1790481973.19576,1790481975.98579,42016.800651,42019.590681,2790.03,SSE,/api/inference/stream,True,,12,1,,
1790481973.252721,1790481976.043516,42016.857612,42019.648406,2790.795,SSE,/api/inference/stream,True,,12,2,,
1790481973.307632,1790481976.099678,42016.912523,42019.704569,2792.046,SSE,/api/inference/stream,True,,12,3,,
1790481973.359573,1790481976.149569,42016.964464,42019.75446,2789.996,SSE,/api/inference/stream,True,,12,4,,
1790481973.419752,1790481976.209113,42017.024642,42019.814003,2789.361,SSE,/api/inference/stream,True,,12,5,,
1790481973.478125,1790481976.266688,42017.083016,42019.871579,2788.563,SSE,/api/inference/stream,True,,12,6,,
1790481973.529345,1790481976.318886,42017.134236,42019.923777,2789.541,SSE,/api/inference/stream,True,,12,7,,
1790481973.587404,1790481976.375962,42017.192295,42019.980853,2788.558,SSE,/api/inference/stream,True,,12,8,,
1790481973.640566,1790481976.430753,42017.245457,42020.035644,2790.187,SSE,/api/inference/stream,True,,12,9,,
1790481973.712956,1790481976.503346,42017.317846,42020.108237,2790.39,SSE,/api/inference/stream,True,,12,10,,
1790481973.749222,1790481976.540018,42017.354113,42020.144908,2790.796,SSE,/api/inference/stream,True,,12,11,,
1790481973.800803,1790481976.592234,42017.405693,42020.197124,2791.431,SSE,/api/inference/stream,True,,12,12,,
1790481973.870743,1790481976.661172,42017.475634,42020.266063,2790.429,SSE,/api/inference/stream,True,,12,13,,
1790481973.914395,1790481976.703324,42017.519285,42020.308215,2788.929,SSE,/api/inference/stream,True,,12,14,,
1790481973.97822,1790481976.768291,42017.58311,42020.373182,2790.072,SSE,/api/inference/stream,True,,12,15,,
1790481974.027694,1790481976.819573,42017.632585,42020.424464,2791.879,SSE,/api/inference/stream,True,,12,16,,
1790481974.084124,1790481976.874054,42017.689015,42020.478945,2789.93,SSE,/api/inference/stream,True,,12,17,,
1790481974.134826,1790481976.926219,42017.739716,42020.53111,2791.394,SSE,/api/inference/stream,True,,12,18,,
1790481974.187566,1790481976.97931,42017.792457,42020.5842,2791.744,SSE,/api/inference/stream,True,,12,19,,
1790481974.254867,1790481977.044985,42017.859757,42020.649876,2790.118,SSE,/api/inference/stream,True,,12,20,,
1790481974.316774,1790481977.109375,42017.921665,42020.714265,2792.601,SSE,/api/inference/stream,True,,12,21,,
1790481974.371212,1790481977.160902,42017.976103,42020.765792,2789.689,SSE,/api/inference/stream,True,,12,22,,
1790481974.407379,1790481977.196732,42018.01227,42020.801623,2789.353,SSE,/api/inference/stream,True,,12,23,,
1790481974.48295,1790481977.271188,42018.087841,42020.876078,2788.238,SSE,/api/inference/stream,True,,12,24,,
1790481974.521801,1790481977.311653,42018.126691,42020.916544,2789.853,SSE,/api/inference/stream,True,,12,25,,
1790481974.586953,1790481977.376222,42018.191844,42020.981112,2789.269,SSE,/api/inference/stream,True,,12,26,,
1790481974.635305,1790481977.425567,42018.240195,42021.030458,2790.262,SSE,/api/inference/stream,True,,12,27,,
1790481974.718948,1790481977.510043,42018.323839,42021.114934,2791.095,SSE,/api/inference/stream,True,,12,28,,
1790481974.760765,1790481977.549673,42018.365656,42021.154564,2788.908,SSE,/api/inference/stream,True,,12,29,,
1790481974.810534,1790481977.601597,42018.415425,42021.206487,2791.062,SSE,/api/inference/stream,True,,12,30,,
1790481974.86992,1790481977.660382,42018.474811,42021.265273,2790.462,SSE,/api/inference/stream,True,,12,31,,
1790481974.922299,1790481977.711939,42018.527189,42021.31683,2789.641,SSE,/api/inference/stream,True,,12,32,,
1790481974.998975,1790481977.789422,42018.603865,42021.394312,2790.447,SSE,/api/inference/stream,True,,12,33,,
1790481975.039501,1790481977.829503,42018.644392,42021.434393,2790.002,SSE,/api/inference/stream,True,,12,34,,
1790481975.089935,1790481977.880773,42018.694826,42021.485664,2790.838,SSE,/api/inference/stream,True,,12,35,,
1790481975.149722,1790481977.938617,42018.754613,42021.543508,2788.895,SSE,/api/inference/stream,True,,12,36,,
1790481975.202047,1790481977.990708,42018.806937,42021.595599,2788.661,SSE,/api/inference/stream,True,,12,37,,
1790481975.260233,1790481978.049386,42018.865124,42021.654276,2789.153,SSE,/api/inference/stream,True,,12,38,,
1790481975.306634,1790481978.096704,42018.911524,42021.701594,2790.07,SSE,/api/inference/stream,True,,12,39,,
1790481975.368886,1790481978.158503,42018.973777,42021.763393,2789.616,SSE,/api/inference/stream,True,,12,40,,
1790481975.418814,1790481978.209883,42019.023704,42021.814773,2791.069,SSE,/api/inference/stream,True,,12,41,,
1790481975.493203,1790481978.284902,42019.098094,42021.889792,2791.699,SSE,/api/inference/stream,True,,12,42,,
1790481975.530177,1790481978.319531,42019.135068,42021.924422,2789.353,SSE,/api/inference/stream,True,,12,43,,
1790481975.581991,1790481978.372499,42019.186882,42021.97739,2790.508,SSE,/api/inference/stream,True,,12,44,,
1790481975.641401,1790481978.43037,42019.246291,42022.03526,2788.969,SSE,/api/inference/stream,True,,12,45,,
1790481975.692008,1790481978.480906,42019.296899,42022.085796,2788.897,SSE,/api/inference/stream,True,,12,46,,
1790481975.753608,1790481978.542502,42019.358499,42022.147393,2788.894,SSE,/api/inference/stream,True,,12,47,,
1790481975.809061,1790481978.59861,42019.413952,42022.203501,2789.549,SSE,/api/inference/stream,True,,12,48,,
1790481975.864533,1790481978.653771,42019.469424,42022.258662,2789.238,SSE,/api/inference/stream,True,,12,49,,
1790481975.939302,1790481978.728226,42019.544194,42022.333117,2788.924,SSE,/api/inference/stream,True,,12,0,,
1790481975.986117,1790481978.776951,42019.591008,42022.381842,2790.834,SSE,/api/inference/stream,True,,12,1,,
1790481976.04393,1790481978.834972,42019.64882,42022.439862,2791.042,SSE,/api/inference/stream,True,,12,2,,
1790481976.100016,1790481978.888885,42019.704907,42022.493776,2788.868,SSE,/api/inference/stream,True,,12,3,,
1790481976.149847,1790481978.940527,42019.754738,42022.545418,2790.68,SSE,/api/inference/stream,True,,12,4,,
1790481976.209426,1790481978.998759,42019.814317,42022.603649,2789.333,SSE,/api/inference/stream,True,,12,5,,
1790481976.266992,1790481979.054984,42019.871883,42022.659875,2787.992,SSE,/api/inference/stream,True,,12,6,,
1790481976.319249,1790481979.109462,42019.92414,42022.714353,2790.213,SSE,/api/inference/stream,True,,12,7,,
1790481976.376288,1790481979.165226,42019.981178,42022.770116,2788.938,SSE,/api/inference/stream,True,,12,8,,
1790481976.431058,1790481979.221475,42020.035948,42022.826365,2790.417,SSE,/api/inference/stream,True,,12,9,,
1790481976.503636,1790481979.293869,42020.108526,42022.898759,2790.233,SSE,/api/inference/stream,True,,12,10,,
1790481976.540325,1790481979.329654,42020.145215,42022.934545,2789.329,SSE,/api/inference/stream,True,,12,11,,
1790481976.592556,1790481979.382566,42020.197446,42022.987457,2790.01,SSE,/api/inference/stream,True,,12,12,,
1790481976.661516,1790481979.452654,42020.266407,42023.057545,2791.138,SSE,/api/inference/stream,True,,12,13,,
1790481976.703595,1790481979.492406,42020.308485,42023.097297,2788.811,SSE,/api/inference/stream,True,,12,14,,
1790481976.76861,1790481979.558761,42020.373501,42023.163652,2790.151,SSE,/api/inference/stream,True,,12,15,,
1790481976.819999,1790481979.609835,42020.42489,42023.214726,2789.836,SSE,/api/inference/stream,True,,12,16,,
1790481976.874426,1790481979.664119,42020.479317,42023.269009,2789.693,SSE,/api/inference/stream,True,,12,17,,
1790481976.926589,1790481979.716343,42020.531479,42023.321234,2789.755,SSE,/api/inference/stream,True,,12,18,,
1790481976.979623,1790481979.769161,42020.584514,42023.374052,2789.538,SSE,/api/inference/stream,True,,12,19,,
1790481977.045398,1790481979.835591,42020.650288,42023.440482,2790.194,SSE,/api/inference/stream,True,,12,20,,
1790481977.109742,1790481979.900935,42020.714633,42023.505826,2791.193,SSE,/api/inference/stream,True,,12,21,,
1790481977.161242,1790481979.950819,42020.766133,42023.55571,2789.578,SSE,/api/inference/stream,True,,12,22,,
1790481977.197043,1790481979.986356,42020.801934,42023.591247,2789.313,SSE,/api/inference/stream,True,,12,23,,
1790481977.271457,1790481980.062256,42020.876348,42023.667147,2790.799,SSE,/api/inference/stream,True,,12,24,,
1790481977.311953,1790481980.102133,42020.916844,42023.707023,2790.179,SSE,/api/inference/stream,True,,12,25,,
1790481977.376592,1790481980.167282,42020.981483,42023.772173,2790.69,SSE,/api/inference/stream,True,,12,26,,
1790481977.425941,1790481980.216932,42021.030832,42023.821823,2790.991,SSE,/api/inference/stream,True,,12,27,,
1790481977.51029,1790481980.300992,42021.115181,42023.905883,2790.702,SSE,/api/inference/stream,True,,12,28,,
1790481977.54995,1790481980.3388,42021.154837,42023.943688,2788.851,SSE,/api/inference/stream,True,,12,29,,
1790481977.601896,1790481980.393233,42021.206787,42023.998124,2791.337,SSE,/api/inference/stream,True,,12,30,,
1790481977.660758,1790481980.45023,42021.265648,42024.055121,2789.472,SSE,/api/inference/stream,True,,12,31,,
1790481977.712167,1790481980.500721,42021.317057,42024.105612,2788.555,SSE,/api/inference/stream,True,,12,32,,
1790481977.789706,1790481980.579359,42021.394597,42024.184249,2789.652,SSE,/api/inference/stream,True,,12,33,,
1790481977.829866,1790481980.618652,42021.434757,42024.223543,2788.786,SSE,/api/inference/stream,True,,12,34,,
1790481977.881096,1790481980.671039,42021.485987,42024.27593,2789.943,SSE,/api/inference/stream,True,,12,35,,
1790481977.93891,1790481980.728955,42021.543801,42024.333845,2790.044,SSE,/api/inference/stream,True,,12,36,,
1790481977.99101,1790481980.780813,42021.595901,42024.385704,2789.803,SSE,/api/inference/stream,True,,12,37,,
1790481978.049809,1790481980.839048,42021.6547,42024.443939,2789.239,SSE,/api/inference/stream,True,,12,38,,
1790481978.097066,1790481980.888303,42021.701956,42024.493193,2791.237,SSE,/api/inference/stream,True,,12,39,,
1790481978.158902,1790481980.949138,42021.763793,42024.554028,2790.236,SSE,/api/inference/stream,True,,12,40,,
1790481978.210192,1790481981.001407,42021.815083,42024.606298,2791.215,SSE,/api/inference/stream,True,,12,41,,
1790481978.28522,1790481981.075072,42021.89011,42024.679963,2789.852,SSE,/api/inference/stream,True,,12,42,,
1790481978.319886,1790481981.10989,42021.924777,42024.71478,2790.004,SSE,/api/inference/stream,True,,12,43,,
1790481978.372865,1790481981.162542,42021.977756,42024.767432,2789.677,SSE,/api/inference/stream,True,,12,44,,
1790481978.430713,1790481981.220348,42022.035604,42024.825238,2789.634,SSE,/api/inference/stream,True,,12,45,,
1790481978.48118,1790481981.272787,42022.086071,42024.877677,2791.606,SSE,/api/inference/stream,True,,12,46,,
1790481978.542814,1790481981.332629,42022.147705,42024.93752,2789.815,SSE,/api/inference/stream,True,,12,47,,
1790481978.598963,1790481981.389648,42022.203853,42024.994539,2790.686,SSE,/api/inference/stream,True,,12,48,,
1790481978.654137,1790481981.443835,42022.259027,42025.048726,2789.698,SSE,/api/inference/stream,True,,12,49,,
1790481978.72855,1790481981.51751,42022.333441,42025.122401,2788.96,SSE,/api/inference/stream,True,,12,0,,
1790481978.777259,1790481981.564415,42022.38215,42025.169306,2787.156,SSE,/api/inference/stream,True,,12,1,,
1790481978.835422,1790481981.624775,42022.440313,42025.229666,2789.353,SSE,/api/inference/stream,True,,12,2,,
1790481978.88915,1790481981.677485,42022.494041,42025.282375,2788.334,SSE,/api/inference/stream,True,,12,3,,
1790481978.940828,1790481981.73006,42022.545718,42025.334951,2789.232,SSE,/api/inference/stream,True,,12,4,,
1790481978.999093,1790481981.788717,42022.603984,42025.393608,2789.624,SSE,/api/inference/stream,True,,12,5,,
1790481979.055321,1790481981.843781,42022.660212,42025.448671,2788.46,SSE,/api/inference/stream,True,,12,6,,
1790481979.109832,1790481981.900721,42022.714723,42025.505612,2790.889,SSE,/api/inference/stream,True,,12,7,,
1790481979.165508,1790481981.954839,42022.770398,42025.55973,2789.332,SSE,/api/inference/stream,True,,12,8,,
1790481979.221793,1790481982.013073,42022.826684,42025.617964,2791.28,SSE,/api/inference/stream,True,,12,9,,
1790481979.294156,1790481982.086031,42022.899047,42025.690922,2791.875,SSE,/api/inference/stream,True,,12,10,,
1790481979.329959,1790481982.119395,42022.93485,42025.724286,2789.436,SSE,/api/inference/stream,True,,12,11,,
1790481979.382938,1790481982.172152,42022.987829,42025.777042,2789.213,SSE,/api/inference/stream,True,,12,12,,
1790481979.452993,1790481982.246128,42023.057884,42025.851019,2793.135,SSE,/api/inference/stream,True,,12,13,,
1790481979.492695,1790481982.282867,42023.097586,42025.887757,2790.172,SSE,/api/inference/stream,True,,12,14,,
1790481979.559104,1790481982.350229,42023.163995,42025.955119,2791.124,SSE,/api/inference/stream,True,,12,15,,
1790481979.610121,1790481982.399213,42023.215012,42026.004104,2789.092,SSE,/api/inference/stream,True,,12,16,,
1790481979.664466,1790481982.453921,42023.269356,42026.058812,2789.455,SSE,/api/inference/stream,True,,12,17,,
1790481979.716619,1790481982.506487,42023.32151,42026.111378,2789.868,SSE,/api/inference/stream,True,,12,18,,
1790481979.769436,1790481982.561338,42023.374326,42026.166228,2791.902,SSE,/api/inference/stream,True,,12,19,,
1790481979.83601,1790481982.626583,42023.440901,42026.231474,2790.573,SSE,/api/inference/stream,True,,12,20,,
1790481979.901264,1790481982.690121,42023.506155,42026.295012,2788.857,SSE,/api/inference/stream,True,,12,21,,
1790481979.951211,1790481982.761961,42023.556102,42026.366852,2810.75,SSE,/api/inference/stream,True,,12,22,,
