start_ts,end_ts,start_mono,end_mono,response_time_ms,request_type,name,success,exception,response_length,user,http_status,stages_logged
1790482126.646242,1790482129.437247,42170.251133,42173.042138,2791.005,SSE,/api/inference/stream,True,,12,0,,
1790482126.702971,1790482129.499264,42170.307862,42173.104155,2796.293,SSE,/api/inference/stream,True,,12,1,,
1790482126.758902,1790482129.552916,42170.363793,42173.157806,2794.014,SSE,/api/inference/stream,True,,12,2,,
1790482126.814499,1790482129.605987,42170.419391,42173.210878,2791.487,SSE,/api/inference/stream,True,,12,3,,
1790482126.869745,1790482129.662081,42170.474636,42173.266971,2792.335,SSE,/api/inference/stream,True,,12,4,,
1790482126.924894,1790482129.718239,42170.529785,42173.32313,2793.345,SSE,/api/inference/stream,True,,12,5,,
1790482126.980856,1790482129.771914,42170.585747,42173.376805,2791.058,SSE,/api/inference/stream,True,,12,6,,
1790482127.036713,1790482129.828797,42170.641604,42173.433688,2792.084,SSE,/api/inference/stream,True,,12,7,,
1790482127.092601,1790482129.882316,42170.697492,42173.487206,2789.715,SSE,/api/inference/stream,True,,12,8,,
1790482127.147263,1790482129.93908,42170.752154,42173.54397,2791.816,SSE,/api/inference/stream,True,,12,9,,
1790482127.203224,1790482129.994316,42170.808114,42173.599206,2791.092,SSE,/api/inference/stream,True,,12,10,,
1790482127.258668,1790482130.049911,42170.863559,42173.654802,2791.243,SSE,/api/inference/stream,True,,12,11,,
1790482127.314616,1790482130.104231,42170.919507,42173.709122,2789.615,SSE,/api/inference/stream,True,,12,12,,
1790482127.370467,1790482130.161407,42170.975357,42173.766298,2790.94,SSE,/api/inference/stream,True,,12,13,,
1790482127.425652,1790482130.217884,42171.030543,42173.822775,2792.232,SSE,/api/inference/stream,True,,12,14,,
1790482127.481063,1790482130.270229,42171.085953,42173.87512,2789.167,SSE,/api/inference/stream,True,,12,15,,
1790482127.536927,1790482130.328516,42171.141818,42173.933406,2791.588,SSE,/api/inference/stream,True,,12,16,,
1790482127.59402,1790482130.385809,42171.19891,42173.990699,2791.789,SSE,/api/inference/stream,True,,12,17,,
1790482127.648442,1790482130.438531,42171.253333,42174.043422,2790.089,SSE,/api/inference/stream,True,,12,18,,
1790482127.703662,1790482130.494398,42171.308553,42174.099288,2790.736,SSE,/api/inference/stream,True,,12,19,,
1790482127.759674,1790482130.551489,42171.364564,42174.15638,2791.815,SSE,/api/inference/stream,True,,12,20,,
1790482127.815092,1790482130.608067,42171.419983,42174.212958,2792.975,SSE,/api/inference/stream,True,,12,21,,
1790482127.87075,1790482130.664499,42171.47564,42174.269389,2793.749,SSE,/api/inference/stream,True,,12,22,,
1790482127.926587,1790482130.718261,42171.531477,42174.323151,2791.674,SSE,/api/inference/stream,True,,12,23,,
1790482127.982197,1790482130.775294,42171.587088,42174.380185,2793.097,SSE,/api/inference/stream,True,,12,24,,
1790482128.036914,1790482130.829178,42171.641805,42174.434069,2792.264,SSE,/api/inference/stream,True,,12,25,,
1790482128.093387,1790482130.886186,42171.698278,42174.491076,2792.799,SSE,/api/inference/stream,True,,12,26,,
1790482128.148437,1790482130.941873,42171.753328,42174.546763,2793.436,SSE,/api/inference/stream,True,,12,27,,
1790482128.203809,1790482131.046258,42171.8087,42174.651149,2842.449,SSE,/api/inference/stream,True,,12,28,,
1790482128.259731,1790482131.052836,42171.864622,42174.657727,2793.105,SSE,/api/inference/stream,True,,12,29,,
1790482128.315629,1790482131.10914,42171.920519,42174.714031,2793.512,SSE,/api/inference/stream,True,,12,30,,
1790482128.370929,1790482131.162325,42171.97582,42174.767215,2791.395,SSE,/api/inference/stream,True,,12,31,,
1790482128.426869,1790482131.219562,42172.03176,42174.824453,2792.693,SSE,/api/inference/stream,True,,12,32,,
1790482128.482405,1790482131.295343,42172.087295,42174.900234,2812.938,SSE,/api/inference/stream,True,,12,33,,
1790482128.541977,1790482131.334581,42172.146867,42174.939472,2792.604,SSE,/api/inference/stream,True,,12,34,,
1790482128.593772,1790482131.385808,42172.198663,42174.990699,2792.036,SSE,/api/inference/stream,True,,12,35,,
1790482128.649015,1790482131.44023,42172.253906,42175.045121,2791.215,SSE,/api/inference/stream,True,,12,36,,
1790482128.705019,1790482131.496414,42172.30991,42175.101304,2791.395,SSE,/api/inference/stream,True,,12,37,,
1790482128.759873,1790482131.552481,42172.364764,42175.157372,2792.608,SSE,/api/inference/stream,True,,12,38,,
1790482128.815698,1790482131.609746,42172.420588,42175.214637,2794.048,SSE,/api/inference/stream,True,,12,39,,
1790482128.871799,1790482131.66691,42172.476689,42175.271801,2795.111,SSE,/api/inference/stream,True,,12,40,,
1790482128.927018,1790482131.721691,42172.531909,42175.326582,2794.673,SSE,/api/inference/stream,True,,12,41,,
1790482128.982419,1790482131.775902,42172.58731,42175.380792,2793.483,SSE,/api/inference/stream,True,,12,42,,
1790482129.038038,1790482131.830846,42172.642929,42175.435737,2792.808,SSE,/api/inference/stream,True,,12,43,,
1790482129.093528,1790482131.886321,42172.698419,42175.491211,2792.792,SSE,/api/inference/stream,True,,12,44,,
1790482129.149446,1790482131.941618,42172.754337,42175.546508,2792.171,SSE,/api/inference/stream,True,,12,45,,
1790482129.20475,1790482131.998742,42172.80964,42175.603632,2793.992,SSE,/api/inference/stream,True,,12,46,,
1790482129.260089,1790482132.05063,42172.86498,42175.655521,2790.541,SSE,/api/inference/stream,True,,12,47,,
1790482129.316005,1790482132.10864,42172.920896,42175.71353,2792.634,SSE,/api/inference/stream,True,,12,48,,
1790482129.371939,1790482132.161676,42172.976829,42175.766566,2789.737,SSE,/api/inference/stream,True,,12,49,,
1790482129.43772,1790482132.227992,42173.042611,42175.832882,2790.271,SSE,/api/inference/stream,True,,12,0,,
1790482129.499646,1790482132.289511,42173.104537,42175.894402,2789.865,SSE,/api/inference/stream,True,,12,1,,
1790482129.553297,1790482132.343231,42173.158187,42175.948122,2789.935,SSE,/api/inference/stream,True,,12,2,,
1790482129.606338,1790482132.396339,42173.211228,42176.001229,2790.001,SSE,/api/inference/stream,True,,12,3,,
1790482129.662416,1790482132.455487,42173.267307,42176.060378,2793.072,SSE,/api/inference/stream,True,,12,4,,
1790482129.718517,1790482132.508257,42173.323408,42176.113148,2789.74,SSE,/api/inference/stream,True,,12,5,,
1790482129.772354,1790482132.561979,42173.377245,42176.16687,2789.625,SSE,/api/inference/stream,True,,12,6,,
1790482129.829162,1790482132.619071,42173.434053,42176.223962,2789.909,SSE,/api/inference/stream,True,,12,7,,
1790482129.882686,1790482132.672351,42173.487576,42176.277242,2789.665,SSE,/api/inference/stream,True,,12,8,,
1790482129.939513,1790482132.730033,42173.544404,42176.334924,2790.52,SSE,/api/inference/stream,True,,12,9,,
1790482129.9947,1790482132.785342,42173.599591,42176.390233,2790.642,SSE,/api/inference/stream,True,,12,10,,
1790482130.050319,1790482132.839293,42173.65521,42176.444184,2788.974,SSE,/api/inference/stream,True,,12,11,,
1790482130.104588,1790482132.894703,42173.709478,42176.499593,2790.115,SSE,/api/inference/stream,True,,12,12,,
1790482130.16177,1790482132.951427,42173.766661,42176.556318,2789.657,SSE,/api/inference/stream,True,,12,13,,
1790482130.218258,1790482133.007484,42173.823149,42176.612374,2789.225,SSE,/api/inference/stream,True,,12,14,,
1790482130.270581,1790482133.059847,42173.875472,42176.664738,2789.266,SSE,/api/inference/stream,True,,12,15,,
1790482130.328877,1790482133.119327,42173.933767,42176.724218,2790.45,SSE,/api/inference/stream,True,,12,16,,
1790482130.386191,1790482133.176963,42173.991082,42176.781853,2790.771,SSE,/api/inference/stream,True,,12,17,,
1790482130.438892,1790482133.228457,42174.043782,42176.833348,2789.566,SSE,/api/inference/stream,True,,12,18,,
1790482130.494758,1790482133.282876,42174.099649,42176.887766,2788.118,SSE,/api/inference/stream,True,,12,19,,
1790482130.551849,1790482133.341995,42174.15674,42176.946885,2790.145,SSE,/api/inference/stream,True,,12,20,,
1790482130.608449,1790482133.399903,42174.213339,42177.004793,2791.454,SSE,/api/inference/stream,True,,12,21,,
1790482130.66489,1790482133.45487,42174.26978,42177.059761,2789.981,SSE,/api/inference/stream,True,,12,22,,
1790482130.718664,1790482133.508168,42174.323554,42177.113058,2789.504,SSE,/api/inference/stream,True,,12,23,,
1790482130.775598,1790482133.566482,42174.380489,42177.171372,2790.884,SSE,/api/inference/stream,True,,12,24,,
1790482130.829542,1790482133.621023,42174.434433,42177.225914,2791.481,SSE,/api/inference/stream,True,,12,25,,
1790482130.886544,1790482133.676935,42174.491434,42177.281826,2790.392,SSE,/api/inference/stream,True,,12,26,,
1790482130.942245,1790482133.732753,42174.547135,42177.337643,2790.508,SSE,/api/inference/stream,True,,12,27,,
1790482131.046633,1790482133.837546,42174.651524,42177.442437,2790.913,SSE,/api/inference/stream,True,,12,28,,
1790482131.053053,1790482133.84433,42174.657944,42177.449221,2791.277,SSE,/api/inference/stream,True,,12,29,,
1790482131.109503,1790482133.898822,42174.714393,42177.503713,2789.319,SSE,/api/inference/stream,True,,12,30,,
1790482131.162838,1790482133.954409,42174.767729,42177.5593,2791.571,SSE,/api/inference/stream,True,,12,31,,
1790482131.219919,1790482134.008918,42174.82481,42177.613808,2788.998,SSE,/api/inference/stream,True,,12,32,,
1790482131.295683,1790482134.086515,42174.900573,42177.691406,2790.832,SSE,/api/inference/stream,True,,12,33,,
1790482131.334938,1790482134.12481,42174.939829,42177.729701,2789.872,SSE,/api/inference/stream,True,,12,34,,
1790482131.386185,1790482134.176353,42174.991076,42177.781243,2790.167,SSE,/api/inference/stream,True,,12,35,,
1790482131.440463,1790482134.229932,42175.045353,42177.834822,2789.469,SSE,/api/inference/stream,True,,12,36,,
1790482131.496694,1790482134.288102,42175.101585,42177.892993,2791.408,SSE,/api/inference/stream,True,,12,37,,
1790482131.552781,1790482134.344636,42175.157672,42177.949527,2791.855,SSE,/api/inference/stream,True,,12,38,,
1790482131.610069,1790482134.400101,42175.214959,42178.004991,2790.032,SSE,/api/inference/stream,True,,12,39,,
1790482131.667364,1790482134.457056,42175.272255,42178.061946,2789.692,SSE,/api/inference/stream,True,,12,40,,
1790482131.722102,1790482134.511317,42175.326993,42178.116208,2789.215,SSE,/api/inference/stream,True,,12,41,,
1790482131.776283,1790482134.565341,42175.381173,42178.170232,2789.058,SSE,/api/inference/stream,True,,12,42,,
1790482131.831263,1790482134.620648,42175.436153,42178.225539,2789.385,SSE,/api/inference/stream,True,,12,43,,
1790482131.886679,1790482134.676339,42175.491569,42178.28123,2789.66,SSE,/api/inference/stream,True,,12,44,,
1790482131.941956,1790482134.73177,42175.546846,42178.33666,2789.814,SSE,/api/inference/stream,True,,12,45,,
1790482131.999078,1790482134.789248,42175.603969,42178.394139,2790.17,SSE,/api/inference/stream,True,,12,46,,
1790482132.050992,1790482134.842056,42175.655883,42178.446946,2791.063,SSE,/api/inference/stream,True,,12,47,,
1790482132.108933,1790482134.897731,42175.713824,42178.502622,2788.799,SSE,/api/inference/stream,True,,12,48,,
1790482132.162059,1790482134.952461,42175.766949,42178.557352,2790.402,SSE,/api/inference/stream,True,,12,49,,
1790482132.228353,1790482135.019233,42175.833244,42178.624123,2790.88,SSE,/api/inference/stream,True,,12,0,,
1790482132.289863,1790482135.079863,42175.894753,42178.684754,2790.0,SSE,/api/inference/stream,True,,12,1,,
1790482132.34356,1790482135.133395,42175.948451,42178.738286,2789.835,SSE,/api/inference/stream,True,,12,2,,
1790482132.396658,1790482135.187089,42176.001548,42178.79198,2790.432,SSE,/api/inference/stream,True,,12,3,,
1790482132.455787,1790482135.245537,42176.060677,42178.850428,2789.75,SSE,/api/inference/stream,True,,12,4,,
1790482132.508539,1790482135.29907,42176.11343,42178.903961,2790.531,SSE,/api/inference/stream,True,,12,5,,
1790482132.562356,1790482135.354236,42176.167246,42178.959126,2791.88,SSE,/api/inference/stream,True,,12,6,,
1790482132.619462,1790482135.40975,42176.224353,42179.01464,2790.288,SSE,/api/inference/stream,True,,12,7,,
1790482132.672713,1790482135.46235,42176.277603,42179.06724,2789.637,SSE,/api/inference/stream,True,,12,8,,
1790482132.730364,1790482135.520341,42176.335255,42179.125232,2789.977,SSE,/api/inference/stream,True,,12,9,,
1790482132.785731,1790482135.57507,42176.390622,42179.179961,2789.339,SSE,/api/inference/stream,True,,12,10,,
1790482132.839516,1790482135.627496,42176.444406,42179.232387,2787.98,SSE,/api/inference/stream,True,,12,11,,
1790482132.895193,1790482135.685084,42176.500083,42179.289974,2789.891,SSE,/api/inference/stream,True,,12,12,,
1790482132.951791,1790482135.741983,42176.556682,42179.346873,2790.192,SSE,/api/inference/stream,True,,12,13,,
1790482133.007891,1790482135.798513,42176.612782,42179.403403,2790.621,SSE,/api/inference/stream,True,,12,14,,
1790482133.060207,1790482135.850306,42176.665097,42179.455197,2790.1,SSE,/api/inference/stream,True,,12,15,,
1790482133.119671,1790482135.908571,42176.724561,42179.513462,2788.901,SSE,/api/inference/stream,True,,12,16,,
1790482133.177319,1790482135.965546,42176.78221,42179.570437,2788.227,SSE,/api/inference/stream,True,,12,17,,
1790482133.228859,1790482136.019449,42176.833749,42179.62434,2790.59,SSE,/api/inference/stream,True,,12,18,,
1790482133.283286,1790482136.072488,42176.888176,42179.677378,2789.202,SSE,/api/inference/stream,True,,12,19,,
1790482133.342343,1790482136.132438,42176.947234,42179.737328,2790.095,SSE,/api/inference/stream,True,,12,20,,
1790482133.40022,1790482136.190543,42177.005111,42179.795433,2790.323,SSE,/api/inference/stream,True,,12,21,,
1790482133.455351,1790482136.245521,42177.060241,42179.850411,2790.17,SSE,/api/inference/stream,True,,12,22,,
1790482133.508486,1790482136.298096,42177.113376,42179.902986,2789.61,SSE,/api/inference/stream,True,,12,23,,
1790482133.566869,1790482136.356634,42177.171759,42179.961524,2789.765,SSE,/api/inference/stream,True,,12,24,,
1790482133.621317,1790482136.412385,42177.226208,42180.017276,2791.068,SSE,/api/inference/stream,True,,12,25,,
1790482133.677289,1790482136.46807,42177.28218,42180.07296,2790.78,SSE,/api/inference/stream,True,,12,26,,
1790482133.733106,1790482136.523333,42177.337996,42180.128223,2790.227,SSE,/api/inference/stream,True,,12,27,,
1790482133.837933,1790482136.627964,42177.442824,42180.232855,2790.031,SSE,/api/inference/stream,True,,12,28,,
1790482133.844558,1790482136.633253,42177.449449,42180.238144,2788.695,SSE,/api/inference/stream,True,,12,29,,
1790482133.899398,1790482136.689888,42177.504288,42180.294779,2790.491,SSE,/api/inference/stream,True,,12,30,,
1790482133.954816,1790482136.747682,42177.559706,42180.352572,2792.866,SSE,/api/inference/stream,True,,12,31,,
1790482134.009249,1790482136.799091,42177.61414,42180.403982,2789.842,SSE,/api/inference/stream,True,,12,32,,
1790482134.086887,1790482136.87774,42177.691777,42180.482631,2790.854,SSE,/api/inference/stream,True,,12,33,,
1790482134.125122,1790482136.914915,42177.730013,42180.519806,2789.793,SSE,/api/inference/stream,True,,12,34,,
1790482134.17671,1790482136.967925,42177.781601,42180.572816,2791.215,SSE,/api/inference/stream,True,,12,35,,
1790482134.230339,1790482137.019505,42177.83523,42180.624395,2789.166,SSE,/api/inference/stream,True,,12,36,,
1790482134.28842,1790482137.078252,42177.893311,42180.683143,2789.832,SSE,/api/inference/stream,True,,12,37,,
1790482134.344952,1790482137.13535,42177.949842,42180.740241,2790.398,SSE,/api/inference/stream,True,,12,38,,
1790482134.400411,1790482137.190958,42178.005302,42180.795848,2790.546,SSE,/api/inference/stream,True,,12,39,,
1790482134.457417,1790482137.247044,42178.062307,42180.851934,2789.627,SSE,/api/inference/stream,True,,12,40,,
1790482134.511642,1790482137.300867,42178.116533,42180.905758,2789.225,SSE,/api/inference/stream,True,,12,41,,
1790482134.56567,1790482137.354639,42178.170561,42180.95953,2788.97,SSE,/api/inference/stream,True,,12,42,,
1790482134.621025,1790482137.410471,42178.225916,42181.015361,2789.446,SSE,/api/inference/stream,True,,12,43,,
1790482134.6767,1790482137.465757,42178.281591,42181.070648,2789.057,SSE,/api/inference/stream,True,,12,44,,
1790482134.732129,1790482137.521658,42178.337019,42181.126549,2789.53,SSE,/api/inference/stream,True,,12,45,,
1790482134.789634,1790482137.580944,42178.394525,42181.185835,2791.31,SSE,/api/inference/stream,True,,12,46,,
1790482134.842354,1790482137.631882,42178.447245,42181.236772,2789.528,SSE,/api/inference/stream,True,,12,47,,
1790482134.89793,1790482137.687471,42178.502821,42181.292362,2789.541,SSE,/api/inference/stream,True,,12,48,,
1790482134.952824,1790482137.742212,42178.557715,42181.347102,2789.387,SSE,/api/inference/stream,True,,12,49,,
1790482135.019561,1790482137.80979,42178.624452,42181.41468,2790.228,SSE,/api/inference/stream,True,,12,0,,
1790482135.08021,1790482137.870055,42178.685101,42181.474946,2789.844,SSE,/api/inference/stream,True,,12,1,,
1790482135.133775,1790482137.923107,42178.738666,42181.527998,2789.332,SSE,/api/inference/stream,True,,12,2,,
1790482135.187499,1790482137.978158,42178.79239,42181.583049,2790.659,SSE,/api/inference/stream,True,,12,3,,
1790482135.24591,1790482138.035265,42178.850801,42181.640156,2789.355,SSE,/api/inference/stream,True,,12,4,,
1790482135.29944,1790482138.089834,42178.904331,42181.694725,2790.394,SSE,/api/inference/stream,True,,12,5,,
1790482135.354668,1790482138.146578,42178.959558,42181.751469,2791.91,SSE,/api/inference/stream,True,,12,6,,
1790482135.410128,1790482138.199303,42179.01502,42181.804194,2789.174,SSE,/api/inference/stream,True,,12,7,,
1790482135.462634,1790482138.251801,42179.067524,42181.856692,2789.167,SSE,/api/inference/stream,True,,12,8,,
1790482135.520692,1790482138.310506,42179.125583,42181.915397,2789.814,SSE,/api/inference/stream,True,,12,9,,
1790482135.575495,1790482138.365062,42179.180386,42181.969952,2789.567,SSE,/api/inference/stream,True,,12,10,,
1790482135.62781,1790482138.417496,42179.2327,42182.022386,2789.687,SSE,/api/inference/stream,True,,12,11,,
1790482135.685443,1790482138.4749,42179.290333,42182.079791,2789.458,SSE,/api/inference/stream,True,,12,12,,
1790482135.742343,1790482138.532159,42179.347233,42182.137049,2789.816,SSE,/api/inference/stream,True,,12,13,,
1790482135.798893,1790482138.589638,42179.403784,42182.194528,2790.745,SSE,/api/inference/stream,True,,12,14,,
1790482135.850688,1790482138.639818,42179.455579,42182.244708,2789.129,SSE,/api/inference/stream,True,,12,15,,
1790482135.90898,1790482138.698236,42179.51387,42182.303126,2789.256,SSE,/api/inference/stream,True,,12,16,,
1790482135.966109,1790482138.754851,42179.570999,42182.359741,2788.742,SSE,/api/inference/stream,True,,12,17,,
1790482136.019835,1790482138.809545,42179.624726,42182.414435,2789.71,SSE,/api/inference/stream,True,,12,18,,
1790482136.072899,1790482138.863216,42179.677789,42182.468106,2790.317,SSE,/api/inference/stream,True,,12,19,,
1790482136.132801,1790482138.922438,42179.737691,42182.527329,2789.638,SSE,/api/inference/stream,True,,12,20,,
1790482136.190929,1790482138.981709,42179.795819,42182.5866,2790.781,SSE,/api/inference/stream,True,,12,21,,
1790482136.245979,1790482139.037505,42179.85087,42182.642395,2791.526,SSE,/api/inference/stream,True,,12,22,,
1790482136.298454,1790482139.087462,42179.903344,42182.692352,2789.008,SSE,/api/inference/stream,True,,12,23,,
1790482136.356995,1790482139.148836,42179.961886,42182.753726,2791.84,SSE,/api/inference/stream,True,,12,24,,
1790482136.4128,1790482139.204988,42180.017691,42182.809878,2792.188,SSE,/api/inference/stream,True,,12,25,,
1790482136.468428,1790482139.26069,42180.073319,42182.86558,2792.262,SSE,/api/inference/stream,True,,12,26,,
1790482136.523722,1790482139.31501,42180.128613,42182.9199,2791.288,SSE,/api/inference/stream,True,,12,27,,
1790482136.628309,1790482139.416863,42180.233199,42183.021754,2788.555,SSE,/api/inference/stream,True,,12,28,,
1790482136.633522,1790482139.424841,42180.238413,42183.029732,2791.319,SSE,/api/inference/stream,True,,12,29,,
1790482136.69027,1790482139.480436,42180.295161,42183.085327,2790.166,SSE,/api/inference/stream,True,,12,30,,
1790482136.748075,1790482139.539284,42180.352966,42183.144175,2791.209,SSE,/api/inference/stream,True,,12,31,,
1790482136.799505,1790482139.591202,42180.404396,42183.196093,2791.697,SSE,/api/inference/stream,True,,12,32,,
1790482136.878042,1790482139.667383,42180.482933,42183.272274,2789.341,SSE,/api/inference/stream,True,,12,33,,
1790482136.915266,1790482139.704362,42180.520156,42183.309253,2789.097,SSE,/api/inference/stream,True,,12,34,,
1790482136.968289,1790482139.75726,42180.57318,42183.362151,2788.971,SSE,/api/inference/stream,True,,12,35,,
1790482137.01987,1790482139.80988,42180.624761,42183.41477,2790.01,SSE,/api/inference/stream,True,,12,36,,
1790482137.07853,1790482139.866204,42180.683421,42183.471094,2787.673,SSE,/api/inference/stream,True,,12,37,,
1790482137.135642,1790482139.926421,42180.740532,42183.531311,2790.779,SSE,/api/inference/stream,True,,12,38,,
1790482137.191364,1790482139.982412,42180.796255,42183.587303,2791.048,SSE,/api/inference/stream,True,,12,39,,
1790482137.247463,1790482140.036532,42180.852354,42183.641422,2789.068,SSE,/api/inference/stream,True,,12,40,,
1790482137.301219,1790482140.090311,42180.90611,42183.695201,2789.092,SSE,/api/inference/stream,True,,12,41,,
1790482137.355,1790482140.144398,42180.959891,42183.749289,2789.397,SSE,/api/inference/stream,True,,12,42,,
1790482137.410811,1790482140.199815,42181.015702,42183.804705,2789.003,SSE,/api/inference/stream,True,,12,43,,
1790482137.466095,1790482140.256434,42181.070985,42183.861325,2790.34,SSE,/api/inference/stream,True,,12,44,,
1790482137.522008,1790482140.310465,42181.126898,42183.915356,2788.457,SSE,/api/inference/stream,True,,12,45,,
1790482137.581361,1790482140.373013,42181.186251,42183.977904,2791.653,SSE,/api/inference/stream,True,,12,46,,
1790482137.63222,1790482140.420544,42181.237111,42184.025435,2788.324,SSE,/api/inference/stream,True,,12,47,,
1790482137.687747,1790482140.476964,42181.292638,42184.081854,2789.216,SSE,/api/inference/stream,True,,12,48,,
1790482137.742509,1790482140.533025,42181.3474,42184.137915,2790.515,SSE,/api/inference/stream,True,,12,49,,
1790482137.810168,1790482140.599581,42181.415059,42184.204471,2789.412,SSE,/api/inference/stream,True,,12,0,,
1790482137.870383,1790482140.659207,42181.475273,42184.264098,2788.824,SSE,/api/inference/stream,True,,12,1,,
1790482137.923453,1790482140.712447,42181.528344,42184.317338,2788.994,SSE,/api/inference/stream,True,,12,2,,
1790482137.97853,1790482140.767523,42181.583421,42184.372414,2788.993,SSE,/api/inference/stream,True,,12,3,,
1790482138.035579,1790482140.824477,42181.640469,42184.429367,2788.898,SSE,/api/inference/stream,True,,12,4,,
1790482138.090139,1790482140.879665,42181.69503,42184.484556,2789.526,SSE,/api/inference/stream,True,,12,5,,
1790482138.146903,1790482140.937831,42181.751794,42184.542721,2790.928,SSE,/api/inference/stream,True,,12,6,,
1790482138.199619,1790482140.988425,42181.80451,42184.593317,2788.807,SSE,/api/inference/stream,True,,12,7,,
1790482138.252136,1790482141.04244,42181.857026,42184.647331,2790.305,SSE,/api/inference/stream,True,,12,8,,
1790482138.310854,1790482141.102072,42181.915745,42184.706963,2791.218,SSE,/api/inference/stream,True,,12,9,,
1790482138.365364,1790482141.154325,42181.970255,42184.759216,2788.961,SSE,/api/inference/stream,True,,12,10,,
1790482138.417812,1790482141.208086,42182.022702,42184.812977,2790.274,SSE,/api/inference/stream,True,,12,11,,
1790482138.475333,1790482141.265056,42182.080223,42184.869947,2789.723,SSE,/api/inference/stream,True,,12,12,,
1790482138.532609,1790482141.321802,42182.1375,42184.926693,2789.193,SSE,/api/inference/stream,True,,12,13,,
1790482138.590044,1790482141.379485,42182.194935,42184.984375,2789.44,SSE,/api/inference/stream,True,,12,14,,
1790482138.640183,1790482141.430439,42182.245074,42185.03533,2790.256,SSE,/api/inference/stream,True,,12,15,,
1790482138.698579,1790482141.488532,42182.303469,42185.093422,2789.953,SSE,/api/inference/stream,True,,12,16,,
1790482138.755222,1790482141.545173,42182.360113,42185.150064,2789.951,SSE,/api/inference/stream,True,,12,17,,
1790482138.809845,1790482141.598981,42182.414735,42185.203872,2789.136,SSE,/api/inference/stream,True,,12,18,,
1790482138.86356,1790482141.652753,42182.468451,42185.257644,2789.193,SSE,/api/inference/stream,True,,12,19,,
1790482138.922864,1790482141.713061,42182.527755,42185.317951,2790.197,SSE,/api/inference/stream,True,,12,20,,
1790482138.982011,1790482141.774113,42182.586901,42185.379004,2792.102,SSE,/api/inference/stream,True,,12,21,,
1790482139.03792,1790482141.827334,42182.64281,42185.432224,2789.414,SSE,/api/inference/stream,True,,12,22,,
1790482139.087806,1790482141.876648,42182.692696,42185.481538,2788.843,SSE,/api/inference/stream,True,,12,23,,
1790482139.149159,1790482141.939634,42182.754049,42185.544525,2790.475,SSE,/api/inference/stream,True,,12,24,,
1790482139.205281,1790482141.995546,42182.810172,42185.600437,2790.265,SSE,/api/inference/stream,True,,12,25,,
1790482139.260986,1790482142.051794,42182.865877,42185.656684,2790.808,SSE,/api/inference/stream,True,,12,26,,
1790482139.315444,1790482142.106142,42182.920334,42185.711033,2790.699,SSE,/api/inference/stream,True,,12,27,,
1790482139.417231,1790482142.206497,42183.022122,42185.811388,2789.266,SSE,/api/inference/stream,True,,12,28,,
1790482139.425064,1790482142.213057,42183.029955,42185.817948,2787.992,SSE,/api/inference/stream,True,,12,29,,
1790482139.480821,1790482142.271322,42183.085712,42185.876212,2790.5,SSE,/api/inference/stream,True,,12,30,,
1790482139.539641,1790482142.330032,42183.144531,42185.934922,2790.391,SSE,/api/inference/stream,True,,12,31,,
1790482139.591516,1790482142.382012,42183.196406,42185.986902,2790.496,SSE,/api/inference/stream,True,,12,32,,
1790482139.667662,1790482142.458093,42183.272552,42186.062984,2790.431,SSE,/api/inference/stream,True,,12,33,,
1790482139.70467,1790482142.494195,42183.309561,42186.099086,2789.526,SSE,/api/inference/stream,True,,12,34,,
1790482139.757541,1790482142.546302,42183.362432,42186.151192,2788.76,SSE,/api/inference/stream,True,,12,35,,
1790482139.810194,1790482142.601387,42183.415084,42186.206277,2791.193,SSE,/api/inference/stream,True,,12,36,,
1790482139.866606,1790482142.657644,42183.471497,42186.262535,2791.038,SSE,/api/inference/stream,True,,12,37,,
1790482139.926708,1790482142.715782,42183.531599,42186.320673,2789.074,SSE,/api/inference/stream,True,,12,38,,
1790482139.982738,1790482142.773435,42183.587629,42186.378325,2790.696,SSE,/api/inference/stream,True,,12,39,,
1790482140.036973,1790482142.828198,42183.641863,42186.433088,2791.225,SSE,/api/inference/stream,True,,12,40,,
1790482140.090682,1790482142.881358,42183.695573,42186.486248,2790.676,SSE,/api/inference/stream,True,,12,41,,
1790482140.1447,1790482142.93426,42183.749591,42186.539151,2789.56,SSE,/api/inference/stream,True,,12,42,,
1790482140.200159,1790482142.988694,42183.805049,42186.593585,2788.535,SSE,/api/inference/stream,True,,12,43,,
1790482140.256796,1790482143.046607,42183.861686,42186.651497,2789.811,SSE,/api/inference/stream,True,,12,44,,
1790482140.310776,1790482143.100629,42183.915667,42186.705519,2789.853,SSE,/api/inference/stream,True,,12,45,,
1790482140.373373,1790482143.164509,42183.978264,42186.7694,2791.136,SSE,/api/inference/stream,True,,12,46,,
1790482140.420908,1790482143.209785,42184.025799,42186.814676,2788.877,SSE,/api/inference/stream,True,,12,47,,
1790482140.477269,1790482143.26726,42184.082161,42186.872151,2789.99,SSE,/api/inference/stream,True,,12,48,,
1790482140.533352,1790482143.323561,42184.138243,42186.928452,2790.209,SSE,/api/inference/stream,True,,12,49,,
1790482140.599887,1790482143.390874,42184.204778,42186.995764,2790.987,SSE,/api/inference/stream,True,,12,0,,
1790482140.659529,1790482143.450038,42184.26442,42187.054929,2790.509,SSE,/api/inference/stream,True,,12,1,,
1790482140.712775,1790482143.502385,42184.317666,42187.107276,2789.61,SSE,/api/inference/stream,True,,12,2,,
1790482140.767852,1790482143.55766,42184.372743,42187.162551,2789.808,SSE,/api/inference/stream,True,,12,3,,
1790482140.82483,1790482143.614247,42184.429721,42187.219138,2789.417,SSE,/api/inference/stream,True,,12,4,,
1790482140.879931,1790482143.669776,42184.484822,42187.274667,2789.845,SSE,/api/inference/stream,True,,12,5,,
1790482140.938295,1790482143.729087,42184.543186,42187.333977,2790.791,SSE,/api/inference/stream,True,,12,6,,
1790482140.988758,1790482143.777471,42184.593649,42187.382362,2788.713,SSE,/api/inference/stream,True,,12,7,,
1790482141.04275,1790482143.833101,42184.64764,42187.437991,2790.351,SSE,/api/inference/stream,True,,12,8,,
1790482141.102427,1790482143.891721,42184.707318,42187.496612,2789.294,SSE,/api/inference/stream,True,,12,9,,
1790482141.154608,1790482143.946008,42184.759498,42187.550899,2791.4,SSE,/api/inference/stream,True,,12,10,,
1790482141.208431,1790482143.997036,42184.813322,42187.601927,2788.605,SSE,/api/inference/stream,True,,12,11,,
1790482141.26542,1790482144.054098,42184.87031,42187.658988,2788.678,SSE,/api/inference/stream,True,,12,12,,
1790482141.322196,1790482144.11301,42184.927086,42187.717901,2790.814,SSE,/api/inference/stream,True,,12,13,,
1790482141.379849,1790482144.169206,42184.98474,42187.774097,2789.357,SSE,/api/inference/stream,True,,12,14,,
1790482141.430753,1790482144.220206,42185.035644,42187.825096,2789.453,SSE,/api/inference/stream,True,,12,15,,
1790482141.488922,1790482144.278278,42185.093812,42187.883169,2789.356,SSE,/api/inference/stream,True,,12,16,,
1790482141.545471,1790482144.33547,42185.150362,42187.940361,2789.999,SSE,/api/inference/stream,True,,12,17,,
1790482141.599368,1790482144.388924,42185.204259,42187.993815,2789.556,SSE,/api/inference/stream,True,,12,18,,
1790482141.653079,1790482144.441035,42185.257969,42188.045925,2787.956,SSE,/api/inference/stream,True,,12,19,,
1790482141.713425,1790482144.503507,42185.318315,42188.108398,2790.083,SSE,/api/inference/stream,True,,12,20,,
1790482141.77441,1790482144.565734,42185.3793,42188.170625,2791.324,SSE,/api/inference/stream,True,,12,21,,
1790482141.827621,1790482144.616343,42185.432512,42188.221233,2788.722,SSE,/api/inference/stream,True,,12,22,,
1790482141.876994,1790482144.666118,42185.481884,42188.271008,2789.124,SSE,/api/inference/stream,True,,12,23,,
1790482141.939908,1790482144.731013,42185.544799,42188.335903,2791.105,SSE,/api/inference/stream,True,,12,24,,
1790482141.995841,1790482144.786758,42185.600732,42188.391649,2790.918,SSE,/api/inference/stream,True,,12,25,,
1790482142.052112,1790482144.843318,42185.657003,42188.448209,2791.206,SSE,/api/inference/stream,True,,12,26,,
1790482142.106456,1790482144.896986,42185.711347,42188.501876,2790.53,SSE,/api/inference/stream,True,,12,27,,
1790482142.206841,1790482144.996713,42185.811732,42188.601604,2789.872,SSE,/api/inference/stream,True,,12,28,,
1790482142.213437,1790482145.003806,42185.818328,42188.608697,2790.37,SSE,/api/inference/stream,True,,12,29,,
1790482142.271638,1790482145.062433,42185.876529,42188.667324,2790.795,SSE,/api/inference/stream,True,,12,30,,
1790482142.330402,1790482145.119017,42185.935293,42188.723908,2788.615,SSE,/api/inference/stream,True,,12,31,,
1790482142.382298,1790482145.172269,42185.987188,42188.77716,2789.972,SSE,/api/inference/stream,True,,12,32,,
1790482142.458417,1790482145.248694,42186.063308,42188.853584,2790.276,SSE,/api/inference/stream,True,,12,33,,
1790482142.494493,1790482145.282985,42186.099384,42188.887876,2788.492,SSE,/api/inference/stream,True,,12,34,,
1790482142.546593,1790482145.336759,42186.151484,42188.941649,2790.165,SSE,/api/inference/stream,True,,12,35,,
1790482142.601714,1790482145.391909,42186.206604,42188.996799,2790.195,SSE,/api/inference/stream,True,,12,36,,
1790482142.657991,1790482145.449265,42186.262881,42189.054156,2791.275,SSE,/api/inference/stream,True,,12,37,,
1790482142.716038,1790482145.505367,42186.320929,42189.110258,2789.329,SSE,/api/inference/stream,True,,12,38,,
1790482142.773777,1790482145.564612,42186.378668,42189.169503,2790.835,SSE,/api/inference/stream,True,,12,39,,
1790482142.828593,1790482145.618431,42186.433483,42189.223322,2789.838,SSE,/api/inference/stream,True,,12,40,,
1790482142.881634,1790482145.671703,42186.486525,42189.276594,2790.07,SSE,/api/inference/stream,True,,12,41,,
1790482142.934628,1790482145.725238,42186.539519,42189.330129,2790.61,SSE,/api/inference/stream,True,,12,42,,
1790482142.989045,1790482145.777256,42186.593936,42189.382147,2788.211,SSE,/api/inference/stream,True,,12,43,,
1790482143.046908,1790482145.836189,42186.651799,42189.441079,2789.28,SSE,/api/inference/stream,True,,12,44,,
1790482143.100968,1790482145.890041,42186.705859,42189.494931,2789.072,SSE,/api/inference/stream,True,,12,45,,
1790482143.164881,1790482145.955536,42186.769771,42189.560426,2790.655,SSE,/api/inference/stream,True,,12,46,,
1790482143.21005,1790482145.998934,42186.814941,42189.603825,2788.884,SSE,/api/inference/stream,True,,12,47,,
1790482143.267549,1790482146.056567,42186.872439,42189.661457,2789.018,SSE,/api/inference/stream,True,,12,48,,
1790482143.323883,1790482146.114322,42186.928773,42189.719212,2790.439,SSE,/api/inference/stream,True,,12,49,,
1790482143.391274,1790482146.181019,42186.996165,42189.78591,2789.745,SSE,/api/inference/stream,True,,12,0,,
1790482143.450391,1790482146.239386,42187.055282,42189.844277,2788.995,SSE,/api/inference/stream,True,,12,1,,
1790482143.502741,1790482146.294628,42187.107632,42189.899519,2791.887,SSE,/api/inference/stream,True,,12,2,,
1790482143.55798,1790482146.347982,42187.16287,42189.952873,2790.002,SSE,/api/inference/stream,True,,12,3,,
1790482143.614552,1790482146.404788,42187.219443,42190.009679,2790.236,SSE,/api/inference/stream,True,,12,4,,
1790482143.670027,1790482146.458304,42187.274918,42190.063195,2788.277,SSE,/api/inference/stream,True,,12,5,,
1790482143.729382,1790482146.519999,42187.334272,42190.124889,2790.617,SSE,/api/inference/stream,True,,12,6,,
1790482143.7778,1790482146.56841,42187.382691,42190.173301,2790.61,SSE,/api/inference/stream,True,,12,7,,
1790482143.833368,1790482146.623054,42187.438259,42190.227944,2789.685,SSE,/api/inference/stream,True,,12,8,,
1790482143.892023,1790482146.680786,42187.496913,42190.285677,2788.763,SSE,/api/inference/stream,True,,12,9,,
1790482143.946369,1790482146.736627,42187.551259,42190.341518,2790.259,SSE,/api/inference/stream,True,,12,10,,
1790482143.997379,1790482146.786294,42187.60227,42190.391184,2788.914,SSE,/api/inference/stream,True,,12,11,,
1790482144.054468,1790482146.843879,42187.659359,42190.44877,2789.411,SSE,/api/inference/stream,True,,12,12,,
1790482144.113389,1790482146.903372,42187.71828,42190.508262,2789.982,SSE,/api/inference/stream,True,,12,13,,
1790482144.169549,1790482146.958166,42187.77444,42190.563057,2788.617,SSE,/api/inference/stream,True,,12,14,,
1790482144.220549,1790482147.009135,42187.82544,42190.614025,2788.585,SSE,/api/inference/stream,True,,12,15,,
1790482144.278644,1790482147.067762,42187.883534,42190.672652,2789.118,SSE,/api/inference/stream,True,,12,16,,
1790482144.335812,1790482147.124849,42187.940703,42190.72974,2789.037,SSE,/api/inference/stream,True,,12,17,,
1790482144.389224,1790482147.179732,42187.994115,42190.784622,2790.508,SSE,/api/inference/stream,True,,12,18,,
1790482144.441378,1790482147.231923,42188.046269,42190.836813,2790.545,SSE,/api/inference/stream,True,,12,19,,
1790482144.503948,1790482147.293087,42188.108839,42190.897977,2789.139,SSE,/api/inference/stream,True,,12,20,,
1790482144.56602,1790482147.355055,42188.170911,42190.959946,2789.034,SSE,/api/inference/stream,True,,12,21,,
1790482144.616723,1790482147.408989,42188.221614,42191.013879,2792.266,SSE,/api/inference/stream,True,,12,22,,
1790482144.666485,1790482147.456549,42188.271375,42191.061439,2790.064,SSE,/api/inference/stream,True,,12,23,,
1790482144.731493,1790482147.523797,42188.336384,42191.128687,2792.303,SSE,/api/inference/stream,True,,12,24,,
1790482144.787023,1790482147.577061,42188.391914,42191.181951,2790.038,SSE,/api/inference/stream,True,,12,25,,
1790482144.843617,1790482147.634475,42188.448508,42191.239365,2790.857,SSE,/api/inference/stream,True,,12,26,,
1790482144.897271,1790482147.688447,42188.502162,42191.293338,2791.177,SSE,/api/inference/stream,True,,12,27,,
1790482144.996995,1790482147.787439,42188.601885,42191.392329,2790.444,SSE,/api/inference/stream,True,,12,28,,
1790482145.004081,1790482147.79391,42188.608972,42191.398801,2789.829,SSE,/api/inference/stream,True,,12,29,,
1790482145.06278,1790482147.854363,42188.66767,42191.459253,2791.583,SSE,/api/inference/stream,True,,12,30,,
1790482145.119442,1790482147.910902,42188.724333,42191.515792,2791.46,SSE,/api/inference/stream,True,,12,31,,
1790482145.172634,1790482147.961509,42188.777524,42191.566399,2788.875,SSE,/api/inference/stream,True,,12,32,,
1790482145.248975,1790482148.038477,42188.853865,42191.643368,2789.502,SSE,/api/inference/stream,True,,12,33,,
1790482145.283302,1790482148.071524,42188.888193,42191.676415,2788.222,SSE,/api/inference/stream,True,,12,34,,
1790482145.337194,1790482148.127818,42188.942084,42191.732709,2790.625,SSE,/api/inference/stream,True,,12,35,,
1790482145.392195,1790482148.182349,42188.997086,42191.78724,2790.153,SSE,/api/inference/stream,True,,12,36,,
1790482145.44953,1790482148.239387,42189.05442,42191.844277,2789.857,SSE,/api/inference/stream,True,,12,37,,
1790482145.505669,1790482148.29624,42189.110559,42191.90113,2790.571,SSE,/api/inference/stream,True,,12,38,,
1790482145.564995,1790482148.354878,42189.169885,42191.959769,2789.883,SSE,/api/inference/stream,True,,12,39,,
1790482145.61881,1790482148.407525,42189.223701,42192.012416,2788.715,SSE,/api/inference/stream,True,,12,40,,
1790482145.672047,1790482148.462643,42189.276937,42192.067534,2790.596,SSE,/api/inference/stream,True,,12,41,,
1790482145.725566,1790482148.517035,42189.330456,42192.121926,2791.47,SSE,/api/inference/stream,True,,12,42,,
1790482145.7776,1790482148.567369,42189.38249,42192.17226,2789.769,SSE,/api/inference/stream,True,,12,43,,
1790482145.836497,1790482148.625782,42189.441388,42192.230673,2789.285,SSE,/api/inference/stream,True,,12,44,,
1790482145.890326,1790482148.67946,42189.495217,42192.284351,2789.134,SSE,/api/inference/stream,True,,12,45,,
1790482145.955966,1790482148.750135,42189.560857,42192.355026,2794.169,SSE,/api/inference/stream,True,,12,46,,
1790482145.999331,1790482148.789158,42189.604221,42192.394049,2789.828,SSE,/api/inference/stream,True,,12,47,,
1790482146.056886,1790482148.846519,42189.661777,42192.45141,2789.633,SSE,/api/inference/stream,True,,12,48,,
1790482146.114676,1790482148.905225,42189.719566,42192.510115,2790.549,SSE,/api/inference/stream,True,,12,49,,
1790482146.18132,1790482148.970221,42189.786211,42192.575111,2788.901,SSE,/api/inference/stream,True,,12,0,,
1790482146.239735,1790482149.029136,42189.844626,42192.634027,2789.401,SSE,/api/inference/stream,True,,12,1,,
1790482146.294909,1790482149.084325,42189.8998,42192.689216,2789.417,SSE,/api/inference/stream,True,,12,2,,
1790482146.348324,1790482149.136469,42189.953215,42192.74136,2788.145,SSE,/api/inference/stream,True,,12,3,,
1790482146.405139,1790482149.194042,42190.010029,42192.798933,2788.903,SSE,/api/inference/stream,True,,12,4,,
1790482146.458633,1790482149.247506,42190.063524,42192.852397,2788.873,SSE,/api/inference/stream,True,,12,5,,
1790482146.520387,1790482149.30999,42190.125277,42192.914881,2789.604,SSE,/api/inference/stream,True,,12,6,,
1790482146.568761,1790482149.358587,42190.173652,42192.963478,2789.826,SSE,/api/inference/stream,True,,12,7,,
1790482146.623438,1790482149.414009,42190.228329,42193.0189,2790.571,SSE,/api/inference/stream,True,,12,8,,
1790482146.681093,1790482149.47256,42190.285984,42193.077451,2791.467,SSE,/api/inference/stream,True,,12,9,,
1790482146.736966,1790482149.527531,42190.341857,42193.132421,2790.565,SSE,/api/inference/stream,True,,12,10,,
1790482146.786661,1790482149.576908,42190.391551,42193.181799,2790.248,SSE,/api/inference/stream,True,,12,11,,
1790482146.844181,1790482149.634616,42190.449071,42193.239506,2790.435,SSE,/api/inference/stream,True,,12,12,,
1790482146.903719,1790482149.692988,42190.50861,42193.297878,2789.269,SSE,/api/inference/stream,True,,12,13,,
1790482146.95858,1790482149.748295,42190.56347,42193.353186,2789.716,SSE,/api/inference/stream,True,,12,14,,
1790482147.009476,1790482149.798705,42190.614367,42193.403596,2789.228,SSE,/api/inference/stream,True,,12,15,,
1790482147.068109,1790482149.858462,42190.672999,42193.463352,2790.353,SSE,/api/inference/stream,True,,12,16,,
1790482147.125246,1790482149.915776,42190.730137,42193.520667,2790.53,SSE,/api/inference/stream,True,,12,17,,
1790482147.180053,1790482149.970147,42190.784944,42193.575038,2790.094,SSE,/api/inference/stream,True,,12,18,,
1790482147.232369,1790482150.021658,42190.837259,42193.626549,2789.29,SSE,/api/inference/stream,True,,12,19,,
1790482147.293451,1790482150.082068,42190.898342,42193.686959,2788.617,SSE,/api/inference/stream,True,,12,20,,
1790482147.35537,1790482150.143914,42190.960261,42193.748805,2788.544,SSE,/api/inference/stream,True,,12,21,,
1790482147.409363,1790482150.200195,42191.014253,42193.805086,2790.833,SSE,/api/inference/stream,True,,12,22,,
1790482147.456914,1790482150.246135,42191.061805,42193.851025,2789.22,SSE,/api/inference/stream,True,,12,23,,
1790482147.524112,1790482150.314087,42191.129004,42193.918978,2789.974,SSE,/api/inference/stream,True,,12,24,,
1790482147.577403,1790482150.369707,42191.182294,42193.974598,2792.304,SSE,/api/inference/stream,True,,12,25,,
1790482147.634767,1790482150.426148,42191.239658,42194.031039,2791.381,SSE,/api/inference/stream,True,,12,26,,
1790482147.688787,1790482150.478727,42191.293677,42194.083618,2789.94,SSE,/api/inference/stream,True,,12,27,,
1790482147.78779,1790482150.581536,42191.39268,42194.186426,2793.746,SSE,/api/inference/stream,True,,12,28,,
1790482147.794112,1790482150.587307,42191.399004,42194.192198,2793.194,SSE,/api/inference/stream,True,,12,29,,
1790482147.854691,1790482150.646293,42191.459581,42194.251184,2791.603,SSE,/api/inference/stream,True,,12,30,,
1790482147.911302,1790482150.700834,42191.516193,42194.305724,2789.531,SSE,/api/inference/stream,True,,12,31,,
1790482147.961856,1790482150.752975,42191.566747,42194.357866,2791.118,SSE,/api/inference/stream,True,,12,32,,
1790482148.038818,1790482150.827852,42191.643708,42194.432743,2789.035,SSE,/api/inference/stream,True,,12,33,,
1790482148.071779,1790482150.862808,42191.676669,42194.467698,2791.029,SSE,/api/inference/stream,True,,12,34,,
1790482148.128185,1790482150.917841,42191.733075,42194.522732,2789.656,SSE,/api/inference/stream,True,,12,35,,
1790482148.182669,1790482150.974416,42191.78756,42194.579306,2791.746,SSE,/api/inference/stream,True,,12,36,,
1790482148.239668,1790482151.029386,42191.844559,42194.634277,2789.718,SSE,/api/inference/stream,True,,12,37,,
1790482148.296568,1790482151.087336,42191.901458,42194.692227,2790.768,SSE,/api/inference/stream,True,,12,38,,
1790482148.355238,1790482151.149275,42191.960129,42194.754166,2794.037,SSE,/api/inference/stream,True,,12,39,,
1790482148.407851,1790482151.197264,42192.012741,42194.802154,2789.414,SSE,/api/inference/stream,True,,12,40,,
1790482148.462972,1790482151.25276,42192.067862,42194.857651,2789.788,SSE,/api/inference/stream,True,,12,41,,
1790482148.517354,1790482151.308534,42192.122245,42194.913425,2791.18,SSE,/api/inference/stream,True,,12,42,,
1790482148.567723,1790482151.357927,42192.172613,42194.962818,2790.205,SSE,/api/inference/stream,True,,12,43,,
1790482148.626157,1790482151.417233,42192.231048,42195.022123,2791.076,SSE,/api/inference/stream,True,,12,44,,
1790482148.679749,1790482151.470706,42192.284639,42195.075596,2790.957,SSE,/api/inference/stream,True,,12,45,,
1790482148.750456,1790482151.539715,42192.355347,42195.144605,2789.258,SSE,/api/inference/stream,True,,12,46,,
1790482148.789539,1790482151.579317,42192.394429,42195.184208,2789.779,SSE,/api/inference/stream,True,,12,47,,
1790482148.846846,1790482151.637063,42192.451737,42195.241954,2790.217,SSE,/api/inference/stream,True,,12,48,,
1790482148.905557,1790482151.695635,42192.510448,42195.300526,2790.078,SSE,/api/inference/stream,True,,12,49,,
1790482148.970591,1790482151.760476,42192.575481,42195.365367,2789.885,SSE,/api/inference/stream,True,,12,0,,
1790482149.029445,1790482151.821484,42192.634336,42195.426375,2792.039,SSE,/api/inference/stream,True,,12,1,,
1790482149.08457,1790482151.875067,42192.689461,42195.479958,2790.497,SSE,/api/inference/stream,True,,12,2,,
1790482149.136844,1790482151.926944,42192.741735,42195.531834,2790.099,SSE,/api/inference/stream,True,,12,3,,
1790482149.194391,1790482151.983661,42192.799281,42195.588552,2789.271,SSE,/api/inference/stream,True,,12,4,,
1790482149.247853,1790482152.037627,42192.852744,42195.642518,2789.774,SSE,/api/inference/stream,True,,12,5,,
1790482149.310331,1790482152.100189,42192.915221,42195.70508,2789.858,SSE,/api/inference/stream,True,,12,6,,
1790482149.358914,1790482152.148578,42192.963805,42195.753469,2789.664,SSE,/api/inference/stream,True,,12,7,,
1790482149.414295,1790482152.204469,42193.019186,42195.80936,2790.174,SSE,/api/inference/stream,True,,12,8,,
1790482149.472907,1790482152.261743,42193.077797,42195.866633,2788.836,SSE,/api/inference/stream,True,,12,9,,
1790482149.527908,1790482152.317486,42193.132799,42195.922376,2789.578,SSE,/api/inference/stream,True,,12,10,,
1790482149.577372,1790482152.367184,42193.182262,42195.972074,2789.812,SSE,/api/inference/stream,True,,12,11,,
1790482149.63493,1790482152.427703,42193.23982,42196.032593,2792.773,SSE,/api/inference/stream,True,,12,12,,
1790482149.693356,1790482152.482592,42193.298246,42196.087483,2789.237,SSE,/api/inference/stream,True,,12,13,,
1790482149.748657,1790482152.536868,42193.353548,42196.141758,2788.21,SSE,/api/inference/stream,True,,12,14,,
1790482149.798997,1790482152.588983,42193.403887,42196.193874,2789.986,SSE,/api/inference/stream,True,,12,15,,
1790482149.858826,1790482152.648783,42193.463717,42196.253673,2789.956,SSE,/api/inference/stream,True,,12,16,,
1790482149.916162,1790482152.706355,42193.521053,42196.311245,2790.192,SSE,/api/inference/stream,True,,12,17,,
1790482149.970546,1790482152.765812,42193.575437,42196.370703,2795.266,SSE,/api/inference/stream,True,,12,18,,
1790482150.022032,1790482152.811904,42193.626923,42196.416794,2789.871,SSE,/api/inference/stream,True,,12,19,,
1790482150.082437,1790482152.872571,42193.687327,42196.477461,2790.134,SSE,/api/inference/stream,True,,12,20,,
1790482150.144248,1790482152.932824,42193.749139,42196.537714,2788.576,SSE,/api/inference/stream,True,,12,21,,
1790482150.200452,1790482152.990079,42193.805343,42196.59497,2789.627,SSE,/api/inference/stream,True,,12,22,,
1790482150.2465,1790482153.035646,42193.85139,42196.640536,2789.146,SSE,/api/inference/stream,True,,12,23,,
1790482150.314406,1790482153.103591,42193.919297,42196.708481,2789.184,SSE,/api/inference/stream,True,,12,24,,
1790482150.37008,1790482153.159369,42193.97497,42196.76426,2789.289,SSE,/api/inference/stream,True,,12,25,,
1790482150.426447,1790482153.215303,42194.031337,42196.820193,2788.856,SSE,/api/inference/stream,True,,12,26,,
1790482150.47901,1790482153.268816,42194.083901,42196.873707,2789.806,SSE,/api/inference/stream,True,,12,27,,
1790482150.581951,1790482153.375303,42194.186841,42196.980193,2793.352,SSE,/api/inference/stream,True,,12,28,,
1790482150.587537,1790482153.379311,42194.192428,42196.984202,2791.774,SSE,/api/inference/stream,True,,12,29,,
1790482150.646605,1790482153.437883,42194.251495,42197.042774,2791.279,SSE,/api/inference/stream,True,,12,30,,
1790482150.70114,1790482153.491532,42194.30603,42197.096423,2790.393,SSE,/api/inference/stream,True,,12,31,,
1790482150.753318,1790482153.542387,42194.358209,42197.147278,2789.069,SSE,/api/inference/stream,True,,12,32,,
1790482150.828136,1790482153.618449,42194.433026,42197.22334,2790.314,SSE,/api/inference/stream,True,,12,33,,
1790482150.863189,1790482153.653032,42194.468079,42197.257922,2789.843,SSE,/api/inference/stream,True,,12,34,,
1790482150.918219,1790482153.707999,42194.52311,42197.31289,2789.78,SSE,/api/inference/stream,True,,12,35,,
1790482150.974809,1790482153.764434,42194.5797,42197.369324,2789.624,SSE,/api/inference/stream,True,,12,36,,
1790482151.029721,1790482153.82021,42194.634611,42197.425101,2790.49,SSE,/api/inference/stream,True,,12,37,,
1790482151.087676,1790482153.878233,42194.692566,42197.483123,2790.557,SSE,/api/inference/stream,True,,12,38,,
1790482151.149578,1790482153.942205,42194.754468,42197.547096,2792.627,SSE,/api/inference/stream,True,,12,39,,
1790482151.197607,1790482153.986161,42194.802498,42197.591052,2788.554,SSE,/api/inference/stream,True,,12,40,,
1790482151.253052,1790482154.042835,42194.857943,42197.647726,2789.783,SSE,/api/inference/stream,True,,12,41,,
1790482151.308894,1790482154.098233,42194.913785,42197.703123,2789.338,SSE,/api/inference/stream,True,,12,42,,
1790482151.358342,1790482154.148691,42194.963232,42197.753582,2790.35,SSE,/api/inference/stream,True,,12,43,,
1790482151.417533,1790482154.208335,42195.022423,42197.813226,2790.803,SSE,/api/inference/stream,True,,12,44,,
1790482151.470997,1790482154.260516,42195.075888,42197.865406,2789.518,SSE,/api/inference/stream,True,,12,45,,
1790482151.540032,1790482154.330694,42195.144923,42197.935584,2790.661,SSE,/api/inference/stream,True,,12,46,,
1790482151.579635,1790482154.369242,42195.184525,42197.974133,2789.607,SSE,/api/inference/stream,True,,12,47,,
1790482151.63742,1790482154.427738,42195.24231,42198.032628,2790.318,SSE,/api/inference/stream,True,,12,48,,
1790482151.695969,1790482154.486653,42195.30086,42198.091544,2790.684,SSE,/api/inference/stream,True,,12,49,,
1790482151.760796,1790482154.551882,42195.365686,42198.156773,2791.087,SSE,/api/inference/stream,True,,12,0,,
1790482151.821784,1790482154.611255,42195.426674,42198.216146,2789.472,SSE,/api/inference/stream,True,,12,1,,
1790482151.875378,1790482154.665725,42195.480269,42198.270616,2790.347,SSE,/api/inference/stream,True,,12,2,,
1790482151.92735,1790482154.718082,42195.532241,42198.322973,2790.732,SSE,/api/inference/stream,True,,12,3,,
1790482151.984009,1790482154.773154,42195.5889,42198.378045,2789.145,SSE,/api/inference/stream,True,,12,4,,
1790482152.038012,1790482154.827529,42195.642902,42198.432419,2789.517,SSE,/api/inference/stream,True,,12,5,,
1790482152.100525,1790482154.890514,42195.705415,42198.495405,2789.989,SSE,/api/inference/stream,True,,12,6,,
1790482152.14887,1790482154.938752,42195.753761,42198.543644,2789.882,SSE,/api/inference/stream,True,,12,7,,
1790482152.20471,1790482154.996859,42195.8096,42198.601749,2792.149,SSE,/api/inference/stream,True,,12,8,,
1790482152.26205,1790482155.052247,42195.866941,42198.657137,2790.196,SSE,/api/inference/stream,True,,12,9,,
1790482152.317872,1790482155.108462,42195.922763,42198.713353,2790.59,SSE,/api/inference/stream,True,,12,10,,
1790482152.367517,1790482155.157763,42195.972407,42198.762654,2790.247,SSE,/api/inference/stream,True,,12,11,,
1790482152.427997,1790482155.217337,42196.032887,42198.822227,2789.34,SSE,/api/inference/stream,True,,12,12,,
1790482152.48296,1790482155.27205,42196.08785,42198.876941,2789.09,SSE,/api/inference/stream,True,,12,13,,
1790482152.53721,1790482155.325638,42196.142101,42198.930529,2788.428,SSE,/api/inference/stream,True,,12,14,,
1790482152.589308,1790482155.379649,42196.194198,42198.98454,2790.342,SSE,/api/inference/stream,True,,12,15,,
1790482152.649162,1790482155.438492,42196.254052,42199.043382,2789.33,SSE,/api/inference/stream,True,,12,16,,
1790482152.706742,1790482155.4979,42196.311632,42199.10279,2791.158,SSE,/api/inference/stream,True,,12,17,,
1790482152.766286,1790482155.556826,42196.371177,42199.161716,2790.539,SSE,/api/inference/stream,True,,12,18,,
1790482152.812266,1790482155.601331,42196.417157,42199.206221,2789.064,SSE,/api/inference/stream,True,,12,19,,
1790482152.872958,1790482155.661384,42196.477849,42199.266275,2788.425,SSE,/api/inference/stream,True,,12,20,,
1790482152.933134,1790482155.723727,42196.538024,42199.328618,2790.593,SSE,/api/inference/stream,True,,12,21,,
1790482152.990432,1790482155.781029,42196.595322,42199.385919,2790.597,SSE,/api/inference/stream,True,,12,22,,
1790482153.036043,1790482155.825249,42196.640933,42199.43014,2789.207,SSE,/api/inference/stream,True,,12,23,,
1790482153.10394,1790482155.893769,42196.708831,42199.49866,2789.829,SSE,/api/inference/stream,True,,12,24,,
1790482153.159702,1790482155.949812,42196.764593,42199.554702,2790.11,SSE,/api/inference/stream,True,,12,25,,
1790482153.215621,1790482156.005266,42196.820511,42199.610157,2789.646,SSE,/api/inference/stream,True,,12,26,,
1790482153.269177,1790482156.060179,42196.874068,42199.665069,2791.002,SSE,/api/inference/stream,True,,12,27,,
1790482153.375659,1790482156.171424,42196.98055,42199.776315,2795.765,SSE,/api/inference/stream,True,,12,28,,
1790482153.379553,1790482156.172794,42196.984445,42199.777685,2793.24,SSE,/api/inference/stream,True,,12,29,,
1790482153.43818,1790482156.227872,42197.043071,42199.832763,2789.692,SSE,/api/inference/stream,True,,12,30,,
1790482153.491843,1790482156.282458,42197.096734,42199.887348,2790.614,SSE,/api/inference/stream,True,,12,31,,
1790482153.542732,1790482156.331302,42197.147623,42199.936193,2788.57,SSE,/api/inference/stream,True,,12,32,,
1790482153.618777,1790482156.407421,42197.223668,42200.012312,2788.644,SSE,/api/inference/stream,True,,12,33,,
1790482153.653335,1790482156.444533,42197.258225,42200.049424,2791.199,SSE,/api/inference/stream,True,,12,34,,
1790482153.708296,1790482156.498574,42197.313186,42200.103465,2790.279,SSE,/api/inference/stream,True,,12,35,,
1790482153.764794,1790482156.554502,42197.369684,42200.159392,2789.708,SSE,/api/inference/stream,True,,12,36,,
1790482153.82053,1790482156.609702,42197.425421,42200.214593,2789.172,SSE,/api/inference/stream,True,,12,37,,
1790482153.87852,1790482156.67024,42197.48341,42200.275131,2791.72,SSE,/api/inference/stream,True,,12,38,,
1790482153.942492,1790482156.732623,42197.547382,42200.337513,2790.131,SSE,/api/inference/stream,True,,12,39,,
1790482153.986502,1790482156.775293,42197.591392,42200.380183,2788.791,SSE,/api/inference/stream,True,,12,40,,
1790482154.043308,1790482156.83373,42197.648198,42200.438621,2790.422,SSE,/api/inference/stream,True,,12,41,,
1790482154.09858,1790482156.889936,42197.703471,42200.494827,2791.357,SSE,/api/inference/stream,True,,12,42,,
1790482154.149047,1790482156.938601,42197.753938,42200.543491,2789.553,SSE,/api/inference/stream,True,,12,43,,
1790482154.208627,1790482156.998243,42197.813517,42200.603134,2789.617,SSE,/api/inference/stream,True,,12,44,,
1790482154.260811,1790482157.051574,42197.865701,42200.656465,2790.764,SSE,/api/inference/stream,True,,12,45,,
1790482154.331103,1790482157.122704,42197.935994,42200.727595,2791.601,SSE,/api/inference/stream,True,,12,46,,
1790482154.369531,1790482157.159448,42197.974421,42200.764338,2789.917,SSE,/api/inference/stream,True,,12,47,,
1790482154.428063,1790482157.218494,42198.032954,42200.823385,2790.431,SSE,/api/inference/stream,True,,12,48,,
1790482154.486977,1790482157.276133,42198.091868,42200.881024,2789.156,SSE,/api/inference/stream,True,,12,49,,
1790482154.552198,1790482157.343209,42198.157089,42200.9481,2791.011,SSE,/api/inference/stream,True,,12,0,,
1790482154.611495,1790482157.400525,42198.216385,42201.005415,2789.03,SSE,/api/inference/stream,True,,12,1,,
1790482154.665996,1790482157.456681,42198.270886,42201.061572,2790.685,SSE,/api/inference/stream,True,,12,2,,
1790482154.718406,1790482157.507638,42198.323297,42201.112529,2789.232,SSE,/api/inference/stream,True,,12,3,,
1790482154.773429,1790482157.563539,42198.378319,42201.168429,2790.11,SSE,/api/inference/stream,True,,12,4,,
1790482154.827874,1790482157.619401,42198.432765,42201.224292,2791.527,SSE,/api/inference/stream,True,,12,5,,
1790482154.890883,1790482157.680218,42198.495773,42201.285108,2789.335,SSE,/api/inference/stream,True,,12,6,,
1790482154.9391,1790482157.727886,42198.543991,42201.332777,2788.786,SSE,/api/inference/stream,True,,12,7,,
1790482154.99718,1790482157.786607,42198.602071,42201.391498,2789.427,SSE,/api/inference/stream,True,,12,8,,
1790482155.052602,1790482157.843835,42198.657493,42201.448726,2791.233,SSE,/api/inference/stream,True,,12,9,,
1790482155.10883,1790482157.898828,42198.71372,42201.503718,2789.998,SSE,/api/inference/stream,True,,12,10,,
1790482155.158082,1790482157.948977,42198.762972,42201.553867,2790.895,SSE,/api/inference/stream,True,,12,11,,
1790482155.217635,1790482158.007048,42198.822526,42201.611939,2789.413,SSE,/api/inference/stream,True,,12,12,,
1790482155.272434,1790482158.061488,42198.877324,42201.666379,2789.055,SSE,/api/inference/stream,True,,12,13,,
1790482155.326005,1790482158.116599,42198.930895,42201.72149,2790.595,SSE,/api/inference/stream,True,,12,14,,
1790482155.379966,1790482158.171627,42198.984856,42201.776518,2791.662,SSE,/api/inference/stream,True,,12,15,,
1790482155.438882,1790482158.227277,42199.043773,42201.832168,2788.395,SSE,/api/inference/stream,True,,12,16,,
1790482155.498267,1790482158.289902,42199.103157,42201.894793,2791.635,SSE,/api/inference/stream,True,,12,17,,
1790482155.557196,1790482158.349247,42199.162086,42201.954138,2792.052,SSE,/api/inference/stream,True,,12,18,,
1790482155.601679,1790482158.391006,42199.20657,42201.995896,2789.326,SSE,/api/inference/stream,True,,12,19,,
1790482155.661668,1790482158.449122,42199.266559,42202.054013,2787.454,SSE,/api/inference/stream,True,,12,20,,
1790482155.724025,1790482158.513608,42199.328916,42202.118499,2789.583,SSE,/api/inference/stream,True,,12,21,,
1790482155.781373,1790482158.571831,42199.386263,42202.176722,2790.459,SSE,/api/inference/stream,True,,12,22,,
1790482155.825707,1790482158.614627,42199.430597,42202.219518,2788.92,SSE,/api/inference/stream,True,,12,23,,
1790482155.894099,1790482158.682687,42199.49899,42202.287578,2788.588,SSE,/api/inference/stream,True,,12,24,,
1790482155.950139,1790482158.739038,42199.555029,42202.343928,2788.899,SSE,/api/inference/stream,True,,12,25,,
1790482156.005767,1790482158.793839,42199.610658,42202.39873,2788.072,SSE,/api/inference/stream,True,,12,26,,
1790482156.06055,1790482158.850966,42199.66544,42202.455857,2790.416,SSE,/api/inference/stream,True,,12,27,,
1790482156.173097,1790482158.966175,42199.777988,42202.571066,2793.078,SSE,/api/inference/stream,True,,12,29,,
1790482156.171696,1790482158.96782,42199.776587,42202.572711,2796.124,SSE,/api/inference/stream,True,,12,28,,
1790482156.228179,1790482159.019839,42199.83307,42202.62473,2791.66,SSE,/api/inference/stream,True,,12,30,,
1790482156.282781,1790482159.073205,42199.887671,42202.678096,2790.425,SSE,/api/inference/stream,True,,12,31,,
1790482156.331499,1790482159.119107,42199.936389,42202.723998,2787.608,SSE,/api/inference/stream,True,,12,32,,
1790482156.407678,1790482159.197676,42200.012569,42202.802566,2789.998,SSE,/api/inference/stream,True,,12,33,,
1790482156.44484,1790482159.235338,42200.049731,42202.840228,2790.497,SSE,/api/inference/stream,True,,12,34,,
1790482156.498875,1790482159.289651,42200.103766,42202.894542,2790.776,SSE,/api/inference/stream,True,,12,35,,
1790482156.554837,1790482159.343658,42200.159727,42202.948548,2788.821,SSE,/api/inference/stream,True,,12,36,,
1790482156.609979,1790482159.399641,42200.214869,42203.004531,2789.662,SSE,/api/inference/stream,True,,12,37,,
1790482156.670742,1790482159.460781,42200.275633,42203.065672,2790.039,SSE,/api/inference/stream,True,,12,38,,
1790482156.732911,1790482159.522237,42200.337801,42203.127127,2789.326,SSE,/api/inference/stream,True,,12,39,,
1790482156.775582,1790482159.564997,42200.380473,42203.169887,2789.414,SSE,/api/inference/stream,True,,12,40,,
1790482156.834071,1790482159.624016,42200.438962,42203.228906,2789.944,SSE,/api/inference/stream,True,,12,41,,
1790482156.890309,1790482159.682387,42200.495199,42203.287278,2792.079,SSE,/api/inference/stream,True,,12,42,,
1790482156.938892,1790482159.729636,42200.543783,42203.334527,2790.744,SSE,/api/inference/stream,True,,12,43,,
1790482156.998599,1790482159.789451,42200.60349,42203.394342,2790.852,SSE,/api/inference/stream,True,,12,44,,
1790482157.05195,1790482159.84212,42200.65684,42203.447011,2790.171,SSE,/api/inference/stream,True,,12,45,,
1790482157.123037,1790482159.912989,42200.727928,42203.51788,2789.951,SSE,/api/inference/stream,True,,12,46,,
1790482157.159815,1790482159.948635,42200.764705,42203.553526,2788.821,SSE,/api/inference/stream,True,,12,47,,
1790482157.218877,1790482160.007573,42200.823767,42203.612464,2788.697,SSE,/api/inference/stream,True,,12,48,,
1790482157.27643,1790482160.066425,42200.881321,42203.671316,2789.995,SSE,/api/inference/stream,True,,12,49,,
1790482157.34355,1790482160.133792,42200.948441,42203.738683,2790.242,SSE,/api/inference/stream,True,,12,0,,
1790482157.40079,1790482160.192032,42201.005681,42203.796923,2791.242,SSE,/api/inference/stream,True,,12,1,,
1790482157.45698,1790482160.247529,42201.06187,42203.852419,2790.549,SSE,/api/inference/stream,True,,12,2,,
1790482157.507919,1790482160.298145,42201.112809,42203.903036,2790.226,SSE,/api/inference/stream,True,,12,3,,
1790482157.563855,1790482160.354434,42201.168746,42203.959324,2790.579,SSE,/api/inference/stream,True,,12,4,,
1790482157.619701,1790482160.410763,42201.224592,42204.015654,2791.062,SSE,/api/inference/stream,True,,12,5,,
1790482157.680515,1790482160.470478,42201.285405,42204.075369,2789.963,SSE,/api/inference/stream,True,,12,6,,
1790482157.728128,1790482160.516227,42201.333019,42204.121118,2788.1,SSE,/api/inference/stream,True,,12,7,,
1790482157.786939,1790482160.577286,42201.39183,42204.182176,2790.347,SSE,/api/inference/stream,True,,12,8,,
1790482157.844189,1790482160.634564,42201.449079,42204.239455,2790.375,SSE,/api/inference/stream,True,,12,9,,
1790482157.899305,1790482160.690017,42201.504195,42204.294907,2790.712,SSE,/api/inference/stream,True,,12,10,,
1790482157.949357,1790482160.739475,42201.554248,42204.344365,2790.117,SSE,/api/inference/stream,True,,12,11,,
1790482158.007462,1790482160.797628,42201.612353,42204.402519,2790.166,SSE,/api/inference/stream,True,,12,12,,
1790482158.06175,1790482160.850119,42201.666641,42204.45501,2788.369,SSE,/api/inference/stream,True,,12,13,,
1790482158.116964,1790482160.90612,42201.721854,42204.51101,2789.156,SSE,/api/inference/stream,True,,12,14,,
1790482158.171997,1790482160.961531,42201.776887,42204.566422,2789.534,SSE,/api/inference/stream,True,,12,15,,
1790482158.227606,1790482161.016324,42201.832496,42204.621214,2788.718,SSE,/api/inference/stream,True,,12,16,,
1790482158.290293,1790482161.08142,42201.895184,42204.68631,2791.126,SSE,/api/inference/stream,True,,12,17,,
1790482158.349642,1790482161.141277,42201.954533,42204.746167,2791.635,SSE,/api/inference/stream,True,,12,18,,
1790482158.391391,1790482161.181887,42201.996281,42204.786778,2790.496,SSE,/api/inference/stream,True,,12,19,,
1790482158.449381,1790482161.240899,42202.054271,42204.84579,2791.518,SSE,/api/inference/stream,True,,12,20,,
1790482158.513879,1790482161.307437,42202.11877,42204.912328,2793.558,SSE,/api/inference/stream,True,,12,21,,
1790482158.572133,1790482161.362747,42202.177024,42204.967638,2790.614,SSE,/api/inference/stream,True,,12,22,,
1790482158.614969,1790482161.404082,42202.219859,42205.008973,2789.113,SSE,/api/inference/stream,True,,12,23,,
1790482158.683022,1790482161.471596,42202.287913,42205.076486,2788.574,SSE,/api/inference/stream,True,,12,24,,
1790482158.739448,1790482161.528271,42202.344339,42205.133162,2788.823,SSE,/api/inference/stream,True,,12,25,,
1790482158.794095,1790482161.582241,42202.398986,42205.187132,2788.146,SSE,/api/inference/stream,True,,12,26,,
1790482158.851409,1790482161.643035,42202.456299,42205.247926,2791.627,SSE,/api/inference/stream,True,,12,27,,
1790482158.968281,1790482161.760696,42202.573171,42205.365587,2792.416,SSE,/api/inference/stream,True,,12,28,,
1790482158.96647,1790482161.762173,42202.571361,42205.367064,2795.703,SSE,/api/inference/stream,True,,12,29,,
1790482159.020147,1790482161.80997,42202.625038,42205.414861,2789.824,SSE,/api/inference/stream,True,,12,30,,
1790482159.073539,1790482161.863899,42202.67843,42205.46879,2790.361,SSE,/api/inference/stream,True,,12,31,,
1790482159.119489,1790482161.90949,42202.72438,42205.514381,2790.001,SSE,/api/inference/stream,True,,12,32,,
1790482159.19803,1790482161.988628,42202.80292,42205.593519,2790.599,SSE,/api/inference/stream,True,,12,33,,
1790482159.235646,1790482162.026245,42202.840537,42205.631135,2790.599,SSE,/api/inference/stream,True,,12,34,,
1790482159.290018,1790482162.081331,42202.894909,42205.686222,2791.313,SSE,/api/inference/stream,True,,12,35,,
1790482159.343945,1790482162.133915,42202.948835,42205.738806,2789.971,SSE,/api/inference/stream,True,,12,36,,
1790482159.400005,1790482162.189744,42203.004896,42205.794635,2789.739,SSE,/api/inference/stream,True,,12,37,,
1790482159.461148,1790482162.253126,42203.066038,42205.858016,2791.978,SSE,/api/inference/stream,True,,12,38,,
1790482159.522556,1790482162.313185,42203.127447,42205.918076,2790.629,SSE,/api/inference/stream,True,,12,39,,
1790482159.565365,1790482162.355045,42203.170255,42205.959935,2789.68,SSE,/api/inference/stream,True,,12,40,,
1790482159.624338,1790482162.413738,42203.229228,42206.018628,2789.4,SSE,/api/inference/stream,True,,12,41,,
1790482159.68275,1790482162.472845,42203.287641,42206.077735,2790.095,SSE,/api/inference/stream,True,,12,42,,
1790482159.729962,1790482162.519629,42203.334853,42206.12452,2789.668,SSE,/api/inference/stream,True,,12,43,,
1790482159.7898,1790482162.580651,42203.39469,42206.185542,2790.851,SSE,/api/inference/stream,True,,12,44,,
1790482159.842414,1790482162.632246,42203.447305,42206.237138,2789.833,SSE,/api/inference/stream,True,,12,45,,
1790482159.913302,1790482162.702611,42203.518193,42206.307502,2789.309,SSE,/api/inference/stream,True,,12,46,,
1790482159.948936,1790482162.738327,42203.553826,42206.343217,2789.391,SSE,/api/inference/stream,True,,12,47,,
1790482160.007963,1790482162.797684,42203.612854,42206.402575,2789.721,SSE,/api/inference/stream,True,,12,48,,
1790482160.066795,1790482162.856846,42203.671685,42206.461736,2790.051,SSE,/api/inference/stream,True,,12,49,,
1790482160.134177,1790482162.923528,42203.739068,42206.528419,2789.351,SSE,/api/inference/stream,True,,12,0,,
1790482160.19233,1790482162.98349,42203.797221,42206.588381,2791.159,SSE,/api/inference/stream,True,,12,1,,
1790482160.247824,1790482163.037808,42203.852715,42206.642699,2789.984,SSE,/api/inference/stream,True,,12,2,,
1790482160.298429,1790482163.087938,42203.90332,42206.692829,2789.509,SSE,/api/inference/stream,True,,12,3,,
1790482160.354732,1790482163.144591,42203.959622,42206.749482,2789.86,SSE,/api/inference/stream,True,,12,4,,
1790482160.411052,1790482163.20007,42204.015943,42206.804961,2789.018,SSE,/api/inference/stream,True,,12,5,,
1790482160.470863,1790482163.260692,42204.075754,42206.865583,2789.829,SSE,/api/inference/stream,True,,12,6,,
1790482160.516475,1790482163.30672,42204.121366,42206.911611,2790.245,SSE,/api/inference/stream,True,,12,7,,
1790482160.577636,1790482163.366776,42204.182527,42206.971667,2789.14,SSE,/api/inference/stream,True,,12,8,,
1790482160.634917,1790482163.425402,42204.239807,42207.030292,2790.485,SSE,/api/inference/stream,True,,12,9,,
1790482160.690381,1790482163.482446,42204.295272,42207.087337,2792.065,SSE,/api/inference/stream,True,,12,10,,
1790482160.739824,1790482163.529572,42204.344715,42207.134462,2789.747,SSE,/api/inference/stream,True,,12,11,,
1790482160.797924,1790482163.586848,42204.402815,42207.191738,2788.923,SSE,/api/inference/stream,True,,12,12,,
1790482160.850403,1790482163.639429,42204.455294,42207.24432,2789.026,SSE,/api/inference/stream,True,,12,13,,
1790482160.90646,1790482163.695935,42204.511351,42207.300826,2789.474,SSE,/api/inference/stream,True,,12,14,,
1790482160.961859,1790482163.752161,42204.566749,42207.357052,2790.303,SSE,/api/inference/stream,True,,12,15,,
1790482161.016717,1790482163.80567,42204.621607,42207.410561,2788.954,SSE,/api/inference/stream,True,,12,16,,
1790482161.081722,1790482163.872629,42204.686612,42207.477519,2790.907,SSE,/api/inference/stream,True,,12,17,,
1790482161.141601,1790482163.934619,42204.746491,42207.539509,2793.017,SSE,/api/inference/stream,True,,12,18,,
1790482161.182249,1790482163.970949,42204.787139,42207.57584,2788.701,SSE,/api/inference/stream,True,,12,19,,
1790482161.241263,1790482164.032837,42204.846153,42207.637727,2791.574,SSE,/api/inference/stream,True,,12,20,,
1790482161.307711,1790482164.096894,42204.912602,42207.701785,2789.183,SSE,/api/inference/stream,True,,12,21,,
1790482161.363116,1790482164.152922,42204.968007,42207.757813,2789.806,SSE,/api/inference/stream,True,,12,22,,
1790482161.404381,1790482164.194212,42205.009271,42207.799102,2789.831,SSE,/api/inference/stream,True,,12,23,,
1790482161.471886,1790482164.260618,42205.076777,42207.865509,2788.732,SSE,/api/inference/stream,True,,12,24,,
1790482161.528594,1790482164.317229,42205.133484,42207.922119,2788.635,SSE,/api/inference/stream,True,,12,25,,
1790482161.582472,1790482164.370082,42205.187363,42207.974973,2787.61,SSE,/api/inference/stream,True,,12,26,,
1790482161.643401,1790482164.434812,42205.248292,42208.039703,2791.411,SSE,/api/inference/stream,True,,12,27,,
1790482161.760983,1790482164.554527,42205.365873,42208.159417,2793.544,SSE,/api/inference/stream,True,,12,28,,
1790482161.76248,1790482164.556097,42205.367371,42208.160988,2793.617,SSE,/api/inference/stream,True,,12,29,,
1790482161.810344,1790482164.599756,42205.415235,42208.204647,2789.412,SSE,/api/inference/stream,True,,12,30,,
1790482161.864169,1790482164.653255,42205.46906,42208.258146,2789.086,SSE,/api/inference/stream,True,,12,31,,
1790482161.90977,1790482164.698053,42205.514661,42208.302944,2788.283,SSE,/api/inference/stream,True,,12,32,,
1790482161.988934,1790482164.779358,42205.593824,42208.384249,2790.424,SSE,/api/inference/stream,True,,12,33,,
1790482162.026574,1790482164.816884,42205.631465,42208.421774,2790.309,SSE,/api/inference/stream,True,,12,34,,
1790482162.081656,1790482164.871755,42205.686546,42208.476645,2790.099,SSE,/api/inference/stream,True,,12,35,,
1790482162.134213,1790482164.924187,42205.739103,42208.529077,2789.974,SSE,/api/inference/stream,True,,12,36,,
1790482162.190032,1790482164.978672,42205.794923,42208.583563,2788.64,SSE,/api/inference/stream,True,,12,37,,
1790482162.253462,1790482165.043093,42205.858353,42208.647984,2789.631,SSE,/api/inference/stream,True,,12,38,,
1790482162.313566,1790482165.103751,42205.918457,42208.708642,2790.185,SSE,/api/inference/stream,True,,12,39,,
1790482162.355448,1790482165.146323,42205.960339,42208.751214,2790.875,SSE,/api/inference/stream,True,,12,40,,
1790482162.414022,1790482165.203756,42206.018912,42208.808647,2789.734,SSE,/api/inference/stream,True,,12,41,,
1790482162.473128,1790482165.264132,42206.078019,42208.869023,2791.004,SSE,/api/inference/stream,True,,12,42,,
1790482162.519984,1790482165.311018,42206.124875,42208.915909,2791.034,SSE,/api/inference/stream,True,,12,43,,
1790482162.581016,1790482165.370224,42206.185907,42208.975114,2789.207,SSE,/api/inference/stream,True,,12,44,,
1790482162.632489,1790482165.419768,42206.237379,42209.024659,2787.279,SSE,/api/inference/stream,True,,12,45,,
1790482162.702941,1790482165.4916,42206.307832,42209.09649,2788.658,SSE,/api/inference/stream,True,,12,46,,
1790482162.738604,1790482165.536583,42206.343494,42209.141474,2797.98,SSE,/api/inference/stream,True,,12,47,,
1790482162.798046,1790482165.588071,42206.402936,42209.192962,2790.025,SSE,/api/inference/stream,True,,12,48,,
1790482162.857209,1790482165.646693,42206.4621,42209.251583,2789.483,SSE,/api/inference/stream,True,,12,49,,
1790482162.923855,1790482165.712928,42206.528745,42209.317819,2789.074,SSE,/api/inference/stream,True,,12,0,,
1790482162.983743,1790482165.772447,42206.588634,42209.377338,2788.703,SSE,/api/inference/stream,True,,12,1,,
1790482163.038136,1790482165.830222,42206.643026,42209.435113,2792.086,SSE,/api/inference/stream,True,,12,2,,
1790482163.088262,1790482165.877373,42206.693153,42209.482264,2789.111,SSE,/api/inference/stream,True,,12,3,,
1790482163.144869,1790482165.934909,42206.749759,42209.5398,2790.041,SSE,/api/inference/stream,True,,12,4,,
1790482163.200418,1790482165.989316,42206.805308,42209.594207,2788.899,SSE,/api/inference/stream,True,,12,5,,
1790482163.261058,1790482166.050311,42206.865948,42209.655201,2789.253,SSE,/api/inference/stream,True,,12,6,,
1790482163.307019,1790482166.09785,42206.911909,42209.702741,2790.832,SSE,/api/inference/stream,True,,12,7,,
1790482163.367183,1790482166.156056,42206.972074,42209.760947,2788.873,SSE,/api/inference/stream,True,,12,8,,
1790482163.425676,1790482166.215825,42207.030567,42209.820716,2790.149,SSE,/api/inference/stream,True,,12,9,,
1790482163.482808,1790482166.274241,42207.087698,42209.879132,2791.434,SSE,/api/inference/stream,True,,12,10,,
1790482163.529932,1790482166.319593,42207.134822,42209.924483,2789.661,SSE,/api/inference/stream,True,,12,11,,
1790482163.587213,1790482166.377144,42207.192104,42209.982035,2789.931,SSE,/api/inference/stream,True,,12,12,,
1790482163.639769,1790482166.429317,42207.244659,42210.034208,2789.548,SSE,/api/inference/stream,True,,12,13,,
1790482163.696223,1790482166.485042,42207.301114,42210.089933,2788.818,SSE,/api/inference/stream,True,,12,14,,
1790482163.752468,1790482166.542254,42207.357359,42210.147145,2789.786,SSE,/api/inference/stream,True,,12,15,,
1790482163.80601,1790482166.596282,42207.4109,42210.201173,2790.273,SSE,/api/inference/stream,True,,12,16,,
1790482163.872937,1790482166.663846,42207.477827,42210.268736,2790.909,SSE,/api/inference/stream,True,,12,17,,
1790482163.935018,1790482166.726597,42207.539908,42210.331487,2791.579,SSE,/api/inference/stream,True,,12,18,,
1790482163.971321,1790482166.759107,42207.576212,42210.363998,2787.786,SSE,/api/inference/stream,True,,12,19,,
1790482164.033159,1790482166.821919,42207.63805,42210.42681,2788.76,SSE,/api/inference/stream,True,,12,20,,
1790482164.097226,1790482166.886234,42207.702116,42210.491124,2789.008,SSE,/api/inference/stream,True,,12,21,,
1790482164.153256,1790482166.942413,42207.758146,42210.547303,2789.157,SSE,/api/inference/stream,True,,12,22,,
1790482164.194484,1790482166.984785,42207.799375,42210.589675,2790.301,SSE,/api/inference/stream,True,,12,23,,
1790482164.260836,1790482167.049626,42207.865727,42210.654517,2788.79,SSE,/api/inference/stream,True,,12,24,,
1790482164.317472,1790482167.107395,42207.922362,42210.712285,2789.923,SSE,/api/inference/stream,True,,12,25,,
1790482164.370313,1790482167.159782,42207.975203,42210.764672,2789.469,SSE,/api/inference/stream,True,,12,26,,
1790482164.435057,1790482167.225153,42208.039948,42210.830044,2790.096,SSE,/api/inference/stream,True,,12,27,,
1790482164.554804,1790482167.348547,42208.159694,42210.953437,2793.743,SSE,/api/inference/stream,True,,12,28,,
1790482164.556294,1790482167.35043,42208.161185,42210.955321,2794.136,SSE,/api/inference/stream,True,,12,29,,
1790482164.600112,1790482167.390617,42208.205003,42210.995507,2790.505,SSE,/api/inference/stream,True,,12,30,,
1790482164.65362,1790482167.443259,42208.25851,42211.04815,2789.64,SSE,/api/inference/stream,True,,12,31,,
1790482164.698296,1790482167.488564,42208.303187,42211.093454,2790.268,SSE,/api/inference/stream,True,,12,32,,
1790482164.779724,1790482167.568851,42208.384614,42211.173742,2789.127,SSE,/api/inference/stream,True,,12,33,,
1790482164.817222,1790482167.606929,42208.422112,42211.21182,2789.707,SSE,/api/inference/stream,True,,12,34,,
1790482164.872118,1790482167.660985,42208.477009,42211.265875,2788.867,SSE,/api/inference/stream,True,,12,35,,
1790482164.924535,1790482167.71424,42208.529425,42211.31913,2789.705,SSE,/api/inference/stream,True,,12,36,,
1790482164.978917,1790482167.767465,42208.583807,42211.372355,2788.548,SSE,/api/inference/stream,True,,12,37,,
1790482165.043535,1790482167.832685,42208.648426,42211.437576,2789.15,SSE,/api/inference/stream,True,,12,38,,
1790482165.104056,1790482167.89419,42208.708946,42211.499081,2790.134,SSE,/api/inference/stream,True,,12,39,,
1790482165.146624,1790482167.935761,42208.751514,42211.540651,2789.137,SSE,/api/inference/stream,True,,12,40,,
1790482165.204058,1790482167.994369,42208.808949,42211.59926,2790.311,SSE,/api/inference/stream,True,,12,41,,
1790482165.264435,1790482168.056982,42208.869326,42211.661872,2792.547,SSE,/api/inference/stream,True,,12,42,,
1790482165.311394,1790482168.099972,42208.916285,42211.704863,2788.578,SSE,/api/inference/stream,True,,12,43,,
1790482165.370585,1790482168.159438,42208.975476,42211.764328,2788.853,SSE,/api/inference/stream,True,,12,44,,
1790482165.420057,1790482168.209951,42209.024948,42211.814842,2789.894,SSE,/api/inference/stream,True,,12,45,,
1790482165.491941,1790482168.283257,42209.096832,42211.888148,2791.316,SSE,/api/inference/stream,True,,12,46,,
1790482165.536872,1790482168.327786,42209.141763,42211.932677,2790.914,SSE,/api/inference/stream,True,,12,47,,
1790482165.588463,1790482168.378396,42209.193354,42211.983287,2789.933,SSE,/api/inference/stream,True,,12,48,,
1790482165.64706,1790482168.437319,42209.251951,42212.04221,2790.259,SSE,/api/inference/stream,True,,12,49,,
1790482165.713241,1790482168.504302,42209.318132,42212.109193,2791.061,SSE,/api/inference/stream,True,,12,0,,
1790482165.772781,1790482168.563605,42209.377672,42212.168496,2790.824,SSE,/api/inference/stream,True,,12,1,,
1790482165.830556,1790482168.62118,42209.435447,42212.22607,2790.624,SSE,/api/inference/stream,True,,12,2,,
1790482165.877659,1790482168.667478,42209.48255,42212.272369,2789.819,SSE,/api/inference/stream,True,,12,3,,
1790482165.935266,1790482168.725586,42209.540158,42212.330477,2790.319,SSE,/api/inference/stream,True,,12,4,,
1790482165.989592,1790482168.780524,42209.594483,42212.385415,2790.932,SSE,/api/inference/stream,True,,12,5,,
1790482166.050771,1790482168.840882,42209.655662,42212.445773,2790.111,SSE,/api/inference/stream,True,,12,6,,
1790482166.098253,1790482168.889377,42209.703143,42212.494268,2791.124,SSE,/api/inference/stream,True,,12,7,,
1790482166.156383,1790482168.945364,42209.761274,42212.550254,2788.98,SSE,/api/inference/stream,True,,12,8,,
1790482166.216131,1790482169.00642,42209.821022,42212.611311,2790.289,SSE,/api/inference/stream,True,,12,9,,
1790482166.274629,1790482169.067388,42209.87952,42212.672278,2792.759,SSE,/api/inference/stream,True,,12,10,,
1790482166.319936,1790482169.110419,42209.924827,42212.715309,2790.482,SSE,/api/inference/stream,True,,12,11,,
1790482166.377429,1790482169.167462,42209.98232,42212.772353,2790.033,SSE,/api/inference/stream,True,,12,12,,
1790482166.429706,1790482169.219995,42210.034596,42212.824885,2790.289,SSE,/api/inference/stream,True,,12,13,,
1790482166.485387,1790482169.274411,42210.090277,42212.879302,2789.025,SSE,/api/inference/stream,True,,12,14,,
1790482166.542547,1790482169.330724,42210.147438,42212.935614,2788.176,SSE,/api/inference/stream,True,,12,15,,
1790482166.596699,1790482169.387184,42210.201589,42212.992074,2790.485,SSE,/api/inference/stream,True,,12,16,,
1790482166.664192,1790482169.457154,42210.269083,42213.062045,2792.962,SSE,/api/inference/stream,True,,12,17,,
1790482166.726981,1790482169.515781,42210.331872,42213.120672,2788.8,SSE,/api/inference/stream,True,,12,18,,
1790482166.759457,1790482169.550117,42210.364348,42213.155007,2790.659,SSE,/api/inference/stream,True,,12,19,,
1790482166.822217,1790482169.613447,42210.427108,42213.218338,2791.23,SSE,/api/inference/stream,True,,12,20,,
1790482166.886564,1790482169.676504,42210.491454,42213.281394,2789.94,SSE,/api/inference/stream,True,,12,21,,
1790482166.942722,1790482169.73445,42210.547612,42213.339341,2791.729,SSE,/api/inference/stream,True,,12,22,,
1790482166.985133,1790482169.774675,42210.590024,42213.379566,2789.542,SSE,/api/inference/stream,True,,12,23,,
1790482167.04999,1790482169.840487,42210.65488,42213.445377,2790.497,SSE,/api/inference/stream,True,,12,24,,
1790482167.107732,1790482169.898589,42210.712622,42213.50348,2790.858,SSE,/api/inference/stream,True,,12,25,,
1790482167.160079,1790482169.951395,42210.76497,42213.556285,2791.315,SSE,/api/inference/stream,True,,12,26,,
1790482167.225436,1790482170.01558,42210.830327,42213.620471,2790.145,SSE,/api/inference/stream,True,,12,27,,
1790482167.350643,1790482170.14209,42210.955534,42213.746981,2791.447,SSE,/api/inference/stream,True,,12,29,,
1790482167.348844,1790482170.143804,42210.953735,42213.748695,2794.961,SSE,/api/inference/stream,True,,12,28,,
1790482167.390966,1790482170.179404,42210.995857,42213.784295,2788.439,SSE,/api/inference/stream,True,,12,30,,
1790482167.443607,1790482170.234167,42211.048497,42213.839058,2790.561,SSE,/api/inference/stream,True,,12,31,,
1790482167.488883,1790482170.280521,42211.093774,42213.885411,2791.637,SSE,/api/inference/stream,True,,12,32,,
1790482167.569213,1790482170.357689,42211.174104,42213.96258,2788.476,SSE,/api/inference/stream,True,,12,33,,
1790482167.607366,1790482170.397763,42211.212256,42214.002654,2790.398,SSE,/api/inference/stream,True,,12,34,,
1790482167.661189,1790482170.449614,42211.26608,42214.054504,2788.424,SSE,/api/inference/stream,True,,12,35,,
1790482167.714557,1790482170.505529,42211.319447,42214.110419,2790.972,SSE,/api/inference/stream,True,,12,36,,
1790482167.767785,1790482170.557779,42211.372676,42214.16267,2789.994,SSE,/api/inference/stream,True,,12,37,,
1790482167.833015,1790482170.622447,42211.437906,42214.227337,2789.431,SSE,/api/inference/stream,True,,12,38,,
1790482167.894609,1790482170.684707,42211.499499,42214.289598,2790.099,SSE,/api/inference/stream,True,,12,39,,
1790482167.936102,1790482170.724691,42211.540993,42214.329582,2788.589,SSE,/api/inference/stream,True,,12,40,,
1790482167.994677,1790482170.785593,42211.599567,42214.390483,2790.916,SSE,/api/inference/stream,True,,12,41,,
1790482168.057349,1790482170.849539,42211.66224,42214.45443,2792.19,SSE,/api/inference/stream,True,,12,42,,
1790482168.1002,1790482170.888579,42211.70509,42214.49347,2788.379,SSE,/api/inference/stream,True,,12,43,,
1790482168.159773,1790482170.947924,42211.764664,42214.552815,2788.15,SSE,/api/inference/stream,True,,12,44,,
1790482168.210321,1790482171.000507,42211.815212,42214.605398,2790.186,SSE,/api/inference/stream,True,,12,45,,
1790482168.283605,1790482171.073684,42211.888495,42214.678575,2790.08,SSE,/api/inference/stream,True,,12,46,,
1790482168.328305,1790482171.118736,42211.933196,42214.723627,2790.431,SSE,/api/inference/stream,True,,12,47,,
1790482168.378779,1790482171.16967,42211.98367,42214.77456,2790.891,SSE,/api/inference/stream,True,,12,48,,
1790482168.437684,1790482171.226559,42212.042575,42214.83145,2788.875,SSE,/api/inference/stream,True,,12,49,,
1790482168.504589,1790482171.293324,42212.10948,42214.898215,2788.735,SSE,/api/inference/stream,True,,12,0,,
1790482168.563888,1790482171.353589,42212.168779,42214.95848,2789.701,SSE,/api/inference/stream,True,,12,1,,
1790482168.621547,1790482171.411451,42212.226437,42215.016342,2789.904,SSE,/api/inference/stream,True,,12,2,,
1790482168.667729,1790482171.457372,42212.27262,42215.062263,2789.643,SSE,/api/inference/stream,True,,12,3,,
1790482168.725841,1790482171.514628,42212.330732,42215.119519,2788.787,SSE,/api/inference/stream,True,,12,4,,
1790482168.780855,1790482171.570358,42212.385746,42215.175249,2789.503,SSE,/api/inference/stream,True,,12,5,,
1790482168.841196,1790482171.633517,42212.446087,42215.238408,2792.321,SSE,/api/inference/stream,True,,12,6,,
1790482168.88972,1790482171.678536,42212.494611,42215.283426,2788.816,SSE,/api/inference/stream,True,,12,7,,
1790482168.945713,1790482171.734824,42212.550604,42215.339714,2789.111,SSE,/api/inference/stream,True,,12,8,,
1790482169.006903,1790482171.796073,42212.611794,42215.400964,2789.171,SSE,/api/inference/stream,True,,12,9,,
1790482169.067708,1790482171.860171,42212.672599,42215.465062,2792.463,SSE,/api/inference/stream,True,,12,10,,
1790482169.110703,1790482171.9004,42212.715593,42215.505291,2789.698,SSE,/api/inference/stream,True,,12,11,,
1790482169.167762,1790482171.957791,42212.772653,42215.562682,2790.029,SSE,/api/inference/stream,True,,12,12,,
1790482169.220387,1790482172.01032,42212.825278,42215.61521,2789.933,SSE,/api/inference/stream,True,,12,13,,
1790482169.274783,1790482172.064434,42212.879674,42215.669324,2789.65,SSE,/api/inference/stream,True,,12,14,,
1790482169.330956,1790482172.120029,42212.935846,42215.72492,2789.073,SSE,/api/inference/stream,True,,12,15,,
1790482169.387494,1790482172.177728,42212.992384,42215.782618,2790.234,SSE,/api/inference/stream,True,,12,16,,
1790482169.457531,1790482172.248105,42213.062422,42215.852996,2790.574,SSE,/api/inference/stream,True,,12,17,,
1790482169.516138,1790482172.305368,42213.121029,42215.910259,2789.23,SSE,/api/inference/stream,True,,12,18,,
1790482169.550436,1790482172.339797,42213.155327,42215.944687,2789.36,SSE,/api/inference/stream,True,,12,19,,
1790482169.613794,1790482172.403008,42213.218684,42216.007899,2789.215,SSE,/api/inference/stream,True,,12,20,,
1790482169.676798,1790482172.466756,42213.281689,42216.071647,2789.958,SSE,/api/inference/stream,True,,12,21,,
1790482169.734765,1790482172.525198,42213.339656,42216.130089,2790.432,SSE,/api/inference/stream,True,,12,22,,
1790482169.774978,1790482172.564685,42213.379868,42216.169575,2789.707,SSE,/api/inference/stream,True,,12,23,,
1790482169.84082,1790482172.632191,42213.445711,42216.237082,2791.371,SSE,/api/inference/stream,True,,12,24,,
1790482169.898837,1790482172.688548,42213.503727,42216.293439,2789.711,SSE,/api/inference/stream,True,,12,25,,
1790482169.951671,1790482172.741706,42213.556562,42216.346597,2790.035,SSE,/api/inference/stream,True,,12,26,,
1790482170.015885,1790482172.806212,42213.620775,42216.411103,2790.328,SSE,/api/inference/stream,True,,12,27,,
1790482170.142382,1790482172.936128,42213.747273,42216.541019,2793.746,SSE,/api/inference/stream,True,,12,29,,
1790482170.144091,1790482172.937606,42213.748982,42216.542497,2793.514,SSE,/api/inference/stream,True,,12,28,,
1790482170.179713,1790482172.970129,42213.784604,42216.57502,2790.416,SSE,/api/inference/stream,True,,12,30,,
1790482170.234527,1790482173.02336,42213.839418,42216.62825,2788.832,SSE,/api/inference/stream,True,,12,31,,
1790482170.280821,1790482173.071383,42213.885712,42216.676274,2790.563,SSE,/api/inference/stream,True,,12,32,,
1790482170.357963,1790482173.147695,42213.962853,42216.752585,2789.732,SSE,/api/inference/stream,True,,12,33,,
1790482170.398063,1790482173.187848,42214.002953,42216.792739,2789.785,SSE,/api/inference/stream,True,,12,34,,
1790482170.449964,1790482173.237777,42214.054854,42216.842668,2787.814,SSE,/api/inference/stream,True,,12,35,,
1790482170.505872,1790482173.297313,42214.110762,42216.902204,2791.441,SSE,/api/inference/stream,True,,12,36,,
1790482170.558134,1790482173.349746,42214.163024,42216.954636,2791.612,SSE,/api/inference/stream,True,,12,37,,
1790482170.622809,1790482173.412453,42214.227699,42217.017343,2789.644,SSE,/api/inference/stream,True,,12,38,,
1790482170.685014,1790482173.474503,42214.289905,42217.079394,2789.489,SSE,/api/inference/stream,True,,12,39,,
1790482170.725056,1790482173.513576,42214.329947,42217.118466,2788.52,SSE,/api/inference/stream,True,,12,40,,
1790482170.785916,1790482173.576232,42214.390807,42217.181123,2790.316,SSE,/api/inference/stream,True,,12,41,,
1790482170.849834,1790482173.639683,42214.454725,42217.244574,2789.849,SSE,/api/inference/stream,True,,12,42,,
1790482170.888897,1790482173.679381,42214.493788,42217.284271,2790.483,SSE,/api/inference/stream,True,,12,43,,
1790482170.948328,1790482173.736954,42214.553218,42217.341845,2788.627,SSE,/api/inference/stream,True,,12,44,,
1790482171.00082,1790482173.790543,42214.605711,42217.395434,2789.723,SSE,/api/inference/stream,True,,12,45,,
1790482171.074034,1790482173.863562,42214.678925,42217.468452,2789.528,SSE,/api/inference/stream,True,,12,46,,
1790482171.119105,1790482173.911821,42214.723996,42217.516711,2792.715,SSE,/api/inference/stream,True,,12,47,,
1790482171.170087,1790482173.960075,42214.774978,42217.564966,2789.988,SSE,/api/inference/stream,True,,12,48,,
1790482171.226887,1790482174.016479,42214.831778,42217.62137,2789.592,SSE,/api/inference/stream,True,,12,49,,
1790482171.293596,1790482174.099097,42214.898488,42217.703988,2805.5,SSE,/api/inference/stream,True,,12,0,,
1790482171.353918,1790482174.142648,42214.958809,42217.747539,2788.73,SSE,/api/inference/stream,True,,12,1,,
1790482171.411856,1790482174.202118,42215.016747,42217.807008,2790.262,SSE,/api/inference/stream,True,,12,2,,
1790482171.457642,1790482174.246959,42215.062533,42217.85185,2789.317,SSE,/api/inference/stream,True,,12,3,,
1790482171.514961,1790482174.305614,42215.119852,42217.910505,2790.653,SSE,/api/inference/stream,True,,12,4,,
1790482171.57069,1790482174.360224,42215.17558,42217.965114,2789.534,SSE,/api/inference/stream,True,,12,5,,
1790482171.633861,1790482174.423587,42215.238752,42218.028478,2789.726,SSE,/api/inference/stream,True,,12,6,,
1790482171.678926,1790482174.469302,42215.283817,42218.074192,2790.376,SSE,/api/inference/stream,True,,12,7,,
1790482171.735213,1790482174.525599,42215.340104,42218.130489,2790.385,SSE,/api/inference/stream,True,,12,8,,
1790482171.796423,1790482174.587085,42215.401314,42218.191976,2790.662,SSE,/api/inference/stream,True,,12,9,,
1790482171.86046,1790482174.650197,42215.46535,42218.255088,2789.737,SSE,/api/inference/stream,True,,12,10,,
1790482171.900808,1790482174.690689,42215.505698,42218.295579,2789.881,SSE,/api/inference/stream,True,,12,11,,
1790482171.958072,1790482174.748996,42215.562963,42218.353886,2790.924,SSE,/api/inference/stream,True,,12,12,,
1790482172.01064,1790482174.80211,42215.61553,42218.407001,2791.471,SSE,/api/inference/stream,True,,12,13,,
1790482172.064801,1790482174.854382,42215.669691,42218.459272,2789.581,SSE,/api/inference/stream,True,,12,14,,
1790482172.120353,1790482174.912315,42215.725244,42218.517206,2791.962,SSE,/api/inference/stream,True,,12,15,,
1790482172.178196,1790482174.968212,42215.783086,42218.573103,2790.017,SSE,/api/inference/stream,True,,12,16,,
1790482172.248437,1790482175.037345,42215.853328,42218.642236,2788.908,SSE,/api/inference/stream,True,,12,17,,
1790482172.305749,1790482175.094396,42215.91064,42218.699287,2788.648,SSE,/api/inference/stream,True,,12,18,,
1790482172.340199,1790482175.131325,42215.945089,42218.736216,2791.126,SSE,/api/inference/stream,True,,12,19,,
1790482172.403432,1790482175.193276,42216.008322,42218.798167,2789.845,SSE,/api/inference/stream,True,,12,20,,
1790482172.467077,1790482175.255486,42216.071968,42218.860377,2788.409,SSE,/api/inference/stream,True,,12,21,,
1790482172.525467,1790482175.315619,42216.130358,42218.92051,2790.151,SSE,/api/inference/stream,True,,12,22,,
1790482172.56499,1790482175.354693,42216.169881,42218.959583,2789.703,SSE,/api/inference/stream,True,,12,23,,
1790482172.632491,1790482175.423553,42216.237382,42219.028443,2791.062,SSE,/api/inference/stream,True,,12,24,,
1790482172.688842,1790482175.47973,42216.293732,42219.08462,2790.888,SSE,/api/inference/stream,True,,12,25,,
1790482172.742073,1790482175.533707,42216.346963,42219.138597,2791.634,SSE,/api/inference/stream,True,,12,26,,
1790482172.806509,1790482175.596578,42216.4114,42219.201469,2790.069,SSE,/api/inference/stream,True,,12,27,,
1790482172.93642,1790482175.731823,42216.54131,42219.336714,2795.404,SSE,/api/inference/stream,True,,12,29,,
1790482172.937933,1790482175.733449,42216.542824,42219.33834,2795.516,SSE,/api/inference/stream,True,,12,28,,
1790482172.970436,1790482175.766618,42216.575327,42219.371509,2796.182,SSE,/api/inference/stream,True,,12,30,,
1790482173.02358,1790482175.812348,42216.62847,42219.417238,2788.767,SSE,/api/inference/stream,True,,12,31,,
1790482173.071708,1790482175.861638,42216.676599,42219.466529,2789.93,SSE,/api/inference/stream,True,,12,32,,
1790482173.148007,1790482175.937446,42216.752898,42219.542337,2789.439,SSE,/api/inference/stream,True,,12,33,,
1790482173.188217,1790482175.977257,42216.793107,42219.582148,2789.041,SSE,/api/inference/stream,True,,12,34,,
1790482173.238122,1790482176.026878,42216.843013,42219.631769,2788.756,SSE,/api/inference/stream,True,,12,35,,
1790482173.297658,1790482176.086308,42216.902549,42219.691199,2788.65,SSE,/api/inference/stream,True,,12,36,,
1790482173.350109,1790482176.140023,42216.954999,42219.744913,2789.914,SSE,/api/inference/stream,True,,12,37,,
1790482173.412816,1790482176.202029,42217.017706,42219.80692,2789.213,SSE,/api/inference/stream,True,,12,38,,
1790482173.4748,1790482176.265579,42217.07969,42219.87047,2790.779,SSE,/api/inference/stream,True,,12,39,,
1790482173.513856,1790482176.306438,42217.118747,42219.911329,2792.581,SSE,/api/inference/stream,True,,12,40,,
1790482173.576542,1790482176.368094,42217.181433,42219.972985,2791.552,SSE,/api/inference/stream,True,,12,41,,
1790482173.639957,1790482176.430382,42217.244848,42220.035272,2790.425,SSE,/api/inference/stream,True,,12,42,,
1790482173.679687,1790482176.469781,42217.284578,42220.074672,2790.094,SSE,/api/inference/stream,True,,12,43,,
1790482173.737257,1790482176.527576,42217.342148,42220.132466,2790.319,SSE,/api/inference/stream,True,,12,44,,
1790482173.790829,1790482176.581063,42217.39572,42220.185953,2790.233,SSE,/api/inference/stream,True,,12,45,,
1790482173.863894,1790482176.654653,42217.468785,42220.259544,2790.759,SSE,/api/inference/stream,True,,12,46,,
1790482173.912156,1790482176.706485,42217.517046,42220.311376,2794.329,SSE,/api/inference/stream,True,,12,47,,
1790482173.960444,1790482176.749335,42217.565335,42220.354225,2788.89,SSE,/api/inference/stream,True,,12,48,,
1790482174.016837,1790482176.806417,42217.621727,42220.411307,2789.58,SSE,/api/inference/stream,True,,12,49,,
1790482174.099321,1790482176.887586,42217.704211,42220.492477,2788.265,SSE,/api/inference/stream,True,,12,0,,
1790482174.142937,1790482176.933079,42217.747827,42220.537969,2790.142,SSE,/api/inference/stream,True,,12,1,,
1790482174.202471,1790482176.992231,42217.807361,42220.597121,2789.76,SSE,/api/inference/stream,True,,12,2,,
1790482174.247308,1790482177.038259,42217.852199,42220.64315,2790.951,SSE,/api/inference/stream,True,,12,3,,
1790482174.305951,1790482177.094503,42217.910842,42220.699394,2788.552,SSE,/api/inference/stream,True,,12,4,,
1790482174.360509,1790482177.149479,42217.9654,42220.75437,2788.97,SSE,/api/inference/stream,True,,12,5,,
1790482174.423948,1790482177.215368,42218.028838,42220.820258,2791.42,SSE,/api/inference/stream,True,,12,6,,
1790482174.469606,1790482177.260399,42218.074496,42220.86529,2790.793,SSE,/api/inference/stream,True,,12,7,,
1790482174.525982,1790482177.317453,42218.130873,42220.922344,2791.471,SSE,/api/inference/stream,True,,12,8,,
1790482174.587489,1790482177.376544,42218.192379,42220.981435,2789.055,SSE,/api/inference/stream,True,,12,9,,
1790482174.650478,1790482177.439368,42218.255369,42221.044258,2788.89,SSE,/api/inference/stream,True,,12,10,,
1790482174.691009,1790482177.480607,42218.2959,42221.085497,2789.597,SSE,/api/inference/stream,True,,12,11,,
1790482174.749298,1790482177.539312,42218.354188,42221.144203,2790.015,SSE,/api/inference/stream,True,,12,12,,
1790482174.802553,1790482177.592291,42218.407443,42221.197181,2789.738,SSE,/api/inference/stream,True,,12,13,,
1790482174.854726,1790482177.643091,42218.459617,42221.247982,2788.365,SSE,/api/inference/stream,True,,12,14,,
1790482174.912673,1790482177.703316,42218.517563,42221.308207,2790.644,SSE,/api/inference/stream,True,,12,15,,
1790482174.968616,1790482177.758017,42218.573506,42221.362907,2789.401,SSE,/api/inference/stream,True,,12,16,,
1790482175.037709,1790482177.826478,42218.642599,42221.431369,2788.77,SSE,/api/inference/stream,True,,12,17,,
1790482175.094778,1790482177.885314,42218.699669,42221.490205,2790.536,SSE,/api/inference/stream,True,,12,18,,
1790482175.131597,1790482177.922636,42218.736488,42221.527527,2791.039,SSE,/api/inference/stream,True,,12,19,,
1790482175.193572,1790482177.983237,42218.798463,42221.588128,2789.665,SSE,/api/inference/stream,True,,12,20,,
1790482175.255767,1790482178.046893,42218.860658,42221.651784,2791.126,SSE,/api/inference/stream,True,,12,21,,
1790482175.315943,1790482178.107471,42218.920834,42221.712362,2791.528,SSE,/api/inference/stream,True,,12,22,,
1790482175.354919,1790482178.14454,42218.959809,42221.74943,2789.621,SSE,/api/inference/stream,True,,12,23,,
1790482175.423915,1790482178.212537,42219.028806,42221.817428,2788.622,SSE,/api/inference/stream,True,,12,24,,
1790482175.480041,1790482178.270856,42219.084932,42221.875747,2790.815,SSE,/api/inference/stream,True,,12,25,,
1790482175.534062,1790482178.32357,42219.138952,42221.928461,2789.509,SSE,/api/inference/stream,True,,12,26,,
1790482175.596883,1790482178.386865,42219.201774,42221.991755,2789.982,SSE,/api/inference/stream,True,,12,27,,
1790482175.732188,1790482178.528451,42219.337079,42222.133342,2796.263,SSE,/api/inference/stream,True,,12,29,,
1790482175.733937,1790482178.530312,42219.338827,42222.135203,2796.376,SSE,/api/inference/stream,True,,12,28,,
1790482175.767009,1790482178.558068,42219.3719,42222.162958,2791.058,SSE,/api/inference/stream,True,,12,30,,
1790482175.81274,1790482178.602019,42219.417631,42222.206909,2789.278,SSE,/api/inference/stream,True,,12,31,,
1790482175.861938,1790482178.652008,42219.466829,42222.256899,2790.07,SSE,/api/inference/stream,True,,12,32,,
1790482175.937747,1790482178.728141,42219.542637,42222.333032,2790.395,SSE,/api/inference/stream,True,,12,33,,
1790482175.977626,1790482178.767065,42219.582517,42222.371955,2789.438,SSE,/api/inference/stream,True,,12,34,,
1790482176.027262,1790482178.816549,42219.632153,42222.42144,2789.287,SSE,/api/inference/stream,True,,12,35,,
1790482176.086656,1790482178.876073,42219.691547,42222.480964,2789.417,SSE,/api/inference/stream,True,,12,36,,
1790482176.140332,1790482178.929699,42219.745223,42222.53459,2789.367,SSE,/api/inference/stream,True,,12,37,,
1790482176.202375,1790482178.991359,42219.807266,42222.596249,2788.983,SSE,/api/inference/stream,True,,12,38,,
1790482176.26588,1790482179.055329,42219.87077,42222.66022,2789.45,SSE,/api/inference/stream,True,,12,39,,
1790482176.306722,1790482179.095929,42219.911613,42222.70082,2789.207,SSE,/api/inference/stream,True,,12,40,,
1790482176.368463,1790482179.157656,42219.973353,42222.762547,2789.194,SSE,/api/inference/stream,True,,12,41,,
1790482176.430654,1790482179.220093,42220.035545,42222.824984,2789.438,SSE,/api/inference/stream,True,,12,42,,
1790482176.470104,1790482179.258341,42220.074995,42222.863232,2788.237,SSE,/api/inference/stream,True,,12,43,,
1790482176.527989,1790482179.318822,42220.13288,42222.923713,2790.833,SSE,/api/inference/stream,True,,12,44,,
1790482176.581373,1790482179.372633,42220.186263,42222.977524,2791.261,SSE,/api/inference/stream,True,,12,45,,
1790482176.65494,1790482179.445046,42220.259831,42223.049937,2790.106,SSE,/api/inference/stream,True,,12,46,,
1790482176.706795,1790482179.499672,42220.311686,42223.104563,2792.877,SSE,/api/inference/stream,True,,12,47,,
1790482176.749724,1790482179.538501,42220.354615,42223.143391,2788.776,SSE,/api/inference/stream,True,,12,48,,
1790482176.806814,1790482179.598201,42220.411705,42223.203091,2791.386,SSE,/api/inference/stream,True,,12,49,,
1790482176.887955,1790482179.678835,42220.492845,42223.283725,2790.88,SSE,/api/inference/stream,True,,12,0,,
1790482176.933378,1790482179.723405,42220.538268,42223.328295,2790.027,SSE,/api/inference/stream,True,,12,1,,
1790482176.992579,1790482179.782098,42220.59747,42223.386989,2789.519,SSE,/api/inference/stream,True,,12,2,,
1790482177.038592,1790482179.827658,42220.643483,42223.432549,2789.066,SSE,/api/inference/stream,True,,12,3,,
1790482177.094786,1790482179.884511,42220.699676,42223.489402,2789.726,SSE,/api/inference/stream,True,,12,4,,
1790482177.149753,1790482179.93958,42220.754644,42223.544471,2789.827,SSE,/api/inference/stream,True,,12,5,,
1790482177.215704,1790482180.005746,42220.820595,42223.610637,2790.042,SSE,/api/inference/stream,True,,12,6,,
1790482177.260724,1790482180.0507,42220.865615,42223.655591,2789.976,SSE,/api/inference/stream,True,,12,7,,
1790482177.317794,1790482180.108171,42220.922685,42223.713062,2790.377,SSE,/api/inference/stream,True,,12,8,,
1790482177.376839,1790482180.167251,42220.98173,42223.772141,2790.411,SSE,/api/inference/stream,True,,12,9,,
1790482177.439639,1790482180.229696,42221.04453,42223.834587,2790.057,SSE,/api/inference/stream,True,,12,10,,
1790482177.480923,1790482180.269906,42221.085814,42223.874797,2788.982,SSE,/api/inference/stream,True,,12,11,,
1790482177.539584,1790482180.328458,42221.144475,42223.933349,2788.874,SSE,/api/inference/stream,True,,12,12,,
1790482177.592657,1790482180.382027,42221.197548,42223.986918,2789.37,SSE,/api/inference/stream,True,,12,13,,
1790482177.643581,1790482180.433599,42221.248472,42224.038489,2790.017,SSE,/api/inference/stream,True,,12,14,,
1790482177.703611,1790482180.492922,42221.308502,42224.097812,2789.31,SSE,/api/inference/stream,True,,12,15,,
1790482177.758409,1790482180.546603,42221.363299,42224.151494,2788.195,SSE,/api/inference/stream,True,,12,16,,
1790482177.826792,1790482180.618151,42221.431682,42224.223041,2791.359,SSE,/api/inference/stream,True,,12,17,,
1790482177.885691,1790482180.676477,42221.490582,42224.281368,2790.786,SSE,/api/inference/stream,True,,12,18,,
1790482177.922919,1790482180.712147,42221.52781,42224.317037,2789.227,SSE,/api/inference/stream,True,,12,19,,
1790482177.983541,1790482180.774218,42221.588432,42224.379108,2790.676,SSE,/api/inference/stream,True,,12,20,,
1790482178.047304,1790482180.837856,42221.652195,42224.442747,2790.552,SSE,/api/inference/stream,True,,12,21,,
1790482178.107764,1790482180.897622,42221.712655,42224.502513,2789.859,SSE,/api/inference/stream,True,,12,22,,
1790482178.144864,1790482180.936581,42221.749754,42224.541471,2791.717,SSE,/api/inference/stream,True,,12,23,,
1790482178.212888,1790482181.002273,42221.817779,42224.607164,2789.385,SSE,/api/inference/stream,True,,12,24,,
1790482178.27127,1790482181.060231,42221.876161,42224.665121,2788.961,SSE,/api/inference/stream,True,,12,25,,
1790482178.323862,1790482181.115578,42221.928753,42224.720469,2791.715,SSE,/api/inference/stream,True,,12,26,,
1790482178.387248,1790482181.17864,42221.992138,42224.78353,2791.391,SSE,/api/inference/stream,True,,12,27,,
1790482178.528846,1790482181.319741,42222.133737,42224.924632,2790.894,SSE,/api/inference/stream,True,,12,29,,
1790482178.530598,1790482181.320735,42222.135489,42224.925626,2790.138,SSE,/api/inference/stream,True,,12,28,,
1790482178.558407,1790482181.348565,42222.163298,42224.953456,2790.158,SSE,/api/inference/stream,True,,12,30,,
1790482178.602356,1790482181.391483,42222.207247,42224.996374,2789.127,SSE,/api/inference/stream,True,,12,31,,
1790482178.652291,1790482181.442396,42222.257181,42225.047287,2790.106,SSE,/api/inference/stream,True,,12,32,,
1790482178.728439,1790482181.519433,42222.333329,42225.124324,2790.994,SSE,/api/inference/stream,True,,12,33,,
1790482178.76751,1790482181.556451,42222.372401,42225.161341,2788.94,SSE,/api/inference/stream,True,,12,34,,
1790482178.816827,1790482181.606876,42222.421718,42225.211767,2790.049,SSE,/api/inference/stream,True,,12,35,,
1790482178.876377,1790482181.665852,42222.481268,42225.270743,2789.475,SSE,/api/inference/stream,True,,12,36,,
1790482178.930015,1790482181.722929,42222.534906,42225.32782,2792.914,SSE,/api/inference/stream,True,,12,37,,
1790482178.991708,1790482181.782448,42222.596598,42225.387338,2790.739,SSE,/api/inference/stream,True,,12,38,,
1790482179.055624,1790482181.845601,42222.660514,42225.450491,2789.978,SSE,/api/inference/stream,True,,12,39,,
1790482179.096272,1790482181.88806,42222.701163,42225.492951,2791.788,SSE,/api/inference/stream,True,,12,40,,
1790482179.158005,1790482181.948483,42222.762895,42225.553373,2790.478,SSE,/api/inference/stream,True,,12,41,,
1790482179.220366,1790482182.010072,42222.825257,42225.614963,2789.706,SSE,/api/inference/stream,True,,12,42,,
1790482179.258626,1790482182.047395,42222.863516,42225.652286,2788.769,SSE,/api/inference/stream,True,,12,43,,
1790482179.319181,1790482182.108362,42222.924072,42225.713253,2789.181,SSE,/api/inference/stream,True,,12,44,,
1790482179.373044,1790482182.161886,42222.977934,42225.766777,2788.842,SSE,/api/inference/stream,True,,12,45,,
1790482179.445356,1790482182.234452,42223.050246,42225.839343,2789.097,SSE,/api/inference/stream,True,,12,46,,
1790482179.499937,1790482182.29093,42223.104828,42225.89582,2790.993,SSE,/api/inference/stream,True,,12,47,,
1790482179.538862,1790482182.328063,42223.143753,42225.932954,2789.201,SSE,/api/inference/stream,True,,12,48,,
1790482179.598596,1790482182.387943,42223.203487,42225.992834,2789.347,SSE,/api/inference/stream,True,,12,49,,
1790482179.67923,1790482182.47053,42223.28412,42226.07542,2791.3,SSE,/api/inference/stream,True,,12,0,,
1790482179.723688,1790482182.513547,42223.328579,42226.118438,2789.859,SSE,/api/inference/stream,True,,12,1,,
1790482179.782467,1790482182.573926,42223.387357,42226.178817,2791.46,SSE,/api/inference/stream,True,,12,2,,
1790482179.828109,1790482182.617221,42223.433,42226.222113,2789.112,SSE,/api/inference/stream,True,,12,3,,
1790482179.884828,1790482182.675287,42223.489719,42226.280178,2790.459,SSE,/api/inference/stream,True,,12,4,,
1790482179.939894,1790482182.730185,42223.544785,42226.335076,2790.29,SSE,/api/inference/stream,True,,12,5,,
1790482180.00612,1790482182.796429,42223.611011,42226.401319,2790.309,SSE,/api/inference/stream,True,,12,6,,
1790482180.051326,1790482182.84077,42223.656217,42226.445661,2789.444,SSE,/api/inference/stream,True,,12,7,,
1790482180.108474,1790482182.898218,42223.713365,42226.503109,2789.744,SSE,/api/inference/stream,True,,12,8,,
1790482180.16762,1790482182.958243,42223.772511,42226.563133,2790.622,SSE,/api/inference/stream,True,,12,9,,
1790482180.230007,1790482183.021099,42223.834898,42226.62599,2791.092,SSE,/api/inference/stream,True,,12,10,,
1790482180.270214,1790482183.060773,42223.875105,42226.665664,2790.559,SSE,/api/inference/stream,True,,12,11,,
1790482180.328741,1790482183.118567,42223.933632,42226.723457,2789.825,SSE,/api/inference/stream,True,,12,12,,
1790482180.382401,1790482183.174342,42223.987292,42226.779233,2791.941,SSE,/api/inference/stream,True,,12,13,,
1790482180.43396,1790482183.22441,42224.038851,42226.8293,2790.45,SSE,/api/inference/stream,True,,12,14,,
1790482180.493208,1790482183.281877,42224.098099,42226.886768,2788.669,SSE,/api/inference/stream,True,,12,15,,
1790482180.546915,1790482183.33608,42224.151805,42226.940971,2789.166,SSE,/api/inference/stream,True,,12,16,,
1790482180.618494,1790482183.40739,42224.223385,42227.012281,2788.896,SSE,/api/inference/stream,True,,12,17,,
1790482180.676807,1790482183.466954,42224.281698,42227.071844,2790.146,SSE,/api/inference/stream,True,,12,18,,
1790482180.712414,1790482183.503046,42224.317305,42227.107937,2790.632,SSE,/api/inference/stream,True,,12,19,,
1790482180.774514,1790482183.563578,42224.379405,42227.168469,2789.064,SSE,/api/inference/stream,True,,12,20,,
1790482180.838183,1790482183.627485,42224.443074,42227.232375,2789.301,SSE,/api/inference/stream,True,,12,21,,
1790482180.897978,1790482183.686504,42224.502869,42227.291395,2788.527,SSE,/api/inference/stream,True,,12,22,,
1790482180.936886,1790482183.726346,42224.541777,42227.331236,2789.46,SSE,/api/inference/stream,True,,12,23,,
1790482181.002634,1790482183.79233,42224.607525,42227.39722,2789.696,SSE,/api/inference/stream,True,,12,24,,
1790482181.060557,1790482183.849623,42224.665448,42227.454514,2789.066,SSE,/api/inference/stream,True,,12,25,,
1790482181.115848,1790482183.906471,42224.720739,42227.511362,2790.623,SSE,/api/inference/stream,True,,12,26,,
1790482181.178994,1790482183.969531,42224.783885,42227.574421,2790.537,SSE,/api/inference/stream,True,,12,27,,
1790482181.321071,1790482184.110143,42224.925962,42227.715034,2789.072,SSE,/api/inference/stream,True,,12,28,,
1790482181.319907,1790482184.111834,42224.924798,42227.716725,2791.928,SSE,/api/inference/stream,True,,12,29,,
1790482181.348859,1790482184.13923,42224.95375,42227.744121,2790.371,SSE,/api/inference/stream,True,,12,30,,
1790482181.39184,1790482184.1812,42224.996731,42227.78609,2789.359,SSE,/api/inference/stream,True,,12,31,,
1790482181.442698,1790482184.233693,42225.047589,42227.838584,2790.995,SSE,/api/inference/stream,True,,12,32,,
1790482181.519739,1790482184.310419,42225.12463,42227.915309,2790.679,SSE,/api/inference/stream,True,,12,33,,
1790482181.556793,1790482184.347262,42225.161684,42227.952152,2790.469,SSE,/api/inference/stream,True,,12,34,,
1790482181.607246,1790482184.398623,42225.212137,42228.003513,2791.376,SSE,/api/inference/stream,True,,12,35,,
1790482181.666134,1790482184.455064,42225.271025,42228.059955,2788.93,SSE,/api/inference/stream,True,,12,36,,
1790482181.72333,1790482184.512939,42225.32822,42228.11783,2789.609,SSE,/api/inference/stream,True,,12,37,,
1790482181.782773,1790482184.57299,42225.387664,42228.177881,2790.217,SSE,/api/inference/stream,True,,12,38,,
1790482181.845919,1790482184.636627,42225.45081,42228.241518,2790.708,SSE,/api/inference/stream,True,,12,39,,
1790482181.888326,1790482184.67774,42225.493217,42228.28263,2789.414,SSE,/api/inference/stream,True,,12,40,,
1790482181.948814,1790482184.73894,42225.553704,42228.34383,2790.126,SSE,/api/inference/stream,True,,12,41,,
1790482182.010356,1790482184.800834,42225.615247,42228.405724,2790.477,SSE,/api/inference/stream,True,,12,42,,
1790482182.047773,1790482184.838492,42225.652664,42228.443383,2790.719,SSE,/api/inference/stream,True,,12,43,,
1790482182.108634,1790482184.898029,42225.713525,42228.50292,2789.395,SSE,/api/inference/stream,True,,12,44,,
1790482182.162244,1790482184.951834,42225.767134,42228.556725,2789.59,SSE,/api/inference/stream,True,,12,45,,
1790482182.234804,1790482185.024215,42225.839695,42228.629106,2789.411,SSE,/api/inference/stream,True,,12,46,,
1790482182.291367,1790482185.081657,42225.896258,42228.686548,2790.29,SSE,/api/inference/stream,True,,12,47,,
1790482182.328406,1790482185.117343,42225.933296,42228.722234,2788.937,SSE,/api/inference/stream,True,,12,48,,
1790482182.388272,1790482185.178401,42225.993163,42228.783292,2790.129,SSE,/api/inference/stream,True,,12,49,,
1790482182.470908,1790482185.26091,42226.075798,42228.8658,2790.002,SSE,/api/inference/stream,True,,12,0,,
1790482182.513845,1790482185.303381,42226.118736,42228.908272,2789.536,SSE,/api/inference/stream,True,,12,1,,
1790482182.574247,1790482185.365146,42226.179137,42228.970036,2790.899,SSE,/api/inference/stream,True,,12,2,,
1790482182.617506,1790482185.405714,42226.222397,42229.010605,2788.208,SSE,/api/inference/stream,True,,12,3,,
1790482182.675572,1790482185.464792,42226.280462,42229.069683,2789.22,SSE,/api/inference/stream,True,,12,4,,
1790482182.730459,1790482185.52019,42226.33535,42229.125081,2789.731,SSE,/api/inference/stream,True,,12,5,,
1790482182.796795,1790482185.588487,42226.401686,42229.193378,2791.692,SSE,/api/inference/stream,True,,12,6,,
1790482182.841136,1790482185.631006,42226.446027,42229.235897,2789.87,SSE,/api/inference/stream,True,,12,7,,
1790482182.898506,1790482185.687527,42226.503397,42229.292418,2789.021,SSE,/api/inference/stream,True,,12,8,,
1790482182.958546,1790482185.747941,42226.563437,42229.352832,2789.394,SSE,/api/inference/stream,True,,12,9,,
1790482183.02141,1790482185.811723,42226.6263,42229.416613,2790.313,SSE,/api/inference/stream,True,,12,10,,
1790482183.061092,1790482185.850538,42226.665983,42229.455429,2789.446,SSE,/api/inference/stream,True,,12,11,,
1790482183.118999,1790482185.90945,42226.723889,42229.51434,2790.451,SSE,/api/inference/stream,True,,12,12,,
1790482183.1748,1790482185.964445,42226.77969,42229.569336,2789.645,SSE,/api/inference/stream,True,,12,13,,
1790482183.224733,1790482186.01399,42226.829624,42229.61888,2789.257,SSE,/api/inference/stream,True,,12,14,,
1790482183.282168,1790482186.072932,42226.887059,42229.677823,2790.764,SSE,/api/inference/stream,True,,12,15,,
1790482183.33643,1790482186.125863,42226.94132,42229.730753,2789.433,SSE,/api/inference/stream,True,,12,16,,
1790482183.407769,1790482186.198932,42227.012659,42229.803822,2791.163,SSE,/api/inference/stream,True,,12,17,,
1790482183.467388,1790482186.256098,42227.072279,42229.860988,2788.71,SSE,/api/inference/stream,True,,12,18,,
1790482183.503386,1790482186.292408,42227.108276,42229.897299,2789.023,SSE,/api/inference/stream,True,,12,19,,
1790482183.56386,1790482186.353262,42227.168751,42229.958152,2789.402,SSE,/api/inference/stream,True,,12,20,,
1790482183.627775,1790482186.41909,42227.232666,42230.023981,2791.315,SSE,/api/inference/stream,True,,12,21,,
1790482183.686834,1790482186.500118,42227.291725,42230.105009,2813.284,SSE,/api/inference/stream,True,,12,22,,
