framework,endpoint,concurrency,metric,median,min,max,n_runs,censored
django,inference,1,completions,20,20,20,5,
django,inference,1,failures,0,0,0,5,
django,inference,1,finished_loaded,20,20,20,5,
django,inference,1,error_rate_pct,0.0,0.0,0.0,5,
django,inference,1,locust_rps,0.3460713437734159,0.3460665295870037,0.3461070588823407,5,
django,inference,1,throughput_fixed_window,0.35128464295383627,0.351271301705888,0.351345146644033,5,
django,inference,1,throughput_completion_rate,0.34609686662933126,0.3460871245495487,0.3461289514946418,5,
django,inference,1,ceiling_rps,0.34746351633078526,0.34746351633078526,0.34746351633078526,5,
django,inference,1,share_of_ceiling,1.0109972024211409,1.0109588063095456,1.011171332041527,5,
django,inference,1,share_of_ceiling_completion_rate,0.9960667821592154,0.9960387444536012,0.9961591224015791,5,
django,inference,1,closed_system_consistency,0.9999387273997028,0.9999283537395384,0.9999517848442986,5,
django,inference,1,min_1s_completions,0,0,0,5,
django,inference,1,min_1s_completion_ratio,0.0,0.0,0.0,5,
django,inference,1,latency_p50_ms,2889.1620000000003,2889.0585,2889.41,5,False
django,inference,1,latency_p90_ms,2890.1691,2889.5258,2890.3872,5,False
django,inference,1,latency_p95_ms,2890.65585,2889.9874,2891.59825,5,False
django,inference,1,latency_mean_ms,2889.3703,2889.0872,2889.40515,5,False
django,inference,1,inflight_at_stop,1,1,1,5,
django,inference,1,censoring_fraction,0.047619047619047616,0.047619047619047616,0.047619047619047616,5,
django,inference,1,late_inflight,0,0,0,5,
django,inference,1,max_inflight_age_ms,2051.536,2042.5059999999999,2060.1569999999997,5,
django,inference,1,response_law_R_ms,2889.3644999999296,2889.0966666666723,2889.4458333333105,5,
django,inference,1,derived_queue_wait_ms,0.0,0.0,4.547473508864641e-13,5,
django,inference,1,cpu_mean_loaded_pct,0.1506276150627615,0.13389121338912133,0.1506276150627615,5,
django,inference,1,cpu_max_loaded_pct,4.0,4.0,4.0,5,
django,inference,1,cpu_ms_per_request,4.502195999994002,3.997567999998864,4.507053999994241,5,
django,inference,1,idle_rss_mb,64.16,64.03,64.25,5,
django,inference,1,peak_rss_mb,64.29,64.16,64.38,5,
django,inference,1,rss_growth_mb,0.12999999999999545,0.12000000000000455,0.13000000000000966,5,
django,inference,1,idle_uss_mb,50.34,50.33,50.36,5,
django,inference,1,peak_uss_mb,50.51,50.5,50.54,5,
django,inference,1,uss_growth_mb,0.1700000000000017,0.1699999999999946,0.17999999999999972,5,
django,inference,1,sim_cpu_mean_pct,0.0502092050209205,0.03347280334728033,0.0502092050209205,5,
django,inference,1,sim_cpu_p95_pct,0.0,0.0,0.0,5,
django,inference,1,sim_peak_uss_mb,16.86,16.86,16.86,5,
django,inference,1,monitor_cpu_pct,0.531,0.498,0.597,5,
django,inference,1,sim_monitor_cpu_pct,0.431,0.365,0.481,5,
django,inference,1,clock_rate_ratio,1.0000050695275027,0.999842629504366,1.0000678893771269,5,
django,inference,1,clock_rate_uncertainty,0.0006109406783145642,0.0005978924219692868,0.0006116173924755377,5,
django,inference,1,clock_rate_half_diff,0.00016468801165137048,7.097744223349967e-05,0.0005533951739720155,5,
django,inference,1,clock_step_ms,0.003,0.001,0.042,5,
django,inference,5,completions,20,20,20,5,
django,inference,5,failures,0,0,0,5,
django,inference,5,finished_loaded,20,20,20,5,
django,inference,5,error_rate_pct,0.0,0.0,0.0,5,
django,inference,5,locust_rps,0.346326267098233,0.34630408631207676,0.3463455135270469,5,
django,inference,5,throughput_fixed_window,0.3512890553123496,0.35127040233981466,0.35131826882589506,5,
django,inference,5,throughput_completion_rate,0.34636668848393193,0.3463465413805565,0.34637605971829577,5,
django,inference,5,ceiling_rps,0.34746351633078526,0.34746351633078526,0.34746351633078526,5,
django,inference,5,share_of_ceiling,1.0110099011889422,1.0109562179339866,1.011093977680926,5,
django,inference,5,share_of_ceiling_completion_rate,0.9968433294567561,0.9967853460932415,0.9968702998692552,5,
django,inference,5,closed_system_consistency,0.9158858620647006,0.9158166019686419,0.9159208799360561,5,
django,inference,5,min_1s_completions,0,0,0,5,
django,inference,5,min_1s_completion_ratio,0.0,0.0,0.0,5,
django,inference,5,latency_p50_ms,14434.5795,14433.4885,14435.5415,5,False
django,inference,5,latency_p90_ms,14439.1109,14436.7362,14441.891500000002,5,False
django,inference,5,latency_p95_ms,14439.9995,14437.9897,14442.75315,5,False
django,inference,5,latency_mean_ms,12704.8395,12703.70845,12706.10795,5,False
django,inference,5,inflight_at_stop,5,5,5,5,
django,inference,5,censoring_fraction,0.2,0.2,0.2,5,
django,inference,5,late_inflight,0,0,0,5,
django,inference,5,max_inflight_age_ms,13643.117999999999,13634.681999999999,13648.838,5,
django,inference,5,response_law_R_ms,14435.568333332816,14435.177777778437,14436.40805555535,5,
django,inference,5,derived_queue_wait_ms,11548.454666666254,11548.14222222275,11549.12644444428,5,
django,inference,5,cpu_mean_loaded_pct,0.1506276150627615,0.13389121338912133,0.1514644351464435,5,
django,inference,5,cpu_max_loaded_pct,4.0,4.0,8.0,5,
django,inference,5,cpu_ms_per_request,4.4993759999997565,4.003769999995711,4.503745999994863,5,
django,inference,5,idle_rss_mb,64.17,63.94,64.38,5,
django,inference,5,peak_rss_mb,64.37,64.06,64.5,5,
django,inference,5,rss_growth_mb,0.12000000000000455,0.12000000000000455,0.25,5,
django,inference,5,idle_uss_mb,50.35,50.33,50.41,5,
django,inference,5,peak_uss_mb,50.53,50.5,50.59,5,
django,inference,5,uss_growth_mb,0.17999999999999972,0.1700000000000017,0.18000000000000682,5,
django,inference,5,sim_cpu_mean_pct,0.050627615062761505,0.03347280334728033,0.06694560669456066,5,
django,inference,5,sim_cpu_p95_pct,0.0,0.0,0.0,5,
django,inference,5,sim_peak_uss_mb,16.86,16.86,16.86,5,
django,inference,5,monitor_cpu_pct,0.564,0.514,0.63,5,
django,inference,5,sim_monitor_cpu_pct,0.398,0.348,0.481,5,
django,inference,5,clock_rate_ratio,1.0000801766010683,0.99992435281112,1.0001117964350499,5,
django,inference,5,clock_rate_uncertainty,0.0006097763703374969,0.000606528576617356,0.0006127000579403674,5,
django,inference,5,clock_rate_half_diff,0.00016959868838140046,5.302561158071484e-05,0.0007465220802272965,5,
django,inference,5,clock_step_ms,0.003,0.001,0.003,5,
django,inference,10,completions,20,20,20,5,
django,inference,10,failures,0,0,0,5,
django,inference,10,finished_loaded,20,20,20,5,
django,inference,10,error_rate_pct,0.0,0.0,0.0,5,
django,inference,10,locust_rps,0.3463181101748466,0.34627521865882954,0.34634585100208765,5,
django,inference,10,throughput_fixed_window,0.3512744030948804,0.3512589955141868,0.35131258110657976,5,
django,inference,10,throughput_completion_rate,0.3463566179715536,0.3463103451307669,0.3463781659830257,5,
django,inference,10,ceiling_rps,0.34746351633078526,0.34746351633078526,0.34746351633078526,5,
django,inference,10,share_of_ceiling,1.0109677321070658,1.0109233890898297,1.0110776084247366,5,
django,inference,10,share_of_ceiling_completion_rate,0.9968143465221313,0.9966811732863472,0.996876361699148,5,
django,inference,10,closed_system_consistency,0.7869821130419625,0.7869130294086855,0.7869936091927563,5,
django,inference,10,min_1s_completions,0,0,0,5,
django,inference,10,min_1s_completion_ratio,0.0,0.0,0.0,5,
django,inference,10,latency_p50_ms,27575.542,27573.671000000002,27578.7465,5,False
django,inference,10,latency_p90_ms,28872.7013,28869.3312,28877.6846,5,False
django,inference,10,latency_p95_ms,28873.5544,28869.75795,28878.00785,5,False
django,inference,10,latency_mean_ms,21730.26745,21727.63325,21732.2815,5,False
django,inference,10,inflight_at_stop,10,10,10,5,
django,inference,10,censoring_fraction,0.3333333333333333,0.3333333333333333,0.3333333333333333,5,
django,inference,10,late_inflight,0,0,0,5,
django,inference,10,max_inflight_age_ms,28080.443,28072.690000000002,28081.226000000002,5,
django,inference,10,response_law_R_ms,28871.976111111304,28870.180000000495,28875.83388888945,5,
django,inference,10,derived_queue_wait_ms,25984.778500000175,25983.162000000444,25988.250500000504,5,
django,inference,10,cpu_mean_loaded_pct,0.1506276150627615,0.11715481171548117,0.1682008368200837,5,
django,inference,10,cpu_max_loaded_pct,4.0,4.0,8.0,5,
django,inference,10,cpu_ms_per_request,4.50152999999409,3.4977779999971976,5.003385299997899,5,
django,inference,10,idle_rss_mb,64.17,64.01,64.25,5,
django,inference,10,peak_rss_mb,64.37,64.25,64.42,5,
django,inference,10,rss_growth_mb,0.25,0.0,0.25,5,
django,inference,10,idle_uss_mb,50.34,50.33,50.43,5,
django,inference,10,peak_uss_mb,50.52,50.51,50.61,5,
django,inference,10,uss_growth_mb,0.17999999999999972,0.1700000000000017,0.17999999999999972,5,
django,inference,10,sim_cpu_mean_pct,0.0502092050209205,0.0502092050209205,0.0502092050209205,5,
django,inference,10,sim_cpu_p95_pct,0.0,0.0,0.0,5,
django,inference,10,sim_peak_uss_mb,16.86,16.86,16.86,5,
django,inference,10,monitor_cpu_pct,0.547,0.514,0.581,5,
django,inference,10,sim_monitor_cpu_pct,0.415,0.365,0.431,5,
django,inference,10,clock_rate_ratio,1.0000564029475012,0.9998794383706081,1.0001759047212344,5,
django,inference,10,clock_rate_uncertainty,0.0006121481125286371,0.0006069204079118772,0.0006207462294476946,5,
django,inference,10,clock_rate_half_diff,0.00019935503004131494,4.452384059372427e-05,0.00033156686456059514,5,
django,inference,10,clock_step_ms,0.001,0.001,0.06,5,
django,inference,25,completions,20,20,20,5,
django,inference,25,failures,0,0,0,5,
django,inference,25,finished_loaded,20,20,20,5,
django,inference,25,error_rate_pct,0.0,0.0,0.0,5,
django,inference,25,locust_rps,0.34632982452362343,0.3463101981118182,0.3463354524969771,5,
django,inference,25,throughput_fixed_window,0.35127209273826643,0.3511719218681965,0.3513485546898386,5,
django,inference,25,throughput_completion_rate,0.34636500224877403,0.3463561514497784,0.34638291183792874,5,
django,inference,25,ceiling_rps,0.34746351633078526,0.34746351633078526,0.34746351633078526,5,
django,inference,25,share_of_ceiling,1.0109610829007307,1.0106727911366695,1.0111811403973556,5,
django,inference,25,share_of_ceiling_completion_rate,0.9968384764719717,0.9968130038724622,0.996890020269559,5,
django,inference,25,closed_system_consistency,0.4240960532859593,0.42406804617289606,0.42415066640206045,5,
django,inference,25,min_1s_completions,0,0,0,5,
django,inference,25,min_1s_completion_ratio,0.0,0.0,0.0,5,
django,inference,25,latency_p50_ms,29223.283499999998,29220.324500000002,29228.9435,5,True
django,inference,25,latency_p90_ms,50292.105200000005,50290.0115,50293.6479,5,True
django,inference,25,latency_p95_ms,52926.503150000004,52925.6236,52930.441750000005,5,True
django,inference,25,latency_mean_ms,29223.62525,29222.863,29228.38565,5,True
django,inference,25,inflight_at_stop,25,25,25,5,
django,inference,25,censoring_fraction,0.5555555555555556,0.5555555555555556,0.5555555555555556,5,
django,inference,25,late_inflight,7,7,7,5,
django,inference,25,max_inflight_age_ms,57541.981999999996,57530.195999999996,57557.58500000001,5,
django,inference,25,response_law_R_ms,72178.1930555557,72174.46111111106,72180.03749999803,5,
django,inference,25,derived_queue_wait_ms,69291.06533333348,69287.48266666662,69292.8359999981,5,
django,inference,25,cpu_mean_loaded_pct,0.1506276150627615,0.13347280334728034,0.16736401673640167,5,
django,inference,25,cpu_max_loaded_pct,4.0,4.0,4.0,5,
django,inference,25,cpu_ms_per_request,4.496062000005622,4.000575049989857,5.006391999995685,5,
django,inference,25,idle_rss_mb,64.16,64.12,64.25,5,
django,inference,25,peak_rss_mb,64.28,64.25,64.38,5,
django,inference,25,rss_growth_mb,0.12999999999999545,0.12000000000000455,0.12999999999999545,5,
django,inference,25,idle_uss_mb,50.36,50.35,50.39,5,
django,inference,25,peak_uss_mb,50.53,50.52,50.57,5,
django,inference,25,uss_growth_mb,0.1700000000000017,0.1700000000000017,0.17999999999999972,5,
django,inference,25,sim_cpu_mean_pct,0.0502092050209205,0.0502092050209205,0.06694560669456066,5,
django,inference,25,sim_cpu_p95_pct,0.0,0.0,0.0,5,
django,inference,25,sim_peak_uss_mb,16.86,16.86,16.86,5,
django,inference,25,monitor_cpu_pct,0.597,0.531,0.63,5,
django,inference,25,sim_monitor_cpu_pct,0.431,0.365,0.464,5,
django,inference,25,clock_rate_ratio,1.0001064109011537,0.9999299857048216,1.0001580739313845,5,
django,inference,25,clock_rate_uncertainty,0.000620002749841792,0.0006091330594830491,0.0006503767532085741,5,
django,inference,25,clock_rate_half_diff,0.00030572458577671213,1.562545922961789e-05,0.0004780004652816805,5,
django,inference,25,clock_step_ms,0.029,0.003,0.19,5,
django,inference,50,completions,20,20,20,5,
django,inference,50,failures,0,0,0,5,
django,inference,50,finished_loaded,20,20,20,5,
django,inference,50,error_rate_pct,0.0,0.0,0.0,5,
django,inference,50,locust_rps,0.34635673063456135,0.3462863282902141,0.34636355506411204,5,
django,inference,50,throughput_fixed_window,0.351300245423947,0.35126053912524036,0.35249441365741124,5,
django,inference,50,throughput_completion_rate,0.3463902708364128,0.3463416432494773,0.34640567641895015,5,
django,inference,50,ceiling_rps,0.34746351633078526,0.34746351633078526,0.34746351633078526,5,
django,inference,50,share_of_ceiling,1.0110421063301196,1.0109278316024417,1.0144789225060296,5,
django,inference,50,share_of_ceiling_completion_rate,0.996911199467196,0.9967712492719957,0.9969555367337386,5,
django,inference,50,closed_system_consistency,0.2160286416624078,0.21601891102532356,0.21610309623642757,5,
django,inference,50,min_1s_completions,0,0,0,5,
django,inference,50,min_1s_completion_ratio,0.0,0.0,0.0,5,
django,inference,50,latency_p50_ms,29768.961000000003,29762.9415,29778.9745,5,True
django,inference,50,latency_p90_ms,51269.409100000004,51268.045600000005,51283.382900000004,5,True
django,inference,50,latency_p95_ms,53961.392100000005,53957.5148,53972.3147,5,True
django,inference,50,latency_mean_ms,29768.2249,29765.97,29778.39215,5,True
django,inference,50,inflight_at_stop,50,50,50,5,
django,inference,50,censoring_fraction,0.7142857142857143,0.7142857142857143,0.7142857142857143,5,
django,inference,50,late_inflight,32,31,32,5,
django,inference,50,max_inflight_age_ms,58689.047,58504.686,58694.533,5,
django,inference,50,response_law_R_ms,144345.85555554804,144339.43611111317,144366.12222222416,5,
django,inference,50,derived_queue_wait_ms,141458.93844443708,141452.6473888909,141478.79977777967,5,
django,inference,50,cpu_mean_loaded_pct,0.13389121338912133,0.13389121338912133,0.15126050420168066,5,
django,inference,50,cpu_max_loaded_pct,4.0,4.0,4.1,5,
django,inference,50,cpu_ms_per_request,4.005554000010307,4.001036000001476,4.493108000002394,5,
django,inference,50,idle_rss_mb,64.15,64.0,64.25,5,
django,inference,50,peak_rss_mb,64.28,64.12,64.38,5,
django,inference,50,rss_growth_mb,0.12999999999999545,0.12000000000000455,0.12999999999999545,5,
django,inference,50,idle_uss_mb,50.36,50.35,50.37,5,
django,inference,50,peak_uss_mb,50.54,50.52,50.55,5,
django,inference,50,uss_growth_mb,0.17999999999999972,0.1700000000000017,0.17999999999999972,5,
django,inference,50,sim_cpu_mean_pct,0.0502092050209205,0.03347280334728033,0.06694560669456066,5,
django,inference,50,sim_cpu_p95_pct,0.0,0.0,0.0,5,
django,inference,50,sim_peak_uss_mb,16.86,16.86,16.86,5,
django,inference,50,monitor_cpu_pct,0.597,0.531,0.614,5,
django,inference,50,sim_monitor_cpu_pct,0.414,0.348,0.448,5,
django,inference,50,clock_rate_ratio,1.000000460938066,0.9999086713778108,1.000198623449001,5,
django,inference,50,clock_rate_uncertainty,0.0006160992984310695,0.0005968960026356975,0.0006221670726922958,5,
django,inference,50,clock_rate_half_diff,0.00025250184363490025,4.1642290185439634e-05,0.0008835069430305209,5,
django,inference,50,clock_step_ms,0.003,0.001,0.059,5,
django,inference,100,completions,20,20,20,5,
django,inference,100,failures,0,0,0,5,
django,inference,100,finished_loaded,20,20,20,5,
django,inference,100,error_rate_pct,0.0,0.0,0.0,5,
django,inference,100,locust_rps,0.3462489597650763,0.3462317332815141,0.3463414438586385,5,
django,inference,100,throughput_fixed_window,0.35218037958193005,0.35129347230232844,0.3527468022035987,5,
django,inference,100,throughput_completion_rate,0.34631159774646336,0.34629449499489856,0.3463663419045967,5,
django,inference,100,ceiling_rps,0.34746351633078526,0.34746351633078526,0.34746351633078526,5,
django,inference,100,share_of_ceiling,1.0135751324367948,1.0110226132861013,1.0152052967419571,5,
django,inference,100,share_of_ceiling_completion_rate,0.9966847783143216,0.9966355565953181,0.9968423320014294,5,
django,inference,100,closed_system_consistency,0.10901736456280804,0.10901153661414753,0.10903550918827769,5,
django,inference,100,min_1s_completions,0,0,0,5,
django,inference,100,min_1s_completion_ratio,0.0,0.0,0.0,5,
django,inference,100,latency_p50_ms,30051.9335,30043.677499999998,30056.1595,5,True
django,inference,100,latency_p90_ms,51777.64920000001,51768.0322,51785.39250000001,5,True
django,inference,100,latency_p95_ms,54492.92585,54481.01,54500.994249999996,5,True
django,inference,100,latency_mean_ms,30051.8565,30043.7727,30055.4314,5,True
django,inference,100,inflight_at_stop,100,100,100,5,
django,inference,100,censoring_fraction,0.8333333333333334,0.8333333333333334,0.8333333333333334,5,
django,inference,100,late_inflight,81,81,81,5,
django,inference,100,max_inflight_age_ms,59128.453,59042.976,59265.53,5,
django,inference,100,response_law_R_ms,288757.29444444005,288711.6555555622,288771.55555554864,5,
django,inference,100,derived_queue_wait_ms,285869.7214999957,285824.53900000657,285883.83999999316,5,
django,inference,100,cpu_mean_loaded_pct,0.13445378151260504,0.13389121338912133,0.1506276150627615,5,
django,inference,100,cpu_max_loaded_pct,4.0,4.0,4.0,5,
django,inference,100,cpu_ms_per_request,4.003049999999348,3.9899980000118376,4.498144000011963,5,
django,inference,100,idle_rss_mb,64.12,64.0,64.25,5,
django,inference,100,peak_rss_mb,64.25,64.13,64.38,5,
django,inference,100,rss_growth_mb,0.12999999999999545,0.12000000000000455,0.12999999999999545,5,
django,inference,100,idle_uss_mb,50.39,50.32,50.4,5,
django,inference,100,peak_uss_mb,50.57,50.5,50.57,5,
django,inference,100,uss_growth_mb,0.17999999999999972,0.1700000000000017,0.17999999999999972,5,
django,inference,100,sim_cpu_mean_pct,0.03347280334728033,0.03347280334728033,0.05042016806722689,5,
django,inference,100,sim_cpu_p95_pct,0.0,0.0,0.0,5,
django,inference,100,sim_peak_uss_mb,16.86,16.86,16.86,5,
django,inference,100,monitor_cpu_pct,0.596,0.514,0.613,5,
django,inference,100,sim_monitor_cpu_pct,0.382,0.365,0.448,5,
django,inference,100,clock_rate_ratio,1.0000989186945517,0.9998224378078432,1.0001991961494843,5,
django,inference,100,clock_rate_uncertainty,0.0006116790154695529,0.0005896262795333644,0.0006522228253888395,5,
django,inference,100,clock_rate_half_diff,0.0001785236428806236,1.1751699165118978e-05,0.0003267459021274455,5,
django,inference,100,clock_step_ms,0.003,0.001,0.018,5,
django,pipeline,1,completions,21,21,21,5,
django,pipeline,1,failures,0,0,0,5,
django,pipeline,1,finished_loaded,21,21,21,5,
django,pipeline,1,error_rate_pct,0.0,0.0,0.0,5,
django,pipeline,1,locust_rps,0.3602541184171066,0.36018453292000513,0.36028366373740034,5,
django,pipeline,1,throughput_fixed_window,0.3681738750719681,0.368146475111331,0.36924176451658897,5,
django,pipeline,1,throughput_completion_rate,0.36026068311341125,0.3602023085745005,0.3603050828294843,5,
django,pipeline,1,ceiling_rps,0.3621220351258374,0.3621220351258374,0.3621220351258374,5,
django,pipeline,1,share_of_ceiling,1.0167121560112398,1.0166364910199406,1.0196611327125604,5,
django,pipeline,1,share_of_ceiling_completion_rate,0.9948598764176851,0.9946986751284831,0.994982486233621,5,
django,pipeline,1,closed_system_consistency,0.9998872993329216,0.9998276010423067,0.9999027583989779,5,
django,pipeline,1,min_1s_completions,0,0,0,5,
django,pipeline,1,min_1s_completion_ratio,0.0,0.0,0.0,5,
django,pipeline,1,latency_p50_ms,2775.737,2775.288,2776.017,5,False
django,pipeline,1,latency_p90_ms,2776.902,2776.724,2777.515,5,False
django,pipeline,1,latency_p95_ms,2777.511,2776.83,2778.381,5,False
django,pipeline,1,latency_mean_ms,2775.513761904762,2775.303523809524,2776.032761904762,5,False
django,pipeline,1,inflight_at_stop,1,1,1,5,
django,pipeline,1,censoring_fraction,0.045454545454545456,0.045454545454545456,0.045454545454545456,5,
django,pipeline,1,late_inflight,0,0,0,5,
django,pipeline,1,max_inflight_age_ms,1548.4450000000002,1396.595,1562.294,5,
django,pipeline,1,response_law_R_ms,2775.767789473704,2775.4257368421686,2776.217631579034,5,
django,pipeline,1,derived_queue_wait_ms,4.547473508864641e-13,0.0,4.547473508864641e-13,5,
django,pipeline,1,pipeline_completion_pct,100.0,100.0,100.0,5,
django,pipeline,1,stage1_p50_ms,0.001,0.001,0.001,5,
django,pipeline,1,stage1_p95_ms,0.001,0.001,0.001,5,
django,pipeline,1,stage2_p50_ms,50.679,50.629,50.695,5,
django,pipeline,1,stage2_p95_ms,50.939,50.804,50.98,5,
django,pipeline,1,stage3_p50_ms,2720.475,2720.3,2720.781,5,
django,pipeline,1,stage3_p95_ms,2721.67,2720.954,2721.915,5,
django,pipeline,1,stage4_p50_ms,0.002,0.002,0.003,5,
django,pipeline,1,stage4_p95_ms,0.003,0.002,0.003,5,
django,pipeline,1,e2e_server_p50_ms,2771.171,2771.116,2771.707,5,
django,pipeline,1,e2e_server_p95_ms,2772.528,2771.737,2773.043,5,
django,pipeline,1,e2e_client_p50_ms,2775.737,2775.288,2776.017,5,False
django,pipeline,1,e2e_client_p95_ms,2777.511,2776.83,2778.381,5,False
django,pipeline,1,cpu_mean_loaded_pct,0.2175732217573222,0.200836820083682,0.23430962343096234,5,
django,pipeline,1,cpu_max_loaded_pct,8.0,4.0,8.0,5,
django,pipeline,1,cpu_ms_per_request,6.191464761906814,5.709518095238656,6.667994285727175,5,
django,pipeline,1,idle_rss_mb,64.15,64.0,64.38,5,
django,pipeline,1,peak_rss_mb,64.4,64.25,64.63,5,
django,pipeline,1,rss_growth_mb,0.25,0.25,0.25,5,
django,pipeline,1,idle_uss_mb,50.38,50.37,50.43,5,
django,pipeline,1,peak_uss_mb,50.59,50.58,50.64,5,
django,pipeline,1,uss_growth_mb,0.21000000000000085,0.20000000000000284,0.21999999999999886,5,
django,pipeline,1,sim_cpu_mean_pct,0.06694560669456066,0.0502092050209205,0.06694560669456066,5,
django,pipeline,1,sim_cpu_p95_pct,0.0,0.0,0.0,5,
django,pipeline,1,sim_peak_uss_mb,16.86,16.86,16.86,5,
django,pipeline,1,monitor_cpu_pct,0.663,0.58,0.68,5,
django,pipeline,1,sim_monitor_cpu_pct,0.365,0.365,0.481,5,
django,pipeline,1,clock_rate_ratio,0.9999442869178501,0.9998241596447291,1.000128853761948,5,
django,pipeline,1,clock_rate_uncertainty,0.0006248324155853178,0.0006161397807828565,0.0006394267085064124,5,
django,pipeline,1,clock_rate_half_diff,0.00024218557451238798,1.9155703644857525e-05,0.00037271679827066695,5,
django,pipeline,1,clock_step_ms,0.003,0.001,0.097,5,
django,pipeline,5,completions,21,21,21,5,
django,pipeline,5,failures,0,0,0,5,
django,pipeline,5,finished_loaded,21,21,21,5,
django,pipeline,5,error_rate_pct,0.0,0.0,0.0,5,
django,pipeline,5,locust_rps,0.3605664208510624,0.36052628060992103,0.36057783377571884,5,
django,pipeline,5,throughput_fixed_window,0.36815516613228666,0.3681213192703166,0.36822601079931033,5,
django,pipeline,5,throughput_completion_rate,0.36059833132173946,0.3605599830529167,0.3606310200112375,5,
django,pipeline,5,ceiling_rps,0.3621220351258374,0.3621220351258374,0.3621220351258374,5,
django,pipeline,5,share_of_ceiling,1.0166604912743096,1.0165670231649793,1.0168561288222955,5,
django,pipeline,5,share_of_ceiling_completion_rate,0.9957922919449835,0.9956863932006295,0.9958825617610323,5,
django,pipeline,5,closed_system_consistency,0.9200543612490952,0.9200345050087819,0.9201042438128206,5,
django,pipeline,5,min_1s_completions,0,0,0,5,
django,pipeline,5,min_1s_completion_ratio,0.0,0.0,0.0,5,
django,pipeline,5,latency_p50_ms,13864.878,13862.391,13866.102,5,False
django,pipeline,5,latency_p90_ms,13868.036,13867.309,13868.489,5,False
django,pipeline,5,latency_p95_ms,13868.65,13868.024,13868.786,5,False
django,pipeline,5,latency_mean_ms,12282.063761904761,12281.859666666667,12283.523666666666,5,False
django,pipeline,5,inflight_at_stop,5,5,5,5,
django,pipeline,5,censoring_fraction,0.19230769230769232,0.19230769230769232,0.19230769230769232,5,
django,pipeline,5,late_inflight,0,0,0,5,
django,pipeline,5,max_inflight_age_ms,12701.166000000001,12687.433,12703.079000000002,5,
django,pipeline,5,response_law_R_ms,13865.84342105236,13864.586578947637,13867.31815789493,5,
django,pipeline,5,derived_queue_wait_ms,11092.674736841887,11091.66926315811,11093.854526315943,5,
django,pipeline,5,pipeline_completion_pct,100.0,100.0,100.0,5,
django,pipeline,5,stage1_p50_ms,0.001,0.001,0.001,5,
django,pipeline,5,stage1_p95_ms,0.001,0.001,0.001,5,
django,pipeline,5,stage2_p50_ms,50.722,50.63,50.77,5,
django,pipeline,5,stage2_p95_ms,50.934,50.854,50.973,5,
django,pipeline,5,stage3_p50_ms,2720.681,2720.165,2720.733,5,
django,pipeline,5,stage3_p95_ms,2721.498,2721.375,2721.501,5,
django,pipeline,5,stage4_p50_ms,0.002,0.002,0.002,5,
django,pipeline,5,stage4_p95_ms,0.002,0.002,0.003,5,
django,pipeline,5,e2e_server_p50_ms,2771.383,2771.06,2771.56,5,
django,pipeline,5,e2e_server_p95_ms,2772.461,2772.241,2773.182,5,
django,pipeline,5,e2e_client_p50_ms,13864.878,13862.391,13866.102,5,False
django,pipeline,5,e2e_client_p95_ms,13868.65,13868.024,13868.786,5,False
django,pipeline,5,cpu_mean_loaded_pct,0.2175732217573222,0.200836820083682,0.2175732217573222,5,
django,pipeline,5,cpu_max_loaded_pct,4.0,4.0,8.0,5,
django,pipeline,5,cpu_ms_per_request,6.184801904760423,5.715299047622554,6.1890799999846875,5,
django,pipeline,5,idle_rss_mb,64.2,64.01,64.25,5,
django,pipeline,5,peak_rss_mb,64.32,64.14,64.38,5,
django,pipeline,5,rss_growth_mb,0.12999999999999545,0.11999999999999034,0.25,5,
django,pipeline,5,idle_uss_mb,50.39,50.35,50.41,5,
django,pipeline,5,peak_uss_mb,50.61,50.56,50.61,5,
django,pipeline,5,uss_growth_mb,0.21000000000000085,0.19999999999999574,0.21999999999999886,5,
django,pipeline,5,sim_cpu_mean_pct,0.06694560669456066,0.0502092050209205,0.06694560669456066,5,
django,pipeline,5,sim_cpu_p95_pct,0.0,0.0,0.0,5,
django,pipeline,5,sim_peak_uss_mb,16.86,16.86,16.86,5,
django,pipeline,5,monitor_cpu_pct,0.614,0.531,0.647,5,
django,pipeline,5,sim_monitor_cpu_pct,0.448,0.382,0.481,5,
django,pipeline,5,clock_rate_ratio,0.9999691612222794,0.9998453721834692,1.0000614790930624,5,
django,pipeline,5,clock_rate_uncertainty,0.0006216321197160157,0.0006047582894846139,0.0006310554628854268,5,
django,pipeline,5,clock_rate_half_diff,0.000294320721510255,9.107177628020491e-05,0.0005910232176021823,5,
django,pipeline,5,clock_step_ms,0.02,0.001,0.114,5,
django,pipeline,10,completions,21,21,21,5,
django,pipeline,10,failures,0,0,0,5,
django,pipeline,10,finished_loaded,21,21,21,5,
django,pipeline,10,error_rate_pct,0.0,0.0,0.0,5,
django,pipeline,10,locust_rps,0.3605346346754044,0.3605109916510267,0.3605771887166114,5,
django,pipeline,10,throughput_fixed_window,0.3681829755534421,0.3681003695093024,0.36934126901301767,5,
django,pipeline,10,throughput_completion_rate,0.36058902406864635,0.3605565003611686,0.36060416228681785,5,
django,pipeline,10,ceiling_rps,0.3621220351258374,0.3621220351258374,0.3621220351258374,5,
django,pipeline,10,share_of_ceiling,1.0167372869908304,1.0165091703999387,1.0199359143794482,5,
django,pipeline,10,share_of_ceiling_completion_rate,0.9957665899655669,0.9956767757473671,0.9958083941550475,5,
django,pipeline,10,closed_system_consistency,0.7976095392554686,0.7975626733156923,0.7977123004412416,5,
django,pipeline,10,min_1s_completions,0,0,0,5,
django,pipeline,10,min_1s_completion_ratio,0.0,0.0,0.0,5,
django,pipeline,10,latency_p50_ms,27727.152,27722.463,27732.337,5,False
django,pipeline,10,latency_p90_ms,27736.223,27733.821,27740.782,5,False
django,pipeline,10,latency_p95_ms,27737.335,27733.87,27741.488,5,False
django,pipeline,10,latency_mean_ms,21199.380857142856,21197.28042857143,21202.242857142857,5,False
django,pipeline,10,inflight_at_stop,10,10,10,5,
django,pipeline,10,censoring_fraction,0.3225806451612903,0.3225806451612903,0.3225806451612903,5,
django,pipeline,10,late_inflight,0,0,0,5,
django,pipeline,10,max_inflight_age_ms,26555.493,26398.458000000002,26568.532000000003,5,
django,pipeline,10,response_law_R_ms,27732.40263157947,27731.23842105346,27734.904210527402,5,
django,pipeline,10,derived_queue_wait_ms,24959.162368421523,24958.114578948112,24961.41378947466,5,
django,pipeline,10,pipeline_completion_pct,100.0,100.0,100.0,5,
django,pipeline,10,stage1_p50_ms,0.001,0.001,0.001,5,
django,pipeline,10,stage1_p95_ms,0.001,0.001,0.001,5,
django,pipeline,10,stage2_p50_ms,50.707,50.663,50.726,5,
django,pipeline,10,stage2_p95_ms,50.963,50.889,51.165,5,
django,pipeline,10,stage3_p50_ms,2720.655,2720.569,2720.729,5,
django,pipeline,10,stage3_p95_ms,2721.467,2721.419,2721.69,5,
django,pipeline,10,stage4_p50_ms,0.002,0.002,0.002,5,
django,pipeline,10,stage4_p95_ms,0.002,0.002,0.003,5,
django,pipeline,10,e2e_server_p50_ms,2771.487,2771.323,2771.564,5,
django,pipeline,10,e2e_server_p95_ms,2772.637,2772.22,2773.156,5,
django,pipeline,10,e2e_client_p50_ms,27727.152,27722.463,27732.337,5,False
django,pipeline,10,e2e_client_p95_ms,27737.335,27733.87,27741.488,5,False
django,pipeline,10,cpu_mean_loaded_pct,0.2175732217573222,0.20168067226890757,0.23430962343096234,5,
django,pipeline,10,cpu_max_loaded_pct,4.0,4.0,8.0,5,
django,pipeline,10,cpu_ms_per_request,6.1878704761953225,5.7229657142861035,6.670676190496168,5,
django,pipeline,10,idle_rss_mb,64.24,64.16,64.25,5,
django,pipeline,10,peak_rss_mb,64.38,64.29,64.5,5,
django,pipeline,10,rss_growth_mb,0.13000000000000966,0.12999999999999545,0.25,5,
django,pipeline,10,idle_uss_mb,50.37,50.35,50.41,5,
django,pipeline,10,peak_uss_mb,50.58,50.56,50.61,5,
django,pipeline,10,uss_growth_mb,0.21000000000000085,0.20000000000000284,0.21000000000000085,5,
django,pipeline,10,sim_cpu_mean_pct,0.06694560669456066,0.0502092050209205,0.06722689075630252,5,
django,pipeline,10,sim_cpu_p95_pct,0.0,0.0,0.0,5,
django,pipeline,10,sim_peak_uss_mb,16.86,16.86,16.86,5,
django,pipeline,10,monitor_cpu_pct,0.647,0.547,0.663,5,
django,pipeline,10,sim_monitor_cpu_pct,0.382,0.381,0.498,5,
django,pipeline,10,clock_rate_ratio,1.0000558314453327,0.9998629596146962,1.0001664721349006,5,
django,pipeline,10,clock_rate_uncertainty,0.0006173961375261564,0.0006051228453140559,0.0006271541033151765,5,
django,pipeline,10,clock_rate_half_diff,0.00040780856379829533,4.9029175661408075e-05,0.0005960009106079633,5,
django,pipeline,10,clock_step_ms,0.001,0.001,0.003,5,
django,pipeline,25,completions,21,21,21,5,
django,pipeline,25,failures,0,0,0,5,
django,pipeline,25,finished_loaded,21,21,21,5,
django,pipeline,25,error_rate_pct,0.0,0.0,0.0,5,
django,pipeline,25,locust_rps,0.36052904459544327,0.3604948438104576,0.3605984429314123,5,
django,pipeline,25,throughput_fixed_window,0.3681646546557981,0.3681340515041887,0.36819017993460085,5,
django,pipeline,25,throughput_completion_rate,0.36058300198443605,0.3605569861550112,0.3606438548166333,5,
django,pipeline,25,ceiling_rps,0.3621220351258374,0.3621220351258374,0.3621220351258374,5,
django,pipeline,25,share_of_ceiling,1.0166866938319865,1.0166021832288172,1.0167571818894003,5,
django,pipeline,25,share_of_ceiling_completion_rate,0.9957499599800201,0.9956781172670635,0.9959180050761328,5,
django,pipeline,25,closed_system_consistency,0.4433572067674584,0.4433391050045294,0.44340877026783443,5,
django,pipeline,25,min_1s_completions,0,0,0,5,
django,pipeline,25,min_1s_completion_ratio,0.0,0.0,0.0,5,
django,pipeline,25,latency_p50_ms,29408.176,29401.509,29415.543,5,True
django,pipeline,25,latency_p90_ms,50706.402,50699.085,50713.796,5,True
django,pipeline,25,latency_p95_ms,53374.349,53359.887,53377.176,5,True
django,pipeline,25,latency_mean_ms,29407.88266666667,29401.826666666668,29413.121952380952,5,True
django,pipeline,25,inflight_at_stop,25,25,25,5,
django,pipeline,25,censoring_fraction,0.5434782608695652,0.5434782608695652,0.5434782608695652,5,
django,pipeline,25,late_inflight,6,6,6,5,
django,pipeline,25,max_inflight_age_ms,57525.224,57521.555,57530.638000000006,5,
django,pipeline,25,response_law_R_ms,69332.16447368498,69320.46578947273,69337.16710526298,5,
django,pipeline,25,derived_queue_wait_ms,66558.87789473758,66547.64715789382,66563.68042105246,5,
django,pipeline,25,pipeline_completion_pct,100.0,100.0,100.0,5,
django,pipeline,25,stage1_p50_ms,0.001,0.001,0.001,5,
django,pipeline,25,stage1_p95_ms,0.001,0.001,0.001,5,
django,pipeline,25,stage2_p50_ms,50.745,50.712,50.823,5,
django,pipeline,25,stage2_p95_ms,50.988,50.871,52.029,5,
django,pipeline,25,stage3_p50_ms,2720.689,2720.311,2720.854,5,
django,pipeline,25,stage3_p95_ms,2721.764,2721.476,2722.652,5,
django,pipeline,25,stage4_p50_ms,0.002,0.002,0.002,5,
django,pipeline,25,stage4_p95_ms,0.003,0.002,0.003,5,
django,pipeline,25,e2e_server_p50_ms,2771.55,2770.921,2771.85,5,
django,pipeline,25,e2e_server_p95_ms,2773.163,2772.226,2773.562,5,
django,pipeline,25,e2e_client_p50_ms,29408.176,29401.509,29415.543,5,True
django,pipeline,25,e2e_client_p95_ms,53374.349,53359.887,53377.176,5,True
django,pipeline,25,cpu_mean_loaded_pct,0.2175732217573222,0.200836820083682,0.23430962343096234,5,
django,pipeline,25,cpu_max_loaded_pct,4.0,4.0,8.0,5,
django,pipeline,25,cpu_ms_per_request,6.1874467142773755,5.716940952392872,6.673179047620146,5,
django,pipeline,25,idle_rss_mb,64.13,64.03,64.15,5,
django,pipeline,25,peak_rss_mb,64.28,64.25,64.4,5,
django,pipeline,25,rss_growth_mb,0.25,0.12000000000000455,0.25,5,
django,pipeline,25,idle_uss_mb,50.36,50.35,50.38,5,
django,pipeline,25,peak_uss_mb,50.57,50.56,50.58,5,
django,pipeline,25,uss_growth_mb,0.21000000000000085,0.19999999999999574,0.21999999999999886,5,
django,pipeline,25,sim_cpu_mean_pct,0.06694560669456066,0.0502092050209205,0.06694560669456066,5,
django,pipeline,25,sim_cpu_p95_pct,0.0,0.0,0.0,5,
django,pipeline,25,sim_peak_uss_mb,16.86,16.86,16.86,5,
django,pipeline,25,monitor_cpu_pct,0.631,0.548,0.68,5,
django,pipeline,25,sim_monitor_cpu_pct,0.382,0.348,0.465,5,
django,pipeline,25,clock_rate_ratio,0.9999904780783221,0.9998801524838115,1.0001326310700052,5,
django,pipeline,25,clock_rate_uncertainty,0.00062525301004089,0.0006052251025212461,0.0006311539174449597,5,
django,pipeline,25,clock_rate_half_diff,0.00026065096333338644,3.814129816837042e-05,0.0007365778748573693,5,
django,pipeline,25,clock_step_ms,0.001,0.001,0.001,5,
django,pipeline,50,completions,21,21,21,5,
django,pipeline,50,failures,0,0,0,5,
django,pipeline,50,finished_loaded,21,21,21,5,
django,pipeline,50,error_rate_pct,0.0,0.0,0.0,5,
django,pipeline,50,locust_rps,0.36052496577637133,0.3605063894280931,0.3605376998482703,5,
django,pipeline,50,throughput_fixed_window,0.36950250595776846,0.36826049061770955,0.36955451181406235,5,
django,pipeline,50,throughput_completion_rate,0.3605831593772625,0.36056909037033347,0.3606020064503032,5,
django,pipeline,50,ceiling_rps,0.3621220351258374,0.3621220351258374,0.3621220351258374,5,
django,pipeline,50,share_of_ceiling,1.0203811702023775,1.016951344840805,1.020524784374533,5,
django,pipeline,50,share_of_ceiling_completion_rate,0.9957503946203103,0.9957115430576758,0.9958024408125123,5,
django,pipeline,50,closed_system_consistency,0.22584938472886448,0.22584555204161963,0.22589030589451067,5,
django,pipeline,50,min_1s_completions,0,0,0,5,
django,pipeline,50,min_1s_completion_ratio,0.0,0.0,0.0,5,
django,pipeline,50,latency_p50_ms,29960.368,29956.71,29962.213,5,True
django,pipeline,50,latency_p90_ms,51704.109,51699.753,51705.58,5,True
django,pipeline,50,latency_p95_ms,54424.503,54421.439,54426.043,5,True
django,pipeline,50,latency_mean_ms,29959.433238095236,29957.75161904762,29962.24142857143,5,True
django,pipeline,50,inflight_at_stop,50,50,50,5,
django,pipeline,50,censoring_fraction,0.704225352112676,0.704225352112676,0.704225352112676,5,
django,pipeline,50,late_inflight,30,30,30,5,
django,pipeline,50,max_inflight_age_ms,58489.361000000004,58481.435,58671.613,5,
django,pipeline,50,response_law_R_ms,138664.26842105284,138657.02105262913,138669.67894737172,5,
django,pipeline,50,derived_queue_wait_ms,135890.98305263178,135883.88063157655,135896.2853684243,5,
django,pipeline,50,pipeline_completion_pct,100.0,100.0,100.0,5,
django,pipeline,50,stage1_p50_ms,0.001,0.001,0.001,5,
django,pipeline,50,stage1_p95_ms,0.001,0.001,0.001,5,
django,pipeline,50,stage2_p50_ms,50.724,50.593,50.738,5,
django,pipeline,50,stage2_p95_ms,50.984,50.809,52.729,5,
django,pipeline,50,stage3_p50_ms,2720.609,2720.522,2720.738,5,
django,pipeline,50,stage3_p95_ms,2721.599,2721.272,2722.027,5,
django,pipeline,50,stage4_p50_ms,0.002,0.002,0.002,5,
django,pipeline,50,stage4_p95_ms,0.002,0.002,0.003,5,
django,pipeline,50,e2e_server_p50_ms,2771.41,2771.328,2771.508,5,
django,pipeline,50,e2e_server_p95_ms,2772.489,2772.049,2773.984,5,
django,pipeline,50,e2e_client_p50_ms,29960.368,29956.71,29962.213,5,True
django,pipeline,50,e2e_client_p95_ms,54424.503,54421.439,54426.043,5,True
django,pipeline,50,cpu_mean_loaded_pct,0.2175732217573222,0.18487394957983194,0.23529411764705882,5,
django,pipeline,50,cpu_max_loaded_pct,4.0,4.0,8.0,5,
django,pipeline,50,cpu_ms_per_request,6.18132190476033,5.240750476174678,6.667714285701681,5,
django,pipeline,50,idle_rss_mb,64.0,63.91,64.16,5,
django,pipeline,50,peak_rss_mb,64.2,64.12,64.29,5,
django,pipeline,50,rss_growth_mb,0.25,0.12000000000000455,0.25,5,
django,pipeline,50,idle_uss_mb,50.38,50.34,50.41,5,
django,pipeline,50,peak_uss_mb,50.59,50.55,50.63,5,
django,pipeline,50,uss_growth_mb,0.21000000000000085,0.19999999999999574,0.22000000000000597,5,
django,pipeline,50,sim_cpu_mean_pct,0.06722689075630252,0.0502092050209205,0.08368200836820083,5,
django,pipeline,50,sim_cpu_p95_pct,0.0,0.0,0.0,5,
django,pipeline,50,sim_peak_uss_mb,16.86,16.86,16.86,5,
django,pipeline,50,monitor_cpu_pct,0.597,0.564,0.663,5,
django,pipeline,50,sim_monitor_cpu_pct,0.398,0.365,0.464,5,
django,pipeline,50,clock_rate_ratio,0.9999341504094384,0.9998541038698028,1.000082034893475,5,
django,pipeline,50,clock_rate_uncertainty,0.0006260470580337174,0.0006137260789778135,0.0006391222209620975,5,
django,pipeline,50,clock_rate_half_diff,0.00020934296716912382,1.84333168018469e-06,0.0004631249041062713,5,
django,pipeline,50,clock_step_ms,0.003,0.001,0.064,5,
django,pipeline,100,completions,21,21,21,5,
django,pipeline,100,failures,0,0,0,5,
django,pipeline,100,finished_loaded,21,21,21,5,
django,pipeline,100,error_rate_pct,0.0,0.0,0.0,5,
django,pipeline,100,locust_rps,0.3605277297417331,0.360466719862832,0.3605631898788094,5,
django,pipeline,100,throughput_fixed_window,0.36820817515356896,0.36813164232649676,0.3696264922768964,5,
django,pipeline,100,throughput_completion_rate,0.3605854381670075,0.360535393541374,0.36061688566929034,5,
django,pipeline,100,ceiling_rps,0.3621220351258374,0.3621220351258374,0.3621220351258374,5,
django,pipeline,100,share_of_ceiling,1.0168068756865807,1.0165955302846208,1.0207235584226495,5,
django,pipeline,100,share_of_ceiling_completion_rate,0.9957566874981912,0.9956184892645042,0.9958435297757453,5,
django,pipeline,100,closed_system_consistency,0.11397254448385954,0.11396551073778405,0.11398468630114118,5,
django,pipeline,100,min_1s_completions,0,0,0,5,
django,pipeline,100,min_1s_completion_ratio,0.0,0.0,0.0,5,
django,pipeline,100,latency_p50_ms,30235.448,30230.421,30240.552,5,True
django,pipeline,100,latency_p90_ms,52201.073,52196.829,52210.503,5,True
django,pipeline,100,latency_p95_ms,54949.06,54940.72,54955.952,5,True
django,pipeline,100,latency_mean_ms,30235.96614285714,30231.329761904763,30241.629095238095,5,True
django,pipeline,100,inflight_at_stop,100,100,100,5,
django,pipeline,100,censoring_fraction,0.8264462809917356,0.8264462809917356,0.8264462809917356,5,
django,pipeline,100,late_inflight,80,80,80,5,
django,pipeline,100,max_inflight_age_ms,59258.909,59050.489,59270.702999999994,5,
django,pipeline,100,response_law_R_ms,277326.78421052697,277302.6000000085,277365.2789473616,5,
django,pipeline,100,derived_queue_wait_ms,274553.5163684217,274529.5740000084,274591.62615788804,5,
django,pipeline,100,pipeline_completion_pct,100.0,100.0,100.0,5,
django,pipeline,100,stage1_p50_ms,0.001,0.001,0.001,5,
django,pipeline,100,stage1_p95_ms,0.001,0.001,0.001,5,
django,pipeline,100,stage2_p50_ms,50.712,50.661,50.772,5,
django,pipeline,100,stage2_p95_ms,51.147,50.959,52.894,5,
django,pipeline,100,stage3_p50_ms,2720.626,2720.475,2720.857,5,
django,pipeline,100,stage3_p95_ms,2721.537,2721.358,2722.458,5,
django,pipeline,100,stage4_p50_ms,0.002,0.002,0.002,5,
django,pipeline,100,stage4_p95_ms,0.003,0.002,0.003,5,
django,pipeline,100,e2e_server_p50_ms,2771.469,2771.255,2771.755,5,
django,pipeline,100,e2e_server_p95_ms,2772.751,2772.359,2773.878,5,
django,pipeline,100,e2e_client_p50_ms,30235.448,30230.421,30240.552,5,True
django,pipeline,100,e2e_client_p95_ms,54949.06,54940.72,54955.952,5,True
django,pipeline,100,cpu_mean_loaded_pct,0.2175732217573222,0.200836820083682,0.2184873949579832,5,
django,pipeline,100,cpu_max_loaded_pct,4.0,4.0,4.0,5,
django,pipeline,100,cpu_ms_per_request,6.191866666666189,5.715125714279046,6.199508571430454,5,
django,pipeline,100,idle_rss_mb,64.13,64.04,64.25,5,
django,pipeline,100,peak_rss_mb,64.38,64.29,64.42,5,
django,pipeline,100,rss_growth_mb,0.25,0.12999999999999545,0.25,5,
django,pipeline,100,idle_uss_mb,50.36,50.35,50.39,5,
django,pipeline,100,peak_uss_mb,50.58,50.56,50.61,5,
django,pipeline,100,uss_growth_mb,0.21999999999999886,0.20000000000000284,0.21999999999999886,5,
django,pipeline,100,sim_cpu_mean_pct,0.06694560669456066,0.0502092050209205,0.06722689075630252,5,
django,pipeline,100,sim_cpu_p95_pct,0.0,0.0,0.0,5,
django,pipeline,100,sim_peak_uss_mb,16.86,16.86,16.86,5,
django,pipeline,100,monitor_cpu_pct,0.613,0.597,0.663,5,
django,pipeline,100,sim_monitor_cpu_pct,0.431,0.381,0.448,5,
django,pipeline,100,clock_rate_ratio,0.9999995458879201,0.999935934710934,1.0000947620994398,5,
django,pipeline,100,clock_rate_uncertainty,0.0006323703876598394,0.0006124217189460679,0.0006327395589285173,5,
django,pipeline,100,clock_rate_half_diff,0.00019878760661351524,7.920383971482536e-05,0.0005286005722831,5,
django,pipeline,100,clock_step_ms,0.001,0.001,0.026,5,
django,stream,1,completions,21,21,21,5,
django,stream,1,failures,0,0,0,5,
django,stream,1,finished_loaded,21,21,21,5,
django,stream,1,error_rate_pct,0.0,0.0,0.0,5,
django,stream,1,locust_rps,0.35844940055825564,0.35841646971513874,0.3584858901618836,5,
django,stream,1,throughput_fixed_window,0.368458106056697,0.3683800060008934,0.36993597694061914,5,
django,stream,1,throughput_completion_rate,0.358460022538451,0.3584378959559747,0.3585120429384078,5,
django,stream,1,ceiling_rps,0.3596604805064019,0.3596604805064019,0.3596604805064019,5,
django,stream,1,share_of_ceiling,1.0244609180800404,1.024243768684884,1.0285699902856975,5,
django,stream,1,share_of_ceiling_completion_rate,0.9966622466659092,0.9966007259159921,0.9968068841859492,5,
django,stream,1,closed_system_consistency,0.9999182488761923,0.9998666641913893,0.9999233335981189,5,
django,stream,1,min_1s_completions,0,0,0,5,
django,stream,1,min_1s_completion_ratio,0.0,0.0,0.0,5,
django,stream,1,latency_p50_ms,2789.242,2789.074,2789.919,5,False
django,stream,1,latency_p90_ms,2790.341,2789.991,2790.817,5,False
django,stream,1,latency_p95_ms,2791.182,2790.4,2792.37,5,False
django,stream,1,latency_mean_ms,2789.5377619047617,2789.2125714285717,2789.7640952380953,5,False
django,stream,1,inflight_at_stop,1,1,1,5,
django,stream,1,censoring_fraction,0.045454545454545456,0.045454545454545456,0.045454545454545456,5,
django,stream,1,late_inflight,0,0,0,5,
django,stream,1,max_inflight_age_ms,1252.53,1041.518,1264.7489999999998,5,
django,stream,1,response_law_R_ms,2789.7113684210985,2789.3065789474736,2789.883578947315,5,
django,stream,1,derived_queue_wait_ms,0.0,0.0,0.0,5,
django,stream,1,derived_ttft_ms,566.024,566.024,566.024,5,
django,stream,1,stream_finished_loaded,21,21,21,5,
django,stream,1,stream_csr_pct,100.0,100.0,100.0,5,
django,stream,1,chunks_ok_pct,100.0,100.0,100.0,5,
django,stream,1,ttft_p50_ms,566.024,565.86,566.117,5,False
django,stream,1,ttft_p95_ms,567.161,566.93,568.735,5,False
django,stream,1,tpot_p50_ms,202.057,202.039,202.127,5,
django,stream,1,tpot_p95_ms,202.195,202.161,202.212,5,
django,stream,1,token_count_p50,12.0,12.0,12.0,5,
django,stream,1,cpu_mean_loaded_pct,0.502092050209205,0.48535564853556484,0.5210084033613446,5,
django,stream,1,cpu_max_loaded_pct,4.0,4.0,8.0,5,
django,stream,1,cpu_ms_per_request,14.290655238056347,13.802596190466177,14.764211428576218,5,
django,stream,1,idle_rss_mb,65.16,65.0,65.25,5,
django,stream,1,peak_rss_mb,65.29,65.12,65.38,5,
django,stream,1,rss_growth_mb,0.12999999999999545,0.12000000000000455,0.25,5,
django,stream,1,idle_uss_mb,51.41,51.38,51.41,5,
django,stream,1,peak_uss_mb,51.58,51.55,51.59,5,
django,stream,1,uss_growth_mb,0.1700000000000017,0.1699999999999946,0.18000000000000682,5,
django,stream,1,sim_cpu_mean_pct,0.23430962343096234,0.23430962343096234,0.26778242677824265,5,
django,stream,1,sim_cpu_p95_pct,4.0,4.0,4.0,5,
django,stream,1,sim_peak_uss_mb,16.86,16.86,16.86,5,
django,stream,1,monitor_cpu_pct,0.531,0.498,0.598,5,
django,stream,1,sim_monitor_cpu_pct,0.448,0.365,0.448,5,
django,stream,1,clock_rate_ratio,1.0000024396950185,0.9999449791989979,1.0001235408366715,5,
django,stream,1,clock_rate_uncertainty,0.0006108344450378546,0.0005999320919325091,0.0006174175210352626,5,
django,stream,1,clock_rate_half_diff,0.00032927298683982364,0.0001371653604702594,0.0005294179106963837,5,
django,stream,1,clock_step_ms,0.001,0.001,0.017,5,
django,stream,5,completions,21,21,21,5,
django,stream,5,failures,0,0,0,5,
django,stream,5,finished_loaded,21,21,21,5,
django,stream,5,error_rate_pct,0.0,0.0,0.0,5,
django,stream,5,locust_rps,0.3586834410659002,0.35864833945809843,0.3587220148972596,5,
django,stream,5,throughput_fixed_window,0.3684480585566024,0.36842768523157393,0.3700104989060117,5,
django,stream,5,throughput_completion_rate,0.3587470363246453,0.3586982455540329,0.3587643777184691,5,
django,stream,5,ceiling_rps,0.3596604805064019,0.3596604805064019,0.3596604805064019,5,
django,stream,5,share_of_ceiling,1.0244329820107774,1.0243763360178681,1.028777191158275,5,
django,stream,5,share_of_ceiling_completion_rate,0.9974602597970438,0.9973246019384332,0.9975084758084315,5,
django,stream,5,closed_system_consistency,0.9201262747973707,0.920060128555116,0.9201832360735767,5,
django,stream,5,min_1s_completions,0,0,0,5,
django,stream,5,min_1s_completion_ratio,0.0,0.0,0.0,5,
django,stream,5,latency_p50_ms,13937.024,13935.469,13938.176,5,False
django,stream,5,latency_p90_ms,13940.339,13939.173,13941.846,5,False
django,stream,5,latency_p95_ms,13941.927,13939.999,13942.828,5,False
django,stream,5,latency_mean_ms,12347.106857142857,12345.409761904762,12347.719190476191,5,False
django,stream,5,inflight_at_stop,5,5,5,5,
django,stream,5,censoring_fraction,0.19230769230769232,0.19230769230769232,0.19230769230769232,5,
django,stream,5,late_inflight,0,0,0,5,
django,stream,5,max_inflight_age_ms,12441.25,12213.177,12452.988,5,
django,stream,5,response_law_R_ms,13937.397368421156,13936.723684210418,13939.293157894243,5,
django,stream,5,derived_queue_wait_ms,11149.917894736926,11149.378947368334,11151.434526315394,5,
django,stream,5,derived_ttft_ms,11715.941894736925,11715.402947368333,11717.458526315393,5,
django,stream,5,stream_finished_loaded,21,21,21,5,
django,stream,5,stream_csr_pct,100.0,100.0,100.0,5,
django,stream,5,chunks_ok_pct,100.0,100.0,100.0,5,
django,stream,5,ttft_p50_ms,11713.056,11711.333,11713.794,5,False
django,stream,5,ttft_p95_ms,11717.501,11714.403,11719.069,5,False
django,stream,5,tpot_p50_ms,202.191,202.05,202.269,5,
django,stream,5,tpot_p95_ms,202.399,202.317,202.433,5,
django,stream,5,token_count_p50,12.0,12.0,12.0,5,
django,stream,5,cpu_mean_loaded_pct,0.502092050209205,0.48535564853556484,0.502092050209205,5,
django,stream,5,cpu_max_loaded_pct,4.0,4.0,8.0,5,
django,stream,5,cpu_ms_per_request,14.282207619045428,13.80607809524961,14.291500952392763,5,
django,stream,5,idle_rss_mb,65.03,64.91,65.13,5,
django,stream,5,peak_rss_mb,65.25,65.16,65.28,5,
django,stream,5,rss_growth_mb,0.25,0.12000000000000455,0.25,5,
django,stream,5,idle_uss_mb,51.38,51.37,51.39,5,
django,stream,5,peak_uss_mb,51.56,51.54,51.57,5,
django,stream,5,uss_growth_mb,0.1700000000000017,0.1700000000000017,0.18999999999999773,5,
django,stream,5,sim_cpu_mean_pct,0.2510460251046025,0.23430962343096234,0.2673640167364017,5,
django,stream,5,sim_cpu_p95_pct,4.0,4.0,4.0,5,
django,stream,5,sim_peak_uss_mb,16.86,16.86,16.86,5,
django,stream,5,monitor_cpu_pct,0.547,0.514,0.597,5,
django,stream,5,sim_monitor_cpu_pct,0.431,0.381,0.448,5,
django,stream,5,clock_rate_ratio,1.0001128821390435,0.9999575775547317,1.0002359411151318,5,
django,stream,5,clock_rate_uncertainty,0.0006220358475031087,0.0005998246137482407,0.0006356932345987839,5,
django,stream,5,clock_rate_half_diff,0.0002710865198960466,0.00011401250968079424,0.0003614444122344018,5,
django,stream,5,clock_step_ms,0.003,0.001,0.055,5,
django,stream,10,completions,21,21,21,5,
django,stream,10,failures,0,0,0,5,
django,stream,10,finished_loaded,21,21,21,5,
django,stream,10,error_rate_pct,0.0,0.0,0.0,5,
django,stream,10,locust_rps,0.3586618847625121,0.35863243835725445,0.358714653295715,5,
django,stream,10,throughput_fixed_window,0.3684505506430543,0.3684118535369127,0.3701231099420698,5,
django,stream,10,throughput_completion_rate,0.3587319452572169,0.3587092568586546,0.3587676226420134,5,
django,stream,10,ceiling_rps,0.3596604805064019,0.3596604805064019,0.3596604805064019,5,
django,stream,10,share_of_ceiling,1.0244399110079483,1.0243323175740322,1.029090294882931,5,
django,stream,10,share_of_ceiling_completion_rate,0.9974183005931659,0.9973552177698034,0.9975174979938541,5,
django,stream,10,closed_system_consistency,0.7976776911029863,0.7976003168196126,0.7977885844692123,5,
django,stream,10,min_1s_completions,0,0,0,5,
django,stream,10,min_1s_completion_ratio,0.0,0.0,0.0,5,
django,stream,10,latency_p50_ms,27871.833,27871.015,27874.807,5,False
django,stream,10,latency_p90_ms,27876.984,27874.761,27880.126,5,False
django,stream,10,latency_p95_ms,27877.427,27876.975,27880.669,5,False
django,stream,10,latency_mean_ms,21309.546523809524,21308.360047619048,21313.312380952382,5,False
django,stream,10,inflight_at_stop,10,10,10,5,
django,stream,10,censoring_fraction,0.3225806451612903,0.3225806451612903,0.3225806451612903,5,
django,stream,10,late_inflight,0,0,0,5,
django,stream,10,max_inflight_age_ms,26386.175000000003,26129.131999999998,26388.064,5,
django,stream,10,response_law_R_ms,27875.967368419977,27873.19526315849,27877.730526314204,5,
django,stream,10,derived_queue_wait_ms,25088.37063157798,25085.87573684264,25089.957473682785,5,
django,stream,10,derived_ttft_ms,25654.39463157798,25651.899736842643,25655.981473682787,5,
django,stream,10,stream_finished_loaded,21,21,21,5,
django,stream,10,stream_csr_pct,100.0,100.0,100.0,5,
django,stream,10,chunks_ok_pct,100.0,100.0,100.0,5,
django,stream,10,ttft_p50_ms,25648.394,25648.059,25650.563,5,False
django,stream,10,ttft_p95_ms,25652.81,25652.218,25655.755,5,False
django,stream,10,tpot_p50_ms,202.083,202.039,202.271,5,
django,stream,10,tpot_p95_ms,202.388,202.355,202.411,5,
django,stream,10,token_count_p50,12.0,12.0,12.0,5,
django,stream,10,cpu_mean_loaded_pct,0.502092050209205,0.48535564853556484,0.5042016806722689,5,
django,stream,10,cpu_max_loaded_pct,4.0,4.0,8.0,5,
django,stream,10,cpu_ms_per_request,14.28711238092676,13.81873904760661,14.293072380934888,5,
django,stream,10,idle_rss_mb,65.12,64.82,65.25,5,
django,stream,10,peak_rss_mb,65.25,65.07,65.5,5,
django,stream,10,rss_growth_mb,0.25,0.12999999999999545,0.25,5,
django,stream,10,idle_uss_mb,51.39,51.34,51.41,5,
django,stream,10,peak_uss_mb,51.57,51.52,51.59,5,
django,stream,10,uss_growth_mb,0.17999999999999972,0.1700000000000017,0.18000000000000682,5,
django,stream,10,sim_cpu_mean_pct,0.2510460251046025,0.23430962343096234,0.25210084033613445,5,
django,stream,10,sim_cpu_p95_pct,4.0,4.0,4.0,5,
django,stream,10,sim_peak_uss_mb,16.86,16.86,16.86,5,
django,stream,10,monitor_cpu_pct,0.597,0.531,0.613,5,
django,stream,10,sim_monitor_cpu_pct,0.381,0.348,0.448,5,
django,stream,10,clock_rate_ratio,1.0000068480585351,0.999828295466889,1.0001159910381372,5,
django,stream,10,clock_rate_uncertainty,0.0006057019243751727,0.0005895070027129395,0.0006113500740204795,5,
django,stream,10,clock_rate_half_diff,0.0003202659306731359,0.00011022874459187815,0.00042696411847664706,5,
django,stream,10,clock_step_ms,0.003,0.001,0.029,5,
django,stream,25,completions,21,21,21,5,
django,stream,25,failures,0,0,0,5,
django,stream,25,finished_loaded,21,21,21,5,
django,stream,25,error_rate_pct,0.0,0.0,0.0,5,
django,stream,25,locust_rps,0.3587206006983227,0.35866840001672473,0.35873277369309675,5,
django,stream,25,throughput_fixed_window,0.36847480594474424,0.3684408955357058,0.3698294511650162,5,
django,stream,25,throughput_completion_rate,0.35875737321929574,0.358718893997912,0.3587694585224718,5,
django,stream,25,ceiling_rps,0.3596604805064019,0.3596604805064019,0.3596604805064019,5,
django,stream,25,share_of_ceiling,1.024507350448767,1.0244130659474766,1.0282738060192111,5,
django,stream,25,share_of_ceiling_completion_rate,0.99748900049893,0.9973820128717946,0.9975226024758806,5,
django,stream,25,closed_system_consistency,0.4432964578124854,0.44327986556945503,0.44342791160489065,5,
django,stream,25,min_1s_completions,0,0,0,5,
django,stream,25,min_1s_completion_ratio,0.0,0.0,0.0,5,
django,stream,25,latency_p50_ms,29552.967,29549.524,29560.325,5,True
django,stream,25,latency_p90_ms,50962.799,50960.354,50974.006,5,True
django,stream,25,latency_p95_ms,53638.414,53636.28,53647.155,5,True
django,stream,25,latency_mean_ms,29553.763714285713,29551.879857142856,29561.92304761905,5,True
django,stream,25,inflight_at_stop,25,25,25,5,
django,stream,25,censoring_fraction,0.5434782608695652,0.5434782608695652,0.5434782608695652,5,
django,stream,25,late_inflight,6,6,6,5,
django,stream,25,max_inflight_age_ms,57501.519,57303.859000000004,57507.436,5,
django,stream,25,response_law_R_ms,69684.97894736893,69682.63157894782,69692.45394736725,5,
django,stream,25,derived_queue_wait_ms,66897.57978947417,66895.3263157899,66904.75578947256,5,
django,stream,25,derived_ttft_ms,67463.60378947417,67461.35031578991,67470.77978947257,5,
django,stream,25,stream_finished_loaded,21,21,21,5,
django,stream,25,stream_csr_pct,100.0,100.0,100.0,5,
django,stream,25,chunks_ok_pct,100.0,100.0,100.0,5,
django,stream,25,ttft_p50_ms,27329.231,27327.383,27339.489,5,True
django,stream,25,ttft_p95_ms,51416.112,51411.2,51425.018,5,True
django,stream,25,tpot_p50_ms,202.121,202.008,202.211,5,
django,stream,25,tpot_p95_ms,202.35,202.304,202.41,5,
django,stream,25,token_count_p50,12.0,12.0,12.0,5,
django,stream,25,cpu_mean_loaded_pct,0.48535564853556484,0.48535564853556484,0.5042016806722689,5,
django,stream,25,cpu_max_loaded_pct,4.0,4.0,8.0,5,
django,stream,25,cpu_ms_per_request,13.816262857130603,13.79848761905339,14.296514285683985,5,
django,stream,25,idle_rss_mb,65.25,65.04,65.25,5,
django,stream,25,peak_rss_mb,65.29,65.25,65.38,5,
django,stream,25,rss_growth_mb,0.12999999999999545,0.0,0.25,5,
django,stream,25,idle_uss_mb,51.38,51.36,51.41,5,
django,stream,25,peak_uss_mb,51.56,51.54,51.59,5,
django,stream,25,uss_growth_mb,0.17999999999999972,0.1700000000000017,0.18999999999999773,5,
django,stream,25,sim_cpu_mean_pct,0.2510460251046025,0.23347280334728032,0.26778242677824265,5,
django,stream,25,sim_cpu_p95_pct,4.0,3.8199999999999985,4.0,5,
django,stream,25,sim_peak_uss_mb,16.86,16.86,16.86,5,
django,stream,25,monitor_cpu_pct,0.581,0.58,0.63,5,
django,stream,25,sim_monitor_cpu_pct,0.365,0.332,0.398,5,
django,stream,25,clock_rate_ratio,1.0000128247356534,0.9999722100469939,1.0000626214133483,5,
django,stream,25,clock_rate_uncertainty,0.0006035516698491764,0.0005932442225564764,0.0006183435634210003,5,
django,stream,25,clock_rate_half_diff,0.00021422795014536256,2.190202599661184e-05,0.0007656695378672751,5,
django,stream,25,clock_step_ms,0.003,0.001,0.193,5,
django,stream,50,completions,21,21,21,5,
django,stream,50,failures,0,0,0,5,
django,stream,50,finished_loaded,21,21,21,5,
django,stream,50,error_rate_pct,0.0,0.0,0.0,5,
django,stream,50,locust_rps,0.3586633335499773,0.3586258820644629,0.35867784397733293,5,
django,stream,50,throughput_fixed_window,0.3692691664908779,0.36840791087085517,0.36970465120151264,5,
django,stream,50,throughput_completion_rate,0.35870936521432184,0.35868185174603584,0.35875291595313347,5,
django,stream,50,ceiling_rps,0.3596604805064019,0.3596604805064019,0.3596604805064019,5,
django,stream,50,share_of_ceiling,1.0267159905112369,1.0243213553853259,1.0279268122006857,5,
django,stream,50,share_of_ceiling_completion_rate,0.9973555190419006,0.9972790205946781,0.9974766075160924,5,
django,stream,50,closed_system_consistency,0.22584665800493353,0.22582403898831413,0.22587552297937993,5,
django,stream,50,min_1s_completions,0,0,0,5,
django,stream,50,min_1s_completion_ratio,0.0,0.0,0.0,5,
django,stream,50,latency_p50_ms,30113.693,30112.391,30117.255,5,True
django,stream,50,latency_p90_ms,51972.804,51969.499,51977.12,5,True
django,stream,50,latency_p95_ms,54702.867,54698.97,54708.066,5,True
django,stream,50,latency_mean_ms,30114.502666666667,30113.010619047618,30118.519476190475,5,True
django,stream,50,inflight_at_stop,50,50,50,5,
django,stream,50,censoring_fraction,0.704225352112676,0.704225352112676,0.704225352112676,5,
django,stream,50,late_inflight,30,30,30,5,
django,stream,50,max_inflight_age_ms,58553.128000000004,58489.197,58679.494,5,
django,stream,50,response_law_R_ms,139388.61052631278,139371.6894736874,139399.30263157678,5,
django,stream,50,derived_queue_wait_ms,136600.83831578653,136584.25568421365,136611.31657894523,5,
django,stream,50,derived_ttft_ms,137166.86231578654,137150.27968421366,137177.34057894524,5,
django,stream,50,stream_finished_loaded,21,21,21,5,
django,stream,50,stream_csr_pct,100.0,100.0,100.0,5,
django,stream,50,chunks_ok_pct,100.0,100.0,100.0,5,
django,stream,50,ttft_p50_ms,27890.96,27890.03,27892.627,5,True
django,stream,50,ttft_p95_ms,52478.913,52475.585,52486.588,5,True
django,stream,50,tpot_p50_ms,202.051,202.001,202.191,5,
django,stream,50,tpot_p95_ms,202.368,202.334,202.415,5,
django,stream,50,token_count_p50,12.0,12.0,12.0,5,
django,stream,50,cpu_mean_loaded_pct,0.48739495798319327,0.48535564853556484,0.5042016806722689,5,
django,stream,50,cpu_max_loaded_pct,4.0,4.0,8.0,5,
django,stream,50,cpu_ms_per_request,13.820988571401571,13.810232380963582,14.295340952355348,5,
django,stream,50,idle_rss_mb,65.12,64.83,65.16,5,
django,stream,50,peak_rss_mb,65.28,65.08,65.54,5,
django,stream,50,rss_growth_mb,0.25,0.12000000000000455,0.38000000000000966,5,
django,stream,50,idle_uss_mb,51.38,51.36,51.4,5,
django,stream,50,peak_uss_mb,51.56,51.54,51.58,5,
django,stream,50,uss_growth_mb,0.17999999999999972,0.1699999999999946,0.17999999999999972,5,
django,stream,50,sim_cpu_mean_pct,0.2510460251046025,0.23529411764705882,0.2510460251046025,5,
django,stream,50,sim_cpu_p95_pct,4.0,4.0,4.0,5,
django,stream,50,sim_peak_uss_mb,16.86,16.86,16.86,5,
django,stream,50,monitor_cpu_pct,0.58,0.564,0.63,5,
django,stream,50,sim_monitor_cpu_pct,0.381,0.365,0.43,5,
django,stream,50,clock_rate_ratio,0.9999347347467091,0.9997609317193002,1.0001020734698427,5,
django,stream,50,clock_rate_uncertainty,0.0006081887781318381,0.0005996234683686084,0.0006243912598382451,5,
django,stream,50,clock_rate_half_diff,0.00026993221488513797,9.988626602519535e-05,0.0005441771551717434,5,
django,stream,50,clock_step_ms,0.027,0.001,0.099,5,
django,stream,100,completions,21,21,21,5,
django,stream,100,failures,0,0,0,5,
django,stream,100,finished_loaded,21,21,21,5,
django,stream,100,error_rate_pct,0.0,0.0,0.0,5,
django,stream,100,locust_rps,0.35858527635488613,0.3585388739988396,0.3587215663846125,5,
django,stream,100,throughput_fixed_window,0.3693169131280219,0.36835660880862986,0.37001664733756706,5,
django,stream,100,throughput_completion_rate,0.35869121655072067,0.35861851164974073,0.358783956541067,5,
django,stream,100,ceiling_rps,0.3596604805064019,0.3596604805064019,0.3596604805064019,5,
django,stream,100,share_of_ceiling,1.026848745261152,1.0241787151315145,1.0287942862573716,5,
django,stream,100,share_of_ceiling_completion_rate,0.9973050584976239,0.9971029097909392,0.9975629127667828,5,
django,stream,100,closed_system_consistency,0.11397957891415393,0.1139575675525508,0.11402124850897664,5,
django,stream,100,min_1s_completions,0,0,0,5,
django,stream,100,min_1s_completion_ratio,0.0,0.0,0.0,5,
django,stream,100,latency_p50_ms,30399.514,30382.812,30407.011,5,True
django,stream,100,latency_p90_ms,52482.402,52464.966,52488.676,5,True
django,stream,100,latency_p95_ms,55241.655,55223.586,55248.516,5,True
django,stream,100,latency_mean_ms,30400.44838095238,30387.726380952383,30407.92923809524,5,True
django,stream,100,inflight_at_stop,100,100,100,5,
django,stream,100,censoring_fraction,0.8264462809917356,0.8264462809917356,0.8264462809917356,5,
django,stream,100,late_inflight,80,80,80,5,
django,stream,100,max_inflight_age_ms,59130.372,59027.888,59271.272000000004,5,
django,stream,100,response_law_R_ms,278791.326315791,278719.26315789385,278847.8473684287,5,
django,stream,100,derived_queue_wait_ms,276003.4130526331,275932.0705263149,276059.36889474443,5,
django,stream,100,derived_ttft_ms,276569.4370526331,276498.0945263149,276625.3928947444,5,
django,stream,100,stream_finished_loaded,21,21,21,5,
django,stream,100,stream_csr_pct,100.0,100.0,100.0,5,
django,stream,100,chunks_ok_pct,100.0,100.0,100.0,5,
django,stream,100,ttft_p50_ms,28176.741,28159.424,28182.807,5,True
django,stream,100,ttft_p95_ms,53020.434,53000.472,53025.43,5,True
django,stream,100,tpot_p50_ms,202.224,202.014,202.289,5,
django,stream,100,tpot_p95_ms,202.382,202.235,202.47,5,
django,stream,100,token_count_p50,12.0,12.0,12.0,5,
django,stream,100,cpu_mean_loaded_pct,0.502092050209205,0.48535564853556484,0.5546218487394958,5,
django,stream,100,cpu_max_loaded_pct,8.0,4.0,8.0,5,
django,stream,100,cpu_ms_per_request,14.274638095237258,13.79554857142336,15.721436190506214,5,
django,stream,100,idle_rss_mb,65.09,65.03,65.37,5,
django,stream,100,peak_rss_mb,65.3,65.16,65.5,5,
django,stream,100,rss_growth_mb,0.12999999999999545,0.11999999999999034,0.25,5,
django,stream,100,idle_uss_mb,51.4,51.34,51.47,5,
django,stream,100,peak_uss_mb,51.57,51.52,51.64,5,
django,stream,100,uss_growth_mb,0.1700000000000017,0.1700000000000017,0.17999999999999972,5,
django,stream,100,sim_cpu_mean_pct,0.2510460251046025,0.23430962343096234,0.2689075630252101,5,
django,stream,100,sim_cpu_p95_pct,4.0,4.0,4.0,5,
django,stream,100,sim_peak_uss_mb,16.86,16.86,16.86,5,
django,stream,100,monitor_cpu_pct,0.614,0.563,0.713,5,
django,stream,100,sim_monitor_cpu_pct,0.381,0.365,0.431,5,
django,stream,100,clock_rate_ratio,1.000057864007301,0.9999237702787606,1.0000804202838185,5,
django,stream,100,clock_rate_uncertainty,0.0006118774146667968,0.0006027825698375074,0.0006483171248952429,5,
django,stream,100,clock_rate_half_diff,0.0004125401668058082,8.83061961838294e-05,0.0006215240710165659,5,
django,stream,100,clock_step_ms,0.008,0.001,0.042,5,
django_mw,inference,1,completions,20,20,20,5,
django_mw,inference,1,failures,0,0,0,5,
django_mw,inference,1,finished_loaded,20,20,20,5,
django_mw,inference,1,error_rate_pct,0.0,0.0,0.0,5,
django_mw,inference,1,locust_rps,0.3454278082223336,0.3446723693510288,0.3457733168173827,5,
django_mw,inference,1,throughput_fixed_window,0.3513131513168469,0.35127075639410527,0.3513260657327313,5,
django_mw,inference,1,throughput_completion_rate,0.3457434154751119,0.3450695182802677,0.3460766510946949,5,
django_mw,inference,1,ceiling_rps,0.34746351633078526,0.34746351633078526,0.34746351633078526,5,
django_mw,inference,1,share_of_ceiling,1.0110792494898853,1.010957236902235,1.0111164171788007,5,
django_mw,inference,1,share_of_ceiling_completion_rate,0.995049549737372,0.9931100736106105,0.9960086018505319,5,
django_mw,inference,1,closed_system_consistency,1.0007273618692036,0.9998175893916031,1.0009053331771864,5,
django_mw,inference,1,min_1s_completions,0,0,0,5,
django_mw,inference,1,min_1s_completion_ratio,0.0,0.0,0.0,5,
django_mw,inference,1,latency_p50_ms,2889.178,2888.8775,2889.4365,5,False
django_mw,inference,1,latency_p90_ms,2903.2999000000004,2890.9575999999997,2941.3713000000002,5,False
django_mw,inference,1,latency_p95_ms,2939.8001,2893.95425,2945.1510999999996,5,False
django_mw,inference,1,latency_mean_ms,2894.76035,2891.86795,2901.1268,5,False
django_mw,inference,1,inflight_at_stop,1,1,1,5,
django_mw,inference,1,censoring_fraction,0.047619047619047616,0.047619047619047616,0.047619047619047616,5,
django_mw,inference,1,late_inflight,0,0,0,5,
django_mw,inference,1,max_inflight_age_ms,1938.319,1813.223,2003.9030000000002,5,
django_mw,inference,1,response_law_R_ms,2892.3182777778293,2889.533277777749,2897.966777777785,5,
django_mw,inference,1,derived_queue_wait_ms,0.0,0.0,0.0,5,
django_mw,inference,1,cpu_mean_loaded_pct,0.33556485355648535,0.300836820083682,0.5849372384937238,5,
django_mw,inference,1,cpu_max_loaded_pct,20.3,20.0,24.0,5,
django_mw,inference,1,cpu_ms_per_request,9.96947380001093,9.001265299983242,17.542423650001098,5,
django_mw,inference,1,idle_rss_mb,1092.1,1090.39,1093.43,5,
django_mw,inference,1,peak_rss_mb,1096.43,1092.02,1099.6,5,
django_mw,inference,1,rss_growth_mb,3.1299999999998818,1.6299999999998818,7.5,5,
django_mw,inference,1,idle_uss_mb,789.05,787.57,789.45,5,
django_mw,inference,1,peak_uss_mb,792.59,791.12,795.79,5,
django_mw,inference,1,uss_growth_mb,3.5400000000000773,1.830000000000041,8.149999999999977,5,
django_mw,inference,1,sim_cpu_mean_pct,0.050627615062761505,0.03347280334728033,0.06694560669456066,5,
django_mw,inference,1,sim_cpu_p95_pct,0.0,0.0,0.0,5,
django_mw,inference,1,sim_peak_uss_mb,17.72,17.72,17.73,5,
django_mw,inference,1,monitor_cpu_pct,5.76,5.675,6.154,5,
django_mw,inference,1,sim_monitor_cpu_pct,0.431,0.365,0.481,5,
django_mw,inference,1,clock_rate_ratio,1.000055384489467,0.9999476263852701,1.0000793211425287,5,
django_mw,inference,1,clock_rate_uncertainty,0.0006163180895082696,0.0006011591036073257,0.0006633693164542514,5,
django_mw,inference,1,clock_rate_half_diff,0.0002320107903850399,7.35269039511266e-05,0.000380470857484827,5,
django_mw,inference,1,clock_step_ms,0.001,0.001,0.061,5,
django_mw,inference,5,completions,99,99,99,5,
django_mw,inference,5,failures,0,0,0,5,
django_mw,inference,5,finished_loaded,99,99,99,5,
django_mw,inference,5,error_rate_pct,0.0,0.0,0.0,5,
django_mw,inference,5,locust_rps,1.6618173298604477,1.6607146751662478,1.6625481002910458,5,
django_mw,inference,5,throughput_fixed_window,1.738017602723381,1.7378966649957286,1.738268927058402,5,
django_mw,inference,5,throughput_completion_rate,1.7287486324761923,1.7267250094246085,1.73145204800341,5,
django_mw,inference,5,ceiling_rps,1.7373175816539264,1.7373175816539264,1.7373175816539264,5,
django_mw,inference,5,share_of_ceiling,1.000402932127578,1.0003333203715414,1.000547594414816,5,
django_mw,inference,5,share_of_ceiling_completion_rate,0.9950677128532962,0.9939029154248047,0.9966237988307627,5,
django_mw,inference,5,closed_system_consistency,0.9995797401156615,0.9983215606373264,1.0006912596710027,5,
django_mw,inference,5,min_1s_completions,1,1,1,5,
django_mw,inference,5,min_1s_completion_ratio,0.5784530967741903,0.5775499247311703,0.5791310107526775,5,
django_mw,inference,5,latency_p50_ms,2887.18,2886.96,2887.351,5,False
django_mw,inference,5,latency_p90_ms,2896.8696,2888.9012000000002,2932.6326,5,False
django_mw,inference,5,latency_p95_ms,2941.4201,2933.9709,2942.8308,5,False
django_mw,inference,5,latency_mean_ms,2892.194787878788,2891.6761313131315,2893.6486767676765,5,False
django_mw,inference,5,inflight_at_stop,5,5,5,5,
django_mw,inference,5,censoring_fraction,0.04807692307692308,0.04807692307692308,0.04807692307692308,5,
django_mw,inference,5,late_inflight,0,0,0,5,
django_mw,inference,5,max_inflight_age_ms,2464.321,2448.135,2613.145,5,
django_mw,inference,5,response_law_R_ms,2892.2654838709514,2887.7496236558513,2895.655053763387,5,
django_mw,inference,5,derived_queue_wait_ms,0.0,0.0,0.0,5,
django_mw,inference,5,cpu_mean_loaded_pct,1.5589958158995816,1.5238493723849373,1.89163179916318,5,
django_mw,inference,5,cpu_max_loaded_pct,24.0,19.9,28.1,5,
django_mw,inference,5,cpu_ms_per_request,9.397221090908774,9.18818680808315,11.419738181820527,5,
django_mw,inference,5,idle_rss_mb,1093.29,1092.64,1095.33,5,
django_mw,inference,5,peak_rss_mb,1109.58,1106.76,1111.41,5,
django_mw,inference,5,rss_growth_mb,15.63000000000011,12.88000000000011,18.12000000000012,5,
django_mw,inference,5,idle_uss_mb,789.29,787.68,791.07,5,
django_mw,inference,5,peak_uss_mb,806.53,803.29,809.87,5,
django_mw,inference,5,uss_growth_mb,17.24000000000001,14.069999999999936,20.58000000000004,5,
django_mw,inference,5,sim_cpu_mean_pct,0.2510460251046025,0.23430962343096234,0.2510460251046025,5,
django_mw,inference,5,sim_cpu_p95_pct,4.0,4.0,4.0,5,
django_mw,inference,5,sim_peak_uss_mb,17.73,17.72,17.73,5,
django_mw,inference,5,monitor_cpu_pct,5.892,5.674,5.942,5,
django_mw,inference,5,sim_monitor_cpu_pct,0.448,0.431,0.464,5,
django_mw,inference,5,clock_rate_ratio,1.0000483212902627,0.9999907953017827,1.0000649508046018,5,
django_mw,inference,5,clock_rate_uncertainty,0.0006231361683624366,0.0005973143793544551,0.0006528778678719864,5,
django_mw,inference,5,clock_rate_half_diff,0.00010217426564751442,9.8001057788899e-06,0.0004969851305614004,5,
django_mw,inference,5,clock_step_ms,0.001,0.001,0.092,5,
django_mw,inference,10,completions,198,197,198,5,
django_mw,inference,10,failures,0,0,0,5,
django_mw,inference,10,finished_loaded,197,197,197,5,
django_mw,inference,10,error_rate_pct,0.0,0.0,0.0,5,
django_mw,inference,10,locust_rps,3.308655445653635,3.3016636570162134,3.3089056592111117,5,
django_mw,inference,10,throughput_fixed_window,3.457590804755784,3.4569399333161352,3.457906723191469,5,
django_mw,inference,10,throughput_completion_rate,3.4589664667706184,3.4529139307738608,3.4678516726007467,5,
django_mw,inference,10,ceiling_rps,3.4746351633078527,3.4746351633078527,3.4746351633078527,5,
django_mw,inference,10,share_of_ceiling,0.9950946336087146,0.9949073128083837,0.9951855549345048,5,
django_mw,inference,10,share_of_ceiling_completion_rate,0.995490549136584,0.9937486292767171,0.9980477113744949,5,
django_mw,inference,10,closed_system_consistency,0.9991686864470342,0.9975106343986365,1.0015519495271321,5,
django_mw,inference,10,min_1s_completions,3,2,3,5,
django_mw,inference,10,min_1s_completion_ratio,0.8650889032258184,0.5782073978494658,0.8682829516128843,5,
django_mw,inference,10,latency_p50_ms,2886.8315000000002,2886.8055,2886.941,5,False
django_mw,inference,10,latency_p90_ms,2889.0386,2888.6148000000003,2892.4278,5,False
django_mw,inference,10,latency_p95_ms,2938.3579999999997,2935.856,2939.4423500000003,5,False
django_mw,inference,10,latency_p99_ms,2944.78132,2943.17724,2948.22953,5,False
django_mw,inference,10,latency_mean_ms,2890.8772222222224,2890.4321624365484,2891.2081464646467,5,False
django_mw,inference,10,inflight_at_stop,9,9,10,5,
django_mw,inference,10,censoring_fraction,0.043478260869565216,0.043478260869565216,0.04830917874396135,5,
django_mw,inference,10,late_inflight,0,0,0,5,
django_mw,inference,10,max_inflight_age_ms,2595.523,2563.71,2859.218,5,
django_mw,inference,10,response_law_R_ms,2891.036989247329,2883.6296774193947,2896.104623655887,5,
django_mw,inference,10,derived_queue_wait_ms,0.0,0.0,0.0,5,
django_mw,inference,10,cpu_mean_loaded_pct,2.76234309623431,2.6142259414225943,2.9627615062761508,5,
django_mw,inference,10,cpu_max_loaded_pct,24.1,24.1,24.2,5,
django_mw,inference,10,cpu_ms_per_request,8.374034984772997,7.915395802029676,8.981862258881407,5,
django_mw,inference,10,idle_rss_mb,1094.7,1090.83,1096.76,5,
django_mw,inference,10,peak_rss_mb,1115.75,1114.95,1117.42,5,
django_mw,inference,10,rss_growth_mb,20.75,20.0,24.12000000000012,5,
django_mw,inference,10,idle_uss_mb,789.32,787.64,790.97,5,
django_mw,inference,10,peak_uss_mb,814.25,812.45,815.96,5,
django_mw,inference,10,uss_growth_mb,23.350000000000023,23.220000000000027,26.639999999999986,5,
django_mw,inference,10,sim_cpu_mean_pct,0.48535564853556484,0.4686192468619247,0.502928870292887,5,
django_mw,inference,10,sim_cpu_p95_pct,4.0,4.0,4.0,5,
django_mw,inference,10,sim_peak_uss_mb,17.72,17.72,17.73,5,
django_mw,inference,10,monitor_cpu_pct,5.806,5.722,6.12,5,
django_mw,inference,10,sim_monitor_cpu_pct,0.415,0.365,0.448,5,
django_mw,inference,10,clock_rate_ratio,1.0000161561844516,0.9999191735040327,1.0000452735703753,5,
django_mw,inference,10,clock_rate_uncertainty,0.0006120564104689955,0.000590361468150585,0.0006201812428360566,5,
django_mw,inference,10,clock_rate_half_diff,8.666139965551878e-05,2.082021798877065e-05,0.0001997428386831812,5,
django_mw,inference,10,clock_step_ms,0.008,0.001,0.053,5,
django_mw,inference,25,completions,340,340,340,5,
django_mw,inference,25,failures,0,0,0,5,
django_mw,inference,25,finished_loaded,340,340,340,5,
django_mw,inference,25,error_rate_pct,0.0,0.0,0.0,5,
django_mw,inference,25,locust_rps,5.675471305470799,5.6750526669029115,5.681390929997907,5,
django_mw,inference,25,throughput_fixed_window,5.9716626145959975,5.971471973983557,5.971867450812574,5,
django_mw,inference,25,throughput_completion_rate,5.982282078236521,5.982137486091143,5.982958230961809,5,
django_mw,inference,25,ceiling_rps,5.90687977762335,5.90687977762335,5.90687977762335,5,
django_mw,inference,25,share_of_ceiling,1.0109673532239576,1.010935078889687,1.0110020307905052,5,
django_mw,inference,25,share_of_ceiling_completion_rate,1.0127651659508652,1.0127406873511946,1.0128796346298874,5,
django_mw,inference,25,closed_system_consistency,1.0100604906562878,1.0100201171427075,1.010205759833327,5,
django_mw,inference,25,min_1s_completions,1,1,1,5,
django_mw,inference,25,min_1s_completion_ratio,0.16716028881987852,0.16714139751553003,0.16716432919254443,5,
django_mw,inference,25,latency_p50_ms,3845.5275,3818.526,3859.0460000000003,5,False
django_mw,inference,25,latency_p90_ms,4739.345,4736.606,4739.8288999999995,5,False
django_mw,inference,25,latency_p95_ms,4741.6038499999995,4739.76965,4783.36225,5,False
django_mw,inference,25,latency_p99_ms,4745.83605,4741.98551,4792.98653,5,False
django_mw,inference,25,latency_mean_ms,4156.722870588235,4156.509523529412,4157.157861764706,5,False
django_mw,inference,25,inflight_at_stop,25,25,25,5,
django_mw,inference,25,censoring_fraction,0.0684931506849315,0.0684931506849315,0.0684931506849315,5,
django_mw,inference,25,late_inflight,0,0,0,5,
django_mw,inference,25,max_inflight_age_ms,3943.453,3919.785,3949.898,5,
django_mw,inference,25,response_law_R_ms,4179.007220496963,4178.53493788825,4179.10822981361,5,
django_mw,inference,25,derived_queue_wait_ms,1337.2823105590278,1337.13118012424,1337.3146335403544,5,
django_mw,inference,25,cpu_mean_loaded_pct,3.800836820083682,3.7828451882845187,3.885355648535565,5,
django_mw,inference,25,cpu_max_loaded_pct,48.4,47.4,56.5,5,
django_mw,inference,25,cpu_ms_per_request,6.6754634852947525,6.650499579411198,6.826013961766083,5,
django_mw,inference,25,idle_rss_mb,1093.77,1092.77,1095.39,5,
django_mw,inference,25,peak_rss_mb,1119.27,1118.15,1119.95,5,
django_mw,inference,25,rss_growth_mb,25.38000000000011,23.75,26.38000000000011,5,
django_mw,inference,25,idle_uss_mb,789.55,789.44,791.07,5,
django_mw,inference,25,peak_uss_mb,817.58,817.39,817.73,5,
django_mw,inference,25,uss_growth_mb,28.129999999999995,26.319999999999936,28.229999999999905,5,
django_mw,inference,25,sim_cpu_mean_pct,0.8368200836820083,0.8368200836820083,0.8527196652719665,5,
django_mw,inference,25,sim_cpu_p95_pct,4.0,4.0,4.0,5,
django_mw,inference,25,sim_peak_uss_mb,17.71,17.71,17.72,5,
django_mw,inference,25,monitor_cpu_pct,5.906,5.841,6.006,5,
django_mw,inference,25,sim_monitor_cpu_pct,0.415,0.398,0.431,5,
django_mw,inference,25,clock_rate_ratio,1.0000292530187198,0.9999773921847896,1.0001680393398424,5,
django_mw,inference,25,clock_rate_uncertainty,0.0006060991351497654,0.000604522827372941,0.0006165983925310499,5,
django_mw,inference,25,clock_rate_half_diff,0.0001596925835835039,4.132129551193131e-06,0.00042441633759549013,5,
django_mw,inference,25,clock_step_ms,0.001,0.001,0.067,5,
django_mw,inference,50,completions,340,340,340,5,
django_mw,inference,50,failures,0,0,0,5,
django_mw,inference,50,finished_loaded,340,340,340,5,
django_mw,inference,50,error_rate_pct,0.0,0.0,0.0,5,
django_mw,inference,50,locust_rps,5.795171662872894,5.793073468064296,5.79633758301706,5,
django_mw,inference,50,throughput_fixed_window,5.971838805450027,5.971450995059922,5.972467377153984,5,
django_mw,inference,50,throughput_completion_rate,6.089630894233163,6.0859012103628976,6.094637954562246,5,
django_mw,inference,50,ceiling_rps,5.90687977762335,5.90687977762335,5.90687977762335,5,
django_mw,inference,50,share_of_ceiling,1.010997181299128,1.0109315272813209,1.0111035947911273,5,
django_mw,inference,50,share_of_ceiling_completion_rate,1.030938689035473,1.030307275495554,1.0317863548958908,5,
django_mw,inference,50,closed_system_consistency,0.9986383732687111,0.9981994941937787,0.9996756117574581,5,
django_mw,inference,50,min_1s_completions,0,0,0,5,
django_mw,inference,50,min_1s_completion_ratio,0.0,0.0,0.0,5,
django_mw,inference,50,latency_p50_ms,8590.8475,8586.796,8595.4215,5,False
django_mw,inference,50,latency_p90_ms,8618.6966,8610.8319,8652.354599999999,5,False
django_mw,inference,50,latency_p95_ms,8631.6237,8626.666650000001,8657.34455,5,False
django_mw,inference,50,latency_p99_ms,8654.744180000002,8651.42431,8663.55272,5,False
django_mw,inference,50,latency_mean_ms,7937.0988,7935.18655882353,7937.606997058823,5,False
django_mw,inference,50,inflight_at_stop,50,50,50,5,
django_mw,inference,50,censoring_fraction,0.1282051282051282,0.1282051282051282,0.1282051282051282,5,
django_mw,inference,50,late_inflight,0,0,0,5,
django_mw,inference,50,max_inflight_age_ms,7812.383,7787.332,7864.771,5,
django_mw,inference,50,response_law_R_ms,8210.678260869578,8203.9327639752,8215.710093167705,5,
django_mw,inference,50,derived_queue_wait_ms,5419.047652173921,5414.595624223632,5422.368661490686,5,
django_mw,inference,50,cpu_mean_loaded_pct,3.61673640167364,3.497907949790795,3.690794979079498,5,
django_mw,inference,50,cpu_max_loaded_pct,79.6,63.9,81.1,5,
django_mw,inference,50,cpu_ms_per_request,6.357252679411783,6.1473501441180805,6.5052022147054,5,
django_mw,inference,50,idle_rss_mb,1094.02,1093.67,1095.95,5,
django_mw,inference,50,peak_rss_mb,1118.78,1117.05,1119.27,5,
django_mw,inference,50,rss_growth_mb,23.87999999999988,22.86999999999989,25.25,5,
django_mw,inference,50,idle_uss_mb,790.73,789.46,791.11,5,
django_mw,inference,50,peak_uss_mb,817.52,817.34,817.73,5,
django_mw,inference,50,uss_growth_mb,26.629999999999995,26.579999999999927,28.199999999999932,5,
django_mw,inference,50,sim_cpu_mean_pct,0.800418410041841,0.7531380753138075,0.8368200836820083,5,
django_mw,inference,50,sim_cpu_p95_pct,4.0,4.0,4.0,5,
django_mw,inference,50,sim_peak_uss_mb,17.71,17.71,17.72,5,
django_mw,inference,50,monitor_cpu_pct,5.939,5.424,6.157,5,
django_mw,inference,50,sim_monitor_cpu_pct,0.415,0.348,0.448,5,
django_mw,inference,50,clock_rate_ratio,1.0000387483109263,0.9998300354939792,1.000108875451816,5,
django_mw,inference,50,clock_rate_uncertainty,0.0006161559622644155,0.0006001700513432796,0.0006758039288723651,5,
django_mw,inference,50,clock_rate_half_diff,0.000178520143064409,6.359236685615777e-05,0.0006876316264171622,5,
django_mw,inference,50,clock_step_ms,0.005,0.001,0.051,5,
django_mw,inference,100,completions,340,340,340,5,
django_mw,inference,100,failures,0,0,0,5,
django_mw,inference,100,finished_loaded,340,340,340,5,
django_mw,inference,100,error_rate_pct,0.0,0.0,0.0,5,
django_mw,inference,100,locust_rps,5.841776571641516,5.840316484565485,5.841874951423137,5,
django_mw,inference,100,throughput_fixed_window,5.971833447303308,5.971555148485719,5.972620632245266,5,
django_mw,inference,100,throughput_completion_rate,6.143372305780614,6.142753743469577,6.149784534086391,5,
django_mw,inference,100,ceiling_rps,5.90687977762335,5.90687977762335,5.90687977762335,5,
django_mw,inference,100,share_of_ceiling,1.0109962741964071,1.010949159843641,1.011129539976581,5,
django_mw,inference,100,share_of_ceiling_completion_rate,1.0400367938845063,1.0399320749238496,1.0411223464176842,5,
django_mw,inference,100,closed_system_consistency,0.9316826068462385,0.9315651423270225,0.932658715968173,5,
django_mw,inference,100,min_1s_completions,0,0,0,5,
django_mw,inference,100,min_1s_completion_ratio,0.0,0.0,0.0,5,
django_mw,inference,100,latency_p50_ms,17237.0415,17223.6795,17246.3175,5,False
django_mw,inference,100,latency_p90_ms,17267.0298,17258.2299,17277.5033,5,False
django_mw,inference,100,latency_p95_ms,17281.045000000002,17276.42615,17304.80425,5,False
django_mw,inference,100,latency_p99_ms,17315.95178,17285.29252,17326.86556,5,False
django_mw,inference,100,latency_mean_ms,14553.656526470588,14553.294129411765,14555.542729411765,5,False
django_mw,inference,100,inflight_at_stop,100,100,100,5,
django_mw,inference,100,censoring_fraction,0.22727272727272727,0.22727272727272727,0.22727272727272727,5,
django_mw,inference,100,late_inflight,0,0,0,5,
django_mw,inference,100,max_inflight_age_ms,16464.241,16460.431,16471.329,5,
django_mw,inference,100,response_law_R_ms,16277.704658385243,16260.732298136681,16279.343788819631,5,
django_mw,inference,100,derived_queue_wait_ms,13510.49486645975,13496.407807453446,13511.855344720294,5,
django_mw,inference,100,cpu_mean_loaded_pct,3.6523012552301255,3.5811715481171547,3.685774058577406,5,
django_mw,inference,100,cpu_max_loaded_pct,130.9,112.0,134.6,5,
django_mw,inference,100,cpu_ms_per_request,6.4182559970596715,6.301611244120879,6.483483717648013,5,
django_mw,inference,100,idle_rss_mb,1094.79,1092.8,1095.13,5,
django_mw,inference,100,peak_rss_mb,1119.0,1117.3,1119.59,5,
django_mw,inference,100,rss_growth_mb,24.5,23.86999999999989,25.63000000000011,5,
django_mw,inference,100,idle_uss_mb,789.51,789.42,791.12,5,
django_mw,inference,100,peak_uss_mb,817.65,817.38,817.74,5,
django_mw,inference,100,uss_growth_mb,28.1099999999999,26.590000000000032,28.280000000000086,5,
django_mw,inference,100,sim_cpu_mean_pct,0.8368200836820083,0.8037656903765691,0.8535564853556485,5,
django_mw,inference,100,sim_cpu_p95_pct,4.0,4.0,4.0,5,
django_mw,inference,100,sim_peak_uss_mb,17.72,17.71,17.73,5,
django_mw,inference,100,monitor_cpu_pct,5.84,5.74,5.973,5,
django_mw,inference,100,sim_monitor_cpu_pct,0.415,0.415,0.431,5,
django_mw,inference,100,clock_rate_ratio,1.000015466532175,0.9999195234780436,1.0001839904069807,5,
django_mw,inference,100,clock_rate_uncertainty,0.0006126086904955481,0.0005992525824045109,0.000625136471013032,5,
django_mw,inference,100,clock_rate_half_diff,4.3577193169053174e-05,1.0224072570563791e-05,0.00043822820449035405,5,
django_mw,inference,100,clock_step_ms,0.001,0.001,0.035,5,
django_mw,pipeline,1,completions,21,21,21,5,
django_mw,pipeline,1,failures,0,0,0,5,
django_mw,pipeline,1,finished_loaded,21,21,21,5,
django_mw,pipeline,1,error_rate_pct,0.0,0.0,0.0,5,
django_mw,pipeline,1,locust_rps,0.359645289375267,0.35918498492928275,0.3603879701972559,5,
django_mw,pipeline,1,throughput_fixed_window,0.36817799619038666,0.368151402728233,0.3682270060761646,5,
django_mw,pipeline,1,throughput_completion_rate,0.35989623926235736,0.3593890182405661,0.3604088660277597,5,
django_mw,pipeline,1,ceiling_rps,0.3621220351258374,0.3621220351258374,0.3621220351258374,5,
django_mw,pipeline,1,share_of_ceiling,1.0167235364797527,1.0166500986340155,1.0168588772793286,5,
django_mw,pipeline,1,share_of_ceiling_completion_rate,0.9938534647229998,0.9924527738713234,0.9952690835356583,5,
django_mw,pipeline,1,closed_system_consistency,0.9998487602351278,0.9997666638426352,1.0005304683124754,5,
django_mw,pipeline,1,min_1s_completions,0,0,0,5,
django_mw,pipeline,1,min_1s_completion_ratio,0.0,0.0,0.0,5,
django_mw,pipeline,1,latency_p50_ms,2774.038,2774.009,2774.742,5,False
django_mw,pipeline,1,latency_p90_ms,2813.716,2776.354,2823.585,5,False
django_mw,pipeline,1,latency_p95_ms,2817.036,2777.589,2823.927,5,False
django_mw,pipeline,1,latency_mean_ms,2780.2720476190475,2774.516095238095,2783.8234761904764,5,False
django_mw,pipeline,1,inflight_at_stop,1,1,1,5,
django_mw,pipeline,1,censoring_fraction,0.045454545454545456,0.045454545454545456,0.045454545454545456,5,
django_mw,pipeline,1,late_inflight,0,0,0,5,
django_mw,pipeline,1,max_inflight_age_ms,1452.318,1380.86,1567.3680000000002,5,
django_mw,pipeline,1,response_law_R_ms,2778.5786315789187,2774.626526315746,2782.50015789471,5,
django_mw,pipeline,1,derived_queue_wait_ms,0.0,0.0,0.0,5,
django_mw,pipeline,1,pipeline_completion_pct,100.0,100.0,100.0,5,
django_mw,pipeline,1,stage1_p50_ms,0.001,0.001,0.001,5,
django_mw,pipeline,1,stage1_p95_ms,0.001,0.001,0.001,5,
django_mw,pipeline,1,stage2_p50_ms,50.557,50.533,50.57,5,
django_mw,pipeline,1,stage2_p95_ms,50.722,50.696,50.814,5,
django_mw,pipeline,1,stage3_p50_ms,2719.777,2719.692,2719.833,5,
django_mw,pipeline,1,stage3_p95_ms,2761.972,2720.687,2765.891,5,
django_mw,pipeline,1,stage4_p50_ms,0.002,0.002,0.002,5,
django_mw,pipeline,1,stage4_p95_ms,0.002,0.002,0.002,5,
django_mw,pipeline,1,e2e_server_p50_ms,2770.315,2770.227,2770.526,5,
django_mw,pipeline,1,e2e_server_p95_ms,2812.596,2771.311,2816.307,5,
django_mw,pipeline,1,e2e_client_p50_ms,2774.038,2774.009,2774.742,5,False
django_mw,pipeline,1,e2e_client_p95_ms,2817.036,2777.589,2823.927,5,False
django_mw,pipeline,1,cpu_mean_loaded_pct,0.41841004184100417,0.2510460251046025,0.5514644351464435,5,
django_mw,pipeline,1,cpu_max_loaded_pct,16.1,12.0,20.0,5,
django_mw,pipeline,1,cpu_ms_per_request,11.913993285706184,7.14416190476359,15.684013619035836,5,
django_mw,pipeline,1,idle_rss_mb,1094.31,1093.59,1094.52,5,
django_mw,pipeline,1,peak_rss_mb,1098.93,1094.75,1099.71,5,
django_mw,pipeline,1,rss_growth_mb,4.5,0.25,6.120000000000118,5,
django_mw,pipeline,1,idle_uss_mb,789.26,787.81,790.98,5,
django_mw,pipeline,1,peak_uss_mb,794.41,791.24,794.58,5,
django_mw,pipeline,1,uss_growth_mb,5.1200000000000045,0.2599999999999909,6.740000000000009,5,
django_mw,pipeline,1,sim_cpu_mean_pct,0.06694560669456066,0.0502092050209205,0.06694560669456066,5,
django_mw,pipeline,1,sim_cpu_p95_pct,0.0,0.0,0.0,5,
django_mw,pipeline,1,sim_peak_uss_mb,17.72,17.71,17.72,5,
django_mw,pipeline,1,monitor_cpu_pct,5.676,5.64,5.84,5,
django_mw,pipeline,1,sim_monitor_cpu_pct,0.431,0.415,0.465,5,
django_mw,pipeline,1,clock_rate_ratio,0.9999861195201023,0.9999626841582965,1.0000474382912343,5,
django_mw,pipeline,1,clock_rate_uncertainty,0.0006035109845387839,0.0005980821861495838,0.0006165409732480414,5,
django_mw,pipeline,1,clock_rate_half_diff,0.00017407235231425844,2.5975664730504278e-05,0.00028954056102792336,5,
django_mw,pipeline,1,clock_step_ms,0.001,0.001,0.013,5,
django_mw,pipeline,5,completions,103,103,103,5,
django_mw,pipeline,5,failures,0,0,0,5,
django_mw,pipeline,5,finished_loaded,103,103,103,5,
django_mw,pipeline,5,error_rate_pct,0.0,0.0,0.0,5,
django_mw,pipeline,5,locust_rps,1.7310118030216968,1.7289146684108396,1.7341990566546537,5,
django_mw,pipeline,5,throughput_fixed_window,1.80414755216036,1.8039181817295158,1.8042151870430767,5,
django_mw,pipeline,5,throughput_completion_rate,1.8021315649307272,1.8004618648719901,1.8048087435801252,5,
django_mw,pipeline,5,ceiling_rps,1.8106101756291872,1.8106101756291872,1.8106101756291872,5,
django_mw,pipeline,5,share_of_ceiling,0.9964306930581668,0.9963040117692115,0.9964680478038912,5,
django_mw,pipeline,5,share_of_ceiling_completion_rate,0.9953172633112405,0.9943950879688,0.9967958690793031,5,
django_mw,pipeline,5,closed_system_consistency,1.000129274559904,0.9991150391660938,1.0017290706831914,5,
django_mw,pipeline,5,min_1s_completions,1,1,1,5,
django_mw,pipeline,5,min_1s_completion_ratio,0.5548984432989715,0.554075329896918,0.5554130412371152,5,
django_mw,pipeline,5,latency_p50_ms,2772.326,2772.039,2772.443,5,False
django_mw,pipeline,5,latency_p90_ms,2779.1512,2774.6414,2805.5944,5,False
django_mw,pipeline,5,latency_p95_ms,2816.2286,2813.4409,2820.2764,5,False
django_mw,pipeline,5,latency_p99_ms,2821.44288,2818.8878600000003,2826.92938,5,False
django_mw,pipeline,5,latency_mean_ms,2776.5296213592233,2775.5874563106795,2777.0930485436893,5,False
django_mw,pipeline,5,inflight_at_stop,5,5,5,5,
django_mw,pipeline,5,censoring_fraction,0.046296296296296294,0.046296296296296294,0.046296296296296294,5,
django_mw,pipeline,5,late_inflight,0,0,0,5,
django_mw,pipeline,5,max_inflight_age_ms,2644.2000000000003,2545.779,2675.095,5,
django_mw,pipeline,5,response_law_R_ms,2774.4922164948575,2770.3766494845904,2777.0652061855762,5,
django_mw,pipeline,5,derived_queue_wait_ms,0.0,0.0,0.0,5,
django_mw,pipeline,5,pipeline_completion_pct,100.0,100.0,100.0,5,
django_mw,pipeline,5,stage1_p50_ms,0.001,0.001,0.001,5,
django_mw,pipeline,5,stage1_p95_ms,0.001,0.001,0.001,5,
django_mw,pipeline,5,stage1_p99_ms,0.001,0.001,0.001,5,
django_mw,pipeline,5,stage2_p50_ms,50.56,50.556,50.576,5,
django_mw,pipeline,5,stage2_p95_ms,50.7348,50.704,50.7779,5,
django_mw,pipeline,5,stage2_p99_ms,50.84572,50.8137,51.315540000000006,5,
django_mw,pipeline,5,stage3_p50_ms,2717.749,2717.621,2717.997,5,
django_mw,pipeline,5,stage3_p95_ms,2758.509,2756.9845,2761.6812,5,
django_mw,pipeline,5,stage3_p99_ms,2764.0006,2760.44756,2766.30384,5,
django_mw,pipeline,5,stage4_p50_ms,0.002,0.002,0.002,5,
django_mw,pipeline,5,stage4_p95_ms,0.002,0.002,0.002,5,
django_mw,pipeline,5,stage4_p99_ms,0.002,0.002,0.003,5,
django_mw,pipeline,5,e2e_server_p50_ms,2768.412,2768.33,2768.6,5,
django_mw,pipeline,5,e2e_server_p95_ms,2809.2097,2807.56,2812.4217,5,
django_mw,pipeline,5,e2e_server_p99_ms,2814.40876,2811.05524,2816.9710999999998,5,
django_mw,pipeline,5,e2e_client_p50_ms,2772.326,2772.039,2772.443,5,False
django_mw,pipeline,5,e2e_client_p95_ms,2816.2286,2813.4409,2820.2764,5,False
django_mw,pipeline,5,e2e_client_p99_ms,2821.44288,2818.8878600000003,2826.92938,5,False
django_mw,pipeline,5,cpu_mean_loaded_pct,1.7556485355648537,1.5552301255230125,1.8430962343096235,5,
django_mw,pipeline,5,cpu_max_loaded_pct,20.6,20.0,27.9,5,
django_mw,pipeline,5,cpu_ms_per_request,10.203225679609755,9.033912864076045,10.678507155351273,5,
django_mw,pipeline,5,idle_rss_mb,1093.48,1091.05,1095.27,5,
django_mw,pipeline,5,peak_rss_mb,1106.64,1105.68,1110.53,5,
django_mw,pipeline,5,rss_growth_mb,14.63000000000011,11.370000000000118,16.75,5,
django_mw,pipeline,5,idle_uss_mb,788.15,787.79,789.55,5,
django_mw,pipeline,5,peak_uss_mb,803.77,802.2,807.23,5,
django_mw,pipeline,5,uss_growth_mb,15.759999999999991,12.82000000000005,19.08000000000004,5,
django_mw,pipeline,5,sim_cpu_mean_pct,0.301255230125523,0.28535564853556483,0.301255230125523,5,
django_mw,pipeline,5,sim_cpu_p95_pct,4.0,4.0,4.0,5,
django_mw,pipeline,5,sim_peak_uss_mb,17.72,17.71,17.74,5,
django_mw,pipeline,5,monitor_cpu_pct,5.79,5.687,5.939,5,
django_mw,pipeline,5,sim_monitor_cpu_pct,0.415,0.398,0.448,5,
django_mw,pipeline,5,clock_rate_ratio,0.9999931263664216,0.9999198804015909,1.0000943172380943,5,
django_mw,pipeline,5,clock_rate_uncertainty,0.0006009225501272856,0.0005942800499359581,0.0006117335021355591,5,
django_mw,pipeline,5,clock_rate_half_diff,8.410472682185421e-05,3.936032940643486e-05,0.00023654891797164623,5,
django_mw,pipeline,5,clock_step_ms,0.003,0.001,0.056,5,
django_mw,pipeline,10,completions,206,206,206,5,
django_mw,pipeline,10,failures,0,0,0,5,
django_mw,pipeline,10,finished_loaded,206,206,206,5,
django_mw,pipeline,10,error_rate_pct,0.0,0.0,0.0,5,
django_mw,pipeline,10,locust_rps,3.4504138456402353,3.4459437734867318,3.453004803967147,5,
django_mw,pipeline,10,throughput_fixed_window,3.6084206373005414,3.608085658623595,3.6084899487451807,5,
django_mw,pipeline,10,throughput_completion_rate,3.6048452225502863,3.6014942544253947,3.6069372835176754,5,
django_mw,pipeline,10,ceiling_rps,3.6212203512583745,3.6212203512583745,3.6212203512583745,5,
django_mw,pipeline,10,share_of_ceiling,0.9964653589905444,0.9963728546289057,0.9964844993459815,5,
django_mw,pipeline,10,share_of_ceiling_completion_rate,0.9954780082072614,0.9945526383595726,0.9960557308434059,5,
django_mw,pipeline,10,closed_system_consistency,0.9997999093316977,0.998774093099956,1.0002644469669222,5,
django_mw,pipeline,10,min_1s_completions,3,3,3,5,
django_mw,pipeline,10,min_1s_completion_ratio,0.8322132615384851,0.8317305692308135,0.832987584615386,5,
django_mw,pipeline,10,latency_p50_ms,2771.9595,2771.8655,2771.9970000000003,5,False
django_mw,pipeline,10,latency_p90_ms,2774.4935,2773.7465,2775.9635,5,False
django_mw,pipeline,10,latency_p95_ms,2815.0515,2803.5145,2817.049,5,False
django_mw,pipeline,10,latency_p99_ms,2823.53085,2819.8087,2824.98865,5,False
django_mw,pipeline,10,latency_mean_ms,2775.1918106796115,2774.642621359223,2775.7776747572816,5,False
django_mw,pipeline,10,inflight_at_stop,10,10,10,5,
django_mw,pipeline,10,censoring_fraction,0.046296296296296294,0.046296296296296294,0.046296296296296294,5,
django_mw,pipeline,10,late_inflight,0,0,0,5,
django_mw,pipeline,10,max_inflight_age_ms,2679.899,2577.391,2735.431,5,
django_mw,pipeline,10,response_law_R_ms,2774.0442051282835,2772.435230769378,2776.6252820512864,5,
django_mw,pipeline,10,derived_queue_wait_ms,0.0,0.0,0.0,5,
django_mw,pipeline,10,pipeline_completion_pct,100.0,100.0,100.0,5,
django_mw,pipeline,10,stage1_p50_ms,0.001,0.001,0.001,5,
django_mw,pipeline,10,stage1_p95_ms,0.001,0.001,0.001,5,
django_mw,pipeline,10,stage1_p99_ms,0.001,0.001,0.001,5,
django_mw,pipeline,10,stage2_p50_ms,50.561499999999995,50.557,50.576,5,
django_mw,pipeline,10,stage2_p95_ms,50.77725,50.75175,50.84775,5,
django_mw,pipeline,10,stage2_p99_ms,51.22644999999999,50.90604999999999,51.625449999999994,5,
django_mw,pipeline,10,stage3_p50_ms,2717.4865,2717.449,2717.5225,5,
django_mw,pipeline,10,stage3_p95_ms,2756.6885,2748.2647500000003,2760.4522500000003,5,
django_mw,pipeline,10,stage3_p99_ms,2764.4364,2762.1150000000002,2765.7497,5,
django_mw,pipeline,10,stage4_p50_ms,0.002,0.002,0.002,5,
django_mw,pipeline,10,stage4_p95_ms,0.002,0.002,0.003,5,
django_mw,pipeline,10,stage4_p99_ms,0.003,0.002,0.003,5,
django_mw,pipeline,10,e2e_server_p50_ms,2768.0985,2768.0355,2768.16,5,
django_mw,pipeline,10,e2e_server_p95_ms,2807.28775,2798.81725,2811.11075,5,
django_mw,pipeline,10,e2e_server_p99_ms,2815.08285,2812.75175,2816.4346,5,
django_mw,pipeline,10,e2e_client_p50_ms,2771.9595,2771.8655,2771.9970000000003,5,False
django_mw,pipeline,10,e2e_client_p95_ms,2815.0515,2803.5145,2817.049,5,False
django_mw,pipeline,10,e2e_client_p99_ms,2823.53085,2819.8087,2824.98865,5,False
django_mw,pipeline,10,cpu_mean_loaded_pct,3.0330543933054392,2.8460251046025102,3.1619246861924686,5,
django_mw,pipeline,10,cpu_max_loaded_pct,23.9,20.2,24.3,5,
django_mw,pipeline,10,cpu_ms_per_request,8.788179980576672,8.245804009705767,9.167352703888277,5,
django_mw,pipeline,10,idle_rss_mb,1092.43,1090.71,1094.61,5,
django_mw,pipeline,10,peak_rss_mb,1115.66,1113.86,1117.62,5,
django_mw,pipeline,10,rss_growth_mb,22.75,19.25,25.86999999999989,5,
django_mw,pipeline,10,idle_uss_mb,787.73,787.59,790.7,5,
django_mw,pipeline,10,peak_uss_mb,813.3,812.71,816.45,5,
django_mw,pipeline,10,uss_growth_mb,25.360000000000014,22.00999999999999,28.770000000000095,5,
django_mw,pipeline,10,sim_cpu_mean_pct,0.5857740585774058,0.5682008368200837,0.5861924686192469,5,
django_mw,pipeline,10,sim_cpu_p95_pct,4.0,4.0,4.0,5,
django_mw,pipeline,10,sim_peak_uss_mb,17.72,17.71,17.74,5,
django_mw,pipeline,10,monitor_cpu_pct,5.821,5.709,5.873,5,
django_mw,pipeline,10,sim_monitor_cpu_pct,0.431,0.415,0.448,5,
django_mw,pipeline,10,clock_rate_ratio,0.9999677398087927,0.9999314401085995,1.0000141119871175,5,
django_mw,pipeline,10,clock_rate_uncertainty,0.0006017751177369725,0.0005880131388192451,0.0006127973895589531,5,
django_mw,pipeline,10,clock_rate_half_diff,0.00029470553139676614,7.034101037906026e-05,0.00035035552426287975,5,
django_mw,pipeline,10,clock_step_ms,0.013,0.001,0.043,5,
django_mw,pipeline,25,completions,355,355,355,5,
django_mw,pipeline,25,failures,0,0,0,5,
django_mw,pipeline,25,finished_loaded,355,355,355,5,
django_mw,pipeline,25,error_rate_pct,0.0,0.0,0.0,5,
django_mw,pipeline,25,locust_rps,5.900391743479869,5.898456440935297,5.910554625744012,5,
django_mw,pipeline,25,throughput_fixed_window,6.222599959094148,6.222325157922649,6.224966117121722,5,
django_mw,pipeline,25,throughput_completion_rate,6.217193924683286,6.21581910468695,6.223532557967239,5,
django_mw,pipeline,25,ceiling_rps,6.156074597139236,6.156074597139236,6.156074597139236,5,
django_mw,pipeline,25,share_of_ceiling,1.0108064580610876,1.010761819035494,1.011190819554802,5,
django_mw,pipeline,25,share_of_ceiling_completion_rate,1.0099282954713467,1.0097049680937067,1.0109579505192077,5,
django_mw,pipeline,25,closed_system_consistency,1.0085631312571504,1.0082888418042706,1.0095631293262923,5,
django_mw,pipeline,25,min_1s_completions,1,0,1,5,
django_mw,pipeline,25,min_1s_completion_ratio,0.1608442670623213,0.0,0.1608798427299733,5,
django_mw,pipeline,25,latency_p50_ms,3695.496,3689.139,3696.712,5,False
django_mw,pipeline,25,latency_p90_ms,4550.3844,4548.344599999999,4577.7618,5,False
django_mw,pipeline,25,latency_p95_ms,4587.5464,4551.8468,4588.4929999999995,5,False
django_mw,pipeline,25,latency_p99_ms,4591.3964,4554.39748,4596.06304,5,False
django_mw,pipeline,25,latency_mean_ms,3995.9933633802816,3995.780743661972,3996.1243887323944,5,False
django_mw,pipeline,25,inflight_at_stop,25,25,25,5,
django_mw,pipeline,25,censoring_fraction,0.06578947368421052,0.06578947368421052,0.06578947368421052,5,
django_mw,pipeline,25,late_inflight,0,0,0,5,
django_mw,pipeline,25,max_inflight_age_ms,3613.763,3593.082,3634.36,5,
django_mw,pipeline,25,response_law_R_ms,4021.106676558032,4017.011201780492,4021.996068249332,5,
django_mw,pipeline,25,derived_queue_wait_ms,1286.7541364985705,1285.4435845697571,1287.0387418397859,5,
django_mw,pipeline,25,pipeline_completion_pct,100.0,100.0,100.0,5,
django_mw,pipeline,25,stage1_p50_ms,0.001,0.001,0.001,5,
django_mw,pipeline,25,stage1_p95_ms,0.001,0.001,0.001,5,
django_mw,pipeline,25,stage1_p99_ms,0.001,0.001,0.001,5,
django_mw,pipeline,25,stage2_p50_ms,50.574,50.571,50.586,5,
django_mw,pipeline,25,stage2_p95_ms,50.845800000000004,50.8222,50.9685,5,
django_mw,pipeline,25,stage2_p99_ms,52.82963999999999,52.639799999999994,53.41843999999999,5,
django_mw,pipeline,25,stage3_p50_ms,2717.306,2717.243,2717.351,5,
django_mw,pipeline,25,stage3_p95_ms,2720.0955,2719.3332,2721.3309,5,
django_mw,pipeline,25,stage3_p99_ms,2762.0868,2759.47852,2764.6555,5,
django_mw,pipeline,25,stage4_p50_ms,0.002,0.002,0.002,5,
django_mw,pipeline,25,stage4_p95_ms,0.002,0.002,0.003,5,
django_mw,pipeline,25,stage4_p99_ms,0.003,0.002,0.003,5,
django_mw,pipeline,25,e2e_server_p50_ms,2767.976,2767.93,2768.039,5,
django_mw,pipeline,25,e2e_server_p95_ms,2771.7741,2771.18,2773.1434,5,
django_mw,pipeline,25,e2e_server_p99_ms,2812.7649,2810.07996,2815.3874,5,
django_mw,pipeline,25,e2e_client_p50_ms,3695.496,3689.139,3696.712,5,False
django_mw,pipeline,25,e2e_client_p95_ms,4587.5464,4551.8468,4588.4929999999995,5,False
django_mw,pipeline,25,e2e_client_p99_ms,4591.3964,4554.39748,4596.06304,5,False
django_mw,pipeline,25,cpu_mean_loaded_pct,4.317573221757322,4.232635983263599,4.3372384937238495,5,
django_mw,pipeline,25,cpu_max_loaded_pct,44.2,40.0,48.5,5,
django_mw,pipeline,25,cpu_ms_per_request,7.268861225348262,7.121949414084448,7.293770098593733,5,
django_mw,pipeline,25,idle_rss_mb,1093.55,1093.26,1094.09,5,
django_mw,pipeline,25,peak_rss_mb,1119.83,1118.72,1120.41,5,
django_mw,pipeline,25,rss_growth_mb,26.37000000000012,24.63000000000011,26.75,5,
django_mw,pipeline,25,idle_uss_mb,789.55,789.02,790.66,5,
django_mw,pipeline,25,peak_uss_mb,818.36,818.21,818.73,5,
django_mw,pipeline,25,uss_growth_mb,29.149999999999977,27.58000000000004,29.340000000000032,5,
django_mw,pipeline,25,sim_cpu_mean_pct,0.9874476987447699,0.9707112970711297,1.00418410041841,5,
django_mw,pipeline,25,sim_cpu_p95_pct,4.0,4.0,4.0,5,
django_mw,pipeline,25,sim_peak_uss_mb,17.72,17.71,17.74,5,
django_mw,pipeline,25,monitor_cpu_pct,5.877,5.857,5.941,5,
django_mw,pipeline,25,sim_monitor_cpu_pct,0.432,0.415,0.465,5,
django_mw,pipeline,25,clock_rate_ratio,0.9999946176365427,0.9999172479560475,1.0000418479859967,5,
django_mw,pipeline,25,clock_rate_uncertainty,0.0005992045904272273,0.0005956867237399427,0.0006084388140405863,5,
django_mw,pipeline,25,clock_rate_half_diff,0.00013693319466945297,2.879639891095742e-06,0.0002004030978454141,5,
django_mw,pipeline,25,clock_step_ms,0.001,0.001,0.077,5,
django_mw,pipeline,50,completions,357,357,357,5,
django_mw,pipeline,50,failures,0,0,0,5,
django_mw,pipeline,50,finished_loaded,357,357,357,5,
django_mw,pipeline,50,error_rate_pct,0.0,0.0,0.0,5,
django_mw,pipeline,50,locust_rps,6.0419172767660685,6.041121226501383,6.042111439838894,5,
django_mw,pipeline,50,throughput_fixed_window,6.258951354909998,6.258734365468592,6.259964887016106,5,
django_mw,pipeline,50,throughput_completion_rate,6.332579569562918,6.331328269528589,6.338158953286336,5,
django_mw,pipeline,50,ceiling_rps,6.156074597139236,6.156074597139236,6.156074597139236,5,
django_mw,pipeline,50,share_of_ceiling,1.0167114215637623,1.0166761735436185,1.016876060911469,5,
django_mw,pipeline,50,share_of_ceiling_completion_rate,1.0286716753734115,1.0284684127237176,1.0295779970294245,5,
django_mw,pipeline,50,closed_system_consistency,0.9988430866788945,0.9986140651579701,0.9998059419379348,5,
django_mw,pipeline,50,min_1s_completions,0,0,0,5,
django_mw,pipeline,50,min_1s_completion_ratio,0.0,0.0,0.0,5,
django_mw,pipeline,50,latency_p50_ms,8252.768,8249.647,8253.828,5,False
django_mw,pipeline,50,latency_p90_ms,8268.1718,8262.1156,8291.8102,5,False
django_mw,pipeline,50,latency_p95_ms,8298.6268,8272.8408,8299.0666,5,False
django_mw,pipeline,50,latency_p99_ms,8307.4362,8291.81176,8311.34112,5,False
django_mw,pipeline,50,latency_mean_ms,7644.7696974789915,7644.521131652661,7645.672411764705,5,False
django_mw,pipeline,50,inflight_at_stop,50,50,50,5,
django_mw,pipeline,50,censoring_fraction,0.12285012285012285,0.12285012285012285,0.12285012285012285,5,
django_mw,pipeline,50,late_inflight,0,0,0,5,
django_mw,pipeline,50,max_inflight_age_ms,7116.6900000000005,7110.102000000001,7123.635,5,
django_mw,pipeline,50,response_law_R_ms,7895.676548672418,7888.726106194449,7897.237020648567,5,
django_mw,pipeline,50,derived_queue_wait_ms,5211.146522123796,5206.559230088336,5212.176433628054,5,
django_mw,pipeline,50,pipeline_completion_pct,100.0,100.0,100.0,5,
django_mw,pipeline,50,stage1_p50_ms,0.001,0.001,0.001,5,
django_mw,pipeline,50,stage1_p95_ms,0.001,0.001,0.001,5,
django_mw,pipeline,50,stage1_p99_ms,0.001,0.001,0.001,5,
django_mw,pipeline,50,stage2_p50_ms,50.563,50.553,50.57,5,
django_mw,pipeline,50,stage2_p95_ms,51.4576,50.8412,51.469,5,
django_mw,pipeline,50,stage2_p99_ms,52.59252,51.27496,53.70796,5,
django_mw,pipeline,50,stage3_p50_ms,2717.25,2717.113,2717.262,5,
django_mw,pipeline,50,stage3_p95_ms,2720.3692,2719.9306,2722.9664,5,
django_mw,pipeline,50,stage3_p99_ms,2760.9180800000004,2755.65052,2761.48212,5,
django_mw,pipeline,50,stage4_p50_ms,0.002,0.002,0.002,5,
django_mw,pipeline,50,stage4_p95_ms,0.002,0.002,0.002,5,
django_mw,pipeline,50,stage4_p99_ms,0.002,0.002,0.003,5,
django_mw,pipeline,50,e2e_server_p50_ms,2767.889,2767.795,2767.932,5,
django_mw,pipeline,50,e2e_server_p95_ms,2771.453,2770.9288,2773.7038,5,
django_mw,pipeline,50,e2e_server_p99_ms,2811.41044,2806.30488,2811.86756,5,
django_mw,pipeline,50,e2e_client_p50_ms,8252.768,8249.647,8253.828,5,False
django_mw,pipeline,50,e2e_client_p95_ms,8298.6268,8272.8408,8299.0666,5,False
django_mw,pipeline,50,e2e_client_p99_ms,8307.4362,8291.81176,8311.34112,5,False
django_mw,pipeline,50,cpu_mean_loaded_pct,4.25020920502092,4.1815899581589955,4.487029288702929,5,
django_mw,pipeline,50,cpu_max_loaded_pct,68.4,63.9,76.9,5,
django_mw,pipeline,50,cpu_ms_per_request,7.112266789914023,7.005500675065835,7.511540840343168,5,
django_mw,pipeline,50,idle_rss_mb,1094.42,1091.83,1095.21,5,
django_mw,pipeline,50,peak_rss_mb,1119.67,1118.52,1120.39,5,
django_mw,pipeline,50,rss_growth_mb,25.25,24.5,27.25,5,
django_mw,pipeline,50,idle_uss_mb,789.22,787.56,790.94,5,
django_mw,pipeline,50,peak_uss_mb,818.42,818.23,818.67,5,
django_mw,pipeline,50,uss_growth_mb,29.199999999999932,27.649999999999977,30.670000000000073,5,
django_mw,pipeline,50,sim_cpu_mean_pct,0.9368200836820084,0.9037656903765691,0.9372384937238494,5,
django_mw,pipeline,50,sim_cpu_p95_pct,4.0,4.0,4.0,5,
django_mw,pipeline,50,sim_peak_uss_mb,17.73,17.72,17.74,5,
django_mw,pipeline,50,monitor_cpu_pct,5.838,5.787,5.888,5,
django_mw,pipeline,50,sim_monitor_cpu_pct,0.415,0.415,0.464,5,
django_mw,pipeline,50,clock_rate_ratio,1.0000035024424827,0.9999253196099622,1.0000669277118814,5,
django_mw,pipeline,50,clock_rate_uncertainty,0.00061706056612312,0.000607866831644839,0.0006312401382150268,5,
django_mw,pipeline,50,clock_rate_half_diff,0.00028705001337325786,0.00011890130740299654,0.0005276486772765043,5,
django_mw,pipeline,50,clock_step_ms,0.001,0.001,0.023,5,
django_mw,pipeline,100,completions,357,357,357,5,
django_mw,pipeline,100,failures,0,0,0,5,
django_mw,pipeline,100,finished_loaded,357,357,357,5,
django_mw,pipeline,100,error_rate_pct,0.0,0.0,0.0,5,
django_mw,pipeline,100,locust_rps,6.087555898552544,6.086887229051955,6.087840772969939,5,
django_mw,pipeline,100,throughput_fixed_window,6.259132809872398,6.258521198075427,6.261023921894635,5,
django_mw,pipeline,100,throughput_completion_rate,6.387744936101273,6.3841931746119895,6.3912782392457315,5,
django_mw,pipeline,100,ceiling_rps,6.156074597139236,6.156074597139236,6.156074597139236,5,
django_mw,pipeline,100,share_of_ceiling,1.016740897321331,1.0166415463814877,1.0170480917830609,5,
django_mw,pipeline,100,share_of_ceiling_completion_rate,1.037632802414333,1.037055850099471,1.0382067563339463,5,
django_mw,pipeline,100,closed_system_consistency,0.9354920562260891,0.9350648316107448,0.9360988205185317,5,
django_mw,pipeline,100,min_1s_completions,0,0,0,5,
django_mw,pipeline,100,min_1s_completion_ratio,0.0,0.0,0.0,5,
django_mw,pipeline,100,latency_p50_ms,16548.04,16543.075,16553.99,5,False
django_mw,pipeline,100,latency_p90_ms,16577.876,16565.235800000002,16590.029400000003,5,False
django_mw,pipeline,100,latency_p95_ms,16591.894,16574.364,16599.9906,5,False
django_mw,pipeline,100,latency_p99_ms,16604.93268,16578.29684,16626.729,5,False
django_mw,pipeline,100,latency_mean_ms,14082.177549019609,14081.290577030812,14083.044591036414,5,False
django_mw,pipeline,100,inflight_at_stop,100,100,100,5,
django_mw,pipeline,100,censoring_fraction,0.2188183807439825,0.2188183807439825,0.2188183807439825,5,
django_mw,pipeline,100,late_inflight,0,0,0,5,
django_mw,pipeline,100,max_inflight_age_ms,15431.691,15415.4,15440.692000000001,5,
django_mw,pipeline,100,response_law_R_ms,15654.976991149946,15646.322418878375,15663.686430678481,5,
django_mw,pipeline,100,derived_queue_wait_ms,12993.630902654455,12986.447607669052,13000.859737463139,5,
django_mw,pipeline,100,pipeline_completion_pct,100.0,100.0,100.0,5,
django_mw,pipeline,100,stage1_p50_ms,0.001,0.001,0.001,5,
django_mw,pipeline,100,stage1_p95_ms,0.001,0.001,0.001,5,
django_mw,pipeline,100,stage1_p99_ms,0.001,0.001,0.001,5,
django_mw,pipeline,100,stage2_p50_ms,50.549,50.531,50.565,5,
django_mw,pipeline,100,stage2_p95_ms,50.8166,50.776199999999996,50.8536,5,
django_mw,pipeline,100,stage2_p99_ms,51.29436,50.9392,51.4954,5,
django_mw,pipeline,100,stage3_p50_ms,2717.345,2717.212,2717.414,5,
django_mw,pipeline,100,stage3_p95_ms,2721.0512,2719.8044,2722.2466,5,
django_mw,pipeline,100,stage3_p99_ms,2757.64488,2754.49292,2760.17036,5,
django_mw,pipeline,100,stage4_p50_ms,0.002,0.002,0.002,5,
django_mw,pipeline,100,stage4_p95_ms,0.002,0.002,0.003,5,
django_mw,pipeline,100,stage4_p99_ms,0.003,0.002,0.003,5,
django_mw,pipeline,100,e2e_server_p50_ms,2767.996,2767.877,2768.005,5,
django_mw,pipeline,100,e2e_server_p95_ms,2771.5394,2771.0602,2773.1036,5,
django_mw,pipeline,100,e2e_server_p99_ms,2808.1924000000004,2805.2722400000002,2810.71268,5,
django_mw,pipeline,100,e2e_client_p50_ms,16548.04,16543.075,16553.99,5,False
django_mw,pipeline,100,e2e_client_p95_ms,16591.894,16574.364,16599.9906,5,False
django_mw,pipeline,100,e2e_client_p99_ms,16604.93268,16578.29684,16626.729,5,False
django_mw,pipeline,100,cpu_mean_loaded_pct,4.282008368200837,4.086610878661088,4.344769874476987,5,
django_mw,pipeline,100,cpu_max_loaded_pct,124.4,92.0,126.1,5,
django_mw,pipeline,100,cpu_ms_per_request,7.1804412745079205,6.831680680673188,7.282354243710249,5,
django_mw,pipeline,100,idle_rss_mb,1094.2,1093.17,1096.39,5,
django_mw,pipeline,100,peak_rss_mb,1119.66,1116.79,1120.89,5,
django_mw,pipeline,100,rss_growth_mb,24.5,23.61999999999989,26.38000000000011,5,
django_mw,pipeline,100,idle_uss_mb,790.99,787.96,791.25,5,
django_mw,pipeline,100,peak_uss_mb,818.62,818.31,818.73,5,
django_mw,pipeline,100,uss_growth_mb,27.56000000000006,27.480000000000018,30.68999999999994,5,
django_mw,pipeline,100,sim_cpu_mean_pct,0.9539748953974896,0.9205020920502092,0.9711297071129708,5,
django_mw,pipeline,100,sim_cpu_p95_pct,4.01,4.0,8.0,5,
django_mw,pipeline,100,sim_peak_uss_mb,17.73,17.72,17.74,5,
django_mw,pipeline,100,monitor_cpu_pct,5.939,5.837,6.037,5,
django_mw,pipeline,100,sim_monitor_cpu_pct,0.431,0.415,0.448,5,
django_mw,pipeline,100,clock_rate_ratio,1.000034614794333,0.9999094993179846,1.0001578189008258,5,
django_mw,pipeline,100,clock_rate_uncertainty,0.0006119080296147923,0.0006105429114329475,0.0006681633665323672,5,
django_mw,pipeline,100,clock_rate_half_diff,0.00013229206886578027,6.386111661904614e-05,0.0006981626679597452,5,
django_mw,pipeline,100,clock_step_ms,0.001,0.001,0.006,5,
django_mw,stream,1,completions,21,21,21,5,
django_mw,stream,1,failures,0,0,0,5,
django_mw,stream,1,finished_loaded,21,21,21,5,
django_mw,stream,1,error_rate_pct,0.0,0.0,0.0,5,
django_mw,stream,1,locust_rps,0.3583456663632581,0.3581259191345198,0.3584703638116466,5,
django_mw,stream,1,throughput_fixed_window,0.3684729301118802,0.3684260701418826,0.3685311958439382,5,
django_mw,stream,1,throughput_completion_rate,0.35848567575201357,0.35810645969771776,0.35852514680284375,5,
django_mw,stream,1,ceiling_rps,0.3596604805064019,0.3596604805064019,0.3596604805064019,5,
django_mw,stream,1,share_of_ceiling,1.0245021348830718,1.0243718454224906,1.0246641369244858,5,
django_mw,stream,1,share_of_ceiling_completion_rate,0.9967335728608986,0.9956792005435345,0.9968433181706269,5,
django_mw,stream,1,closed_system_consistency,0.9999067805531819,0.9998602008924432,0.9999146134289677,5,
django_mw,stream,1,min_1s_completions,0,0,0,5,
django_mw,stream,1,min_1s_completion_ratio,0.0,0.0,0.0,5,
django_mw,stream,1,latency_p50_ms,2789.264,2788.999,2789.647,5,False
django_mw,stream,1,latency_p90_ms,2789.926,2789.848,2791.655,5,False
django_mw,stream,1,latency_p95_ms,2790.475,2790.005,2814.679,5,False
django_mw,stream,1,latency_mean_ms,2790.3605714285713,2789.377285714286,2792.0552857142857,5,False
django_mw,stream,1,inflight_at_stop,1,1,1,5,
django_mw,stream,1,censoring_fraction,0.045454545454545456,0.045454545454545456,0.045454545454545456,5,
django_mw,stream,1,late_inflight,0,0,0,5,
django_mw,stream,1,max_inflight_age_ms,1239.058,1201.5800000000002,1257.1760000000002,5,
django_mw,stream,1,response_law_R_ms,2789.511736842063,2789.204631578909,2792.465684210536,5,
django_mw,stream,1,derived_queue_wait_ms,0.0,0.0,0.0,5,
django_mw,stream,1,derived_ttft_ms,565.902,565.902,565.902,5,
django_mw,stream,1,stream_finished_loaded,21,21,21,5,
django_mw,stream,1,stream_csr_pct,100.0,100.0,100.0,5,
django_mw,stream,1,chunks_ok_pct,100.0,100.0,100.0,5,
django_mw,stream,1,ttft_p50_ms,565.902,565.796,566.075,5,False
django_mw,stream,1,ttft_p95_ms,568.319,567.022,574.183,5,False
django_mw,stream,1,tpot_p50_ms,202.077,202.019,202.12,5,
django_mw,stream,1,tpot_p95_ms,202.177,202.162,202.219,5,
django_mw,stream,1,token_count_p50,12.0,12.0,12.0,5,
django_mw,stream,1,cpu_mean_loaded_pct,0.6192468619246861,0.5359832635983264,0.7857740585774059,5,
django_mw,stream,1,cpu_max_loaded_pct,15.8,4.1,24.0,5,
django_mw,stream,1,cpu_ms_per_request,17.624133333337813,15.213643761896968,22.370634190462408,5,
django_mw,stream,1,idle_rss_mb,1096.57,1093.87,1096.75,5,
django_mw,stream,1,peak_rss_mb,1099.07,1093.99,1101.34,5,
django_mw,stream,1,rss_growth_mb,2.6200000000001182,0.12000000000011823,4.629999999999882,5,
django_mw,stream,1,idle_uss_mb,791.26,788.94,791.47,5,
django_mw,stream,1,peak_uss_mb,794.23,789.12,796.78,5,
django_mw,stream,1,uss_growth_mb,2.7799999999999727,0.17999999999994998,5.519999999999982,5,
django_mw,stream,1,sim_cpu_mean_pct,0.23430962343096234,0.23430962343096234,0.2510460251046025,5,
django_mw,stream,1,sim_cpu_p95_pct,4.0,4.0,4.0,5,
django_mw,stream,1,sim_peak_uss_mb,17.72,17.72,17.73,5,
django_mw,stream,1,monitor_cpu_pct,5.658,5.556,5.922,5,
django_mw,stream,1,sim_monitor_cpu_pct,0.415,0.398,0.448,5,
django_mw,stream,1,clock_rate_ratio,1.0000270052111668,0.999904893118592,1.0000833765193167,5,
django_mw,stream,1,clock_rate_uncertainty,0.0006064702126837144,0.0005999727172587019,0.0006211692234388815,5,
django_mw,stream,1,clock_rate_half_diff,0.00020345928423115556,8.696020392884307e-06,0.00040417763133748785,5,
django_mw,stream,1,clock_step_ms,0.028,0.001,0.103,5,
django_mw,stream,5,completions,103,103,103,5,
django_mw,stream,5,failures,0,0,0,5,
django_mw,stream,5,finished_loaded,103,103,103,5,
django_mw,stream,5,error_rate_pct,0.0,0.0,0.0,5,
django_mw,stream,5,locust_rps,1.7234953288392327,1.7234044517196403,1.7242080658487293,5,
django_mw,stream,5,throughput_fixed_window,1.8053631396655756,1.8052118789035656,1.8059367572113212,5,
django_mw,stream,5,throughput_completion_rate,1.790132604534067,1.7891764343403695,1.7916210611372225,5,
django_mw,stream,5,ceiling_rps,1.7983024025320096,1.7983024025320096,1.7983024025320096,5,
django_mw,stream,5,share_of_ceiling,1.0039263347052334,1.0038422216206948,1.0042453119500716,5,
django_mw,stream,5,share_of_ceiling_completion_rate,0.9954569387293042,0.9949252316079928,0.9962846396771868,5,
django_mw,stream,5,closed_system_consistency,0.9992205537037266,0.99841965019362,1.000021526102747,5,
django_mw,stream,5,min_1s_completions,1,1,1,5,
django_mw,stream,5,min_1s_completion_ratio,0.5586178350515427,0.5581537422680525,0.5589163711340063,5,
django_mw,stream,5,latency_p50_ms,2789.172,2789.023,2789.391,5,False
django_mw,stream,5,latency_p90_ms,2792.0888,2790.7556,2809.2902,5,False
django_mw,stream,5,latency_p95_ms,2816.0142,2813.2645,2816.9813,5,False
django_mw,stream,5,latency_p99_ms,2819.5104,2816.3797999999997,2820.19414,5,False
django_mw,stream,5,latency_mean_ms,2791.6816213592233,2790.9687669902914,2791.953640776699,5,False
django_mw,stream,5,inflight_at_stop,5,5,5,5,
django_mw,stream,5,censoring_fraction,0.046296296296296294,0.046296296296296294,0.046296296296296294,5,
django_mw,stream,5,late_inflight,0,0,0,5,
django_mw,stream,5,max_inflight_age_ms,2338.634,2275.5299999999997,2367.229,5,
django_mw,stream,5,response_law_R_ms,2793.0891752577136,2790.7687113402626,2794.5818556700315,5,
django_mw,stream,5,derived_queue_wait_ms,0.0,0.0,0.0,5,
django_mw,stream,5,derived_ttft_ms,565.902,565.902,565.902,5,
django_mw,stream,5,stream_finished_loaded,103,103,103,5,
django_mw,stream,5,stream_csr_pct,100.0,100.0,100.0,5,
django_mw,stream,5,chunks_ok_pct,100.0,100.0,100.0,5,
django_mw,stream,5,ttft_p50_ms,565.41,565.3,565.442,5,False
django_mw,stream,5,ttft_p95_ms,575.2427,572.9276,575.9456,5,False
django_mw,stream,5,ttft_p99_ms,576.4370399999999,576.2463799999999,578.21334,5,False
django_mw,stream,5,tpot_p50_ms,202.108,202.087,202.127,5,
django_mw,stream,5,tpot_p95_ms,202.302,202.28779999999998,202.31980000000001,5,
django_mw,stream,5,tpot_p99_ms,202.51659999999998,202.37496,202.54952,5,
django_mw,stream,5,token_count_p50,12.0,12.0,12.0,5,
django_mw,stream,5,cpu_mean_loaded_pct,3.5661087866108785,3.1330543933054393,3.731380753138075,5,
django_mw,stream,5,cpu_max_loaded_pct,31.6,27.7,36.0,5,
django_mw,stream,5,cpu_ms_per_request,20.678525941745832,18.153468893202007,21.62538435922156,5,
django_mw,stream,5,idle_rss_mb,1096.01,1092.34,1097.22,5,
django_mw,stream,5,peak_rss_mb,1118.79,1115.51,1122.97,5,
django_mw,stream,5,rss_growth_mb,23.62000000000012,19.5,28.0,5,
django_mw,stream,5,idle_uss_mb,791.45,788.77,793.64,5,
django_mw,stream,5,peak_uss_mb,815.77,812.57,820.84,5,
django_mw,stream,5,uss_growth_mb,24.42999999999995,21.090000000000032,29.590000000000032,5,
django_mw,stream,5,sim_cpu_mean_pct,1.1548117154811715,1.104602510460251,1.1577405857740586,5,
django_mw,stream,5,sim_cpu_p95_pct,4.0,4.0,4.1,5,
django_mw,stream,5,sim_peak_uss_mb,17.71,17.71,17.72,5,
django_mw,stream,5,monitor_cpu_pct,5.939,5.873,6.091,5,
django_mw,stream,5,sim_monitor_cpu_pct,0.415,0.365,0.465,5,
django_mw,stream,5,clock_rate_ratio,1.000047805760889,0.9998760250006434,1.0001454993665926,5,
django_mw,stream,5,clock_rate_uncertainty,0.0006119042961947527,0.0005983314127453356,0.000638371723884223,5,
django_mw,stream,5,clock_rate_half_diff,0.0003597013417243611,3.0658666497096476e-05,0.00045634759424451055,5,
django_mw,stream,5,clock_step_ms,0.008,0.001,0.047,5,
django_mw,stream,10,completions,205,205,205,5,
django_mw,stream,10,failures,0,0,0,5,
django_mw,stream,10,finished_loaded,205,205,205,5,
django_mw,stream,10,error_rate_pct,0.0,0.0,0.0,5,
django_mw,stream,10,locust_rps,3.4295256119398205,3.4269868504572156,3.4319691808344612,5,
django_mw,stream,10,throughput_fixed_window,3.5920037301058536,3.591940552549655,3.5926273015818326,5,
django_mw,stream,10,throughput_completion_rate,3.5840222661632057,3.581891294362686,3.58733953173833,5,
django_mw,stream,10,ceiling_rps,3.596604805064019,3.596604805064019,3.596604805064019,5,
django_mw,stream,10,share_of_ceiling,0.9987207171186316,0.9987031512309062,0.9988940949318129,5,
django_mw,stream,10,share_of_ceiling_completion_rate,0.9965015508840178,0.9959090554846013,0.9974238834045254,5,
django_mw,stream,10,closed_system_consistency,0.9998035326533555,0.9993151475542366,1.0008453222803806,5,
django_mw,stream,10,min_1s_completions,3,3,3,5,
django_mw,stream,10,min_1s_completion_ratio,0.8370483711340282,0.8362743402061749,0.8375463556701209,5,
django_mw,stream,10,latency_p50_ms,2789.115,2789.021,2789.144,5,False
django_mw,stream,10,latency_p90_ms,2790.9172,2790.7702,2791.2514,5,False
django_mw,stream,10,latency_p95_ms,2816.0332,2813.5404,2816.7747999999997,5,False
django_mw,stream,10,latency_p99_ms,2820.8484000000003,2818.01336,2822.02612,5,False
django_mw,stream,10,latency_mean_ms,2791.154692682927,2790.7259024390246,2791.3142682926828,5,False
django_mw,stream,10,inflight_at_stop,10,10,10,5,
django_mw,stream,10,censoring_fraction,0.046511627906976744,0.046511627906976744,0.046511627906976744,5,
django_mw,stream,10,late_inflight,0,0,0,5,
django_mw,stream,10,max_inflight_age_ms,2617.699,2598.5499999999997,2641.713,5,
django_mw,stream,10,response_law_R_ms,2790.1612371134274,2787.581134020583,2791.8211855670697,5,
django_mw,stream,10,derived_queue_wait_ms,0.0,0.0,0.0,5,
django_mw,stream,10,derived_ttft_ms,565.902,565.902,565.902,5,
django_mw,stream,10,stream_finished_loaded,205,205,205,5,
django_mw,stream,10,stream_csr_pct,100.0,100.0,100.0,5,
django_mw,stream,10,chunks_ok_pct,100.0,100.0,100.0,5,
django_mw,stream,10,ttft_p50_ms,565.302,565.174,565.471,5,False
django_mw,stream,10,ttft_p95_ms,574.9978,574.142,575.1268000000001,5,False
django_mw,stream,10,ttft_p99_ms,577.82312,577.23588,579.3110800000001,5,False
django_mw,stream,10,tpot_p50_ms,202.094,202.086,202.101,5,
django_mw,stream,10,tpot_p95_ms,202.3038,202.2688,202.32,5,
django_mw,stream,10,tpot_p99_ms,202.37763999999999,202.35479999999998,202.39496,5,
django_mw,stream,10,token_count_p50,12.0,12.0,12.0,5,
django_mw,stream,10,cpu_mean_loaded_pct,6.715899581589958,6.276569037656904,6.828033472803347,5,
django_mw,stream,10,cpu_max_loaded_pct,32.1,28.3,40.0,5,
django_mw,stream,10,cpu_ms_per_request,19.565317668294043,18.291719287807584,19.891602912190994,5,
django_mw,stream,10,idle_rss_mb,1093.85,1091.35,1097.71,5,
django_mw,stream,10,peak_rss_mb,1132.09,1127.96,1134.6,5,
django_mw,stream,10,rss_growth_mb,38.37000000000012,30.25,40.75,5,
django_mw,stream,10,idle_uss_mb,788.9,788.66,791.44,5,
django_mw,stream,10,peak_uss_mb,832.64,824.56,832.86,5,
django_mw,stream,10,uss_growth_mb,41.41999999999996,33.20999999999992,43.94999999999993,5,
django_mw,stream,10,sim_cpu_mean_pct,2.2414225941422594,2.1087866108786613,2.292887029288703,5,
django_mw,stream,10,sim_cpu_p95_pct,4.0,4.0,8.0,5,
django_mw,stream,10,sim_peak_uss_mb,17.72,17.7,17.73,5,
django_mw,stream,10,monitor_cpu_pct,5.922,5.889,6.139,5,
django_mw,stream,10,sim_monitor_cpu_pct,0.431,0.415,0.432,5,
django_mw,stream,10,clock_rate_ratio,0.999997043010817,0.9999336410635894,1.000038418419203,5,
django_mw,stream,10,clock_rate_uncertainty,0.0006125119631625266,0.0006018483244227513,0.0006296654855753123,5,
django_mw,stream,10,clock_rate_half_diff,0.0002236306849514591,9.950209202358451e-06,0.0004434788891295449,5,
django_mw,stream,10,clock_step_ms,0.012,0.001,0.092,5,
django_mw,stream,25,completions,352,352,352,5,
django_mw,stream,25,failures,0,0,0,5,
django_mw,stream,25,finished_loaded,352,352,352,5,
django_mw,stream,25,error_rate_pct,0.0,0.0,0.0,5,
django_mw,stream,25,locust_rps,5.846000851257398,5.845503031222208,5.847534825827211,5,
django_mw,stream,25,throughput_fixed_window,6.171416453501394,6.171006343639697,6.172070217612076,5,
django_mw,stream,25,throughput_completion_rate,6.161025408603694,6.16039938865241,6.1645970293359476,5,
django_mw,stream,25,ceiling_rps,6.1142281686088324,6.1142281686088324,6.1142281686088324,5,
django_mw,stream,25,share_of_ceiling,1.0093533121950162,1.0092862375209304,1.009460237238154,5,
django_mw,stream,25,share_of_ceiling_completion_rate,1.007653826240101,1.007551438835833,1.0082379753156276,5,
django_mw,stream,25,closed_system_consistency,1.0066266620312734,1.0065107628591725,1.007190099555116,5,
django_mw,stream,25,min_1s_completions,1,0,1,5,
django_mw,stream,25,min_1s_completion_ratio,0.16231064371257564,0.0,0.16232713772454782,5,
django_mw,stream,25,latency_p50_ms,3705.9264999999996,3681.5145,3709.0645000000004,5,False
django_mw,stream,25,latency_p90_ms,4580.0214,4577.3287,4581.5818,5,False
django_mw,stream,25,latency_p95_ms,4596.765600000001,4580.3944,4602.21275,5,False
django_mw,stream,25,latency_p99_ms,4605.92029,4582.479149999999,4609.21465,5,False
django_mw,stream,25,latency_mean_ms,4023.2628494318183,4023.157934659091,4023.3756107954546,5,False
django_mw,stream,25,inflight_at_stop,25,25,25,5,
django_mw,stream,25,censoring_fraction,0.06631299734748011,0.06631299734748011,0.06631299734748011,5,
django_mw,stream,25,late_inflight,0,0,0,5,
django_mw,stream,25,max_inflight_age_ms,3615.757,3611.9970000000003,3633.356,5,
django_mw,stream,25,response_law_R_ms,4057.766092814391,4055.4151197605543,4058.1784431136957,5,
django_mw,stream,25,derived_queue_wait_ms,1298.4851497006052,1297.732838323377,1298.6171017963825,5,
django_mw,stream,25,derived_ttft_ms,1864.3871497006053,1863.6348383233772,1864.5191017963825,5,
django_mw,stream,25,stream_finished_loaded,352,352,352,5,
django_mw,stream,25,stream_csr_pct,100.0,100.0,100.0,5,
django_mw,stream,25,chunks_ok_pct,100.0,100.0,100.0,5,
django_mw,stream,25,ttft_p50_ms,1482.0104999999999,1457.2915,1483.7195000000002,5,False
django_mw,stream,25,ttft_p95_ms,2372.3080499999996,2355.5966999999996,2377.30335,5,False
django_mw,stream,25,ttft_p99_ms,2382.00918,2358.2758000000003,2384.32099,5,False
django_mw,stream,25,tpot_p50_ms,202.0935,202.08350000000002,202.102,5,
django_mw,stream,25,tpot_p95_ms,202.42305000000002,202.37380000000002,202.4419,5,
django_mw,stream,25,tpot_p99_ms,202.50739000000002,202.49609,202.53139000000002,5,
django_mw,stream,25,token_count_p50,12.0,12.0,12.0,5,
django_mw,stream,25,cpu_mean_loaded_pct,10.1581589958159,9.989539748953975,10.277824267782426,5,
django_mw,stream,25,cpu_max_loaded_pct,52.6,48.8,64.0,5,
django_mw,stream,25,cpu_ms_per_request,17.24822360227076,16.969617463068893,17.436747849430546,5,
django_mw,stream,25,idle_rss_mb,1095.14,1093.01,1096.88,5,
django_mw,stream,25,peak_rss_mb,1134.39,1133.38,1134.67,5,
django_mw,stream,25,rss_growth_mb,39.25,36.5,41.25,5,
django_mw,stream,25,idle_uss_mb,791.28,789.04,793.64,5,
django_mw,stream,25,peak_uss_mb,833.8,833.5,833.93,5,
django_mw,stream,25,uss_growth_mb,42.51999999999998,39.950000000000045,44.80000000000007,5,
django_mw,stream,25,sim_cpu_mean_pct,3.8661087866108788,3.7158995815899583,3.9326359832635984,5,
django_mw,stream,25,sim_cpu_p95_pct,8.0,8.0,8.0,5,
django_mw,stream,25,sim_peak_uss_mb,17.71,17.71,17.73,5,
django_mw,stream,25,monitor_cpu_pct,6.087,5.987,6.254,5,
django_mw,stream,25,sim_monitor_cpu_pct,0.448,0.398,0.448,5,
django_mw,stream,25,clock_rate_ratio,1.0000207467793103,0.9999913189376392,1.000067524809759,5,
django_mw,stream,25,clock_rate_uncertainty,0.0006078197212466341,0.0006022374209537732,0.0006157259825448174,5,
django_mw,stream,25,clock_rate_half_diff,0.00034415744299265416,2.3288951471966968e-05,0.0003824916720630567,5,
django_mw,stream,25,clock_step_ms,0.001,0.001,0.001,5,
django_mw,stream,50,completions,357,357,357,5,
django_mw,stream,50,failures,0,0,0,5,
django_mw,stream,50,finished_loaded,357,357,357,5,
django_mw,stream,50,error_rate_pct,0.0,0.0,0.0,5,
django_mw,stream,50,locust_rps,5.9251991429357895,5.913994384854582,5.926584934895093,5,
django_mw,stream,50,throughput_fixed_window,6.263946805489525,6.2631908534107525,6.264823912367506,5,
django_mw,stream,50,throughput_completion_rate,6.29397871209307,6.2926940263102304,6.295648559143326,5,
django_mw,stream,50,ceiling_rps,6.1142281686088324,6.1142281686088324,6.1142281686088324,5,
django_mw,stream,50,share_of_ceiling,1.0244869234107692,1.0243632852248976,1.024630376820389,5,
django_mw,stream,50,share_of_ceiling_completion_rate,1.0293987300649161,1.029188615926645,1.0296718384613004,5,
django_mw,stream,50,closed_system_consistency,0.9988158613938425,0.9986839369324727,0.9991664266855302,5,
django_mw,stream,50,min_1s_completions,0,0,0,5,
django_mw,stream,50,min_1s_completion_ratio,0.0,0.0,0.0,5,
django_mw,stream,50,latency_p50_ms,8303.735,8302.293,8303.976,5,False
django_mw,stream,50,latency_p90_ms,8316.0658,8313.6838,8322.3502,5,False
django_mw,stream,50,latency_p95_ms,8320.9852,8317.795399999999,8333.8668,5,False
django_mw,stream,50,latency_p99_ms,8331.21192,8321.45344,8336.19164,5,False
django_mw,stream,50,latency_mean_ms,7691.398781512605,7690.341784313726,7691.922112044818,5,False
django_mw,stream,50,inflight_at_stop,50,50,50,5,
django_mw,stream,50,censoring_fraction,0.12285012285012285,0.12285012285012285,0.12285012285012285,5,
django_mw,stream,50,late_inflight,0,0,0,5,
django_mw,stream,50,max_inflight_age_ms,6801.465999999999,6783.535,6821.900000000001,5,
django_mw,stream,50,response_law_R_ms,7944.100589970448,7941.993510324487,7945.722418879134,5,
django_mw,stream,50,derived_queue_wait_ms,5243.106389380495,5241.715716814162,5244.176796460229,5,
django_mw,stream,50,derived_ttft_ms,5809.008389380495,5807.617716814162,5810.078796460229,5,
django_mw,stream,50,stream_finished_loaded,357,357,357,5,
django_mw,stream,50,stream_csr_pct,100.0,100.0,100.0,5,
django_mw,stream,50,chunks_ok_pct,100.0,100.0,100.0,5,
django_mw,stream,50,ttft_p50_ms,6080.03,6077.929,6080.155,5,False
django_mw,stream,50,ttft_p95_ms,6096.657999999999,6094.6784,6108.049,5,False
django_mw,stream,50,ttft_p99_ms,6107.59652,6098.16996,6113.08428,5,False
django_mw,stream,50,tpot_p50_ms,202.068,202.064,202.075,5,
django_mw,stream,50,tpot_p95_ms,202.30499999999998,202.2862,202.4088,5,
django_mw,stream,50,tpot_p99_ms,202.44404,202.43304,202.49972,5,
django_mw,stream,50,token_count_p50,12.0,12.0,12.0,5,
django_mw,stream,50,cpu_mean_loaded_pct,10.090794979079497,9.556485355648535,10.338912133891213,5,
django_mw,stream,50,cpu_max_loaded_pct,84.0,72.9,87.2,5,
django_mw,stream,50,cpu_ms_per_request,16.88951577311238,15.986262918768784,17.31691080392341,5,
django_mw,stream,50,idle_rss_mb,1096.6,1091.9,1097.01,5,
django_mw,stream,50,peak_rss_mb,1135.85,1133.77,1136.88,5,
django_mw,stream,50,rss_growth_mb,39.87000000000012,39.25,41.86999999999989,5,
django_mw,stream,50,idle_uss_mb,791.15,788.89,791.46,5,
django_mw,stream,50,peak_uss_mb,833.86,833.73,834.05,5,
django_mw,stream,50,uss_growth_mb,42.58999999999992,42.539999999999964,44.97000000000003,5,
django_mw,stream,50,sim_cpu_mean_pct,3.8158995815899583,3.598744769874477,3.919246861924686,5,
django_mw,stream,50,sim_cpu_p95_pct,8.0,8.0,8.0,5,
django_mw,stream,50,sim_peak_uss_mb,17.71,17.71,17.72,5,
django_mw,stream,50,monitor_cpu_pct,6.17,5.887,6.339,5,
django_mw,stream,50,sim_monitor_cpu_pct,0.415,0.382,0.431,5,
django_mw,stream,50,clock_rate_ratio,0.9999554218715041,0.9999482226923109,1.0001612695844986,5,
django_mw,stream,50,clock_rate_uncertainty,0.000603491419239433,0.0005992664680864857,0.0006175195741454306,5,
django_mw,stream,50,clock_rate_half_diff,0.0002837965153806854,5.4070074518852707e-05,0.00039259570997385307,5,
django_mw,stream,50,clock_step_ms,0.002,0.001,0.033,5,
django_mw,stream,100,completions,357,357,357,5,
django_mw,stream,100,failures,0,0,0,5,
django_mw,stream,100,finished_loaded,357,357,357,5,
django_mw,stream,100,error_rate_pct,0.0,0.0,0.0,5,
django_mw,stream,100,locust_rps,6.050505499233989,6.050227824009186,6.0509263634252335,5,
django_mw,stream,100,throughput_fixed_window,6.264155016206435,6.263271225019996,6.264549304287072,5,
django_mw,stream,100,throughput_completion_rate,6.345749569205026,6.34533028146032,6.348708963813467,5,
django_mw,stream,100,ceiling_rps,6.1142281686088324,6.1142281686088324,6.1142281686088324,5,
django_mw,stream,100,share_of_ceiling,1.0245209768859043,1.0243764302379765,1.0245854638611633,5,
django_mw,stream,100,share_of_ceiling_completion_rate,1.0378660060128033,1.0377974302689574,1.0383500237051155,5,
django_mw,stream,100,closed_system_consistency,0.9349720069447135,0.9349628832313818,0.9354369070932688,5,
django_mw,stream,100,min_1s_completions,0,0,0,5,
django_mw,stream,100,min_1s_completion_ratio,0.0,0.0,0.0,5,
django_mw,stream,100,latency_p50_ms,16659.302,16657.015,16662.089,5,False
django_mw,stream,100,latency_p90_ms,16675.102,16672.2974,16683.1676,5,False
django_mw,stream,100,latency_p95_ms,16677.6064,16675.5076,16693.8368,5,False
django_mw,stream,100,latency_p99_ms,16690.81768,16683.30572,16706.17956,5,False
django_mw,stream,100,latency_mean_ms,14165.848280112044,14165.220075630252,14166.587168067226,5,False
django_mw,stream,100,inflight_at_stop,100,100,100,5,
django_mw,stream,100,censoring_fraction,0.2188183807439825,0.2188183807439825,0.2188183807439825,5,
django_mw,stream,100,late_inflight,0,0,0,5,
django_mw,stream,100,max_inflight_age_ms,15168.971000000001,15147.636999999999,15199.298,5,
django_mw,stream,100,response_law_R_ms,15758.579646017715,15751.23392330355,15759.620943952807,5,
django_mw,stream,100,derived_queue_wait_ms,13079.621106194703,13073.524156341946,13080.48538348083,5,
django_mw,stream,100,derived_ttft_ms,13645.523106194703,13639.426156341946,13646.38738348083,5,
django_mw,stream,100,stream_finished_loaded,357,357,357,5,
django_mw,stream,100,stream_csr_pct,100.0,100.0,100.0,5,
django_mw,stream,100,chunks_ok_pct,100.0,100.0,100.0,5,
django_mw,stream,100,ttft_p50_ms,14435.937,14433.65,14438.727,5,False
django_mw,stream,100,ttft_p95_ms,14454.905999999999,14451.563199999999,14470.756,5,False
django_mw,stream,100,ttft_p99_ms,14467.61136,14460.21124,14483.15244,5,False
django_mw,stream,100,tpot_p50_ms,202.044,202.041,202.059,5,
django_mw,stream,100,tpot_p95_ms,202.2104,202.1748,202.2676,5,
django_mw,stream,100,tpot_p99_ms,202.32428,202.27776,202.414,5,
django_mw,stream,100,token_count_p50,12.0,12.0,12.0,5,
django_mw,stream,100,cpu_mean_loaded_pct,9.856903765690376,9.667782426778242,9.943096234309623,5,
django_mw,stream,100,cpu_max_loaded_pct,128.0,120.0,136.0,5,
django_mw,stream,100,cpu_ms_per_request,16.50750838655645,16.19790823529738,16.649505039213235,5,
django_mw,stream,100,idle_rss_mb,1095.25,1092.23,1097.85,5,
django_mw,stream,100,peak_rss_mb,1135.47,1133.85,1136.87,5,
django_mw,stream,100,rss_growth_mb,40.11999999999989,37.62000000000012,41.61999999999989,5,
django_mw,stream,100,idle_uss_mb,791.11,788.91,793.55,5,
django_mw,stream,100,peak_uss_mb,833.78,833.68,834.14,5,
django_mw,stream,100,uss_growth_mb,42.58000000000004,40.129999999999995,44.8900000000001,5,
django_mw,stream,100,sim_cpu_mean_pct,3.6652719665271967,3.6142259414225943,3.8493723849372383,5,
django_mw,stream,100,sim_cpu_p95_pct,8.0,8.0,8.0,5,
django_mw,stream,100,sim_peak_uss_mb,17.72,17.7,17.74,5,
django_mw,stream,100,monitor_cpu_pct,6.138,5.953,6.321,5,
django_mw,stream,100,sim_monitor_cpu_pct,0.415,0.381,0.415,5,
django_mw,stream,100,clock_rate_ratio,1.0000468259504158,0.9999145427197585,1.000079437714568,5,
django_mw,stream,100,clock_rate_uncertainty,0.0005988721105050236,0.0005946180883437794,0.00062029935781816,5,
django_mw,stream,100,clock_rate_half_diff,0.00013735172285855857,7.533576691698407e-05,0.0003501004647511463,5,
django_mw,stream,100,clock_step_ms,0.02,0.002,0.063,5,
fastapi,inference,1,completions,20,20,20,5,
fastapi,inference,1,failures,0,0,0,5,
fastapi,inference,1,finished_loaded,20,20,20,5,
fastapi,inference,1,error_rate_pct,0.0,0.0,0.0,5,
fastapi,inference,1,locust_rps,0.3460210712549046,0.34601424176035656,0.34604253489268183,5,
fastapi,inference,1,throughput_fixed_window,0.35125060973706745,0.3512438613790918,0.35208522690221183,5,
fastapi,inference,1,throughput_completion_rate,0.34605041700804834,0.3460386685139586,0.34606415564181287,5,
fastapi,inference,1,ceiling_rps,0.34746351633078526,0.34746351633078526,0.34746351633078526,5,
fastapi,inference,1,share_of_ceiling,1.0108992548232802,1.0108798330490263,1.0133012830245656,5,
fastapi,inference,1,share_of_ceiling_completion_rate,0.9959331001491631,0.9958992879831728,0.9959726399371375,5,
fastapi,inference,1,closed_system_consistency,0.9999548252429112,0.9999232901240415,0.999967393844715,5,
fastapi,inference,1,min_1s_completions,0,0,0,5,
fastapi,inference,1,min_1s_completion_ratio,0.0,0.0,0.0,5,
fastapi,inference,1,latency_p50_ms,2889.7934999999998,2889.4785,2890.0045,5,False
fastapi,inference,1,latency_p90_ms,2890.8938000000003,2890.6654,2891.3100999999997,5,False
fastapi,inference,1,latency_p95_ms,2891.18785,2890.77285,2891.42725,5,False
fastapi,inference,1,latency_mean_ms,2889.7881,2889.6013,2889.8496999999998,5,False
fastapi,inference,1,inflight_at_stop,1,1,1,5,
fastapi,inference,1,censoring_fraction,0.047619047619047616,0.047619047619047616,0.047619047619047616,5,
fastapi,inference,1,late_inflight,0,0,0,5,
fastapi,inference,1,max_inflight_age_ms,2048.5730000000003,1919.628,2053.671,5,
fastapi,inference,1,response_law_R_ms,2889.752333333389,2889.6376111111344,2889.850444444366,5,
fastapi,inference,1,derived_queue_wait_ms,11.752333333388833,11.637611111134447,11.850444444366076,5,
fastapi,inference,1,cpu_mean_loaded_pct,0.41841004184100417,0.401673640167364,0.41841004184100417,5,
fastapi,inference,1,cpu_max_loaded_pct,4.0,4.0,8.0,5,
fastapi,inference,1,cpu_ms_per_request,12.496566000001621,11.99473799998668,12.50378999998793,5,
fastapi,inference,1,idle_rss_mb,59.61,59.39,59.61,5,
fastapi,inference,1,peak_rss_mb,59.74,59.62,59.74,5,
fastapi,inference,1,rss_growth_mb,0.13000000000000256,0.12999999999999545,0.25,5,
fastapi,inference,1,idle_uss_mb,48.1,48.08,48.12,5,
fastapi,inference,1,peak_uss_mb,48.26,48.24,48.29,5,
fastapi,inference,1,uss_growth_mb,0.1599999999999966,0.14999999999999858,0.1700000000000017,5,
fastapi,inference,1,sim_cpu_mean_pct,0.0502092050209205,0.03347280334728033,0.0502092050209205,5,
fastapi,inference,1,sim_cpu_p95_pct,0.0,0.0,0.0,5,
fastapi,inference,1,sim_peak_uss_mb,16.86,16.86,16.86,5,
fastapi,inference,1,monitor_cpu_pct,0.547,0.498,0.614,5,
fastapi,inference,1,sim_monitor_cpu_pct,0.431,0.398,0.481,5,
fastapi,inference,1,clock_rate_ratio,0.9999840936922705,0.9998235362515498,1.0001192979651043,5,
fastapi,inference,1,clock_rate_uncertainty,0.0006288909664728456,0.0006255709567456975,0.0006341868009243823,5,
fastapi,inference,1,clock_rate_half_diff,0.0003070023694181634,1.434032858393941e-05,0.0004802865896383901,5,
fastapi,inference,1,clock_step_ms,0.003,0.001,0.083,5,
fastapi,inference,5,completions,99,99,99,5,
fastapi,inference,5,failures,0,0,0,5,
fastapi,inference,5,finished_loaded,99,99,99,5,
fastapi,inference,5,error_rate_pct,0.0,0.0,0.0,5,
fastapi,inference,5,locust_rps,1.662973556347591,1.66279515618038,1.6631799492975101,5,
fastapi,inference,5,throughput_fixed_window,1.7385605246713043,1.737640157362385,1.7427688909744985,5,
fastapi,inference,5,throughput_completion_rate,1.7313069992106624,1.730814304953195,1.7315169732695146,5,
fastapi,inference,5,ceiling_rps,1.7373175816539264,1.7373175816539264,1.7373175816539264,5,
fastapi,inference,5,share_of_ceiling,1.0007154380008028,1.0001856745777888,1.0031377736449214,5,
fastapi,inference,5,share_of_ceiling_completion_rate,0.9965403087456572,0.9962567139310591,0.9966611698139326,5,
fastapi,inference,5,closed_system_consistency,1.0000060759329963,0.9998480026279083,1.000237161296466,5,
fastapi,inference,5,min_1s_completions,1,1,1,5,
fastapi,inference,5,min_1s_completion_ratio,0.5775983118279543,0.5775282688172342,0.5777627311827899,5,
fastapi,inference,5,latency_p50_ms,2888.447,2888.056,2888.646,5,False
fastapi,inference,5,latency_p90_ms,2889.6822,2889.438,2890.504,5,False
fastapi,inference,5,latency_p95_ms,2890.9064999999996,2890.1405,2891.7695,5,False
fastapi,inference,5,latency_mean_ms,2888.525838383838,2888.2877575757575,2888.7017676767678,5,False
fastapi,inference,5,inflight_at_stop,5,5,5,5,
fastapi,inference,5,censoring_fraction,0.04807692307692308,0.04807692307692308,0.04807692307692308,5,
fastapi,inference,5,late_inflight,0,0,0,5,
fastapi,inference,5,max_inflight_age_ms,2611.685,2494.1659999999997,2654.73,5,
fastapi,inference,5,response_law_R_ms,2887.991559139771,2887.641344086171,2888.8136559139493,5,
fastapi,inference,5,derived_queue_wait_ms,9.991559139771198,9.641344086171102,10.813655913949333,5,
fastapi,inference,5,cpu_mean_loaded_pct,1.1213389121338913,1.104602510460251,1.1552301255230126,5,
fastapi,inference,5,cpu_max_loaded_pct,8.0,4.0,8.0,5,
fastapi,inference,5,cpu_ms_per_request,6.7630452525301035,6.664664242421032,6.97221614141745,5,
fastapi,inference,5,idle_rss_mb,59.58,59.49,59.62,5,
fastapi,inference,5,peak_rss_mb,59.99,59.87,60.12,5,
fastapi,inference,5,rss_growth_mb,0.37999999999999545,0.37000000000000455,0.5,5,
fastapi,inference,5,idle_uss_mb,48.09,48.08,48.14,5,
fastapi,inference,5,peak_uss_mb,48.6,48.59,48.65,5,
fastapi,inference,5,uss_growth_mb,0.509999999999998,0.509999999999998,0.5100000000000051,5,
fastapi,inference,5,sim_cpu_mean_pct,0.26778242677824265,0.2510460251046025,0.2684873949579832,5,
fastapi,inference,5,sim_cpu_p95_pct,4.0,4.0,4.0,5,
fastapi,inference,5,sim_peak_uss_mb,16.95,16.92,16.96,5,
fastapi,inference,5,monitor_cpu_pct,0.596,0.498,0.614,5,
fastapi,inference,5,sim_monitor_cpu_pct,0.447,0.381,0.481,5,
fastapi,inference,5,clock_rate_ratio,1.0000921120301178,1.0000856002692298,1.0002291990145846,5,
fastapi,inference,5,clock_rate_uncertainty,0.0006124993095838148,0.0005994711452504357,0.0006367820481234577,5,
fastapi,inference,5,clock_rate_half_diff,0.0002323741401825119,0.00015675217519417473,0.0005425734619934897,5,
fastapi,inference,5,clock_step_ms,0.058,0.001,0.09,5,
fastapi,inference,10,completions,197,197,198,5,
fastapi,inference,10,failures,0,0,0,5,
fastapi,inference,10,finished_loaded,197,197,198,5,
fastapi,inference,10,error_rate_pct,0.0,0.0,0.0,5,
fastapi,inference,10,locust_rps,3.310003177628511,3.309697638708387,3.3100868754796178,5,
fastapi,inference,10,throughput_fixed_window,3.468263983263272,3.4668455749369276,3.4757954296047995,5,
fastapi,inference,10,throughput_completion_rate,3.462650805889205,3.4620257652891118,3.462821756786902,5,
fastapi,inference,10,ceiling_rps,3.4746351633078527,3.4746351633078527,3.4746351633078527,5,
fastapi,inference,10,share_of_ceiling,0.9981663743831697,0.9977581564668477,1.0003339246402614,5,
fastapi,inference,10,share_of_ceiling_completion_rate,0.9965509019349132,0.9963710152502063,0.9966001016032704,5,
fastapi,inference,10,closed_system_consistency,0.9999829781933574,0.9999263305760907,1.000024253955822,5,
fastapi,inference,10,min_1s_completions,3,3,3,5,
fastapi,inference,10,min_1s_completion_ratio,0.8663882580645041,0.8663454866310107,0.8665446774193697,5,
fastapi,inference,10,latency_p50_ms,2887.95,2887.87,2888.228,5,False
fastapi,inference,10,latency_p90_ms,2889.4822,2889.0834,2889.607,5,False
fastapi,inference,10,latency_p95_ms,2890.2734,2890.0992,2890.6803,5,False
fastapi,inference,10,latency_p99_ms,2893.76464,2891.91916,2898.3206800000003,5,False
fastapi,inference,10,latency_mean_ms,2888.1929898477156,2888.0608578680203,2888.3718578680205,5,False
fastapi,inference,10,inflight_at_stop,10,10,10,5,
fastapi,inference,10,censoring_fraction,0.04830917874396135,0.04807692307692308,0.04830917874396135,5,
fastapi,inference,10,late_inflight,0,0,0,5,
fastapi,inference,10,max_inflight_age_ms,2792.049,2670.388,2802.48,5,
fastapi,inference,10,response_law_R_ms,2887.960860215014,2887.8182887700355,2888.482258064566,5,
fastapi,inference,10,derived_queue_wait_ms,9.960860215013781,9.818288770035451,10.48225806456594,5,
fastapi,inference,10,cpu_mean_loaded_pct,2.0168067226890756,1.99163179916318,2.0585774058577404,5,
fastapi,inference,10,cpu_max_loaded_pct,8.0,4.0,8.0,5,
fastapi,inference,10,cpu_ms_per_request,6.092946192892007,6.0117587878865875,6.243306192889133,5,
fastapi,inference,10,idle_rss_mb,59.6,59.49,59.62,5,
fastapi,inference,10,peak_rss_mb,60.37,60.25,60.47,5,
fastapi,inference,10,rss_growth_mb,0.75,0.75,0.8799999999999955,5,
fastapi,inference,10,idle_uss_mb,48.09,48.09,48.1,5,
fastapi,inference,10,peak_uss_mb,48.92,48.91,48.93,5,
fastapi,inference,10,uss_growth_mb,0.8299999999999983,0.8199999999999932,0.8299999999999983,5,
fastapi,inference,10,sim_cpu_mean_pct,0.5390756302521008,0.5355648535564853,0.5523012552301255,5,
fastapi,inference,10,sim_cpu_p95_pct,4.0,4.0,4.0,5,
fastapi,inference,10,sim_peak_uss_mb,17.08,17.05,17.11,5,
fastapi,inference,10,monitor_cpu_pct,0.563,0.514,0.58,5,
fastapi,inference,10,sim_monitor_cpu_pct,0.447,0.398,0.448,5,
fastapi,inference,10,clock_rate_ratio,0.9999655669236749,0.9999313023712437,1.000049946864965,5,
fastapi,inference,10,clock_rate_uncertainty,0.0006161202368728479,0.0006109967579977636,0.0006198334188349986,5,
fastapi,inference,10,clock_rate_half_diff,0.00014474799192321086,5.505625967971994e-05,0.0005098409403181403,5,
fastapi,inference,10,clock_step_ms,0.016,0.001,0.093,5,
fastapi,inference,25,completions,492,492,494,5,
fastapi,inference,25,failures,0,0,0,5,
fastapi,inference,25,finished_loaded,492,492,493,5,
fastapi,inference,25,error_rate_pct,0.0,0.0,0.0,5,
fastapi,inference,25,locust_rps,8.249361188496069,8.249089572767629,8.24989197852141,5,
fastapi,inference,25,throughput_fixed_window,8.65905707631873,8.65214044387276,8.661975021633468,5,
fastapi,inference,25,throughput_completion_rate,8.657240816113903,8.656226812271878,8.658019435693046,5,
fastapi,inference,25,ceiling_rps,8.686587908269631,8.686587908269631,8.686587908269631,5,
fastapi,inference,25,share_of_ceiling,0.9968306506258122,0.9960344078986322,0.9971665644904449,5,
fastapi,inference,25,share_of_ceiling_completion_rate,0.9966215627510326,0.9965048306287387,0.9967111974369834,5,
fastapi,inference,25,closed_system_consistency,0.9999963889310763,0.9999750557292966,1.0001799834230118,5,
fastapi,inference,25,min_1s_completions,8,8,8,5,
fastapi,inference,25,min_1s_completion_ratio,0.9240819528907447,0.9239988497853986,0.9241902012847504,5,
fastapi,inference,25,latency_p50_ms,2887.9314999999997,2887.7745,2888.041,5,False
fastapi,inference,25,latency_p90_ms,2889.3837000000003,2889.0615,2889.6121,5,False
fastapi,inference,25,latency_p95_ms,2890.3254,2890.0706,2890.61955,5,False
fastapi,inference,25,latency_p99_ms,2892.36557,2892.21061,2893.00237,5,False
fastapi,inference,25,latency_mean_ms,2888.148611788618,2887.8746951219514,2888.2598536585365,5,False
fastapi,inference,25,inflight_at_stop,25,24,25,5,
fastapi,inference,25,censoring_fraction,0.048355899419729204,0.04633204633204633,0.048355899419729204,5,
fastapi,inference,25,late_inflight,0,0,0,5,
fastapi,inference,25,max_inflight_age_ms,2835.209,2767.828,2864.675,5,
fastapi,inference,25,response_law_R_ms,2887.7561027835773,2887.4964055793707,2888.0943790148444,5,
fastapi,inference,25,derived_queue_wait_ms,9.756102783577262,9.49640557937073,10.094379014844435,5,
fastapi,inference,25,cpu_mean_loaded_pct,4.78744769874477,4.735983263598326,4.886610878661088,5,
fastapi,inference,25,cpu_max_loaded_pct,11.9,8.1,12.0,5,
fastapi,inference,25,cpu_ms_per_request,5.813062166666361,5.7401303488833335,5.922755647060878,5,
fastapi,inference,25,idle_rss_mb,59.51,59.36,59.74,5,
fastapi,inference,25,peak_rss_mb,61.26,61.11,61.49,5,
fastapi,inference,25,rss_growth_mb,1.75,1.75,1.75,5,
fastapi,inference,25,idle_uss_mb,48.16,48.09,48.2,5,
fastapi,inference,25,peak_uss_mb,49.92,49.85,49.97,5,
fastapi,inference,25,uss_growth_mb,1.7600000000000051,1.759999999999998,1.769999999999996,5,
fastapi,inference,25,sim_cpu_mean_pct,1.3723849372384938,1.3548117154811716,1.389539748953975,5,
fastapi,inference,25,sim_cpu_p95_pct,4.0,4.0,4.0,5,
fastapi,inference,25,sim_peak_uss_mb,17.38,17.34,17.4,5,
fastapi,inference,25,monitor_cpu_pct,0.581,0.564,0.614,5,
fastapi,inference,25,sim_monitor_cpu_pct,0.398,0.38,0.431,5,
fastapi,inference,25,clock_rate_ratio,1.0000368395573105,0.9998834226646888,1.0001068248852587,5,
fastapi,inference,25,clock_rate_uncertainty,0.0006197147724076931,0.0006146102964568358,0.0006355194214256002,5,
fastapi,inference,25,clock_rate_half_diff,0.0001132761036336527,6.337736274431016e-05,0.00026211310184942604,5,
fastapi,inference,25,clock_step_ms,0.041,0.001,0.129,5,
fastapi,inference,50,completions,987,986,987,5,
fastapi,inference,50,failures,0,0,0,5,
fastapi,inference,50,finished_loaded,986,986,986,5,
fastapi,inference,50,error_rate_pct,0.0,0.0,0.0,5,
fastapi,inference,50,locust_rps,16.481918228703435,16.48104048920366,16.486065642212843,5,
fastapi,inference,50,throughput_fixed_window,17.30439037178764,17.30179153584895,17.3112119184339,5,
fastapi,inference,50,throughput_completion_rate,17.315091856284983,17.314060691282638,17.31655544931455,5,
fastapi,inference,50,ceiling_rps,17.373175816539263,17.373175816539263,17.373175816539263,5,
fastapi,inference,50,share_of_ceiling,0.9960407098000966,0.9958911208034655,0.9964333580250554,5,
fastapi,inference,50,share_of_ceiling_completion_rate,0.9966566872477637,0.9965973333902287,0.9967409316625455,5,
fastapi,inference,50,closed_system_consistency,1.0000541546770432,0.9999863068128095,1.000144757056506,5,
fastapi,inference,50,min_1s_completions,17,17,17,5,
fastapi,inference,50,min_1s_completion_ratio,0.9818024727272462,0.9817194909090838,0.9818609454545367,5,
fastapi,inference,50,latency_p50_ms,2887.851,2887.737,2888.047,5,False
fastapi,inference,50,latency_p90_ms,2889.2648,2889.0428,2889.4334,5,False
fastapi,inference,50,latency_p95_ms,2890.1394999999998,2890.0555,2890.4953,5,False
fastapi,inference,50,latency_p99_ms,2892.03042,2891.3015,2892.12956,5,False
fastapi,inference,50,latency_mean_ms,2887.9887193515706,2887.8427467071933,2888.152372210953,5,False
fastapi,inference,50,inflight_at_stop,49,49,50,5,
fastapi,inference,50,censoring_fraction,0.0472972972972973,0.0472972972972973,0.04826254826254826,5,
fastapi,inference,50,late_inflight,0,0,0,5,
fastapi,inference,50,max_inflight_age_ms,2843.799,2836.57,2881.865,5,
fastapi,inference,50,response_law_R_ms,2887.6543315507242,2887.410267379658,2887.826310160402,5,
fastapi,inference,50,derived_queue_wait_ms,9.654331550724237,9.410267379657853,9.826310160402045,5,
fastapi,inference,50,cpu_mean_loaded_pct,9.676987447698744,9.523430962343097,9.92510460251046,5,
fastapi,inference,50,cpu_max_loaded_pct,16.0,16.0,16.2,5,
fastapi,inference,50,cpu_ms_per_request,5.862851551723976,5.770928793103443,6.014809188640939,5,
fastapi,inference,50,idle_rss_mb,59.71,59.61,59.74,5,
fastapi,inference,50,peak_rss_mb,62.87,62.74,62.99,5,
fastapi,inference,50,rss_growth_mb,3.1300000000000026,3.1200000000000045,3.25,5,
fastapi,inference,50,idle_uss_mb,48.18,48.13,48.19,5,
fastapi,inference,50,peak_uss_mb,51.37,51.32,51.38,5,
fastapi,inference,50,uss_growth_mb,3.190000000000005,3.1899999999999977,3.210000000000001,5,
fastapi,inference,50,sim_cpu_mean_pct,2.79581589958159,2.728033472803347,2.8451882845188283,5,
fastapi,inference,50,sim_cpu_p95_pct,4.0,4.0,4.399999999999977,5,
fastapi,inference,50,sim_peak_uss_mb,17.86,17.8,17.87,5,
fastapi,inference,50,monitor_cpu_pct,0.581,0.547,0.614,5,
fastapi,inference,50,sim_monitor_cpu_pct,0.431,0.382,0.448,5,
fastapi,inference,50,clock_rate_ratio,0.9999776377110148,0.9998878809909214,1.0002359433342602,5,
fastapi,inference,50,clock_rate_uncertainty,0.0006202975744077445,0.0006077980921705179,0.0006438929307647922,5,
fastapi,inference,50,clock_rate_half_diff,0.00047143697925688954,8.690235532926582e-05,0.000506991465093698,5,
fastapi,inference,50,clock_step_ms,0.001,0.001,0.012,5,
fastapi,inference,100,completions,1973,1973,1973,5,
fastapi,inference,100,failures,0,0,0,5,
fastapi,inference,100,finished_loaded,1972,1972,1972,5,
fastapi,inference,100,error_rate_pct,0.0,0.0,0.0,5,
fastapi,inference,100,locust_rps,32.94994138327999,32.946310592977646,32.9542578844731,5,
fastapi,inference,100,throughput_fixed_window,34.609832093082325,34.60798007166453,34.61286077652911,5,
fastapi,inference,100,throughput_completion_rate,34.630884011155764,34.62570235720479,34.635553634609735,5,
fastapi,inference,100,ceiling_rps,34.746351633078525,34.746351633078525,34.746351633078525,5,
fastapi,inference,100,share_of_ceiling,0.9960709676389093,0.9960176664625051,0.9961581331485079,5,
fastapi,inference,100,share_of_ceiling_completion_rate,0.996676841841063,0.9965277138403538,0.9968112336040682,5,
fastapi,inference,100,closed_system_consistency,1.0003028002296552,1.0002205701521745,1.0004625173801847,5,
fastapi,inference,100,min_1s_completions,31,29,33,5,
fastapi,inference,100,min_1s_completion_ratio,0.8952886985568868,0.8372899219668202,0.952906659540357,5,
fastapi,inference,100,latency_p50_ms,2888.091,2888.044,2888.174,5,False
fastapi,inference,100,latency_p90_ms,2890.8766,2890.133,2891.608,5,False
fastapi,inference,100,latency_p95_ms,2893.0897999999997,2891.589,2894.389,5,False
fastapi,inference,100,latency_p99_ms,2900.6116,2899.55304,2904.51352,5,False
fastapi,inference,100,latency_mean_ms,2888.7163005575267,2888.533274708566,2888.8563639128233,5,False
fastapi,inference,100,inflight_at_stop,99,99,99,5,
fastapi,inference,100,censoring_fraction,0.04777992277992278,0.04777992277992278,0.04777992277992278,5,
fastapi,inference,100,late_inflight,0,0,0,5,
fastapi,inference,100,max_inflight_age_ms,2862.853,2857.243,2866.12,5,
fastapi,inference,100,response_law_R_ms,2887.595938001082,2887.2066274717936,2888.0280598609247,5,
fastapi,inference,100,derived_queue_wait_ms,9.595938001081777,9.206627471793581,10.028059860924714,5,
fastapi,inference,100,cpu_mean_loaded_pct,19.83682008368201,19.71589958158996,19.935564853556485,5,
fastapi,inference,100,cpu_max_loaded_pct,32.1,28.1,40.0,5,
fastapi,inference,100,cpu_ms_per_request,6.009640210953043,5.973415230223285,6.039850623224375,5,
fastapi,inference,100,idle_rss_mb,59.74,59.59,59.75,5,
fastapi,inference,100,peak_rss_mb,65.62,65.49,65.75,5,
fastapi,inference,100,rss_growth_mb,5.999999999999993,5.749999999999993,6.0,5,
fastapi,inference,100,idle_uss_mb,48.18,48.14,48.21,5,
fastapi,inference,100,peak_uss_mb,54.2,54.14,54.22,5,
fastapi,inference,100,uss_growth_mb,6.0,6.0,6.020000000000003,5,
fastapi,inference,100,sim_cpu_mean_pct,5.456485355648535,5.423849372384937,5.489539748953975,5,
fastapi,inference,100,sim_cpu_p95_pct,8.0,8.0,8.0,5,
fastapi,inference,100,sim_peak_uss_mb,18.87,18.76,18.89,5,
fastapi,inference,100,monitor_cpu_pct,0.564,0.547,0.597,5,
fastapi,inference,100,sim_monitor_cpu_pct,0.415,0.381,0.464,5,
fastapi,inference,100,clock_rate_ratio,1.0000581731751377,0.999891471773402,1.0001559374939086,5,
fastapi,inference,100,clock_rate_uncertainty,0.0006244817200430221,0.000612144996789329,0.0006450784388139601,5,
fastapi,inference,100,clock_rate_half_diff,0.00019779101936334698,8.547028551497693e-05,0.0003151935745487888,5,
fastapi,inference,100,clock_step_ms,0.001,0.001,0.003,5,
fastapi,pipeline,1,completions,21,21,21,5,
fastapi,pipeline,1,failures,0,0,0,5,
fastapi,pipeline,1,finished_loaded,21,21,21,5,
fastapi,pipeline,1,error_rate_pct,0.0,0.0,0.0,5,
fastapi,pipeline,1,locust_rps,0.3601677869159505,0.3601448678868612,0.36017976817724046,5,
fastapi,pipeline,1,throughput_fixed_window,0.3681523416592987,0.36811119848661716,0.3681784910821427,5,
fastapi,pipeline,1,throughput_completion_rate,0.36020838623894924,0.36017127471060806,0.36023489135049047,5,
fastapi,pipeline,1,ceiling_rps,0.3621220351258374,0.3621220351258374,0.3621220351258374,5,
fastapi,pipeline,1,share_of_ceiling,1.0166526914921534,1.0165390746207934,1.016724903123337,5,
fastapi,pipeline,1,share_of_ceiling_completion_rate,0.9947154585988583,0.9946129751133441,0.9947886524643794,5,
fastapi,pipeline,1,closed_system_consistency,0.9999375192239899,0.9998891781422711,0.9999597144836918,5,
fastapi,pipeline,1,min_1s_completions,0,0,0,5,
fastapi,pipeline,1,min_1s_completion_ratio,0.0,0.0,0.0,5,
fastapi,pipeline,1,latency_p50_ms,2776.056,2775.74,2776.626,5,False
fastapi,pipeline,1,latency_p90_ms,2777.719,2777.003,2778.21,5,False
fastapi,pipeline,1,latency_p95_ms,2777.971,2777.18,2779.03,5,False
fastapi,pipeline,1,latency_mean_ms,2776.1862857142855,2776.094476190476,2776.3660476190475,5,False
fastapi,pipeline,1,inflight_at_stop,1,1,1,5,
fastapi,pipeline,1,censoring_fraction,0.045454545454545456,0.045454545454545456,0.045454545454545456,5,
fastapi,pipeline,1,late_inflight,0,0,0,5,
fastapi,pipeline,1,max_inflight_age_ms,1540.0819999999999,1535.148,1550.747,5,
fastapi,pipeline,1,response_law_R_ms,2776.1707894736137,2775.9665263158813,2776.4568421051467,5,
fastapi,pipeline,1,derived_queue_wait_ms,14.670789473613695,14.46652631588131,14.956842105146734,5,
fastapi,pipeline,1,pipeline_completion_pct,100.0,100.0,100.0,5,
fastapi,pipeline,1,stage1_p50_ms,0.001,0.001,0.001,5,
fastapi,pipeline,1,stage1_p95_ms,0.001,0.001,0.001,5,
fastapi,pipeline,1,stage2_p50_ms,51.098,50.892,51.285,5,
fastapi,pipeline,1,stage2_p95_ms,51.848,51.71,52.661,5,
fastapi,pipeline,1,stage3_p50_ms,2721.317,2721.223,2721.545,5,
fastapi,pipeline,1,stage3_p95_ms,2722.403,2722.013,2723.022,5,
fastapi,pipeline,1,stage4_p50_ms,0.002,0.002,0.002,5,
fastapi,pipeline,1,stage4_p95_ms,0.003,0.002,0.003,5,
fastapi,pipeline,1,e2e_server_p50_ms,2772.573,2772.359,2772.765,5,
fastapi,pipeline,1,e2e_server_p95_ms,2774.086,2773.469,2774.492,5,
fastapi,pipeline,1,e2e_client_p50_ms,2776.056,2775.74,2776.626,5,False
fastapi,pipeline,1,e2e_client_p95_ms,2777.971,2777.18,2779.03,5,False
fastapi,pipeline,1,cpu_mean_loaded_pct,0.48535564853556484,0.4686192468619247,0.48535564853556484,5,
fastapi,pipeline,1,cpu_max_loaded_pct,8.0,4.0,8.0,5,
fastapi,pipeline,1,cpu_ms_per_request,13.80293142857097,13.333512381054572,13.813794285690948,5,
fastapi,pipeline,1,idle_rss_mb,59.71,59.61,59.74,5,
fastapi,pipeline,1,peak_rss_mb,59.83,59.61,59.99,5,
fastapi,pipeline,1,rss_growth_mb,0.11999999999999744,0.0,0.25,5,
fastapi,pipeline,1,idle_uss_mb,48.22,48.21,48.27,5,
fastapi,pipeline,1,peak_uss_mb,48.41,48.39,48.45,5,
fastapi,pipeline,1,uss_growth_mb,0.17999999999999972,0.17999999999999972,0.18999999999999773,5,
fastapi,pipeline,1,sim_cpu_mean_pct,0.0502092050209205,0.0502092050209205,0.08368200836820083,5,
fastapi,pipeline,1,sim_cpu_p95_pct,0.0,0.0,0.0,5,
fastapi,pipeline,1,sim_peak_uss_mb,19.11,19.11,19.11,5,
fastapi,pipeline,1,monitor_cpu_pct,0.614,0.531,0.63,5,
fastapi,pipeline,1,sim_monitor_cpu_pct,0.431,0.398,0.464,5,
fastapi,pipeline,1,clock_rate_ratio,1.0001494680785996,1.0000825168574372,1.0001581571219753,5,
fastapi,pipeline,1,clock_rate_uncertainty,0.0006350118955813005,0.0006257965037946719,0.0006734059520308932,5,
fastapi,pipeline,1,clock_rate_half_diff,0.0003174830405614504,0.00021706855739678232,0.00044566516231547837,5,
fastapi,pipeline,1,clock_step_ms,0.003,0.001,0.11,5,
fastapi,pipeline,5,completions,103,103,103,5,
fastapi,pipeline,5,failures,0,0,0,5,
fastapi,pipeline,5,finished_loaded,103,103,103,5,
fastapi,pipeline,5,error_rate_pct,0.0,0.0,0.0,5,
fastapi,pipeline,5,locust_rps,1.734350743085803,1.7339088130936642,1.7350531095910744,5,
fastapi,pipeline,5,throughput_fixed_window,1.8048378444750623,1.8042178106655842,1.8096295481516262,5,
fastapi,pipeline,5,throughput_completion_rate,1.802536242824976,1.8022313444856075,1.8039007736299784,5,
fastapi,pipeline,5,ceiling_rps,1.8106101756291872,1.8106101756291872,1.8106101756291872,5,
fastapi,pipeline,5,share_of_ceiling,0.9968119415035768,0.996469496830602,0.999458399444143,5,
fastapi,pipeline,5,share_of_ceiling_completion_rate,0.9955407669122341,0.995372371559401,0.9962943972758369,5,
fastapi,pipeline,5,closed_system_consistency,0.9999915869795556,0.9998886051536866,1.0002676396683934,5,
fastapi,pipeline,5,min_1s_completions,1,1,1,5,
fastapi,pipeline,5,min_1s_completion_ratio,0.554773865979403,0.5543542164947943,0.5548677216494755,5,
fastapi,pipeline,5,latency_p50_ms,2774.033,2772.708,2774.31,5,False
fastapi,pipeline,5,latency_p90_ms,2775.5418,2774.5162,2775.8814,5,False
fastapi,pipeline,5,latency_p95_ms,2776.4673000000003,2775.388,2777.1427000000003,5,False
fastapi,pipeline,5,latency_p99_ms,2778.19912,2776.66256,2780.0702,5,False
fastapi,pipeline,5,latency_mean_ms,2774.039776699029,2772.802349514563,2774.35445631068,5,False
fastapi,pipeline,5,inflight_at_stop,5,5,5,5,
fastapi,pipeline,5,censoring_fraction,0.046296296296296294,0.046296296296296294,0.046296296296296294,5,
fastapi,pipeline,5,late_inflight,0,0,0,5,
fastapi,pipeline,5,max_inflight_age_ms,2679.7870000000003,2548.651,2696.1569999999997,5,
fastapi,pipeline,5,response_law_R_ms,2773.869329897015,2771.771082473972,2774.3386082473776,5,
fastapi,pipeline,5,derived_queue_wait_ms,12.369329897015177,10.271082473972001,12.838608247377579,5,
fastapi,pipeline,5,pipeline_completion_pct,100.0,100.0,100.0,5,
fastapi,pipeline,5,stage1_p50_ms,0.001,0.001,0.001,5,
fastapi,pipeline,5,stage1_p95_ms,0.001,0.001,0.001,5,
fastapi,pipeline,5,stage1_p99_ms,0.001,0.001,0.028440000000000114,5,
fastapi,pipeline,5,stage2_p50_ms,51.033,50.928,51.118,5,
fastapi,pipeline,5,stage2_p95_ms,52.2192,51.6869,52.5181,5,
fastapi,pipeline,5,stage2_p99_ms,52.741139999999994,52.5006,52.96242000000001,5,
fastapi,pipeline,5,stage3_p50_ms,2719.163,2718.393,2719.388,5,
fastapi,pipeline,5,stage3_p95_ms,2720.5423,2720.21,2721.1037,5,
fastapi,pipeline,5,stage3_p99_ms,2721.41068,2720.8673599999997,2721.8009,5,
fastapi,pipeline,5,stage4_p50_ms,0.002,0.002,0.002,5,
fastapi,pipeline,5,stage4_p95_ms,0.003,0.003,0.003,5,
fastapi,pipeline,5,stage4_p99_ms,0.003,0.003,0.003980000000000004,5,
fastapi,pipeline,5,e2e_server_p50_ms,2770.463,2769.305,2770.724,5,
fastapi,pipeline,5,e2e_server_p95_ms,2772.2319,2771.6284,2772.8866000000003,5,
fastapi,pipeline,5,e2e_server_p99_ms,2772.98228,2772.52474,2773.5637,5,
fastapi,pipeline,5,e2e_client_p50_ms,2774.033,2772.708,2774.31,5,False
fastapi,pipeline,5,e2e_client_p95_ms,2776.4673000000003,2775.388,2777.1427000000003,5,False
fastapi,pipeline,5,e2e_client_p99_ms,2778.19912,2776.66256,2780.0702,5,False
fastapi,pipeline,5,cpu_mean_loaded_pct,1.4221757322175732,1.2773109243697478,1.4560669456066946,5,
fastapi,pipeline,5,cpu_max_loaded_pct,8.0,8.0,8.0,5,
fastapi,pipeline,5,cpu_ms_per_request,8.247987796105324,7.375911067966687,8.449476504847024,5,
fastapi,pipeline,5,idle_rss_mb,59.66,59.61,59.75,5,
fastapi,pipeline,5,peak_rss_mb,60.29,60.24,60.38,5,
fastapi,pipeline,5,rss_growth_mb,0.6300000000000026,0.6199999999999974,0.6300000000000026,5,
fastapi,pipeline,5,idle_uss_mb,48.19,48.15,48.2,5,
fastapi,pipeline,5,peak_uss_mb,48.79,48.75,48.79,5,
fastapi,pipeline,5,uss_growth_mb,0.6000000000000014,0.5899999999999963,0.6000000000000014,5,
fastapi,pipeline,5,sim_cpu_mean_pct,0.3179916317991632,0.2857142857142857,0.33613445378151263,5,
fastapi,pipeline,5,sim_cpu_p95_pct,4.0,4.0,4.0,5,
fastapi,pipeline,5,sim_peak_uss_mb,19.11,19.11,19.11,5,
fastapi,pipeline,5,monitor_cpu_pct,0.564,0.514,0.647,5,
fastapi,pipeline,5,sim_monitor_cpu_pct,0.415,0.381,0.481,5,
fastapi,pipeline,5,clock_rate_ratio,1.0000070130070124,0.9999001661644211,1.0000953269891832,5,
fastapi,pipeline,5,clock_rate_uncertainty,0.0006170330401138921,0.0006090509866750576,0.0006291781242239163,5,
fastapi,pipeline,5,clock_rate_half_diff,0.0002442905352377789,5.5330834079603264e-05,0.0006815583124816227,5,
fastapi,pipeline,5,clock_step_ms,0.003,0.001,0.056,5,
fastapi,pipeline,10,completions,206,205,206,5,
fastapi,pipeline,10,failures,0,0,0,5,
fastapi,pipeline,10,finished_loaded,206,205,206,5,
fastapi,pipeline,10,error_rate_pct,0.0,0.0,0.0,5,
fastapi,pipeline,10,locust_rps,3.4543325730869237,3.4529957044922783,3.4557506728024596,5,
fastapi,pipeline,10,throughput_fixed_window,3.617757373268832,3.6128371527583094,3.6209928973856305,5,
fastapi,pipeline,10,throughput_completion_rate,3.6077761229491965,3.607164334114162,3.6090886179506043,5,
fastapi,pipeline,10,ceiling_rps,3.6212203512583745,3.6212203512583745,3.6212203512583745,5,
fastapi,pipeline,10,share_of_ceiling,0.9990436986281879,0.997684979734207,0.9999371886130417,5,
fastapi,pipeline,10,share_of_ceiling_completion_rate,0.9962873763524205,0.9961184308656258,0.9966498218470593,5,
fastapi,pipeline,10,closed_system_consistency,1.0001456646688538,1.0000566792406036,1.000169721455094,5,
fastapi,pipeline,10,min_1s_completions,3,3,3,5,
fastapi,pipeline,10,min_1s_completion_ratio,0.8315371846154449,0.8312347846153828,0.8316782164948778,5,
fastapi,pipeline,10,latency_p50_ms,2772.1684999999998,2771.581,2772.438,5,False
fastapi,pipeline,10,latency_p90_ms,2773.723,2773.4145,2774.4182,5,False
fastapi,pipeline,10,latency_p95_ms,2774.67675,2774.45725,2775.2996,5,False
fastapi,pipeline,10,latency_p99_ms,2776.76755,2775.8858999999998,2777.9056,5,False
fastapi,pipeline,10,latency_mean_ms,2772.3556699029127,2771.364203883495,2772.591014634146,5,False
fastapi,pipeline,10,inflight_at_stop,10,10,10,5,
fastapi,pipeline,10,censoring_fraction,0.046296296296296294,0.046296296296296294,0.046511627906976744,5,
fastapi,pipeline,10,late_inflight,0,0,0,5,
fastapi,pipeline,10,max_inflight_age_ms,2590.788,2546.883,2663.613,5,
fastapi,pipeline,10,response_law_R_ms,2771.790615384816,2770.782615384609,2772.2607216495926,5,
fastapi,pipeline,10,derived_queue_wait_ms,10.290615384816192,9.282615384609016,10.760721649592597,5,
fastapi,pipeline,10,pipeline_completion_pct,100.0,100.0,100.0,5,
fastapi,pipeline,10,stage1_p50_ms,0.001,0.001,0.001,5,
fastapi,pipeline,10,stage1_p95_ms,0.001,0.001,0.001,5,
fastapi,pipeline,10,stage1_p99_ms,0.001,0.001,0.001,5,
fastapi,pipeline,10,stage2_p50_ms,50.875,50.742,50.955,5,
fastapi,pipeline,10,stage2_p95_ms,52.049499999999995,51.8855,52.373200000000004,5,
fastapi,pipeline,10,stage2_p99_ms,52.58235,52.4786,53.5768,5,
fastapi,pipeline,10,stage3_p50_ms,2717.991,2717.5535,2718.084,5,
fastapi,pipeline,10,stage3_p95_ms,2719.37575,2719.1225,2719.8392,5,
fastapi,pipeline,10,stage3_p99_ms,2720.41565,2720.1420500000004,2720.77236,5,
fastapi,pipeline,10,stage4_p50_ms,0.002,0.002,0.002,5,
fastapi,pipeline,10,stage4_p95_ms,0.003,0.002,0.003,5,
fastapi,pipeline,10,stage4_p99_ms,0.003,0.003,0.003,5,
fastapi,pipeline,10,e2e_server_p50_ms,2769.0375000000004,2768.5045,2769.17,5,
fastapi,pipeline,10,e2e_server_p95_ms,2770.7832500000004,2770.65725,2771.4851999999996,5,
fastapi,pipeline,10,e2e_server_p99_ms,2772.1275,2771.8067,2772.4721600000003,5,
fastapi,pipeline,10,e2e_client_p50_ms,2772.1684999999998,2771.581,2772.438,5,False
fastapi,pipeline,10,e2e_client_p95_ms,2774.67675,2774.45725,2775.2996,5,False
fastapi,pipeline,10,e2e_client_p99_ms,2776.76755,2775.8858999999998,2777.9056,5,False
fastapi,pipeline,10,cpu_mean_loaded_pct,2.274058577405858,2.1255230125523012,2.369327731092437,5,
fastapi,pipeline,10,cpu_max_loaded_pct,8.0,8.0,8.1,5,
fastapi,pipeline,10,cpu_ms_per_request,6.600631543684443,6.162718058253238,6.874488414642392,5,
fastapi,pipeline,10,idle_rss_mb,59.55,59.51,59.75,5,
fastapi,pipeline,10,peak_rss_mb,60.55,60.51,60.62,5,
fastapi,pipeline,10,rss_growth_mb,1.0,0.8699999999999974,1.0,5,
fastapi,pipeline,10,idle_uss_mb,48.17,48.17,48.18,5,
fastapi,pipeline,10,peak_uss_mb,49.12,49.11,49.13,5,
fastapi,pipeline,10,uss_growth_mb,0.9499999999999957,0.9399999999999977,0.9500000000000028,5,
fastapi,pipeline,10,sim_cpu_mean_pct,0.5690376569037657,0.5523012552301255,0.6050420168067226,5,
fastapi,pipeline,10,sim_cpu_p95_pct,4.0,4.0,4.0,5,
fastapi,pipeline,10,sim_peak_uss_mb,19.11,19.11,19.11,5,
fastapi,pipeline,10,monitor_cpu_pct,0.513,0.497,0.53,5,
fastapi,pipeline,10,sim_monitor_cpu_pct,0.398,0.364,0.414,5,
fastapi,pipeline,10,clock_rate_ratio,1.0000509785672613,0.999860469395239,1.0001098068125531,5,
fastapi,pipeline,10,clock_rate_uncertainty,0.0006362395739879592,0.0006054048380940932,0.0007056924817135821,5,
fastapi,pipeline,10,clock_rate_half_diff,0.00024629961950062285,2.1746991199611543e-05,0.0008261172738356359,5,
fastapi,pipeline,10,clock_step_ms,0.007,0.001,0.054,5,
fastapi,pipeline,25,completions,514,513,515,5,
fastapi,pipeline,25,failures,0,0,0,5,
fastapi,pipeline,25,finished_loaded,514,513,515,5,
fastapi,pipeline,25,error_rate_pct,0.0,0.0,0.0,5,
fastapi,pipeline,25,locust_rps,8.610926597970698,8.609838408040632,8.612594734011848,5,
fastapi,pipeline,25,throughput_fixed_window,9.02064856115216,9.009956160856788,9.023985391119155,5,
fastapi,pipeline,25,throughput_completion_rate,9.019573137726109,9.018757181555165,9.02049061746085,5,
fastapi,pipeline,25,ceiling_rps,9.053050878145935,9.053050878145935,9.053050878145935,5,
fastapi,pipeline,25,share_of_ceiling,0.9964208400648676,0.9952397575282408,0.9967894263030218,5,
fastapi,pipeline,25,share_of_ceiling_completion_rate,0.996302048793226,0.9962119182745834,0.9964033936047254,5,
fastapi,pipeline,25,closed_system_consistency,1.00012466216277,1.000091125992148,1.000177869077968,5,
fastapi,pipeline,25,min_1s_completions,8,8,9,5,
fastapi,pipeline,25,min_1s_completion_ratio,0.887038184049185,0.8868697213114441,0.9978299263804137,5,
fastapi,pipeline,25,latency_p50_ms,2772.149,2771.8235000000004,2772.262,5,False
fastapi,pipeline,25,latency_p90_ms,2773.871,2773.5183,2774.0294,5,False
fastapi,pipeline,25,latency_p95_ms,2774.7782,2774.3675500000004,2774.947,5,False
fastapi,pipeline,25,latency_p99_ms,2776.58827,2776.143,2777.69029,5,False
fastapi,pipeline,25,latency_mean_ms,2772.3937475728158,2771.9774163424127,2772.4452019417477,5,False
fastapi,pipeline,25,inflight_at_stop,25,24,25,5,
fastapi,pipeline,25,censoring_fraction,0.046296296296296294,0.04460966542750929,0.046468401486988845,5,
fastapi,pipeline,25,late_inflight,0,0,0,5,
fastapi,pipeline,25,max_inflight_age_ms,2727.1369999999997,2689.473,2733.6040000000003,5,
fastapi,pipeline,25,response_law_R_ms,2771.749795501149,2771.467879098263,2772.000564681916,5,
fastapi,pipeline,25,derived_queue_wait_ms,10.249795501149038,9.967879098262983,10.500564681915876,5,
fastapi,pipeline,25,pipeline_completion_pct,100.0,100.0,100.0,5,
fastapi,pipeline,25,stage1_p50_ms,0.001,0.001,0.001,5,
fastapi,pipeline,25,stage1_p95_ms,0.001,0.001,0.001,5,
fastapi,pipeline,25,stage1_p99_ms,0.001,0.001,0.001,5,
fastapi,pipeline,25,stage2_p50_ms,50.902,50.831,50.931,5,
fastapi,pipeline,25,stage2_p95_ms,52.1879,52.0876,52.2556,5,
fastapi,pipeline,25,stage2_p99_ms,52.522040000000004,52.44448,52.56002,5,
fastapi,pipeline,25,stage3_p50_ms,2717.978,2717.746,2718.044,5,
fastapi,pipeline,25,stage3_p95_ms,2719.4948,2719.3312,2719.5539000000003,5,
fastapi,pipeline,25,stage3_p99_ms,2720.36138,2720.33554,2720.57008,5,
fastapi,pipeline,25,stage4_p50_ms,0.002,0.002,0.002,5,
fastapi,pipeline,25,stage4_p95_ms,0.002,0.002,0.003,5,
fastapi,pipeline,25,stage4_p99_ms,0.003,0.003,0.003,5,
fastapi,pipeline,25,e2e_server_p50_ms,2769.055,2768.7565,2769.127,5,
fastapi,pipeline,25,e2e_server_p95_ms,2770.7962,2770.67835,2771.0032,5,
fastapi,pipeline,25,e2e_server_p99_ms,2771.88801,2771.5321599999997,2772.1854,5,
fastapi,pipeline,25,e2e_client_p50_ms,2772.149,2771.8235000000004,2772.262,5,False
fastapi,pipeline,25,e2e_client_p95_ms,2774.7782,2774.3675500000004,2774.947,5,False
fastapi,pipeline,25,e2e_client_p99_ms,2776.58827,2776.143,2777.69029,5,False
fastapi,pipeline,25,cpu_mean_loaded_pct,5.487866108786611,5.294117647058823,5.539748953974895,5,
fastapi,pipeline,25,cpu_max_loaded_pct,12.0,12.0,12.0,5,
fastapi,pipeline,25,cpu_ms_per_request,6.368530077674825,6.128427782102761,6.427082796118819,5,
fastapi,pipeline,25,idle_rss_mb,59.72,59.46,59.74,5,
fastapi,pipeline,25,peak_rss_mb,61.47,61.33,61.61,5,
fastapi,pipeline,25,rss_growth_mb,1.8699999999999974,1.75,1.8699999999999974,5,
fastapi,pipeline,25,idle_uss_mb,48.18,48.1,48.24,5,
fastapi,pipeline,25,peak_uss_mb,50.09,50.03,50.14,5,
fastapi,pipeline,25,uss_growth_mb,1.8999999999999986,1.8900000000000006,1.9299999999999997,5,
fastapi,pipeline,25,sim_cpu_mean_pct,1.4401673640167365,1.411764705882353,1.4723849372384936,5,
fastapi,pipeline,25,sim_cpu_p95_pct,4.0,4.0,4.0,5,
fastapi,pipeline,25,sim_peak_uss_mb,19.11,19.11,19.11,5,
fastapi,pipeline,25,monitor_cpu_pct,0.514,0.481,0.547,5,
fastapi,pipeline,25,sim_monitor_cpu_pct,0.397,0.381,0.431,5,
fastapi,pipeline,25,clock_rate_ratio,0.9999559090709617,0.9999093309694664,1.00006777297786,5,
fastapi,pipeline,25,clock_rate_uncertainty,0.0005983955351492635,0.000594201057788028,0.0006132758109055266,5,
fastapi,pipeline,25,clock_rate_half_diff,0.00017499938433385154,7.054368783754317e-05,0.00027385806725233053,5,
fastapi,pipeline,25,clock_step_ms,0.003,0.001,0.042,5,
fastapi,pipeline,50,completions,1029,1029,1030,5,
fastapi,pipeline,50,failures,0,0,0,5,
fastapi,pipeline,50,finished_loaded,1029,1028,1029,5,
fastapi,pipeline,50,error_rate_pct,0.0,0.0,0.0,5,
fastapi,pipeline,50,locust_rps,17.197607659941617,17.193861306160073,17.198578325105682,5,
fastapi,pipeline,50,throughput_fixed_window,18.02296489754967,18.006592595334553,18.024035134879046,5,
fastapi,pipeline,50,throughput_completion_rate,18.024518321009317,18.023618459238193,18.031162938105616,5,
fastapi,pipeline,50,ceiling_rps,18.10610175629187,18.10610175629187,18.10610175629187,5,
fastapi,pipeline,50,share_of_ceiling,0.9954083512916683,0.9945041090403274,0.9954674604993697,5,
fastapi,pipeline,50,share_of_ceiling_completion_rate,0.9954941468693446,0.9954444475037254,0.9958611290715732,5,
fastapi,pipeline,50,closed_system_consistency,0.9997125657373271,0.9996418867314613,1.0000545255759123,5,
fastapi,pipeline,50,min_1s_completions,17,17,17,5,
fastapi,pipeline,50,min_1s_completion_ratio,0.9431597392638702,0.9428121779141356,0.9432068282208045,5,
fastapi,pipeline,50,latency_p50_ms,2773.0834999999997,2773.0215,2773.145,5,False
fastapi,pipeline,50,latency_p90_ms,2775.6035,2775.5848,2775.7075999999997,5,False
fastapi,pipeline,50,latency_p95_ms,2776.5836,2776.49195,2776.804,5,False
fastapi,pipeline,50,latency_p99_ms,2778.57056,2778.3152,2778.64716,5,False
fastapi,pipeline,50,latency_mean_ms,2773.358731778426,2773.3164116504854,2773.412638483965,5,False
fastapi,pipeline,50,inflight_at_stop,49,49,50,5,
fastapi,pipeline,50,censoring_fraction,0.045454545454545456,0.04541241890639481,0.04633920296570899,5,
fastapi,pipeline,50,late_inflight,0,0,0,5,
fastapi,pipeline,50,max_inflight_age_ms,2756.567,2719.7079999999996,2760.327,5,
fastapi,pipeline,50,response_law_R_ms,2773.99923312903,2772.9769938651048,2774.13773006119,5,
fastapi,pipeline,50,derived_queue_wait_ms,12.499233129030017,11.47699386510476,12.637730061189814,5,
fastapi,pipeline,50,pipeline_completion_pct,100.0,100.0,100.0,5,
fastapi,pipeline,50,stage1_p50_ms,0.001,0.001,0.001,5,
fastapi,pipeline,50,stage1_p95_ms,0.001,0.001,0.001,5,
fastapi,pipeline,50,stage1_p99_ms,0.001,0.001,0.001,5,
fastapi,pipeline,50,stage2_p50_ms,51.311,51.295500000000004,51.337500000000006,5,
fastapi,pipeline,50,stage2_p95_ms,52.6578,52.5321,52.6954,5,
fastapi,pipeline,50,stage2_p99_ms,53.09473,53.00704,53.49264,5,
fastapi,pipeline,50,stage3_p50_ms,2718.29,2718.2075,2718.357,5,
fastapi,pipeline,50,stage3_p95_ms,2721.3478,2721.1912,2721.515,5,
fastapi,pipeline,50,stage3_p99_ms,2722.86196,2722.8514800000003,2722.98396,5,
fastapi,pipeline,50,stage4_p50_ms,0.002,0.002,0.002,5,
fastapi,pipeline,50,stage4_p95_ms,0.003,0.002,0.003,5,
fastapi,pipeline,50,stage4_p99_ms,0.003,0.003,0.003,5,
fastapi,pipeline,50,e2e_server_p50_ms,2769.842,2769.7345,2769.857,5,
fastapi,pipeline,50,e2e_server_p95_ms,2772.9868,2772.7434,2773.0492,5,
fastapi,pipeline,50,e2e_server_p99_ms,2774.57692,2774.16816,2774.7931200000003,5,
fastapi,pipeline,50,e2e_client_p50_ms,2773.0834999999997,2773.0215,2773.145,5,False
fastapi,pipeline,50,e2e_client_p95_ms,2776.5836,2776.49195,2776.804,5,False
fastapi,pipeline,50,e2e_client_p99_ms,2778.57056,2778.3152,2778.64716,5,False
fastapi,pipeline,50,cpu_mean_loaded_pct,10.243514644351464,10.143933054393305,10.276569037656904,5,
fastapi,pipeline,50,cpu_max_loaded_pct,16.1,16.0,16.1,5,
fastapi,pipeline,50,cpu_ms_per_request,5.94741600097169,5.895857102139276,5.9671465675412865,5,
fastapi,pipeline,50,idle_rss_mb,59.74,59.51,59.75,5,
fastapi,pipeline,50,peak_rss_mb,63.12,63.01,63.25,5,
fastapi,pipeline,50,rss_growth_mb,3.5,3.3699999999999974,3.5,5,
fastapi,pipeline,50,idle_uss_mb,48.25,48.18,48.25,5,
fastapi,pipeline,50,peak_uss_mb,51.7,51.62,51.74,5,
fastapi,pipeline,50,uss_growth_mb,3.470000000000006,3.4399999999999977,3.490000000000002,5,
fastapi,pipeline,50,sim_cpu_mean_pct,2.711297071129707,2.678242677824268,2.728033472803347,5,
fastapi,pipeline,50,sim_cpu_p95_pct,4.0,4.0,4.0,5,
fastapi,pipeline,50,sim_peak_uss_mb,19.16,19.15,19.18,5,
fastapi,pipeline,50,monitor_cpu_pct,0.531,0.498,0.564,5,
fastapi,pipeline,50,sim_monitor_cpu_pct,0.398,0.365,0.431,5,
fastapi,pipeline,50,clock_rate_ratio,1.0000281603824197,0.9999243206182973,1.0000570674512836,5,
fastapi,pipeline,50,clock_rate_uncertainty,0.0006100714601328175,0.0005969529926350669,0.0006236932555434868,5,
fastapi,pipeline,50,clock_rate_half_diff,0.0003410743216570866,0.00010923509656357577,0.00045767238857485903,5,
fastapi,pipeline,50,clock_step_ms,0.003,0.001,0.046,5,
fastapi,pipeline,100,completions,2057,2055,2058,5,
fastapi,pipeline,100,failures,0,0,0,5,
fastapi,pipeline,100,finished_loaded,2056,2054,2057,5,
fastapi,pipeline,100,error_rate_pct,0.0,0.0,0.0,5,
fastapi,pipeline,100,locust_rps,34.37216582896069,34.369363538666576,34.3797218637551,5,
fastapi,pipeline,100,throughput_fixed_window,36.011993485591546,35.96924036364429,36.040513584267885,5,
fastapi,pipeline,100,throughput_completion_rate,36.05402121870544,36.03570574113574,36.060815393878705,5,
fastapi,pipeline,100,ceiling_rps,36.21220351258374,36.21220351258374,36.21220351258374,5,
fastapi,pipeline,100,share_of_ceiling,0.9944712001046105,0.993290572642037,0.9952587826295576,5,
fastapi,pipeline,100,share_of_ceiling_completion_rate,0.9956317959545506,0.9951260140414635,0.9958194171019604,5,
fastapi,pipeline,100,closed_system_consistency,1.0001513968651259,0.999655455440797,1.000378331575413,5,
fastapi,pipeline,100,min_1s_completions,33,33,35,5,
fastapi,pipeline,100,min_1s_completion_ratio,0.9152931874039903,0.915120738107373,0.9710204680306417,5,
fastapi,pipeline,100,latency_p50_ms,2773.7495,2773.665,2773.919,5,False
fastapi,pipeline,100,latency_p90_ms,2776.911,2776.7084,2777.3699,5,False
fastapi,pipeline,100,latency_p95_ms,2778.43735,2777.369,2778.7461,5,False
fastapi,pipeline,100,latency_p99_ms,2783.2666200000003,2780.5388,2783.33414,5,False
fastapi,pipeline,100,latency_mean_ms,2774.2155009727626,2774.0278658240154,2774.3572526724975,5,False
fastapi,pipeline,100,inflight_at_stop,99,98,100,5,
fastapi,pipeline,100,censoring_fraction,0.0458970792767733,0.045454545454545456,0.04640371229698376,5,
fastapi,pipeline,100,late_inflight,0,0,0,5,
fastapi,pipeline,100,max_inflight_age_ms,2743.616,2703.805,2758.899,5,
fastapi,pipeline,100,response_law_R_ms,2773.6157194060315,2773.0931457799184,2775.025435004795,5,
fastapi,pipeline,100,derived_queue_wait_ms,12.11571940603153,11.593145779918359,13.525435004794872,5,
fastapi,pipeline,100,pipeline_completion_pct,100.0,100.0,100.0,5,
fastapi,pipeline,100,stage1_p50_ms,0.001,0.001,0.001,5,
fastapi,pipeline,100,stage1_p95_ms,0.001,0.001,0.001,5,
fastapi,pipeline,100,stage1_p99_ms,0.001,0.001,0.001,5,
fastapi,pipeline,100,stage2_p50_ms,51.393,51.3805,51.428,5,
fastapi,pipeline,100,stage2_p95_ms,52.9546,52.7628,52.996300000000005,5,
fastapi,pipeline,100,stage2_p99_ms,53.961580000000005,53.46964,54.197100000000006,5,
fastapi,pipeline,100,stage3_p50_ms,2718.769,2718.7405,2718.978,5,
fastapi,pipeline,100,stage3_p95_ms,2722.4515,2722.2218,2722.75645,5,
fastapi,pipeline,100,stage3_p99_ms,2725.551,2724.26214,2725.99832,5,
fastapi,pipeline,100,stage4_p50_ms,0.002,0.002,0.002,5,
fastapi,pipeline,100,stage4_p95_ms,0.002,0.002,0.003,5,
fastapi,pipeline,100,stage4_p99_ms,0.003,0.003,0.003,5,
fastapi,pipeline,100,e2e_server_p50_ms,2770.368,2770.362,2770.635,5,
fastapi,pipeline,100,e2e_server_p95_ms,2774.32125,2773.9162,2774.94255,5,
fastapi,pipeline,100,e2e_server_p99_ms,2777.71678,2776.47332,2778.32407,5,
fastapi,pipeline,100,e2e_client_p50_ms,2773.7495,2773.665,2773.919,5,False
fastapi,pipeline,100,e2e_client_p95_ms,2778.43735,2777.369,2778.7461,5,False
fastapi,pipeline,100,e2e_client_p99_ms,2783.2666200000003,2780.5388,2783.33414,5,False
fastapi,pipeline,100,cpu_mean_loaded_pct,21.441004184100418,20.890376569037656,21.559832635983263,5,
fastapi,pipeline,100,cpu_max_loaded_pct,32.0,32.0,40.3,5,
fastapi,pipeline,100,cpu_ms_per_request,6.230821469843347,6.067703703938129,6.271600326193772,5,
fastapi,pipeline,100,idle_rss_mb,59.73,59.68,59.75,5,
fastapi,pipeline,100,peak_rss_mb,66.06,65.98,66.12,5,
fastapi,pipeline,100,rss_growth_mb,6.369999999999997,6.250000000000007,6.3700000000000045,5,
fastapi,pipeline,100,idle_uss_mb,48.25,48.21,48.25,5,
fastapi,pipeline,100,peak_uss_mb,54.62,54.6,54.65,5,
fastapi,pipeline,100,uss_growth_mb,6.399999999999999,6.350000000000001,6.399999999999999,5,
fastapi,pipeline,100,sim_cpu_mean_pct,5.406276150627615,5.2384937238493725,5.505857740585774,5,
fastapi,pipeline,100,sim_cpu_p95_pct,8.0,8.0,8.0,5,
fastapi,pipeline,100,sim_peak_uss_mb,19.41,19.4,19.41,5,
fastapi,pipeline,100,monitor_cpu_pct,0.547,0.514,0.564,5,
fastapi,pipeline,100,sim_monitor_cpu_pct,0.398,0.381,0.415,5,
fastapi,pipeline,100,clock_rate_ratio,0.9999920208667705,0.9999027468601298,1.0000290631571906,5,
fastapi,pipeline,100,clock_rate_uncertainty,0.0006035328019788257,0.0005973630423406313,0.0006171677972410395,5,
fastapi,pipeline,100,clock_rate_half_diff,0.00029374210907717746,8.066571016152047e-06,0.0004026259438707491,5,
fastapi,pipeline,100,clock_step_ms,0.018,0.001,0.038,5,
fastapi,stream,1,completions,21,21,21,5,
fastapi,stream,1,failures,0,0,0,5,
fastapi,stream,1,finished_loaded,21,21,21,5,
fastapi,stream,1,error_rate_pct,0.0,0.0,0.0,5,
fastapi,stream,1,locust_rps,0.35821757810647475,0.35813815956066203,0.3582337382063251,5,
fastapi,stream,1,throughput_fixed_window,0.36843384685175185,0.36839948898504965,0.3684671885672829,5,
fastapi,stream,1,throughput_completion_rate,0.3582384742992779,0.35813930570962815,0.3582576985336944,5,
fastapi,stream,1,ceiling_rps,0.3596604805064019,0.3596604805064019,0.3596604805064019,5,
fastapi,stream,1,share_of_ceiling,1.024393467786611,1.0242979391740321,1.0244861710924735,5,
fastapi,stream,1,share_of_ceiling_completion_rate,0.9960462539417124,0.9957705255950502,0.996099705003084,5,
fastapi,stream,1,closed_system_consistency,0.999846322293613,0.9998281364869485,0.9999000489304746,5,
fastapi,stream,1,min_1s_completions,0,0,0,5,
fastapi,stream,1,min_1s_completion_ratio,0.0,0.0,0.0,5,
fastapi,stream,1,latency_p50_ms,2791.371,2791.053,2791.758,5,False
fastapi,stream,1,latency_p90_ms,2792.497,2792.016,2793.128,5,False
fastapi,stream,1,latency_p95_ms,2792.584,2792.39,2793.49,5,False
fastapi,stream,1,latency_mean_ms,2791.1704285714286,2791.073476190476,2791.7962857142857,5,False
fastapi,stream,1,inflight_at_stop,1,1,1,5,
fastapi,stream,1,censoring_fraction,0.045454545454545456,0.045454545454545456,0.045454545454545456,5,
fastapi,stream,1,late_inflight,0,0,0,5,
fastapi,stream,1,max_inflight_age_ms,1216.867,1207.6009999999999,1229.2289999999998,5,
fastapi,stream,1,response_law_R_ms,2791.4366315790653,2791.2868421052212,2792.2095789474142,5,
fastapi,stream,1,derived_queue_wait_ms,11.036631579065215,10.886842105221149,11.809578947414138,5,
fastapi,stream,1,derived_ttft_ms,578.4026315790652,578.2528421052211,579.1755789474141,5,
fastapi,stream,1,stream_finished_loaded,21,21,21,5,
fastapi,stream,1,stream_csr_pct,100.0,100.0,100.0,5,
fastapi,stream,1,chunks_ok_pct,100.0,100.0,100.0,5,
fastapi,stream,1,ttft_p50_ms,567.366,567.141,567.463,5,False
fastapi,stream,1,ttft_p95_ms,568.305,568.159,568.541,5,False
fastapi,stream,1,tpot_p50_ms,202.135,202.067,202.21,5,
fastapi,stream,1,tpot_p95_ms,202.281,202.226,202.335,5,
fastapi,stream,1,token_count_p50,12.0,12.0,12.0,5,
fastapi,stream,1,cpu_mean_loaded_pct,1.0543933054393306,1.0376569037656904,1.0878661087866108,5,
fastapi,stream,1,cpu_max_loaded_pct,8.0,8.0,8.0,5,
fastapi,stream,1,cpu_ms_per_request,30.001935238105943,29.52271619048026,30.943234285708364,5,
fastapi,stream,1,idle_rss_mb,60.75,60.62,60.87,5,
fastapi,stream,1,peak_rss_mb,61.37,61.25,61.5,5,
fastapi,stream,1,rss_growth_mb,0.6200000000000045,0.6199999999999974,0.6300000000000026,5,
fastapi,stream,1,idle_uss_mb,49.28,49.27,49.32,5,
fastapi,stream,1,peak_uss_mb,49.95,49.95,49.98,5,
fastapi,stream,1,uss_growth_mb,0.6700000000000017,0.6599999999999966,0.6799999999999997,5,
fastapi,stream,1,sim_cpu_mean_pct,0.26778242677824265,0.2510460251046025,0.28451882845188287,5,
fastapi,stream,1,sim_cpu_p95_pct,4.0,4.0,4.0,5,
fastapi,stream,1,sim_peak_uss_mb,18.89,18.89,18.89,5,
fastapi,stream,1,monitor_cpu_pct,0.614,0.531,0.63,5,
fastapi,stream,1,sim_monitor_cpu_pct,0.415,0.365,0.464,5,
fastapi,stream,1,clock_rate_ratio,1.0000299711579266,0.9999089943605274,1.0001216226643632,5,
fastapi,stream,1,clock_rate_uncertainty,0.000631563271718017,0.0005999355006335207,0.0006683771353542576,5,
fastapi,stream,1,clock_rate_half_diff,0.00012244482361944975,9.659278934703863e-06,0.0005229421217127772,5,
fastapi,stream,1,clock_step_ms,0.003,0.001,0.032,5,
fastapi,stream,5,completions,102,102,103,5,
fastapi,stream,5,failures,0,0,0,5,
fastapi,stream,5,finished_loaded,102,102,103,5,
fastapi,stream,5,error_rate_pct,0.0,0.0,0.0,5,
fastapi,stream,5,locust_rps,1.722474138575291,1.722011028016323,1.7227349237663085,5,
fastapi,stream,5,throughput_fixed_window,1.7955878097843536,1.7914344745705009,1.8056243962574852,5,
fastapi,stream,5,throughput_completion_rate,1.7910142687307649,1.7905253667236112,1.7915839225498749,5,
fastapi,stream,5,ceiling_rps,1.7983024025320096,1.7983024025320096,1.7983024025320096,5,
fastapi,stream,5,share_of_ceiling,0.9984904692648835,0.9961808826191643,1.0040716142708626,5,
fastapi,stream,5,share_of_ceiling_completion_rate,0.9959472145558038,0.9956753459276658,0.9962639876515346,5,
fastapi,stream,5,closed_system_consistency,1.000029888819976,0.9997111901042606,1.0002632588248588,5,
fastapi,stream,5,min_1s_completions,1,1,1,5,
fastapi,stream,5,min_1s_completion_ratio,0.5583428437500212,0.5581653124999851,0.5584952989690661,5,
fastapi,stream,5,latency_p50_ms,2791.634,2791.596,2791.842,5,False
fastapi,stream,5,latency_p90_ms,2793.1816999999996,2792.8684000000003,2793.3044999999997,5,False
fastapi,stream,5,latency_p95_ms,2793.7871,2793.51025,2794.2600500000003,5,False
fastapi,stream,5,latency_p99_ms,2795.8597999999997,2794.8389,2798.34673,5,False
fastapi,stream,5,latency_mean_ms,2791.7720873786407,2791.6,2791.9585588235295,5,False
fastapi,stream,5,inflight_at_stop,5,5,5,5,
fastapi,stream,5,censoring_fraction,0.04672897196261682,0.046296296296296294,0.04672897196261682,5,
fastapi,stream,5,late_inflight,0,0,0,5,
fastapi,stream,5,max_inflight_age_ms,2632.354,2327.035,2754.083,5,
fastapi,stream,5,response_law_R_ms,2791.7142187501063,2790.8265624999253,2792.4764948453308,5,
fastapi,stream,5,derived_queue_wait_ms,11.314218750106193,10.42656249992524,12.076494845330672,5,
fastapi,stream,5,derived_ttft_ms,578.6802187501062,577.7925624999252,579.4424948453307,5,
fastapi,stream,5,stream_finished_loaded,102,102,103,5,
fastapi,stream,5,stream_csr_pct,100.0,100.0,100.0,5,
fastapi,stream,5,chunks_ok_pct,100.0,100.0,100.0,5,
fastapi,stream,5,ttft_p50_ms,566.819,566.558,567.1995,5,False
fastapi,stream,5,ttft_p95_ms,570.0124,569.7098,570.6807,5,False
fastapi,stream,5,ttft_p99_ms,571.83539,571.1169199999999,572.9429100000001,5,False
fastapi,stream,5,tpot_p50_ms,202.158,202.1485,202.203,5,
fastapi,stream,5,tpot_p95_ms,202.38685,202.37369999999999,202.4371,5,
fastapi,stream,5,tpot_p99_ms,202.44367,202.42595999999998,202.54042,5,
fastapi,stream,5,token_count_p50,12.0,12.0,12.0,5,
fastapi,stream,5,cpu_mean_loaded_pct,4.404602510460251,4.371848739495798,4.470588235294118,5,
fastapi,stream,5,cpu_max_loaded_pct,12.0,12.0,12.1,5,
fastapi,stream,5,cpu_ms_per_request,25.793611852935527,25.43302291261376,26.07595177451963,5,
fastapi,stream,5,idle_rss_mb,60.86,60.64,60.87,5,
fastapi,stream,5,peak_rss_mb,63.14,63.02,63.25,5,
fastapi,stream,5,rss_growth_mb,2.3800000000000026,2.25,2.3800000000000026,5,
fastapi,stream,5,idle_uss_mb,49.29,49.25,49.32,5,
fastapi,stream,5,peak_uss_mb,51.7,51.64,51.74,5,
fastapi,stream,5,uss_growth_mb,2.4100000000000037,2.3800000000000026,2.4299999999999997,5,
fastapi,stream,5,sim_cpu_mean_pct,1.3221757322175731,1.311344537815126,1.3781512605042017,5,
fastapi,stream,5,sim_cpu_p95_pct,4.0,4.0,4.0,5,
fastapi,stream,5,sim_peak_uss_mb,18.9,18.9,18.9,5,
fastapi,stream,5,monitor_cpu_pct,0.596,0.563,0.63,5,
fastapi,stream,5,sim_monitor_cpu_pct,0.464,0.381,0.48,5,
fastapi,stream,5,clock_rate_ratio,1.0000305913498186,0.9999779368975811,1.000054261790544,5,
fastapi,stream,5,clock_rate_uncertainty,0.0006203289590368397,0.0006180525277059931,0.0006383496065138184,5,
fastapi,stream,5,clock_rate_half_diff,0.00022817766879745793,3.518208076047635e-05,0.00028485850930315415,5,
fastapi,stream,5,clock_step_ms,0.068,0.001,0.086,5,
fastapi,stream,10,completions,205,205,205,5,
fastapi,stream,10,failures,0,0,0,5,
fastapi,stream,10,finished_loaded,205,205,205,5,
fastapi,stream,10,error_rate_pct,0.0,0.0,0.0,5,
fastapi,stream,10,locust_rps,3.4285599359576526,3.4284650658710674,3.4287446271969193,5,
fastapi,stream,10,throughput_fixed_window,3.592097119571157,3.591968531463151,3.592377544237249,5,
fastapi,stream,10,throughput_completion_rate,3.5817222645044717,3.581381806388477,3.5822701484831163,5,
fastapi,stream,10,ceiling_rps,3.596604805064019,3.596604805064019,3.596604805064019,5,
fastapi,stream,10,share_of_ceiling,0.9987466831255646,0.9987109304880146,0.9988246523997248,5,
fastapi,stream,10,share_of_ceiling_completion_rate,0.9958620584228235,0.9957673974482522,0.9960143920842458,5,
fastapi,stream,10,closed_system_consistency,0.9999357407588766,0.9998638223637324,1.0000182311320487,5,
fastapi,stream,10,min_1s_completions,3,3,3,5,
fastapi,stream,10,min_1s_completion_ratio,0.8375858814432803,0.8374577783505038,0.8376655051546287,5,
fastapi,stream,10,latency_p50_ms,2791.794,2791.413,2791.982,5,False
fastapi,stream,10,latency_p90_ms,2793.1608,2793.1102,2793.3776,5,False
fastapi,stream,10,latency_p95_ms,2793.6189999999997,2793.5148,2793.9898000000003,5,False
fastapi,stream,10,latency_p99_ms,2795.00148,2794.70496,2795.48568,5,False
fastapi,stream,10,latency_mean_ms,2791.8258536585367,2791.482512195122,2792.0576097560975,5,False
fastapi,stream,10,inflight_at_stop,10,10,10,5,
fastapi,stream,10,censoring_fraction,0.046511627906976744,0.046511627906976744,0.046511627906976744,5,
fastapi,stream,10,late_inflight,0,0,0,5,
fastapi,stream,10,max_inflight_age_ms,2610.2940000000003,2603.605,2615.323,5,
fastapi,stream,10,response_law_R_ms,2791.9529381442676,2791.5259278350127,2792.218350515429,5,
fastapi,stream,10,derived_queue_wait_ms,11.5529381442675,11.12592783501259,11.818350515428847,5,
fastapi,stream,10,derived_ttft_ms,578.9189381442675,578.4919278350126,579.1843505154288,5,
fastapi,stream,10,stream_finished_loaded,205,205,205,5,
fastapi,stream,10,stream_csr_pct,100.0,100.0,100.0,5,
fastapi,stream,10,chunks_ok_pct,100.0,100.0,100.0,5,
fastapi,stream,10,ttft_p50_ms,567.005,566.824,567.118,5,False
fastapi,stream,10,ttft_p95_ms,570.1212,569.918,570.6798,5,False
fastapi,stream,10,ttft_p99_ms,571.7182,570.88432,572.04292,5,False
fastapi,stream,10,tpot_p50_ms,202.16,202.141,202.173,5,
fastapi,stream,10,tpot_p95_ms,202.3936,202.3618,202.40959999999998,5,
fastapi,stream,10,tpot_p99_ms,202.4628,202.44979999999998,202.51272,5,
fastapi,stream,10,token_count_p50,12.0,12.0,12.0,5,
fastapi,stream,10,cpu_mean_loaded_pct,8.785774058577406,8.652301255230126,8.92133891213389,5,
fastapi,stream,10,cpu_max_loaded_pct,20.0,16.1,24.0,5,
fastapi,stream,10,cpu_ms_per_request,25.607429873171675,25.21752086341349,26.001249604879764,5,
fastapi,stream,10,idle_rss_mb,60.8,60.74,60.86,5,
fastapi,stream,10,peak_rss_mb,64.86,64.74,64.99,5,
fastapi,stream,10,rss_growth_mb,4.119999999999997,3.999999999999993,4.1299999999999955,5,
fastapi,stream,10,idle_uss_mb,49.28,49.26,49.3,5,
fastapi,stream,10,peak_uss_mb,53.53,53.46,53.57,5,
fastapi,stream,10,uss_growth_mb,4.25,4.189999999999998,4.270000000000003,5,
fastapi,stream,10,sim_cpu_mean_pct,2.6447698744769874,2.6108786610878663,2.711297071129707,5,
fastapi,stream,10,sim_cpu_p95_pct,4.01,4.0,4.2000000000000455,5,
fastapi,stream,10,sim_peak_uss_mb,18.9,18.9,18.9,5,
fastapi,stream,10,monitor_cpu_pct,0.614,0.58,0.647,5,
fastapi,stream,10,sim_monitor_cpu_pct,0.464,0.431,0.481,5,
fastapi,stream,10,clock_rate_ratio,0.9999435016109139,0.9999095916207579,1.0000964385804851,5,
fastapi,stream,10,clock_rate_uncertainty,0.0006114814569448753,0.0006002499916606338,0.0006328155902383389,5,
fastapi,stream,10,clock_rate_half_diff,9.100506598080926e-05,1.0051762916685192e-05,0.0001765834715465875,5,
fastapi,stream,10,clock_step_ms,0.015,0.001,0.031,5,
fastapi,stream,25,completions,511,511,511,5,
fastapi,stream,25,failures,0,0,0,5,
fastapi,stream,25,finished_loaded,511,511,511,5,
fastapi,stream,25,error_rate_pct,0.0,0.0,0.0,5,
fastapi,stream,25,locust_rps,8.546350742699312,8.544606369887514,8.54798047496832,5,
fastapi,stream,25,throughput_fixed_window,8.952991828301453,8.951628522587667,8.954273167944299,5,
fastapi,stream,25,throughput_completion_rate,8.954388982682406,8.949553947772939,8.956176964454587,5,
fastapi,stream,25,ceiling_rps,8.991512012660047,8.991512012660047,8.991512012660047,5,
fastapi,stream,25,share_of_ceiling,0.9957159391763746,0.9955643177681102,0.9958584446460933,5,
fastapi,stream,25,share_of_ceiling_completion_rate,0.9958713250980067,0.9953335918555154,0.9960701772787814,5,
fastapi,stream,25,closed_system_consistency,1.0000149329117587,0.9995251320202027,1.0001157236931242,5,
fastapi,stream,25,min_1s_completions,8,8,8,5,
fastapi,stream,25,min_1s_completion_ratio,0.8934166268041098,0.8932382680412104,0.8938992989690585,5,
fastapi,stream,25,latency_p50_ms,2791.984,2791.71,2792.097,5,False
fastapi,stream,25,latency_p90_ms,2793.634,2793.485,2793.76,5,False
fastapi,stream,25,latency_p95_ms,2794.1409999999996,2793.9955,2794.2974999999997,5,False
fastapi,stream,25,latency_p99_ms,2795.1944000000003,2795.0487,2795.7909,5,False
fastapi,stream,25,latency_mean_ms,2792.0104618395303,2791.8172935420744,2792.1783307240703,5,False
fastapi,stream,25,inflight_at_stop,25,25,25,5,
fastapi,stream,25,censoring_fraction,0.04664179104477612,0.04664179104477612,0.04664179104477612,5,
fastapi,stream,25,late_inflight,0,0,0,5,
fastapi,stream,25,max_inflight_age_ms,2771.975,2759.29,2778.385,5,
fastapi,stream,25,response_law_R_ms,2791.9269587628432,2791.3695876287825,2793.4353092783076,5,
fastapi,stream,25,derived_queue_wait_ms,11.526958762843151,10.969587628782392,13.035309278307523,5,
fastapi,stream,25,derived_ttft_ms,578.8929587628431,578.3355876287824,580.4013092783075,5,
fastapi,stream,25,stream_finished_loaded,511,511,511,5,
fastapi,stream,25,stream_csr_pct,100.0,100.0,100.0,5,
fastapi,stream,25,chunks_ok_pct,100.0,100.0,100.0,5,
fastapi,stream,25,ttft_p50_ms,567.441,567.17,567.568,5,False
fastapi,stream,25,ttft_p95_ms,570.64,570.521,570.722,5,False
fastapi,stream,25,ttft_p99_ms,571.9771999999999,571.4625,572.2989,5,False
fastapi,stream,25,tpot_p50_ms,202.098,202.088,202.111,5,
fastapi,stream,25,tpot_p95_ms,202.26850000000002,202.2665,202.27749999999997,5,
fastapi,stream,25,tpot_p99_ms,202.3603,202.3199,202.3708,5,
fastapi,stream,25,token_count_p50,12.0,12.0,12.0,5,
fastapi,stream,25,cpu_mean_loaded_pct,20.802928870292888,20.569037656903767,21.086610878661087,5,
fastapi,stream,25,cpu_max_loaded_pct,36.1,32.0,40.1,5,
fastapi,stream,25,cpu_ms_per_request,24.32375855773086,24.049970573385465,24.65448505087959,5,
fastapi,stream,25,idle_rss_mb,60.86,60.74,60.88,5,
fastapi,stream,25,peak_rss_mb,70.12,69.99,70.38,5,
fastapi,stream,25,rss_growth_mb,9.370000000000005,9.119999999999997,9.499999999999993,5,
fastapi,stream,25,idle_uss_mb,49.29,49.26,49.32,5,
fastapi,stream,25,peak_uss_mb,58.77,58.75,58.79,5,
fastapi,stream,25,uss_growth_mb,9.479999999999997,9.46,9.510000000000005,5,
fastapi,stream,25,sim_cpu_mean_pct,5.589958158995816,5.5389121338912135,5.707112970711297,5,
fastapi,stream,25,sim_cpu_p95_pct,8.0,8.0,8.0,5,
fastapi,stream,25,sim_peak_uss_mb,18.9,18.9,18.9,5,
fastapi,stream,25,monitor_cpu_pct,0.614,0.564,0.614,5,
fastapi,stream,25,sim_monitor_cpu_pct,0.464,0.448,0.481,5,
fastapi,stream,25,clock_rate_ratio,0.9999850836587931,0.9999054197062959,1.0001557397157756,5,
fastapi,stream,25,clock_rate_uncertainty,0.0006293712565883463,0.0006051311212122109,0.0006359494386287183,5,
fastapi,stream,25,clock_rate_half_diff,0.00018697182656701727,0.00011387658985584359,0.0006728639534401282,5,
fastapi,stream,25,clock_step_ms,0.001,0.001,0.13,5,
fastapi,stream,50,completions,1022,1020,1022,5,
fastapi,stream,50,failures,0,0,0,5,
fastapi,stream,50,finished_loaded,1021,1020,1022,5,
fastapi,stream,50,error_rate_pct,0.0,0.0,0.0,5,
fastapi,stream,50,locust_rps,17.07417899697834,17.072923989221295,17.07525426381518,5,
fastapi,stream,50,throughput_fixed_window,17.885747559924127,17.868136482386852,17.9019782198432,5,
fastapi,stream,50,throughput_completion_rate,17.909039177648836,17.90478302904342,17.91084538802473,5,
fastapi,stream,50,ceiling_rps,17.983024025320095,17.983024025320095,17.983024025320095,5,
fastapi,stream,50,share_of_ceiling,0.994590650312261,0.9936113335125683,0.9954932048490409,5,
fastapi,stream,50,share_of_ceiling_completion_rate,0.9958858505906967,0.9956491746790466,0.9959862903372793,5,
fastapi,stream,50,closed_system_consistency,1.0000656489539417,0.999870711422885,1.0001314387884184,5,
fastapi,stream,50,min_1s_completions,17,16,17,5,
fastapi,stream,50,min_1s_completion_ratio,0.9492335216495383,0.8936159669763291,0.9493890556128036,5,
fastapi,stream,50,latency_p50_ms,2792.0654999999997,2791.982,2792.148,5,False
fastapi,stream,50,latency_p90_ms,2793.9756,2793.6996999999997,2794.1331,5,False
fastapi,stream,50,latency_p95_ms,2794.5649,2794.2466999999997,2794.85065,5,False
fastapi,stream,50,latency_p99_ms,2796.41379,2795.88845,2799.57072,5,False
fastapi,stream,50,latency_mean_ms,2792.221035225049,2792.082107632094,2792.4529166666666,5,False
fastapi,stream,50,inflight_at_stop,49,49,50,5,
fastapi,stream,50,censoring_fraction,0.0457516339869281,0.0457516339869281,0.04672897196261682,5,
fastapi,stream,50,late_inflight,0,0,0,5,
fastapi,stream,50,max_inflight_age_ms,2769.49,2756.079,2774.3669999999997,5,
fastapi,stream,50,response_law_R_ms,2791.8862371132623,2791.6046907216464,2792.5498968010284,5,
fastapi,stream,50,derived_queue_wait_ms,11.486237113262177,11.20469072164633,12.149896801028262,5,
fastapi,stream,50,derived_ttft_ms,578.8522371132622,578.5706907216463,579.5158968010282,5,
fastapi,stream,50,stream_finished_loaded,1021,1020,1022,5,
fastapi,stream,50,stream_csr_pct,100.0,100.0,100.0,5,
fastapi,stream,50,chunks_ok_pct,100.0,100.0,100.0,5,
fastapi,stream,50,ttft_p50_ms,567.587,567.514,567.7435,5,False
fastapi,stream,50,ttft_p95_ms,571.1569000000001,571.0358,571.4471,5,False
fastapi,stream,50,ttft_p99_ms,573.32667,573.29809,574.6240799999999,5,False
fastapi,stream,50,tpot_p50_ms,202.085,202.07999999999998,202.092,5,
fastapi,stream,50,tpot_p95_ms,202.2619,202.243,202.26795,5,
fastapi,stream,50,tpot_p99_ms,202.33953,202.32958000000002,202.36224,5,
fastapi,stream,50,token_count_p50,12.0,12.0,12.0,5,
fastapi,stream,50,cpu_mean_loaded_pct,37.805020920502095,37.25564853556485,38.14016736401673,5,
fastapi,stream,50,cpu_max_loaded_pct,60.0,52.1,60.3,5,
fastapi,stream,50,cpu_ms_per_request,22.14470818529416,21.780135534247684,22.3192890989261,5,
fastapi,stream,50,idle_rss_mb,60.74,60.61,60.87,5,
fastapi,stream,50,peak_rss_mb,72.24,72.23,72.87,5,
fastapi,stream,50,rss_growth_mb,11.620000000000005,11.499999999999993,12.000000000000007,5,
fastapi,stream,50,idle_uss_mb,49.29,49.28,49.32,5,
fastapi,stream,50,peak_uss_mb,61.16,61.12,61.29,5,
fastapi,stream,50,uss_growth_mb,11.869999999999997,11.829999999999998,11.990000000000002,5,
fastapi,stream,50,sim_cpu_mean_pct,9.121757322175732,8.836401673640168,9.255230125523013,5,
fastapi,stream,50,sim_cpu_p95_pct,12.0,12.0,12.0,5,
fastapi,stream,50,sim_peak_uss_mb,18.91,18.91,18.91,5,
fastapi,stream,50,monitor_cpu_pct,0.614,0.58,0.63,5,
fastapi,stream,50,sim_monitor_cpu_pct,0.415,0.381,0.448,5,
fastapi,stream,50,clock_rate_ratio,1.0000622635639762,0.9997918983320818,1.0002123048504825,5,
fastapi,stream,50,clock_rate_uncertainty,0.0006233317128725485,0.000612908410439762,0.0006340112519212623,5,
fastapi,stream,50,clock_rate_half_diff,0.0001543793577595265,9.377139823096847e-05,0.000583516159109454,5,
fastapi,stream,50,clock_step_ms,0.001,0.001,0.079,5,
fastapi,stream,100,completions,2044,2044,2046,5,
fastapi,stream,100,failures,0,0,0,5,
fastapi,stream,100,finished_loaded,2043,2043,2044,5,
fastapi,stream,100,error_rate_pct,0.0,0.0,0.0,5,
fastapi,stream,100,locust_rps,34.10158880596088,34.06757235092486,34.154525488839255,5,
fastapi,stream,100,throughput_fixed_window,35.813158753634866,35.80826640671704,35.832743430611195,5,
fastapi,stream,100,throughput_completion_rate,35.829418113467604,35.82003725689395,35.88193845527768,5,
fastapi,stream,100,ceiling_rps,35.96604805064019,35.96604805064019,35.96604805064019,5,
fastapi,stream,100,share_of_ceiling,0.9957490659860639,0.9956130391723607,0.9962935983447139,5,
fastapi,stream,100,share_of_ceiling_completion_rate,0.9962011412268534,0.9959403158906794,0.9976614168105407,5,
fastapi,stream,100,closed_system_consistency,1.000532518932099,1.0002667631758595,1.001959722519832,5,
fastapi,stream,100,min_1s_completions,31,28,32,5,
fastapi,stream,100,min_1s_completion_ratio,0.8639444058641815,0.7814807349459948,0.8933547380339829,5,
fastapi,stream,100,latency_p50_ms,2791.447,2791.0924999999997,2792.065,5,False
fastapi,stream,100,latency_p90_ms,2795.621,2794.692,2796.89,5,False
fastapi,stream,100,latency_p95_ms,2798.99275,2797.19025,2805.22965,5,False
fastapi,stream,100,latency_p99_ms,2818.1471,2812.78299,2846.61719,5,False
fastapi,stream,100,latency_mean_ms,2792.4889726027395,2792.0256911045944,2794.07628962818,5,False
fastapi,stream,100,inflight_at_stop,99,97,99,5,
fastapi,stream,100,censoring_fraction,0.046196920205319646,0.04526364909006066,0.046196920205319646,5,
fastapi,stream,100,late_inflight,0,0,0,5,
fastapi,stream,100,max_inflight_age_ms,2780.71,2746.23,2781.683,5,
fastapi,stream,100,response_law_R_ms,2791.002624807124,2786.9174382715532,2791.7335563561965,5,
fastapi,stream,100,derived_queue_wait_ms,10.602624807123902,6.5174382715531465,11.333556356196368,5,
fastapi,stream,100,derived_ttft_ms,577.9686248071239,573.8834382715531,578.6995563561964,5,
fastapi,stream,100,stream_finished_loaded,2043,2043,2044,5,
fastapi,stream,100,stream_csr_pct,100.0,100.0,100.0,5,
fastapi,stream,100,chunks_ok_pct,100.0,100.0,100.0,5,
fastapi,stream,100,ttft_p50_ms,567.049,566.7245,567.746,5,False
fastapi,stream,100,ttft_p95_ms,574.0939999999999,573.6875,578.5666,5,False
fastapi,stream,100,ttft_p99_ms,592.3983399999998,586.8772099999999,604.3218599999999,5,False
fastapi,stream,100,tpot_p50_ms,202.0865,202.085,202.088,5,
fastapi,stream,100,tpot_p95_ms,202.3457,202.322,202.3877,5,
fastapi,stream,100,tpot_p99_ms,202.63128,202.5931,203.90684000000002,5,
fastapi,stream,100,token_count_p50,12.0,12.0,12.0,5,
fastapi,stream,100,cpu_mean_loaded_pct,58.692887029288705,57.58995815899581,60.60502092050209,5,
fastapi,stream,100,cpu_max_loaded_pct,84.2,84.0,87.9,5,
fastapi,stream,100,cpu_ms_per_request,17.165133150268687,16.833842826321145,17.724226181104804,5,
fastapi,stream,100,idle_rss_mb,60.74,60.66,60.86,5,
fastapi,stream,100,peak_rss_mb,76.24,76.12,76.37,5,
fastapi,stream,100,rss_growth_mb,15.5,15.380000000000003,15.630000000000003,5,
fastapi,stream,100,idle_uss_mb,49.28,49.24,49.32,5,
fastapi,stream,100,peak_uss_mb,65.06,64.95,65.16,5,
fastapi,stream,100,uss_growth_mb,15.809999999999995,15.670000000000002,15.839999999999996,5,
fastapi,stream,100,sim_cpu_mean_pct,12.685774058577406,12.586610878661087,13.438912133891213,5,
fastapi,stream,100,sim_cpu_p95_pct,16.0,16.0,16.0,5,
fastapi,stream,100,sim_peak_uss_mb,19.1,19.04,19.11,5,
fastapi,stream,100,monitor_cpu_pct,0.547,0.514,0.564,5,
fastapi,stream,100,sim_monitor_cpu_pct,0.348,0.331,0.365,5,
fastapi,stream,100,clock_rate_ratio,1.000088125705301,0.9998220761543357,1.000177767984911,5,
fastapi,stream,100,clock_rate_uncertainty,0.0006325201645387568,0.0006151071704608863,0.0006444512969189829,5,
fastapi,stream,100,clock_rate_half_diff,0.000293313534619255,0.0002694041584780926,0.0006219635949156199,5,
fastapi,stream,100,clock_step_ms,0.027,0.001,0.038,5,
flask,inference,1,completions,20,20,20,5,
flask,inference,1,failures,0,0,0,5,
flask,inference,1,finished_loaded,20,20,20,5,
flask,inference,1,error_rate_pct,0.0,0.0,0.0,5,
flask,inference,1,locust_rps,0.3459434207406752,0.3458841360911391,0.346256077229817,5,
flask,inference,1,throughput_fixed_window,0.35191423710282604,0.3512993574063908,0.35311318449274065,5,
flask,inference,1,throughput_completion_rate,0.3460118083065273,0.3459506999111083,0.34627166508789087,5,
flask,inference,1,ceiling_rps,0.34746351633078526,0.34746351633078526,0.34746351633078526,5,
flask,inference,1,share_of_ceiling,1.0128091743819334,1.0110395506155927,1.0162597449701076,5,
flask,inference,1,share_of_ceiling_completion_rate,0.9958219843061855,0.9956461143441696,0.9965698521229499,5,
flask,inference,1,closed_system_consistency,0.9999201846282757,0.9998657332541249,0.9999501052096953,5,
flask,inference,1,min_1s_completions,0,0,0,5,
flask,inference,1,min_1s_completion_ratio,0.0,0.0,0.0,5,
flask,inference,1,latency_p50_ms,2890.0415000000003,2888.2405,2890.8175,5,False
flask,inference,1,latency_p90_ms,2891.6318,2889.3941999999997,2892.127,5,False
flask,inference,1,latency_p95_ms,2891.9062999999996,2889.51985,2893.28095,5,False
flask,inference,1,latency_mean_ms,2890.37545,2887.85345,2890.8864,5,False
flask,inference,1,inflight_at_stop,1,1,1,5,
flask,inference,1,censoring_fraction,0.047619047619047616,0.047619047619047616,0.047619047619047616,5,
flask,inference,1,late_inflight,0,0,0,5,
flask,inference,1,max_inflight_age_ms,1928.882,1751.249,2080.784,5,
flask,inference,1,response_law_R_ms,2890.0747777778533,2887.9059444444565,2890.5852777778714,5,
flask,inference,1,derived_queue_wait_ms,0.0,0.0,0.0,5,
flask,inference,1,cpu_mean_loaded_pct,0.16736401673640167,0.13389121338912133,0.200836820083682,5,
flask,inference,1,cpu_max_loaded_pct,4.0,4.0,4.0,5,
flask,inference,1,cpu_ms_per_request,5.003329999999551,3.996753999999782,5.9959860000017215,5,
flask,inference,1,idle_rss_mb,56.43,56.39,56.52,5,
flask,inference,1,peak_rss_mb,56.64,56.52,56.68,5,
flask,inference,1,rss_growth_mb,0.13000000000000256,0.11999999999999744,0.25,5,
flask,inference,1,idle_uss_mb,42.61,42.56,42.61,5,
flask,inference,1,peak_uss_mb,42.77,42.72,42.77,5,
flask,inference,1,uss_growth_mb,0.1600000000000037,0.1599999999999966,0.1600000000000037,5,
flask,inference,1,sim_cpu_mean_pct,0.06694560669456066,0.0502092050209205,0.06722689075630252,5,
flask,inference,1,sim_cpu_p95_pct,0.0,0.0,0.0,5,
flask,inference,1,sim_peak_uss_mb,16.81,16.8,16.82,5,
flask,inference,1,monitor_cpu_pct,0.662,0.432,0.794,5,
flask,inference,1,sim_monitor_cpu_pct,0.48,0.332,0.579,5,
flask,inference,1,clock_rate_ratio,0.9999753620364618,0.9997996572155166,1.0000514749508338,5,
flask,inference,1,clock_rate_uncertainty,0.0006178132972866183,0.0005911730736577366,0.0007163265210474214,5,
flask,inference,1,clock_rate_half_diff,0.00039776919702283475,0.0001785678300263438,0.0007637039884007546,5,
flask,inference,1,clock_step_ms,0.018,0.001,0.079,5,
flask,inference,5,completions,20,20,20,5,
flask,inference,5,failures,0,0,0,5,
flask,inference,5,finished_loaded,20,20,20,5,
flask,inference,5,error_rate_pct,0.0,0.0,0.0,5,
flask,inference,5,locust_rps,0.34632087104665116,0.346283835279501,0.3464206765876868,5,
flask,inference,5,throughput_fixed_window,0.35138471980802977,0.3512787357481265,0.3522425285868371,5,
flask,inference,5,throughput_completion_rate,0.34640752304763683,0.34636852136683194,0.3464284373250233,5,
flask,inference,5,ceiling_rps,0.34746351633078526,0.34746351633078526,0.34746351633078526,5,
flask,inference,5,share_of_ceiling,1.0112852236075096,1.0109802014831082,1.013753997272917,5,
flask,inference,5,share_of_ceiling_completion_rate,0.9969608513310988,0.9968486044937424,0.9970210426214171,5,
flask,inference,5,closed_system_consistency,0.9159538498541686,0.9157943315833318,0.9160296653678743,5,
flask,inference,5,min_1s_completions,0,0,0,5,
flask,inference,5,min_1s_completion_ratio,0.0,0.0,0.0,5,
flask,inference,5,latency_p50_ms,14433.498,14432.700499999999,14435.804,5,False
flask,inference,5,latency_p90_ms,14436.5712,14434.5141,14438.8696,5,False
flask,inference,5,latency_p95_ms,14437.618349999999,14434.8544,14439.30105,5,False
flask,inference,5,latency_mean_ms,12705.7432,12701.20235,12706.3321,5,False
flask,inference,5,inflight_at_stop,5,5,5,5,
flask,inference,5,censoring_fraction,0.2,0.2,0.2,5,
flask,inference,5,late_inflight,0,0,0,5,
flask,inference,5,max_inflight_age_ms,13623.188,13491.542000000001,13649.279,5,
flask,inference,5,response_law_R_ms,14433.866666667098,14432.995277777789,14435.49194444434,5,
flask,inference,5,derived_queue_wait_ms,11547.093333333678,11546.39622222223,11548.393555555473,5,
flask,inference,5,cpu_mean_loaded_pct,0.13389121338912133,0.11715481171548117,0.1506276150627615,5,
flask,inference,5,cpu_max_loaded_pct,4.0,4.0,8.0,5,
flask,inference,5,cpu_ms_per_request,3.9999460000035474,3.500940000005358,4.509522000007564,5,
flask,inference,5,idle_rss_mb,56.3,56.17,56.46,5,
flask,inference,5,peak_rss_mb,56.42,56.41,56.68,5,
flask,inference,5,rss_growth_mb,0.13000000000000256,0.12000000000000455,0.25,5,
flask,inference,5,idle_uss_mb,42.57,42.56,42.62,5,
flask,inference,5,peak_uss_mb,42.73,42.72,42.78,5,
flask,inference,5,uss_growth_mb,0.1599999999999966,0.1599999999999966,0.1600000000000037,5,
flask,inference,5,sim_cpu_mean_pct,0.0502092050209205,0.03347280334728033,0.06694560669456066,5,
flask,inference,5,sim_cpu_p95_pct,0.0,0.0,0.0,5,
flask,inference,5,sim_peak_uss_mb,16.82,16.82,16.82,5,
flask,inference,5,monitor_cpu_pct,0.514,0.497,0.614,5,
flask,inference,5,sim_monitor_cpu_pct,0.381,0.348,0.515,5,
flask,inference,5,clock_rate_ratio,1.000012981826538,0.9999133907078654,1.0001058554158677,5,
flask,inference,5,clock_rate_uncertainty,0.0006224776572280422,0.0006046158763300859,0.0006423744614792372,5,
flask,inference,5,clock_rate_half_diff,0.00016552423411264616,3.3673530538180785e-05,0.00032745881690032785,5,
flask,inference,5,clock_step_ms,0.002,0.001,0.014,5,
flask,inference,10,completions,20,20,20,5,
flask,inference,10,failures,0,0,0,5,
flask,inference,10,finished_loaded,20,20,20,5,
flask,inference,10,error_rate_pct,0.0,0.0,0.0,5,
flask,inference,10,locust_rps,0.34630427645370626,0.3462775943332584,0.34637731199801536,5,
flask,inference,10,throughput_fixed_window,0.3512778042220338,0.3512652166931808,0.35130173682365595,5,
flask,inference,10,throughput_completion_rate,0.3463754998294686,0.34633024147010477,0.34642134338848174,5,
flask,inference,10,ceiling_rps,0.34746351633078526,0.34746351633078526,0.34746351633078526,5,
flask,inference,10,share_of_ceiling,1.0109775205510134,1.0109412936429742,1.0110463985784819,5,
flask,inference,10,share_of_ceiling_completion_rate,0.9968686885092106,0.9967384349509616,0.9970006262720504,5,
flask,inference,10,closed_system_consistency,0.7870187226652888,0.7868653873136456,0.7870641115001142,5,
flask,inference,10,min_1s_completions,0,0,0,5,
flask,inference,10,min_1s_completion_ratio,0.0,0.0,0.0,5,
flask,inference,10,latency_p50_ms,27571.434,27569.341,27577.0585,5,False
flask,inference,10,latency_p90_ms,28871.010700000003,28867.2801,28875.2926,5,False
flask,inference,10,latency_p95_ms,28873.046000000002,28868.3319,28880.8498,5,False
flask,inference,10,latency_mean_ms,21728.863550000002,21726.2632,21731.94515,5,False
flask,inference,10,inflight_at_stop,10,10,10,5,
flask,inference,10,censoring_fraction,0.3333333333333333,0.3333333333333333,0.3333333333333333,5,
flask,inference,10,late_inflight,0,0,0,5,
flask,inference,10,max_inflight_age_ms,28082.154,28075.793,28086.392,5,
flask,inference,10,response_law_R_ms,28870.402222222157,28866.581666666712,28874.17499999982,5,
flask,inference,10,derived_queue_wait_ms,25983.361999999943,25979.92350000004,25986.75749999984,5,
flask,inference,10,cpu_mean_loaded_pct,0.13389121338912133,0.11715481171548117,0.1506276150627615,5,
flask,inference,10,cpu_max_loaded_pct,4.0,4.0,8.0,5,
flask,inference,10,cpu_ms_per_request,4.001835999999458,3.4987880000044242,4.501398000000337,5,
flask,inference,10,idle_rss_mb,56.43,56.4,56.53,5,
flask,inference,10,peak_rss_mb,56.64,56.53,56.78,5,
flask,inference,10,rss_growth_mb,0.13000000000000256,0.11999999999999744,0.25,5,
flask,inference,10,idle_uss_mb,42.59,42.57,42.61,5,
flask,inference,10,peak_uss_mb,42.75,42.73,42.77,5,
flask,inference,10,uss_growth_mb,0.1599999999999966,0.1599999999999966,0.1600000000000037,5,
flask,inference,10,sim_cpu_mean_pct,0.0502092050209205,0.03347280334728033,0.08368200836820083,5,
flask,inference,10,sim_cpu_p95_pct,0.0,0.0,0.0,5,
flask,inference,10,sim_peak_uss_mb,16.82,16.82,16.83,5,
flask,inference,10,monitor_cpu_pct,0.531,0.531,0.581,5,
flask,inference,10,sim_monitor_cpu_pct,0.365,0.332,0.431,5,
flask,inference,10,clock_rate_ratio,1.0000602232351292,1.0000129671188156,1.0001223500783842,5,
flask,inference,10,clock_rate_uncertainty,0.0006099549020134321,0.0005926377478557746,0.0006145396808230628,5,
flask,inference,10,clock_rate_half_diff,0.0001984977905886698,9.273670488574304e-05,0.0003581504213696629,5,
flask,inference,10,clock_step_ms,0.001,0.001,0.058,5,
flask,inference,25,completions,20,20,20,5,
flask,inference,25,failures,0,0,0,5,
flask,inference,25,finished_loaded,20,20,20,5,
flask,inference,25,error_rate_pct,0.0,0.0,0.0,5,
flask,inference,25,locust_rps,0.3463221607077047,0.34628176542173345,0.34635140513494805,5,
flask,inference,25,throughput_fixed_window,0.35128328434761524,0.3512663687182725,0.3513112846826163,5,
flask,inference,25,throughput_completion_rate,0.3463540054657338,0.3463175211422985,0.34639732350333974,5,
flask,inference,25,ceiling_rps,0.34746351633078526,0.34746351633078526,0.34746351633078526,5,
flask,inference,25,share_of_ceiling,1.0109932923524367,1.0109446091711882,1.0110738773165697,5,
flask,inference,25,share_of_ceiling_completion_rate,0.9968068277303819,0.9967018258475352,0.9969314970426117,5,
flask,inference,25,closed_system_consistency,0.42409542091603875,0.42408696626623477,0.42412059683457415,5,
flask,inference,25,min_1s_completions,0,0,0,5,
flask,inference,25,min_1s_completion_ratio,0.0,0.0,0.0,5,
flask,inference,25,latency_p50_ms,29225.91,29220.3305,29229.0445,5,True
flask,inference,25,latency_p90_ms,50291.5146,50288.803,50299.495500000005,5,True
flask,inference,25,latency_p95_ms,52925.963,52922.2347,52931.7067,5,True
flask,inference,25,latency_mean_ms,29224.9353,29221.825,29228.43645,5,True
flask,inference,25,inflight_at_stop,25,25,25,5,
flask,inference,25,censoring_fraction,0.5555555555555556,0.5555555555555556,0.5555555555555556,5,
flask,inference,25,late_inflight,7,7,7,5,
flask,inference,25,max_inflight_age_ms,57539.681000000004,57536.013,57542.46,5,
flask,inference,25,response_law_R_ms,72180.4847222226,72171.45833333486,72188.08888888916,5,
flask,inference,25,derived_queue_wait_ms,69293.2653333337,69284.60000000146,69300.5653333336,5,
flask,inference,25,cpu_mean_loaded_pct,0.1506276150627615,0.13389121338912133,0.1506276150627615,5,
flask,inference,25,cpu_max_loaded_pct,4.0,4.0,4.0,5,
flask,inference,25,cpu_ms_per_request,4.499958000000333,3.998714000001201,4.503254000002927,5,
flask,inference,25,idle_rss_mb,56.43,56.4,56.53,5,
flask,inference,25,peak_rss_mb,56.6,56.52,56.68,5,
flask,inference,25,rss_growth_mb,0.12000000000000455,0.11999999999999744,0.25,5,
flask,inference,25,idle_uss_mb,42.59,42.56,42.62,5,
flask,inference,25,peak_uss_mb,42.75,42.72,42.79,5,
flask,inference,25,uss_growth_mb,0.1599999999999966,0.1599999999999966,0.1700000000000017,5,
flask,inference,25,sim_cpu_mean_pct,0.0502092050209205,0.03347280334728033,0.0502092050209205,5,
flask,inference,25,sim_cpu_p95_pct,0.0,0.0,0.0,5,
flask,inference,25,sim_peak_uss_mb,16.83,16.83,16.83,5,
flask,inference,25,monitor_cpu_pct,0.498,0.497,0.614,5,
flask,inference,25,sim_monitor_cpu_pct,0.415,0.348,0.448,5,
flask,inference,25,clock_rate_ratio,0.999993205168003,0.9997577440832345,1.0000804176413072,5,
flask,inference,25,clock_rate_uncertainty,0.0006216141689202489,0.0006087484733274068,0.000681739684135342,5,
flask,inference,25,clock_rate_half_diff,0.00010443984497787717,5.55312286341092e-05,0.00046047566265638995,5,
flask,inference,25,clock_step_ms,0.001,0.001,0.014,5,
flask,inference,50,completions,20,20,20,5,
flask,inference,50,failures,0,0,0,5,
flask,inference,50,finished_loaded,20,20,20,5,
flask,inference,50,error_rate_pct,0.0,0.0,0.0,5,
flask,inference,50,locust_rps,0.34631344067000336,0.3462683305307913,0.3463537032023686,5,
flask,inference,50,throughput_fixed_window,0.3512918677445004,0.35125907134272916,0.35143139623159164,5,
flask,inference,50,throughput_completion_rate,0.34636554877378467,0.34630945897727444,0.3464013832500125,5,
flask,inference,50,ceiling_rps,0.34746351633078526,0.34746351633078526,0.34746351633078526,5,
flask,inference,50,share_of_ceiling,1.0110179953686722,1.0109236073243746,1.0114195583545207,5,
flask,inference,50,share_of_ceiling_completion_rate,0.9968400493709523,0.9966786229365958,0.9969431809935361,5,
flask,inference,50,closed_system_consistency,0.21604373465604573,0.21603461051971473,0.2160577556166903,5,
flask,inference,50,min_1s_completions,0,0,0,5,
flask,inference,50,min_1s_completion_ratio,0.0,0.0,0.0,5,
flask,inference,50,latency_p50_ms,29774.804,29771.0445,29777.8285,5,True
flask,inference,50,latency_p90_ms,51277.8552,51273.22810000001,51281.5137,5,True
flask,inference,50,latency_p95_ms,53966.94105,53961.68845,53972.068100000004,5,True
flask,inference,50,latency_mean_ms,29774.52015,29770.9569,29777.3338,5,True
flask,inference,50,inflight_at_stop,50,50,50,5,
flask,inference,50,censoring_fraction,0.7142857142857143,0.7142857142857143,0.7142857142857143,5,
flask,inference,50,late_inflight,32,32,32,5,
flask,inference,50,max_inflight_age_ms,58690.453,58668.907,58694.892,5,
flask,inference,50,response_law_R_ms,144356.15833333234,144341.22499999628,144379.53888889044,5,
flask,inference,50,derived_queue_wait_ms,141469.03516666568,141454.40049999635,141491.94811111264,5,
flask,inference,50,cpu_mean_loaded_pct,0.1502092050209205,0.13389121338912133,0.15104602510460252,5,
flask,inference,50,cpu_max_loaded_pct,4.0,4.0,4.1,5,
flask,inference,50,cpu_ms_per_request,4.495797949997723,4.001564000005601,4.4999079999979585,5,
flask,inference,50,idle_rss_mb,56.45,56.43,56.52,5,
flask,inference,50,peak_rss_mb,56.65,56.55,56.7,5,
flask,inference,50,rss_growth_mb,0.12999999999999545,0.11999999999999744,0.25,5,
flask,inference,50,idle_uss_mb,42.57,42.56,42.59,5,
flask,inference,50,peak_uss_mb,42.74,42.71,42.76,5,
flask,inference,50,uss_growth_mb,0.1600000000000037,0.14999999999999858,0.1700000000000017,5,
flask,inference,50,sim_cpu_mean_pct,0.0502092050209205,0.03347280334728033,0.0502092050209205,5,
flask,inference,50,sim_cpu_p95_pct,0.0,0.0,0.0,5,
flask,inference,50,sim_peak_uss_mb,16.83,16.83,16.83,5,
flask,inference,50,monitor_cpu_pct,0.564,0.514,0.597,5,
flask,inference,50,sim_monitor_cpu_pct,0.381,0.365,0.448,5,
flask,inference,50,clock_rate_ratio,1.000099391431897,0.999971435552652,1.000124295131394,5,
flask,inference,50,clock_rate_uncertainty,0.0006028394016724261,0.0005913798009533411,0.0006273698785330359,5,
flask,inference,50,clock_rate_half_diff,6.88677125989523e-05,2.9957026201010706e-05,0.00046275570695752943,5,
flask,inference,50,clock_step_ms,0.035,0.001,0.049,5,
flask,inference,100,completions,20,20,20,5,
flask,inference,100,failures,0,0,0,5,
flask,inference,100,finished_loaded,20,20,20,5,
flask,inference,100,error_rate_pct,0.0,0.0,0.0,5,
flask,inference,100,locust_rps,0.3463112003245974,0.3462455997945395,0.3463531140247402,5,
flask,inference,100,throughput_fixed_window,0.35128471311698,0.3512373231091851,0.3518942451250068,5,
flask,inference,100,throughput_completion_rate,0.3463780660015288,0.3462933757463129,0.3463999433289758,5,
flask,inference,100,ceiling_rps,0.34746351633078526,0.34746351633078526,0.34746351633078526,5,
flask,inference,100,share_of_ceiling,1.0109974043506684,1.0108610159082347,1.0127516374697696,5,
flask,inference,100,share_of_ceiling_completion_rate,0.9968760739524,0.9966323353978885,0.9969390369007923,5,
flask,inference,100,closed_system_consistency,0.10901805693599367,0.10900362578479679,0.10902328966205657,5,
flask,inference,100,min_1s_completions,0,0,0,5,
flask,inference,100,min_1s_completion_ratio,0.0,0.0,0.0,5,
flask,inference,100,latency_p50_ms,30045.576999999997,30041.339,30048.5115,5,True
flask,inference,100,latency_p90_ms,51770.23180000001,51764.65290000001,51776.8896,5,True
flask,inference,100,latency_p95_ms,54485.6023,54480.62215,54490.7024,5,True
flask,inference,100,latency_mean_ms,30046.11015,30042.2332,30049.29625,5,True
flask,inference,100,inflight_at_stop,100,100,100,5,
flask,inference,100,censoring_fraction,0.8333333333333334,0.8333333333333334,0.8333333333333334,5,
flask,inference,100,late_inflight,81,81,81,5,
flask,inference,100,max_inflight_age_ms,59266.905999999995,59172.994000000006,59273.716,5,
flask,inference,100,response_law_R_ms,288701.8833333362,288683.6499999946,288772.4888888948,5,
flask,inference,100,derived_queue_wait_ms,285814.8645000029,285796.8134999947,285884.76400000585,5,
flask,inference,100,cpu_mean_loaded_pct,0.1506276150627615,0.13389121338912133,0.1506276150627615,5,
flask,inference,100,cpu_max_loaded_pct,4.0,4.0,4.0,5,
flask,inference,100,cpu_ms_per_request,4.495160000002216,4.000646000000416,4.499095999992277,5,
flask,inference,100,idle_rss_mb,56.51,56.14,56.53,5,
flask,inference,100,peak_rss_mb,56.65,56.39,56.77,5,
flask,inference,100,rss_growth_mb,0.25,0.11999999999999744,0.25,5,
flask,inference,100,idle_uss_mb,42.6,42.57,42.61,5,
flask,inference,100,peak_uss_mb,42.77,42.73,42.77,5,
flask,inference,100,uss_growth_mb,0.1600000000000037,0.1599999999999966,0.1700000000000017,5,
flask,inference,100,sim_cpu_mean_pct,0.06694560669456066,0.0502092050209205,0.06694560669456066,5,
flask,inference,100,sim_cpu_p95_pct,0.0,0.0,0.0,5,
flask,inference,100,sim_peak_uss_mb,16.84,16.83,16.84,5,
flask,inference,100,monitor_cpu_pct,0.53,0.498,0.564,5,
flask,inference,100,sim_monitor_cpu_pct,0.398,0.348,0.464,5,
flask,inference,100,clock_rate_ratio,1.0000432651244922,0.9998047648990974,1.0001144625835592,5,
flask,inference,100,clock_rate_uncertainty,0.0006056600509893254,0.0005969704472995508,0.0006150521217126858,5,
flask,inference,100,clock_rate_half_diff,0.0001485427875189682,2.3658154436723144e-05,0.0004796889164908613,5,
flask,inference,100,clock_step_ms,0.003,0.003,0.011,5,
flask,pipeline,1,completions,21,21,21,5,
flask,pipeline,1,failures,0,0,0,5,
flask,pipeline,1,finished_loaded,21,21,21,5,
flask,pipeline,1,error_rate_pct,0.0,0.0,0.0,5,
flask,pipeline,1,locust_rps,0.3603667570038527,0.3603276458745117,0.3604150819550984,5,
flask,pipeline,1,throughput_fixed_window,0.3681674879181955,0.3681486012859083,0.36822034256398856,5,
flask,pipeline,1,throughput_completion_rate,0.3604088250084311,0.3603749599035481,0.3604356126168616,5,
flask,pipeline,1,ceiling_rps,0.3621220351258374,0.3621220351258374,0.3621220351258374,5,
flask,pipeline,1,share_of_ceiling,1.0166945178860969,1.016642362451036,1.0168404759904544,5,
flask,pipeline,1,share_of_ceiling_completion_rate,0.9952689702607824,0.9951754517736482,0.9953429442414633,5,
flask,pipeline,1,closed_system_consistency,0.9999219182641479,0.9999141534632272,0.9999556093917927,5,
flask,pipeline,1,min_1s_completions,0,0,0,5,
flask,pipeline,1,min_1s_completion_ratio,0.0,0.0,0.0,5,
flask,pipeline,1,latency_p50_ms,2774.442,2774.225,2774.642,5,False
flask,pipeline,1,latency_p90_ms,2775.57,2774.813,2776.726,5,False
flask,pipeline,1,latency_p95_ms,2775.806,2774.882,2777.195,5,False
flask,pipeline,1,latency_mean_ms,2774.6681904761904,2774.2928095238094,2774.977142857143,5,False
flask,pipeline,1,inflight_at_stop,1,1,1,5,
flask,pipeline,1,censoring_fraction,0.045454545454545456,0.045454545454545456,0.045454545454545456,5,
flask,pipeline,1,late_inflight,0,0,0,5,
flask,pipeline,1,max_inflight_age_ms,1572.689,1568.4389999999999,1578.22,5,
flask,pipeline,1,response_law_R_ms,2774.6268421052314,2774.420631578898,2774.8875789473364,5,
flask,pipeline,1,derived_queue_wait_ms,0.0,0.0,0.0,5,
flask,pipeline,1,pipeline_completion_pct,100.0,100.0,100.0,5,
flask,pipeline,1,stage1_p50_ms,0.001,0.001,0.001,5,
flask,pipeline,1,stage1_p95_ms,0.001,0.001,0.001,5,
flask,pipeline,1,stage2_p50_ms,50.578,50.481,50.637,5,
flask,pipeline,1,stage2_p95_ms,50.731,50.687,50.781,5,
flask,pipeline,1,stage3_p50_ms,2719.916,2719.66,2719.928,5,
flask,pipeline,1,stage3_p95_ms,2720.639,2720.308,2721.821,5,
flask,pipeline,1,stage4_p50_ms,0.002,0.002,0.002,5,
flask,pipeline,1,stage4_p95_ms,0.003,0.002,0.003,5,
flask,pipeline,1,e2e_server_p50_ms,2770.501,2770.363,2770.637,5,
flask,pipeline,1,e2e_server_p95_ms,2771.668,2770.893,2772.797,5,
flask,pipeline,1,e2e_client_p50_ms,2774.442,2774.225,2774.642,5,False
flask,pipeline,1,e2e_client_p95_ms,2775.806,2774.882,2777.195,5,False
flask,pipeline,1,cpu_mean_loaded_pct,0.18410041841004185,0.18410041841004185,0.200836820083682,5,
flask,pipeline,1,cpu_max_loaded_pct,4.0,4.0,8.0,5,
flask,pipeline,1,cpu_ms_per_request,5.2461619047521495,5.239571428561855,5.718588571426586,5,
flask,pipeline,1,idle_rss_mb,56.5,56.21,56.53,5,
flask,pipeline,1,peak_rss_mb,56.7,56.46,56.78,5,
flask,pipeline,1,rss_growth_mb,0.25,0.12999999999999545,0.25,5,
flask,pipeline,1,idle_uss_mb,42.63,42.62,42.68,5,
flask,pipeline,1,peak_uss_mb,42.82,42.82,42.88,5,
flask,pipeline,1,uss_growth_mb,0.20000000000000284,0.18999999999999773,0.20000000000000284,5,
flask,pipeline,1,sim_cpu_mean_pct,0.06694560669456066,0.0502092050209205,0.06694560669456066,5,
flask,pipeline,1,sim_cpu_p95_pct,0.0,0.0,0.0,5,
flask,pipeline,1,sim_peak_uss_mb,16.86,16.86,16.86,5,
flask,pipeline,1,monitor_cpu_pct,0.564,0.481,0.581,5,
flask,pipeline,1,sim_monitor_cpu_pct,0.365,0.349,0.431,5,
flask,pipeline,1,clock_rate_ratio,1.000022031719364,0.9998510550864871,1.0000429760994565,5,
flask,pipeline,1,clock_rate_uncertainty,0.000603319097249234,0.000598080348701917,0.0006492369253400385,5,
flask,pipeline,1,clock_rate_half_diff,0.00023219551322295473,8.243832967380627e-07,0.0003144200100281269,5,
flask,pipeline,1,clock_step_ms,0.001,0.001,0.003,5,
flask,pipeline,5,completions,21,21,21,5,
flask,pipeline,5,failures,0,0,0,5,
flask,pipeline,5,finished_loaded,21,21,21,5,
flask,pipeline,5,error_rate_pct,0.0,0.0,0.0,5,
flask,pipeline,5,locust_rps,0.3606909791829182,0.36063434666297933,0.36073714397276924,5,
flask,pipeline,5,throughput_fixed_window,0.36819653585440343,0.3681627868183426,0.3682412313553323,5,
flask,pipeline,5,throughput_completion_rate,0.3607312242150768,0.36072493713512793,0.3607909555556064,5,
flask,pipeline,5,ceiling_rps,0.3621220351258374,0.3621220351258374,0.3621220351258374,5,
flask,pipeline,5,share_of_ceiling,1.016774733761935,1.016681535798853,1.0168981603877503,5,
flask,pipeline,5,share_of_ceiling_completion_rate,0.9961592756699346,0.9961419138986558,0.9963242237668072,5,
flask,pipeline,5,closed_system_consistency,0.9201205774766892,0.9200987002398391,0.9202371682175936,5,
flask,pipeline,5,min_1s_completions,0,0,0,5,
flask,pipeline,5,min_1s_completion_ratio,0.0,0.0,0.0,5,
flask,pipeline,5,latency_p50_ms,13859.623,13857.691,13860.217,5,False
flask,pipeline,5,latency_p90_ms,13861.603,13859.186,13862.719,5,False
flask,pipeline,5,latency_p95_ms,13862.289,13859.498,13864.685,5,False
flask,pipeline,5,latency_mean_ms,12278.262095238095,12276.520523809524,12280.545285714286,5,False
flask,pipeline,5,inflight_at_stop,5,5,5,5,
flask,pipeline,5,censoring_fraction,0.19230769230769232,0.19230769230769232,0.19230769230769232,5,
flask,pipeline,5,late_inflight,0,0,0,5,
flask,pipeline,5,max_inflight_age_ms,12707.978000000001,12699.212,12719.769,5,
flask,pipeline,5,response_law_R_ms,13860.735263157805,13858.440526315748,13860.976842105581,5,
flask,pipeline,5,derived_queue_wait_ms,11088.588210526244,11086.752421052599,11088.781473684465,5,
flask,pipeline,5,pipeline_completion_pct,100.0,100.0,100.0,5,
flask,pipeline,5,stage1_p50_ms,0.001,0.001,0.001,5,
flask,pipeline,5,stage1_p95_ms,0.001,0.001,0.001,5,
flask,pipeline,5,stage2_p50_ms,50.572,50.559,50.616,5,
flask,pipeline,5,stage2_p95_ms,50.744,50.719,51.511,5,
flask,pipeline,5,stage3_p50_ms,2719.905,2719.542,2720.031,5,
flask,pipeline,5,stage3_p95_ms,2721.039,2720.835,2721.156,5,
flask,pipeline,5,stage4_p50_ms,0.002,0.002,0.002,5,
flask,pipeline,5,stage4_p95_ms,0.002,0.002,0.003,5,
flask,pipeline,5,e2e_server_p50_ms,2770.653,2770.385,2770.815,5,
flask,pipeline,5,e2e_server_p95_ms,2771.799,2771.29,2772.497,5,
flask,pipeline,5,e2e_client_p50_ms,13859.623,13857.691,13860.217,5,False
flask,pipeline,5,e2e_client_p95_ms,13862.289,13859.498,13864.685,5,False
flask,pipeline,5,cpu_mean_loaded_pct,0.18410041841004185,0.16736401673640167,0.200836820083682,5,
flask,pipeline,5,cpu_max_loaded_pct,4.0,4.0,8.0,5,
flask,pipeline,5,cpu_ms_per_request,5.235543428574168,4.763367619047391,5.722152380951142,5,
flask,pipeline,5,idle_rss_mb,56.51,56.36,56.65,5,
flask,pipeline,5,peak_rss_mb,56.68,56.61,56.9,5,
flask,pipeline,5,rss_growth_mb,0.25,0.12000000000000455,0.25,5,
flask,pipeline,5,idle_uss_mb,42.66,42.66,42.67,5,
flask,pipeline,5,peak_uss_mb,42.86,42.86,42.87,5,
flask,pipeline,5,uss_growth_mb,0.20000000000000284,0.19999999999999574,0.20000000000000284,5,
flask,pipeline,5,sim_cpu_mean_pct,0.06694560669456066,0.0502092050209205,0.06694560669456066,5,
flask,pipeline,5,sim_cpu_p95_pct,0.0,0.0,0.0,5,
flask,pipeline,5,sim_peak_uss_mb,16.86,16.86,16.86,5,
flask,pipeline,5,monitor_cpu_pct,0.564,0.481,0.597,5,
flask,pipeline,5,sim_monitor_cpu_pct,0.448,0.365,0.465,5,
flask,pipeline,5,clock_rate_ratio,1.0000550623336137,0.9999638061755306,1.000147827207583,5,
flask,pipeline,5,clock_rate_uncertainty,0.000604073424997155,0.0005995538287330617,0.0006140942968196803,5,
flask,pipeline,5,clock_rate_half_diff,0.00037608941135225393,0.00011232935478155959,0.0006107020667743823,5,
flask,pipeline,5,clock_step_ms,0.046,0.003,0.101,5,
flask,pipeline,10,completions,21,21,21,5,
flask,pipeline,10,failures,0,0,0,5,
flask,pipeline,10,finished_loaded,21,21,21,5,
flask,pipeline,10,error_rate_pct,0.0,0.0,0.0,5,
flask,pipeline,10,locust_rps,0.36067336342349404,0.36058312718545765,0.36069282401151476,5,
flask,pipeline,10,throughput_fixed_window,0.3681761579241463,0.36816580251044967,0.3682172731683798,5,
flask,pipeline,10,throughput_completion_rate,0.360713452479774,0.36061658451379164,0.36074886071238293,5,
flask,pipeline,10,ceiling_rps,0.3621220351258374,0.3621220351258374,0.3621220351258374,5,
flask,pipeline,10,share_of_ceiling,1.01671846010753,1.0166898636326067,1.0168319998544808,5,
flask,pipeline,10,share_of_ceiling_completion_rate,0.9961101990228959,0.9958426981348356,0.9962079788572454,5,
flask,pipeline,10,closed_system_consistency,0.7976301097994244,0.7975709496689534,0.7976729187482231,5,
flask,pipeline,10,min_1s_completions,0,0,0,5,
flask,pipeline,10,min_1s_completion_ratio,0.0,0.0,0.0,5,
flask,pipeline,10,latency_p50_ms,27718.516,27713.676,27725.614,5,False
flask,pipeline,10,latency_p90_ms,27723.525,27718.712,27730.951,5,False
flask,pipeline,10,latency_p95_ms,27725.3,27720.348,27731.078,5,False
flask,pipeline,10,latency_mean_ms,21192.16542857143,21188.95257142857,21197.613904761904,5,False
flask,pipeline,10,inflight_at_stop,10,10,10,5,
flask,pipeline,10,censoring_fraction,0.3225806451612903,0.3225806451612903,0.3225806451612903,5,
flask,pipeline,10,late_inflight,0,0,0,5,
flask,pipeline,10,max_inflight_age_ms,26571.835,26564.461000000003,26573.284,5,
flask,pipeline,10,response_law_R_ms,27722.836315789256,27720.115263157484,27730.283157893846,5,
flask,pipeline,10,derived_queue_wait_ms,24950.55268421033,24948.103736841735,24957.25484210446,5,
flask,pipeline,10,pipeline_completion_pct,100.0,100.0,100.0,5,
flask,pipeline,10,stage1_p50_ms,0.001,0.001,0.001,5,
flask,pipeline,10,stage1_p95_ms,0.001,0.001,0.001,5,
flask,pipeline,10,stage2_p50_ms,50.601,50.566,50.632,5,
flask,pipeline,10,stage2_p95_ms,50.836,50.762,51.043,5,
flask,pipeline,10,stage3_p50_ms,2719.984,2719.731,2720.513,5,
flask,pipeline,10,stage3_p95_ms,2721.627,2720.755,2721.937,5,
flask,pipeline,10,stage4_p50_ms,0.002,0.002,0.002,5,
flask,pipeline,10,stage4_p95_ms,0.003,0.002,0.003,5,
flask,pipeline,10,e2e_server_p50_ms,2770.653,2770.481,2771.291,5,
flask,pipeline,10,e2e_server_p95_ms,2772.576,2771.511,2772.942,5,
flask,pipeline,10,e2e_client_p50_ms,27718.516,27713.676,27725.614,5,False
flask,pipeline,10,e2e_client_p95_ms,27725.3,27720.348,27731.078,5,False
flask,pipeline,10,cpu_mean_loaded_pct,0.18410041841004185,0.18410041841004185,0.2175732217573222,5,
flask,pipeline,10,cpu_max_loaded_pct,4.0,4.0,8.0,5,
flask,pipeline,10,cpu_ms_per_request,5.244622857152578,5.235906666670677,6.195411428568713,5,
flask,pipeline,10,idle_rss_mb,56.45,56.18,56.64,5,
flask,pipeline,10,peak_rss_mb,56.7,56.43,56.77,5,
flask,pipeline,10,rss_growth_mb,0.25,0.13000000000000256,0.25,5,
flask,pipeline,10,idle_uss_mb,42.64,42.63,42.64,5,
flask,pipeline,10,peak_uss_mb,42.84,42.82,42.84,5,
flask,pipeline,10,uss_growth_mb,0.20000000000000284,0.18999999999999773,0.20000000000000284,5,
flask,pipeline,10,sim_cpu_mean_pct,0.06694560669456066,0.0502092050209205,0.08368200836820083,5,
flask,pipeline,10,sim_cpu_p95_pct,0.0,0.0,0.0,5,
flask,pipeline,10,sim_peak_uss_mb,16.86,16.86,16.86,5,
flask,pipeline,10,monitor_cpu_pct,0.547,0.514,0.564,5,
flask,pipeline,10,sim_monitor_cpu_pct,0.382,0.332,0.465,5,
flask,pipeline,10,clock_rate_ratio,1.000021635849083,0.9999000666215774,1.0001213067164076,5,
flask,pipeline,10,clock_rate_uncertainty,0.0006106352619028051,0.0006023921441722343,0.0006164531842884856,5,
flask,pipeline,10,clock_rate_half_diff,0.00032790989510367297,7.281693895500041e-05,0.0005372843886668477,5,
flask,pipeline,10,clock_step_ms,0.003,0.001,0.042,5,
flask,pipeline,25,completions,21,21,21,5,
flask,pipeline,25,failures,0,0,0,5,
flask,pipeline,25,finished_loaded,21,21,21,5,
flask,pipeline,25,error_rate_pct,0.0,0.0,0.0,5,
flask,pipeline,25,locust_rps,0.3606854448103553,0.36056118992271563,0.36070146054174396,5,
flask,pipeline,25,throughput_fixed_window,0.36818865155166103,0.36814917176718814,0.36825179855598894,5,
flask,pipeline,25,throughput_completion_rate,0.36073534038501376,0.36059170669820295,0.36076540291685144,5,
flask,pipeline,25,ceiling_rps,0.3621220351258374,0.3621220351258374,0.3621220351258374,5,
flask,pipeline,25,share_of_ceiling,1.016752961259912,1.01664393783509,1.0169273417123634,5,
flask,pipeline,25,share_of_ceiling_completion_rate,0.9961706424732155,0.9957739980470874,0.9962536601548853,5,
flask,pipeline,25,closed_system_consistency,0.44334380516685334,0.44331397107450166,0.4434359025450349,5,
flask,pipeline,25,min_1s_completions,0,0,0,5,
flask,pipeline,25,min_1s_completion_ratio,0.0,0.0,0.0,5,
flask,pipeline,25,latency_p50_ms,29393.15,29391.209,29411.004,5,True
flask,pipeline,25,latency_p90_ms,50684.454,50681.393,50705.897,5,True
flask,pipeline,25,latency_p95_ms,53349.874,53348.338,53369.251,5,True
flask,pipeline,25,latency_mean_ms,29393.39623809524,29392.399523809523,29407.940666666665,5,True
flask,pipeline,25,inflight_at_stop,25,25,25,5,
flask,pipeline,25,censoring_fraction,0.5434782608695652,0.5434782608695652,0.5434782608695652,5,
flask,pipeline,25,late_inflight,6,6,6,5,
flask,pipeline,25,max_inflight_age_ms,57521.896,57513.139,57528.297,5,
flask,pipeline,25,response_law_R_ms,69302.88552631809,69297.11052631606,69330.4907894727,5,
flask,pipeline,25,derived_queue_wait_ms,66530.77010526537,66525.22610526341,66557.27115789379,5,
flask,pipeline,25,pipeline_completion_pct,100.0,100.0,100.0,5,
flask,pipeline,25,stage1_p50_ms,0.001,0.001,0.001,5,
flask,pipeline,25,stage1_p95_ms,0.001,0.001,0.001,5,
flask,pipeline,25,stage2_p50_ms,50.567,50.547,50.591,5,
flask,pipeline,25,stage2_p95_ms,50.85,50.819,50.923,5,
flask,pipeline,25,stage3_p50_ms,2719.887,2719.702,2720.032,5,
flask,pipeline,25,stage3_p95_ms,2721.576,2720.752,2721.972,5,
flask,pipeline,25,stage4_p50_ms,0.002,0.002,0.002,5,
flask,pipeline,25,stage4_p95_ms,0.002,0.002,0.003,5,
flask,pipeline,25,e2e_server_p50_ms,2770.541,2770.336,2770.81,5,
flask,pipeline,25,e2e_server_p95_ms,2772.519,2771.363,2772.894,5,
flask,pipeline,25,e2e_client_p50_ms,29393.15,29391.209,29411.004,5,True
flask,pipeline,25,e2e_client_p95_ms,53349.874,53348.338,53369.251,5,True
flask,pipeline,25,cpu_mean_loaded_pct,0.18410041841004185,0.16736401673640167,0.200836820083682,5,
flask,pipeline,25,cpu_max_loaded_pct,4.0,4.0,8.0,5,
flask,pipeline,25,cpu_ms_per_request,5.242255238076073,4.763693333342894,5.722260952371429,5,
flask,pipeline,25,idle_rss_mb,56.4,56.27,56.53,5,
flask,pipeline,25,peak_rss_mb,56.65,56.52,56.78,5,
flask,pipeline,25,rss_growth_mb,0.25,0.13000000000000256,0.25,5,
flask,pipeline,25,idle_uss_mb,42.64,42.62,42.7,5,
flask,pipeline,25,peak_uss_mb,42.84,42.82,42.89,5,
flask,pipeline,25,uss_growth_mb,0.20000000000000284,0.18999999999999773,0.20000000000000284,5,
flask,pipeline,25,sim_cpu_mean_pct,0.0502092050209205,0.03347280334728033,0.06694560669456066,5,
flask,pipeline,25,sim_cpu_p95_pct,0.0,0.0,0.0,5,
flask,pipeline,25,sim_peak_uss_mb,16.86,16.86,16.86,5,
flask,pipeline,25,monitor_cpu_pct,0.564,0.498,0.564,5,
flask,pipeline,25,sim_monitor_cpu_pct,0.365,0.332,0.431,5,
flask,pipeline,25,clock_rate_ratio,0.9999518900705168,0.99990757599403,1.0001796391389974,5,
flask,pipeline,25,clock_rate_uncertainty,0.0006115291754182884,0.0005988275528387908,0.0006181994422942592,5,
flask,pipeline,25,clock_rate_half_diff,0.0001536965050555894,2.528342066321354e-05,0.00027824702642087473,5,
flask,pipeline,25,clock_step_ms,0.001,0.001,0.02,5,
flask,pipeline,50,completions,21,21,21,5,
flask,pipeline,50,failures,0,0,0,5,
flask,pipeline,50,finished_loaded,21,21,21,5,
flask,pipeline,50,error_rate_pct,0.0,0.0,0.0,5,
flask,pipeline,50,locust_rps,0.36067603071141374,0.3606084080912559,0.3606833238628439,5,
flask,pipeline,50,throughput_fixed_window,0.3682185370050464,0.36815362610595564,0.36906390870365585,5,
flask,pipeline,50,throughput_completion_rate,0.3607207869606138,0.36066409801694477,0.36075802552271197,5,
flask,pipeline,50,ceiling_rps,0.3621220351258374,0.3621220351258374,0.3621220351258374,5,
flask,pipeline,50,share_of_ceiling,1.0168354899394356,1.0166562384915965,1.0191699838851456,5,
flask,pipeline,50,share_of_ceiling_completion_rate,0.9961304531917351,0.9959739066737929,0.9962332874809691,5,
flask,pipeline,50,closed_system_consistency,0.22586281636101194,0.22585601812701342,0.22589698778630485,5,
flask,pipeline,50,min_1s_completions,0,0,0,5,
flask,pipeline,50,min_1s_completion_ratio,0.0,0.0,0.0,5,
flask,pipeline,50,latency_p50_ms,29949.728,29944.622,29953.55,5,True
flask,pipeline,50,latency_p90_ms,51684.679,51679.552,51691.366,5,True
flask,pipeline,50,latency_p95_ms,54402.295,54399.193,54411.43,5,True
flask,pipeline,50,latency_mean_ms,29950.23942857143,29947.435857142857,29953.40861904762,5,True
flask,pipeline,50,inflight_at_stop,50,50,50,5,
flask,pipeline,50,censoring_fraction,0.704225352112676,0.704225352112676,0.704225352112676,5,
flask,pipeline,50,late_inflight,30,30,30,5,
flask,pipeline,50,max_inflight_age_ms,58678.151999999995,58553.820999999996,58687.061,5,
flask,pipeline,50,response_law_R_ms,138611.3631578969,138597.05526316058,138633.15000000608,5,
flask,pipeline,50,derived_queue_wait_ms,135839.13589473898,135825.11415789736,135860.48700000596,5,
flask,pipeline,50,pipeline_completion_pct,100.0,100.0,100.0,5,
flask,pipeline,50,stage1_p50_ms,0.001,0.001,0.001,5,
flask,pipeline,50,stage1_p95_ms,0.001,0.001,0.001,5,
flask,pipeline,50,stage2_p50_ms,50.593,50.538,50.637,5,
flask,pipeline,50,stage2_p95_ms,50.714,50.679,50.862,5,
flask,pipeline,50,stage3_p50_ms,2719.969,2719.852,2720.396,5,
flask,pipeline,50,stage3_p95_ms,2721.165,2720.718,2721.368,5,
flask,pipeline,50,stage4_p50_ms,0.002,0.002,0.002,5,
flask,pipeline,50,stage4_p95_ms,0.003,0.002,0.003,5,
flask,pipeline,50,e2e_server_p50_ms,2770.606,2770.489,2770.922,5,
flask,pipeline,50,e2e_server_p95_ms,2772.004,2771.523,2772.313,5,
flask,pipeline,50,e2e_client_p50_ms,29949.728,29944.622,29953.55,5,True
flask,pipeline,50,e2e_client_p95_ms,54402.295,54399.193,54411.43,5,True
flask,pipeline,50,cpu_mean_loaded_pct,0.18410041841004185,0.18410041841004185,0.20125523012552302,5,
flask,pipeline,50,cpu_max_loaded_pct,4.0,4.0,8.0,5,
flask,pipeline,50,cpu_ms_per_request,5.235567619044256,5.234838095230295,5.719155428580138,5,
flask,pipeline,50,idle_rss_mb,56.52,56.43,56.64,5,
flask,pipeline,50,peak_rss_mb,56.77,56.68,56.89,5,
flask,pipeline,50,rss_growth_mb,0.25,0.25,0.25,5,
flask,pipeline,50,idle_uss_mb,42.62,42.61,42.66,5,
flask,pipeline,50,peak_uss_mb,42.82,42.81,42.86,5,
flask,pipeline,50,uss_growth_mb,0.20000000000000284,0.20000000000000284,0.20000000000000284,5,
flask,pipeline,50,sim_cpu_mean_pct,0.06694560669456066,0.0502092050209205,0.08368200836820083,5,
flask,pipeline,50,sim_cpu_p95_pct,0.0,0.0,0.0,5,
flask,pipeline,50,sim_peak_uss_mb,16.86,16.86,16.86,5,
flask,pipeline,50,monitor_cpu_pct,0.53,0.498,0.581,5,
flask,pipeline,50,sim_monitor_cpu_pct,0.398,0.348,0.448,5,
flask,pipeline,50,clock_rate_ratio,1.0000012912405283,0.9999051626168066,1.0001428557976872,5,
flask,pipeline,50,clock_rate_uncertainty,0.0006000061548499322,0.0005933433958099649,0.0006221317421969559,5,
flask,pipeline,50,clock_rate_half_diff,0.00013949565661408592,4.62077867540156e-05,0.0005852341144528816,5,
flask,pipeline,50,clock_step_ms,0.003,0.001,0.065,5,
flask,pipeline,100,completions,21,21,21,5,
flask,pipeline,100,failures,0,0,0,5,
flask,pipeline,100,finished_loaded,21,21,21,5,
flask,pipeline,100,error_rate_pct,0.0,0.0,0.0,5,
flask,pipeline,100,locust_rps,0.36066173031501564,0.36053705936008046,0.3607034339886047,5,
flask,pipeline,100,throughput_fixed_window,0.3682078552186207,0.3681552514400638,0.36945125711353133,5,
flask,pipeline,100,throughput_completion_rate,0.36071528093588123,0.3605856024051999,0.3607657454216032,5,
flask,pipeline,100,ceiling_rps,0.3621220351258374,0.3621220351258374,0.3621220351258374,5,
flask,pipeline,100,share_of_ceiling,1.0168059921862211,1.016660726851736,1.0202396465190167,5,
flask,pipeline,100,share_of_ceiling_completion_rate,0.996115248304436,0.9957571410419594,0.9962546059817573,5,
flask,pipeline,100,closed_system_consistency,0.11397501257511465,0.11396318565233052,0.11399248037918999,5,
flask,pipeline,100,min_1s_completions,0,0,0,5,
flask,pipeline,100,min_1s_completion_ratio,0.0,0.0,0.0,5,
flask,pipeline,100,latency_p50_ms,30224.372,30220.807,30232.648,5,True
flask,pipeline,100,latency_p90_ms,52181.085,52176.048,52199.615,5,True
flask,pipeline,100,latency_p95_ms,54926.532,54921.087,54945.05,5,True
flask,pipeline,100,latency_mean_ms,30225.251047619047,30221.45319047619,30232.383857142857,5,True
flask,pipeline,100,inflight_at_stop,100,100,100,5,
flask,pipeline,100,censoring_fraction,0.8264462809917356,0.8264462809917356,0.8264462809917356,5,
flask,pipeline,100,late_inflight,80,80,80,5,
flask,pipeline,100,max_inflight_age_ms,59259.687999999995,59076.556,59267.136999999995,5,
flask,pipeline,100,response_law_R_ms,277226.9578947376,277188.178947357,277326.6578947522,5,
flask,pipeline,100,derived_queue_wait_ms,274454.6883157902,274416.2971578834,274553.3913158047,5,
flask,pipeline,100,pipeline_completion_pct,100.0,100.0,100.0,5,
flask,pipeline,100,stage1_p50_ms,0.001,0.001,0.001,5,
flask,pipeline,100,stage1_p95_ms,0.001,0.001,0.001,5,
flask,pipeline,100,stage2_p50_ms,50.584,50.557,50.599,5,
flask,pipeline,100,stage2_p95_ms,50.784,50.697,52.82,5,
flask,pipeline,100,stage3_p50_ms,2719.954,2719.771,2720.374,5,
flask,pipeline,100,stage3_p95_ms,2720.596,2720.315,2721.766,5,
flask,pipeline,100,stage4_p50_ms,0.002,0.002,0.002,5,
flask,pipeline,100,stage4_p95_ms,0.003,0.002,0.003,5,
flask,pipeline,100,e2e_server_p50_ms,2770.537,2770.347,2771.004,5,
flask,pipeline,100,e2e_server_p95_ms,2771.912,2771.194,2772.95,5,
flask,pipeline,100,e2e_client_p50_ms,30224.372,30220.807,30232.648,5,True
flask,pipeline,100,e2e_client_p95_ms,54926.532,54921.087,54945.05,5,True
flask,pipeline,100,cpu_mean_loaded_pct,0.18410041841004185,0.18361344537815125,0.2175732217573222,5,
flask,pipeline,100,cpu_max_loaded_pct,4.0,4.0,8.0,5,
flask,pipeline,100,cpu_ms_per_request,5.2410171428692545,5.230603142860284,6.186097142843731,5,
flask,pipeline,100,idle_rss_mb,56.43,56.32,56.47,5,
flask,pipeline,100,peak_rss_mb,56.61,56.44,56.72,5,
flask,pipeline,100,rss_growth_mb,0.25,0.11999999999999744,0.25,5,
flask,pipeline,100,idle_uss_mb,42.65,42.63,42.68,5,
flask,pipeline,100,peak_uss_mb,42.85,42.83,42.87,5,
flask,pipeline,100,uss_growth_mb,0.19000000000000483,0.18999999999999773,0.20000000000000284,5,
flask,pipeline,100,sim_cpu_mean_pct,0.06694560669456066,0.0502092050209205,0.08403361344537816,5,
flask,pipeline,100,sim_cpu_p95_pct,0.0,0.0,0.0,5,
flask,pipeline,100,sim_peak_uss_mb,16.86,16.86,16.86,5,
flask,pipeline,100,monitor_cpu_pct,0.547,0.514,0.564,5,
flask,pipeline,100,sim_monitor_cpu_pct,0.365,0.365,0.431,5,
flask,pipeline,100,clock_rate_ratio,1.0000029553021368,0.9999244377292642,1.0001189181307593,5,
flask,pipeline,100,clock_rate_uncertainty,0.0006099446198779964,0.0006000975985073223,0.0006137181472921384,5,
flask,pipeline,100,clock_rate_half_diff,0.00014331877040052454,3.858597253225682e-05,0.0003976430323000546,5,
flask,pipeline,100,clock_step_ms,0.003,0.001,0.027,5,
flask,stream,1,completions,21,21,21,5,
flask,stream,1,failures,0,0,0,5,
flask,stream,1,finished_loaded,21,21,21,5,
flask,stream,1,error_rate_pct,0.0,0.0,0.0,5,
flask,stream,1,locust_rps,0.3584563355204392,0.35838751272675995,0.35847232167420756,5,
flask,stream,1,throughput_fixed_window,0.3684290498950516,0.3684161666614682,0.36976225360253706,5,
flask,stream,1,throughput_completion_rate,0.35846118574734825,0.35842074161967985,0.35854268326097577,5,
flask,stream,1,ceiling_rps,0.3596604805064019,0.3596604805064019,0.3596604805064019,5,
flask,stream,1,share_of_ceiling,1.0243801303282016,1.0243443097855462,1.028086969916494,5,
flask,stream,1,share_of_ceiling_completion_rate,0.9966654808519272,0.9965530299993579,0.9968920765388171,5,
flask,stream,1,closed_system_consistency,0.999917452171814,0.9998839783773376,0.999926449652419,5,
flask,stream,1,min_1s_completions,0,0,0,5,
flask,stream,1,min_1s_completion_ratio,0.0,0.0,0.0,5,
flask,stream,1,latency_p50_ms,2789.519,2788.807,2789.598,5,False
flask,stream,1,latency_p90_ms,2790.447,2789.773,2791.223,5,False
flask,stream,1,latency_p95_ms,2791.278,2790.099,2793.234,5,False
flask,stream,1,latency_mean_ms,2789.469095238095,2789.332619047619,2789.9908571428573,5,False
flask,stream,1,inflight_at_stop,1,1,1,5,
flask,stream,1,censoring_fraction,0.045454545454545456,0.045454545454545456,0.045454545454545456,5,
flask,stream,1,late_inflight,0,0,0,5,
flask,stream,1,max_inflight_age_ms,1252.668,1066.3400000000001,1265.8,5,
flask,stream,1,response_law_R_ms,2789.702315789423,2789.0682105263345,2790.017105263121,5,
flask,stream,1,derived_queue_wait_ms,0.0,0.0,4.547473508864641e-13,5,
flask,stream,1,derived_ttft_ms,566.015,566.015,566.0150000000004,5,
flask,stream,1,stream_finished_loaded,21,21,21,5,
flask,stream,1,stream_csr_pct,100.0,100.0,100.0,5,
flask,stream,1,chunks_ok_pct,100.0,100.0,100.0,5,
flask,stream,1,ttft_p50_ms,566.015,565.937,566.344,5,False
flask,stream,1,ttft_p95_ms,567.728,566.91,569.533,5,False
flask,stream,1,tpot_p50_ms,202.029,202.004,202.095,5,
flask,stream,1,tpot_p95_ms,202.176,202.141,202.19,5,
flask,stream,1,token_count_p50,12.0,12.0,12.0,5,
flask,stream,1,cpu_mean_loaded_pct,0.48535564853556484,0.48493723849372383,0.48739495798319327,5,
flask,stream,1,cpu_max_loaded_pct,4.0,4.0,8.0,5,
flask,stream,1,cpu_ms_per_request,13.809184761907783,13.801668571437144,13.812757904761215,5,
flask,stream,1,idle_rss_mb,57.31,57.24,57.55,5,
flask,stream,1,peak_rss_mb,57.55,57.49,57.8,5,
flask,stream,1,rss_growth_mb,0.25,0.12000000000000455,0.25,5,
flask,stream,1,idle_uss_mb,43.64,43.63,43.68,5,
flask,stream,1,peak_uss_mb,43.82,43.8,43.84,5,
flask,stream,1,uss_growth_mb,0.1700000000000017,0.1600000000000037,0.17999999999999972,5,
flask,stream,1,sim_cpu_mean_pct,0.2510460251046025,0.23430962343096234,0.25252100840336134,5,
flask,stream,1,sim_cpu_p95_pct,4.0,4.0,4.0,5,
flask,stream,1,sim_peak_uss_mb,16.84,16.84,16.84,5,
flask,stream,1,monitor_cpu_pct,0.531,0.497,0.597,5,
flask,stream,1,sim_monitor_cpu_pct,0.381,0.332,0.415,5,
flask,stream,1,clock_rate_ratio,1.000035083820025,0.9999912922293072,1.0000899629506246,5,
flask,stream,1,clock_rate_uncertainty,0.0006143047567739494,0.0005957901697163108,0.000617950321375507,5,
flask,stream,1,clock_rate_half_diff,0.00017946917001110396,4.04234791983038e-05,0.0005314981301913768,5,
flask,stream,1,clock_step_ms,0.018,0.001,0.024,5,
flask,stream,5,completions,21,21,21,5,
flask,stream,5,failures,0,0,0,5,
flask,stream,5,finished_loaded,21,21,21,5,
flask,stream,5,error_rate_pct,0.0,0.0,0.0,5,
flask,stream,5,locust_rps,0.358709145805701,0.35867313069820467,0.3587393791888154,5,
flask,stream,5,throughput_fixed_window,0.36852627171081653,0.36841391822527797,0.36933533887478615,5,
flask,stream,5,throughput_completion_rate,0.3587398834880861,0.3587169096394743,0.35879937043928795,5,
flask,stream,5,ceiling_rps,0.3596604805064019,0.3596604805064019,0.3596604805064019,5,
flask,stream,5,share_of_ceiling,1.0246504458647543,1.024338058233563,1.0268999762074555,5,
flask,stream,5,share_of_ceiling_completion_rate,0.9974403720502747,0.9973764955615944,0.9976057695693963,5,
flask,stream,5,closed_system_consistency,0.9200536396400073,0.9200341884773356,0.9201566614360484,5,
flask,stream,5,min_1s_completions,0,0,0,5,
flask,stream,5,min_1s_completion_ratio,0.0,0.0,0.0,5,
flask,stream,5,latency_p50_ms,13935.869,13935.341,13936.608,5,False
flask,stream,5,latency_p90_ms,13939.947,13937.951,13941.94,5,False
flask,stream,5,latency_p95_ms,13940.039,13938.197,13942.624,5,False
flask,stream,5,latency_mean_ms,12345.641714285714,12345.116142857143,12346.782,5,False
flask,stream,5,inflight_at_stop,5,5,5,5,
flask,stream,5,censoring_fraction,0.19230769230769232,0.19230769230769232,0.19230769230769232,5,
flask,stream,5,late_inflight,0,0,0,5,
flask,stream,5,max_inflight_age_ms,12436.203000000001,12322.346,12457.198999999999,5,
flask,stream,5,response_law_R_ms,13937.675263157775,13935.364473684449,13938.567894736861,5,
flask,stream,5,derived_queue_wait_ms,11150.14021052622,11148.29157894756,11150.85431578949,5,
flask,stream,5,derived_ttft_ms,11716.15521052622,11714.306578947559,11716.869315789489,5,
flask,stream,5,stream_finished_loaded,21,21,21,5,
flask,stream,5,stream_csr_pct,100.0,100.0,100.0,5,
flask,stream,5,chunks_ok_pct,100.0,100.0,100.0,5,
flask,stream,5,ttft_p50_ms,11711.96,11710.603,11713.012,5,False
flask,stream,5,ttft_p95_ms,11716.669,11714.187,11718.136,5,False
flask,stream,5,tpot_p50_ms,202.057,202.028,202.134,5,
flask,stream,5,tpot_p95_ms,202.355,202.336,202.42,5,
flask,stream,5,token_count_p50,12.0,12.0,12.0,5,
flask,stream,5,cpu_mean_loaded_pct,0.48739495798319327,0.4686192468619247,0.502092050209205,5,
flask,stream,5,cpu_max_loaded_pct,4.0,4.0,8.0,5,
flask,stream,5,cpu_ms_per_request,13.812878095244134,13.330060952378389,14.282428571421493,5,
flask,stream,5,idle_rss_mb,57.55,57.4,57.64,5,
flask,stream,5,peak_rss_mb,57.65,57.55,57.77,5,
flask,stream,5,rss_growth_mb,0.13000000000000256,0.0,0.25,5,
flask,stream,5,idle_uss_mb,43.63,43.62,43.69,5,
flask,stream,5,peak_uss_mb,43.8,43.79,43.86,5,
flask,stream,5,uss_growth_mb,0.1700000000000017,0.1599999999999966,0.17999999999999972,5,
flask,stream,5,sim_cpu_mean_pct,0.2510460251046025,0.23430962343096234,0.25210084033613445,5,
flask,stream,5,sim_cpu_p95_pct,4.0,4.0,4.0,5,
flask,stream,5,sim_peak_uss_mb,16.85,16.85,16.85,5,
flask,stream,5,monitor_cpu_pct,0.564,0.498,0.58,5,
flask,stream,5,sim_monitor_cpu_pct,0.382,0.365,0.431,5,
flask,stream,5,clock_rate_ratio,1.0000159370076163,0.9998684973468794,1.0000565531144114,5,
flask,stream,5,clock_rate_uncertainty,0.000612110407754082,0.0006076743442865652,0.0006191252482699046,5,
flask,stream,5,clock_rate_half_diff,0.0003442735624867854,4.4669163261179534e-05,0.0005271212695476812,5,
flask,stream,5,clock_step_ms,0.003,0.002,0.02,5,
flask,stream,10,completions,21,21,21,5,
flask,stream,10,failures,0,0,0,5,
flask,stream,10,finished_loaded,21,21,21,5,
flask,stream,10,error_rate_pct,0.0,0.0,0.0,5,
flask,stream,10,locust_rps,0.3586922869253102,0.358664783809636,0.35872716922082176,5,
flask,stream,10,throughput_fixed_window,0.3684847221777512,0.3684300728274855,0.3685857201614762,5,
flask,stream,10,throughput_completion_rate,0.35872134569290565,0.3586782156521375,0.3587787804784451,5,
flask,stream,10,ceiling_rps,0.3596604805064019,0.3596604805064019,0.3596604805064019,5,
flask,stream,10,share_of_ceiling,1.0245349215430195,1.0243829744895407,1.0248157363369685,5,
flask,stream,10,share_of_ceiling_completion_rate,0.997388829564555,0.9972689107992031,0.9975485212422688,5,
flask,stream,10,closed_system_consistency,0.7976196736835212,0.7975769649391193,0.7976373637463864,5,
flask,stream,10,min_1s_completions,0,0,0,5,
flask,stream,10,min_1s_completion_ratio,0.0,0.0,0.0,5,
flask,stream,10,latency_p50_ms,27874.887,27869.704,27877.264,5,False
flask,stream,10,latency_p90_ms,27877.989,27874.737,27883.672,5,False
flask,stream,10,latency_p95_ms,27878.129,27876.026,27883.926,5,False
flask,stream,10,latency_mean_ms,21308.364857142857,21305.898666666668,21311.31557142857,5,False
flask,stream,10,inflight_at_stop,10,10,10,5,
flask,stream,10,censoring_fraction,0.3225806451612903,0.3225806451612903,0.3225806451612903,5,
flask,stream,10,late_inflight,0,0,0,5,
flask,stream,10,max_inflight_age_ms,26374.600000000002,26366.529,26386.604,5,
flask,stream,10,response_law_R_ms,27876.791052631714,27872.32842105272,27880.1431578952,5,
flask,stream,10,derived_queue_wait_ms,25089.111947368543,25085.095578947446,25092.12884210568,5,
flask,stream,10,derived_ttft_ms,25655.126947368542,25651.110578947446,25658.14384210568,5,
flask,stream,10,stream_finished_loaded,21,21,21,5,
flask,stream,10,stream_csr_pct,100.0,100.0,100.0,5,
flask,stream,10,chunks_ok_pct,100.0,100.0,100.0,5,
flask,stream,10,ttft_p50_ms,25649.316,25644.111,25652.216,5,False
flask,stream,10,ttft_p95_ms,25655.916,25651.31,25658.582,5,False
flask,stream,10,tpot_p50_ms,202.212,202.1,202.274,5,
flask,stream,10,tpot_p95_ms,202.371,202.338,202.42,5,
flask,stream,10,token_count_p50,12.0,12.0,12.0,5,
flask,stream,10,cpu_mean_loaded_pct,0.48535564853556484,0.48535564853556484,0.48535564853556484,5,
flask,stream,10,cpu_max_loaded_pct,4.0,4.0,8.0,5,
flask,stream,10,cpu_ms_per_request,13.808186666685199,13.807234285715301,13.812297142843207,5,
flask,stream,10,idle_rss_mb,57.44,57.27,57.65,5,
flask,stream,10,peak_rss_mb,57.69,57.52,57.77,5,
flask,stream,10,rss_growth_mb,0.12999999999999545,0.12000000000000455,0.25,5,
flask,stream,10,idle_uss_mb,43.64,43.64,43.67,5,
flask,stream,10,peak_uss_mb,43.81,43.81,43.84,5,
flask,stream,10,uss_growth_mb,0.1700000000000017,0.1700000000000017,0.1700000000000017,5,
flask,stream,10,sim_cpu_mean_pct,0.2510460251046025,0.2175732217573222,0.2510460251046025,5,
flask,stream,10,sim_cpu_p95_pct,4.0,4.0,4.0,5,
flask,stream,10,sim_peak_uss_mb,16.85,16.85,16.85,5,
flask,stream,10,monitor_cpu_pct,0.597,0.564,0.614,5,
flask,stream,10,sim_monitor_cpu_pct,0.365,0.365,0.382,5,
flask,stream,10,clock_rate_ratio,1.000058996148485,0.9999915619370334,1.000177465091125,5,
flask,stream,10,clock_rate_uncertainty,0.0006211096534042815,0.0006111956958327118,0.0006230456291618802,5,
flask,stream,10,clock_rate_half_diff,0.00034388003679775014,0.00015232091954175964,0.0007273782986145783,5,
flask,stream,10,clock_step_ms,0.01,0.001,0.017,5,
flask,stream,25,completions,21,21,21,5,
flask,stream,25,failures,0,0,0,5,
flask,stream,25,finished_loaded,21,21,21,5,
flask,stream,25,error_rate_pct,0.0,0.0,0.0,5,
flask,stream,25,locust_rps,0.35867537266709626,0.35865588527127107,0.35870292269158605,5,
flask,stream,25,throughput_fixed_window,0.36844547973108405,0.3684211258446084,0.369171878900838,5,
flask,stream,25,throughput_completion_rate,0.3587268993801002,0.35871132917235254,0.3587375060459061,5,
flask,stream,25,ceiling_rps,0.3596604805064019,0.3596604805064019,0.3596604805064019,5,
flask,stream,25,share_of_ceiling,1.0244258118443061,1.0243580982983493,1.02644549209589,5,
flask,stream,25,share_of_ceiling_completion_rate,0.9974042710364307,0.997360979630809,0.9974337618100374,5,
flask,stream,25,closed_system_consistency,0.44335027863544696,0.4432470991764219,0.4434075257502242,5,
flask,stream,25,min_1s_completions,0,0,0,5,
flask,stream,25,min_1s_completion_ratio,0.0,0.0,0.0,5,
flask,stream,25,latency_p50_ms,29556.974,29550.738,29564.453,5,True
flask,stream,25,latency_p90_ms,50970.134,50962.689,50971.918,5,True
flask,stream,25,latency_p95_ms,53645.895,53639.292,53649.478,5,True
flask,stream,25,latency_mean_ms,29559.354571428572,29552.54280952381,29562.54433333333,5,True
flask,stream,25,inflight_at_stop,25,25,25,5,
flask,stream,25,censoring_fraction,0.5434782608695652,0.5434782608695652,0.5434782608695652,5,
flask,stream,25,late_inflight,6,6,6,5,
flask,stream,25,max_inflight_age_ms,57506.166,57399.924,57509.793000000005,5,
flask,stream,25,response_law_R_ms,69690.89868421179,69688.83815789492,69693.92368421146,5,
flask,stream,25,derived_queue_wait_ms,66903.26273684332,66901.28463157912,66906.166736843,5,
flask,stream,25,derived_ttft_ms,67469.27773684332,67467.29963157912,67472.181736843,5,
flask,stream,25,stream_finished_loaded,21,21,21,5,
flask,stream,25,stream_csr_pct,100.0,100.0,100.0,5,
flask,stream,25,chunks_ok_pct,100.0,100.0,100.0,5,
flask,stream,25,ttft_p50_ms,27333.55,27327.95,27338.25,5,True
flask,stream,25,ttft_p95_ms,51422.939,51414.877,51424.272,5,True
flask,stream,25,tpot_p50_ms,202.109,202.06,202.192,5,
flask,stream,25,tpot_p95_ms,202.366,202.311,202.42,5,
flask,stream,25,token_count_p50,12.0,12.0,12.0,5,
flask,stream,25,cpu_mean_loaded_pct,0.48535564853556484,0.48535564853556484,0.5200836820083682,5,
flask,stream,25,cpu_max_loaded_pct,8.0,4.0,8.0,5,
flask,stream,25,cpu_ms_per_request,13.823388571427564,13.783072380950516,14.755110333331604,5,
flask,stream,25,idle_rss_mb,57.44,57.3,57.56,5,
flask,stream,25,peak_rss_mb,57.64,57.43,57.68,5,
flask,stream,25,rss_growth_mb,0.13000000000000256,0.11999999999999744,0.25,5,
flask,stream,25,idle_uss_mb,43.63,43.62,43.64,5,
flask,stream,25,peak_uss_mb,43.8,43.79,43.83,5,
flask,stream,25,uss_growth_mb,0.17999999999999972,0.1699999999999946,0.18999999999999773,5,
flask,stream,25,sim_cpu_mean_pct,0.2510460251046025,0.23430962343096234,0.26778242677824265,5,
flask,stream,25,sim_cpu_p95_pct,4.0,4.0,4.0,5,
flask,stream,25,sim_peak_uss_mb,16.85,16.85,16.85,5,
flask,stream,25,monitor_cpu_pct,0.581,0.531,0.598,5,
flask,stream,25,sim_monitor_cpu_pct,0.382,0.332,0.431,5,
flask,stream,25,clock_rate_ratio,1.0000500237284142,1.00001285190188,1.0001568551094318,5,
flask,stream,25,clock_rate_uncertainty,0.000610497613462915,0.0006063790996470221,0.000621235682368288,5,
flask,stream,25,clock_rate_half_diff,0.0003277417514626624,5.270900846277016e-05,0.0004542144214925159,5,
flask,stream,25,clock_step_ms,0.003,0.001,0.055,5,
flask,stream,50,completions,21,21,21,5,
flask,stream,50,failures,0,0,0,5,
flask,stream,50,finished_loaded,21,21,21,5,
flask,stream,50,error_rate_pct,0.0,0.0,0.0,5,
flask,stream,50,locust_rps,0.3586753989574515,0.35864734787977776,0.3587570154907533,5,
flask,stream,50,throughput_fixed_window,0.3685040409693018,0.3684416023194137,0.369604911862868,5,
flask,stream,50,throughput_completion_rate,0.35873418038906163,0.3587025660222251,0.35879599620680647,5,
flask,stream,50,ceiling_rps,0.3596604805064019,0.3596604805064019,0.3596604805064019,5,
flask,stream,50,share_of_ceiling,1.0245886355110467,1.024415031088898,1.0276494969435181,5,
flask,stream,50,share_of_ceiling_completion_rate,0.9974245151537471,0.9973366145681948,0.9975963878534048,5,
flask,stream,50,closed_system_consistency,0.22585005830419622,0.22583587639607805,0.22585510735815548,5,
flask,stream,50,min_1s_completions,0,0,0,5,
flask,stream,50,min_1s_completion_ratio,0.0,0.0,0.0,5,
flask,stream,50,latency_p50_ms,30112.334,30107.395,30115.288,5,True
flask,stream,50,latency_p90_ms,51970.401,51958.359,51974.022,5,True
flask,stream,50,latency_p95_ms,54703.885,54690.87,54705.642,5,True
flask,stream,50,latency_mean_ms,30113.26480952381,30106.57480952381,30115.18238095238,5,True
flask,stream,50,inflight_at_stop,50,50,50,5,
flask,stream,50,censoring_fraction,0.704225352112676,0.704225352112676,0.704225352112676,5,
flask,stream,50,late_inflight,30,30,30,5,
flask,stream,50,max_inflight_age_ms,58665.740999999995,58504.31,58675.202,5,
flask,stream,50,response_law_R_ms,139378.96842105483,139354.95526315877,139391.25263158005,5,
flask,stream,50,derived_queue_wait_ms,136591.38905263372,136567.85615789559,136603.42757894844,5,
flask,stream,50,derived_ttft_ms,137157.40405263373,137133.8711578956,137169.44257894845,5,
flask,stream,50,stream_finished_loaded,21,21,21,5,
flask,stream,50,stream_csr_pct,100.0,100.0,100.0,5,
flask,stream,50,chunks_ok_pct,100.0,100.0,100.0,5,
flask,stream,50,ttft_p50_ms,27887.546,27883.358,27890.061,5,True
flask,stream,50,ttft_p95_ms,52477.965,52467.324,52480.139,5,True
flask,stream,50,tpot_p50_ms,202.197,202.052,202.243,5,
flask,stream,50,tpot_p95_ms,202.343,202.334,202.354,5,
flask,stream,50,token_count_p50,12.0,12.0,12.0,5,
flask,stream,50,cpu_mean_loaded_pct,0.48535564853556484,0.48535564853556484,0.48739495798319327,5,
flask,stream,50,cpu_max_loaded_pct,4.0,4.0,8.0,5,
flask,stream,50,cpu_ms_per_request,13.807563809522046,13.80128380951993,13.815222857152722,5,
flask,stream,50,idle_rss_mb,57.64,57.43,57.65,5,
flask,stream,50,peak_rss_mb,57.68,57.52,57.77,5,
flask,stream,50,rss_growth_mb,0.12000000000000455,0.0,0.25,5,
flask,stream,50,idle_uss_mb,43.65,43.64,43.66,5,
flask,stream,50,peak_uss_mb,43.82,43.8,43.84,5,
flask,stream,50,uss_growth_mb,0.1700000000000017,0.1599999999999966,0.18000000000000682,5,
flask,stream,50,sim_cpu_mean_pct,0.2510460251046025,0.23430962343096234,0.25210084033613445,5,
flask,stream,50,sim_cpu_p95_pct,4.0,4.0,4.0,5,
flask,stream,50,sim_peak_uss_mb,16.86,16.85,16.86,5,
flask,stream,50,monitor_cpu_pct,0.597,0.481,0.613,5,
flask,stream,50,sim_monitor_cpu_pct,0.398,0.365,0.464,5,
flask,stream,50,clock_rate_ratio,1.0000539253027005,1.0000125865465013,1.0000593006663956,5,
flask,stream,50,clock_rate_uncertainty,0.0006109662909227222,0.0006076199424534894,0.0006160002254840431,5,
flask,stream,50,clock_rate_half_diff,0.00016552900246047386,4.721548365471673e-05,0.0005000610212286816,5,
flask,stream,50,clock_step_ms,0.003,0.001,0.049,5,
flask,stream,100,completions,21,21,21,5,
flask,stream,100,failures,0,0,0,5,
flask,stream,100,finished_loaded,21,21,21,5,
flask,stream,100,error_rate_pct,0.0,0.0,0.0,5,
flask,stream,100,locust_rps,0.3586520225112938,0.35859940379770583,0.35869810650008227,5,
flask,stream,100,throughput_fixed_window,0.36912807893953387,0.3683940636559126,0.369524776163604,5,
flask,stream,100,throughput_completion_rate,0.35872929700065553,0.35870198363329403,0.3587510599205698,5,
flask,stream,100,ceiling_rps,0.3596604805064019,0.3596604805064019,0.3596604805064019,5,
flask,stream,100,share_of_ceiling,1.02632371068348,1.0242828545888996,1.0274266876452847,5,
flask,stream,100,share_of_ceiling_completion_rate,0.9974109373806227,0.9973349952940108,0.9974714470031524,5,
flask,stream,100,closed_system_consistency,0.11397556173554428,0.11396238459261758,0.11400666270999407,5,
flask,stream,100,min_1s_completions,0,0,0,5,
flask,stream,100,min_1s_completion_ratio,0.0,0.0,0.0,5,
flask,stream,100,latency_p50_ms,30391.967,30386.463,30401.52,5,True
flask,stream,100,latency_p90_ms,52473.222,52463.581,52482.875,5,True
flask,stream,100,latency_p95_ms,55231.754,55223.878,55240.116,5,True
flask,stream,100,latency_mean_ms,30393.122571428572,30386.658476190474,30402.943523809525,5,True
flask,stream,100,inflight_at_stop,100,100,100,5,
flask,stream,100,censoring_fraction,0.8264462809917356,0.8264462809917356,0.8264462809917356,5,
flask,stream,100,late_inflight,80,80,80,5,
flask,stream,100,max_inflight_age_ms,59157.473000000005,59099.155000000006,59265.188,5,
flask,stream,100,response_law_R_ms,278761.73157894396,278744.8210526284,278782.95789473905,5,
flask,stream,100,derived_queue_wait_ms,275974.1142631545,275957.37284210214,275995.12831579166,5,
flask,stream,100,derived_ttft_ms,276540.1292631545,276523.38784210215,276561.1433157917,5,
flask,stream,100,stream_finished_loaded,21,21,21,5,
flask,stream,100,stream_csr_pct,100.0,100.0,100.0,5,
flask,stream,100,chunks_ok_pct,100.0,100.0,100.0,5,
flask,stream,100,ttft_p50_ms,28168.024,28160.126,28177.375,5,True
flask,stream,100,ttft_p95_ms,53008.956,53000.468,53016.022,5,True
flask,stream,100,tpot_p50_ms,202.203,202.014,202.305,5,
flask,stream,100,tpot_p95_ms,202.409,202.367,202.454,5,
flask,stream,100,token_count_p50,12.0,12.0,12.0,5,
flask,stream,100,cpu_mean_loaded_pct,0.48535564853556484,0.48535564853556484,0.502092050209205,5,
flask,stream,100,cpu_max_loaded_pct,4.0,4.0,8.0,5,
flask,stream,100,cpu_ms_per_request,13.811285714293172,13.800836190476687,14.285638095250416,5,
flask,stream,100,idle_rss_mb,57.44,57.38,57.55,5,
flask,stream,100,peak_rss_mb,57.64,57.5,57.69,5,
flask,stream,100,rss_growth_mb,0.11999999999999744,0.0,0.25,5,
flask,stream,100,idle_uss_mb,43.64,43.62,43.65,5,
flask,stream,100,peak_uss_mb,43.81,43.79,43.82,5,
flask,stream,100,uss_growth_mb,0.1700000000000017,0.1700000000000017,0.17999999999999972,5,
flask,stream,100,sim_cpu_mean_pct,0.2510460251046025,0.23430962343096234,0.2514644351464435,5,
flask,stream,100,sim_cpu_p95_pct,4.0,4.0,4.0,5,
flask,stream,100,sim_peak_uss_mb,16.86,16.86,16.86,5,
flask,stream,100,monitor_cpu_pct,0.58,0.514,0.581,5,
flask,stream,100,sim_monitor_cpu_pct,0.365,0.364,0.381,5,
flask,stream,100,clock_rate_ratio,1.0000192640439711,0.9998718065481095,1.0000759754580706,5,
flask,stream,100,clock_rate_uncertainty,0.0006106714066785458,0.0005950277730574138,0.0006127538777470804,5,
flask,stream,100,clock_rate_half_diff,0.00022847852578844474,9.382481216557714e-05,0.0006699517264685539,5,
flask,stream,100,clock_step_ms,0.003,0.003,0.079,5,
flask_mw,inference,1,completions,20,20,20,5,
flask_mw,inference,1,failures,0,0,0,5,
flask_mw,inference,1,finished_loaded,20,20,20,5,
flask_mw,inference,1,error_rate_pct,0.0,0.0,0.0,5,
flask_mw,inference,1,locust_rps,0.3458883761474076,0.34531668408980315,0.3459398512761105,5,
flask_mw,inference,1,throughput_fixed_window,0.35135573468507086,0.3512721705207643,0.352510842684439,5,
flask_mw,inference,1,throughput_completion_rate,0.34612748721443515,0.3454216518926947,0.3461538594674562,5,
flask_mw,inference,1,ceiling_rps,0.34746351633078526,0.34746351633078526,0.34746351633078526,5,
flask_mw,inference,1,share_of_ceiling,1.011201804423634,1.0109613067587597,1.0145262052458155,5,
flask_mw,inference,1,share_of_ceiling_completion_rate,0.9961549082031443,0.9941235141471754,0.996230807547339,5,
flask_mw,inference,1,closed_system_consistency,0.999929993185539,0.9998200625894942,0.9999718852041339,5,
flask_mw,inference,1,min_1s_completions,0,0,0,5,
flask_mw,inference,1,min_1s_completion_ratio,0.0,0.0,0.0,5,
flask_mw,inference,1,latency_p50_ms,2888.7799999999997,2886.6530000000002,2889.3045,5,False
flask_mw,inference,1,latency_p90_ms,2890.9582,2890.5052,2919.7295,5,False
flask_mw,inference,1,latency_p95_ms,2894.77295,2892.7574,2927.0786,5,False
flask_mw,inference,1,latency_mean_ms,2890.9071,2890.48175,2895.7139,5,False
flask_mw,inference,1,inflight_at_stop,1,1,1,5,
flask_mw,inference,1,censoring_fraction,0.047619047619047616,0.047619047619047616,0.047619047619047616,5,
flask_mw,inference,1,late_inflight,0,0,0,5,
flask_mw,inference,1,max_inflight_age_ms,2009.0829999999999,1834.174,2019.075,5,
flask_mw,inference,1,response_law_R_ms,2889.1088888888894,2888.8887777777772,2895.0125000000003,5,
flask_mw,inference,1,derived_queue_wait_ms,0.0,0.0,0.0,5,
flask_mw,inference,1,cpu_mean_loaded_pct,0.26778242677824265,0.23430962343096234,0.38535564853556487,5,
flask_mw,inference,1,cpu_max_loaded_pct,16.0,11.9,16.1,5,
flask_mw,inference,1,cpu_ms_per_request,8.009550000000331,6.996538549999501,11.493364350000627,5,
flask_mw,inference,1,idle_rss_mb,966.14,959.74,967.28,5,
flask_mw,inference,1,peak_rss_mb,967.71,962.87,971.52,5,
flask_mw,inference,1,rss_growth_mb,1.75,1.5,5.3799999999999955,5,
flask_mw,inference,1,idle_uss_mb,658.75,657.68,659.22,5,
flask_mw,inference,1,peak_uss_mb,660.9,660.34,665.47,5,
flask_mw,inference,1,uss_growth_mb,1.8199999999999363,1.7100000000000364,6.310000000000059,5,
flask_mw,inference,1,sim_cpu_mean_pct,0.0497907949790795,0.03347280334728033,0.0502092050209205,5,
flask_mw,inference,1,sim_cpu_p95_pct,0.0,0.0,0.0,5,
flask_mw,inference,1,sim_peak_uss_mb,16.86,16.84,16.86,5,
flask_mw,inference,1,monitor_cpu_pct,5.442,4.983,5.736,5,
flask_mw,inference,1,sim_monitor_cpu_pct,0.415,0.281,0.448,5,
flask_mw,inference,1,clock_rate_ratio,1.0000125588908393,0.9998121412090633,1.0002114497827377,5,
flask_mw,inference,1,clock_rate_uncertainty,0.0006192979605959873,0.0005992507729576722,0.0007407735083965324,5,
flask_mw,inference,1,clock_rate_half_diff,0.00032774514107658526,1.1358975944286698e-06,0.0007955961984245086,5,
flask_mw,inference,1,clock_step_ms,0.002,0.001,0.206,5,
flask_mw,inference,5,completions,99,99,99,5,
flask_mw,inference,5,failures,0,0,0,5,
flask_mw,inference,5,finished_loaded,99,99,99,5,
flask_mw,inference,5,error_rate_pct,0.0,0.0,0.0,5,
flask_mw,inference,5,locust_rps,1.6615335764132964,1.6603358505801193,1.6637673725290942,5,
flask_mw,inference,5,throughput_fixed_window,1.737957324938855,1.7378660402650696,1.7383035143454932,5,
flask_mw,inference,5,throughput_completion_rate,1.731037853051451,1.727632174403616,1.734103658227786,5,
flask_mw,inference,5,ceiling_rps,1.7373175816539264,1.7373175816539264,1.7373175816539264,5,
flask_mw,inference,5,share_of_ceiling,1.000368236234805,1.0003156927765742,1.0005675028572658,5,
flask_mw,inference,5,share_of_ceiling_completion_rate,0.9963853882164152,0.9944250795867214,0.9981500656759136,5,
flask_mw,inference,5,closed_system_consistency,1.0003459189312232,0.9985634607247273,1.0021988029325748,5,
flask_mw,inference,5,min_1s_completions,1,1,1,5,
flask_mw,inference,5,min_1s_completion_ratio,0.5776881182795702,0.5766667956989243,0.5788269139784937,5,
flask_mw,inference,5,latency_p50_ms,2887.143,2886.934,2887.641,5,False
flask_mw,inference,5,latency_p90_ms,2896.9716000000003,2889.0824000000002,2915.3754,5,False
flask_mw,inference,5,latency_p95_ms,2922.6188,2916.928,2924.5472999999997,5,False
flask_mw,inference,5,latency_mean_ms,2890.9557373737375,2889.450898989899,2891.540525252525,5,False
flask_mw,inference,5,inflight_at_stop,5,5,5,5,
flask_mw,inference,5,censoring_fraction,0.04807692307692308,0.04807692307692308,0.04807692307692308,5,
flask_mw,inference,5,late_inflight,0,0,0,5,
flask_mw,inference,5,max_inflight_age_ms,2594.637,2553.919,2671.826,5,
flask_mw,inference,5,response_law_R_ms,2888.440591397851,2883.3339784946215,2894.134569892469,5,
flask_mw,inference,5,derived_queue_wait_ms,0.0,0.0,0.0,5,
flask_mw,inference,5,cpu_mean_loaded_pct,1.4238493723849373,1.205439330543933,1.492050209205021,5,
flask_mw,inference,5,cpu_max_loaded_pct,16.2,16.0,20.0,5,
flask_mw,inference,5,cpu_ms_per_request,8.592144797979312,7.268142484848468,9.0013230202019,5,
flask_mw,inference,5,idle_rss_mb,966.38,964.52,968.12,5,
flask_mw,inference,5,peak_rss_mb,980.14,976.5,982.06,5,
flask_mw,inference,5,rss_growth_mb,14.25,10.120000000000005,15.620000000000005,5,
flask_mw,inference,5,idle_uss_mb,658.89,657.52,660.33,5,
flask_mw,inference,5,peak_uss_mb,675.39,669.36,677.02,5,
flask_mw,inference,5,uss_growth_mb,16.470000000000027,11.840000000000032,18.129999999999995,5,
flask_mw,inference,5,sim_cpu_mean_pct,0.2510460251046025,0.23430962343096234,0.2514644351464435,5,
flask_mw,inference,5,sim_cpu_p95_pct,4.0,4.0,4.0,5,
flask_mw,inference,5,sim_peak_uss_mb,17.02,16.95,17.02,5,
flask_mw,inference,5,monitor_cpu_pct,5.311,5.245,5.427,5,
flask_mw,inference,5,sim_monitor_cpu_pct,0.432,0.415,0.481,5,
flask_mw,inference,5,clock_rate_ratio,0.9999750932269423,0.9999062088134749,1.0000269375223394,5,
flask_mw,inference,5,clock_rate_uncertainty,0.0006018501217290513,0.0005934205494510385,0.0006176276186589039,5,
flask_mw,inference,5,clock_rate_half_diff,0.00013686708854521168,2.8820010296914944e-05,0.0008397725290824054,5,
flask_mw,inference,5,clock_step_ms,0.001,0.001,0.001,5,
flask_mw,inference,10,completions,198,197,198,5,
flask_mw,inference,10,failures,0,0,0,5,
flask_mw,inference,10,finished_loaded,198,197,198,5,
flask_mw,inference,10,error_rate_pct,0.0,0.0,0.0,5,
flask_mw,inference,10,locust_rps,3.3071658108311057,3.304394954606375,3.309477845235838,5,
flask_mw,inference,10,throughput_fixed_window,3.4754714547610117,3.457408102804304,3.476647267516445,5,
flask_mw,inference,10,throughput_completion_rate,3.464231256517439,3.461279144738023,3.4668462159299303,5,
flask_mw,inference,10,ceiling_rps,3.4746351633078527,3.4746351633078527,3.4746351633078527,5,
flask_mw,inference,10,share_of_ceiling,1.0002406846802192,0.9950420519870787,1.0005790835912327,5,
flask_mw,inference,10,share_of_ceiling_completion_rate,0.9970057556257189,0.9961561378556031,0.9977583409446339,5,
flask_mw,inference,10,closed_system_consistency,1.0005482563965193,0.9997062996872558,1.0012782446602047,5,
flask_mw,inference,10,min_1s_completions,3,3,3,5,
flask_mw,inference,10,min_1s_completion_ratio,0.8659929946524048,0.8653397967914462,0.8667315967741931,5,
flask_mw,inference,10,latency_p50_ms,2886.982,2886.915,2887.006,5,False
flask_mw,inference,10,latency_p90_ms,2889.8342,2888.9667999999997,2890.3617,5,False
flask_mw,inference,10,latency_p95_ms,2922.1876,2918.7192,2923.1811500000003,5,False
flask_mw,inference,10,latency_p99_ms,2927.0956,2923.0202799999997,2928.0519,5,False
flask_mw,inference,10,latency_mean_ms,2889.747086294416,2889.4080659898477,2890.173914141414,5,False
flask_mw,inference,10,inflight_at_stop,10,10,10,5,
flask_mw,inference,10,censoring_fraction,0.04807692307692308,0.04807692307692308,0.04830917874396135,5,
flask_mw,inference,10,late_inflight,0,0,0,5,
flask_mw,inference,10,max_inflight_age_ms,2691.6699999999996,2626.357,2888.3070000000002,5,
flask_mw,inference,10,response_law_R_ms,2886.643315508016,2884.4659893048206,2889.105322580643,5,
flask_mw,inference,10,derived_queue_wait_ms,0.0,0.0,0.0,5,
flask_mw,inference,10,cpu_mean_loaded_pct,2.4920502092050207,2.325941422594142,2.5267782426778242,5,
flask_mw,inference,10,cpu_max_loaded_pct,20.0,16.0,20.0,5,
flask_mw,inference,10,cpu_ms_per_request,7.526656722222243,7.01452808080797,7.622676146464667,5,
flask_mw,inference,10,idle_rss_mb,965.19,964.34,968.54,5,
flask_mw,inference,10,peak_rss_mb,987.97,985.69,988.94,5,
flask_mw,inference,10,rss_growth_mb,22.129999999999995,20.0,23.120000000000005,5,
flask_mw,inference,10,idle_uss_mb,659.13,657.16,660.45,5,
flask_mw,inference,10,peak_uss_mb,684.25,682.14,684.39,5,
flask_mw,inference,10,uss_growth_mb,24.980000000000018,23.75,26.879999999999995,5,
flask_mw,inference,10,sim_cpu_mean_pct,0.502092050209205,0.48535564853556484,0.502092050209205,5,
flask_mw,inference,10,sim_cpu_p95_pct,4.0,4.0,4.0,5,
flask_mw,inference,10,sim_peak_uss_mb,17.15,17.11,17.15,5,
flask_mw,inference,10,monitor_cpu_pct,5.408,5.325,5.459,5,
flask_mw,inference,10,sim_monitor_cpu_pct,0.448,0.431,0.448,5,
flask_mw,inference,10,clock_rate_ratio,1.000042845446046,0.9999999205450719,1.0001716485158876,5,
flask_mw,inference,10,clock_rate_uncertainty,0.000615032359801979,0.0006103542558613275,0.0006212664028097359,5,
flask_mw,inference,10,clock_rate_half_diff,0.0003015782806201628,0.000214424142807923,0.0005721963308419342,5,
flask_mw,inference,10,clock_step_ms,0.001,0.001,0.085,5,
flask_mw,inference,25,completions,340,340,340,5,
flask_mw,inference,25,failures,0,0,0,5,
flask_mw,inference,25,finished_loaded,340,340,340,5,
flask_mw,inference,25,error_rate_pct,0.0,0.0,0.0,5,
flask_mw,inference,25,locust_rps,5.6785087020387826,5.677256605028027,5.678819471535796,5,
flask_mw,inference,25,throughput_fixed_window,5.971897975908255,5.971488578295053,5.972533256851112,5,
flask_mw,inference,25,throughput_completion_rate,5.9848967228006735,5.982969792357129,5.985154363636635,5,
flask_mw,inference,25,ceiling_rps,5.90687977762335,5.90687977762335,5.90687977762335,5,
flask_mw,inference,25,share_of_ceiling,1.0110071985096445,1.0109378899019505,1.0111147478363236,5,
flask_mw,inference,25,share_of_ceiling_completion_rate,1.013207809895314,1.012881591906107,1.013251426973308,5,
flask_mw,inference,25,closed_system_consistency,1.0103849909243845,1.0100901434372325,1.010490123997829,5,
flask_mw,inference,25,min_1s_completions,1,0,1,5,
flask_mw,inference,25,min_1s_completion_ratio,0.16708006832298153,0.0,0.16714107453416155,5,
flask_mw,inference,25,latency_p50_ms,3823.0175,3818.522,3830.3265,5,False
flask_mw,inference,25,latency_p90_ms,4736.7516000000005,4733.0653999999995,4747.6294,5,False
flask_mw,inference,25,latency_p95_ms,4739.50065,4735.4245,4756.5805,5,False
flask_mw,inference,25,latency_p99_ms,4746.57931,4740.00452,4760.61715,5,False
flask_mw,inference,25,latency_mean_ms,4155.7297,4155.53169117647,4155.905458823529,5,False
flask_mw,inference,25,inflight_at_stop,25,25,25,5,
flask_mw,inference,25,censoring_fraction,0.0684931506849315,0.0684931506849315,0.0684931506849315,5,
flask_mw,inference,25,late_inflight,0,0,0,5,
flask_mw,inference,25,max_inflight_age_ms,3955.177,3940.9719999999998,3957.6259999999997,5,
flask_mw,inference,25,response_law_R_ms,4177.181521739122,4177.001708074538,4178.526863354039,5,
flask_mw,inference,25,derived_queue_wait_ms,1336.6980869565195,1336.6405465838525,1337.1285962732927,5,
flask_mw,inference,25,cpu_mean_loaded_pct,3.4497907949790796,3.2430962343096232,3.5133891213389123,5,
flask_mw,inference,25,cpu_max_loaded_pct,36.1,28.5,36.9,5,
flask_mw,inference,25,cpu_ms_per_request,6.054979135293902,5.701779432352995,6.17710288529408,5,
flask_mw,inference,25,idle_rss_mb,964.29,964.23,967.11,5,
flask_mw,inference,25,peak_rss_mb,988.73,988.48,989.24,5,
flask_mw,inference,25,rss_growth_mb,24.25,22.120000000000005,25.0,5,
flask_mw,inference,25,idle_uss_mb,657.61,657.45,660.46,5,
flask_mw,inference,25,peak_uss_mb,685.44,685.35,685.57,5,
flask_mw,inference,25,uss_growth_mb,27.879999999999995,24.980000000000018,27.899999999999977,5,
flask_mw,inference,25,sim_cpu_mean_pct,0.8539748953974895,0.8368200836820083,0.8707112970711297,5,
flask_mw,inference,25,sim_cpu_p95_pct,4.0,4.0,4.0,5,
flask_mw,inference,25,sim_peak_uss_mb,17.24,17.22,17.24,5,
flask_mw,inference,25,monitor_cpu_pct,5.592,5.44,5.805,5,
flask_mw,inference,25,sim_monitor_cpu_pct,0.448,0.398,0.465,5,
flask_mw,inference,25,clock_rate_ratio,0.9999984193863624,0.9998164682112397,1.0000166068598701,5,
flask_mw,inference,25,clock_rate_uncertainty,0.0006173278717985605,0.0006075245287153477,0.0006273221280539043,5,
flask_mw,inference,25,clock_rate_half_diff,0.00014588427989126185,1.1650657410267051e-05,0.0004747473357372689,5,
flask_mw,inference,25,clock_step_ms,0.002,0.001,0.048,5,
flask_mw,inference,50,completions,340,340,340,5,
flask_mw,inference,50,failures,0,0,0,5,
flask_mw,inference,50,finished_loaded,340,340,340,5,
flask_mw,inference,50,error_rate_pct,0.0,0.0,0.0,5,
flask_mw,inference,50,locust_rps,5.79711524946586,5.796759755267287,5.797619958333064,5,
flask_mw,inference,50,throughput_fixed_window,5.971670095635564,5.971119793985644,5.972398284121846,5,
flask_mw,inference,50,throughput_completion_rate,6.090614805195084,6.090051971973934,6.09126174263318,5,
flask_mw,inference,50,ceiling_rps,5.90687977762335,5.90687977762335,5.90687977762335,5,
flask_mw,inference,50,share_of_ceiling,1.0109686197199501,1.0108754568876872,1.011091897747216,5,
flask_mw,inference,50,share_of_ceiling_completion_rate,1.0311052593736147,1.0310099750200579,1.0312147820763702,5,
flask_mw,inference,50,closed_system_consistency,0.9988172086904088,0.9986755228212238,0.9988993067518117,5,
flask_mw,inference,50,min_1s_completions,0,0,0,5,
flask_mw,inference,50,min_1s_completion_ratio,0.0,0.0,0.0,5,
flask_mw,inference,50,latency_p50_ms,8593.757000000001,8592.1685,8593.928,5,False
flask_mw,inference,50,latency_p90_ms,8609.249399999999,8604.2469,8620.1288,5,False
flask_mw,inference,50,latency_p95_ms,8618.20145,8608.29395,8632.45785,5,False
flask_mw,inference,50,latency_p99_ms,8630.31092,8616.774300000001,8635.00999,5,False
flask_mw,inference,50,latency_mean_ms,7935.4928970588235,7935.014773529412,7935.6267147058825,5,False
flask_mw,inference,50,inflight_at_stop,50,50,50,5,
flask_mw,inference,50,censoring_fraction,0.1282051282051282,0.1282051282051282,0.1282051282051282,5,
flask_mw,inference,50,late_inflight,0,0,0,5,
flask_mw,inference,50,max_inflight_age_ms,7824.642,7812.607,7832.4220000000005,5,
flask_mw,inference,50,response_law_R_ms,8209.351863354046,8208.479968944102,8210.110559006243,5,
flask_mw,inference,50,derived_queue_wait_ms,5418.17222981367,5417.596779503108,5418.67296894412,5,
flask_mw,inference,50,cpu_mean_loaded_pct,3.3334728033472802,3.1769874476987447,3.4133891213389123,5,
flask_mw,inference,50,cpu_max_loaded_pct,52.9,52.0,61.0,5,
flask_mw,inference,50,cpu_ms_per_request,5.861360094117903,5.588029391176378,5.998547238235501,5,
flask_mw,inference,50,idle_rss_mb,965.69,964.39,966.45,5,
flask_mw,inference,50,peak_rss_mb,987.89,987.56,990.3,5,
flask_mw,inference,50,rss_growth_mb,23.0,21.379999999999995,24.25,5,
flask_mw,inference,50,idle_uss_mb,658.98,657.37,660.39,5,
flask_mw,inference,50,peak_uss_mb,685.27,685.19,685.44,5,
flask_mw,inference,50,uss_growth_mb,26.450000000000045,24.99000000000001,27.899999999999977,5,
flask_mw,inference,50,sim_cpu_mean_pct,0.8543933054393306,0.8535564853556485,0.8870292887029289,5,
flask_mw,inference,50,sim_cpu_p95_pct,4.0,4.0,4.0,5,
flask_mw,inference,50,sim_peak_uss_mb,17.23,17.22,17.25,5,
flask_mw,inference,50,monitor_cpu_pct,5.542,5.491,5.593,5,
flask_mw,inference,50,sim_monitor_cpu_pct,0.448,0.431,0.465,5,
flask_mw,inference,50,clock_rate_ratio,0.9999808289669544,0.999835514485145,1.0000672300134115,5,
flask_mw,inference,50,clock_rate_uncertainty,0.0006056924462634907,0.0005979101253653994,0.000616756257381222,5,
flask_mw,inference,50,clock_rate_half_diff,0.0002117551060666356,0.0001856520587645294,0.00040267492401169225,5,
flask_mw,inference,50,clock_step_ms,0.012,0.001,0.144,5,
flask_mw,inference,100,completions,340,340,340,5,
flask_mw,inference,100,failures,0,0,0,5,
flask_mw,inference,100,finished_loaded,340,340,340,5,
flask_mw,inference,100,error_rate_pct,0.0,0.0,0.0,5,
flask_mw,inference,100,locust_rps,5.842856633341944,5.842057361235272,5.8435556251251075,5,
flask_mw,inference,100,throughput_fixed_window,5.971665031689726,5.971385121793851,5.97210822830958,5,
flask_mw,inference,100,throughput_completion_rate,6.146045697185834,6.1442334375175065,6.148295708659528,5,
flask_mw,inference,100,ceiling_rps,5.90687977762335,5.90687977762335,5.90687977762335,5,
flask_mw,inference,100,share_of_ceiling,1.0109677624237077,1.010920375324865,1.01104279300441,5,
flask_mw,inference,100,share_of_ceiling_completion_rate,1.0404893833235782,1.0401825784220813,1.0408702970307129,5,
flask_mw,inference,100,closed_system_consistency,0.9318788152437996,0.9315409106561693,0.9323367829432949,5,
flask_mw,inference,100,min_1s_completions,0,0,0,5,
flask_mw,inference,100,min_1s_completion_ratio,0.0,0.0,0.0,5,
flask_mw,inference,100,latency_p50_ms,17244.728499999997,17236.0975,17249.4015,5,False
flask_mw,inference,100,latency_p90_ms,17274.541400000002,17256.3563,17279.7759,5,False
flask_mw,inference,100,latency_p95_ms,17282.9409,17258.87635,17284.1408,5,False
flask_mw,inference,100,latency_p99_ms,17291.710740000002,17262.1741,17303.63831,5,False
flask_mw,inference,100,latency_mean_ms,14549.829452941176,14548.876494117647,14551.714179411765,5,False
flask_mw,inference,100,inflight_at_stop,100,100,100,5,
flask_mw,inference,100,censoring_fraction,0.22727272727272727,0.22727272727272727,0.22727272727272727,5,
flask_mw,inference,100,late_inflight,0,0,0,5,
flask_mw,inference,100,max_inflight_age_ms,16477.405000000002,16468.105,16489.191000000003,5,
flask_mw,inference,100,response_law_R_ms,16270.62422360254,16264.669875776413,16275.423291925517,5,
flask_mw,inference,100,derived_queue_wait_ms,13504.618105590107,13499.675996894424,13508.60133229818,5,
flask_mw,inference,100,cpu_mean_loaded_pct,3.2903765690376567,3.2656903765690375,3.3422594142259414,5,
flask_mw,inference,100,cpu_max_loaded_pct,86.9,82.1,102.6,5,
flask_mw,inference,100,cpu_ms_per_request,5.7945361705884055,5.739537420588156,5.898865879411539,5,
flask_mw,inference,100,idle_rss_mb,965.82,963.02,966.95,5,
flask_mw,inference,100,peak_rss_mb,988.7,987.64,989.82,5,
flask_mw,inference,100,rss_growth_mb,23.120000000000005,21.870000000000005,24.620000000000005,5,
flask_mw,inference,100,idle_uss_mb,658.74,657.31,660.43,5,
flask_mw,inference,100,peak_uss_mb,685.24,685.21,685.42,5,
flask_mw,inference,100,uss_growth_mb,26.470000000000027,24.99000000000001,27.90000000000009,5,
flask_mw,inference,100,sim_cpu_mean_pct,0.8543933054393306,0.8200836820083682,0.8874476987447699,5,
flask_mw,inference,100,sim_cpu_p95_pct,4.0,4.0,4.0,5,
flask_mw,inference,100,sim_peak_uss_mb,17.23,17.21,17.25,5,
flask_mw,inference,100,monitor_cpu_pct,5.687,5.524,5.822,5,
flask_mw,inference,100,sim_monitor_cpu_pct,0.431,0.348,0.465,5,
flask_mw,inference,100,clock_rate_ratio,1.0000637136087054,0.9999381136409894,1.0001077206395201,5,
flask_mw,inference,100,clock_rate_uncertainty,0.0005985859912383038,0.0005938312699611106,0.0006856289083387912,5,
flask_mw,inference,100,clock_rate_half_diff,0.00021203532586211438,7.190356855701907e-06,0.00035718105181259396,5,
flask_mw,inference,100,clock_step_ms,0.001,0.001,0.082,5,
flask_mw,pipeline,1,completions,21,21,21,5,
flask_mw,pipeline,1,failures,0,0,0,5,
flask_mw,pipeline,1,finished_loaded,21,21,21,5,
flask_mw,pipeline,1,error_rate_pct,0.0,0.0,0.0,5,
flask_mw,pipeline,1,locust_rps,0.359977807513962,0.3592569937004145,0.3603556021691987,5,
flask_mw,pipeline,1,throughput_fixed_window,0.36819349709377863,0.36815026861848893,0.3682917936058093,5,
flask_mw,pipeline,1,throughput_completion_rate,0.3599395741020639,0.35939053418295513,0.36039985567313143,5,
flask_mw,pipeline,1,ceiling_rps,0.3621220351258374,0.3621220351258374,0.3621220351258374,5,
flask_mw,pipeline,1,share_of_ceiling,1.0167663422244697,1.0166469667899571,1.0170377880424424,5,
flask_mw,pipeline,1,share_of_ceiling_completion_rate,0.9939731338828495,0.9924569601462306,0.9952442014413525,5,
flask_mw,pipeline,1,closed_system_consistency,0.9998100939862755,0.9997721222862077,0.9999271926875476,5,
flask_mw,pipeline,1,min_1s_completions,0,0,0,5,
flask_mw,pipeline,1,min_1s_completion_ratio,0.0,0.0,0.0,5,
flask_mw,pipeline,1,latency_p50_ms,2774.447,2774.163,2775.342,5,False
flask_mw,pipeline,1,latency_p90_ms,2779.585,2775.715,2817.709,5,False
flask_mw,pipeline,1,latency_p95_ms,2812.141,2775.843,2817.799,5,False
flask_mw,pipeline,1,latency_mean_ms,2777.6935714285714,2774.769238095238,2783.1933809523807,5,False
flask_mw,pipeline,1,inflight_at_stop,1,1,1,5,
flask_mw,pipeline,1,censoring_fraction,0.045454545454545456,0.045454545454545456,0.045454545454545456,5,
flask_mw,pipeline,1,late_inflight,0,0,0,5,
flask_mw,pipeline,1,max_inflight_age_ms,1512.193,1378.089,1566.57,5,
flask_mw,pipeline,1,response_law_R_ms,2778.244105263184,2774.695894736875,2782.488421052652,5,
flask_mw,pipeline,1,derived_queue_wait_ms,0.0,0.0,0.0,5,
flask_mw,pipeline,1,pipeline_completion_pct,100.0,100.0,100.0,5,
flask_mw,pipeline,1,stage1_p50_ms,0.001,0.001,0.001,5,
flask_mw,pipeline,1,stage1_p95_ms,0.001,0.001,0.002,5,
flask_mw,pipeline,1,stage2_p50_ms,50.584,50.515,50.584,5,
flask_mw,pipeline,1,stage2_p95_ms,50.773,50.673,50.8,5,
flask_mw,pipeline,1,stage3_p50_ms,2719.978,2719.929,2720.508,5,
flask_mw,pipeline,1,stage3_p95_ms,2755.966,2721.191,2761.586,5,
flask_mw,pipeline,1,stage4_p50_ms,0.002,0.002,0.002,5,
flask_mw,pipeline,1,stage4_p95_ms,0.003,0.003,0.004,5,
flask_mw,pipeline,1,e2e_server_p50_ms,2770.542,2770.473,2771.171,5,
flask_mw,pipeline,1,e2e_server_p95_ms,2806.603,2772.236,2812.173,5,
flask_mw,pipeline,1,e2e_client_p50_ms,2774.447,2774.163,2775.342,5,False
flask_mw,pipeline,1,e2e_client_p95_ms,2812.141,2775.843,2817.799,5,False
flask_mw,pipeline,1,cpu_mean_loaded_pct,0.3518828451882845,0.23430962343096234,0.5523012552301255,5,
flask_mw,pipeline,1,cpu_max_loaded_pct,16.0,4.1,20.0,5,
flask_mw,pipeline,1,cpu_ms_per_request,10.024784761907323,6.669853380953793,15.742419047615751,5,
flask_mw,pipeline,1,idle_rss_mb,967.12,966.86,967.38,5,
flask_mw,pipeline,1,peak_rss_mb,970.38,967.37,973.98,5,
flask_mw,pipeline,1,rss_growth_mb,3.0,0.25,7.1200000000000045,5,
flask_mw,pipeline,1,idle_uss_mb,660.48,657.71,660.57,5,
flask_mw,pipeline,1,peak_uss_mb,662.43,660.85,666.95,5,
flask_mw,pipeline,1,uss_growth_mb,3.310000000000059,0.35000000000002274,7.7999999999999545,5,
flask_mw,pipeline,1,sim_cpu_mean_pct,0.06694560669456066,0.0502092050209205,0.06736401673640167,5,
flask_mw,pipeline,1,sim_cpu_p95_pct,0.0,0.0,0.0,5,
flask_mw,pipeline,1,sim_peak_uss_mb,17.61,17.61,17.62,5,
flask_mw,pipeline,1,monitor_cpu_pct,5.377,5.307,5.544,5,
flask_mw,pipeline,1,sim_monitor_cpu_pct,0.431,0.332,0.481,5,
flask_mw,pipeline,1,clock_rate_ratio,1.0000359468354727,0.9999440255881373,1.0000958958644408,5,
flask_mw,pipeline,1,clock_rate_uncertainty,0.0006112070763608512,0.0005953729973879756,0.000630334016227036,5,
flask_mw,pipeline,1,clock_rate_half_diff,0.00015317674521775348,6.0892160488768e-05,0.00046435234878072773,5,
flask_mw,pipeline,1,clock_step_ms,0.001,0.001,0.001,5,
flask_mw,pipeline,5,completions,103,103,103,5,
flask_mw,pipeline,5,failures,0,0,0,5,
flask_mw,pipeline,5,finished_loaded,103,103,103,5,
flask_mw,pipeline,5,error_rate_pct,0.0,0.0,0.0,5,
flask_mw,pipeline,5,locust_rps,1.7342707697587294,1.7323045952788019,1.7347286684778274,5,
flask_mw,pipeline,5,throughput_fixed_window,1.8042851510163143,1.8040255522242705,1.8044605064194486,5,
flask_mw,pipeline,5,throughput_completion_rate,1.8017408903423502,1.7982534620828539,1.8030959715489951,5,
flask_mw,pipeline,5,ceiling_rps,1.8106101756291872,1.8106101756291872,1.8106101756291872,5,
flask_mw,pipeline,5,share_of_ceiling,0.9965066889063102,0.9963633124934645,0.9966035376954613,5,
flask_mw,pipeline,5,share_of_ceiling_completion_rate,0.9951014937360799,0.9931753871083601,0.99584990508651,5,
flask_mw,pipeline,5,closed_system_consistency,0.9997854423875008,0.9978730490351747,0.9999526954186864,5,
flask_mw,pipeline,5,min_1s_completions,1,1,1,5,
flask_mw,pipeline,5,min_1s_completion_ratio,0.5550187628865931,0.5546016494845389,0.5560951340206153,5,
flask_mw,pipeline,5,latency_p50_ms,2772.405,2772.105,2772.518,5,False
flask_mw,pipeline,5,latency_p90_ms,2777.4564,2773.7598,2801.1338,5,False
flask_mw,pipeline,5,latency_p95_ms,2808.8151,2808.324,2811.0842000000002,5,False
flask_mw,pipeline,5,latency_p99_ms,2811.6362599999998,2810.37562,2816.89122,5,False
flask_mw,pipeline,5,latency_mean_ms,2775.6301844660193,2774.8370970873784,2776.355019417476,5,False
flask_mw,pipeline,5,inflight_at_stop,5,5,5,5,
flask_mw,pipeline,5,censoring_fraction,0.046296296296296294,0.046296296296296294,0.046296296296296294,5,
flask_mw,pipeline,5,late_inflight,0,0,0,5,
flask_mw,pipeline,5,max_inflight_age_ms,2688.7470000000003,2623.834,2698.218,5,
flask_mw,pipeline,5,response_law_R_ms,2775.0938144329657,2773.0082474226947,2780.475670103076,5,
flask_mw,pipeline,5,derived_queue_wait_ms,0.0,0.0,0.0,5,
flask_mw,pipeline,5,pipeline_completion_pct,100.0,100.0,100.0,5,
flask_mw,pipeline,5,stage1_p50_ms,0.001,0.001,0.001,5,
flask_mw,pipeline,5,stage1_p95_ms,0.001,0.001,0.001,5,
flask_mw,pipeline,5,stage1_p99_ms,0.002,0.001,0.002,5,
flask_mw,pipeline,5,stage2_p50_ms,50.577,50.565,50.588,5,
flask_mw,pipeline,5,stage2_p95_ms,50.7983,50.7427,50.8868,5,
flask_mw,pipeline,5,stage2_p99_ms,51.0029,50.86248,53.260160000000006,5,
flask_mw,pipeline,5,stage3_p50_ms,2717.814,2717.724,2717.937,5,
flask_mw,pipeline,5,stage3_p95_ms,2752.8671,2751.6134,2754.4163,5,
flask_mw,pipeline,5,stage3_p99_ms,2755.40882,2753.78384,2759.2034799999997,5,
flask_mw,pipeline,5,stage4_p50_ms,0.002,0.002,0.002,5,
flask_mw,pipeline,5,stage4_p95_ms,0.003,0.003,0.003,5,
flask_mw,pipeline,5,stage4_p99_ms,0.003,0.003,0.003980000000000004,5,
flask_mw,pipeline,5,e2e_server_p50_ms,2768.547,2768.379,2768.6,5,
flask_mw,pipeline,5,e2e_server_p95_ms,2803.451,2802.2839,2805.1263,5,
flask_mw,pipeline,5,e2e_server_p99_ms,2805.77902,2804.3003,2809.9361,5,
flask_mw,pipeline,5,e2e_client_p50_ms,2772.405,2772.105,2772.518,5,False
flask_mw,pipeline,5,e2e_client_p95_ms,2808.8151,2808.324,2811.0842000000002,5,False
flask_mw,pipeline,5,e2e_client_p99_ms,2811.6362599999998,2810.37562,2816.89122,5,False
flask_mw,pipeline,5,cpu_mean_loaded_pct,1.6058577405857741,1.4866108786610879,1.7560669456066946,5,
flask_mw,pipeline,5,cpu_max_loaded_pct,20.0,19.9,24.0,5,
flask_mw,pipeline,5,cpu_ms_per_request,9.330837543691192,8.640380718449734,10.206676883492467,5,
flask_mw,pipeline,5,idle_rss_mb,965.57,964.02,967.66,5,
flask_mw,pipeline,5,peak_rss_mb,979.07,975.79,982.29,5,
flask_mw,pipeline,5,rss_growth_mb,13.5,10.75,16.25,5,
flask_mw,pipeline,5,idle_uss_mb,657.48,657.41,660.65,5,
flask_mw,pipeline,5,peak_uss_mb,672.82,669.5,677.78,5,
flask_mw,pipeline,5,uss_growth_mb,15.019999999999982,12.059999999999945,18.139999999999986,5,
flask_mw,pipeline,5,sim_cpu_mean_pct,0.301255230125523,0.2849372384937238,0.302510460251046,5,
flask_mw,pipeline,5,sim_cpu_p95_pct,4.0,4.0,4.0,5,
flask_mw,pipeline,5,sim_peak_uss_mb,17.63,17.61,17.64,5,
flask_mw,pipeline,5,monitor_cpu_pct,5.406,5.278,5.527,5,
flask_mw,pipeline,5,sim_monitor_cpu_pct,0.448,0.415,0.481,5,
flask_mw,pipeline,5,clock_rate_ratio,0.9999908706593648,0.9998174042960069,1.0000994509951517,5,
flask_mw,pipeline,5,clock_rate_uncertainty,0.0006117732886981567,0.0006046303371838767,0.0006255535733015826,5,
flask_mw,pipeline,5,clock_rate_half_diff,0.00020911798976541718,3.4629321835843996e-05,0.0003806070284346763,5,
flask_mw,pipeline,5,clock_step_ms,0.025,0.001,0.127,5,
flask_mw,pipeline,10,completions,206,206,206,5,
flask_mw,pipeline,10,failures,0,0,0,5,
flask_mw,pipeline,10,finished_loaded,206,206,206,5,
flask_mw,pipeline,10,error_rate_pct,0.0,0.0,0.0,5,
flask_mw,pipeline,10,locust_rps,3.4478547009806135,3.4462988840433875,3.4512021522268195,5,
flask_mw,pipeline,10,throughput_fixed_window,3.6084991774776274,3.608235804719098,3.6091225220072896,5,
flask_mw,pipeline,10,throughput_completion_rate,3.6077213228800007,3.6058257051474376,3.6089564304571056,5,
flask_mw,pipeline,10,ceiling_rps,3.6212203512583745,3.6212203512583745,3.6212203512583745,5,
flask_mw,pipeline,10,share_of_ceiling,0.9964870478604467,0.9964143174731789,0.9966591844523129,5,
flask_mw,pipeline,10,share_of_ceiling_completion_rate,0.9962722433133121,0.9957487684764648,0.9966133182707296,5,
flask_mw,pipeline,10,closed_system_consistency,1.000563909450022,1.0000285579603372,1.00110188049633,5,
flask_mw,pipeline,10,min_1s_completions,3,3,3,5,
flask_mw,pipeline,10,min_1s_completion_ratio,0.831549815384614,0.8312652307692238,0.8319869692307642,5,
flask_mw,pipeline,10,latency_p50_ms,2772.1865,2771.9315,2772.395,5,False
flask_mw,pipeline,10,latency_p90_ms,2775.191,2774.151,2776.4355,5,False
flask_mw,pipeline,10,latency_p95_ms,2807.94625,2803.959,2809.80275,5,False
flask_mw,pipeline,10,latency_p99_ms,2814.0817500000003,2810.19305,2815.45645,5,False
flask_mw,pipeline,10,latency_mean_ms,2774.8536116504856,2774.5219466019416,2775.4531747572814,5,False
flask_mw,pipeline,10,inflight_at_stop,10,10,10,5,
flask_mw,pipeline,10,censoring_fraction,0.046296296296296294,0.046296296296296294,0.046296296296296294,5,
flask_mw,pipeline,10,late_inflight,0,0,0,5,
flask_mw,pipeline,10,max_inflight_age_ms,2657.179,2625.832,2708.467,5,
flask_mw,pipeline,10,response_law_R_ms,2771.8327179487133,2770.884102564079,2773.289897435881,5,
flask_mw,pipeline,10,derived_queue_wait_ms,0.0,0.0,0.0,5,
flask_mw,pipeline,10,pipeline_completion_pct,100.0,100.0,100.0,5,
flask_mw,pipeline,10,stage1_p50_ms,0.001,0.001,0.001,5,
flask_mw,pipeline,10,stage1_p95_ms,0.001,0.001,0.001,5,
flask_mw,pipeline,10,stage1_p99_ms,0.002,0.0019499999999999886,0.002,5,
flask_mw,pipeline,10,stage2_p50_ms,50.577,50.558,50.578500000000005,5,
flask_mw,pipeline,10,stage2_p95_ms,50.793499999999995,50.77675,50.819500000000005,5,
flask_mw,pipeline,10,stage2_p99_ms,51.78454999999999,50.892900000000004,56.25019999999997,5,
flask_mw,pipeline,10,stage3_p50_ms,2717.6835,2717.5295,2717.7929999999997,5,
flask_mw,pipeline,10,stage3_p95_ms,2751.22525,2748.22375,2752.983,5,
flask_mw,pipeline,10,stage3_p99_ms,2756.28255,2754.10465,2758.6803499999996,5,
flask_mw,pipeline,10,stage4_p50_ms,0.002,0.002,0.002,5,
flask_mw,pipeline,10,stage4_p95_ms,0.003,0.003,0.003,5,
flask_mw,pipeline,10,stage4_p99_ms,0.003949999999999988,0.003,0.004,5,
flask_mw,pipeline,10,e2e_server_p50_ms,2768.3230000000003,2768.1435,2768.4955,5,
flask_mw,pipeline,10,e2e_server_p95_ms,2801.9265,2798.99775,2803.65825,5,
flask_mw,pipeline,10,e2e_server_p99_ms,2807.0423499999997,2804.80905,2809.6254,5,
flask_mw,pipeline,10,e2e_client_p50_ms,2772.1865,2771.9315,2772.395,5,False
flask_mw,pipeline,10,e2e_client_p95_ms,2807.94625,2803.959,2809.80275,5,False
flask_mw,pipeline,10,e2e_client_p99_ms,2814.0817500000003,2810.19305,2815.45645,5,False
flask_mw,pipeline,10,cpu_mean_loaded_pct,2.9456066945606696,2.7284518828451882,3.0288702928870292,5,
flask_mw,pipeline,10,cpu_max_loaded_pct,20.1,16.1,23.9,5,
flask_mw,pipeline,10,cpu_ms_per_request,8.54460763106656,7.9128847669899045,8.792120320390522,5,
flask_mw,pipeline,10,idle_rss_mb,966.64,965.13,968.54,5,
flask_mw,pipeline,10,peak_rss_mb,988.54,985.0,988.8,5,
flask_mw,pipeline,10,rss_growth_mb,22.0,18.75,22.379999999999995,5,
flask_mw,pipeline,10,idle_uss_mb,658.73,658.72,660.5,5,
flask_mw,pipeline,10,peak_uss_mb,684.55,681.47,685.15,5,
flask_mw,pipeline,10,uss_growth_mb,25.819999999999936,21.159999999999968,26.129999999999995,5,
flask_mw,pipeline,10,sim_cpu_mean_pct,0.602510460251046,0.5849372384937238,0.6192468619246861,5,
flask_mw,pipeline,10,sim_cpu_p95_pct,4.0,4.0,4.0,5,
flask_mw,pipeline,10,sim_peak_uss_mb,17.65,17.64,17.66,5,
flask_mw,pipeline,10,monitor_cpu_pct,5.542,5.361,5.657,5,
flask_mw,pipeline,10,sim_monitor_cpu_pct,0.448,0.415,0.481,5,
flask_mw,pipeline,10,clock_rate_ratio,1.00001171966952,0.9998614011098633,1.0000929398154523,5,
flask_mw,pipeline,10,clock_rate_uncertainty,0.0006130813179136219,0.0006016376471122917,0.0006321906208278282,5,
flask_mw,pipeline,10,clock_rate_half_diff,0.0002201969362003453,0.00012970007490964441,0.00025153343154371566,5,
flask_mw,pipeline,10,clock_step_ms,0.002,0.001,0.011,5,
flask_mw,pipeline,25,completions,355,355,355,5,
flask_mw,pipeline,25,failures,0,0,0,5,
flask_mw,pipeline,25,finished_loaded,355,355,355,5,
flask_mw,pipeline,25,error_rate_pct,0.0,0.0,0.0,5,
flask_mw,pipeline,25,locust_rps,5.900332305203395,5.89980266095884,5.906936202266868,5,
flask_mw,pipeline,25,throughput_fixed_window,6.222068568709166,6.221702791784384,6.222697935590399,5,
flask_mw,pipeline,25,throughput_completion_rate,6.218251283446067,6.217743036399975,6.219168403435478,5,
flask_mw,pipeline,25,ceiling_rps,6.156074597139236,6.156074597139236,6.156074597139236,5,
flask_mw,pipeline,25,share_of_ceiling,1.010720138381786,1.0106607211477987,1.0108223734784052,5,
flask_mw,pipeline,25,share_of_ceiling_completion_rate,1.0101000540727243,1.0100174938246194,1.0102490321227688,5,
flask_mw,pipeline,25,closed_system_consistency,1.0086904264498708,1.0085998861735612,1.0087753889396753,5,
flask_mw,pipeline,25,min_1s_completions,1,1,1,5,
flask_mw,pipeline,25,min_1s_completion_ratio,0.16081691691394853,0.16079320178041787,0.16083006231453917,5,
flask_mw,pipeline,25,latency_p50_ms,3689.134,3675.027,3692.579,5,False
flask_mw,pipeline,25,latency_p90_ms,4545.792399999999,4541.724,4550.4484,5,False
flask_mw,pipeline,25,latency_p95_ms,4551.7263,4544.6434,4585.3795,5,False
flask_mw,pipeline,25,latency_p99_ms,4553.81556,4552.76618,4594.39036,5,False
flask_mw,pipeline,25,latency_mean_ms,3995.556436619718,3994.820290140845,3995.8145830985914,5,False
flask_mw,pipeline,25,inflight_at_stop,25,25,25,5,
flask_mw,pipeline,25,censoring_fraction,0.06578947368421052,0.06578947368421052,0.06578947368421052,5,
flask_mw,pipeline,25,late_inflight,0,0,0,5,
flask_mw,pipeline,25,max_inflight_age_ms,3638.255,3624.0519999999997,3678.453,5,
flask_mw,pipeline,25,response_law_R_ms,4020.422922848713,4019.830044510447,4020.75155786348,5,
flask_mw,pipeline,25,derived_queue_wait_ms,1286.535335311588,1286.3456142433433,1286.640498516314,5,
flask_mw,pipeline,25,pipeline_completion_pct,100.0,100.0,100.0,5,
flask_mw,pipeline,25,stage1_p50_ms,0.001,0.001,0.001,5,
flask_mw,pipeline,25,stage1_p95_ms,0.001,0.001,0.001,5,
flask_mw,pipeline,25,stage1_p99_ms,0.002,0.0014599999999999795,0.002,5,
flask_mw,pipeline,25,stage2_p50_ms,50.582,50.561,50.604,5,
flask_mw,pipeline,25,stage2_p95_ms,50.8408,50.7722,50.855,5,
flask_mw,pipeline,25,stage2_p99_ms,52.607759999999985,50.942840000000004,55.09106,5,
flask_mw,pipeline,25,stage3_p50_ms,2717.353,2717.214,2717.482,5,
flask_mw,pipeline,25,stage3_p95_ms,2720.9012,2720.6996,2721.9528,5,
flask_mw,pipeline,25,stage3_p99_ms,2755.00302,2752.89948,2757.1674199999998,5,
flask_mw,pipeline,25,stage4_p50_ms,0.002,0.002,0.002,5,
flask_mw,pipeline,25,stage4_p95_ms,0.003,0.003,0.003,5,
flask_mw,pipeline,25,stage4_p99_ms,0.003,0.003,0.004,5,
flask_mw,pipeline,25,e2e_server_p50_ms,2768.068,2767.838,2768.172,5,
flask_mw,pipeline,25,e2e_server_p95_ms,2771.877,2771.5128,2774.1414,5,
flask_mw,pipeline,25,e2e_server_p99_ms,2805.8383,2803.65878,2807.86588,5,
flask_mw,pipeline,25,e2e_client_p50_ms,3689.134,3675.027,3692.579,5,False
flask_mw,pipeline,25,e2e_client_p95_ms,4551.7263,4544.6434,4585.3795,5,False
flask_mw,pipeline,25,e2e_client_p99_ms,4553.81556,4552.76618,4594.39036,5,False
flask_mw,pipeline,25,cpu_mean_loaded_pct,4.08326359832636,3.9464435146443515,4.2,5,
flask_mw,pipeline,25,cpu_max_loaded_pct,36.8,36.2,40.1,5,
flask_mw,pipeline,25,cpu_ms_per_request,6.871481152112672,6.642979188731705,7.0722806873241755,5,
flask_mw,pipeline,25,idle_rss_mb,967.09,965.04,968.41,5,
flask_mw,pipeline,25,peak_rss_mb,989.59,989.29,991.29,5,
flask_mw,pipeline,25,rss_growth_mb,23.0,22.5,24.25,5,
flask_mw,pipeline,25,idle_uss_mb,660.32,658.94,660.5,5,
flask_mw,pipeline,25,peak_uss_mb,686.15,686.05,686.26,5,
flask_mw,pipeline,25,uss_growth_mb,25.779999999999973,25.729999999999905,27.229999999999905,5,
flask_mw,pipeline,25,sim_cpu_mean_pct,1.0217573221757321,0.9907949790794979,1.0543933054393306,5,
flask_mw,pipeline,25,sim_cpu_p95_pct,4.0,4.0,4.1,5,
flask_mw,pipeline,25,sim_peak_uss_mb,17.68,17.68,17.7,5,
flask_mw,pipeline,25,monitor_cpu_pct,5.474,5.408,5.511,5,
flask_mw,pipeline,25,sim_monitor_cpu_pct,0.448,0.348,0.498,5,
flask_mw,pipeline,25,clock_rate_ratio,0.9999587239567507,0.9998985320864305,1.000014902580304,5,
flask_mw,pipeline,25,clock_rate_uncertainty,0.0006072172930133854,0.000600143596223898,0.0006238943510582947,5,
flask_mw,pipeline,25,clock_rate_half_diff,0.0002656063798389674,3.0037630671664317e-06,0.0006734635950519374,5,
flask_mw,pipeline,25,clock_step_ms,0.03,0.001,0.134,5,
flask_mw,pipeline,50,completions,357,357,357,5,
flask_mw,pipeline,50,failures,0,0,0,5,
flask_mw,pipeline,50,finished_loaded,357,357,357,5,
flask_mw,pipeline,50,error_rate_pct,0.0,0.0,0.0,5,
flask_mw,pipeline,50,locust_rps,6.0422809892221965,6.04158780834393,6.045155193955272,5,
flask_mw,pipeline,50,throughput_fixed_window,6.259650275572323,6.258959330957638,6.261592593626534,5,
flask_mw,pipeline,50,throughput_completion_rate,6.336139962976755,6.332050367780965,6.3377178001590835,5,
flask_mw,pipeline,50,ceiling_rps,6.156074597139236,6.156074597139236,6.156074597139236,5,
flask_mw,pipeline,50,share_of_ceiling,1.0168249550584099,1.0167127172023245,1.017140467488216,5,
flask_mw,pipeline,50,share_of_ceiling_completion_rate,1.0292500298682534,1.028585711213361,1.02950633559643,5,
flask_mw,pipeline,50,closed_system_consistency,0.9993146246514552,0.9986822845141556,0.9995602659425161,5,
flask_mw,pipeline,50,min_1s_completions,0,0,0,5,
flask_mw,pipeline,50,min_1s_completion_ratio,0.0,0.0,0.0,5,
flask_mw,pipeline,50,latency_p50_ms,8252.035,8250.786,8252.068,5,False
flask_mw,pipeline,50,latency_p90_ms,8269.9762,8260.2828,8288.0818,5,False
flask_mw,pipeline,50,latency_p95_ms,8285.4038,8263.8848,8296.2372,5,False
flask_mw,pipeline,50,latency_p99_ms,8294.23864,8270.37316,8314.481240000001,5,False
flask_mw,pipeline,50,latency_mean_ms,7643.923196078431,7643.6690168067225,7644.059008403361,5,False
flask_mw,pipeline,50,inflight_at_stop,50,50,50,5,
flask_mw,pipeline,50,censoring_fraction,0.12285012285012285,0.12285012285012285,0.12285012285012285,5,
flask_mw,pipeline,50,late_inflight,0,0,0,5,
flask_mw,pipeline,50,max_inflight_age_ms,7126.559,7103.79,7133.662,5,
flask_mw,pipeline,50,response_law_R_ms,7891.239823008851,7889.275221238937,7896.336430678495,5,
flask_mw,pipeline,50,derived_queue_wait_ms,5208.218283185842,5206.921646017698,5211.582044247807,5,
flask_mw,pipeline,50,pipeline_completion_pct,100.0,100.0,100.0,5,
flask_mw,pipeline,50,stage1_p50_ms,0.001,0.001,0.001,5,
flask_mw,pipeline,50,stage1_p95_ms,0.001,0.001,0.001,5,
flask_mw,pipeline,50,stage1_p99_ms,0.002,0.0014399999999999977,0.002,5,
flask_mw,pipeline,50,stage2_p50_ms,50.572,50.542,50.578,5,
flask_mw,pipeline,50,stage2_p95_ms,51.0248,50.805,51.1158,5,
flask_mw,pipeline,50,stage2_p99_ms,52.84748,52.033719999999995,53.35564,5,
flask_mw,pipeline,50,stage3_p50_ms,2717.244,2717.191,2717.315,5,
flask_mw,pipeline,50,stage3_p95_ms,2721.1551999999997,2720.0282,2721.3232,5,
flask_mw,pipeline,50,stage3_p99_ms,2752.43188,2752.16988,2753.89364,5,
flask_mw,pipeline,50,stage4_p50_ms,0.002,0.002,0.002,5,
flask_mw,pipeline,50,stage4_p95_ms,0.003,0.003,0.003,5,
flask_mw,pipeline,50,stage4_p99_ms,0.0034399999999999977,0.003,0.004,5,
flask_mw,pipeline,50,e2e_server_p50_ms,2767.932,2767.879,2768.007,5,
flask_mw,pipeline,50,e2e_server_p95_ms,2772.1324,2771.4224,2772.8,5,
flask_mw,pipeline,50,e2e_server_p99_ms,2803.08496,2802.71988,2804.55148,5,
flask_mw,pipeline,50,e2e_client_p50_ms,8252.035,8250.786,8252.068,5,False
flask_mw,pipeline,50,e2e_client_p95_ms,8285.4038,8263.8848,8296.2372,5,False
flask_mw,pipeline,50,e2e_client_p99_ms,8294.23864,8270.37316,8314.481240000001,5,False
flask_mw,pipeline,50,cpu_mean_loaded_pct,3.9815899581589957,3.9656903765690377,4.034309623430962,5,
flask_mw,pipeline,50,cpu_max_loaded_pct,61.1,56.0,68.9,5,
flask_mw,pipeline,50,cpu_ms_per_request,6.6626017310935595,6.635127061625914,6.751060546219801,5,
flask_mw,pipeline,50,idle_rss_mb,966.38,963.7,969.06,5,
flask_mw,pipeline,50,peak_rss_mb,990.62,988.57,991.68,5,
flask_mw,pipeline,50,rss_growth_mb,23.370000000000005,22.620000000000005,24.879999999999995,5,
flask_mw,pipeline,50,idle_uss_mb,658.91,657.51,660.5,5,
flask_mw,pipeline,50,peak_uss_mb,686.11,686.09,686.23,5,
flask_mw,pipeline,50,uss_growth_mb,27.200000000000045,25.730000000000018,28.620000000000005,5,
flask_mw,pipeline,50,sim_cpu_mean_pct,0.9539748953974896,0.9372384937238494,0.9707112970711297,5,
flask_mw,pipeline,50,sim_cpu_p95_pct,4.0,4.0,4.0,5,
flask_mw,pipeline,50,sim_peak_uss_mb,17.71,17.68,17.72,5,
flask_mw,pipeline,50,monitor_cpu_pct,5.608,5.408,5.655,5,
flask_mw,pipeline,50,sim_monitor_cpu_pct,0.431,0.398,0.448,5,
flask_mw,pipeline,50,clock_rate_ratio,0.9999703677812346,0.9998293186875187,1.0001527085426107,5,
flask_mw,pipeline,50,clock_rate_uncertainty,0.0006164697634482375,0.0006120783041425315,0.0006388340579301964,5,
flask_mw,pipeline,50,clock_rate_half_diff,4.2814335935004166e-05,1.627959242633814e-06,0.00016611778849617842,5,
flask_mw,pipeline,50,clock_step_ms,0.003,0.001,0.151,5,
flask_mw,pipeline,100,completions,357,357,357,5,
flask_mw,pipeline,100,failures,0,0,0,5,
flask_mw,pipeline,100,finished_loaded,357,357,357,5,
flask_mw,pipeline,100,error_rate_pct,0.0,0.0,0.0,5,
flask_mw,pipeline,100,locust_rps,6.087580870404483,6.087085678967307,6.088565701829579,5,
flask_mw,pipeline,100,throughput_fixed_window,6.259160370717528,6.258840013823209,6.259765697872386,5,
flask_mw,pipeline,100,throughput_completion_rate,6.385488192610781,6.3848993626853385,6.387531779148314,5,
flask_mw,pipeline,100,ceiling_rps,6.156074597139236,6.156074597139236,6.156074597139236,5,
flask_mw,pipeline,100,share_of_ceiling,1.0167453743374384,1.0166933351866347,1.0168437043926233,5,
flask_mw,pipeline,100,share_of_ceiling_completion_rate,1.0372662143467455,1.0371705641209155,1.0375981769481217,5,
flask_mw,pipeline,100,closed_system_consistency,0.9350976420842366,0.934979508609437,0.9354141045403594,5,
flask_mw,pipeline,100,min_1s_completions,0,0,0,5,
flask_mw,pipeline,100,min_1s_completion_ratio,0.0,0.0,0.0,5,
flask_mw,pipeline,100,latency_p50_ms,16555.706,16552.622,16559.161,5,False
flask_mw,pipeline,100,latency_p90_ms,16571.1186,16567.4546,16578.367,5,False
flask_mw,pipeline,100,latency_p95_ms,16584.609,16572.7432,16594.4354,5,False
flask_mw,pipeline,100,latency_p99_ms,16592.9918,16588.41976,16603.56856,5,False
flask_mw,pipeline,100,latency_mean_ms,14080.346226890757,14077.959901960785,14081.01919047619,5,False
flask_mw,pipeline,100,inflight_at_stop,100,100,100,5,
flask_mw,pipeline,100,censoring_fraction,0.2188183807439825,0.2188183807439825,0.2188183807439825,5,
flask_mw,pipeline,100,late_inflight,0,0,0,5,
flask_mw,pipeline,100,max_inflight_age_ms,15440.276000000002,15434.794,15443.868999999999,5,
flask_mw,pipeline,100,response_law_R_ms,15660.509734513162,15655.499410029326,15661.953982300882,5,
flask_mw,pipeline,100,derived_queue_wait_ms,12998.223079645924,12994.06451032434,12999.421805309732,5,
flask_mw,pipeline,100,pipeline_completion_pct,100.0,100.0,100.0,5,
flask_mw,pipeline,100,stage1_p50_ms,0.001,0.001,0.001,5,
flask_mw,pipeline,100,stage1_p95_ms,0.001,0.001,0.001,5,
flask_mw,pipeline,100,stage1_p99_ms,0.002,0.002,0.002,5,
flask_mw,pipeline,100,stage2_p50_ms,50.546,50.544,50.574,5,
flask_mw,pipeline,100,stage2_p95_ms,50.8108,50.7904,50.8844,5,
flask_mw,pipeline,100,stage2_p99_ms,51.4816,50.96768,51.98108,5,
flask_mw,pipeline,100,stage3_p50_ms,2717.409,2717.297,2717.491,5,
flask_mw,pipeline,100,stage3_p95_ms,2720.9341999999997,2720.1176,2722.9562,5,
flask_mw,pipeline,100,stage3_p99_ms,2750.79436,2748.40848,2751.28596,5,
flask_mw,pipeline,100,stage4_p50_ms,0.002,0.002,0.002,5,
flask_mw,pipeline,100,stage4_p95_ms,0.003,0.003,0.003,5,
flask_mw,pipeline,100,stage4_p99_ms,0.004,0.003,0.0048799999999999955,5,
flask_mw,pipeline,100,e2e_server_p50_ms,2768.034,2767.925,2768.201,5,
flask_mw,pipeline,100,e2e_server_p95_ms,2771.6736,2770.8492,2773.3432,5,
flask_mw,pipeline,100,e2e_server_p99_ms,2801.32664,2798.95252,2801.94068,5,
flask_mw,pipeline,100,e2e_client_p50_ms,16555.706,16552.622,16559.161,5,False
flask_mw,pipeline,100,e2e_client_p95_ms,16584.609,16572.7432,16594.4354,5,False
flask_mw,pipeline,100,e2e_client_p99_ms,16592.9918,16588.41976,16603.56856,5,False
flask_mw,pipeline,100,cpu_mean_loaded_pct,4.035146443514645,3.865271966527197,4.166108786610879,5,
flask_mw,pipeline,100,cpu_max_loaded_pct,88.3,79.3,104.0,5,
flask_mw,pipeline,100,cpu_ms_per_request,6.759423173671796,6.47063980672528,6.989113868346282,5,
flask_mw,pipeline,100,idle_rss_mb,966.75,965.78,968.54,5,
flask_mw,pipeline,100,peak_rss_mb,989.5,989.0,990.29,5,
flask_mw,pipeline,100,rss_growth_mb,22.75,21.25,23.870000000000005,5,
flask_mw,pipeline,100,idle_uss_mb,660.23,658.88,660.58,5,
flask_mw,pipeline,100,peak_uss_mb,686.2,685.95,686.26,5,
flask_mw,pipeline,100,uss_growth_mb,25.769999999999982,25.649999999999977,27.200000000000045,5,
flask_mw,pipeline,100,sim_cpu_mean_pct,0.9539748953974896,0.9037656903765691,0.9707112970711297,5,
flask_mw,pipeline,100,sim_cpu_p95_pct,4.0,4.0,4.579999999999979,5,
flask_mw,pipeline,100,sim_peak_uss_mb,17.72,17.71,17.73,5,
flask_mw,pipeline,100,monitor_cpu_pct,5.56,5.46,5.626,5,
flask_mw,pipeline,100,sim_monitor_cpu_pct,0.415,0.398,0.464,5,
flask_mw,pipeline,100,clock_rate_ratio,0.9999923318925613,0.9999099127603774,1.0001066725999779,5,
flask_mw,pipeline,100,clock_rate_uncertainty,0.0006043688370796482,0.0006013763467202069,0.0006159162022272676,5,
flask_mw,pipeline,100,clock_rate_half_diff,0.00015472281275330513,4.370731651515136e-05,0.0003149418326154896,5,
flask_mw,pipeline,100,clock_step_ms,0.003,0.001,0.014,5,
flask_mw,stream,1,completions,21,21,21,5,
flask_mw,stream,1,failures,0,0,0,5,
flask_mw,stream,1,finished_loaded,21,21,21,5,
flask_mw,stream,1,error_rate_pct,0.0,0.0,0.0,5,
flask_mw,stream,1,locust_rps,0.35839896750297445,0.3581653533086149,0.3584782712566554,5,
flask_mw,stream,1,throughput_fixed_window,0.36844191585286185,0.3684163485200394,0.36853231932462766,5,
flask_mw,stream,1,throughput_completion_rate,0.3584089975598398,0.3582847010565776,0.3585012534335936,5,
flask_mw,stream,1,ceiling_rps,0.3596604805064019,0.3596604805064019,0.3596604805064019,5,
flask_mw,stream,1,share_of_ceiling,1.0244159028372972,1.0243448154251176,1.0246672606501948,5,
flask_mw,stream,1,share_of_ceiling_completion_rate,0.9965203768153786,0.9961747828177084,0.9967768850467638,5,
flask_mw,stream,1,closed_system_consistency,0.9999123058069354,0.9998784076010003,0.9999263902584284,5,
flask_mw,stream,1,min_1s_completions,0,0,0,5,
flask_mw,stream,1,min_1s_completion_ratio,0.0,0.0,0.0,5,
flask_mw,stream,1,latency_p50_ms,2789.22,2789.047,2790.027,5,False
flask_mw,stream,1,latency_p90_ms,2790.696,2790.54,2790.946,5,False
flask_mw,stream,1,latency_p95_ms,2791.105,2790.662,2816.662,5,False
flask_mw,stream,1,latency_mean_ms,2789.9119523809522,2789.3043333333335,2791.753,5,False
flask_mw,stream,1,inflight_at_stop,1,1,1,5,
flask_mw,stream,1,censoring_fraction,0.045454545454545456,0.045454545454545456,0.045454545454545456,5,
flask_mw,stream,1,late_inflight,0,0,0,5,
flask_mw,stream,1,max_inflight_age_ms,1250.018,1210.616,1265.417,5,
flask_mw,stream,1,response_law_R_ms,2790.1085263157784,2789.390526315784,2791.076473684227,5,
flask_mw,stream,1,derived_queue_wait_ms,0.0,0.0,0.0,5,
flask_mw,stream,1,derived_ttft_ms,566.075,566.075,566.075,5,
flask_mw,stream,1,stream_finished_loaded,21,21,21,5,
flask_mw,stream,1,stream_csr_pct,100.0,100.0,100.0,5,
flask_mw,stream,1,chunks_ok_pct,100.0,100.0,100.0,5,
flask_mw,stream,1,ttft_p50_ms,566.075,565.891,566.316,5,False
flask_mw,stream,1,ttft_p95_ms,568.407,566.771,576.669,5,False
flask_mw,stream,1,tpot_p50_ms,202.03,202.0,202.1,5,
flask_mw,stream,1,tpot_p95_ms,202.165,202.129,202.196,5,
flask_mw,stream,1,token_count_p50,12.0,12.0,12.0,5,
flask_mw,stream,1,cpu_mean_loaded_pct,0.5523012552301255,0.5184100418410041,0.7698744769874477,5,
flask_mw,stream,1,cpu_max_loaded_pct,8.0,4.0,24.1,5,
flask_mw,stream,1,cpu_ms_per_request,15.772047619049683,14.74816214285554,21.90510409523677,5,
flask_mw,stream,1,idle_rss_mb,966.92,964.62,967.18,5,
flask_mw,stream,1,peak_rss_mb,967.43,967.05,969.62,5,
flask_mw,stream,1,rss_growth_mb,0.25,0.12999999999999545,5.0,5,
flask_mw,stream,1,idle_uss_mb,660.79,658.49,660.82,5,
flask_mw,stream,1,peak_uss_mb,661.01,660.74,663.62,5,
flask_mw,stream,1,uss_growth_mb,0.2899999999999636,0.18999999999994088,5.1299999999999955,5,
flask_mw,stream,1,sim_cpu_mean_pct,0.2510460251046025,0.23430962343096234,0.26778242677824265,5,
flask_mw,stream,1,sim_cpu_p95_pct,4.0,3.9099999999999993,4.0,5,
flask_mw,stream,1,sim_peak_uss_mb,17.23,17.23,17.25,5,
flask_mw,stream,1,monitor_cpu_pct,5.459,5.408,5.674,5,
flask_mw,stream,1,sim_monitor_cpu_pct,0.431,0.299,0.481,5,
flask_mw,stream,1,clock_rate_ratio,0.9999994718508218,0.999790741770258,1.0000901126961868,5,
flask_mw,stream,1,clock_rate_uncertainty,0.0006047707546240796,0.0005960799217274528,0.0006092120127620701,5,
flask_mw,stream,1,clock_rate_half_diff,0.0003179757076472445,8.24867390011308e-05,0.0005959453032827744,5,
flask_mw,stream,1,clock_step_ms,0.012,0.001,0.315,5,
flask_mw,stream,5,completions,103,103,103,5,
flask_mw,stream,5,failures,0,0,0,5,
flask_mw,stream,5,finished_loaded,103,103,103,5,
flask_mw,stream,5,error_rate_pct,0.0,0.0,0.0,5,
flask_mw,stream,5,locust_rps,1.7224539753165677,1.7214533742488698,1.7240663820454412,5,
flask_mw,stream,5,throughput_fixed_window,1.8053855736218938,1.8052658498691803,1.8055864817334528,5,
flask_mw,stream,5,throughput_completion_rate,1.7910865231245583,1.790122363168214,1.7925453950571257,5,
flask_mw,stream,5,ceiling_rps,1.7983024025320096,1.7983024025320096,1.7983024025320096,5,
flask_mw,stream,5,share_of_ceiling,1.0039388097796629,1.003872233795254,1.0040505307623386,5,
flask_mw,stream,5,share_of_ceiling_completion_rate,0.9959873937791045,0.9954512437105805,0.9967986432833666,5,
flask_mw,stream,5,closed_system_consistency,0.9999770572857573,0.9993147369411233,1.0003215808272274,5,
flask_mw,stream,5,min_1s_completions,1,1,1,5,
flask_mw,stream,5,min_1s_completion_ratio,0.5583203195876297,0.5578659278350557,0.558621030927835,5,
flask_mw,stream,5,latency_p50_ms,2789.251,2789.053,2789.556,5,False
flask_mw,stream,5,latency_p90_ms,2792.3362,2791.0708,2810.9642,5,False
flask_mw,stream,5,latency_p95_ms,2814.7476,2812.1241999999997,2816.4186999999997,5,False
flask_mw,stream,5,latency_p99_ms,2819.04298,2815.89276,2820.76994,5,False
flask_mw,stream,5,latency_mean_ms,2791.7483300970875,2790.9270582524273,2792.2277281553397,5,False
flask_mw,stream,5,inflight_at_stop,5,5,5,5,
flask_mw,stream,5,censoring_fraction,0.046296296296296294,0.046296296296296294,0.046296296296296294,5,
flask_mw,stream,5,late_inflight,0,0,0,5,
flask_mw,stream,5,max_inflight_age_ms,2346.9120000000003,2314.442,2360.018,5,
flask_mw,stream,5,response_law_R_ms,2791.6015979381486,2789.3296391752788,2793.1051546391755,5,
flask_mw,stream,5,derived_queue_wait_ms,0.0,0.0,0.0,5,
flask_mw,stream,5,derived_ttft_ms,566.075,566.075,566.075,5,
flask_mw,stream,5,stream_finished_loaded,103,103,103,5,
flask_mw,stream,5,stream_csr_pct,100.0,100.0,100.0,5,
flask_mw,stream,5,chunks_ok_pct,100.0,100.0,100.0,5,
flask_mw,stream,5,ttft_p50_ms,565.375,565.337,565.734,5,False
flask_mw,stream,5,ttft_p95_ms,573.7164,571.6757,574.9206,5,False
flask_mw,stream,5,ttft_p99_ms,576.23554,573.09156,576.48276,5,False
flask_mw,stream,5,tpot_p50_ms,202.093,202.051,202.124,5,
flask_mw,stream,5,tpot_p95_ms,202.3052,202.2499,202.3677,5,
flask_mw,stream,5,tpot_p99_ms,202.36059999999998,202.32178,202.53302,5,
flask_mw,stream,5,token_count_p50,12.0,12.0,12.0,5,
flask_mw,stream,5,cpu_mean_loaded_pct,3.6184100418410043,3.293723849372385,3.832217573221757,5,
flask_mw,stream,5,cpu_max_loaded_pct,28.1,24.2,35.6,5,
flask_mw,stream,5,cpu_ms_per_request,20.959072388350855,19.110249106797962,22.242316893204514,5,
flask_mw,stream,5,idle_rss_mb,967.94,966.04,970.14,5,
flask_mw,stream,5,peak_rss_mb,991.81,987.53,1001.52,5,
flask_mw,stream,5,rss_growth_mb,23.86999999999989,18.629999999999995,31.379999999999995,5,
flask_mw,stream,5,idle_uss_mb,660.73,658.62,663.19,5,
flask_mw,stream,5,peak_uss_mb,686.8,681.7,696.84,5,
flask_mw,stream,5,uss_growth_mb,26.069999999999936,20.610000000000014,33.64999999999998,5,
flask_mw,stream,5,sim_cpu_mean_pct,1.2217573221757323,1.1715481171548117,1.2384937238493723,5,
flask_mw,stream,5,sim_cpu_p95_pct,4.0,4.0,4.0,5,
flask_mw,stream,5,sim_peak_uss_mb,17.24,17.23,17.26,5,
flask_mw,stream,5,monitor_cpu_pct,5.525,5.411,5.574,5,
flask_mw,stream,5,sim_monitor_cpu_pct,0.448,0.431,0.448,5,
flask_mw,stream,5,clock_rate_ratio,1.0000145397708309,0.9999730514706707,1.0000901403958802,5,
flask_mw,stream,5,clock_rate_uncertainty,0.0006014174783396462,0.0005925054605978813,0.0006197954607000109,5,
flask_mw,stream,5,clock_rate_half_diff,0.0001405967945006248,1.3360675781504128e-05,0.0004311515305532865,5,
flask_mw,stream,5,clock_step_ms,0.031,0.001,0.075,5,
flask_mw,stream,10,completions,205,205,205,5,
flask_mw,stream,10,failures,0,0,0,5,
flask_mw,stream,10,finished_loaded,205,205,205,5,
flask_mw,stream,10,error_rate_pct,0.0,0.0,0.0,5,
flask_mw,stream,10,locust_rps,3.429988769223142,3.4289352084543547,3.4324833238722725,5,
flask_mw,stream,10,throughput_fixed_window,3.592410064583741,3.5917376890707016,3.593216795517256,5,
flask_mw,stream,10,throughput_completion_rate,3.5837643210177514,3.579991552696199,3.5859244332968685,5,
flask_mw,stream,10,ceiling_rps,3.596604805064019,3.596604805064019,3.596604805064019,5,
flask_mw,stream,10,share_of_ceiling,0.9988336943568635,0.998646747069218,0.999057997825618,5,
flask_mw,stream,10,share_of_ceiling_completion_rate,0.9964298318157757,0.9953808513116513,0.9970304294338614,5,
flask_mw,stream,10,closed_system_consistency,0.999883665382964,0.9987987059648722,1.0004648836275714,5,
flask_mw,stream,10,min_1s_completions,3,3,3,5,
flask_mw,stream,10,min_1s_completion_ratio,0.8371086185567111,0.8366043556701014,0.8379908041237164,5,
flask_mw,stream,10,latency_p50_ms,2789.099,2788.972,2789.196,5,False
flask_mw,stream,10,latency_p90_ms,2791.4052,2790.3694,2791.8849999999998,5,False
flask_mw,stream,10,latency_p95_ms,2813.8448,2809.4528,2814.7108,5,False
flask_mw,stream,10,latency_p99_ms,2817.1546,2815.78216,2818.23036,5,False
flask_mw,stream,10,latency_mean_ms,2791.0069512195123,2790.508248780488,2791.359975609756,5,False
flask_mw,stream,10,inflight_at_stop,10,10,10,5,
flask_mw,stream,10,censoring_fraction,0.046511627906976744,0.046511627906976744,0.046511627906976744,5,
flask_mw,stream,10,late_inflight,0,0,0,5,
flask_mw,stream,10,max_inflight_age_ms,2617.4300000000003,2601.295,2639.045,5,
flask_mw,stream,10,response_law_R_ms,2790.3620618557043,2788.6811855670044,2793.302680412388,5,
flask_mw,stream,10,derived_queue_wait_ms,0.0,0.0,0.0,5,
flask_mw,stream,10,derived_ttft_ms,566.075,566.075,566.075,5,
flask_mw,stream,10,stream_finished_loaded,205,205,205,5,
flask_mw,stream,10,stream_csr_pct,100.0,100.0,100.0,5,
flask_mw,stream,10,chunks_ok_pct,100.0,100.0,100.0,5,
flask_mw,stream,10,ttft_p50_ms,565.308,565.227,565.476,5,False
flask_mw,stream,10,ttft_p95_ms,572.7356,570.6416,573.0308,5,False
flask_mw,stream,10,ttft_p99_ms,575.0089200000001,572.74712,575.87852,5,False
flask_mw,stream,10,tpot_p50_ms,202.089,202.075,202.106,5,
flask_mw,stream,10,tpot_p95_ms,202.2818,202.2448,202.322,5,
flask_mw,stream,10,tpot_p99_ms,202.36504000000002,202.28895999999997,202.49756,5,
flask_mw,stream,10,token_count_p50,12.0,12.0,12.0,5,
flask_mw,stream,10,cpu_mean_loaded_pct,6.563179916317992,6.26625,6.746443514644351,5,
flask_mw,stream,10,cpu_max_loaded_pct,28.3,28.0,39.5,5,
flask_mw,stream,10,cpu_ms_per_request,19.12249292682875,18.28928862439104,19.6521904682928,5,
flask_mw,stream,10,idle_rss_mb,966.08,965.94,969.39,5,
flask_mw,stream,10,peak_rss_mb,1002.89,1000.45,1004.79,5,
flask_mw,stream,10,rss_growth_mb,36.75,33.5,38.620000000000005,5,
flask_mw,stream,10,idle_uss_mb,658.64,658.54,660.89,5,
flask_mw,stream,10,peak_uss_mb,698.09,694.94,700.98,5,
flask_mw,stream,10,uss_growth_mb,39.47000000000003,36.40000000000009,42.34000000000003,5,
flask_mw,stream,10,sim_cpu_mean_pct,2.276150627615063,2.2594142259414225,2.3263598326359833,5,
flask_mw,stream,10,sim_cpu_p95_pct,4.0,4.0,4.0,5,
flask_mw,stream,10,sim_peak_uss_mb,17.27,17.23,17.27,5,
flask_mw,stream,10,monitor_cpu_pct,5.626,5.574,5.721,5,
flask_mw,stream,10,sim_monitor_cpu_pct,0.431,0.415,0.431,5,
flask_mw,stream,10,clock_rate_ratio,0.9999682341618668,0.9999003540160439,1.0000136726786555,5,
flask_mw,stream,10,clock_rate_uncertainty,0.0006127468471425001,0.0006032662415076427,0.0006522608487639262,5,
flask_mw,stream,10,clock_rate_half_diff,0.0003462802359774919,3.100786264165212e-05,0.0005165803409241665,5,
flask_mw,stream,10,clock_step_ms,0.001,0.001,0.027,5,
flask_mw,stream,25,completions,352,352,352,5,
flask_mw,stream,25,failures,0,0,0,5,
flask_mw,stream,25,finished_loaded,352,352,352,5,
flask_mw,stream,25,error_rate_pct,0.0,0.0,0.0,5,
flask_mw,stream,25,locust_rps,5.846321857891575,5.845736674905873,5.847384211076543,5,
flask_mw,stream,25,throughput_fixed_window,6.172270477995122,6.171307983348491,6.172518217443782,5,
flask_mw,stream,25,throughput_completion_rate,6.163706153096828,6.160509492579759,6.164082107640589,5,
flask_mw,stream,25,ceiling_rps,6.1142281686088324,6.1142281686088324,6.1142281686088324,5,
flask_mw,stream,25,share_of_ceiling,1.0094929904128023,1.0093355715824792,1.0095335089282762,5,
flask_mw,stream,25,share_of_ceiling_completion_rate,1.0080922698864954,1.0075694466569862,1.0081537583578764,5,
flask_mw,stream,25,closed_system_consistency,1.0070024513104543,1.0065218383337615,1.0070981392176441,5,
flask_mw,stream,25,min_1s_completions,1,0,1,5,
flask_mw,stream,25,min_1s_completion_ratio,0.1622400508982036,0.0,0.1623242365269439,5,
flask_mw,stream,25,latency_p50_ms,3704.0055,3694.752,3706.4094999999998,5,False
flask_mw,stream,25,latency_p90_ms,4576.9722,4572.895600000001,4582.4781,5,False
flask_mw,stream,25,latency_p95_ms,4582.94975,4575.0104,4586.4114,5,False
flask_mw,stream,25,latency_p99_ms,4586.1524,4576.46754,4592.12444,5,False
flask_mw,stream,25,latency_mean_ms,4023.1421392045454,4022.7155426136364,4023.268056818182,5,False
flask_mw,stream,25,inflight_at_stop,25,25,25,5,
flask_mw,stream,25,censoring_fraction,0.06631299734748011,0.06631299734748011,0.06631299734748011,5,
flask_mw,stream,25,late_inflight,0,0,0,5,
flask_mw,stream,25,max_inflight_age_ms,3614.807,3611.521,3623.324,5,
flask_mw,stream,25,response_law_R_ms,4056.0012724550897,4055.7538922156223,4058.1059131735974,5,
flask_mw,stream,25,derived_queue_wait_ms,1297.9204071856288,1297.8412455089988,1298.593892215551,5,
flask_mw,stream,25,derived_ttft_ms,1863.995407185629,1863.9162455089988,1864.668892215551,5,
flask_mw,stream,25,stream_finished_loaded,352,352,352,5,
flask_mw,stream,25,stream_csr_pct,100.0,100.0,100.0,5,
flask_mw,stream,25,chunks_ok_pct,100.0,100.0,100.0,5,
flask_mw,stream,25,ttft_p50_ms,1480.3265,1471.0259999999998,1481.1715,5,False
flask_mw,stream,25,ttft_p95_ms,2359.17965,2350.27005,2362.8255,5,False
flask_mw,stream,25,ttft_p99_ms,2361.90477,2351.48082,2368.35855,5,False
flask_mw,stream,25,tpot_p50_ms,202.09,202.069,202.09449999999998,5,
flask_mw,stream,25,tpot_p95_ms,202.41119999999998,202.36275,202.443,5,
flask_mw,stream,25,tpot_p99_ms,202.511,202.47298,202.52096,5,
flask_mw,stream,25,token_count_p50,12.0,12.0,12.0,5,
flask_mw,stream,25,cpu_mean_loaded_pct,10.09163179916318,10.025416666666667,10.187029288702929,5,
flask_mw,stream,25,cpu_max_loaded_pct,48.7,44.0,61.0,5,
flask_mw,stream,25,cpu_ms_per_request,17.122841434658866,17.07554217613764,17.306319821023724,5,
flask_mw,stream,25,idle_rss_mb,967.25,966.37,967.68,5,
flask_mw,stream,25,peak_rss_mb,1006.49,1004.23,1007.73,5,
flask_mw,stream,25,rss_growth_mb,39.870000000000005,37.5,40.120000000000005,5,
flask_mw,stream,25,idle_uss_mb,658.44,658.23,660.74,5,
flask_mw,stream,25,peak_uss_mb,701.65,701.41,701.68,5,
flask_mw,stream,25,uss_growth_mb,43.17999999999995,40.91999999999996,43.24000000000001,5,
flask_mw,stream,25,sim_cpu_mean_pct,3.9,3.8665271966527195,4.0,5,
flask_mw,stream,25,sim_cpu_p95_pct,8.0,8.0,8.0,5,
flask_mw,stream,25,sim_peak_uss_mb,17.38,17.36,17.4,5,
flask_mw,stream,25,monitor_cpu_pct,5.807,5.657,5.905,5,
flask_mw,stream,25,sim_monitor_cpu_pct,0.431,0.415,0.464,5,
flask_mw,stream,25,clock_rate_ratio,0.9999990771659497,0.9998389306906516,1.0000513960845123,5,
flask_mw,stream,25,clock_rate_uncertainty,0.0006013141909482215,0.0005915089393439865,0.000614201282410896,5,
flask_mw,stream,25,clock_rate_half_diff,0.0002101512735802613,5.03988585603965e-05,0.0006103847405311003,5,
flask_mw,stream,25,clock_step_ms,0.001,0.001,0.026,5,
flask_mw,stream,50,completions,357,357,357,5,
flask_mw,stream,50,failures,0,0,0,5,
flask_mw,stream,50,finished_loaded,357,357,357,5,
flask_mw,stream,50,error_rate_pct,0.0,0.0,0.0,5,
flask_mw,stream,50,locust_rps,5.926081633655017,5.925764126778442,5.926362162651732,5,
flask_mw,stream,50,throughput_fixed_window,6.2638435804516,6.263479629675234,6.264459282558719,5,
flask_mw,stream,50,throughput_completion_rate,6.292737362471026,6.291969081004093,6.2961284270533415,5,
flask_mw,stream,50,ceiling_rps,6.1142281686088324,6.1142281686088324,6.1142281686088324,5,
flask_mw,stream,50,share_of_ceiling,1.0244700406522136,1.0244105154322956,1.0245707405427216,5,
flask_mw,stream,50,share_of_ceiling_completion_rate,1.0291957036832027,1.0290700489896343,1.0297503222693596,5,
flask_mw,stream,50,closed_system_consistency,0.9987265999279097,0.9986064821114481,0.9992247813355679,5,
flask_mw,stream,50,min_1s_completions,0,0,0,5,
flask_mw,stream,50,min_1s_completion_ratio,0.0,0.0,0.0,5,
flask_mw,stream,50,latency_p50_ms,8303.07,8302.123,8304.999,5,False
flask_mw,stream,50,latency_p90_ms,8313.6244,8312.6618,8317.4936,5,False
flask_mw,stream,50,latency_p95_ms,8315.9554,8315.1942,8325.2026,5,False
flask_mw,stream,50,latency_p99_ms,8318.37512,8317.59312,8336.118320000001,5,False
flask_mw,stream,50,latency_mean_ms,7691.538887955182,7691.229711484594,7691.592165266106,5,False
flask_mw,stream,50,inflight_at_stop,50,50,50,5,
flask_mw,stream,50,censoring_fraction,0.12285012285012285,0.12285012285012285,0.12285012285012285,5,
flask_mw,stream,50,late_inflight,0,0,0,5,
flask_mw,stream,50,max_inflight_age_ms,6795.397999999999,6790.879999999999,6803.445,5,
flask_mw,stream,50,response_law_R_ms,7945.667699114976,7941.388200589891,7946.637905604716,5,
flask_mw,stream,50,derived_queue_wait_ms,5244.1406814158845,5241.316212389329,5244.781017699113,5,
flask_mw,stream,50,derived_ttft_ms,5810.215681415884,5807.391212389329,5810.856017699113,5,
flask_mw,stream,50,stream_finished_loaded,357,357,357,5,
flask_mw,stream,50,stream_csr_pct,100.0,100.0,100.0,5,
flask_mw,stream,50,chunks_ok_pct,100.0,100.0,100.0,5,
flask_mw,stream,50,ttft_p50_ms,6079.563,6078.305,6080.951,5,False
flask_mw,stream,50,ttft_p95_ms,6091.9166,6091.5942,6101.7392,5,False
flask_mw,stream,50,ttft_p99_ms,6095.25916,6093.88932,6112.05908,5,False
flask_mw,stream,50,tpot_p50_ms,202.07,202.061,202.074,5,
flask_mw,stream,50,tpot_p95_ms,202.3142,202.2828,202.3486,5,
flask_mw,stream,50,tpot_p99_ms,202.46308000000002,202.43368,202.49844,5,
flask_mw,stream,50,token_count_p50,12.0,12.0,12.0,5,
flask_mw,stream,50,cpu_mean_loaded_pct,10.07531380753138,10.04142259414226,10.191213389121339,5,
flask_mw,stream,50,cpu_max_loaded_pct,84.4,72.2,89.5,5,
flask_mw,stream,50,cpu_ms_per_request,16.867459823530577,16.810783803920085,17.07462598319378,5,
flask_mw,stream,50,idle_rss_mb,966.85,964.43,968.98,5,
flask_mw,stream,50,peak_rss_mb,1006.26,1004.56,1006.91,5,
flask_mw,stream,50,rss_growth_mb,39.620000000000005,37.379999999999995,40.620000000000005,5,
flask_mw,stream,50,idle_uss_mb,658.57,658.46,660.78,5,
flask_mw,stream,50,peak_uss_mb,701.8,701.74,701.88,5,
flask_mw,stream,50,uss_growth_mb,43.27999999999997,40.99000000000001,43.299999999999955,5,
flask_mw,stream,50,sim_cpu_mean_pct,3.9497907949790796,3.8326359832635983,4.03347280334728,5,
flask_mw,stream,50,sim_cpu_p95_pct,8.0,8.0,8.0,5,
flask_mw,stream,50,sim_peak_uss_mb,17.59,17.52,17.6,5,
flask_mw,stream,50,monitor_cpu_pct,5.79,5.674,5.822,5,
flask_mw,stream,50,sim_monitor_cpu_pct,0.431,0.415,0.448,5,
flask_mw,stream,50,clock_rate_ratio,0.9999562796135786,0.9999504540898463,1.0000679970735622,5,
flask_mw,stream,50,clock_rate_uncertainty,0.0006081788099503671,0.0005931954098195505,0.0006214691329182096,5,
flask_mw,stream,50,clock_rate_half_diff,0.00016202481758065268,3.408107264801785e-05,0.0006096539518655186,5,
flask_mw,stream,50,clock_step_ms,0.001,0.001,0.111,5,
flask_mw,stream,100,completions,357,357,357,5,
flask_mw,stream,100,failures,0,0,0,5,
flask_mw,stream,100,finished_loaded,357,357,357,5,
flask_mw,stream,100,error_rate_pct,0.0,0.0,0.0,5,
flask_mw,stream,100,locust_rps,6.050570533389313,6.050082102386769,6.0508631065836935,5,
flask_mw,stream,100,throughput_fixed_window,6.264097409947042,6.263255549324164,6.264790703294372,5,
flask_mw,stream,100,throughput_completion_rate,6.346324903154854,6.34510866335499,6.349346316067146,5,
flask_mw,stream,100,ceiling_rps,6.1142281686088324,6.1142281686088324,6.1142281686088324,5,
flask_mw,stream,100,share_of_ceiling,1.0245115552127504,1.024373866431818,1.0246249453788043,5,
flask_mw,stream,100,share_of_ceiling_completion_rate,1.0379601035724564,1.0377611839760128,1.0384542645407704,5,
flask_mw,stream,100,closed_system_consistency,0.9350664076996352,0.934896572909929,0.9354792694129265,5,
flask_mw,stream,100,min_1s_completions,0,0,0,5,
flask_mw,stream,100,min_1s_completion_ratio,0.0,0.0,0.0,5,
flask_mw,stream,100,latency_p50_ms,16659.898,16656.729,16662.783,5,False
flask_mw,stream,100,latency_p90_ms,16676.4288,16671.9372,16682.827400000002,5,False
flask_mw,stream,100,latency_p95_ms,16679.888199999998,16675.966800000002,16694.7636,5,False
flask_mw,stream,100,latency_p99_ms,16687.958160000002,16678.32188,16705.90936,5,False
flask_mw,stream,100,latency_mean_ms,14165.903705882352,14165.506156862744,14166.210165266106,5,False
flask_mw,stream,100,inflight_at_stop,100,100,100,5,
flask_mw,stream,100,censoring_fraction,0.2188183807439825,0.2188183807439825,0.2188183807439825,5,
flask_mw,stream,100,late_inflight,0,0,0,5,
flask_mw,stream,100,max_inflight_age_ms,15173.507000000001,15160.885,15191.586,5,
flask_mw,stream,100,response_law_R_ms,15757.151032448479,15749.652802359831,15760.171386430564,5,
flask_mw,stream,100,derived_queue_wait_ms,13078.435356932237,13072.21182595866,13080.942250737367,5,
flask_mw,stream,100,derived_ttft_ms,13644.510356932238,13638.286825958661,13647.017250737368,5,
flask_mw,stream,100,stream_finished_loaded,357,357,357,5,
flask_mw,stream,100,stream_csr_pct,100.0,100.0,100.0,5,
flask_mw,stream,100,chunks_ok_pct,100.0,100.0,100.0,5,
flask_mw,stream,100,ttft_p50_ms,14436.421,14432.719,14439.66,5,False
flask_mw,stream,100,ttft_p95_ms,14456.059200000002,14452.4916,14471.201000000001,5,False
flask_mw,stream,100,ttft_p99_ms,14464.851719999999,14454.76672,14482.85816,5,False
flask_mw,stream,100,tpot_p50_ms,202.042,202.037,202.06,5,
flask_mw,stream,100,tpot_p95_ms,202.20680000000002,202.2024,202.2302,5,
flask_mw,stream,100,tpot_p99_ms,202.35336,202.33884,202.50008,5,
flask_mw,stream,100,token_count_p50,12.0,12.0,12.0,5,
flask_mw,stream,100,cpu_mean_loaded_pct,9.723012552301256,9.666945606694561,9.91673640167364,5,
flask_mw,stream,100,cpu_max_loaded_pct,112.0,100.0,131.1,5,
flask_mw,stream,100,cpu_ms_per_request,16.28367359383721,16.20378846778478,16.612981453780165,5,
flask_mw,stream,100,idle_rss_mb,968.06,966.92,970.86,5,
flask_mw,stream,100,peak_rss_mb,1005.77,1005.06,1007.63,5,
flask_mw,stream,100,rss_growth_mb,37.0,34.879999999999995,40.25,5,
flask_mw,stream,100,idle_uss_mb,660.82,658.7,663.16,5,
flask_mw,stream,100,peak_uss_mb,701.86,701.7,701.95,5,
flask_mw,stream,100,uss_growth_mb,41.00999999999999,38.54000000000008,43.19999999999993,5,
flask_mw,stream,100,sim_cpu_mean_pct,3.8497907949790795,3.8158995815899583,3.916317991631799,5,
flask_mw,stream,100,sim_cpu_p95_pct,8.0,8.0,8.0,5,
flask_mw,stream,100,sim_peak_uss_mb,17.61,17.59,17.63,5,
flask_mw,stream,100,monitor_cpu_pct,5.856,5.706,5.954,5,
flask_mw,stream,100,sim_monitor_cpu_pct,0.448,0.398,0.464,5,
flask_mw,stream,100,clock_rate_ratio,0.9999973238986957,0.999940704610216,1.000081188045088,5,
flask_mw,stream,100,clock_rate_uncertainty,0.0006070892624063679,0.0006022043078090977,0.0006286593808376032,5,
flask_mw,stream,100,clock_rate_half_diff,0.00032618809777018587,0.00014869041905118952,0.0004073105887849593,5,
flask_mw,stream,100,clock_step_ms,0.002,0.002,0.047,5,
tornado,inference,1,completions,20,20,20,5,
tornado,inference,1,failures,0,0,0,5,
tornado,inference,1,finished_loaded,20,20,20,5,
tornado,inference,1,error_rate_pct,0.0,0.0,0.0,5,
tornado,inference,1,locust_rps,0.3461541196124132,0.3461053581317095,0.3461677270627507,5,
tornado,inference,1,throughput_fixed_window,0.3512856470373431,0.3512606862249808,0.35133348283077664,5,
tornado,inference,1,throughput_completion_rate,0.34618522917632033,0.3461215104173521,0.3461939447332156,5,
tornado,inference,1,ceiling_rps,0.34746351633078526,0.34746351633078526,0.34746351633078526,5,
tornado,inference,1,share_of_ceiling,1.0110000921734734,1.0109282549554948,1.0111377635869752,5,
tornado,inference,1,share_of_ceiling_completion_rate,0.99632108956945,0.9961377069811395,0.9963461729421944,5,
tornado,inference,1,closed_system_consistency,0.9999588950590108,0.9999427226922226,0.9999677493537013,5,
tornado,inference,1,min_1s_completions,0,0,0,5,
tornado,inference,1,min_1s_completion_ratio,0.0,0.0,0.0,5,
tornado,inference,1,latency_p50_ms,2888.58,2888.3945,2888.8154999999997,5,False
tornado,inference,1,latency_p90_ms,2889.937,2889.6074,2890.7118,5,False
tornado,inference,1,latency_p95_ms,2890.2230999999997,2889.87355,2890.8003000000003,5,False
tornado,inference,1,latency_mean_ms,2888.6876,2888.5822,2889.0923,5,False
tornado,inference,1,inflight_at_stop,1,1,1,5,
tornado,inference,1,censoring_fraction,0.047619047619047616,0.047619047619047616,0.047619047619047616,5,
tornado,inference,1,late_inflight,0,0,0,5,
tornado,inference,1,max_inflight_age_ms,2061.7309999999998,2057.651,2071.964,5,
tornado,inference,1,response_law_R_ms,2888.6270000002696,2888.5542777780856,2889.1587777777913,5,
tornado,inference,1,derived_queue_wait_ms,10.627000000269618,10.554277778085634,11.158777777791329,5,
tornado,inference,1,cpu_mean_loaded_pct,0.1506276150627615,0.13389121338912133,0.16736401673640167,5,
tornado,inference,1,cpu_max_loaded_pct,4.0,4.0,4.0,5,
tornado,inference,1,cpu_ms_per_request,4.5014740000187885,3.9947220000176458,5.001829999979236,5,
tornado,inference,1,idle_rss_mb,55.71,55.53,55.71,5,
tornado,inference,1,peak_rss_mb,55.83,55.65,55.84,5,
tornado,inference,1,rss_growth_mb,0.11999999999999744,0.11999999999999744,0.13000000000000256,5,
tornado,inference,1,idle_uss_mb,43.62,43.61,43.64,5,
tornado,inference,1,peak_uss_mb,43.78,43.76,43.79,5,
tornado,inference,1,uss_growth_mb,0.14999999999999858,0.14999999999999858,0.1600000000000037,5,
tornado,inference,1,sim_cpu_mean_pct,0.0502092050209205,0.03347280334728033,0.06694560669456066,5,
tornado,inference,1,sim_cpu_p95_pct,0.0,0.0,0.0,5,
tornado,inference,1,sim_peak_uss_mb,19.12,19.12,19.12,5,
tornado,inference,1,monitor_cpu_pct,0.514,0.481,0.547,5,
tornado,inference,1,sim_monitor_cpu_pct,0.365,0.348,0.382,5,
tornado,inference,1,clock_rate_ratio,1.0000082860050337,0.9999606948207741,1.0001110437628284,5,
tornado,inference,1,clock_rate_uncertainty,0.0006105902566536169,0.0006048713828647873,0.0006297087031166858,5,
tornado,inference,1,clock_rate_half_diff,0.0002654334606199127,0.00010065158736316526,0.0008382341694725959,5,
tornado,inference,1,clock_step_ms,0.001,0.001,0.055,5,
tornado,inference,5,completions,99,99,99,5,
tornado,inference,5,failures,0,0,0,5,
tornado,inference,5,finished_loaded,99,99,99,5,
tornado,inference,5,error_rate_pct,0.0,0.0,0.0,5,
tornado,inference,5,locust_rps,1.6635817728327231,1.6634906008637915,1.6638861624439991,5,
tornado,inference,5,throughput_fixed_window,1.7378791264109945,1.737816323189933,1.7483463724265016,5,
tornado,inference,5,throughput_completion_rate,1.7319472987432623,1.7315173278896043,1.7320258413041596,5,
tornado,inference,5,ceiling_rps,1.7373175816539264,1.7373175816539264,1.7373175816539264,5,
tornado,inference,5,share_of_ceiling,1.0003232251621685,1.0002870756281255,1.0063481719686944,5,
tornado,inference,5,share_of_ceiling_completion_rate,0.9969088651566217,0.9966613739332563,0.9969540742546743,5,
tornado,inference,5,closed_system_consistency,1.0001287983946061,0.9998906977228227,1.000191941788215,5,
tornado,inference,5,min_1s_completions,1,1,1,5,
tornado,inference,5,min_1s_completion_ratio,0.5773847741935457,0.5773585913978236,0.5775281505376634,5,
tornado,inference,5,latency_p50_ms,2887.34,2887.055,2887.466,5,False
tornado,inference,5,latency_p90_ms,2888.6389999999997,2888.5214,2889.078,5,False
tornado,inference,5,latency_p95_ms,2890.0429,2889.2297,2890.8087,5,False
tornado,inference,5,latency_mean_ms,2887.484393939394,2887.250727272727,2887.7193333333335,5,False
tornado,inference,5,inflight_at_stop,5,5,5,5,
tornado,inference,5,censoring_fraction,0.04807692307692308,0.04807692307692308,0.04807692307692308,5,
tornado,inference,5,late_inflight,0,0,0,5,
tornado,inference,5,max_inflight_age_ms,2668.249,2340.3740000000003,2679.899,5,
tornado,inference,5,response_law_R_ms,2886.923870967729,2886.792956989118,2887.6407526883168,5,
tornado,inference,5,derived_queue_wait_ms,8.923870967728817,8.79295698911801,9.640752688316752,5,
tornado,inference,5,cpu_mean_loaded_pct,0.7861924686192469,0.7531380753138075,0.7899159663865546,5,
tornado,inference,5,cpu_max_loaded_pct,8.0,4.0,8.0,5,
tornado,inference,5,cpu_ms_per_request,4.745553212125392,4.548147474741917,4.750615757589601,5,
tornado,inference,5,idle_rss_mb,55.59,55.47,55.59,5,
tornado,inference,5,peak_rss_mb,55.96,55.85,56.09,5,
tornado,inference,5,rss_growth_mb,0.38000000000000256,0.36999999999999744,0.5,5,
tornado,inference,5,idle_uss_mb,43.57,43.56,43.58,5,
tornado,inference,5,peak_uss_mb,44.06,44.06,44.07,5,
tornado,inference,5,uss_growth_mb,0.490000000000002,0.490000000000002,0.5,5,
tornado,inference,5,sim_cpu_mean_pct,0.2510460251046025,0.2510460251046025,0.25210084033613445,5,
tornado,inference,5,sim_cpu_p95_pct,4.0,4.0,4.0,5,
tornado,inference,5,sim_peak_uss_mb,19.12,19.12,19.12,5,
tornado,inference,5,monitor_cpu_pct,0.564,0.481,0.58,5,
tornado,inference,5,sim_monitor_cpu_pct,0.382,0.365,0.463,5,
tornado,inference,5,clock_rate_ratio,1.0000238072957701,0.9998887056249256,1.0001260360565236,5,
tornado,inference,5,clock_rate_uncertainty,0.0006266489415804072,0.0006137824755542243,0.0006747437291942151,5,
tornado,inference,5,clock_rate_half_diff,0.0002446291348592311,0.00011265408324812043,0.00025822270856123986,5,
tornado,inference,5,clock_step_ms,0.003,0.001,0.045,5,
tornado,inference,10,completions,198,197,198,5,
tornado,inference,10,failures,0,0,0,5,
tornado,inference,10,finished_loaded,198,197,198,5,
tornado,inference,10,error_rate_pct,0.0,0.0,0.0,5,
tornado,inference,10,locust_rps,3.3109365517467184,3.3104595618016885,3.311363028207535,5,
tornado,inference,10,throughput_fixed_window,3.4754772153791778,3.4684048332392723,3.476456458610112,5,
tornado,inference,10,throughput_completion_rate,3.464449275858734,3.464088599308571,3.4647089496395176,5,
tornado,inference,10,ceiling_rps,3.4746351633078527,3.4746351633078527,3.4746351633078527,5,
tornado,inference,10,share_of_ceiling,1.0002423425861273,0.9982069110062626,1.0005241687879902,5,
tornado,inference,10,share_of_ceiling_completion_rate,0.9970685015921437,0.9969646988810067,0.9971432357062532,5,
tornado,inference,10,closed_system_consistency,1.0001192020653005,1.0000417621815578,1.0002507344922662,5,
tornado,inference,10,min_1s_completions,3,3,3,5,
tornado,inference,10,min_1s_completion_ratio,0.8659384973262133,0.8658735967741625,0.8660286577539609,5,
tornado,inference,10,latency_p50_ms,2886.7945,2886.63,2886.964,5,False
tornado,inference,10,latency_p90_ms,2888.133,2887.9744,2888.4840999999997,5,False
tornado,inference,10,latency_p95_ms,2889.04185,2888.7968,2889.4728,5,False
tornado,inference,10,latency_p99_ms,2891.24242,2890.7123199999996,2894.66176,5,False
tornado,inference,10,latency_mean_ms,2887.020813131313,2886.786883248731,2887.181131313131,5,False
tornado,inference,10,inflight_at_stop,10,10,10,5,
tornado,inference,10,censoring_fraction,0.04807692307692308,0.04807692307692308,0.04830917874396135,5,
tornado,inference,10,late_inflight,0,0,0,5,
tornado,inference,10,max_inflight_age_ms,2698.5260000000003,2680.948,2794.6879999999996,5,
tornado,inference,10,response_law_R_ms,2886.461657754044,2886.245322580542,2886.7621925132025,5,
tornado,inference,10,derived_queue_wait_ms,8.461657754044154,8.245322580542052,8.762192513202535,5,
tornado,inference,10,cpu_mean_loaded_pct,1.5230125523012552,1.495798319327731,1.5564853556485356,5,
tornado,inference,10,cpu_max_loaded_pct,8.0,4.0,8.0,5,
tornado,inference,10,cpu_ms_per_request,4.596343636356948,4.5164560406160925,4.697413939388523,5,
tornado,inference,10,idle_rss_mb,55.58,55.46,55.59,5,
tornado,inference,10,peak_rss_mb,56.33,56.21,56.33,5,
tornado,inference,10,rss_growth_mb,0.75,0.6199999999999974,0.75,5,
tornado,inference,10,idle_uss_mb,43.56,43.5,43.57,5,
tornado,inference,10,peak_uss_mb,44.35,44.3,44.36,5,
tornado,inference,10,uss_growth_mb,0.7899999999999991,0.7800000000000011,0.7999999999999972,5,
tornado,inference,10,sim_cpu_mean_pct,0.502092050209205,0.48535564853556484,0.5188284518828452,5,
tornado,inference,10,sim_cpu_p95_pct,4.0,4.0,4.0,5,
tornado,inference,10,sim_peak_uss_mb,19.12,19.12,19.12,5,
tornado,inference,10,monitor_cpu_pct,0.547,0.53,0.581,5,
tornado,inference,10,sim_monitor_cpu_pct,0.398,0.365,0.414,5,
tornado,inference,10,clock_rate_ratio,1.00005546690473,0.999990243649283,1.000171839922144,5,
tornado,inference,10,clock_rate_uncertainty,0.0006127461097832468,0.0005891807432439418,0.0006137159531490262,5,
tornado,inference,10,clock_rate_half_diff,0.0002431475837166852,0.00011058425730681165,0.00047207565635720705,5,
tornado,inference,10,clock_step_ms,0.026,0.001,0.027,5,
tornado,inference,25,completions,492,492,494,5,
tornado,inference,25,failures,0,0,0,5,
tornado,inference,25,finished_loaded,492,492,494,5,
tornado,inference,25,error_rate_pct,0.0,0.0,0.0,5,
tornado,inference,25,locust_rps,8.25288108380304,8.252430659508386,8.253716311015202,5,
tornado,inference,25,throughput_fixed_window,8.66490323228165,8.65376146741447,8.671835075749492,5,
tornado,inference,25,throughput_completion_rate,8.66162245497031,8.661296021555884,8.662948774440386,5,
tornado,inference,25,ceiling_rps,8.686587908269631,8.686587908269631,8.686587908269631,5,
tornado,inference,25,share_of_ceiling,0.9975036601002637,0.9962210201287537,0.9983016539202816,5,
tornado,inference,25,share_of_ceiling_completion_rate,0.9971259770161821,0.9970883980015134,0.9972786629135773,5,
tornado,inference,25,closed_system_consistency,1.0001623078404034,1.00010665521176,1.0003171365753332,5,
tornado,inference,25,min_1s_completions,8,8,8,5,
tornado,inference,25,min_1s_completion_ratio,0.9236144892703503,0.9234730815451219,0.9236492991452921,5,
tornado,inference,25,latency_p50_ms,2886.666,2886.5434999999998,2886.7685,5,False
tornado,inference,25,latency_p90_ms,2888.2122,2887.8894999999998,2888.3041,5,False
tornado,inference,25,latency_p95_ms,2889.0068,2888.78905,2889.27275,5,False
tornado,inference,25,latency_p99_ms,2890.48384,2890.17191,2891.05374,5,False
tornado,inference,25,latency_mean_ms,2886.9350508130083,2886.8200101626016,2886.9487018255577,5,False
tornado,inference,25,inflight_at_stop,25,24,25,5,
tornado,inference,25,censoring_fraction,0.048355899419729204,0.04642166344294004,0.048355899419729204,5,
tornado,inference,25,late_inflight,0,0,0,5,
tornado,inference,25,max_inflight_age_ms,2797.489,2794.724,2855.529,5,
tornado,inference,25,response_law_R_ms,2886.2952789698447,2885.853379828506,2886.404059829038,5,
tornado,inference,25,derived_queue_wait_ms,8.29527896984473,7.853379828506149,8.404059829038033,5,
tornado,inference,25,cpu_mean_loaded_pct,3.933054393305439,3.8493723849372383,3.9491596638655464,5,
tornado,inference,25,cpu_max_loaded_pct,8.1,8.0,12.0,5,
tornado,inference,25,cpu_ms_per_request,4.775992284551774,4.674222300816036,4.776932646340414,5,
tornado,inference,25,idle_rss_mb,55.58,55.34,55.59,5,
tornado,inference,25,peak_rss_mb,57.21,56.84,57.21,5,
tornado,inference,25,rss_growth_mb,1.6199999999999974,1.3800000000000026,1.6300000000000026,5,
tornado,inference,25,idle_uss_mb,43.5,43.46,43.56,5,
tornado,inference,25,peak_uss_mb,45.09,45.06,45.14,5,
tornado,inference,25,uss_growth_mb,1.5900000000000034,1.5799999999999983,1.6000000000000014,5,
tornado,inference,25,sim_cpu_mean_pct,1.2715481171548118,1.2552301255230125,1.288702928870293,5,
tornado,inference,25,sim_cpu_p95_pct,4.0,4.0,4.0,5,
tornado,inference,25,sim_peak_uss_mb,19.12,19.12,19.12,5,
tornado,inference,25,monitor_cpu_pct,0.547,0.513,0.564,5,
tornado,inference,25,sim_monitor_cpu_pct,0.414,0.381,0.431,5,
tornado,inference,25,clock_rate_ratio,0.9999475273695229,0.9999032887163871,1.0000904132164754,5,
tornado,inference,25,clock_rate_uncertainty,0.0006132846340424931,0.0005966813549358158,0.0006169294015723712,5,
tornado,inference,25,clock_rate_half_diff,0.0002540512150359664,0.00011847079595139753,0.0005436051635533401,5,
tornado,inference,25,clock_step_ms,0.001,0.001,0.033,5,
tornado,inference,50,completions,987,987,987,5,
tornado,inference,50,failures,0,0,0,5,
tornado,inference,50,finished_loaded,986,986,987,5,
tornado,inference,50,error_rate_pct,0.0,0.0,0.0,5,
tornado,inference,50,locust_rps,16.49074427606368,16.48943672956625,16.49186434879023,5,
tornado,inference,50,throughput_fixed_window,17.307215683037597,17.306048387659725,17.323723855575185,5,
tornado,inference,50,throughput_completion_rate,17.32153107810628,17.320199169709092,17.322653917193467,5,
tornado,inference,50,ceiling_rps,17.373175816539263,17.373175816539263,17.373175816539263,5,
tornado,inference,50,share_of_ceiling,0.9962033347156442,0.9961361451936939,0.9971535451269077,5,
tornado,inference,50,share_of_ceiling_completion_rate,0.9970273288557975,0.9969506642084554,0.997091959473656,5,
tornado,inference,50,closed_system_consistency,1.0000436503117838,0.9999488997446839,1.000087956448803,5,
tornado,inference,50,min_1s_completions,17,17,17,5,
tornado,inference,50,min_1s_completion_ratio,0.981437490909064,0.9813738749999953,0.9815129626067418,5,
tornado,inference,50,latency_p50_ms,2886.666,2886.637,2886.7,5,False
tornado,inference,50,latency_p90_ms,2888.1224,2887.9772,2888.1947999999998,5,False
tornado,inference,50,latency_p95_ms,2888.8118999999997,2888.7562,2888.9219,5,False
tornado,inference,50,latency_p99_ms,2890.4184800000003,2890.1338800000003,2891.05456,5,False
tornado,inference,50,latency_mean_ms,2886.842938196555,2886.7960739614996,2886.8751945288755,5,False
tornado,inference,50,inflight_at_stop,49,49,50,5,
tornado,inference,50,censoring_fraction,0.0472972972972973,0.0472972972972973,0.048216007714561235,5,
tornado,inference,50,late_inflight,0,0,0,5,
tornado,inference,50,max_inflight_age_ms,2859.5190000000002,2848.709,2865.851,5,
tornado,inference,50,response_law_R_ms,2886.580855614894,2886.393749999986,2886.8028311962994,5,
tornado,inference,50,derived_queue_wait_ms,8.580855614894062,8.393749999986085,8.802831196299394,5,
tornado,inference,50,cpu_mean_loaded_pct,8.150627615062762,8.117573221757322,8.184518828451884,5,
tornado,inference,50,cpu_max_loaded_pct,12.1,12.0,16.2,5,
tornado,inference,50,cpu_ms_per_request,4.93916674442166,4.919180779919484,4.95936658620871,5,
tornado,inference,50,idle_rss_mb,55.59,55.34,55.59,5,
tornado,inference,50,peak_rss_mb,58.34,58.09,58.34,5,
tornado,inference,50,rss_growth_mb,2.75,2.75,2.75,5,
tornado,inference,50,idle_uss_mb,43.55,43.52,43.56,5,
tornado,inference,50,peak_uss_mb,46.3,46.29,46.32,5,
tornado,inference,50,uss_growth_mb,2.769999999999996,2.75,2.770000000000003,5,
tornado,inference,50,sim_cpu_mean_pct,2.5606694560669454,2.5598326359832635,2.577405857740586,5,
tornado,inference,50,sim_cpu_p95_pct,4.0,4.0,4.0,5,
tornado,inference,50,sim_peak_uss_mb,19.12,19.12,19.12,5,
tornado,inference,50,monitor_cpu_pct,0.514,0.498,0.564,5,
tornado,inference,50,sim_monitor_cpu_pct,0.415,0.348,0.431,5,
tornado,inference,50,clock_rate_ratio,0.999958247561974,0.9998387920693531,1.0001037013576226,5,
tornado,inference,50,clock_rate_uncertainty,0.0006072605542230921,0.0005927172816717409,0.0006121681670067042,5,
tornado,inference,50,clock_rate_half_diff,0.0002562598343649469,0.00024252210851527511,0.00040529226027929965,5,
tornado,inference,50,clock_step_ms,0.001,0.001,0.075,5,
tornado,inference,100,completions,1973,1973,1974,5,
tornado,inference,100,failures,0,0,0,5,
tornado,inference,100,finished_loaded,1972,1972,1973,5,
tornado,inference,100,error_rate_pct,0.0,0.0,0.0,5,
tornado,inference,100,locust_rps,32.96004886329501,32.958340712624626,32.96320357436412,5,
tornado,inference,100,throughput_fixed_window,34.61468447130307,34.61078156511927,34.63243509374031,5,
tornado,inference,100,throughput_completion_rate,34.64148166798679,34.63891174647262,34.64672121652122,5,
tornado,inference,100,ceiling_rps,34.746351633078525,34.746351633078525,34.746351633078525,5,
tornado,inference,100,share_of_ceiling,0.9962106190841025,0.9960982934441326,0.9967214819978463,5,
tornado,inference,100,share_of_ceiling_completion_rate,0.9969818424046598,0.9969078800634821,0.9971326366114808,5,
tornado,inference,100,closed_system_consistency,1.0000918943345083,0.9999993777718335,1.0002175203329635,5,
tornado,inference,100,min_1s_completions,34,33,34,5,
tornado,inference,100,min_1s_completion_ratio,0.9814786720084717,0.9526265563870389,0.9815550860503669,5,
tornado,inference,100,latency_p50_ms,2886.886,2886.805,2886.9365,5,False
tornado,inference,100,latency_p90_ms,2888.2788,2888.2606,2888.5613,5,False
tornado,inference,100,latency_p95_ms,2889.1436,2888.9592000000002,2889.4187,5,False
tornado,inference,100,latency_p99_ms,2890.898,2890.6272400000003,2891.84853,5,False
tornado,inference,100,latency_mean_ms,2887.086750633553,2886.9790932589963,2887.1819103343464,5,False
tornado,inference,100,inflight_at_stop,99,98,100,5,
tornado,inference,100,censoring_fraction,0.04777992277992278,0.0472972972972973,0.0482392667631452,5,
tornado,inference,100,late_inflight,0,0,0,5,
tornado,inference,100,max_inflight_age_ms,2878.6589999999997,2850.8900000000003,2882.1569999999997,5,
tornado,inference,100,response_law_R_ms,2886.7125534186644,2886.2760021376916,2886.92672367755,5,
tornado,inference,100,derived_queue_wait_ms,8.712553418664356,8.276002137691648,8.926723677549944,5,
tornado,inference,100,cpu_mean_loaded_pct,17.323012552301254,17.141004184100417,17.390376569037656,5,
tornado,inference,100,cpu_max_loaded_pct,28.0,28.0,32.0,5,
tornado,inference,100,cpu_ms_per_request,5.248494643509585,5.19101188798821,5.266381113026094,5,
tornado,inference,100,idle_rss_mb,55.59,55.34,55.59,5,
tornado,inference,100,peak_rss_mb,60.59,60.46,60.71,5,
tornado,inference,100,rss_growth_mb,5.0,5.0,5.130000000000003,5,
tornado,inference,100,idle_uss_mb,43.54,43.52,43.55,5,
tornado,inference,100,peak_uss_mb,48.7,48.64,48.7,5,
tornado,inference,100,uss_growth_mb,5.150000000000006,5.119999999999997,5.160000000000004,5,
tornado,inference,100,sim_cpu_mean_pct,5.205020920502092,5.1543933054393305,5.239748953974895,5,
tornado,inference,100,sim_cpu_p95_pct,8.0,8.0,8.0,5,
tornado,inference,100,sim_peak_uss_mb,19.12,19.12,19.12,5,
tornado,inference,100,monitor_cpu_pct,0.564,0.498,0.564,5,
tornado,inference,100,sim_monitor_cpu_pct,0.382,0.365,0.415,5,
tornado,inference,100,clock_rate_ratio,0.9999173510408711,0.9998213765023011,1.0000774881939003,5,
tornado,inference,100,clock_rate_uncertainty,0.0006093639409873096,0.0006003274326149248,0.0006578376905396769,5,
tornado,inference,100,clock_rate_half_diff,0.00029033884195772686,4.7548459971791246e-05,0.0006196915841740758,5,
tornado,inference,100,clock_step_ms,0.016,0.001,0.068,5,
tornado,pipeline,1,completions,21,21,21,5,
tornado,pipeline,1,failures,0,0,0,5,
tornado,pipeline,1,finished_loaded,21,21,21,5,
tornado,pipeline,1,error_rate_pct,0.0,0.0,0.0,5,
tornado,pipeline,1,locust_rps,0.36039149442138246,0.3602519303404886,0.36040473373350523,5,
tornado,pipeline,1,throughput_fixed_window,0.3681991680477896,0.368173210576935,0.3682341985124571,5,
tornado,pipeline,1,throughput_completion_rate,0.36041573006000355,0.36029436960213246,0.3604582600717471,5,
tornado,pipeline,1,ceiling_rps,0.3621220351258374,0.3621220351258374,0.3621220351258374,5,
tornado,pipeline,1,share_of_ceiling,1.016782002563971,1.016710321008206,1.0168787391921503,5,
tornado,pipeline,1,share_of_ceiling_completion_rate,0.9952880385606998,0.9949529016562888,0.9954054851881295,5,
tornado,pipeline,1,closed_system_consistency,0.9999223180801707,0.999901688940522,0.9999507518899049,5,
tornado,pipeline,1,min_1s_completions,0,0,0,5,
tornado,pipeline,1,min_1s_completion_ratio,0.0,0.0,0.0,5,
tornado,pipeline,1,latency_p50_ms,2774.301,2773.985,2774.783,5,False
tornado,pipeline,1,latency_p90_ms,2775.759,2775.21,2777.235,5,False
tornado,pipeline,1,latency_p95_ms,2775.913,2775.394,2778.35,5,False
tornado,pipeline,1,latency_mean_ms,2774.4894285714286,2774.389380952381,2775.5399523809524,5,False
tornado,pipeline,1,inflight_at_stop,1,1,1,5,
tornado,pipeline,1,censoring_fraction,0.045454545454545456,0.045454545454545456,0.045454545454545456,5,
tornado,pipeline,1,late_inflight,0,0,0,5,
tornado,pipeline,1,max_inflight_age_ms,1572.23,1544.336,1576.534,5,
tornado,pipeline,1,response_law_R_ms,2774.573684210497,2774.2463157896723,2775.508263157941,5,
tornado,pipeline,1,derived_queue_wait_ms,13.07368421049705,12.74631578967228,14.008263157941201,5,
tornado,pipeline,1,pipeline_completion_pct,100.0,100.0,100.0,5,
tornado,pipeline,1,stage1_p50_ms,0.001,0.001,0.001,5,
tornado,pipeline,1,stage1_p95_ms,0.001,0.001,0.001,5,
tornado,pipeline,1,stage2_p50_ms,50.716,50.682,50.812,5,
tornado,pipeline,1,stage2_p95_ms,50.881,50.851,51.297,5,
tornado,pipeline,1,stage3_p50_ms,2720.492,2720.355,2721.046,5,
tornado,pipeline,1,stage3_p95_ms,2721.943,2721.325,2723.585,5,
tornado,pipeline,1,stage4_p50_ms,0.002,0.002,0.002,5,
tornado,pipeline,1,stage4_p95_ms,0.002,0.002,0.002,5,
tornado,pipeline,1,e2e_server_p50_ms,2771.229,2771.152,2771.88,5,
tornado,pipeline,1,e2e_server_p95_ms,2772.74,2772.063,2774.265,5,
tornado,pipeline,1,e2e_client_p50_ms,2774.301,2773.985,2774.783,5,False
tornado,pipeline,1,e2e_client_p95_ms,2775.913,2775.394,2778.35,5,False
tornado,pipeline,1,cpu_mean_loaded_pct,0.200836820083682,0.200836820083682,0.23430962343096234,5,
tornado,pipeline,1,cpu_max_loaded_pct,4.0,4.0,8.0,5,
tornado,pipeline,1,cpu_ms_per_request,5.716552380971345,5.71049904762601,6.671798095215178,5,
tornado,pipeline,1,idle_rss_mb,55.59,55.58,55.71,5,
tornado,pipeline,1,peak_rss_mb,55.71,55.58,55.96,5,
tornado,pipeline,1,rss_growth_mb,0.11999999999999744,0.0,0.25,5,
tornado,pipeline,1,idle_uss_mb,43.6,43.6,43.66,5,
tornado,pipeline,1,peak_uss_mb,43.79,43.79,43.86,5,
tornado,pipeline,1,uss_growth_mb,0.18999999999999773,0.17999999999999972,0.20000000000000284,5,
tornado,pipeline,1,sim_cpu_mean_pct,0.06694560669456066,0.0502092050209205,0.06694560669456066,5,
tornado,pipeline,1,sim_cpu_p95_pct,0.0,0.0,0.0,5,
tornado,pipeline,1,sim_peak_uss_mb,19.14,19.14,19.14,5,
tornado,pipeline,1,monitor_cpu_pct,0.548,0.465,0.581,5,
tornado,pipeline,1,sim_monitor_cpu_pct,0.365,0.348,0.481,5,
tornado,pipeline,1,clock_rate_ratio,1.0000595399231154,1.0000260112059502,1.000206060300187,5,
tornado,pipeline,1,clock_rate_uncertainty,0.0006078802540423735,0.0005994154693701198,0.0006182771844326375,5,
tornado,pipeline,1,clock_rate_half_diff,0.0002502340824425131,6.758502265125088e-05,0.0005946374176629687,5,
tornado,pipeline,1,clock_step_ms,0.001,0.001,0.101,5,
tornado,pipeline,5,completions,103,102,103,5,
tornado,pipeline,5,failures,0,0,0,5,
tornado,pipeline,5,finished_loaded,103,102,103,5,
tornado,pipeline,5,error_rate_pct,0.0,0.0,0.0,5,
tornado,pipeline,5,locust_rps,1.7353437223261885,1.7347618749906217,1.7354134534583074,5,
tornado,pipeline,5,throughput_fixed_window,1.8085010936838786,1.8039407816493214,1.8188204007403586,5,
tornado,pipeline,5,throughput_completion_rate,1.803828415675637,1.8038173125810835,1.8045375321814912,5,
tornado,pipeline,5,ceiling_rps,1.8106101756291872,1.8106101756291872,1.8106101756291872,5,
tornado,pipeline,5,share_of_ceiling,0.998835154041606,0.99631649370492,1.0045345073288998,5,
tornado,pipeline,5,share_of_ceiling_completion_rate,0.9962544339776542,0.9962483017385323,0.9966460790238374,5,
tornado,pipeline,5,closed_system_consistency,1.0001335468620112,1.0000344410922,1.000169981056509,5,
tornado,pipeline,5,min_1s_completions,1,1,1,5,
tornado,pipeline,5,min_1s_completion_ratio,0.5543764536082234,0.5541586041666354,0.5543798659793875,5,
tornado,pipeline,5,latency_p50_ms,2772.052,2771.2889999999998,2772.136,5,False
tornado,pipeline,5,latency_p90_ms,2773.1512,2772.9414,2773.2746,5,False
tornado,pipeline,5,latency_p95_ms,2774.0685,2773.3571,2775.28055,5,False
tornado,pipeline,5,latency_p99_ms,2777.48936,2775.8945799999997,2779.86306,5,False
tornado,pipeline,5,latency_mean_ms,2772.187932038835,2771.472068627451,2772.4807475728153,5,False
tornado,pipeline,5,inflight_at_stop,5,5,5,5,
tornado,pipeline,5,censoring_fraction,0.046296296296296294,0.046296296296296294,0.04672897196261682,5,
tornado,pipeline,5,late_inflight,0,0,0,5,
tornado,pipeline,5,max_inflight_age_ms,2603.561,2317.9599999999996,2738.757,5,
tornado,pipeline,5,response_law_R_ms,2771.8822680411176,2770.793020833177,2771.8993298969376,5,
tornado,pipeline,5,derived_queue_wait_ms,10.38226804111764,9.293020833176797,10.399329896937616,5,
tornado,pipeline,5,pipeline_completion_pct,100.0,100.0,100.0,5,
tornado,pipeline,5,stage1_p50_ms,0.001,0.001,0.001,5,
tornado,pipeline,5,stage1_p95_ms,0.001,0.001,0.001,5,
tornado,pipeline,5,stage1_p99_ms,0.001,0.001,0.001,5,
tornado,pipeline,5,stage2_p50_ms,50.702,50.565,50.717,5,
tornado,pipeline,5,stage2_p95_ms,50.900600000000004,50.81995,50.954600000000006,5,
tornado,pipeline,5,stage2_p99_ms,51.17902,50.89394,51.2399,5,
tornado,pipeline,5,stage3_p50_ms,2718.333,2717.639,2718.401,5,
tornado,pipeline,5,stage3_p95_ms,2719.61695,2719.4609,2719.9629999999997,5,
tornado,pipeline,5,stage3_p99_ms,2721.71304,2720.52706,2723.06108,5,
tornado,pipeline,5,stage4_p50_ms,0.002,0.002,0.002,5,
tornado,pipeline,5,stage4_p95_ms,0.002,0.002,0.003,5,
tornado,pipeline,5,stage4_p99_ms,0.003,0.002,0.005940000000000012,5,
tornado,pipeline,5,e2e_server_p50_ms,2769.072,2768.257,2769.158,5,
tornado,pipeline,5,e2e_server_p95_ms,2770.50525,2770.3936,2770.7477,5,
tornado,pipeline,5,e2e_server_p99_ms,2772.6754800000003,2772.12914,2773.66798,5,
tornado,pipeline,5,e2e_client_p50_ms,2772.052,2771.2889999999998,2772.136,5,False
tornado,pipeline,5,e2e_client_p95_ms,2774.0685,2773.3571,2775.28055,5,False
tornado,pipeline,5,e2e_client_p99_ms,2777.48936,2775.8945799999997,2779.86306,5,False
tornado,pipeline,5,cpu_mean_loaded_pct,1.00418410041841,0.9661016949152542,1.0252100840336134,5,
tornado,pipeline,5,cpu_max_loaded_pct,8.0,4.0,8.0,5,
tornado,pipeline,5,cpu_ms_per_request,5.825620194169742,5.586699999985285,5.927131650480553,5,
tornado,pipeline,5,idle_rss_mb,55.58,55.33,55.71,5,
tornado,pipeline,5,peak_rss_mb,55.97,55.95,56.21,5,
tornado,pipeline,5,rss_growth_mb,0.6199999999999974,0.37000000000000455,0.6300000000000026,5,
tornado,pipeline,5,idle_uss_mb,43.57,43.52,43.67,5,
tornado,pipeline,5,peak_uss_mb,44.16,44.1,44.25,5,
tornado,pipeline,5,uss_growth_mb,0.5799999999999983,0.5799999999999983,0.5899999999999963,5,
tornado,pipeline,5,sim_cpu_mean_pct,0.2857142857142857,0.28451882845188287,0.301255230125523,5,
tornado,pipeline,5,sim_cpu_p95_pct,4.0,4.0,4.0,5,
tornado,pipeline,5,sim_peak_uss_mb,19.14,16.66,19.14,5,
tornado,pipeline,5,monitor_cpu_pct,0.53,0.463,0.547,5,
tornado,pipeline,5,sim_monitor_cpu_pct,0.398,0.397,0.464,5,
tornado,pipeline,5,clock_rate_ratio,0.9998337519687839,0.9998272467495685,1.0001627291359723,5,
tornado,pipeline,5,clock_rate_uncertainty,0.000614667966171151,0.0006104460755791786,0.0006503450710552299,5,
tornado,pipeline,5,clock_rate_half_diff,0.0003248874793669865,5.558164893337825e-06,0.0005292452958000071,5,
tornado,pipeline,5,clock_step_ms,0.001,0.001,0.015,5,
tornado,pipeline,10,completions,205,205,206,5,
tornado,pipeline,10,failures,0,0,0,5,
tornado,pipeline,10,finished_loaded,205,204,206,5,
tornado,pipeline,10,error_rate_pct,0.0,0.0,0.0,5,
tornado,pipeline,10,locust_rps,3.4545026623984487,3.453684055592882,3.454540863670648,5,
tornado,pipeline,10,throughput_fixed_window,3.6089762490132085,3.6036056905286737,3.6154960466404678,5,
tornado,pipeline,10,throughput_completion_rate,3.6079488245562166,3.607618869237855,3.608922633348937,5,
tornado,pipeline,10,ceiling_rps,3.6212203512583745,3.6212203512583745,3.6212203512583745,5,
tornado,pipeline,10,share_of_ceiling,0.9966187911649974,0.9951357114394931,0.998419233279765,5,
tornado,pipeline,10,share_of_ceiling_completion_rate,0.9963350679011991,0.9962439507400336,0.9966039851993088,5,
tornado,pipeline,10,closed_system_consistency,1.0002603723317562,1.0001964495844884,1.000552307573664,5,
tornado,pipeline,10,min_1s_completions,3,3,3,5,
tornado,pipeline,10,min_1s_completion_ratio,0.8314973814433204,0.8312730154639306,0.8315734307692485,5,
tornado,pipeline,10,latency_p50_ms,2772.333,2772.16,2772.621,5,False
tornado,pipeline,10,latency_p90_ms,2773.9424,2773.4246,2774.2396,5,False
tornado,pipeline,10,latency_p95_ms,2775.112,2774.0488,2775.319,5,False
tornado,pipeline,10,latency_p99_ms,2777.3944500000002,2776.92472,2782.40724,5,False
tornado,pipeline,10,latency_mean_ms,2772.622575609756,2772.370424390244,2772.8110048780486,5,False
tornado,pipeline,10,inflight_at_stop,10,9,10,5,
tornado,pipeline,10,censoring_fraction,0.046511627906976744,0.04205607476635514,0.046511627906976744,5,
tornado,pipeline,10,late_inflight,0,0,0,5,
tornado,pipeline,10,max_inflight_age_ms,2632.663,2525.27,2730.077,5,
tornado,pipeline,10,response_law_R_ms,2771.6579381444017,2770.910051546435,2771.9114358974953,5,
tornado,pipeline,10,derived_queue_wait_ms,10.157938144401669,9.41005154643517,10.411435897495267,5,
tornado,pipeline,10,pipeline_completion_pct,100.0,100.0,100.0,5,
tornado,pipeline,10,stage1_p50_ms,0.001,0.001,0.001,5,
tornado,pipeline,10,stage1_p95_ms,0.001,0.001,0.001,5,
tornado,pipeline,10,stage1_p99_ms,0.001,0.001,0.001,5,
tornado,pipeline,10,stage2_p50_ms,50.736,50.714,50.7435,5,
tornado,pipeline,10,stage2_p95_ms,50.9766,50.898199999999996,51.1718,5,
tornado,pipeline,10,stage2_p99_ms,51.33124000000001,51.02472,52.00688,5,
tornado,pipeline,10,stage3_p50_ms,2718.392,2718.225,2718.559,5,
tornado,pipeline,10,stage3_p95_ms,2719.956,2719.6572,2720.1636,5,
tornado,pipeline,10,stage3_p99_ms,2721.11188,2720.71976,2721.9539999999997,5,
tornado,pipeline,10,stage4_p50_ms,0.002,0.002,0.002,5,
tornado,pipeline,10,stage4_p95_ms,0.003,0.002,0.003,5,
tornado,pipeline,10,stage4_p99_ms,0.003,0.0029600000000000078,0.003949999999999988,5,
tornado,pipeline,10,e2e_server_p50_ms,2769.1845000000003,2769.027,2769.391,5,
tornado,pipeline,10,e2e_server_p95_ms,2770.8234,2770.4462,2771.161,5,
tornado,pipeline,10,e2e_server_p99_ms,2771.9838,2771.5111199999997,2772.94925,5,
tornado,pipeline,10,e2e_client_p50_ms,2772.333,2772.16,2772.621,5,False
tornado,pipeline,10,e2e_client_p95_ms,2775.112,2774.0488,2775.319,5,False
tornado,pipeline,10,e2e_client_p99_ms,2777.3944500000002,2776.92472,2782.40724,5,False
tornado,pipeline,10,cpu_mean_loaded_pct,2.227426160337553,2.2016806722689077,2.2521008403361344,5,
tornado,pipeline,10,cpu_max_loaded_pct,8.0,8.0,8.0,5,
tornado,pipeline,10,cpu_ms_per_request,6.470264161756966,6.390341268292994,6.5344058536617755,5,
tornado,pipeline,10,idle_rss_mb,55.48,55.34,55.59,5,
tornado,pipeline,10,peak_rss_mb,56.34,56.21,56.58,5,
tornado,pipeline,10,rss_growth_mb,0.8699999999999974,0.75,1.0,5,
tornado,pipeline,10,idle_uss_mb,43.55,43.54,43.57,5,
tornado,pipeline,10,peak_uss_mb,44.46,44.45,44.47,5,
tornado,pipeline,10,uss_growth_mb,0.9100000000000037,0.8999999999999986,0.9200000000000017,5,
tornado,pipeline,10,sim_cpu_mean_pct,0.6527196652719666,0.638235294117647,0.6582278481012658,5,
tornado,pipeline,10,sim_cpu_p95_pct,4.0,4.0,4.0,5,
tornado,pipeline,10,sim_peak_uss_mb,19.14,19.14,19.14,5,
tornado,pipeline,10,monitor_cpu_pct,0.578,0.531,0.595,5,
tornado,pipeline,10,sim_monitor_cpu_pct,0.446,0.413,0.496,5,
tornado,pipeline,10,clock_rate_ratio,0.9998672415109549,0.9997997992728489,1.0000618739068325,5,
tornado,pipeline,10,clock_rate_uncertainty,0.0006601550865423634,0.0006213014304924701,0.0006728044661523398,5,
tornado,pipeline,10,clock_rate_half_diff,0.0002698097231639274,0.00016088181871010132,0.0007336412177525453,5,
tornado,pipeline,10,clock_step_ms,0.013,0.001,0.025,5,
tornado,pipeline,25,completions,515,512,515,5,
tornado,pipeline,25,failures,0,0,0,5,
tornado,pipeline,25,finished_loaded,514,511,515,5,
tornado,pipeline,25,error_rate_pct,0.0,0.0,0.0,5,
tornado,pipeline,25,locust_rps,8.610021342783146,8.608999540625785,8.611168080226438,5,
tornado,pipeline,25,throughput_fixed_window,9.01466183764993,9.011211303297545,9.027329965880138,5,
tornado,pipeline,25,throughput_completion_rate,9.019273741671185,9.015091632865355,9.023697231563276,5,
tornado,pipeline,25,ceiling_rps,9.053050878145935,9.053050878145935,9.053050878145935,5,
tornado,pipeline,25,share_of_ceiling,0.9957595465868113,0.9953784005622468,0.9971588680311201,5,
tornado,pipeline,25,share_of_ceiling_completion_rate,0.9962689775049991,0.9958070217663071,0.9967575961984794,5,
tornado,pipeline,25,closed_system_consistency,1.0001192665360967,0.9997101899402259,1.0006554494784765,5,
tornado,pipeline,25,min_1s_completions,8,8,9,5,
tornado,pipeline,25,min_1s_completion_ratio,0.887072213114808,0.8865545679012183,0.9983259590162858,5,
tornado,pipeline,25,latency_p50_ms,2772.167,2772.108,2772.218,5,False
tornado,pipeline,25,latency_p90_ms,2773.744,2773.6558,2773.9504,5,False
tornado,pipeline,25,latency_p95_ms,2774.5812,2774.4779,2774.7250999999997,5,False
tornado,pipeline,25,latency_p99_ms,2776.46205,2776.13774,2777.2086,5,False
tornado,pipeline,25,latency_mean_ms,2772.4158504854367,2772.3052504854368,2772.4458515625,5,False
tornado,pipeline,25,inflight_at_stop,24,24,25,5,
tornado,pipeline,25,censoring_fraction,0.04477611940298507,0.04452690166975881,0.04655493482309125,5,
tornado,pipeline,25,late_inflight,0,0,0,5,
tornado,pipeline,25,max_inflight_age_ms,2677.862,2660.3050000000003,2698.9519999999998,5,
tornado,pipeline,25,response_law_R_ms,2771.8418041237696,2770.483024691307,2773.127663934127,5,
tornado,pipeline,25,derived_queue_wait_ms,10.341804123769634,8.983024691307037,11.627663934127213,5,
tornado,pipeline,25,pipeline_completion_pct,100.0,100.0,100.0,5,
tornado,pipeline,25,stage1_p50_ms,0.001,0.001,0.001,5,
tornado,pipeline,25,stage1_p95_ms,0.001,0.001,0.001,5,
tornado,pipeline,25,stage1_p99_ms,0.001,0.001,0.001,5,
tornado,pipeline,25,stage2_p50_ms,50.732,50.719,50.7375,5,
tornado,pipeline,25,stage2_p95_ms,50.9399,50.9182,51.0313,5,
tornado,pipeline,25,stage2_p99_ms,51.2163,51.06924,51.39173,5,
tornado,pipeline,25,stage3_p50_ms,2718.2794999999996,2718.22,2718.325,5,
tornado,pipeline,25,stage3_p95_ms,2719.90475,2719.8161,2720.0865,5,
tornado,pipeline,25,stage3_p99_ms,2720.9190200000003,2720.46461,2721.12536,5,
tornado,pipeline,25,stage4_p50_ms,0.002,0.002,0.002,5,
tornado,pipeline,25,stage4_p95_ms,0.003,0.002,0.003,5,
tornado,pipeline,25,stage4_p99_ms,0.003,0.003,0.004779999999999973,5,
tornado,pipeline,25,e2e_server_p50_ms,2769.059,2769.001,2769.097,5,
tornado,pipeline,25,e2e_server_p95_ms,2770.7776,2770.6662,2770.9347000000002,5,
tornado,pipeline,25,e2e_server_p99_ms,2771.78524,2771.31126,2772.11644,5,
tornado,pipeline,25,e2e_client_p50_ms,2772.167,2772.108,2772.218,5,False
tornado,pipeline,25,e2e_client_p95_ms,2774.5812,2774.4779,2774.7250999999997,5,False
tornado,pipeline,25,e2e_client_p99_ms,2776.46205,2776.13774,2777.2086,5,False
tornado,pipeline,25,cpu_mean_loaded_pct,5.61344537815126,5.575313807531381,5.640585774058577,5,
tornado,pipeline,25,cpu_max_loaded_pct,12.0,8.2,12.1,5,
tornado,pipeline,25,cpu_ms_per_request,6.535506095889883,6.467032568934751,6.556175754861721,5,
tornado,pipeline,25,idle_rss_mb,55.64,55.28,55.71,5,
tornado,pipeline,25,peak_rss_mb,57.21,56.91,57.46,5,
tornado,pipeline,25,rss_growth_mb,1.6299999999999955,1.5,1.75,5,
tornado,pipeline,25,idle_uss_mb,43.62,43.5,43.64,5,
tornado,pipeline,25,peak_uss_mb,45.4,45.26,45.4,5,
tornado,pipeline,25,uss_growth_mb,1.7600000000000051,1.759999999999998,1.7800000000000011,5,
tornado,pipeline,25,sim_cpu_mean_pct,1.606694560669456,1.5899581589958158,1.6401673640167365,5,
tornado,pipeline,25,sim_cpu_p95_pct,4.0,4.0,4.0,5,
tornado,pipeline,25,sim_peak_uss_mb,19.14,19.14,19.14,5,
tornado,pipeline,25,monitor_cpu_pct,0.613,0.563,0.68,5,
tornado,pipeline,25,sim_monitor_cpu_pct,0.481,0.447,0.497,5,
tornado,pipeline,25,clock_rate_ratio,1.000181418825253,0.9999212194198005,1.0002218656872475,5,
tornado,pipeline,25,clock_rate_uncertainty,0.0006869487983547291,0.0006421107713297528,0.0006957314380579329,5,
tornado,pipeline,25,clock_rate_half_diff,0.0003937741162289843,1.0510028426224949e-05,0.0005774612233793164,5,
tornado,pipeline,25,clock_step_ms,0.001,0.001,0.065,5,
tornado,pipeline,50,completions,1028,1028,1028,5,
tornado,pipeline,50,failures,0,0,0,5,
tornado,pipeline,50,finished_loaded,1028,1027,1028,5,
tornado,pipeline,50,error_rate_pct,0.0,0.0,0.0,5,
tornado,pipeline,50,locust_rps,17.197756393301322,17.195295301673525,17.199554445139462,5,
tornado,pipeline,50,throughput_fixed_window,18.020446615735334,18.005626456799043,18.028954032306956,5,
tornado,pipeline,50,throughput_completion_rate,18.03346952879097,18.02379144159944,18.03726528547036,5,
tornado,pipeline,50,ceiling_rps,18.10610175629187,18.10610175629187,18.10610175629187,5,
tornado,pipeline,50,share_of_ceiling,0.9952692665870625,0.9944507492090111,0.9957391312043131,5,
tornado,pipeline,50,share_of_ceiling_completion_rate,0.9959885220751252,0.995454001319537,0.9961981617165281,5,
tornado,pipeline,50,closed_system_consistency,1.0002072232294479,0.9996967310566286,1.0002998225634758,5,
tornado,pipeline,50,min_1s_completions,17,17,17,5,
tornado,pipeline,50,min_1s_completion_ratio,0.9426915864891664,0.9424932067553548,0.9431977758444043,5,
tornado,pipeline,50,latency_p50_ms,2773.0905000000002,2772.7765,2773.2484999999997,5,False
tornado,pipeline,50,latency_p90_ms,2775.5847,2775.2704,2775.7044,5,False
tornado,pipeline,50,latency_p95_ms,2776.548,2776.2516,2776.7082,5,False
tornado,pipeline,50,latency_p99_ms,2778.9015999999997,2777.8134,2780.05104,5,False
tornado,pipeline,50,latency_mean_ms,2773.3780749027237,2773.011409533074,2773.488387159533,5,False
tornado,pipeline,50,inflight_at_stop,50,49,50,5,
tornado,pipeline,50,censoring_fraction,0.04638218923933209,0.04549675023212628,0.04638218923933209,5,
tornado,pipeline,50,late_inflight,0,0,0,5,
tornado,pipeline,50,max_inflight_age_ms,2742.9199999999996,2736.464,2757.1409999999996,5,
tornado,pipeline,50,response_law_R_ms,2772.6223132034306,2772.0388433981025,2774.111105424718,5,
tornado,pipeline,50,derived_queue_wait_ms,11.122313203430622,10.538843398102472,12.611105424718062,5,
tornado,pipeline,50,pipeline_completion_pct,100.0,100.0,100.0,5,
tornado,pipeline,50,stage1_p50_ms,0.001,0.001,0.001,5,
tornado,pipeline,50,stage1_p95_ms,0.001,0.001,0.001,5,
tornado,pipeline,50,stage1_p99_ms,0.001,0.001,0.001,5,
tornado,pipeline,50,stage2_p50_ms,51.010999999999996,50.963,51.0265,5,
tornado,pipeline,50,stage2_p95_ms,52.41465,52.30225,52.4642,5,
tornado,pipeline,50,stage2_p99_ms,52.84506,52.73471,52.94124000000001,5,
tornado,pipeline,50,stage3_p50_ms,2718.4015,2718.239,2718.464,5,
tornado,pipeline,50,stage3_p95_ms,2721.54815,2721.3002,2721.6326,5,
tornado,pipeline,50,stage3_p99_ms,2723.10179,2722.73958,2723.54532,5,
tornado,pipeline,50,stage4_p50_ms,0.002,0.002,0.002,5,
tornado,pipeline,50,stage4_p95_ms,0.002,0.002,0.003,5,
tornado,pipeline,50,stage4_p99_ms,0.003,0.003,0.003,5,
tornado,pipeline,50,e2e_server_p50_ms,2769.7505,2769.4705000000004,2769.7754999999997,5,
tornado,pipeline,50,e2e_server_p95_ms,2772.88055,2772.437,2772.94735,5,
tornado,pipeline,50,e2e_server_p99_ms,2774.5803499999997,2773.95406,2774.80943,5,
tornado,pipeline,50,e2e_client_p50_ms,2773.0905000000002,2772.7765,2773.2484999999997,5,False
tornado,pipeline,50,e2e_client_p95_ms,2776.548,2776.2516,2776.7082,5,False
tornado,pipeline,50,e2e_client_p99_ms,2778.9015999999997,2777.8134,2780.05104,5,False
tornado,pipeline,50,cpu_mean_loaded_pct,10.342677824267783,10.266666666666667,10.527196652719665,5,
tornado,pipeline,50,cpu_max_loaded_pct,19.9,16.1,20.0,5,
tornado,pipeline,50,cpu_ms_per_request,6.011442455251183,5.992017825875473,6.118864809338211,5,
tornado,pipeline,50,idle_rss_mb,55.71,55.58,55.71,5,
tornado,pipeline,50,peak_rss_mb,58.71,58.46,58.8,5,
tornado,pipeline,50,rss_growth_mb,3.0,2.8800000000000026,3.1299999999999955,5,
tornado,pipeline,50,idle_uss_mb,43.63,43.61,43.64,5,
tornado,pipeline,50,peak_uss_mb,46.69,46.66,46.72,5,
tornado,pipeline,50,uss_growth_mb,3.049999999999997,3.039999999999999,3.0899999999999963,5,
tornado,pipeline,50,sim_cpu_mean_pct,2.9456066945606696,2.8670833333333334,2.9790794979079496,5,
tornado,pipeline,50,sim_cpu_p95_pct,4.0,4.0,4.005000000000001,5,
tornado,pipeline,50,sim_peak_uss_mb,19.14,19.14,19.14,5,
tornado,pipeline,50,monitor_cpu_pct,0.596,0.563,0.613,5,
tornado,pipeline,50,sim_monitor_cpu_pct,0.431,0.414,0.497,5,
tornado,pipeline,50,clock_rate_ratio,1.0000585288703618,0.9999256881760739,1.000260516742654,5,
tornado,pipeline,50,clock_rate_uncertainty,0.0006828627741340843,0.0006312243908018382,0.0006925799294112131,5,
tornado,pipeline,50,clock_rate_half_diff,9.141936464041045e-05,3.409193103587338e-05,0.0007689989481833859,5,
tornado,pipeline,50,clock_step_ms,0.028,0.002,0.065,5,
tornado,pipeline,100,completions,2055,2055,2056,5,
tornado,pipeline,100,failures,0,0,0,5,
tornado,pipeline,100,finished_loaded,2054,2053,2055,5,
tornado,pipeline,100,error_rate_pct,0.0,0.0,0.0,5,
tornado,pipeline,100,locust_rps,34.37772748917996,34.34038897451654,34.38045765349787,5,
tornado,pipeline,100,throughput_fixed_window,36.01488194573378,35.988591504380125,36.02102214600563,5,
tornado,pipeline,100,throughput_completion_rate,36.04794997208595,36.03044402704734,36.05590160154524,5,
tornado,pipeline,100,ceiling_rps,36.21220351258374,36.21220351258374,36.21220351258374,5,
tornado,pipeline,100,share_of_ceiling,0.9945509649314382,0.9938249543934571,0.9947205265619454,5,
tornado,pipeline,100,share_of_ceiling_completion_rate,0.9954641384791536,0.9949807118069122,0.9956837227266717,5,
tornado,pipeline,100,closed_system_consistency,1.0001937517650608,0.9996299699805294,1.0002886200984973,5,
tornado,pipeline,100,min_1s_completions,32,32,34,5,
tornado,pipeline,100,min_1s_completion_ratio,0.8881378196721149,0.887706513817831,0.9430846359447947,5,
tornado,pipeline,100,latency_p50_ms,2774.032,2773.927,2774.136,5,False
tornado,pipeline,100,latency_p90_ms,2777.6296,2777.1440000000002,2778.12,5,False
tornado,pipeline,100,latency_p95_ms,2779.2,2778.3609,2780.7574999999997,5,False
tornado,pipeline,100,latency_p99_ms,2786.7356,2781.62498,2791.1879,5,False
tornado,pipeline,100,latency_mean_ms,2774.5934861313867,2774.33660729927,2774.8711605058365,5,False
tornado,pipeline,100,inflight_at_stop,99,98,100,5,
tornado,pipeline,100,censoring_fraction,0.04596100278551532,0.04549675023212628,0.04640371229698376,5,
tornado,pipeline,100,late_inflight,0,0,0,5,
tornado,pipeline,100,max_inflight_age_ms,2746.141,2674.147,2765.411,5,
tornado,pipeline,100,response_law_R_ms,2774.082855680722,2773.4710701483145,2775.4306864753594,5,
tornado,pipeline,100,derived_queue_wait_ms,12.582855680721877,11.971070148314539,13.93068647535938,5,
tornado,pipeline,100,pipeline_completion_pct,100.0,100.0,100.0,5,
tornado,pipeline,100,stage1_p50_ms,0.001,0.001,0.001,5,
tornado,pipeline,100,stage1_p95_ms,0.001,0.001,0.001,5,
tornado,pipeline,100,stage1_p99_ms,0.001,0.001,0.001,5,
tornado,pipeline,100,stage2_p50_ms,51.376,51.359,51.386,5,
tornado,pipeline,100,stage2_p95_ms,52.8022,52.7135,52.994249999999994,5,
tornado,pipeline,100,stage2_p99_ms,53.93122,53.55384,55.212,5,
tornado,pipeline,100,stage3_p50_ms,2719.0815000000002,2718.946,2719.244,5,
tornado,pipeline,100,stage3_p95_ms,2722.853,2722.454,2723.8022499999997,5,
tornado,pipeline,100,stage3_p99_ms,2725.35288,2724.87824,2730.6063,5,
tornado,pipeline,100,stage4_p50_ms,0.002,0.002,0.002,5,
tornado,pipeline,100,stage4_p95_ms,0.003,0.002,0.003,5,
tornado,pipeline,100,stage4_p99_ms,0.003,0.003,0.003,5,
tornado,pipeline,100,e2e_server_p50_ms,2770.617,2770.552,2770.749,5,
tornado,pipeline,100,e2e_server_p95_ms,2774.9982,2774.2678,2776.3925,5,
tornado,pipeline,100,e2e_server_p99_ms,2778.34622,2776.7371200000002,2784.51275,5,
tornado,pipeline,100,e2e_client_p50_ms,2774.032,2773.927,2774.136,5,False
tornado,pipeline,100,e2e_client_p95_ms,2779.2,2778.3609,2780.7574999999997,5,False
tornado,pipeline,100,e2e_client_p99_ms,2786.7356,2781.62498,2791.1879,5,False
tornado,pipeline,100,cpu_mean_loaded_pct,21.558995815899582,21.42092050209205,21.689958158995815,5,
tornado,pipeline,100,cpu_max_loaded_pct,36.0,28.1,40.0,5,
tornado,pipeline,100,cpu_ms_per_request,6.271259676728739,6.231504071079854,6.30626309391857,5,
tornado,pipeline,100,idle_rss_mb,55.59,55.47,55.7,5,
tornado,pipeline,100,peak_rss_mb,61.08,60.84,61.1,5,
tornado,pipeline,100,rss_growth_mb,5.5,5.25,5.630000000000003,5,
tornado,pipeline,100,idle_uss_mb,43.62,43.55,43.7,5,
tornado,pipeline,100,peak_uss_mb,49.18,49.07,49.22,5,
tornado,pipeline,100,uss_growth_mb,5.549999999999997,5.509999999999998,5.600000000000001,5,
tornado,pipeline,100,sim_cpu_mean_pct,5.724267782426778,5.6397489539748955,5.857740585774058,5,
tornado,pipeline,100,sim_cpu_p95_pct,8.0,8.0,8.0,5,
tornado,pipeline,100,sim_peak_uss_mb,19.16,19.15,19.16,5,
tornado,pipeline,100,monitor_cpu_pct,0.596,0.53,0.613,5,
tornado,pipeline,100,sim_monitor_cpu_pct,0.447,0.364,0.464,5,
tornado,pipeline,100,clock_rate_ratio,0.9999260502999838,0.9997574314444073,1.0001758554146902,5,
tornado,pipeline,100,clock_rate_uncertainty,0.0006757643718253514,0.000667802098063217,0.0007088223427979134,5,
tornado,pipeline,100,clock_rate_half_diff,0.0001012801070938707,2.56139339289696e-05,0.0005837812957759647,5,
tornado,pipeline,100,clock_step_ms,0.001,0.001,0.053,5,
tornado,stream,1,completions,21,21,21,5,
tornado,stream,1,failures,0,0,0,5,
tornado,stream,1,finished_loaded,21,21,21,5,
tornado,stream,1,error_rate_pct,0.0,0.0,0.0,5,
tornado,stream,1,locust_rps,0.35842887878511076,0.3583619648702324,0.3584596017851064,5,
tornado,stream,1,throughput_fixed_window,0.36850155775977483,0.36840385116843566,0.36855884280481044,5,
tornado,stream,1,throughput_completion_rate,0.35845633683925693,0.3583709445211348,0.35847310231036755,5,
tornado,stream,1,ceiling_rps,0.3596604805064019,0.3596604805064019,0.3596604805064019,5,
tornado,stream,1,share_of_ceiling,1.024581731195278,1.0243100677887187,1.024741006534495,5,
tornado,stream,1,share_of_ceiling_completion_rate,0.99665199894787,0.9964145741465633,0.996698613663746,5,
tornado,stream,1,closed_system_consistency,0.9998644487929896,0.9998428401945886,0.9998860770961525,5,
tornado,stream,1,min_1s_completions,0,0,0,5,
tornado,stream,1,min_1s_completion_ratio,0.0,0.0,0.0,5,
tornado,stream,1,latency_p50_ms,2789.511,2789.357,2789.834,5,False
tornado,stream,1,latency_p90_ms,2790.319,2790.009,2791.377,5,False
tornado,stream,1,latency_p95_ms,2790.647,2790.544,2791.874,5,False
tornado,stream,1,latency_mean_ms,2789.5485714285714,2789.3522857142857,2790.0759523809525,5,False
tornado,stream,1,inflight_at_stop,1,1,1,5,
tornado,stream,1,censoring_fraction,0.045454545454545456,0.045454545454545456,0.045454545454545456,5,
tornado,stream,1,late_inflight,0,0,0,5,
tornado,stream,1,max_inflight_age_ms,1250.3690000000001,1235.2,1261.2749999999999,5,
tornado,stream,1,response_law_R_ms,2789.7400526313795,2789.6095789474202,2790.4047894737328,5,
tornado,stream,1,derived_queue_wait_ms,9.340052631379422,9.209578947420141,10.004789473732671,5,
tornado,stream,1,derived_ttft_ms,575.6070526313795,575.4765789474202,576.2717894737327,5,
tornado,stream,1,stream_finished_loaded,21,21,21,5,
tornado,stream,1,stream_csr_pct,100.0,100.0,100.0,5,
tornado,stream,1,chunks_ok_pct,100.0,100.0,100.0,5,
tornado,stream,1,ttft_p50_ms,566.267,566.097,566.4,5,False
tornado,stream,1,ttft_p95_ms,567.141,567.054,568.66,5,False
tornado,stream,1,tpot_p50_ms,202.079,202.026,202.115,5,
tornado,stream,1,tpot_p95_ms,202.195,202.18,202.236,5,
tornado,stream,1,token_count_p50,12.0,12.0,12.0,5,
tornado,stream,1,cpu_mean_loaded_pct,0.6359832635983264,0.6192468619246861,0.6527196652719666,5,
tornado,stream,1,cpu_max_loaded_pct,8.0,4.0,8.0,5,
tornado,stream,1,cpu_ms_per_request,18.099379047524135,17.615567619005947,18.578862857178876,5,
tornado,stream,1,idle_rss_mb,56.71,56.52,56.71,5,
tornado,stream,1,peak_rss_mb,56.83,56.65,56.84,5,
tornado,stream,1,rss_growth_mb,0.12999999999999545,0.11999999999999744,0.13000000000000256,5,
tornado,stream,1,idle_uss_mb,44.59,44.58,44.6,5,
tornado,stream,1,peak_uss_mb,44.75,44.73,44.76,5,
tornado,stream,1,uss_growth_mb,0.1599999999999966,0.14999999999999858,0.1700000000000017,5,
tornado,stream,1,sim_cpu_mean_pct,0.2510460251046025,0.23430962343096234,0.26778242677824265,5,
tornado,stream,1,sim_cpu_p95_pct,4.0,4.0,4.0,5,
tornado,stream,1,sim_peak_uss_mb,19.12,19.12,19.12,5,
tornado,stream,1,monitor_cpu_pct,0.548,0.481,0.581,5,
tornado,stream,1,sim_monitor_cpu_pct,0.382,0.349,0.464,5,
tornado,stream,1,clock_rate_ratio,0.9999789616124258,0.9999376051363973,1.0000564612941627,5,
tornado,stream,1,clock_rate_uncertainty,0.0006017660933006034,0.0005958116742892756,0.0006185281311019282,5,
tornado,stream,1,clock_rate_half_diff,0.0002252449830789649,1.2249427522093015e-05,0.0005131756213561101,5,
tornado,stream,1,clock_step_ms,0.003,0.001,0.025,5,
tornado,stream,5,completions,102,102,102,5,
tornado,stream,5,failures,0,0,0,5,
tornado,stream,5,finished_loaded,102,102,102,5,
tornado,stream,5,error_rate_pct,0.0,0.0,0.0,5,
tornado,stream,5,locust_rps,1.7234983720318338,1.7232801869352192,1.7236469826592997,5,
tornado,stream,5,throughput_fixed_window,1.7933369358691162,1.7920442471694005,1.7946095879090471,5,
tornado,stream,5,throughput_completion_rate,1.7923928160298073,1.792293329115848,1.7927880953044606,5,
tornado,stream,5,ceiling_rps,1.7983024025320096,1.7983024025320096,1.7983024025320096,5,
tornado,stream,5,share_of_ceiling,0.9972388032980983,0.9965199649659603,0.997946499644463,5,
tornado,stream,5,share_of_ceiling_completion_rate,0.9967137971378554,0.9966584744547409,0.9969336040369046,5,
tornado,stream,5,closed_system_consistency,1.0000340495287507,0.9999868838113797,1.0003396463615322,5,
tornado,stream,5,min_1s_completions,1,1,1,5,
tornado,stream,5,min_1s_completion_ratio,0.557913416666679,0.5577904062499783,0.5579443854167039,5,
tornado,stream,5,latency_p50_ms,2789.725,2789.54,2789.7394999999997,5,False
tornado,stream,5,latency_p90_ms,2791.1677999999997,2790.7907999999998,2791.5708,5,False
tornado,stream,5,latency_p95_ms,2791.7925,2791.5742999999998,2792.6960999999997,5,False
tornado,stream,5,latency_p99_ms,2792.7984300000003,2792.57591,2796.71111,5,False
tornado,stream,5,latency_mean_ms,2789.8117549019607,2789.713980392157,2790.1232843137254,5,False
tornado,stream,5,inflight_at_stop,5,5,5,5,
tornado,stream,5,censoring_fraction,0.04672897196261682,0.04672897196261682,0.04672897196261682,5,
tornado,stream,5,late_inflight,0,0,0,5,
tornado,stream,5,max_inflight_age_ms,2738.719,2687.969,2770.213,5,
tornado,stream,5,response_law_R_ms,2789.567083333395,2788.9520312498917,2789.7219270835194,5,
tornado,stream,5,derived_queue_wait_ms,9.167083333395112,8.55203124989157,9.321927083519313,5,
tornado,stream,5,derived_ttft_ms,575.4340833333952,574.8190312498916,575.5889270835194,5,
tornado,stream,5,stream_finished_loaded,102,102,102,5,
tornado,stream,5,stream_csr_pct,100.0,100.0,100.0,5,
tornado,stream,5,chunks_ok_pct,100.0,100.0,100.0,5,
tornado,stream,5,ttft_p50_ms,565.8305,565.628,565.9475,5,False
tornado,stream,5,ttft_p95_ms,568.5363,568.40545,568.9227500000001,5,False
tornado,stream,5,ttft_p99_ms,569.93537,569.07777,572.78824,5,False
tornado,stream,5,tpot_p50_ms,202.1105,202.073,202.126,5,
tornado,stream,5,tpot_p95_ms,202.286,202.28045,202.3428,5,
tornado,stream,5,tpot_p99_ms,202.35668,202.30292,202.41457,5,
tornado,stream,5,token_count_p50,12.0,12.0,12.0,5,
tornado,stream,5,cpu_mean_loaded_pct,3.1631799163179917,3.1260504201680672,3.2305439330543932,5,
tornado,stream,5,cpu_max_loaded_pct,8.1,8.0,12.0,5,
tornado,stream,5,cpu_ms_per_request,18.52979234312664,18.230762745076262,18.925397823526048,5,
tornado,stream,5,idle_rss_mb,56.58,56.39,56.71,5,
tornado,stream,5,peak_rss_mb,57.46,57.27,57.46,5,
tornado,stream,5,rss_growth_mb,0.8800000000000026,0.6300000000000026,1.0,5,
tornado,stream,5,idle_uss_mb,44.6,44.58,44.67,5,
tornado,stream,5,peak_uss_mb,45.52,45.5,45.59,5,
tornado,stream,5,uss_growth_mb,0.9200000000000017,0.9099999999999966,0.9200000000000017,5,
tornado,stream,5,sim_cpu_mean_pct,1.2100840336134453,1.187866108786611,1.2384937238493723,5,
tornado,stream,5,sim_cpu_p95_pct,4.0,4.0,4.0,5,
tornado,stream,5,sim_peak_uss_mb,19.12,19.12,19.12,5,
tornado,stream,5,monitor_cpu_pct,0.53,0.513,0.563,5,
tornado,stream,5,sim_monitor_cpu_pct,0.414,0.381,0.447,5,
tornado,stream,5,clock_rate_ratio,0.9999423011117744,0.9998685404508277,0.9999915230460351,5,
tornado,stream,5,clock_rate_uncertainty,0.0006092954690838623,0.0006002945866381064,0.0006106196329340625,5,
tornado,stream,5,clock_rate_half_diff,0.0001166557812909419,3.800492228278607e-05,0.0002496749679621324,5,
tornado,stream,5,clock_step_ms,0.001,0.001,0.003,5,
tornado,stream,10,completions,205,204,205,5,
tornado,stream,10,failures,0,0,0,5,
tornado,stream,10,finished_loaded,205,204,205,5,
tornado,stream,10,error_rate_pct,0.0,0.0,0.0,5,
tornado,stream,10,locust_rps,3.430804829554521,3.430370118509056,3.4313344660423706,5,
tornado,stream,10,throughput_fixed_window,3.5922081523274807,3.585327302741813,3.5932840813801756,5,
tornado,stream,10,throughput_completion_rate,3.5845450234931056,3.5840407395324028,3.585607046338555,5,
tornado,stream,10,ceiling_rps,3.596604805064019,3.596604805064019,3.596604805064019,5,
tornado,stream,10,share_of_ceiling,0.9987775546731329,0.9968644032543338,0.9990767059869442,5,
tornado,stream,10,share_of_ceiling_completion_rate,0.9966468983320231,0.9965066872195893,0.996942183163972,5,
tornado,stream,10,closed_system_consistency,1.0000466075182313,0.9998404259057512,1.0002362785091923,5,
tornado,stream,10,min_1s_completions,3,3,3,5,
tornado,stream,10,min_1s_completion_ratio,0.8369262989690469,0.8366784093263794,0.8370440567010405,5,
tornado,stream,10,latency_p50_ms,2789.777,2789.624,2789.926,5,False
tornado,stream,10,latency_p90_ms,2791.0988,2791.0364,2791.6232,5,False
tornado,stream,10,latency_p95_ms,2791.8777999999998,2791.5013999999996,2792.5912,5,False
tornado,stream,10,latency_p99_ms,2793.2594,2792.25376,2793.51149,5,False
tornado,stream,10,latency_mean_ms,2789.893195121951,2789.7558970588234,2790.0796926829266,5,False
tornado,stream,10,inflight_at_stop,10,10,10,5,
tornado,stream,10,censoring_fraction,0.046511627906976744,0.046511627906976744,0.04672897196261682,5,
tornado,stream,10,late_inflight,0,0,0,5,
tornado,stream,10,max_inflight_age_ms,2646.862,2618.233,2752.004,5,
tornado,stream,10,response_law_R_ms,2789.754329896823,2788.9280310879312,2790.146855670135,5,
tornado,stream,10,derived_queue_wait_ms,9.354329896822946,8.52803108793114,9.746855670135119,5,
tornado,stream,10,derived_ttft_ms,575.621329896823,574.7950310879312,576.0138556701352,5,
tornado,stream,10,stream_finished_loaded,205,204,205,5,
tornado,stream,10,stream_csr_pct,100.0,100.0,100.0,5,
tornado,stream,10,chunks_ok_pct,100.0,100.0,100.0,5,
tornado,stream,10,ttft_p50_ms,565.708,565.523,565.864,5,False
tornado,stream,10,ttft_p95_ms,568.0088000000001,567.7781,568.3226,5,False
tornado,stream,10,ttft_p99_ms,569.10532,568.81084,570.2754,5,False
tornado,stream,10,tpot_p50_ms,202.115,202.108,202.138,5,
tornado,stream,10,tpot_p95_ms,202.32999999999998,202.3158,202.3528,5,
tornado,stream,10,tpot_p99_ms,202.4308,202.39119,202.48888,5,
tornado,stream,10,token_count_p50,12.0,12.0,12.0,5,
tornado,stream,10,cpu_mean_loaded_pct,6.511297071129707,6.31890756302521,6.527196652719665,5,
tornado,stream,10,cpu_max_loaded_pct,12.0,12.0,12.1,5,
tornado,stream,10,cpu_ms_per_request,18.97520105854211,18.43100305392464,19.023859248776628,5,
tornado,stream,10,idle_rss_mb,56.71,56.46,56.71,5,
tornado,stream,10,peak_rss_mb,58.46,58.34,58.59,5,
tornado,stream,10,rss_growth_mb,1.75,1.75,1.8800000000000026,5,
tornado,stream,10,idle_uss_mb,44.65,44.52,44.67,5,
tornado,stream,10,peak_uss_mb,46.52,46.36,46.55,5,
tornado,stream,10,uss_growth_mb,1.8600000000000065,1.8399999999999963,1.8999999999999986,5,
tornado,stream,10,sim_cpu_mean_pct,2.4602510460251046,2.369747899159664,2.4769874476987446,5,
tornado,stream,10,sim_cpu_p95_pct,4.0,4.0,8.0,5,
tornado,stream,10,sim_peak_uss_mb,19.12,19.12,19.12,5,
tornado,stream,10,monitor_cpu_pct,0.564,0.53,0.581,5,
tornado,stream,10,sim_monitor_cpu_pct,0.398,0.398,0.448,5,
tornado,stream,10,clock_rate_ratio,0.9999788687539536,0.9998475576406998,1.0001607076937156,5,
tornado,stream,10,clock_rate_uncertainty,0.0006163986251359987,0.0006067636716578591,0.0006172361946696211,5,
tornado,stream,10,clock_rate_half_diff,0.00020530601318158315,1.3422214377278863e-05,0.0004926931088252706,5,
tornado,stream,10,clock_step_ms,0.003,0.001,0.072,5,
tornado,stream,25,completions,512,512,512,5,
tornado,stream,25,failures,0,0,0,5,
tornado,stream,25,finished_loaded,511,511,511,5,
tornado,stream,25,error_rate_pct,0.0,0.0,0.0,5,
tornado,stream,25,locust_rps,8.551531990691373,8.5510570880173,8.553559896491162,5,
tornado,stream,25,throughput_fixed_window,8.952884188415062,8.952303749965326,8.954592296554646,5,
tornado,stream,25,throughput_completion_rate,8.959889144187379,8.958895276961796,8.962431832622036,5,
tornado,stream,25,ceiling_rps,8.991512012660047,8.991512012660047,8.991512012660047,5,
tornado,stream,25,share_of_ceiling,0.9957039678987697,0.9956394138561439,0.9958939368536216,5,
tornado,stream,25,share_of_ceiling_completion_rate,0.9964830310599437,0.9963724971225832,0.9967658186968925,5,
tornado,stream,25,closed_system_consistency,0.9998778047422143,0.9998011142733227,1.0001808873271534,5,
tornado,stream,25,min_1s_completions,8,8,8,5,
tornado,stream,25,min_1s_completion_ratio,0.8928681896907067,0.8926148783504367,0.8929672412370263,5,
tornado,stream,25,latency_p50_ms,2789.888,2789.8455,2789.97,5,False
tornado,stream,25,latency_p90_ms,2791.3147,2791.2115,2791.4426,5,False
tornado,stream,25,latency_p95_ms,2791.9616,2791.7896,2792.0878,5,False
tornado,stream,25,latency_p99_ms,2793.16504,2793.01114,2793.3796300000004,5,False
tornado,stream,25,latency_mean_ms,2790.068650390625,2789.996556640625,2790.12490625,5,False
tornado,stream,25,inflight_at_stop,24,24,24,5,
tornado,stream,25,censoring_fraction,0.04477611940298507,0.04477611940298507,0.04477611940298507,5,
tornado,stream,25,late_inflight,0,0,0,5,
tornado,stream,25,max_inflight_age_ms,2701.9570000000003,2689.037,2702.911,5,
tornado,stream,25,response_law_R_ms,2790.2130927834583,2789.4214948451145,2790.5226288657072,5,
tornado,stream,25,derived_queue_wait_ms,9.81309278345816,9.021494845114375,10.122628865707156,5,
tornado,stream,25,derived_ttft_ms,576.0800927834582,575.2884948451144,576.3896288657072,5,
tornado,stream,25,stream_finished_loaded,511,511,511,5,
tornado,stream,25,stream_csr_pct,100.0,100.0,100.0,5,
tornado,stream,25,chunks_ok_pct,100.0,100.0,100.0,5,
tornado,stream,25,ttft_p50_ms,566.0419999999999,565.9835,566.0745,5,False
tornado,stream,25,ttft_p95_ms,568.3048,568.2625,568.5994999999999,5,False
tornado,stream,25,ttft_p99_ms,569.5683899999999,569.10551,570.0786,5,False
tornado,stream,25,tpot_p50_ms,202.059,202.051,202.067,5,
tornado,stream,25,tpot_p95_ms,202.21345,202.2047,202.21835000000002,5,
tornado,stream,25,tpot_p99_ms,202.31246,202.25067,202.34882000000002,5,
tornado,stream,25,token_count_p50,12.0,12.0,12.0,5,
tornado,stream,25,cpu_mean_loaded_pct,15.81673640167364,15.648117154811716,16.068200836820083,5,
tornado,stream,25,cpu_max_loaded_pct,24.0,23.9,24.0,5,
tornado,stream,25,cpu_ms_per_request,18.49397375929989,18.29572741683472,18.787787645787198,5,
tornado,stream,25,idle_rss_mb,56.62,56.46,56.83,5,
tornado,stream,25,peak_rss_mb,60.49,60.33,60.71,5,
tornado,stream,25,rss_growth_mb,3.8799999999999955,3.8699999999999974,4.0,5,
tornado,stream,25,idle_uss_mb,44.63,44.62,44.68,5,
tornado,stream,25,peak_uss_mb,48.7,48.66,48.74,5,
tornado,stream,25,uss_growth_mb,4.039999999999999,4.020000000000003,4.080000000000005,5,
tornado,stream,25,sim_cpu_mean_pct,5.423012552301255,5.322175732217573,5.522594142259414,5,
tornado,stream,25,sim_cpu_p95_pct,8.0,8.0,8.0,5,
tornado,stream,25,sim_peak_uss_mb,19.12,19.12,19.12,5,
tornado,stream,25,monitor_cpu_pct,0.514,0.481,0.581,5,
tornado,stream,25,sim_monitor_cpu_pct,0.448,0.365,0.448,5,
tornado,stream,25,clock_rate_ratio,1.000045306326495,0.9997883055784846,1.0001228703751266,5,
tornado,stream,25,clock_rate_uncertainty,0.0006101806933113498,0.0005900531989252093,0.0006225790081469762,5,
tornado,stream,25,clock_rate_half_diff,0.00025036023529911855,0.0002132480628749267,0.0003893108098727005,5,
tornado,stream,25,clock_step_ms,0.001,0.001,0.063,5,
tornado,stream,50,completions,1023,1023,1023,5,
tornado,stream,50,failures,0,0,0,5,
tornado,stream,50,finished_loaded,1022,1022,1022,5,
tornado,stream,50,error_rate_pct,0.0,0.0,0.0,5,
tornado,stream,50,locust_rps,17.089330105234637,17.084583885135572,17.09186728241586,5,
tornado,stream,50,throughput_fixed_window,17.905277918534168,17.902705702629945,17.90934721085147,5,
tornado,stream,50,throughput_completion_rate,17.918071748278646,17.917356258839437,17.919547543051504,5,
tornado,stream,50,ceiling_rps,17.983024025320095,17.983024025320095,17.983024025320095,5,
tornado,stream,50,share_of_ceiling,0.9956766944938482,0.9955336587118461,0.9959029797010288,5,
tornado,stream,50,share_of_ceiling_completion_rate,0.9963881337782791,0.9963483468415436,0.9964701997740082,5,
tornado,stream,50,closed_system_consistency,0.9998718202215854,0.999777383017136,0.9999019695767529,5,
tornado,stream,50,min_1s_completions,17,17,17,5,
tornado,stream,50,min_1s_completion_ratio,0.9487628043253682,0.9486846673532185,0.9488006910401827,5,
tornado,stream,50,latency_p50_ms,2790.001,2789.84,2790.189,5,False
tornado,stream,50,latency_p90_ms,2791.5528,2791.3474,2791.7166,5,False
tornado,stream,50,latency_p95_ms,2792.2029,2791.9739,2792.7983,5,False
tornado,stream,50,latency_p99_ms,2793.83832,2793.3172799999998,2795.7513599999997,5,False
tornado,stream,50,latency_mean_ms,2790.2723714565004,2789.937512218964,2790.355386119257,5,False
tornado,stream,50,inflight_at_stop,49,49,49,5,
tornado,stream,50,censoring_fraction,0.0457089552238806,0.0457089552238806,0.0457089552238806,5,
tornado,stream,50,late_inflight,0,0,0,5,
tornado,stream,50,max_inflight_age_ms,2758.99,2742.99,2773.151,5,
tornado,stream,50,response_law_R_ms,2790.4788362510826,2790.249021627113,2790.5902677652434,5,
tornado,stream,50,derived_queue_wait_ms,10.078836251082521,9.849021627112961,10.190267765243334,5,
tornado,stream,50,derived_ttft_ms,576.3458362510826,576.116021627113,576.4572677652434,5,
tornado,stream,50,stream_finished_loaded,1022,1022,1022,5,
tornado,stream,50,stream_csr_pct,100.0,100.0,100.0,5,
tornado,stream,50,chunks_ok_pct,100.0,100.0,100.0,5,
tornado,stream,50,ttft_p50_ms,566.21,566.092,566.364,5,False
tornado,stream,50,ttft_p95_ms,568.7502,568.2564,569.0828,5,False
tornado,stream,50,ttft_p99_ms,570.34736,569.6838799999999,571.4304599999999,5,False
tornado,stream,50,tpot_p50_ms,202.046,202.041,202.054,5,
tornado,stream,50,tpot_p95_ms,202.2039,202.1919,202.2089,5,
tornado,stream,50,tpot_p99_ms,202.2779,202.25336,202.29,5,
tornado,stream,50,token_count_p50,12.0,12.0,12.0,5,
tornado,stream,50,cpu_mean_loaded_pct,28.13389121338912,27.833891213389123,28.502092050209207,5,
tornado,stream,50,cpu_max_loaded_pct,36.1,36.0,40.1,5,
tornado,stream,50,cpu_ms_per_request,16.447805875733575,16.272403849311797,16.66307098923792,5,
tornado,stream,50,idle_rss_mb,56.59,56.58,56.71,5,
tornado,stream,50,peak_rss_mb,64.46,64.46,64.59,5,
tornado,stream,50,rss_growth_mb,7.8799999999999955,7.86999999999999,8.0,5,
tornado,stream,50,idle_uss_mb,44.63,44.59,44.68,5,
tornado,stream,50,peak_uss_mb,52.62,52.62,52.72,5,
tornado,stream,50,uss_growth_mb,8.029999999999994,7.989999999999995,8.050000000000004,5,
tornado,stream,50,sim_cpu_mean_pct,8.552301255230125,8.451882845188285,8.735983263598326,5,
tornado,stream,50,sim_cpu_p95_pct,12.0,12.0,12.0,5,
tornado,stream,50,sim_peak_uss_mb,19.12,19.12,19.12,5,
tornado,stream,50,monitor_cpu_pct,0.514,0.514,0.531,5,
tornado,stream,50,sim_monitor_cpu_pct,0.398,0.382,0.431,5,
tornado,stream,50,clock_rate_ratio,1.0000886107139206,0.9999085479388009,1.000188981532767,5,
tornado,stream,50,clock_rate_uncertainty,0.0006135645455260909,0.0006033360194137281,0.0006165738463853666,5,
tornado,stream,50,clock_rate_half_diff,0.00021273259292442503,0.00020147383118696016,0.00031817675866951944,5,
tornado,stream,50,clock_step_ms,0.013,0.001,0.024,5,
tornado,stream,100,completions,2045,2045,2045,5,
tornado,stream,100,failures,0,0,0,5,
tornado,stream,100,finished_loaded,2044,2044,2045,5,
tornado,stream,100,error_rate_pct,0.0,0.0,0.0,5,
tornado,stream,100,locust_rps,34.158492474447755,34.15245961774406,34.1616777898419,5,
tornado,stream,100,throughput_fixed_window,35.81717294467377,35.808573625923046,35.83314290308132,5,
tornado,stream,100,throughput_completion_rate,35.842589456088405,35.833189146089246,35.8454424179506,5,
tornado,stream,100,ceiling_rps,35.96604805064019,35.96604805064019,35.96604805064019,5,
tornado,stream,100,share_of_ceiling,0.9958606765537097,0.9956215810951645,0.9963047052772731,5,
tornado,stream,100,share_of_ceiling_completion_rate,0.9965673572370821,0.9963059910178655,0.9966466809886987,5,
tornado,stream,100,closed_system_consistency,1.0002602251287578,1.0000831519321967,1.0004621028855627,5,
tornado,stream,100,min_1s_completions,33,32,35,5,
tornado,stream,100,min_1s_completion_ratio,0.9206191296295546,0.8927434732510618,0.9767177997941973,5,
tornado,stream,100,latency_p50_ms,2790.468,2790.341,2790.65,5,False
tornado,stream,100,latency_p90_ms,2793.466,2792.9758,2794.4204,5,False
tornado,stream,100,latency_p95_ms,2795.9611999999997,2794.4991999999997,2796.6749999999997,5,False
tornado,stream,100,latency_p99_ms,2801.01852,2798.9692,2804.85228,5,False
tornado,stream,100,latency_mean_ms,2790.9860601466994,2790.7897882640586,2791.279488997555,5,False
tornado,stream,100,inflight_at_stop,99,99,100,5,
tornado,stream,100,censoring_fraction,0.04617537313432836,0.04617537313432836,0.046620046620046623,5,
tornado,stream,100,late_inflight,0,0,0,5,
tornado,stream,100,max_inflight_age_ms,2776.454,2769.5249999999996,2782.972,5,
tornado,stream,100,response_law_R_ms,2789.976994338323,2789.754938271378,2790.7089037570013,5,
tornado,stream,100,derived_queue_wait_ms,9.576994338322947,9.354938271377705,10.30890375700119,5,
tornado,stream,100,derived_ttft_ms,575.843994338323,575.6219382713778,576.5759037570012,5,
tornado,stream,100,stream_finished_loaded,2044,2044,2045,5,
tornado,stream,100,stream_csr_pct,100.0,100.0,100.0,5,
tornado,stream,100,chunks_ok_pct,100.0,100.0,100.0,5,
tornado,stream,100,ttft_p50_ms,566.688,566.48,566.774,5,False
tornado,stream,100,ttft_p95_ms,571.4704,570.6714,572.6192,5,False
tornado,stream,100,ttft_p99_ms,576.83104,575.30044,579.88316,5,False
tornado,stream,100,tpot_p50_ms,202.049,202.044,202.05,5,
tornado,stream,100,tpot_p95_ms,202.22,202.2128,202.2446,5,
tornado,stream,100,tpot_p99_ms,202.367,202.318,202.41904,5,
tornado,stream,100,token_count_p50,12.0,12.0,12.0,5,
tornado,stream,100,cpu_mean_loaded_pct,49.10418410041841,47.80083682008368,49.541004184100416,5,
tornado,stream,100,cpu_max_loaded_pct,60.3,60.1,64.0,5,
tornado,stream,100,cpu_ms_per_request,14.35412892269943,13.96632492371557,14.481599474070459,5,
tornado,stream,100,idle_rss_mb,56.71,56.59,56.84,5,
tornado,stream,100,peak_rss_mb,72.46,72.21,72.83,5,
tornado,stream,100,rss_growth_mb,15.86999999999999,15.61999999999999,16.119999999999997,5,
tornado,stream,100,idle_uss_mb,44.68,44.66,44.69,5,
tornado,stream,100,peak_uss_mb,60.68,60.55,61.01,5,
tornado,stream,100,uss_growth_mb,16.020000000000003,15.869999999999997,16.33,5,
tornado,stream,100,sim_cpu_mean_pct,13.272384937238494,13.02092050209205,13.321757322175733,5,
tornado,stream,100,sim_cpu_p95_pct,16.0,16.0,16.0,5,
tornado,stream,100,sim_peak_uss_mb,19.13,19.12,19.14,5,
tornado,stream,100,monitor_cpu_pct,0.514,0.481,0.514,5,
tornado,stream,100,sim_monitor_cpu_pct,0.365,0.315,0.365,5,
tornado,stream,100,clock_rate_ratio,0.9999195814502359,0.9998481846302718,1.0000785054132197,5,
tornado,stream,100,clock_rate_uncertainty,0.0006124290357434738,0.0005962174947445852,0.0007192727141966024,5,
tornado,stream,100,clock_rate_half_diff,0.00017058707241612847,3.4740937539967653e-05,0.00022932245793971795,5,
tornado,stream,100,clock_step_ms,0.001,0.001,0.041,5,
