timestamp,completed,e2e_pipeline_ms,stage1_ms,stage2_ms,stage3_ms,stage4_ms
1790489602.6395948,True,2767.554,0.001,50.441,2717.09,0.002
1790489602.6664166,True,2771.235,0.001,50.859,2720.343,0.002
1790489602.6908786,True,2769.023,0.001,50.622,2718.37,0.002
1790489602.7228508,True,2772.107,0.001,51.217,2720.855,0.002
1790489602.7509007,True,2773.51,0.001,50.59,2722.887,0.002
1790489602.7751746,True,2769.822,0.001,51.376,2718.408,0.002
1790489602.8035567,True,2770.354,0.001,51.448,2718.869,0.002
1790489602.8314753,True,2770.288,0.001,51.246,2719.011,0.002
1790489602.859876,True,2771.162,0.001,51.255,2719.869,0.002
1790489602.889845,True,2773.585,0.001,51.688,2721.86,0.002
1790489602.9149718,True,2771.99,0.001,51.186,2720.729,0.002
1790489602.9435422,True,2772.053,0.001,51.739,2720.247,0.002
1790489602.970091,True,2771.032,0.001,51.053,2719.942,0.002
1790489603.0009193,True,2773.743,0.001,51.602,2722.07,0.003
1790489603.02859,True,2773.762,0.001,51.785,2721.941,0.002
1790489603.0538511,True,2771.559,0.001,51.266,2720.256,0.002
1790489603.0794477,True,2769.502,0.001,50.633,2718.836,0.002
1790489603.111183,True,2773.607,0.001,51.019,2722.55,0.002
1790489603.1350465,True,2771.036,0.001,51.267,2719.732,0.002
1790489603.1646945,True,2772.661,0.001,51.563,2721.057,0.002
1790489603.190343,True,2770.473,0.001,50.971,2719.464,0.002
1790489603.2177522,True,2769.766,0.001,51.028,2718.699,0.003
1790489603.2498636,True,2774.562,0.001,51.593,2722.934,0.002
1790489603.2767456,True,2773.644,0.001,51.234,2722.372,0.002
1790489603.3026009,True,2771.487,0.001,51.409,2720.04,0.002
1790489603.3301675,True,2772.094,0.001,50.953,2721.098,0.003
1790489603.3601086,True,2774.013,0.005,51.459,2722.514,0.002
1790489603.398477,True,2784.91,0.001,51.159,2733.713,0.002
1790489603.4128675,True,2772.17,0.001,52.88,2719.253,0.002
1790489603.4527574,True,2770.787,0.001,51.691,2719.056,0.002
1790489603.4706893,True,2773.051,0.001,50.846,2722.166,0.003
1790489603.4980142,True,2771.978,0.001,51.608,2720.332,0.002
1790489603.5256588,True,2774.013,0.001,51.527,2722.438,0.002
1790489603.5511303,True,2769.984,0.001,50.434,2719.518,0.002
1790489603.5786846,True,2771.147,0.001,51.295,2719.818,0.002
1790489603.604534,True,2770.325,0.001,51.023,2719.27,0.003
1790489603.6533446,True,2769.832,0.001,51.08,2718.72,0.002
1790489603.657223,True,2768.419,0.001,51.28,2717.114,0.002
1790489603.689247,True,2770.168,0.001,52.124,2718.011,0.002
1790489603.7158296,True,2772.115,0.001,50.482,2721.606,0.002
1790489603.7424777,True,2769.784,0.001,51.03,2718.71,0.003
1790489603.768695,True,2769.858,0.001,51.437,2718.387,0.002
1790489603.7950277,True,2768.841,0.001,51.306,2717.508,0.002
1790489603.826281,True,2772.356,0.001,51.287,2721.039,0.002
1790489603.8509722,True,2769.317,0.001,50.522,2718.762,0.002
1790489603.8785815,True,2768.961,0.001,50.917,2718.016,0.002
1790489603.9059956,True,2769.038,0.001,50.413,2718.598,0.002
1790489603.9345448,True,2769.754,0.001,51.686,2718.035,0.002
1790489603.9639041,True,2771.948,0.001,50.698,2721.218,0.002
1790489603.9932477,True,2772.546,0.001,50.855,2721.657,0.002
1790489604.018804,True,2770.847,0.001,51.152,2719.621,0.002
1790489604.048094,True,2772.429,0.001,51.485,2720.911,0.002
1790489604.075733,True,2772.264,0.001,51.215,2721.014,0.002
1790489604.1014273,True,2770.054,0.001,50.898,2719.116,0.002
1790489604.1304128,True,2772.166,0.001,51.866,2720.271,0.002
1790489604.174122,True,2771.274,0.001,51.113,2720.117,0.003
1790489604.1880083,True,2773.032,0.001,50.897,2722.07,0.003
1790489604.2143989,True,2771.578,0.001,51.05,2720.487,0.002
1790489604.2414033,True,2772.269,0.001,51.418,2720.81,0.002
1790489604.306823,True,2809.547,0.001,50.958,2758.549,0.002
1790489604.3085587,True,2783.632,0.001,62.143,2721.466,0.002
1790489604.3592472,True,2772.325,0.001,50.888,2721.404,0.002
1790489604.3604999,True,2773.93,0.001,52.354,2721.557,0.002
1790489604.3799574,True,2771.886,0.001,51.528,2720.324,0.002
1790489604.4079018,True,2772.861,0.001,51.594,2721.228,0.002
1790489604.4339259,True,2770.751,0.001,51.666,2719.051,0.002
1790489604.4615147,True,2770.877,0.001,51.231,2719.61,0.002
1790489604.4908984,True,2772.264,0.001,51.135,2721.099,0.001
1790489604.5180795,True,2773.254,0.001,51.476,2721.748,0.002
1790489604.5476627,True,2773.081,0.001,51.514,2721.534,0.002
1790489604.5710416,True,2769.958,0.001,51.047,2718.878,0.002
1790489604.600686,True,2770.547,0.001,51.246,2719.271,0.003
1790489604.6297193,True,2770.479,0.001,50.294,2720.164,0.002
1790489604.6550946,True,2771.096,0.001,51.181,2719.884,0.002
1790489604.6791265,True,2769.484,0.001,50.706,2718.746,0.003
1790489604.7105925,True,2770.982,0.001,50.593,2720.353,0.003
1790489604.7398117,True,2774.286,0.001,50.85,2723.404,0.002
1790489604.7632113,True,2770.127,0.001,51.451,2718.649,0.002
1790489604.7906675,True,2769.624,0.001,51.31,2718.287,0.002
1790489604.816732,True,2768.86,0.001,50.786,2718.042,0.002
1790489604.8449526,True,2768.771,0.001,51.24,2717.504,0.002
1790489604.8718019,True,2768.938,0.001,51.084,2717.827,0.002
1790489604.9010441,True,2770.57,0.001,50.807,2719.728,0.002
1790489604.9298227,True,2771.143,0.001,50.818,2720.292,0.002
1790489604.9587805,True,2772.335,0.001,51.369,2720.934,0.002
1790489604.9840875,True,2769.969,0.001,51.04,2718.894,0.002
1790489605.0139098,True,2771.198,0.001,51.299,2719.864,0.002
1790489605.0416136,True,2771.635,0.001,50.809,2720.791,0.002
1790489605.0709965,True,2772.259,0.001,51.31,2720.91,0.002
1790489605.0955288,True,2769.875,0.001,51.217,2718.631,0.002
1790489605.125225,True,2771.792,0.001,51.028,2720.73,0.002
1790489605.1530514,True,2773.463,0.001,51.813,2721.617,0.002
1790489605.1801314,True,2771.772,0.001,51.325,2720.412,0.002
1790489605.2072124,True,2771.404,0.001,51.549,2719.821,0.002
1790489605.233314,True,2769.972,0.001,51.007,2718.925,0.002
1790489605.2665193,True,2774.873,0.001,51.527,2723.31,0.002
1790489605.2920074,True,2772.567,0.001,51.008,2721.522,0.002
1790489605.3203537,True,2773.254,0.001,51.517,2721.699,0.002
1790489605.3471155,True,2772.937,0.001,51.295,2721.603,0.002
1790489605.3730626,True,2770.777,0.001,51.535,2719.205,0.002
1790489605.41184,True,2768.882,0.001,50.643,2718.213,0.002
1790489605.4407306,True,2770.803,0.001,51.258,2719.513,0.002
1790489605.4697149,True,2774.092,0.001,50.733,2723.327,0.002
1790489605.493987,True,2768.366,0.001,51.278,2717.065,0.002
1790489605.5233545,True,2769.145,0.001,51.383,2717.737,0.002
1790489605.5509648,True,2771.401,0.001,52.14,2719.241,0.002
1790489605.5778859,True,2769.722,0.001,52.251,2717.447,0.002
1790489605.6080055,True,2773.378,0.001,52.626,2720.725,0.002
1790489605.63347,True,2770.123,0.001,52.315,2717.783,0.003
1790489605.6615741,True,2768.444,0.001,50.884,2717.536,0.002
1790489605.6883614,True,2770.159,0.001,52.629,2717.506,0.002
1790489605.7191923,True,2772.24,0.001,51.333,2720.879,0.002
1790489605.7470784,True,2773.711,0.001,51.293,2722.388,0.002
1790489605.7730308,True,2768.85,0.001,50.416,2718.406,0.003
1790489605.8006344,True,2768.712,0.001,50.347,2718.336,0.002
1790489605.8285723,True,2771.246,0.001,51.387,2719.828,0.002
1790489605.85424,True,2770.233,0.001,51.54,2718.669,0.002
1790489605.883459,True,2768.821,0.001,51.163,2717.632,0.002
1790489605.9094317,True,2770.586,0.001,52.108,2718.454,0.002
1790489605.9365785,True,2768.336,0.001,50.337,2717.972,0.002
1790489605.9676712,True,2773.938,0.001,51.126,2722.778,0.002
1790489605.9941585,True,2773.158,0.001,51.852,2721.272,0.002
1790489606.0207577,True,2767.919,0.001,50.334,2717.558,0.003
1790489606.051458,True,2771.365,0.001,50.982,2720.359,0.002
1790489606.078905,True,2772.954,0.001,51.479,2721.445,0.002
1790489606.1042397,True,2770.247,0.001,51.464,2718.746,0.002
1790489606.1319718,True,2768.469,0.001,50.36,2718.083,0.002
1790489606.1712477,True,2769.252,0.001,51.725,2717.503,0.002
1790489606.1873462,True,2771.023,0.001,51.682,2719.309,0.002
1790489606.2252629,True,2769.134,0.001,50.9,2718.198,0.002
1790489606.245449,True,2771.036,0.001,51.933,2719.078,0.002
1790489606.2696853,True,2768.352,0.001,50.351,2717.975,0.003
1790489606.2977467,True,2768.714,0.001,50.396,2718.291,0.002
1790489606.3248472,True,2770.465,0.001,50.794,2719.643,0.002
1790489606.3537767,True,2771.561,0.001,51.226,2720.289,0.003
1790489606.3789923,True,2770.063,0.001,51.095,2718.938,0.003
1790489606.4355364,True,2776.985,0.001,51.115,2725.837,0.002
1790489606.4368749,True,2775.791,0.001,51.957,2723.812,0.002
1790489606.4614766,True,2768.804,0.001,50.455,2718.322,0.002
1790489606.4876363,True,2768.59,0.001,50.497,2718.068,0.002
1790489606.5143838,True,2768.68,0.001,51.193,2717.459,0.002
1790489606.5426826,True,2770.892,0.001,51.34,2719.524,0.002
1790489606.5702782,True,2770.304,0.001,51.688,2718.591,0.002
1790489606.6002653,True,2770.603,0.001,50.857,2719.715,0.002
1790489606.6244745,True,2770.19,0.001,52.267,2717.898,0.002
1790489606.6528075,True,2769.471,0.001,51.875,2717.571,0.002
1790489606.6828504,True,2773.263,0.001,51.89,2721.344,0.002
1790489606.7121363,True,2773.492,0.001,51.221,2722.237,0.002
1790489606.7369797,True,2769.825,0.001,52.165,2717.634,0.002
1790489606.7658358,True,2769.716,0.001,52.453,2717.24,0.002
1790489606.7950094,True,2772.899,0.001,51.377,2721.496,0.002
1790489606.8203692,True,2768.862,0.001,50.8,2718.035,0.003
1790489606.8486052,True,2769.782,0.001,52.017,2717.738,0.003
1790489606.874306,True,2769.346,0.001,50.707,2718.606,0.002
1790489606.907631,True,2773.566,0.001,51.351,2722.184,0.002
1790489606.9475102,True,2769.728,0.001,50.939,2718.734,0.002
1790489606.9620786,True,2771.087,0.001,51.068,2719.994,0.002
1790489606.9878402,True,2770.069,0.001,51.025,2719.003,0.003
1790489607.0165813,True,2770.69,0.001,50.86,2719.793,0.002
1790489607.081757,True,2771.951,0.001,51.79,2720.136,0.003
1790489607.0834816,True,2772.054,0.001,52.752,2719.281,0.002
1790489607.1360598,True,2772.381,0.001,51.464,2720.889,0.002
1790489607.137605,True,2771.683,0.001,51.038,2720.624,0.001
1790489607.1528761,True,2769.675,0.001,51.372,2718.274,0.002
1790489607.1809838,True,2769.712,0.001,50.884,2718.791,0.002
1790489607.2064502,True,2769.004,0.001,51.337,2717.636,0.002
1790489607.234485,True,2769.364,0.001,51.761,2717.572,0.002
1790489607.265205,True,2771.701,0.001,50.902,2720.774,0.002
1790489607.2896717,True,2768.886,0.001,50.824,2718.038,0.002
1790489607.3194268,True,2768.649,0.001,50.788,2717.835,0.002
1790489607.3481452,True,2773.815,0.001,51.583,2722.198,0.002
1790489607.3740425,True,2769.867,0.001,51.686,2718.153,0.003
1790489607.4024127,True,2769.14,0.001,50.93,2718.18,0.002
1790489607.4291623,True,2770.708,0.001,52.723,2717.96,0.002
1790489607.456369,True,2773.657,0.001,51.514,2722.098,0.002
1790489607.4858375,True,2771.215,0.001,51.011,2720.172,0.003
1790489607.5117393,True,2768.409,0.001,50.542,2717.837,0.002
1790489607.5382428,True,2769.962,0.001,51.356,2718.576,0.002
1790489607.5637748,True,2768.549,0.001,51.447,2717.077,0.002
1790489607.590284,True,2768.741,0.001,50.894,2717.824,0.002
1790489607.6195407,True,2769.622,0.001,51.993,2717.604,0.002
1790489607.647729,True,2772.534,0.001,50.733,2721.769,0.002
1790489607.677476,True,2773.099,0.001,51.99,2721.08,0.002
1790489607.7032495,True,2769.887,0.001,51.788,2718.073,0.003
1790489607.734862,True,2772.473,0.001,52.201,2720.248,0.002
1790489607.7600381,True,2772.741,0.001,51.584,2721.13,0.002
1790489607.789321,True,2769.895,0.001,51.992,2717.877,0.002
1790489607.81541,True,2770.422,0.001,51.575,2718.823,0.002
1790489607.843782,True,2769.384,0.001,51.401,2717.957,0.002
1790489607.8694174,True,2771.135,0.001,51.406,2719.698,0.002
1790489607.9011326,True,2772.158,0.001,51.933,2720.199,0.002
1790489607.9263146,True,2770.326,0.001,51.707,2718.599,0.002
1790489607.9497085,True,2766.846,0.001,51.072,2715.755,0.002
1790489607.9836094,True,2773.5,0.001,51.015,2722.452,0.002
1790489608.0068085,True,2770.387,0.001,51.017,2719.337,0.002
1790489608.0370462,True,2767.581,0.001,51.244,2716.314,0.002
1790489608.0655177,True,2770.418,0.001,52.266,2718.13,0.002
1790489608.0909004,True,2767.515,0.001,50.219,2717.273,0.002
1790489608.12193,True,2771.542,0.001,51.708,2719.803,0.002
1790489608.1457589,True,2769.326,0.001,50.866,2718.425,0.002
1790489608.1861427,True,2771.291,0.001,51.059,2720.202,0.002
1790489608.2123344,True,2768.094,0.001,50.558,2717.509,0.002
1790489608.2433045,True,2769.988,0.001,50.967,2718.998,0.002
1790489608.2696593,True,2772.542,0.001,51.725,2720.792,0.002
1790489608.2971094,True,2770.553,0.001,52.017,2718.513,0.002
1790489608.32511,True,2770.984,0.001,51.468,2719.485,0.002
1790489608.3515127,True,2770.367,0.001,52.792,2717.527,0.026
1790489608.3781643,True,2767.514,0.001,51.304,2716.19,0.002
1790489608.4065804,True,2769.642,0.001,52.047,2717.545,0.002
1790489608.4361472,True,2771.379,0.001,51.999,2719.354,0.002
1790489608.4643342,True,2772.606,0.001,51.121,2721.451,0.002
1790489608.4931936,True,2770.924,0.001,51.466,2719.437,0.002
1790489608.5194733,True,2769.043,0.001,51.094,2717.907,0.003
1790489608.5473893,True,2770.918,0.001,52.694,2718.199,0.002
1790489608.574634,True,2770.564,0.001,51.039,2719.499,0.003
1790489608.601341,True,2769.362,0.001,51.838,2717.5,0.002
1790489608.6278093,True,2769.022,0.001,51.394,2717.602,0.002
1790489608.6551979,True,2768.127,0.001,50.364,2717.739,0.002
1790489608.6858914,True,2772.818,0.001,50.896,2721.89,0.002
1790489608.7113757,True,2771.088,0.001,51.462,2719.595,0.002
1790489608.739943,True,2768.917,0.001,50.654,2718.239,0.002
1790489608.7702498,True,2772.7,0.001,51.384,2721.286,0.002
1790489608.7983878,True,2774.219,0.001,52.35,2721.84,0.003
1790489608.823806,True,2768.87,0.001,50.258,2718.585,0.003
1790489608.8503315,True,2768.203,0.001,50.666,2717.511,0.002
1790489608.8778613,True,2770.304,0.001,51.37,2718.902,0.002
1790489608.9068666,True,2771.174,0.001,52.557,2718.591,0.002
1790489608.9435892,True,2769.121,0.001,51.582,2717.513,0.002
1790489608.9648182,True,2774.056,0.001,51.997,2722.029,0.002
1790489608.998279,True,2769.663,0.001,51.019,2718.609,0.002
1790489609.0195267,True,2770.434,0.001,50.819,2719.585,0.003
1790489609.0452125,True,2772.312,0.001,52.518,2719.769,0.002
1790489609.0732288,True,2770.412,0.001,51.737,2718.649,0.002
1790489609.099226,True,2770.708,0.001,51.365,2719.278,0.002
1790489609.1260772,True,2768.841,0.001,51.015,2717.791,0.002
1790489609.1578844,True,2775.137,0.001,55.006,2720.11,0.002
1790489609.2102628,True,2770.37,0.001,50.616,2719.727,0.002
1790489609.2120588,True,2771.348,0.001,52.259,2719.068,0.002
1790489609.2344427,True,2769.393,0.001,51.427,2717.937,0.002
1790489609.2609835,True,2768.196,0.001,50.744,2717.427,0.002
1790489609.288967,True,2769.81,0.001,51.805,2717.979,0.002
1790489609.3167872,True,2770.961,0.001,50.719,2720.197,0.002
1790489609.3434532,True,2769.493,0.001,51.387,2718.081,0.002
1790489609.374347,True,2771.025,0.001,51.479,2719.52,0.002
1790489609.4011343,True,2773.453,0.001,52.315,2721.108,0.002
1790489609.4302077,True,2772.297,0.001,51.977,2720.287,0.003
1790489609.4560766,True,2769.87,0.001,51.607,2718.238,0.002
1790489609.4846745,True,2769.324,0.001,51.397,2717.901,0.002
1790489609.513628,True,2773.419,0.001,52.175,2721.21,0.002
1790489609.5389206,True,2769.6,0.001,51.848,2717.727,0.002
1790489609.5676084,True,2769.392,0.001,51.355,2718.012,0.002
1790489609.5928545,True,2769.026,0.001,51.153,2717.848,0.002
1790489609.625505,True,2773.334,0.001,51.55,2721.754,0.002
1790489609.649691,True,2772.277,0.001,51.237,2720.993,0.002
1790489609.6859527,True,2775.102,0.001,51.911,2723.166,0.003
1790489609.7198367,True,2768.899,0.001,50.941,2717.92,0.002
1790489609.7340717,True,2768.616,0.001,51.702,2716.893,0.002
1790489609.7606683,True,2769.601,0.001,50.805,2718.761,0.002
1790489609.7903318,True,2770.546,0.001,51.467,2719.046,0.002
1790489609.8576162,True,2772.934,0.001,53.598,2719.316,0.002
1790489609.8598864,True,2773.203,0.001,53.74,2719.444,0.002
1790489609.9135294,True,2771.8,0.001,51.355,2720.412,0.002
1790489609.9149044,True,2772.963,0.0,52.45,2720.495,0.002
1790489609.922987,True,2767.256,0.001,51.148,2716.088,0.001
1790489609.9534876,True,2769.24,0.001,50.974,2718.238,0.002
1790489609.9808233,True,2770.511,0.001,50.85,2719.63,0.002
1790489610.0071437,True,2769.549,0.001,52.681,2716.845,0.002
1790489610.0369272,True,2768.924,0.001,51.428,2717.475,0.002
1790489610.0659282,True,2772.93,0.001,52.381,2720.519,0.002
1790489610.0945094,True,2771.871,0.001,51.912,2719.936,0.002
1790489610.120629,True,2769.064,0.001,51.527,2717.511,0.002
1790489610.1487541,True,2771.024,0.001,52.206,2718.788,0.003
1790489610.172995,True,2767.534,0.001,51.221,2716.291,0.002
1790489610.2085805,True,2776.038,0.001,53.515,2722.499,0.002
1790489610.2338812,True,2774.056,0.001,52.532,2721.501,0.002
1790489610.2603464,True,2770.226,0.001,51.208,2718.989,0.002
1790489610.283704,True,2768.575,0.001,50.798,2717.749,0.002
1790489610.3111424,True,2767.703,0.001,50.239,2717.441,0.002
1790489610.338339,True,2769.779,0.001,51.535,2718.219,0.002
1790489610.3654997,True,2772.07,0.001,51.895,2720.144,0.002
1790489610.396395,True,2773.582,0.001,51.968,2721.584,0.002
1790489610.4236248,True,2772.712,0.001,52.635,2720.054,0.002
1790489610.451047,True,2770.271,0.001,51.294,2718.946,0.002
1790489610.476521,True,2769.993,0.001,51.153,2718.811,0.002
1790489610.5095344,True,2771.637,0.001,51.905,2719.709,0.002
1790489610.5350285,True,2772.012,0.001,52.811,2719.179,0.002
1790489610.562802,True,2769.966,0.001,51.938,2718.004,0.002
1790489610.5884824,True,2769.362,0.001,51.065,2718.27,0.002
1790489610.617816,True,2770.37,0.001,51.251,2719.089,0.002
1790489610.6428971,True,2769.403,0.001,51.194,2718.182,0.002
1790489610.6711264,True,2766.883,0.001,50.747,2716.112,0.002
1790489610.7007515,True,2771.508,0.001,50.974,2720.505,0.003
1790489610.720976,True,2768.362,0.001,51.427,2716.908,0.002
1790489610.7554777,True,2768.779,0.001,51.364,2717.393,0.002
1790489610.7815058,True,2771.636,0.001,50.803,2720.802,0.003
1790489610.8090916,True,2769.037,0.001,51.565,2717.45,0.002
1790489610.8399446,True,2771.315,0.001,51.183,2720.107,0.002
1790489610.8644657,True,2770.642,0.001,52.465,2718.154,0.002
1790489610.8976068,True,2772.578,0.001,51.867,2720.679,0.002
1790489610.9182923,True,2769.149,0.001,50.663,2718.453,0.002
1790489610.958292,True,2769.043,0.001,51.288,2717.725,0.002
1790489610.986198,True,2770.601,0.001,51.319,2719.251,0.002
1790489611.0182393,True,2771.719,0.001,51.272,2720.423,0.002
1790489611.0441375,True,2771.412,0.001,52.674,2718.717,0.002
1790489611.0704107,True,2769.585,0.001,51.562,2717.999,0.002
1790489611.0972774,True,2768.943,0.001,50.77,2718.149,0.002
1790489611.1256256,True,2770.807,0.001,52.503,2718.28,0.002
1790489611.1525404,True,2770.975,0.001,51.042,2719.898,0.003
1790489611.1806757,True,2770.766,0.001,50.86,2719.87,0.002
1790489611.2098794,True,2771.025,0.001,51.56,2719.423,0.002
1790489611.239198,True,2771.768,0.001,52.432,2719.313,0.002
1790489611.2684886,True,2772.273,0.001,51.75,2720.5,0.002
1790489611.2938173,True,2770.964,0.001,52.343,2718.595,0.002
1790489611.3191214,True,2767.72,0.001,50.871,2716.821,0.002
1790489611.3470833,True,2768.975,0.001,50.483,2718.468,0.002
1790489611.3741102,True,2769.533,0.001,51.355,2718.152,0.002
1790489611.405474,True,2774.346,0.001,50.841,2723.472,0.002
1790489611.4336686,True,2769.242,0.001,50.46,2718.758,0.002
1790489611.4579813,True,2768.932,0.001,51.685,2717.221,0.002
1790489611.487499,True,2772.613,0.001,51.493,2721.078,0.002
1790489611.518141,True,2774.737,0.001,51.789,2722.917,0.002
1790489611.541966,True,2768.12,0.001,50.698,2717.394,0.002
1790489611.570872,True,2768.998,0.001,50.844,2718.123,0.002
1790489611.6005824,True,2773.045,0.001,50.922,2722.102,0.002
1790489611.6255596,True,2770.07,0.001,51.951,2718.091,0.002
1790489611.6510413,True,2769.71,0.001,50.792,2718.88,0.002
1790489611.6836872,True,2773.31,0.001,51.965,2721.316,0.002
1790489611.7159047,True,2769.252,0.001,52.211,2717.017,0.002
1790489611.7379236,True,2770.029,0.001,52.057,2717.947,0.002
1790489611.7732315,True,2771.281,0.001,50.941,2720.31,0.002
1790489611.791986,True,2769.131,0.001,50.995,2718.111,0.002
1790489611.8182516,True,2769.804,0.001,51.324,2718.454,0.002
1790489611.8449337,True,2768.35,0.001,50.312,2718.014,0.002
1790489611.8759952,True,2772.859,0.001,50.808,2722.019,0.002
1790489611.9033375,True,2773.896,0.001,51.452,2722.411,0.003
1790489611.9312615,True,2770.043,0.001,51.754,2718.264,0.002
1790489611.9846814,True,2769.895,0.001,51.005,2718.862,0.002
1790489611.9860444,True,2770.129,0.001,51.757,2718.353,0.002
1790489612.0069177,True,2769.196,0.001,51.798,2717.376,0.002
1790489612.0343957,True,2770.557,0.001,53.032,2717.503,0.002
1790489612.0603592,True,2767.081,0.001,50.409,2716.651,0.002
1790489612.091696,True,2771.75,0.001,51.812,2719.91,0.002
1790489612.117323,True,2770.726,0.001,51.601,2719.098,0.002
1790489612.1505923,True,2773.074,0.001,52.848,2720.203,0.002
1790489612.1752062,True,2770.69,0.001,52.127,2718.541,0.002
1790489612.2036269,True,2769.997,0.001,51.714,2718.257,0.002
1790489612.232386,True,2773.05,0.001,51.626,2721.395,0.002
1790489612.2563155,True,2768.633,0.001,51.526,2717.085,0.002
1790489612.2865841,True,2769.606,0.001,51.372,2718.207,0.002
1790489612.3138678,True,2771.579,0.001,51.268,2720.288,0.002
1790489612.3448577,True,2773.939,0.001,52.226,2721.685,0.002
1790489612.3671772,True,2771.0,0.001,51.811,2719.162,0.002
1790489612.4030943,True,2774.295,0.001,53.796,2720.457,0.002
1790489612.4246602,True,2771.907,0.001,51.532,2720.335,0.002
1790489612.460807,True,2771.436,0.001,51.488,2719.921,0.002
1790489612.4924712,True,2769.374,0.001,51.412,2717.933,0.002
1790489612.5073147,True,2769.857,0.001,51.251,2718.58,0.002
1790489612.534101,True,2769.995,0.001,51.25,2718.711,0.002
1790489612.5651455,True,2771.854,0.001,51.561,2720.261,0.002
1790489612.6370983,True,2775.774,0.001,54.354,2721.395,0.002
1790489612.6384206,True,2775.971,0.001,54.622,2721.33,0.001
1790489612.6952248,True,2776.084,0.001,52.586,2723.469,0.002
1790489612.6969423,True,2777.665,0.001,54.064,2723.58,0.002
1790489612.7012153,True,2775.547,0.001,50.667,2724.857,0.002
1790489612.7272055,True,2770.19,0.001,51.082,2719.083,0.003
1790489612.7524168,True,2768.574,0.001,50.939,2717.607,0.002
1790489612.7822833,True,2771.802,0.001,51.485,2720.289,0.002
1790489612.8106527,True,2771.149,0.001,51.164,2719.957,0.002
1790489612.8413556,True,2771.736,0.001,52.07,2719.644,0.002
1790489612.8703504,True,2772.482,0.001,51.671,2720.785,0.002
1790489612.892249,True,2768.069,0.001,51.127,2716.917,0.002
1790489612.9243045,True,2771.752,0.001,52.574,2719.143,0.003
1790489612.9515784,True,2773.926,0.001,50.957,2722.927,0.002
1790489612.981569,True,2770.196,0.001,50.744,2719.429,0.002
1790489613.0090592,True,2771.234,0.001,51.521,2719.681,0.002
1790489613.035185,True,2770.01,0.001,51.336,2718.64,0.002
1790489613.0558026,True,2769.065,0.001,52.143,2716.898,0.002
1790489613.0843127,True,2769.86,0.001,51.715,2718.119,0.002
1790489613.1135402,True,2771.865,0.001,50.901,2720.931,0.002
1790489613.143727,True,2774.861,0.001,52.148,2722.686,0.002
1790489613.1693826,True,2769.626,0.001,51.966,2717.632,0.003
1790489613.1952236,True,2768.372,0.001,50.571,2717.776,0.002
1790489613.2272348,True,2772.908,0.001,51.014,2721.863,0.002
1790489613.251066,True,2771.254,0.001,51.417,2719.804,0.002
1790489613.280885,True,2768.291,0.001,50.608,2717.658,0.002
1790489613.307752,True,2769.628,0.001,50.918,2718.688,0.002
1790489613.3360791,True,2769.954,0.001,52.347,2717.582,0.002
1790489613.3617918,True,2769.851,0.001,51.676,2718.15,0.002
1790489613.3896506,True,2768.271,0.001,50.665,2717.58,0.003
1790489613.4168968,True,2770.914,0.001,51.316,2719.566,0.002
1790489613.4448407,True,2770.123,0.001,51.417,2718.673,0.002
1790489613.4751923,True,2771.541,0.001,52.184,2719.334,0.002
1790489613.4990416,True,2774.638,0.001,51.524,2723.07,0.002
1790489613.527551,True,2768.662,0.001,51.015,2717.622,0.002
1790489613.5581381,True,2773.314,0.001,51.297,2721.984,0.002
1790489613.5833607,True,2770.753,0.001,52.714,2718.013,0.002
1790489613.6167836,True,2773.687,0.001,51.613,2722.044,0.002
1790489613.6372206,True,2769.405,0.001,51.24,2718.14,0.002
1790489613.6718347,True,2771.039,0.001,50.794,2720.207,0.002
1790489613.6931434,True,2771.205,0.001,51.081,2720.089,0.002
1790489613.7324784,True,2771.114,0.001,51.515,2719.566,0.002
1790489613.7611527,True,2771.808,0.001,52.594,2719.184,0.002
1790489613.7899203,True,2768.344,0.001,50.589,2717.727,0.002
1790489613.8180573,True,2770.784,0.001,50.63,2720.132,0.002
1790489613.844672,True,2769.648,0.001,51.235,2718.352,0.002
1790489613.8715458,True,2770.836,0.001,52.4,2718.41,0.002
1790489613.899769,True,2770.909,0.001,52.221,2718.663,0.002
1790489613.9270072,True,2770.778,0.001,50.86,2719.885,0.003
1790489613.9572887,True,2772.988,0.001,51.189,2721.769,0.002
1790489613.9855986,True,2772.729,0.001,53.178,2719.523,0.002
1790489614.0122645,True,2769.779,0.001,52.172,2717.583,0.002
1790489614.043784,True,2769.893,0.001,50.494,2719.37,0.003
1790489614.066251,True,2768.748,0.001,50.331,2718.391,0.002
1790489614.0925148,True,2768.623,0.001,50.983,2717.612,0.002
1790489614.1246264,True,2774.342,0.001,51.866,2722.442,0.002
1790489614.1514196,True,2773.199,0.001,51.252,2721.912,0.002
1790489614.1778111,True,2768.937,0.001,51.198,2717.711,0.002
1790489614.2062013,True,2769.229,0.001,50.928,2718.276,0.002
1790489614.239388,True,2776.438,0.001,52.74,2723.666,0.003
1790489614.2609332,True,2770.302,0.001,51.999,2718.277,0.002
1790489614.291457,True,2769.809,0.001,51.127,2718.651,0.002
1790489614.320802,True,2775.2,0.001,51.457,2723.712,0.002
1790489614.343053,True,2767.77,0.001,50.933,2716.814,0.002
1790489614.3723967,True,2768.893,0.001,50.674,2718.189,0.002
1790489614.4024065,True,2773.617,0.001,52.115,2721.473,0.002
1790489614.4255056,True,2769.753,0.001,50.797,2718.922,0.002
1790489614.4566574,True,2769.721,0.001,51.741,2717.955,0.002
1790489614.4901104,True,2771.047,0.001,51.509,2719.505,0.002
1790489614.5099986,True,2768.919,0.001,51.561,2717.329,0.002
1790489614.5476081,True,2771.11,0.001,50.817,2720.26,0.002
1790489614.5632055,True,2767.857,0.001,50.401,2717.431,0.002
1790489614.5929327,True,2771.35,0.001,51.991,2719.328,0.002
1790489614.6219342,True,2773.627,0.001,51.719,2721.878,0.002
1790489614.6538022,True,2774.585,0.001,52.587,2721.971,0.003
1790489614.6753278,True,2768.491,0.001,50.731,2717.73,0.002
1790489614.704779,True,2769.861,0.001,51.951,2717.886,0.002
1790489614.7594442,True,2769.932,0.001,51.151,2718.755,0.002
1790489614.7618225,True,2772.228,0.0,51.973,2720.236,0.002
1790489614.7790754,True,2769.137,0.001,51.385,2717.727,0.002
1790489614.8077047,True,2770.539,0.001,50.788,2719.72,0.003
1790489614.8327184,True,2769.477,0.001,50.907,2718.545,0.002
1790489614.866031,True,2771.625,0.001,51.168,2720.429,0.002
1790489614.894174,True,2773.849,0.001,51.235,2722.583,0.002
1790489614.9239094,True,2770.147,0.001,50.707,2719.418,0.002
1790489614.949453,True,2771.313,0.001,51.776,2719.508,0.002
1790489614.9749525,True,2767.999,0.001,50.352,2717.624,0.002
1790489615.0047455,True,2769.184,0.001,51.71,2717.448,0.002
1790489615.0433538,True,2782.572,0.001,51.716,2730.823,0.002
1790489615.0629508,True,2772.808,0.001,50.666,2722.079,0.002
1790489615.0857813,True,2768.685,0.001,50.606,2718.054,0.002
1790489615.121922,True,2773.699,0.001,50.676,2722.989,0.002
1790489615.142451,True,2772.275,0.001,50.544,2721.702,0.002
1790489615.1801834,True,2773.78,0.001,51.884,2721.865,0.002
1790489615.2015026,True,2773.662,0.001,51.055,2722.572,0.002
1790489615.2338896,True,2769.819,0.001,50.923,2718.863,0.002
1790489615.2658868,True,2770.168,0.001,52.514,2717.619,0.002
1790489615.2815373,True,2771.032,0.001,50.846,2720.149,0.002
1790489615.3089614,True,2771.403,0.001,51.391,2719.975,0.002
1790489615.340676,True,2772.247,0.001,51.651,2720.558,0.002
1790489615.4169645,True,2776.254,0.001,51.647,2724.577,0.002
1790489615.4184904,True,2776.312,0.001,55.876,2720.417,0.002
1790489615.4823186,True,2780.256,0.001,51.107,2729.131,0.002
1790489615.4836273,True,2780.333,0.001,51.596,2728.72,0.002
1790489615.486906,True,2781.781,0.001,51.764,2729.999,0.001
1790489615.5000248,True,2769.314,0.001,52.382,2716.906,0.003
1790489615.5295312,True,2770.292,0.001,52.037,2718.231,0.002
1790489615.5580099,True,2772.553,0.001,51.22,2721.3,0.002
1790489615.5883405,True,2774.296,0.001,53.098,2721.165,0.002
1790489615.6155856,True,2770.86,0.001,50.659,2720.176,0.002
1790489615.64261,True,2769.017,0.001,51.37,2717.621,0.002
1790489615.6687872,True,2771.795,0.001,51.941,2719.826,0.002
1790489615.6992533,True,2771.302,0.001,51.873,2719.398,0.003
1790489615.7279153,True,2773.1,0.001,51.795,2721.273,0.002
1790489615.7533784,True,2768.647,0.001,51.08,2717.541,0.002
1790489615.781886,True,2769.808,0.001,51.359,2718.415,0.002
1790489615.807617,True,2769.102,0.001,50.771,2718.297,0.002
1790489615.830637,True,2771.571,0.001,50.661,2720.873,0.002
1790489615.85944,True,2771.911,0.001,51.057,2720.821,0.002
1790489615.8891194,True,2772.422,0.001,52.983,2719.413,0.002
1790489615.915949,True,2769.248,0.001,51.386,2717.837,0.002
1790489615.948001,True,2775.363,0.001,52.02,2723.313,0.002
1790489615.9693012,True,2769.291,0.001,51.602,2717.665,0.002
1790489616.0000396,True,2769.597,0.001,51.338,2718.234,0.002
1790489616.0250206,True,2770.812,0.001,51.224,2719.557,0.002
1790489616.0554864,True,2770.911,0.001,52.202,2718.677,0.002
1790489616.0833585,True,2772.447,0.001,51.42,2721.006,0.002
1790489616.1082358,True,2768.655,0.001,50.94,2717.69,0.002
1790489616.134899,True,2769.73,0.001,52.397,2717.308,0.002
1790489616.1642733,True,2771.032,0.001,52.271,2718.735,0.002
1790489616.191426,True,2771.212,0.001,51.157,2720.02,0.002
1790489616.217707,True,2769.103,0.001,51.088,2717.989,0.002
1790489616.2489288,True,2770.529,0.001,51.157,2719.346,0.002
1790489616.2754993,True,2773.271,0.001,50.926,2722.311,0.002
1790489616.3030782,True,2770.289,0.001,51.486,2718.776,0.002
1790489616.333763,True,2772.005,0.001,50.824,2721.146,0.002
1790489616.3569443,True,2770.202,0.001,51.089,2719.088,0.002
1790489616.3908865,True,2770.93,0.001,52.64,2718.267,0.002
1790489616.4108937,True,2770.439,0.001,53.028,2717.387,0.002
1790489616.4495888,True,2774.275,0.001,51.288,2722.954,0.002
1790489616.4663546,True,2769.449,0.001,51.191,2718.223,0.002
1790489616.5084162,True,2772.874,0.001,51.314,2721.53,0.002
1790489616.5346482,True,2770.222,0.001,51.347,2718.843,0.002
1790489616.5630045,True,2769.698,0.001,52.351,2717.322,0.002
1790489616.5918944,True,2770.683,0.001,51.091,2719.57,0.002
1790489616.618061,True,2770.158,0.001,52.543,2717.591,0.002
1790489616.6455157,True,2770.465,0.001,52.373,2718.068,0.002
1790489616.6756687,True,2772.165,0.001,51.256,2720.88,0.002
1790489616.7031167,True,2772.565,0.001,50.842,2721.69,0.002
1790489616.7304797,True,2769.483,0.001,52.088,2717.37,0.002
1790489616.7615943,True,2772.837,0.001,53.169,2719.644,0.002
1790489616.7847357,True,2769.394,0.001,51.626,2717.742,0.002
1790489616.8164122,True,2768.864,0.001,50.545,2718.277,0.002
1790489616.845043,True,2775.136,0.001,51.282,2723.821,0.002
1790489616.8685865,True,2773.008,0.001,51.749,2721.218,0.002
1790489616.8974938,True,2769.994,0.001,51.072,2718.891,0.002
1790489616.9235017,True,2769.048,0.001,52.296,2716.73,0.002
1790489616.9571505,True,2775.068,0.001,51.417,2723.61,0.002
1790489616.9817016,True,2772.061,0.001,51.929,2720.109,0.002
1790489617.0143526,True,2771.594,0.001,50.529,2721.039,0.002
1790489617.0371356,True,2772.478,0.001,51.084,2721.359,0.002
1790489617.0657194,True,2769.618,0.001,51.292,2718.295,0.002
1790489617.0966136,True,2772.654,0.001,51.071,2721.561,0.002
1790489617.1205113,True,2774.398,0.001,52.586,2721.778,0.003
1790489617.1453073,True,2768.453,0.001,50.673,2717.755,0.002
1790489617.1745055,True,2769.003,0.001,51.792,2717.187,0.002
1790489617.1994898,True,2769.452,0.001,51.345,2718.072,0.002
1790489617.2296772,True,2769.678,0.001,50.984,2718.67,0.002
1790489617.2647572,True,2771.438,0.001,51.679,2719.728,0.002
1790489617.2820199,True,2768.877,0.001,50.813,2718.037,0.002
1790489617.3222868,True,2771.503,0.001,51.183,2720.288,0.002
1790489617.3407934,True,2773.993,0.001,52.624,2721.341,0.002
1790489617.3702815,True,2774.039,0.001,51.428,2722.556,0.002
1790489617.393839,True,2768.447,0.001,50.486,2717.936,0.002
1790489617.4253016,True,2768.196,0.001,50.551,2717.615,0.002
1790489617.4474416,True,2769.266,0.001,51.489,2717.737,0.002
1790489617.4841237,True,2774.659,0.001,53.54,2721.0,0.002
1790489617.5385714,True,2773.299,0.001,51.414,2721.846,0.002
1790489617.5402443,True,2774.52,0.001,53.503,2720.994,0.002
1790489617.5513687,True,2768.925,0.001,51.11,2717.788,0.002
1790489617.580465,True,2769.72,0.001,51.578,2718.107,0.002
1790489617.6137495,True,2773.306,0.001,51.913,2721.356,0.002
1790489617.6409767,True,2772.162,0.001,51.527,2720.602,0.002
1790489617.6683884,True,2770.705,0.001,52.35,2718.329,0.002
1790489617.6981719,True,2771.03,0.001,50.923,2720.083,0.002
1790489617.7267811,True,2773.962,0.001,52.589,2721.351,0.002
1790489617.7645245,True,2784.345,0.001,63.582,2720.733,0.002
1790489617.779973,True,2771.775,0.001,51.328,2720.415,0.002
1790489617.8170617,True,2769.618,0.001,52.153,2717.431,0.002
1790489617.8383524,True,2772.321,0.001,51.455,2720.836,0.002
1790489617.8594606,True,2770.494,0.001,51.231,2719.231,0.002
1790489617.8973715,True,2771.833,0.001,52.018,2719.78,0.002
1790489617.919228,True,2773.385,0.001,52.602,2720.742,0.002
1790489617.951675,True,2768.271,0.001,51.294,2716.952,0.002
1790489617.9784403,True,2773.405,0.001,52.05,2721.324,0.002
1790489618.0063052,True,2769.042,0.001,51.265,2717.744,0.002
1790489618.0374618,True,2768.523,0.001,51.036,2717.457,0.002
1790489618.0565655,True,2771.913,0.001,51.998,2719.88,0.002
1790489618.0825257,True,2770.263,0.001,51.624,2718.61,0.002
1790489618.1148334,True,2770.487,0.001,51.519,2718.933,0.002
1790489618.2041807,True,2784.272,0.001,51.195,2733.043,0.002
1790489618.205871,True,2784.565,0.001,53.227,2731.315,0.002
1790489618.2652547,True,2776.499,0.001,50.86,2725.608,0.002
1790489618.2664878,True,2776.802,0.001,53.774,2723.01,0.002
1790489618.2680771,True,2778.458,0.0,52.683,2725.758,0.001
1790489618.273459,True,2770.486,0.001,51.01,2719.445,0.002
1790489618.3040254,True,2771.154,0.001,50.944,2720.168,0.002
1790489618.3325255,True,2771.588,0.001,51.737,2719.82,0.002
1790489618.3629775,True,2771.154,0.001,51.846,2719.285,0.002
1790489618.3872497,True,2768.562,0.001,50.858,2717.68,0.002
1790489618.4178388,True,2771.983,0.001,53.705,2718.252,0.002
1790489618.4461503,True,2774.012,0.001,51.417,2722.56,0.002
1790489618.4719393,True,2769.406,0.001,51.529,2717.852,0.002
1790489618.5001216,True,2768.902,0.001,51.418,2717.457,0.002
1790489618.5276084,True,2770.094,0.001,51.431,2718.632,0.003
1790489618.5558817,True,2770.239,0.001,51.245,2718.96,0.002
1790489618.579902,True,2768.902,0.001,50.565,2718.311,0.002
1790489618.6051025,True,2771.21,0.001,51.512,2719.667,0.002
1790489618.6340902,True,2769.323,0.001,51.871,2717.424,0.002
1790489618.664158,True,2772.31,0.001,51.672,2720.609,0.002
1790489618.6879752,True,2768.525,0.001,50.604,2717.893,0.002
1790489618.72132,True,2770.0,0.001,50.784,2719.192,0.002
1790489618.7437925,True,2770.851,0.001,52.734,2718.09,0.003
1790489618.774432,True,2769.668,0.001,51.649,2717.991,0.002
1790489618.8011532,True,2772.759,0.001,52.434,2720.292,0.002
1790489618.8283765,True,2769.061,0.001,51.094,2717.938,0.002
1790489618.8564224,True,2769.943,0.001,51.336,2718.58,0.002
1790489618.8832078,True,2770.236,0.001,52.138,2718.074,0.002
1790489618.9097033,True,2770.079,0.001,52.295,2717.762,0.002
1790489618.9362311,True,2768.536,0.001,50.762,2717.749,0.002
1790489618.9674468,True,2772.651,0.001,51.746,2720.876,0.002
1790489618.9902725,True,2769.722,0.001,50.928,2718.761,0.002
1790489619.0216355,True,2769.499,0.001,51.521,2717.953,0.002
1790489619.0500696,True,2771.728,0.001,50.659,2721.037,0.002
1790489619.0752518,True,2768.678,0.001,51.172,2717.482,0.002
1790489619.1079047,True,2771.105,0.001,50.647,2720.429,0.002
1790489619.1298509,True,2769.373,0.001,51.615,2717.734,0.002
1790489619.1661925,True,2772.269,0.001,51.899,2720.342,0.002
1790489619.1839795,True,2769.659,0.001,52.607,2717.025,0.002
1790489619.2265997,True,2774.011,0.001,51.502,2722.479,0.002
1790489619.242544,True,2772.703,0.001,52.583,2720.087,0.002
1790489619.2816665,True,2770.176,0.001,51.695,2718.457,0.002
1790489619.3091762,True,2771.073,0.001,51.344,2719.698,0.002
1790489619.3374298,True,2770.826,0.001,52.131,2718.67,0.003
1790489619.363852,True,2768.725,0.001,51.074,2717.627,0.002
1790489619.3953369,True,2773.69,0.001,51.837,2721.825,0.002
1790489619.4222183,True,2773.082,0.001,51.519,2721.502,0.002
1790489619.4487913,True,2770.013,0.001,51.835,2718.155,0.002
1790489619.4798205,True,2772.958,0.001,51.277,2721.649,0.002
1790489619.5030298,True,2768.913,0.001,51.53,2717.358,0.002
1790489619.534544,True,2769.936,0.001,52.272,2717.64,0.002
1790489619.5626004,True,2774.62,0.001,51.606,2722.97,0.002
1790489619.5883796,True,2768.553,0.001,50.634,2717.887,0.002
1790489619.6180468,True,2769.767,0.001,51.403,2718.335,0.003
1790489619.64355,True,2770.369,0.001,51.193,2719.149,0.002
1790489619.6735601,True,2771.195,0.001,50.514,2720.646,0.002
1790489619.6997323,True,2772.25,0.001,50.646,2721.568,0.002
1790489619.7324657,True,2771.99,0.001,51.38,2720.58,0.002
1790489619.755357,True,2770.449,0.001,52.923,2717.502,0.002
1790489619.7939434,True,2772.58,0.001,51.31,2721.242,0.002
1790489619.8164566,True,2775.723,0.001,50.867,2724.823,0.002
1790489619.8405008,True,2769.361,0.001,51.27,2718.062,0.002
1790489619.8691602,True,2769.467,0.001,51.661,2717.774,0.002
1790489619.897909,True,2772.868,0.001,51.379,2721.462,0.002
1790489619.9182067,True,2769.627,0.001,51.71,2717.892,0.002
1790489619.947788,True,2768.173,0.001,50.647,2717.501,0.002
1790489619.9728112,True,2770.113,0.001,51.198,2718.881,0.002
1790489620.001489,True,2768.266,0.001,50.77,2717.467,0.002
1790489620.0388203,True,2770.602,0.001,51.863,2718.71,0.002
1790489620.0634277,True,2776.854,0.001,51.765,2725.06,0.002
1790489620.095069,True,2769.575,0.001,50.908,2718.636,0.001
1790489620.1139863,True,2770.177,0.001,50.731,2719.419,0.002
1790489620.1435103,True,2769.827,0.001,52.226,2717.576,0.002
1790489620.165964,True,2768.752,0.001,51.39,2717.338,0.002
1790489620.2015312,True,2772.572,0.001,50.969,2721.563,0.002
1790489620.2219868,True,2770.689,0.001,51.536,2719.115,0.002
1790489620.2601788,True,2773.226,0.001,53.838,2719.368,0.002
1790489620.314694,True,2772.014,0.001,51.505,2720.477,0.002
1790489620.316173,True,2772.592,0.0,52.515,2720.059,0.002
1790489620.324081,True,2769.252,0.001,50.667,2718.552,0.002
1790489620.353535,True,2769.886,0.001,50.876,2718.976,0.002
1790489620.386206,True,2769.453,0.001,52.168,2717.261,0.002
1790489620.4151468,True,2771.153,0.001,51.657,2719.468,0.002
1790489620.445897,True,2774.191,0.001,51.495,2722.662,0.002
1790489620.472976,True,2771.372,0.001,51.151,2720.188,0.002
1790489620.4978614,True,2767.952,0.001,50.659,2717.267,0.002
1790489620.537937,True,2770.076,0.001,51.203,2718.841,0.002
1790489620.5517538,True,2768.955,0.001,50.791,2718.129,0.002
1790489620.5916364,True,2769.691,0.001,51.264,2718.392,0.002
1790489620.6124332,True,2770.928,0.001,51.454,2719.439,0.002
1790489620.6332874,True,2770.57,0.001,51.194,2719.334,0.002
1790489620.670068,True,2769.372,0.001,51.515,2717.835,0.002
1790489620.6957986,True,2772.886,0.001,52.524,2720.325,0.002
1790489620.7265208,True,2771.101,0.001,51.946,2719.127,0.003
1790489620.755345,True,2773.384,0.001,50.855,2722.496,0.002
1790489620.78056,True,2770.612,0.001,51.309,2719.268,0.002
1790489620.8102663,True,2769.639,0.001,50.829,2718.775,0.003
1790489620.8316214,True,2772.062,0.001,50.994,2721.033,0.002
1790489620.8555171,True,2769.556,0.001,52.137,2717.382,0.002
1790489620.8866336,True,2768.598,0.001,50.783,2717.78,0.002
1790489620.9844732,True,2776.801,0.001,51.155,2725.609,0.002
1790489620.9869354,True,2778.181,0.001,53.704,2724.452,0.002
1790489621.0432467,True,2774.113,0.001,50.817,2723.264,0.002
1790489621.0491755,True,2778.719,0.001,51.765,2726.93,0.002
1790489621.050625,True,2779.618,0.001,52.558,2727.04,0.002
1790489621.0523608,True,2776.087,0.001,50.19,2725.874,0.002
1790489621.0785317,True,2771.362,0.001,51.239,2720.09,0.002
1790489621.1097085,True,2774.169,0.001,52.176,2721.974,0.002
1790489621.1376655,True,2771.608,0.001,52.395,2719.192,0.002
1790489621.1629007,True,2771.835,0.001,51.169,2720.632,0.002
1790489621.1906123,True,2769.494,0.001,51.485,2717.985,0.002
1790489621.220528,True,2771.134,0.001,51.462,2719.648,0.002
1790489621.2495148,True,2774.405,0.001,52.654,2721.725,0.002
1790489621.2771516,True,2773.241,0.001,52.717,2720.492,0.003
1790489621.3014045,True,2769.75,0.001,51.176,2718.547,0.002
1790489621.3292198,True,2769.721,0.001,51.581,2718.108,0.002
1790489621.3553352,True,2770.501,0.001,50.234,2720.241,0.002
1790489621.3779142,True,2769.585,0.001,51.344,2718.209,0.002
1790489621.4108677,True,2770.734,0.001,50.685,2720.021,0.002
1790489621.4373875,True,2770.159,0.001,51.722,2718.409,0.002
1790489621.4660065,True,2769.624,0.001,51.966,2717.634,0.002
1790489621.4964275,True,2771.218,0.001,50.3,2720.897,0.002
1790489621.518411,True,2771.219,0.001,51.667,2719.522,0.002
1790489621.5476792,True,2770.058,0.001,51.343,2718.691,0.002
1790489621.57752,True,2773.148,0.001,52.624,2720.5,0.002
1790489621.6002667,True,2768.824,0.001,51.804,2716.994,0.002
1790489621.6283374,True,2768.49,0.001,50.804,2717.662,0.002
1790489621.6541097,True,2767.739,0.001,50.426,2717.288,0.002
1790489621.6850557,True,2771.434,0.001,51.358,2720.042,0.003
1790489621.7101138,True,2770.566,0.001,51.774,2718.766,0.002
1790489621.73964,True,2768.85,0.001,51.54,2717.284,0.002
1790489621.7695963,True,2775.488,0.001,51.447,2724.01,0.002
1790489621.79364,True,2768.834,0.001,51.131,2717.68,0.002
1790489621.8258753,True,2772.4,0.001,51.18,2721.183,0.003
1790489621.8489368,True,2770.297,0.001,51.491,2718.783,0.002
1790489621.884591,True,2773.597,0.001,51.087,2722.478,0.002
1790489621.9026499,True,2769.446,0.001,51.567,2717.854,0.002
1790489621.9440625,True,2774.615,0.001,51.556,2723.025,0.002
1790489621.9600465,True,2772.809,0.001,51.259,2721.521,0.002
1790489622.001112,True,2771.392,0.001,52.42,2718.948,0.002
1790489622.017261,True,2771.464,0.001,51.033,2720.399,0.002
1790489622.0581627,True,2773.169,0.001,52.914,2720.231,0.002
1790489622.081739,True,2769.437,0.001,52.15,2717.262,0.002
1790489622.1113641,True,2770.792,0.001,51.806,2718.955,0.002
1790489622.141047,True,2774.0,0.001,51.149,2722.816,0.002
1790489622.1685474,True,2770.112,0.001,50.962,2719.13,0.002
1790489622.1981115,True,2772.551,0.001,51.366,2721.158,0.002
1790489622.2226233,True,2770.348,0.001,51.27,2719.053,0.002
1790489622.2536373,True,2770.679,0.001,52.318,2718.336,0.003
1790489622.28059,True,2773.429,0.001,51.134,2722.261,0.002
1790489622.306891,True,2769.166,0.001,51.587,2717.557,0.002
1790489622.3383176,True,2772.406,0.001,52.743,2719.64,0.002
1790489622.3645287,True,2772.86,0.001,52.365,2720.473,0.002
1790489622.3914375,True,2769.693,0.001,52.485,2717.183,0.002
1790489622.4182127,True,2771.161,0.001,53.228,2717.907,0.002
1790489622.456129,True,2779.177,0.001,51.344,2727.797,0.002
1790489622.4736314,True,2770.071,0.001,52.309,2717.735,0.002
1790489622.5071552,True,2771.228,0.001,51.976,2719.218,0.002
1790489622.5328376,True,2774.259,0.001,50.942,2723.278,0.002
1790489622.5677857,True,2770.823,0.001,51.098,2719.639,0.002
1790489622.5904558,True,2770.739,0.001,51.491,2719.221,0.002
1790489622.615597,True,2771.949,0.001,51.422,2720.495,0.003
1790489622.6416006,True,2767.966,0.001,51.104,2716.832,0.002
1790489622.6705313,True,2769.441,0.001,51.459,2717.95,0.002
1790489622.6922007,True,2770.684,0.001,51.927,2718.732,0.002
1790489622.7203205,True,2769.258,0.001,51.228,2718.006,0.002
1790489622.7463355,True,2770.075,0.001,51.059,2718.981,0.002
1790489622.7788465,True,2773.986,0.001,55.01,2718.942,0.002
1790489622.812323,True,2770.072,0.001,51.184,2718.856,0.002
1790489622.836763,True,2770.484,0.001,50.393,2720.068,0.002
1790489622.870461,True,2772.446,0.001,51.619,2720.798,0.002
1790489622.8878155,True,2769.136,0.001,50.96,2718.149,0.002
1790489622.9194386,True,2772.295,0.001,51.954,2720.305,0.003
1790489622.9407442,True,2769.446,0.001,51.387,2718.036,0.002
1790489622.977558,True,2773.041,0.001,51.434,2721.574,0.002
1790489622.9963548,True,2770.793,0.001,51.271,2719.486,0.003
1790489623.0365825,True,2772.894,0.001,53.053,2719.817,0.002
1790489623.0945954,True,2776.014,0.001,52.835,2723.149,0.002
1790489623.0965421,True,2776.807,0.001,53.655,2723.131,0.001
1790489623.0989676,True,2771.984,0.001,51.136,2720.817,0.001
1790489623.131629,True,2774.912,0.001,52.195,2722.681,0.002
1790489623.1614907,True,2772.148,0.001,51.275,2720.837,0.002
1790489623.1899805,True,2771.866,0.001,52.09,2719.747,0.002
1790489623.2197084,True,2770.522,0.001,50.751,2719.745,0.002
1790489623.2475007,True,2770.801,0.001,50.528,2720.24,0.002
1790489623.271316,True,2768.689,0.001,50.318,2718.346,0.002
1790489623.309628,True,2768.563,0.001,51.377,2717.161,0.002
1790489623.325792,True,2769.985,0.001,51.54,2718.411,0.002
1790489623.367133,True,2772.261,0.001,52.364,2719.864,0.002
1790489623.3853002,True,2769.855,0.001,50.94,2718.884,0.002
1790489623.4069133,True,2770.211,0.001,51.417,2718.757,0.002
1790489623.4455426,True,2772.245,0.001,53.634,2718.586,0.002
1790489623.471174,True,2772.144,0.001,51.162,2720.94,0.003
1790489623.4993267,True,2768.989,0.001,51.044,2717.92,0.002
1790489623.5299585,True,2771.592,0.001,52.336,2719.233,0.002
1790489623.5540707,True,2770.217,0.001,50.582,2719.608,0.002
1790489623.5836518,True,2769.682,0.001,51.688,2717.959,0.002
1790489623.6056066,True,2769.225,0.001,51.019,2718.181,0.002
1790489623.6272707,True,2768.384,0.001,50.577,2717.78,0.002
1790489623.659514,True,2769.494,0.001,51.255,2718.205,0.002
1790489623.771341,True,2782.641,0.001,51.701,2730.903,0.003
1790489623.7732012,True,2783.321,0.001,55.654,2727.645,0.002
1790489623.8268425,True,2773.118,0.001,51.075,2722.007,0.003
1790489623.8341374,True,2778.464,0.001,51.446,2726.995,0.002
1790489623.8353171,True,2779.107,0.001,54.376,2724.678,0.002
1790489623.8368976,True,2779.932,0.001,55.485,2724.429,0.001
1790489623.8544927,True,2772.87,0.001,51.669,2721.161,0.002
1790489623.8844883,True,2768.527,0.001,50.326,2718.179,0.002
1790489623.9085758,True,2767.745,0.001,50.602,2717.117,0.002
1790489623.9375553,True,2771.414,0.001,52.03,2719.354,0.002
1790489623.9679906,True,2774.078,0.001,52.126,2721.921,0.002
1790489623.9978654,True,2773.132,0.001,52.942,2720.166,0.002
1790489624.021944,True,2769.159,0.001,50.509,2718.619,0.002
1790489624.0498123,True,2768.508,0.001,50.689,2717.794,0.002
1790489624.0743887,True,2768.418,0.001,51.164,2717.227,0.002
1790489624.1026027,True,2768.63,0.001,50.866,2717.738,0.002
1790489624.1296396,True,2769.962,0.001,51.689,2718.25,0.002
1790489624.1513886,True,2769.886,0.001,51.252,2718.599,0.002
1790489624.1830313,True,2768.091,0.001,51.347,2716.717,0.002
1790489624.2139382,True,2773.433,0.001,52.423,2720.975,0.002
1790489624.2383726,True,2768.908,0.001,51.147,2717.733,0.002
1790489624.2710993,True,2771.412,0.001,50.85,2720.537,0.002
1790489624.297021,True,2773.682,0.001,51.131,2722.519,0.002
1790489624.321316,True,2768.944,0.001,50.334,2718.584,0.002
1790489624.349483,True,2768.515,0.001,50.396,2718.09,0.002
1790489624.3741596,True,2769.039,0.001,51.16,2717.853,0.002
1790489624.4034698,True,2770.078,0.001,52.277,2717.777,0.002
1790489624.4286768,True,2769.297,0.001,51.934,2717.338,0.002
1790489624.4599795,True,2771.481,0.001,51.991,2719.465,0.002
1790489624.48784,True,2774.002,0.001,51.659,2722.314,0.002
1790489624.5128374,True,2769.793,0.001,51.441,2718.324,0.003
1790489624.5464213,True,2773.548,0.001,53.67,2719.853,0.002
1790489624.5676935,True,2770.888,0.001,52.696,2718.167,0.002
1790489624.6010153,True,2771.555,0.001,51.09,2720.428,0.002
1790489624.6216693,True,2769.169,0.001,50.838,2718.307,0.002
1790489624.6595757,True,2771.441,0.001,51.31,2720.096,0.002
1790489624.679234,True,2772.575,0.001,51.742,2720.806,0.002
1790489624.7169037,True,2769.892,0.001,51.58,2718.281,0.002
1790489624.7342143,True,2771.216,0.001,51.647,2719.536,0.002
1790489624.7748594,True,2770.871,0.001,51.574,2719.269,0.002
1790489624.7923403,True,2771.759,0.001,51.776,2719.95,0.002
1790489624.835827,True,2770.46,0.001,50.669,2719.772,0.002
1790489624.8581867,True,2773.207,0.001,51.751,2721.416,0.002
1790489624.8858082,True,2770.964,0.001,51.374,2719.56,0.002
1790489624.9165885,True,2772.54,0.001,51.546,2720.965,0.002
1790489624.941129,True,2769.564,0.001,51.801,2717.739,0.002
1790489624.9716587,True,2770.128,0.001,52.72,2717.382,0.002
1790489624.9993331,True,2773.187,0.001,50.84,2722.315,0.002
1790489625.0412495,True,2784.274,0.001,50.522,2733.728,0.002
1790489625.056517,True,2772.722,0.001,51.601,2721.09,0.002
1790489625.0814772,True,2771.447,0.001,51.399,2720.019,0.002
1790489625.1101942,True,2768.398,0.005,51.416,2716.949,0.002
1790489625.1386743,True,2771.164,0.001,51.408,2719.735,0.002
1790489625.172425,True,2776.609,0.001,52.399,2724.179,0.002
1790489625.1925678,True,2771.02,0.001,52.537,2718.459,0.002
1790489625.2290165,True,2769.643,0.001,50.535,2719.085,0.002
1790489625.249289,True,2772.584,0.001,51.286,2721.267,0.002
1790489625.283898,True,2772.089,0.001,52.114,2719.893,0.003
1790489625.30848,True,2772.658,0.001,51.93,2720.698,0.001
1790489625.3407142,True,2769.972,0.001,50.718,2719.23,0.002
1790489625.366406,True,2772.791,0.001,50.881,2721.886,0.002
1790489625.38864,True,2769.671,0.001,52.162,2717.481,0.002
1790489625.4161587,True,2769.307,0.001,51.089,2718.184,0.002
1790489625.4431887,True,2769.186,0.001,51.293,2717.861,0.002
1790489625.465089,True,2769.897,0.001,51.735,2718.14,0.002
1790489625.4934773,True,2769.98,0.001,50.854,2719.089,0.002
1790489625.5244827,True,2774.886,0.001,51.954,2722.899,0.002
1790489625.5534992,True,2771.589,0.001,52.158,2719.4,0.002
1790489625.587252,True,2771.579,0.001,52.448,2719.102,0.002
1790489625.6084783,True,2768.614,0.001,50.802,2717.784,0.002
1790489625.6419084,True,2768.283,0.001,50.727,2717.525,0.002
1790489625.6621492,True,2769.314,0.001,50.959,2718.333,0.002
1790489625.6942568,True,2771.483,0.001,51.177,2720.271,0.002
1790489625.716007,True,2770.39,0.001,51.533,2718.832,0.002
1790489625.7531888,True,2772.82,0.001,51.754,2721.034,0.002
1790489625.7690215,True,2769.581,0.001,50.858,2718.688,0.002
1790489625.815028,True,2775.183,0.001,51.178,2723.975,0.002
1790489625.870082,True,2770.338,0.001,50.819,2719.49,0.002
1790489625.8724704,True,2771.048,0.001,51.592,2719.437,0.001
1790489625.875675,True,2773.86,0.001,52.092,2721.752,0.002
1790489625.9062617,True,2771.443,0.001,51.372,2720.038,0.002
1790489625.9359255,True,2771.221,0.001,50.845,2720.325,0.002
1790489625.9647007,True,2771.72,0.001,50.69,2720.997,0.002
1790489625.9935188,True,2770.713,0.001,51.154,2719.534,0.002
1790489626.0229723,True,2772.037,0.001,51.459,2720.543,0.002
1790489626.0441468,True,2768.071,0.001,50.639,2717.409,0.002
1790489626.082963,True,2770.102,0.001,51.752,2718.323,0.002
1790489626.0993311,True,2770.248,0.001,51.837,2718.378,0.002
1790489626.143077,True,2772.677,0.001,50.476,2722.17,0.002
1790489626.1583269,True,2769.832,0.001,51.372,2718.421,0.002
1790489626.1814113,True,2771.01,0.001,51.561,2719.412,0.002
1790489626.2179244,True,2768.847,0.001,50.851,2717.972,0.002
1790489626.2479436,True,2770.82,0.001,51.431,2719.358,0.001
1790489626.273097,True,2769.958,0.001,51.811,2718.117,0.003
1790489626.3043268,True,2771.401,0.001,51.262,2720.116,0.002
1790489626.3300195,True,2772.779,0.001,51.051,2721.704,0.002
1790489626.3566115,True,2769.669,0.001,51.29,2718.344,0.002
1790489626.3799088,True,2769.114,0.001,51.273,2717.816,0.002
1790489626.4001918,True,2769.634,0.001,51.08,2718.522,0.002
1790489626.434384,True,2769.314,0.001,51.394,2717.887,0.002
1790489626.549501,True,2774.754,0.001,52.668,2722.059,0.002
1790489626.554165,True,2778.155,0.001,52.782,2725.353,0.002
1790489626.6088367,True,2771.676,0.001,50.547,2721.106,0.002
1790489626.6105814,True,2772.249,0.001,50.881,2721.349,0.002
1790489626.6154172,True,2776.293,0.001,52.12,2724.154,0.002
1790489626.616507,True,2777.166,0.0,52.696,2724.452,0.002
1790489626.626638,True,2769.025,0.001,51.684,2717.315,0.002
1790489626.6593008,True,2769.948,0.001,51.109,2718.815,0.002
1790489626.6842163,True,2771.912,0.001,51.277,2720.532,0.002
1790489626.718255,True,2776.034,0.001,51.387,2724.614,0.002
1790489626.7413642,True,2770.208,0.001,51.481,2718.705,0.002
1790489626.7688081,True,2767.627,0.001,50.675,2716.926,0.002
1790489626.7932436,True,2768.033,0.001,50.955,2717.051,0.002
1790489626.8237896,True,2769.306,0.001,51.032,2718.248,0.002
1790489626.848745,True,2769.536,0.001,51.112,2718.401,0.002
1790489626.8771825,True,2769.921,0.001,51.05,2718.841,0.002
1790489626.9026563,True,2769.841,0.001,50.725,2719.092,0.002
1790489626.9260073,True,2771.385,0.001,51.892,2719.412,0.002
1790489626.9573925,True,2770.573,0.001,52.065,2718.481,0.002
1790489626.988643,True,2771.534,0.001,51.429,2720.071,0.002
1790489627.0160604,True,2773.745,0.001,51.979,2721.736,0.002
1790489627.042119,True,2767.78,0.001,50.398,2717.358,0.003
1790489627.069114,True,2768.591,0.001,50.951,2717.612,0.002
1790489627.0924551,True,2767.995,0.001,50.396,2717.575,0.002
1790489627.1238732,True,2769.803,0.001,51.375,2718.4,0.002
1790489627.147465,True,2770.083,0.001,51.586,2718.473,0.002
1790489627.1796408,True,2771.356,0.001,52.579,2718.748,0.002
1790489627.2071671,True,2774.68,0.001,51.791,2722.828,0.002
1790489627.235,True,2770.254,0.001,51.33,2718.895,0.003
1790489627.2646124,True,2773.912,0.001,51.35,2722.525,0.002
1790489627.284809,True,2767.369,0.001,50.702,2716.645,0.002
1790489627.3194282,True,2769.618,0.001,51.954,2717.639,0.002
1790489627.3421934,True,2771.079,0.001,51.395,2719.663,0.002
1790489627.3741357,True,2769.851,0.001,50.923,2718.893,0.003
1790489627.396138,True,2771.052,0.001,51.611,2719.41,0.003
1790489627.4340844,True,2771.17,0.001,51.095,2720.047,0.002
1790489627.4526553,True,2770.125,0.001,52.306,2717.795,0.002
1790489627.492882,True,2773.182,0.001,51.379,2721.772,0.002
1790489627.510677,True,2773.268,0.001,51.093,2722.144,0.002
1790489627.5508587,True,2773.006,0.001,51.715,2721.264,0.002
1790489627.5677035,True,2772.228,0.001,50.861,2721.337,0.002
1790489627.6086533,True,2769.789,0.001,50.401,2719.369,0.002
1790489627.6330347,True,2771.499,0.001,51.105,2720.255,0.002
1790489627.6610782,True,2772.212,0.001,52.669,2719.521,0.002
1790489627.691199,True,2771.799,0.001,52.696,2719.08,0.002
1790489627.7167168,True,2772.588,0.001,52.578,2719.977,0.002
1790489627.7600794,True,2785.013,0.001,66.749,2718.239,0.002
1790489627.7748885,True,2772.216,0.001,51.508,2720.681,0.002
1790489627.8194392,True,2772.014,0.001,51.864,2720.121,0.002
1790489627.829224,True,2769.874,0.001,51.579,2718.271,0.002
1790489627.8557978,True,2771.349,0.001,51.56,2719.759,0.002
1790489627.883812,True,2768.764,0.001,51.209,2717.525,0.002
1790489627.913265,True,2771.53,0.001,51.535,2719.975,0.002
1790489627.9438245,True,2768.389,0.001,50.716,2717.65,0.002
1790489627.9659393,True,2770.245,0.001,51.668,2718.551,0.002
1790489628.0020556,True,2770.094,0.001,52.477,2717.597,0.002
1790489628.0220494,True,2769.778,0.001,51.286,2718.457,0.002
1790489628.057068,True,2770.294,0.001,51.507,2718.759,0.002
1790489628.0825946,True,2771.205,0.001,52.354,2718.823,0.002
1790489628.1142485,True,2770.617,0.001,50.841,2719.747,0.002
1790489628.1406996,True,2771.107,0.001,51.249,2719.826,0.002
1790489628.1617541,True,2769.86,0.001,51.881,2717.957,0.002
1790489628.189827,True,2770.521,0.001,51.617,2718.869,0.002
1790489628.215535,True,2768.905,0.001,50.302,2718.58,0.003
1790489628.2408237,True,2772.754,0.001,51.095,2721.624,0.002
1790489628.2687044,True,2772.078,0.001,51.789,2720.253,0.002
1790489628.2970903,True,2769.505,0.001,50.93,2718.542,0.002
1790489628.3256927,True,2769.145,0.001,52.291,2716.833,0.001
1790489628.3604233,True,2769.975,0.001,52.219,2717.731,0.002
1790489628.3826723,True,2771.053,0.001,51.281,2719.749,0.002
1790489628.4154723,True,2770.245,0.001,51.261,2718.955,0.002
1790489628.4358008,True,2769.435,0.001,50.419,2718.989,0.003
1790489628.4695573,True,2770.368,0.001,50.772,2719.563,0.002
1790489628.4871824,True,2767.531,0.001,50.358,2717.147,0.002
1790489628.5248125,True,2768.796,0.001,50.894,2717.868,0.002
1790489628.541891,True,2769.785,0.001,50.98,2718.773,0.003
1790489628.5937681,True,2775.573,0.001,54.74,2720.808,0.002
1790489628.6495266,True,2773.26,0.001,51.437,2721.788,0.002
1790489628.6529136,True,2774.384,0.001,52.947,2721.416,0.002
1790489628.6550531,True,2778.494,0.001,52.941,2725.532,0.002
1790489628.680766,True,2771.026,0.001,51.075,2719.916,0.003
1790489628.7125614,True,2773.603,0.001,50.72,2722.852,0.002
1790489628.7410731,True,2773.272,0.001,50.724,2722.513,0.002
1790489628.7657046,True,2768.645,0.001,50.646,2717.975,0.002
1790489628.7961009,True,2769.9,0.001,51.175,2718.686,0.002
1790489628.8176062,True,2770.073,0.001,52.279,2717.768,0.002
1790489628.8579593,True,2772.066,0.001,51.569,2720.463,0.002
1790489628.8703578,True,2767.896,0.001,51.077,2716.787,0.002
1790489628.9165986,True,2770.631,0.001,51.467,2719.13,0.002
1790489628.9309635,True,2769.345,0.001,51.161,2718.149,0.002
1790489628.953631,True,2768.578,0.001,50.783,2717.764,0.002
1790489628.9906673,True,2769.393,0.001,52.338,2717.03,0.002
1790489629.021656,True,2770.825,0.001,51.193,2719.602,0.002
1790489629.049328,True,2772.767,0.001,51.23,2721.509,0.002
1790489629.075945,True,2768.672,0.001,51.303,2717.341,0.002
1790489629.1030097,True,2769.49,0.001,51.274,2718.184,0.002
1790489629.134257,True,2772.895,0.001,52.361,2720.497,0.002
1790489629.1536205,True,2770.39,0.001,51.856,2718.509,0.002
1790489629.1737316,True,2770.505,0.001,51.406,2719.06,0.002
1790489629.2109225,True,2772.868,0.001,51.285,2721.552,0.002
1790489629.328295,True,2775.223,0.001,51.268,2723.917,0.003
1790489629.3350523,True,2777.803,0.001,55.523,2722.252,0.002
1790489629.394473,True,2777.068,0.001,51.43,2725.609,0.002
1790489629.3957045,True,2776.403,0.0,53.241,2723.142,0.002
1790489629.3988404,True,2778.975,0.0,54.298,2724.659,0.002
1790489629.403858,True,2784.652,0.001,52.426,2732.206,0.001
1790489629.408654,True,2779.057,0.001,50.674,2728.348,0.002
1790489629.433916,True,2771.778,0.001,51.948,2719.798,0.002
1790489629.458104,True,2771.116,0.001,51.729,2719.359,0.002
1790489629.4909036,True,2769.454,0.001,50.67,2718.762,0.002
1790489629.5140028,True,2769.322,0.001,50.992,2718.306,0.002
1790489629.5436237,True,2769.386,0.001,50.889,2718.471,0.002
1790489629.5666332,True,2769.069,0.001,51.779,2717.267,0.002
1790489629.5952888,True,2768.153,0.001,50.941,2717.188,0.002
1790489629.620674,True,2768.808,0.001,51.578,2717.206,0.002
1790489629.649933,True,2769.439,0.001,51.427,2717.979,0.002
1790489629.6760545,True,2769.974,0.001,51.987,2717.964,0.002
1790489629.703664,True,2774.375,0.001,51.057,2723.282,0.002
1790489629.732909,True,2772.268,0.001,50.947,2721.285,0.002
1790489629.762421,True,2770.39,0.001,51.004,2719.364,0.002
1790489629.7872863,True,2768.096,0.001,50.705,2717.367,0.002
1790489629.8145683,True,2768.896,0.001,51.274,2717.592,0.002
1790489629.844864,True,2772.184,0.001,52.024,2720.137,0.002
1790489629.8704617,True,2770.987,0.001,52.471,2718.49,0.002
1790489629.896978,True,2769.919,0.001,52.68,2717.214,0.002
1790489629.9234297,True,2772.464,0.001,51.822,2720.606,0.002
1790489629.9551032,True,2772.225,0.001,52.548,2719.656,0.002
1790489629.981961,True,2771.654,0.001,51.293,2720.331,0.002
1790489630.008204,True,2769.477,0.001,50.824,2718.621,0.002
1790489630.0376067,True,2768.883,0.001,52.173,2716.685,0.002
1790489630.059368,True,2771.576,0.001,51.53,2720.012,0.002
1790489630.093236,True,2770.46,0.001,52.1,2718.335,0.002
1790489630.1178799,True,2772.429,0.001,51.271,2721.133,0.002
1790489630.1515644,True,2774.247,0.001,52.512,2721.696,0.002
1790489630.171079,True,2768.785,0.001,51.252,2717.505,0.002
1790489630.209853,True,2772.738,0.001,51.421,2721.284,0.002
1790489630.2286167,True,2772.686,0.001,51.996,2720.659,0.002
1790489630.267728,True,2771.88,0.001,52.182,2719.53,0.002
1790489630.288725,True,2774.751,0.001,51.404,2723.319,0.002
1790489630.3243237,True,2770.524,0.001,51.991,2718.504,0.002
1790489630.3410375,True,2770.309,0.001,51.851,2718.424,0.002
1790489630.3819582,True,2770.121,0.001,51.177,2718.917,0.002
1790489630.4074275,True,2771.051,0.001,51.389,2719.628,0.002
1790489630.4357774,True,2769.663,0.001,51.334,2718.303,0.002
1790489630.4661427,True,2771.916,0.001,51.343,2720.538,0.002
1790489630.491136,True,2771.222,0.001,51.051,2720.14,0.002
1790489630.536764,True,2773.309,0.001,52.205,2721.07,0.002
1790489630.5486236,True,2770.684,0.001,52.215,2718.447,0.002
1790489630.591172,True,2768.47,0.001,51.055,2717.379,0.002
1790489630.603049,True,2770.322,0.001,51.915,2718.38,0.003
1790489630.6316226,True,2772.517,0.001,51.636,2720.852,0.002
1790489630.656392,True,2769.346,0.001,51.228,2718.083,0.002
1790489630.6871567,True,2770.282,0.001,51.437,2718.816,0.002
1790489630.7170703,True,2770.296,0.001,51.4,2718.864,0.002
1790489630.7397733,True,2769.203,0.001,52.038,2717.141,0.002
1790489630.776688,True,2771.52,0.001,52.604,2718.894,0.002
1790489630.7980447,True,2772.75,0.001,50.788,2721.933,0.002
1790489630.8310506,True,2770.546,0.001,51.516,2719.0,0.002
1790489630.8581178,True,2772.428,0.001,51.209,2721.188,0.002
1790489630.8887272,True,2771.309,0.001,51.308,2719.968,0.002
1790489630.9131055,True,2769.391,0.001,50.967,2718.391,0.002
1790489630.93284,True,2767.612,0.001,50.947,2716.638,0.002
1790489630.9624126,True,2769.472,0.001,50.5,2718.945,0.002
1790489630.9865592,True,2767.74,0.001,50.506,2717.21,0.002
1790489631.01554,True,2770.1,0.001,52.247,2717.831,0.002
1790489631.0420852,True,2770.164,0.001,51.095,2719.04,0.002
1790489631.071088,True,2770.437,0.001,50.935,2719.465,0.003
1790489631.1003463,True,2771.682,0.001,51.616,2720.038,0.002
1790489631.1339684,True,2770.42,0.001,52.5,2717.894,0.002
1790489631.1541824,True,2768.232,0.001,50.597,2717.61,0.002
1790489631.1875544,True,2768.671,0.001,51.38,2717.267,0.002
1790489631.2093813,True,2769.732,0.001,50.477,2719.223,0.003
1790489631.2447212,True,2771.737,0.001,52.475,2719.241,0.002
1790489631.2617993,True,2768.893,0.001,51.111,2717.752,0.002
1790489631.2991555,True,2770.555,0.001,51.898,2718.619,0.002
1790489631.3157036,True,2768.622,0.001,50.525,2718.072,0.002
1790489631.3709934,True,2773.73,0.001,53.238,2720.468,0.002
1790489631.4304812,True,2773.91,0.001,52.027,2721.852,0.002
1790489631.4325082,True,2774.758,0.001,55.245,2719.492,0.002
1790489631.4342506,True,2777.2,0.001,53.095,2724.088,0.001
1790489631.4535866,True,2769.394,0.001,50.812,2718.547,0.002
1790489631.4859755,True,2768.919,0.001,50.632,2718.261,0.002
1790489631.5137496,True,2769.827,0.001,52.519,2717.285,0.002
1790489631.539416,True,2768.993,0.001,50.337,2718.629,0.002
1790489631.5686736,True,2769.528,0.001,51.386,2718.11,0.003
1790489631.5913157,True,2768.734,0.001,50.545,2718.163,0.002
1790489631.6319473,True,2770.569,0.001,51.379,2719.15,0.002
1790489631.6432035,True,2768.548,0.001,50.853,2717.664,0.002
1790489631.6905582,True,2771.035,0.001,52.101,2718.896,0.002
1790489631.7042942,True,2770.408,0.001,50.858,2719.51,0.002
1790489631.7274585,True,2770.478,0.001,51.924,2718.514,0.002
1790489631.765838,True,2771.837,0.001,52.51,2719.293,0.002
1790489631.794255,True,2769.282,0.001,51.827,2717.43,0.002
1790489631.8241172,True,2771.371,0.001,51.048,2720.302,0.002
1790489631.852045,True,2772.843,0.001,50.809,2721.997,0.002
1790489631.8763025,True,2769.767,0.001,50.668,2719.076,0.002
1790489631.9080288,True,2769.663,0.001,51.163,2718.462,0.003
1790489631.9287786,True,2771.567,0.001,51.324,2720.085,0.002
1790489631.9487276,True,2771.689,0.001,51.795,2719.854,0.003
1790489631.9825568,True,2768.613,0.001,51.751,2716.83,0.002
1790489632.1008902,True,2769.506,0.001,51.294,2718.176,0.002
1790489632.1170661,True,2778.935,0.001,50.573,2728.329,0.002
1790489632.1830003,True,2775.575,0.001,51.98,2723.569,0.002
1790489632.1842682,True,2775.298,0.001,54.668,2720.612,0.002
1790489632.1866815,True,2779.809,0.001,53.654,2726.134,0.002
1790489632.1879182,True,2776.602,0.001,54.362,2722.223,0.001
1790489632.1901283,True,2783.029,0.001,54.583,2728.428,0.001
1790489632.2073917,True,2770.46,0.001,51.225,2719.208,0.002
1790489632.2338939,True,2770.122,0.001,51.018,2719.08,0.002
1790489632.2618911,True,2767.97,0.001,50.341,2717.604,0.002
1790489632.2869809,True,2769.097,0.001,50.741,2718.329,0.002
1790489632.3183527,True,2770.51,0.001,50.819,2719.661,0.003
1790489632.3408039,True,2769.523,0.001,51.451,2718.042,0.002
1790489632.368405,True,2768.064,0.001,50.345,2717.694,0.002
1790489632.394795,True,2769.37,0.001,51.487,2717.858,0.002
1790489632.4233184,True,2769.291,0.001,50.445,2718.82,0.002
1790489632.4496307,True,2770.226,0.001,51.27,2718.925,0.002
1790489632.4766135,True,2770.108,0.001,51.142,2718.934,0.002
1790489632.5070531,True,2770.806,0.001,51.78,2718.982,0.002
1790489632.5345988,True,2769.028,0.001,50.772,2718.23,0.002
1790489632.562029,True,2771.389,0.001,51.494,2719.864,0.002
1790489632.5883064,True,2769.05,0.001,51.429,2717.593,0.002
1790489632.615951,True,2767.762,0.001,50.792,2716.944,0.002
1790489632.6414123,True,2767.514,0.001,50.213,2717.276,0.002
1790489632.6742325,True,2772.712,0.001,51.337,2721.348,0.002
1790489632.700878,True,2774.284,0.001,51.328,2722.926,0.002
1790489632.726477,True,2768.27,0.001,50.478,2717.764,0.002
1790489632.7595818,True,2774.256,0.001,52.066,2722.162,0.002
1790489632.78063,True,2768.563,0.001,50.857,2717.681,0.002
1790489632.813093,True,2769.936,0.001,51.161,2718.746,0.002
1790489632.8335922,True,2770.873,0.001,50.562,2720.272,0.002
1790489632.8690016,True,2772.128,0.001,50.566,2721.52,0.003
1790489632.8944628,True,2769.668,0.001,51.145,2718.494,0.002
1790489632.9289756,True,2774.45,0.001,51.543,2722.871,0.002
1790489632.9439561,True,2769.786,0.001,50.468,2719.283,0.002
1790489632.9837418,True,2770.686,0.001,50.681,2719.951,0.002
1790489633.0033293,True,2771.081,0.001,51.216,2719.834,0.002
1790489633.038632,True,2767.925,0.001,50.514,2717.383,0.002
1790489633.0615664,True,2769.799,0.001,51.336,2718.439,0.002
1790489633.097769,True,2770.449,0.001,50.771,2719.649,0.002
1790489633.1138527,True,2768.448,0.001,50.947,2717.477,0.002
1790489633.1556973,True,2770.741,0.001,51.495,2719.224,0.002
1790489633.1897125,True,2776.099,0.001,51.429,2724.636,0.002
1790489633.208962,True,2769.909,0.001,52.418,2717.468,0.002
1790489633.2388198,True,2769.32,0.001,50.711,2718.572,0.003
1790489633.266818,True,2772.729,0.001,52.192,2720.51,0.002
1790489633.3104718,True,2770.41,0.001,51.812,2718.554,0.002
1790489633.3219242,True,2770.258,0.001,52.01,2718.224,0.002
1790489633.365864,True,2771.241,0.001,51.053,2720.152,0.002
1790489633.3746018,True,2768.331,0.001,50.74,2717.569,0.002
1790489633.4062734,True,2771.238,0.001,52.561,2718.649,0.002
1790489633.43087,True,2770.813,0.001,51.259,2719.51,0.002
1790489633.4593952,True,2768.733,0.001,51.337,2717.367,0.002
1790489633.4927104,True,2772.469,0.001,52.059,2720.371,0.002
1790489633.513426,True,2769.262,0.001,51.115,2718.121,0.002
1790489633.5518286,True,2772.085,0.001,51.695,2720.368,0.002
1790489633.574144,True,2772.816,0.001,52.528,2720.255,0.002
1790489633.6055806,True,2771.383,0.001,50.551,2720.796,0.002
1790489633.632674,True,2771.468,0.001,52.499,2718.946,0.002
1790489633.6604204,True,2768.629,0.001,51.425,2717.179,0.002
1790489633.685001,True,2768.474,0.001,50.69,2717.75,0.002
1790489633.705029,True,2769.083,0.001,51.494,2717.564,0.002
1790489633.733541,True,2767.927,0.001,50.667,2717.236,0.002
1790489633.762207,True,2770.712,0.001,51.293,2719.397,0.002
1790489633.7917557,True,2772.893,0.001,52.84,2720.03,0.002
1790489633.816842,True,2771.522,0.001,50.833,2720.649,0.002
1790489633.8443336,True,2769.962,0.001,50.898,2719.028,0.002
1790489633.8745441,True,2770.973,0.001,51.47,2719.481,0.002
1790489633.9049463,True,2767.929,0.001,51.184,2716.723,0.002
1790489633.9290786,True,2771.269,0.001,52.429,2718.816,0.002
1790489633.9640632,True,2773.104,0.001,51.292,2721.783,0.002
1790489633.9825752,True,2769.521,0.001,50.499,2718.993,0.002
1790489634.0179577,True,2769.792,0.001,51.861,2717.907,0.002
1790489634.035447,True,2768.99,0.001,50.327,2718.633,0.002
1790489634.0725148,True,2770.093,0.001,51.704,2718.353,0.002
1790489634.0894127,True,2770.091,0.001,52.131,2717.936,0.002
1790489634.14209,True,2768.064,0.001,50.426,2717.608,0.002
1790489634.20641,True,2771.046,0.001,51.419,2719.606,0.002
1790489634.2095165,True,2772.42,0.001,52.472,2719.926,0.002
1790489634.210634,True,2775.197,0.001,52.296,2722.883,0.001
1790489634.22703,True,2770.369,0.001,51.542,2718.707,0.002
1790489634.2604513,True,2768.414,0.001,50.707,2717.685,0.002
1790489634.2860065,True,2769.33,0.001,52.473,2716.835,0.002
1790489634.311702,True,2768.835,0.001,50.6,2718.203,0.002
1790489634.3449259,True,2773.111,0.001,51.555,2721.524,0.002
1790489634.3646739,True,2768.886,0.001,50.354,2718.504,0.002
1790489634.405256,True,2770.292,0.001,51.558,2718.698,0.002
1790489634.4183958,True,2770.088,0.001,51.2,2718.853,0.002
1790489634.4648025,True,2770.888,0.001,51.976,2718.874,0.002
1790489634.479687,True,2772.281,0.001,51.799,2720.436,0.002
1790489634.5021703,True,2771.284,0.001,52.65,2718.595,0.002
1790489634.5396476,True,2770.754,0.001,51.502,2719.221,0.002
1790489634.5693853,True,2771.761,0.001,51.961,2719.77,0.002
1790489634.596479,True,2769.34,0.001,50.925,2718.391,0.002
1790489634.6277351,True,2772.287,0.001,52.488,2719.775,0.002
1790489634.65041,True,2769.693,0.001,51.043,2718.622,0.002
1790489634.6812794,True,2769.488,0.001,50.841,2718.61,0.002
1790489634.7022665,True,2768.337,0.001,50.535,2717.776,0.002
1790489634.722952,True,2770.995,0.001,50.723,2720.238,0.002
1790489634.75548,True,2768.52,0.001,50.882,2717.604,0.002
1790489634.873712,True,2769.689,0.001,51.035,2718.618,0.002
1790489634.8913064,True,2770.789,0.001,52.14,2718.61,0.002
1790489634.965219,True,2774.179,0.001,50.683,2723.465,0.002
1790489634.967511,True,2775.661,0.001,51.815,2723.825,0.002
1790489634.9710088,True,2778.713,0.001,52.759,2725.933,0.002
1790489634.9720685,True,2779.44,0.0,53.884,2725.538,0.001
1790489634.9733171,True,2780.21,0.0,54.854,2725.344,0.001
1790489634.9810767,True,2770.542,0.001,51.751,2718.767,0.002
1790489635.0057337,True,2768.786,0.001,50.57,2718.191,0.002
1790489635.0423656,True,2776.946,0.001,53.62,2723.3,0.002
1790489635.060554,True,2768.727,0.001,50.861,2717.837,0.002
1790489635.0903661,True,2768.113,0.001,50.779,2717.3,0.002
1790489635.11429,True,2769.033,0.001,51.328,2717.675,0.002
1790489635.141619,True,2770.219,0.001,52.243,2717.952,0.002
1790489635.1698127,True,2769.923,0.001,50.965,2718.931,0.002
1790489635.1952162,True,2768.05,0.001,50.505,2717.521,0.002
1790489635.2233818,True,2770.059,0.001,51.591,2718.438,0.002
1790489635.251505,True,2771.683,0.001,51.472,2720.177,0.002
1790489635.2841,True,2773.828,0.001,52.331,2721.474,0.002
1790489635.3069837,True,2769.243,0.001,51.325,2717.895,0.002
1790489635.3345137,True,2768.981,0.001,51.326,2717.63,0.002
1790489635.359797,True,2768.215,0.001,50.637,2717.555,0.002
1790489635.3926606,True,2773.582,0.001,52.364,2721.189,0.002
1790489635.4191875,True,2774.455,0.001,53.365,2721.063,0.002
1790489635.4460711,True,2768.249,0.001,50.801,2717.421,0.002
1790489635.4781249,True,2773.902,0.001,52.647,2721.224,0.002
1790489635.5025797,True,2771.49,0.001,51.459,2720.007,0.002
1790489635.5326328,True,2769.476,0.001,50.508,2718.941,0.002
1790489635.554966,True,2769.479,0.001,51.418,2718.034,0.002
1790489635.5874608,True,2771.252,0.001,53.238,2717.938,0.003
1790489635.6085217,True,2770.105,0.001,51.765,2718.305,0.002
1790489635.647464,True,2774.85,0.001,50.942,2723.874,0.002
1790489635.668625,True,2770.95,0.001,51.214,2719.706,0.002
1790489635.7016032,True,2769.578,0.001,52.365,2717.189,0.002
1790489635.718291,True,2770.959,0.001,51.237,2719.687,0.003
1790489635.7563071,True,2769.353,0.001,52.271,2717.059,0.002
1790489635.778125,True,2771.477,0.001,50.857,2720.588,0.002
1790489635.8140178,True,2772.041,0.001,51.556,2720.454,0.002
1790489635.8371067,True,2772.382,0.001,51.221,2721.138,0.002
1790489635.872014,True,2771.517,0.001,51.375,2720.11,0.002
1790489635.8898852,True,2771.663,0.001,51.159,2720.469,0.002
1790489635.926474,True,2767.803,0.001,50.99,2716.791,0.002
1790489635.966971,True,2768.881,0.001,50.541,2718.181,0.002
1790489635.9844894,True,2772.425,0.001,50.769,2721.626,0.002
1790489636.0127153,True,2770.691,0.001,51.376,2719.278,0.002
1790489636.0416267,True,2771.768,0.001,52.729,2719.018,0.002
1790489636.084591,True,2770.721,0.001,52.668,2718.027,0.002
1790489636.0953863,True,2770.017,0.001,51.34,2718.651,0.002
1790489636.1380587,True,2768.871,0.001,51.103,2717.734,0.002
1790489636.1491294,True,2769.731,0.001,51.884,2717.82,0.002
1790489636.1792977,True,2769.496,0.001,50.497,2718.97,0.003
1790489636.2037306,True,2769.596,0.001,50.888,2718.673,0.002
1790489636.2339745,True,2769.701,0.001,51.321,2718.346,0.002
1790489636.2677693,True,2771.763,0.001,50.84,2720.882,0.002
1790489636.28833,True,2770.204,0.001,51.325,2718.845,0.002
1790489636.3249183,True,2770.119,0.001,51.472,2718.533,0.002
1790489636.348074,True,2770.722,0.001,51.255,2719.436,0.002
1790489636.3824284,True,2773.752,0.001,52.384,2721.345,0.002
1790489636.408474,True,2772.743,0.001,51.165,2721.549,0.002
1790489636.435461,True,2771.134,0.001,51.939,2719.157,0.002
1790489636.4593024,True,2769.539,0.001,50.876,2718.63,0.002
1790489636.4794617,True,2771.168,0.001,51.397,2719.737,0.003
1790489636.509122,True,2772.303,0.001,52.105,2720.163,0.002
1790489636.5370667,True,2771.639,0.001,51.951,2719.666,0.002
1790489636.5662231,True,2771.212,0.001,51.135,2720.053,0.002
1790489636.591103,True,2771.03,0.001,51.884,2719.116,0.002
1790489636.6175845,True,2769.005,0.001,51.013,2717.958,0.002
1790489636.6496184,True,2771.777,0.001,51.524,2720.23,0.002
1790489636.6798372,True,2771.482,0.001,51.864,2719.58,0.002
1790489636.7013004,True,2768.568,0.001,50.867,2717.675,0.002
1790489636.7382097,True,2771.121,0.001,51.273,2719.824,0.002
1790489636.7561088,True,2770.174,0.001,51.183,2718.964,0.002
1790489636.7902663,True,2768.346,0.001,51.348,2716.974,0.002
1790489636.809071,True,2768.53,0.001,50.91,2717.593,0.002
1790489636.8490555,True,2773.545,0.001,50.914,2722.6,0.002
1790489636.86366,True,2769.834,0.001,51.104,2718.704,0.002
1790489636.9156682,True,2769.001,0.001,51.141,2717.82,0.002
1790489636.984097,True,2771.415,0.001,50.583,2720.799,0.002
1790489636.9858165,True,2772.819,0.001,52.258,2720.542,0.002
1790489636.9881444,True,2774.104,0.001,52.418,2721.665,0.002
1790489637.0004237,True,2770.113,0.001,51.573,2718.505,0.002
1790489637.0344439,True,2769.419,0.001,51.529,2717.857,0.002
1790489637.0612695,True,2772.263,0.001,51.948,2720.279,0.002
1790489637.0821111,True,2767.219,0.001,50.495,2716.698,0.002
1790489637.1210175,True,2772.88,0.001,51.675,2721.165,0.002
1790489637.137327,True,2769.329,0.001,51.102,2718.201,0.002
1790489637.1792836,True,2771.128,0.001,51.23,2719.862,0.002
1790489637.1903076,True,2768.676,0.001,51.16,2717.485,0.002
1790489637.2377214,True,2769.461,0.001,51.972,2717.45,0.002
1790489637.2507014,True,2767.756,0.001,50.938,2716.786,0.002
1790489637.2754524,True,2769.899,0.001,52.136,2717.731,0.002
1790489637.3142512,True,2771.24,0.001,51.371,2719.835,0.002
1790489637.3445365,True,2772.034,0.001,50.793,2721.203,0.002
1790489637.3686066,True,2768.978,0.001,51.597,2717.356,0.002
1790489637.4015238,True,2770.555,0.001,50.957,2719.573,0.002
1790489637.4229043,True,2769.136,0.001,50.72,2718.389,0.002
1790489637.4566894,True,2771.987,0.001,51.983,2719.967,0.002
1790489637.4773242,True,2770.283,0.001,51.328,2718.927,0.002
1790489637.4965599,True,2770.552,0.001,51.566,2718.949,0.002
1790489637.5320108,True,2771.576,0.001,51.355,2720.187,0.002
1790489637.6489046,True,2771.838,0.001,51.572,2720.218,0.002
1790489637.6642637,True,2769.948,0.001,51.888,2718.021,0.003
1790489637.7637234,True,2789.196,0.001,51.442,2737.706,0.002
1790489637.765577,True,2789.956,0.001,60.278,2729.658,0.002
1790489637.7686348,True,2792.142,0.001,61.693,2730.429,0.001
1790489637.7697842,True,2794.303,0.0,57.502,2736.78,0.001
1790489637.7725906,True,2787.688,0.001,55.021,2732.647,0.002
1790489637.7740622,True,2798.296,0.001,55.091,2743.178,0.001
1790489637.780127,True,2771.304,0.001,52.412,2718.868,0.002
1790489637.8198354,True,2769.233,0.001,51.437,2717.768,0.002
1790489637.8384504,True,2775.01,0.001,51.317,2723.673,0.002
1790489637.8626122,True,2769.044,0.001,50.725,2718.291,0.003
1790489637.8887002,True,2770.568,0.001,52.343,2718.196,0.002
1790489637.9151468,True,2769.086,0.001,51.142,2717.919,0.002
1790489637.9432514,True,2769.535,0.001,50.421,2719.089,0.002
1790489637.9700723,True,2770.655,0.001,52.427,2718.204,0.002
1790489638.001485,True,2774.667,0.001,51.115,2723.519,0.002
1790489638.0257685,True,2770.715,0.001,52.37,2718.319,0.002
1790489638.0599477,True,2771.808,0.001,51.614,2720.161,0.002
1790489638.0791235,True,2768.809,0.001,50.413,2718.369,0.003
1790489638.108847,True,2771.023,0.001,50.9,2720.088,0.002
1790489638.1345658,True,2771.484,0.001,52.276,2719.173,0.002
1790489638.164607,True,2768.632,0.001,50.751,2717.857,0.002
1790489638.1931965,True,2770.862,0.001,51.348,2719.476,0.002
1790489638.2176073,True,2769.131,0.001,51.445,2717.659,0.002
1790489638.252934,True,2771.745,0.001,51.981,2719.74,0.002
1790489638.2764373,True,2770.858,0.001,51.014,2719.817,0.002
1790489638.3077567,True,2771.342,0.001,52.023,2719.292,0.002
1790489638.3293972,True,2769.648,0.001,51.013,2718.602,0.003
1790489638.3680186,True,2776.094,0.001,51.39,2724.67,0.002
1790489638.3887544,True,2775.647,0.001,53.163,2722.455,0.002
1790489638.4209626,True,2770.314,0.001,51.724,2718.565,0.002
1790489638.4414067,True,2769.74,0.001,51.683,2718.025,0.002
1790489638.4750896,True,2770.301,0.001,52.191,2718.087,0.002
1790489638.4956124,True,2773.747,0.001,52.547,2721.165,0.002
1790489638.5332341,True,2773.788,0.001,51.935,2721.826,0.002
1790489638.5598645,True,2778.282,0.001,51.803,2726.446,0.002
1790489638.5883448,True,2771.035,0.001,50.883,2720.117,0.002
1790489638.6100361,True,2769.856,0.001,51.46,2718.37,0.002
1790489638.6454282,True,2770.556,0.001,51.807,2718.728,0.001
1790489638.6624584,True,2768.599,0.001,51.485,2717.082,0.001
1790489638.7026405,True,2772.854,0.001,51.723,2721.102,0.002
1790489638.7393098,True,2769.613,0.001,51.692,2717.892,0.002
1790489638.7578056,True,2770.562,0.001,51.256,2719.281,0.001
1790489638.790776,True,2771.126,0.001,52.711,2718.378,0.002
1790489638.815423,True,2770.572,0.001,51.228,2719.32,0.002
1790489638.8565161,True,2768.847,0.001,51.097,2717.727,0.002
1790489638.8681023,True,2768.864,0.001,50.739,2718.096,0.002
1790489638.9117155,True,2770.364,0.001,52.112,2718.22,0.002
1790489638.923399,True,2770.757,0.001,52.047,2718.682,0.002
1790489638.9531116,True,2770.527,0.001,52.048,2718.452,0.002
1790489638.9777615,True,2770.041,0.001,51.662,2718.343,0.002
1790489639.0057075,True,2768.056,0.001,51.434,2716.503,0.003
1790489639.0421484,True,2771.112,0.001,51.468,2719.612,0.002
1790489639.0620065,True,2770.552,0.001,51.337,2719.18,0.002
1790489639.100501,True,2772.476,0.001,51.821,2720.626,0.002
1790489639.1252542,True,2773.935,0.001,50.939,2722.958,0.002
1790489639.1549072,True,2769.121,0.001,50.482,2718.613,0.002
1790489639.1833549,True,2771.609,0.001,50.645,2720.936,0.002
1790489639.2085116,True,2769.368,0.001,51.162,2718.171,0.002
1790489639.2329917,True,2768.718,0.001,50.734,2717.954,0.002
1790489639.2531483,True,2770.691,0.001,51.801,2718.86,0.002
1790489639.2849479,True,2772.431,0.001,51.218,2721.18,0.002
1790489639.3112476,True,2771.064,0.001,51.67,2719.373,0.002
1790489639.339889,True,2770.072,0.001,50.814,2719.228,0.002
1790489639.3686955,True,2774.401,0.001,52.31,2722.039,0.002
1790489639.3940158,True,2770.84,0.001,51.446,2719.358,0.002
1790489639.4230072,True,2769.986,0.001,51.276,2718.682,0.002
1790489639.4542804,True,2771.356,0.001,51.498,2719.828,0.002
1790489639.476887,True,2770.618,0.001,50.793,2719.797,0.003
1790489639.512464,True,2771.193,0.001,50.917,2720.251,0.002
1790489639.5275698,True,2768.077,0.001,50.535,2717.517,0.002
1790489639.5652769,True,2770.612,0.001,50.769,2719.808,0.002
1790489639.5819418,True,2769.251,0.001,51.593,2717.63,0.002
1790489639.6233761,True,2771.222,0.001,52.604,2718.585,0.002
1790489639.636422,True,2769.361,0.001,50.726,2718.606,0.002
1790489639.6905012,True,2770.117,0.001,50.835,2719.247,0.002
1790489639.760914,True,2772.168,0.001,51.347,2720.793,0.002
1790489639.7626684,True,2771.553,0.001,52.291,2719.242,0.002
1790489639.7693872,True,2779.547,0.001,51.989,2727.534,0.002
1790489639.7710602,True,2767.783,0.001,50.39,2717.369,0.001
1790489639.8072238,True,2769.43,0.001,51.392,2718.004,0.002
1790489639.8367903,True,2772.396,0.001,51.375,2720.982,0.002
1790489639.857101,True,2771.65,0.001,52.341,2719.284,0.002
1790489639.8962023,True,2772.144,0.058,50.812,2721.249,0.002
1790489639.9085,True,2767.887,0.001,50.436,2717.427,0.002
1790489639.9518354,True,2769.544,0.001,50.681,2718.828,0.003
1790489639.9622889,True,2768.873,0.001,50.85,2717.991,0.002
1790489640.0121596,True,2770.952,0.001,52.577,2718.341,0.002
1790489640.0244331,True,2769.911,0.001,50.882,2718.998,0.002
1790489640.0486078,True,2769.9,0.001,51.514,2718.349,0.003
1790489640.0869539,True,2769.119,0.001,51.784,2717.311,0.003
1790489640.1183531,True,2770.651,0.001,51.283,2719.337,0.002
1790489640.1412408,True,2769.329,0.001,51.43,2717.876,0.002
1790489640.1761718,True,2771.794,0.001,52.684,2719.088,0.002
1790489640.1961305,True,2769.878,0.001,51.826,2718.028,0.002
1790489640.2298484,True,2770.007,0.001,50.719,2719.255,0.002
1790489640.2509105,True,2769.476,0.001,51.245,2718.2,0.002
1790489640.2702563,True,2770.583,0.001,51.697,2718.852,0.002
1790489640.3055835,True,2768.976,0.001,51.124,2717.821,0.002
1790489640.423572,True,2771.01,0.001,52.586,2718.386,0.002
1790489640.4389172,True,2771.392,0.001,51.242,2720.114,0.002
1790489640.555763,True,2780.418,0.001,51.641,2728.744,0.002
1790489640.557017,True,2781.04,0.001,57.291,2723.73,0.002
1790489640.5607305,True,2777.81,0.001,56.915,2720.874,0.002
1790489640.5623403,True,2787.335,0.0,54.94,2732.376,0.002
1790489640.568056,True,2792.918,0.0,53.409,2739.49,0.002
1790489640.56926,True,2793.631,0.0,55.766,2737.85,0.002
1790489640.5710154,True,2793.616,0.001,58.501,2735.095,0.001
1790489640.5937054,True,2770.651,0.001,51.616,2718.997,0.003
1790489640.6135852,True,2770.734,0.001,51.566,2719.138,0.002
1790489640.6353223,True,2769.526,0.001,51.205,2718.296,0.002
1790489640.661942,True,2770.372,0.001,51.999,2718.349,0.002
1790489640.6899855,True,2769.411,0.001,51.487,2717.896,0.002
1790489640.7196116,True,2772.4,0.001,51.732,2720.64,0.002
1790489640.7474189,True,2772.536,0.001,51.866,2720.646,0.002
1790489640.7763848,True,2771.864,0.001,50.929,2720.905,0.002
1790489640.8005953,True,2770.508,0.001,51.061,2719.418,0.002
1790489640.8352578,True,2772.077,0.001,51.563,2720.483,0.002
1790489640.85359,True,2769.849,0.001,51.546,2718.28,0.002
1790489640.8830113,True,2771.048,0.001,53.148,2717.875,0.002
1790489640.908162,True,2769.42,0.001,50.602,2718.78,0.002
1790489640.9363885,True,2768.492,0.001,50.804,2717.662,0.002
1790489640.967932,True,2770.882,0.001,51.877,2718.969,0.002
1790489640.9955237,True,2774.191,0.001,51.478,2722.681,0.002
1790489641.0268114,True,2770.763,0.001,52.485,2718.255,0.002
1790489641.0502272,True,2770.654,0.001,50.484,2720.144,0.002
1790489641.0856824,True,2774.542,0.001,53.367,2721.14,0.002
1790489641.1082764,True,2774.642,0.001,52.722,2721.891,0.002
1790489641.140093,True,2768.724,0.001,50.278,2718.419,0.002
1790489641.1608355,True,2768.744,0.001,50.277,2718.441,0.003
1790489641.1934981,True,2769.078,0.001,51.469,2717.583,0.002
1790489641.2144878,True,2769.29,0.001,51.057,2718.208,0.002
1790489641.253381,True,2775.024,0.001,52.01,2722.984,0.002
1790489641.275651,True,2776.946,0.001,52.661,2724.253,0.002
1790489641.306139,True,2769.753,0.001,52.402,2717.326,0.002
1790489641.3321,True,2768.761,0.001,50.807,2717.929,0.002
1790489641.3639724,True,2771.951,0.001,51.011,2720.915,0.002
1790489641.3812177,True,2768.245,0.001,50.682,2717.54,0.002
1790489641.4213104,True,2773.312,0.001,51.18,2722.068,0.038
1790489641.4347844,True,2768.868,0.001,51.136,2717.706,0.002
1790489641.4748688,True,2769.302,0.001,50.835,2718.443,0.002
1790489641.5101821,True,2768.227,0.001,50.84,2717.363,0.002
1790489641.533604,True,2773.065,0.001,51.134,2721.902,0.002
1790489641.565432,True,2770.543,0.001,51.347,2719.16,0.002
1790489641.5868225,True,2768.148,0.001,50.345,2717.776,0.003
1790489641.6296678,True,2770.042,0.001,52.682,2717.334,0.002
1790489641.6415172,True,2769.966,0.001,52.153,2717.788,0.002
1790489641.687867,True,2772.796,0.001,52.063,2720.7,0.002
1790489641.697419,True,2770.675,0.001,51.887,2718.763,0.002
1790489641.7260206,True,2769.6,0.001,51.314,2718.257,0.002
1790489641.7512403,True,2770.11,0.001,51.384,2718.69,0.002
1790489641.781125,True,2770.378,0.001,51.924,2718.43,0.002
1790489641.816002,True,2770.452,0.001,51.331,2719.089,0.002
1790489641.8349671,True,2769.441,0.001,51.081,2718.325,0.002
1790489641.873972,True,2770.373,0.001,51.737,2718.615,0.002
1790489641.900931,True,2772.232,0.001,52.148,2720.049,0.003
1790489641.9271505,True,2768.835,0.001,51.063,2717.747,0.002
1790489641.9555218,True,2768.602,0.001,50.79,2717.785,0.002
1790489641.9844186,True,2772.702,0.001,50.992,2721.679,0.002
1790489642.0043385,True,2768.337,0.001,50.966,2717.342,0.002
1790489642.027669,True,2771.306,0.001,51.23,2720.042,0.002
1790489642.0597806,True,2770.006,0.001,51.003,2718.977,0.002
1790489642.0858438,True,2771.503,0.001,51.904,2719.569,0.002
1790489642.1137736,True,2770.433,0.001,51.368,2719.039,0.003
1790489642.142576,True,2770.855,0.001,51.813,2719.018,0.002
1790489642.1691768,True,2771.627,0.001,51.88,2719.71,0.002
1790489642.1969,True,2770.082,0.001,51.211,2718.843,0.002
1790489642.2309656,True,2773.18,0.001,51.061,2722.082,0.003
1790489642.2492528,True,2768.529,0.001,50.285,2718.221,0.002
1790489642.2845058,True,2768.909,0.001,50.443,2718.441,0.002
1790489642.3012116,True,2770.139,0.001,51.83,2718.281,0.002
1790489642.3392315,True,2770.502,0.001,50.772,2719.697,0.002
1790489642.354974,True,2769.559,0.001,51.646,2717.889,0.002
1790489642.398395,True,2771.782,0.001,50.951,2720.796,0.002
1790489642.407915,True,2768.146,0.001,51.294,2716.829,0.002
1790489642.4624028,True,2768.139,0.001,50.594,2717.514,0.002
1790489642.5343325,True,2770.257,0.001,51.08,2719.143,0.002
1790489642.5360303,True,2770.831,0.001,51.95,2718.86,0.002
1790489642.5405319,True,2768.509,0.001,50.809,2717.672,0.001
1790489642.5419862,True,2768.711,0.001,51.281,2717.412,0.001
1790489642.579825,True,2769.577,0.001,51.741,2717.803,0.002
1790489642.6139755,True,2774.083,0.001,52.126,2721.928,0.002
1790489642.6308658,True,2770.579,0.001,51.091,2719.46,0.002
1790489642.673255,True,2772.784,0.001,53.065,2719.694,0.002
1790489642.6817539,True,2768.237,0.001,50.8,2717.411,0.002
1790489642.725351,True,2770.124,0.001,51.276,2718.813,0.002
1790489642.7389352,True,2771.756,0.001,51.547,2720.182,0.002
1790489642.7858407,True,2770.064,0.001,51.326,2718.704,0.002
1790489642.7992065,True,2771.1,0.001,52.169,2718.897,0.002
1790489642.8225806,True,2770.012,0.001,52.014,2717.965,0.002
1790489642.8592231,True,2769.06,0.001,51.762,2717.275,0.002
1790489642.895532,True,2774.088,0.001,50.613,2723.343,0.002
1790489642.9140153,True,2769.595,0.001,52.312,2717.261,0.002
1790489642.9480088,True,2768.751,0.001,51.333,2717.392,0.002
1790489642.9711137,True,2771.528,0.001,51.904,2719.604,0.002
1790489643.001537,True,2768.346,0.001,50.615,2717.704,0.002
1790489643.0226967,True,2768.665,0.001,51.722,2716.92,0.002
1790489643.041537,True,2768.253,0.001,51.01,2717.214,0.002
1790489643.079172,True,2770.016,0.001,51.362,2718.592,0.002
1790489643.1972244,True,2770.385,0.001,51.087,2719.253,0.002
1790489643.2123103,True,2769.962,0.001,51.733,2718.193,0.002
1790489643.3339112,True,2770.244,0.001,50.941,2719.278,0.002
1790489643.3352382,True,2768.789,0.001,50.649,2718.118,0.002
1790489643.3367784,True,2770.252,0.001,51.917,2718.318,0.001
1790489643.3462772,True,2774.074,0.001,51.119,2722.921,0.002
1790489643.3481488,True,2774.907,0.001,53.217,2721.669,0.002
1790489643.3506105,True,2776.715,0.001,53.657,2723.04,0.001
1790489643.3519654,True,2779.688,0.0,52.747,2726.925,0.001
1790489643.368539,True,2771.507,0.001,51.864,2719.605,0.002
1790489643.3875062,True,2770.553,0.001,51.376,2719.144,0.002
1790489643.4105523,True,2772.299,0.001,52.189,2720.091,0.002
1790489643.4355206,True,2770.431,0.001,50.745,2719.649,0.002
1790489643.4642084,True,2770.932,0.001,51.792,2719.108,0.002
1790489643.495156,True,2772.181,0.001,51.863,2720.293,0.002
1790489643.5194004,True,2768.758,0.001,50.728,2718.006,0.002
1790489643.55484,True,2775.191,0.001,52.095,2723.065,0.002
1790489643.5728998,True,2769.088,0.001,50.424,2718.635,0.002
1790489643.608527,True,2770.239,0.001,51.558,2718.645,0.002
1790489643.625642,True,2768.749,0.001,51.16,2717.565,0.002
1790489643.6539245,True,2767.99,0.001,50.843,2717.125,0.002
1790489643.6799226,True,2768.973,0.001,51.375,2717.565,0.002
1790489643.7119498,True,2772.164,0.001,50.874,2721.257,0.002
1790489643.7430797,True,2771.785,0.001,51.484,2720.264,0.002
1790489643.7698998,True,2771.109,0.001,52.024,2719.061,0.002
1790489643.8014631,True,2771.59,0.001,51.425,2720.132,0.002
1790489643.8251102,True,2771.516,0.001,51.81,2719.673,0.002
1790489643.8602936,True,2771.541,0.001,51.87,2719.649,0.002
1790489643.8801308,True,2768.646,0.001,51.363,2717.255,0.002
1790489643.9141822,True,2770.952,0.001,50.922,2720.007,0.002
1790489643.9345896,True,2768.773,0.001,50.591,2718.154,0.002
1790489643.9720826,True,2774.802,0.001,50.707,2724.063,0.002
1790489643.9924932,True,2773.515,0.001,52.132,2721.352,0.002
1790489644.0251286,True,2768.5,0.001,50.399,2718.076,0.002
1790489644.0503163,True,2771.715,0.001,51.397,2720.29,0.002
1790489644.0833962,True,2773.467,0.001,51.95,2721.488,0.002
1790489644.1046247,True,2769.524,0.001,51.174,2718.312,0.002
1790489644.1383379,True,2771.362,0.001,51.647,2719.685,0.002
1790489644.1544826,True,2770.007,0.001,50.877,2719.105,0.002
1790489644.1929812,True,2768.436,0.001,50.911,2717.501,0.002
1790489644.2076669,True,2769.253,0.001,50.585,2718.631,0.002
1790489644.2521353,True,2773.477,0.001,52.201,2721.241,0.002
1790489644.2839773,True,2770.463,0.001,52.581,2717.857,0.002
1790489644.305668,True,2768.789,0.001,50.531,2718.233,0.002
1790489644.3383822,True,2769.607,0.001,51.138,2718.432,0.002
1790489644.359807,True,2769.538,0.001,51.93,2717.584,0.002
1790489644.4053347,True,2772.451,0.001,52.303,2720.116,0.002
1790489644.4178057,True,2773.132,0.001,53.199,2719.908,0.002
1790489644.4615843,True,2770.121,0.001,50.68,2719.405,0.003
1790489644.4698918,True,2769.127,0.001,50.995,2718.104,0.002
1790489644.5004165,True,2771.302,0.001,52.625,2718.651,0.002
1790489644.5214796,True,2767.051,0.001,50.578,2716.445,0.002
1790489644.554094,True,2769.452,0.001,51.023,2718.405,0.002
1790489644.5896077,True,2770.552,0.001,50.875,2719.641,0.002
1790489644.6114645,True,2773.047,0.001,51.62,2721.396,0.002
1790489644.647289,True,2770.133,0.001,50.592,2719.518,0.002
1790489644.6733794,True,2769.088,0.001,51.776,2717.285,0.002
1790489644.701812,True,2771.197,0.001,51.187,2719.979,0.002
1790489644.728847,True,2769.968,0.001,51.436,2718.498,0.002
1790489644.7573776,True,2769.843,0.001,51.12,2718.687,0.002
1790489644.7781355,True,2770.466,0.001,52.804,2717.637,0.002
1790489644.802434,True,2771.631,0.001,51.011,2720.583,0.002
1790489644.8335972,True,2769.623,0.001,50.547,2719.049,0.002
1790489644.8953424,True,2806.314,0.001,51.142,2755.146,0.001
1790489644.8969636,True,2778.974,0.001,52.33,2726.624,0.001
1790489644.9239619,True,2768.906,0.001,51.761,2717.123,0.002
1790489644.948294,True,2775.555,0.001,51.597,2723.909,0.002
1790489644.9692385,True,2769.093,0.001,51.0,2718.064,0.002
1790489645.0030205,True,2768.644,0.001,50.974,2717.644,0.002
1790489645.023898,True,2768.549,0.001,50.664,2717.864,0.002
1790489645.0575783,True,2769.454,0.001,51.651,2717.778,0.002
1790489645.0745625,True,2770.145,0.001,51.301,2718.818,0.002
1790489645.1158752,True,2772.909,0.001,51.146,2721.73,0.002
1790489645.1260626,True,2767.515,0.001,50.317,2717.174,0.002
1790489645.1737745,True,2772.337,0.001,51.089,2721.216,0.002
1790489645.1803527,True,2769.385,0.001,51.712,2717.649,0.002
1790489645.237573,True,2772.315,0.001,50.873,2721.407,0.002
1790489645.3082454,True,2770.994,0.001,51.284,2719.678,0.002
1790489645.3094885,True,2771.09,0.001,52.037,2719.033,0.001
1790489645.3131416,True,2769.698,0.001,50.904,2718.765,0.001
1790489645.3156486,True,2771.085,0.001,52.187,2718.878,0.002
1790489645.3523605,True,2769.261,0.001,50.45,2718.768,0.002
1790489645.3904254,True,2773.331,0.001,50.656,2722.639,0.002
1790489645.4056256,True,2770.18,0.001,51.331,2718.818,0.002
1790489645.4457378,True,2769.175,0.001,50.871,2718.274,0.003
1790489645.4549608,True,2769.884,0.001,51.299,2718.554,0.002
1790489645.5036716,True,2773.613,0.001,51.672,2721.91,0.002
1790489645.5137272,True,2771.766,0.001,51.545,2720.189,0.002
1790489645.5617354,True,2772.45,0.001,51.367,2721.052,0.002
1790489645.571479,True,2769.101,0.001,51.402,2717.676,0.002
1790489645.5956693,True,2769.83,0.001,51.092,2718.697,0.003
1790489645.631252,True,2768.98,0.001,52.339,2716.621,0.002
1790489645.6663492,True,2767.832,0.001,50.238,2717.567,0.002
1790489645.689735,True,2772.391,0.001,51.258,2721.106,0.002
1790489645.720689,True,2769.255,0.001,50.784,2718.444,0.002
1790489645.742203,True,2768.121,0.001,50.365,2717.727,0.002
1790489645.7755685,True,2770.666,0.001,51.672,2718.958,0.002
1790489645.7972894,True,2769.86,0.001,52.018,2717.818,0.002
1790489645.8152044,True,2770.352,0.001,52.052,2718.265,0.002
1790489645.8529816,True,2770.639,0.001,51.679,2718.918,0.002
1790489645.9693222,True,2769.0,0.001,50.79,2718.175,0.002
1790489645.9848547,True,2769.407,0.001,51.129,2718.243,0.002
1790489646.1137812,True,2775.07,0.001,50.248,2724.79,0.003
1790489646.1162317,True,2777.441,0.001,51.65,2725.769,0.002
1790489646.1174562,True,2777.741,0.001,53.162,2724.557,0.002
1790489646.128049,True,2774.559,0.001,50.836,2723.69,0.003
1790489646.1300392,True,2776.021,0.0,53.028,2722.975,0.002
1790489646.132951,True,2776.646,0.001,52.249,2724.377,0.002
1790489646.1361196,True,2782.682,0.001,51.745,2730.919,0.001
1790489646.1403348,True,2768.855,0.001,51.575,2717.249,0.001
1790489646.16485,True,2769.399,0.001,50.807,2718.552,0.002
1790489646.181959,True,2767.501,0.001,50.294,2717.184,0.002
1790489646.2115977,True,2772.515,0.001,50.812,2721.667,0.002
1790489646.2388103,True,2771.046,0.001,52.236,2718.79,0.002
1790489646.270695,True,2772.489,0.001,51.87,2720.581,0.002
1790489646.2909293,True,2768.553,0.001,51.238,2717.293,0.002
1790489646.3286421,True,2770.58,0.001,51.254,2719.305,0.002
1790489646.3457298,True,2769.064,0.001,51.504,2717.531,0.002
1790489646.3815243,True,2769.203,0.001,51.158,2718.016,0.002
1790489646.3986747,True,2768.357,0.001,50.677,2717.657,0.003
1790489646.4262695,True,2769.236,0.001,50.763,2718.435,0.002
1790489646.453321,True,2770.14,0.001,51.605,2718.502,0.002
1790489646.4852986,True,2770.533,0.001,51.198,2719.304,0.002
1790489646.513812,True,2767.612,0.001,51.168,2716.414,0.002
1790489646.5439813,True,2771.056,0.001,52.795,2718.238,0.002
1790489646.576435,True,2771.876,0.001,51.778,2720.061,0.002
1790489646.598391,True,2769.784,0.001,52.094,2717.665,0.002
1790489646.633956,True,2770.646,0.001,51.509,2719.114,0.002
1790489646.6544185,True,2770.429,0.001,51.557,2718.845,0.003
1790489646.6910052,True,2773.628,0.001,51.925,2721.673,0.002
1790489646.7120345,True,2774.127,0.001,52.164,2721.933,0.002
1790489646.7439637,True,2768.456,0.001,50.562,2717.87,0.002
1790489646.7663188,True,2770.957,0.001,51.005,2719.917,0.002
1790489646.8020582,True,2773.383,0.001,51.923,2721.43,0.002
1790489646.823378,True,2769.724,0.001,51.804,2717.893,0.003
1790489646.8568895,True,2770.119,0.001,52.137,2717.956,0.002
1790489646.8774557,True,2769.237,0.001,51.227,2717.981,0.002
1790489646.9197488,True,2774.146,0.001,51.835,2722.29,0.002
1790489646.9250305,True,2767.446,0.001,50.586,2716.836,0.002
1790489646.971062,True,2769.236,0.001,51.147,2718.062,0.002
1790489646.9836378,True,2772.308,0.001,51.101,2721.169,0.002
1790489647.024286,True,2768.988,0.001,50.892,2718.071,0.002
1790489647.0578434,True,2770.639,0.001,51.796,2718.818,0.002
1790489647.0784895,True,2769.441,0.001,51.676,2717.742,0.002
1790489647.1111412,True,2769.235,0.001,50.919,2718.281,0.002
1790489647.1381257,True,2774.358,0.001,51.045,2723.288,0.002
1790489647.1809757,True,2772.451,0.001,53.617,2718.803,0.002
1790489647.1899357,True,2768.655,0.001,50.638,2717.993,0.002
1790489647.235029,True,2770.127,0.001,51.66,2718.432,0.002
1790489647.2450063,True,2769.527,0.001,51.22,2718.273,0.002
1790489647.2734318,True,2769.906,0.001,51.186,2718.694,0.002
1790489647.2951589,True,2770.639,0.001,50.716,2719.889,0.002
1790489647.328094,True,2770.515,0.001,51.511,2718.973,0.002
1790489647.3643937,True,2771.644,0.001,51.627,2719.985,0.002
1790489647.3859518,True,2771.388,0.001,51.371,2719.986,0.002
1790489647.4218748,True,2771.452,0.001,52.062,2719.369,0.002
1790489647.4482381,True,2771.589,0.001,52.928,2718.634,0.002
1790489647.476254,True,2771.022,0.001,52.593,2718.403,0.002
1790489647.5033505,True,2770.463,0.001,51.339,2719.091,0.002
1790489647.5302587,True,2769.21,0.001,51.104,2718.068,0.002
1790489647.5512497,True,2770.043,0.001,52.825,2717.194,0.002
1790489647.6108391,True,2804.963,0.001,50.961,2753.971,0.002
1790489647.6122026,True,2775.434,0.001,56.158,2719.254,0.001
1790489647.6725059,True,2773.28,0.001,51.07,2722.183,0.002
1790489647.67365,True,2773.327,0.001,52.469,2720.837,0.002
1790489647.6970322,True,2770.105,0.001,51.051,2719.028,0.002
1790489647.7258558,True,2770.193,0.001,50.751,2719.418,0.002
1790489647.742158,True,2769.845,0.001,50.959,2718.864,0.002
1790489647.7779312,True,2771.522,0.001,52.073,2719.424,0.002
1790489647.7971015,True,2769.661,0.001,50.607,2719.032,0.002
1790489647.832328,True,2770.889,0.001,51.812,2719.045,0.002
1790489647.848136,True,2770.434,0.001,51.032,2719.372,0.002
1790489647.890936,True,2772.004,0.001,51.002,2720.969,0.002
1790489647.8983905,True,2767.792,0.001,50.324,2717.446,0.002
1790489647.9474587,True,2770.712,0.001,51.455,2719.224,0.002
1790489647.9573574,True,2773.691,0.001,51.566,2722.098,0.002
1790489648.0097792,True,2769.296,0.001,50.697,2718.565,0.002
1790489648.0869856,True,2771.865,0.001,51.249,2720.577,0.002
1790489648.0915778,True,2771.867,0.001,52.932,2718.916,0.001
1790489648.0920665,True,2772.311,0.001,51.278,2721.012,0.002
1790489648.0937603,True,2774.532,0.001,52.054,2722.459,0.001
1790489648.1247554,True,2769.393,0.001,50.94,2718.428,0.002
1790489648.1647956,True,2771.289,0.001,52.841,2718.421,0.002
1790489648.1784086,True,2769.277,0.001,51.228,2718.019,0.002
1790489648.2217808,True,2772.697,0.001,51.266,2721.401,0.002
1790489648.224811,True,2767.279,0.001,51.253,2715.997,0.001
1790489648.282904,True,2776.437,0.001,51.773,2724.633,0.002
1790489648.2860975,True,2769.545,0.001,51.133,2718.383,0.002
1790489648.334908,True,2769.562,0.001,51.485,2718.038,0.002
1790489648.3430524,True,2768.736,0.001,51.379,2717.323,0.002
1790489648.3677948,True,2768.883,0.001,51.087,2717.76,0.002
1790489648.4061205,True,2771.579,0.001,51.085,2720.457,0.002
1790489648.4392056,True,2769.38,0.001,51.852,2717.503,0.002
1790489648.4639456,True,2771.019,0.001,51.335,2719.659,0.002
1790489648.494042,True,2770.155,0.001,52.191,2717.941,0.002
1790489648.516725,True,2769.657,0.001,50.867,2718.762,0.002
1790489648.5517693,True,2772.745,0.001,50.836,2721.873,0.002
1790489648.570291,True,2769.231,0.001,52.313,2716.893,0.002
1790489648.5857768,True,2767.62,0.001,50.871,2716.719,0.002
1790489648.6277847,True,2771.2,0.001,52.571,2718.607,0.002
1790489648.7415857,True,2769.243,0.001,51.268,2717.942,0.002
1790489648.7574792,True,2769.568,0.001,51.226,2718.308,0.002
1790489648.8923028,True,2773.323,0.001,51.002,2722.288,0.002
1790489648.8941429,True,2774.136,0.001,51.992,2722.123,0.002
1790489648.8963666,True,2775.857,0.001,52.775,2723.062,0.002
1790489648.9039483,True,2769.419,0.001,50.615,2718.781,0.002
1790489648.908193,True,2771.46,0.001,51.607,2719.824,0.002
1790489648.911843,True,2772.769,0.001,52.452,2720.295,0.002
1790489648.9153538,True,2777.97,0.001,52.556,2725.396,0.002
1790489648.9167972,True,2774.135,0.001,51.195,2722.921,0.001
1790489648.9385273,True,2770.443,0.001,50.816,2719.592,0.002
1790489648.9570348,True,2772.342,0.001,51.423,2720.89,0.002
1790489648.9881752,True,2773.439,0.001,51.697,2721.703,0.002
1790489649.0104427,True,2768.494,0.001,50.889,2717.579,0.002
1790489649.0466714,True,2772.843,0.001,50.958,2721.852,0.002
1790489649.0642302,True,2768.784,0.001,50.74,2718.02,0.002
1790489649.099232,True,2767.577,0.001,50.625,2716.928,0.002
1790489649.116244,True,2767.455,0.001,50.417,2717.012,0.002
1790489649.1552546,True,2770.284,0.001,51.723,2718.527,0.002
1790489649.1713035,True,2769.057,0.001,51.77,2717.263,0.002
1790489649.1985662,True,2768.861,0.001,50.656,2718.169,0.002
1790489649.2258446,True,2769.143,0.001,51.488,2717.626,0.002
1790489649.2600868,True,2771.357,0.001,51.606,2719.716,0.002
1790489649.2860358,True,2769.384,0.001,51.192,2718.158,0.002
1790489649.318926,True,2771.782,0.001,51.796,2719.963,0.002
1790489649.3502202,True,2770.644,0.001,50.847,2719.742,0.021
1790489649.3731747,True,2771.524,0.001,53.214,2718.284,0.002
1790489649.4106708,True,2773.575,0.001,51.578,2721.965,0.003
1790489649.4310536,True,2772.6,0.001,51.298,2721.273,0.002
1790489649.4634345,True,2769.287,0.001,50.557,2718.705,0.002
1790489649.4851723,True,2770.045,0.001,51.885,2718.134,0.002
1790489649.5187538,True,2771.373,0.001,52.271,2719.072,0.002
1790489649.5411968,True,2770.144,0.001,52.758,2717.361,0.002
1790489649.5772498,True,2771.959,0.001,52.2,2719.737,0.002
1790489649.5970488,True,2770.296,0.001,51.684,2718.58,0.003
1790489649.6298409,True,2769.824,0.001,51.291,2718.501,0.002
1790489649.6539826,True,2772.542,0.001,50.874,2721.633,0.002
1790489649.6903412,True,2767.784,0.001,51.186,2716.576,0.002
1790489649.6997101,True,2771.838,0.001,50.823,2720.93,0.003
1790489649.7444408,True,2768.81,0.001,50.678,2718.108,0.002
1790489649.756323,True,2769.594,0.001,50.943,2718.623,0.002
1790489649.7980793,True,2769.001,0.001,51.421,2717.551,0.002
1790489649.8296442,True,2768.446,0.001,50.351,2718.069,0.002
1790489649.8559442,True,2772.76,0.001,50.966,2721.763,0.002
1790489649.8848848,True,2770.436,0.001,51.684,2718.715,0.002
1790489649.910349,True,2769.093,0.001,50.632,2718.436,0.002
1790489649.9637146,True,2768.732,0.001,51.406,2717.3,0.002
1790489649.9658573,True,2771.703,0.001,50.828,2720.85,0.003
1790489650.011534,True,2772.687,0.001,52.516,2720.135,0.002
1790489650.0354679,True,2787.071,0.001,51.591,2735.441,0.002
1790489650.048503,True,2772.094,0.001,52.281,2719.784,0.002
1790489650.0695877,True,2771.521,0.001,51.197,2720.294,0.002
1790489650.1016507,True,2770.851,0.001,51.17,2719.649,0.002
1790489650.1389773,True,2771.421,0.001,51.795,2719.596,0.002
1790489650.1616848,True,2772.501,0.001,51.661,2720.804,0.002
1790489650.1968355,True,2771.999,0.001,52.028,2719.948,0.002
1790489650.2210577,True,2769.598,0.001,52.326,2717.25,0.002
1790489650.2503219,True,2770.958,0.001,51.773,2719.158,0.002
1790489650.2772748,True,2769.862,0.001,50.746,2719.083,0.002
1790489650.3051624,True,2770.276,0.001,52.491,2717.75,0.002
1790489650.324592,True,2770.631,0.001,51.611,2718.987,0.002
1790489650.386383,True,2771.772,0.001,51.342,2720.395,0.002
1790489650.3882859,True,2772.528,0.001,52.364,2720.139,0.002
1790489650.4466963,True,2770.803,0.001,50.42,2720.359,0.002
1790489650.4483306,True,2771.921,0.001,51.79,2720.106,0.002
1790489650.4706967,True,2770.241,0.001,50.687,2719.512,0.002
1790489650.5006254,True,2768.551,0.001,50.715,2717.808,0.002
1790489650.5154605,True,2770.03,0.001,52.323,2717.683,0.002
1790489650.551526,True,2770.115,0.001,51.733,2718.357,0.002
1790489650.5683994,True,2767.696,0.001,50.618,2717.051,0.002
1790489650.6069143,True,2771.321,0.001,51.199,2720.085,0.002
1790489650.6179655,True,2767.148,0.001,50.647,2716.482,0.002
1790489650.6645918,True,2770.795,0.001,51.222,2719.545,0.002
1790489650.6751215,True,2773.62,0.001,51.72,2721.873,0.002
1790489650.7229497,True,2772.329,0.001,51.875,2720.42,0.002
1790489650.730151,True,2769.777,0.001,51.336,2718.411,0.002
1790489650.782541,True,2768.027,0.001,50.696,2717.3,0.002
1790489650.8640196,True,2770.425,0.001,51.148,2719.242,0.002
1790489650.868774,True,2771.933,0.001,50.772,2721.133,0.002
1790489650.86986,True,2772.796,0.001,51.922,2720.854,0.002
1790489650.8713083,True,2771.523,0.001,51.636,2719.867,0.001
1790489650.8985133,True,2770.52,0.001,51.323,2719.168,0.003
1790489650.9387963,True,2770.916,0.001,51.722,2719.165,0.002
1790489650.9516573,True,2769.572,0.001,51.061,2718.478,0.003
1790489651.0003295,True,2774.02,0.001,51.06,2722.923,0.002
1790489651.0019321,True,2774.436,0.001,53.088,2721.326,0.001
1790489651.0616336,True,2774.103,0.001,50.558,2723.522,0.002
1790489651.0630565,True,2773.887,0.001,50.947,2722.922,0.002
1790489651.1099017,True,2770.378,0.001,51.432,2718.91,0.002
1790489651.1162179,True,2770.356,0.001,51.413,2718.909,0.002
1790489651.1404266,True,2769.49,0.001,51.221,2718.232,0.002
1790489651.1804245,True,2771.002,0.001,51.672,2719.3,0.002
1790489651.212899,True,2770.575,0.001,52.206,2718.345,0.002
1790489651.235099,True,2767.934,0.001,50.32,2717.59,0.002
1790489651.2683928,True,2771.224,0.001,50.631,2720.558,0.002
1790489651.2889402,True,2768.669,0.001,50.818,2717.827,0.002
1790489651.3234015,True,2768.541,0.001,50.69,2717.819,0.002
1790489651.34703,True,2772.703,0.001,51.324,2721.352,0.002
1790489651.3606093,True,2771.67,0.001,52.425,2719.212,0.002
1790489651.4003005,True,2769.39,0.001,51.136,2718.221,0.003
1790489651.5144172,True,2769.515,0.001,50.849,2718.629,0.002
1790489651.5314887,True,2770.613,0.001,52.128,2718.445,0.002
1790489651.670837,True,2773.547,0.001,51.476,2722.036,0.002
1790489651.672444,True,2773.499,0.001,53.518,2719.961,0.002
1790489651.6757271,True,2778.138,0.001,53.099,2725.019,0.002
1790489651.6788003,True,2769.116,0.001,50.547,2718.545,0.002
1790489651.6913843,True,2773.892,0.001,51.478,2722.384,0.002
1790489651.6931448,True,2774.297,0.0,54.786,2719.496,0.001
1790489651.6959786,True,2778.021,0.001,52.812,2725.189,0.002
1790489651.6973336,True,2778.627,0.001,53.693,2724.919,0.001
1790489651.7092967,True,2767.887,0.001,50.747,2717.11,0.001
1790489651.7288268,True,2769.031,0.001,51.15,2717.856,0.002
1790489651.7608068,True,2769.94,0.001,51.474,2718.433,0.002
1790489651.78319,True,2769.11,0.001,51.063,2718.021,0.002
1790489651.8200905,True,2770.393,0.001,51.368,2719.001,0.002
1790489651.838,True,2769.491,0.001,50.68,2718.781,0.002
1790489651.874084,True,2770.489,0.001,52.351,2718.111,0.002
1790489651.8913324,True,2770.389,0.001,51.279,2719.087,0.002
1790489651.9281774,True,2769.474,0.001,51.101,2718.339,0.002
1790489651.94458,True,2769.832,0.001,51.856,2717.953,0.002
1790489651.9713657,True,2769.428,0.001,51.259,2718.135,0.002
1790489651.9991555,True,2769.604,0.001,51.335,2718.234,0.002
1790489652.0361621,True,2772.95,0.001,52.808,2720.106,0.002
1790489652.0580716,True,2769.101,0.001,50.669,2718.402,0.002
1790489652.0915272,True,2769.384,0.001,51.909,2717.452,0.002
1790489652.1265054,True,2773.001,0.001,50.993,2721.963,0.002
1790489652.147528,True,2770.836,0.001,51.324,2719.481,0.002
1790489652.1845455,True,2770.778,0.001,51.308,2719.444,0.002
1790489652.2033963,True,2769.234,0.001,51.567,2717.647,0.002
1790489652.237474,True,2769.637,0.001,51.573,2718.038,0.002
1790489652.2632365,True,2773.328,0.001,52.012,2721.293,0.002
1790489652.2962012,True,2773.797,0.001,50.868,2722.896,0.002
1790489652.3170893,True,2772.691,0.001,53.245,2719.421,0.002
1790489652.3504713,True,2770.033,0.001,51.351,2718.655,0.002
1790489652.3737612,True,2773.313,0.001,54.198,2719.09,0.002
1790489652.4076195,True,2773.307,0.001,51.707,2721.568,0.002
1790489652.4286423,True,2770.397,0.001,51.219,2719.141,0.003
1790489652.4664261,True,2772.988,0.001,52.119,2720.844,0.002
1790489652.4715338,True,2769.039,0.001,51.168,2717.844,0.002
1790489652.5176392,True,2769.228,0.001,50.463,2718.736,0.002
1790489652.5297203,True,2770.306,0.001,50.884,2719.39,0.002
1790489652.5727665,True,2771.126,0.001,51.721,2719.374,0.002
1790489652.6053088,True,2772.085,0.001,52.595,2719.462,0.002
1790489652.6326706,True,2773.774,0.001,51.955,2721.796,0.002
1790489652.6575887,True,2769.033,0.001,51.137,2717.859,0.002
1790489652.6875381,True,2773.294,0.001,52.656,2720.613,0.002
1790489652.7578676,True,2788.549,0.001,66.487,2722.035,0.002
1790489652.758985,True,2788.925,0.001,67.298,2721.606,0.001
1790489652.7866678,True,2772.006,0.001,51.339,2720.637,0.002
1790489652.809285,True,2768.801,0.001,51.582,2717.193,0.002
1790489652.8207963,True,2769.395,0.001,51.154,2718.216,0.002
1790489652.84052,True,2768.022,0.001,50.674,2717.316,0.002
1790489652.8804615,True,2774.991,0.001,51.07,2723.886,0.002
1790489652.9126565,True,2770.637,0.001,50.541,2720.057,0.002
1790489652.934567,True,2769.524,0.001,51.733,2717.755,0.002
1790489652.9704125,True,2770.639,0.001,51.232,2719.385,0.002
1790489652.9957047,True,2771.666,0.001,53.366,2718.277,0.002
1790489653.0243144,True,2770.409,0.001,51.957,2718.428,0.002
1790489653.0506852,True,2769.45,0.001,51.049,2718.365,0.002
1790489653.0776281,True,2769.158,0.001,51.012,2718.112,0.002
1790489653.09888,True,2771.132,0.001,51.03,2720.058,0.002
1790489653.1593409,True,2769.456,0.001,51.081,2718.346,0.002
1790489653.1618457,True,2770.688,0.001,51.84,2718.826,0.002
1790489653.219783,True,2770.076,0.001,51.67,2718.387,0.002
1790489653.2216103,True,2770.447,0.001,51.887,2718.54,0.002
1790489653.244738,True,2770.623,0.001,51.054,2719.527,0.002
1790489653.27665,True,2770.774,0.001,50.81,2719.927,0.003
1790489653.2846262,True,2766.432,0.001,50.562,2715.85,0.001
1790489653.3259525,True,2771.332,0.001,52.88,2718.428,0.002
1790489653.342446,True,2770.866,0.001,50.623,2720.211,0.002
1790489653.3857381,True,2769.67,0.001,50.665,2718.983,0.002
1790489653.3898513,True,2769.387,0.001,50.94,2718.421,0.002
1790489653.4390936,True,2770.026,0.001,51.578,2718.418,0.002
1790489653.4478457,True,2769.601,0.001,52.543,2717.036,0.002
1790489653.497963,True,2771.651,0.001,50.95,2720.668,0.002
1790489653.5012045,True,2768.013,0.001,51.029,2716.96,0.002
1790489653.5576596,True,2770.741,0.001,50.794,2719.912,0.002
1790489653.6473553,True,2774.688,0.001,51.196,2723.456,0.002
1790489653.6498463,True,2776.367,0.001,53.939,2722.408,0.002
1790489653.6513445,True,2776.796,0.001,54.649,2722.124,0.002
1790489653.6527946,True,2780.347,0.0,53.075,2727.254,0.001
1790489653.6714299,True,2769.398,0.001,50.773,2718.599,0.002
1790489653.7144952,True,2772.626,0.001,50.671,2721.924,0.002
1790489653.7250829,True,2770.032,0.001,51.512,2718.482,0.002
1790489653.7776582,True,2774.486,0.001,50.881,2723.573,0.002
1790489653.7807946,True,2775.183,0.001,53.098,2722.06,0.002
1790489653.8430028,True,2777.633,0.001,51.583,2726.028,0.002
1790489653.8443394,True,2777.97,0.001,52.32,2725.625,0.002
1790489653.8820453,True,2769.055,0.001,51.324,2717.697,0.002
1790489653.8912492,True,2768.621,0.001,51.024,2717.562,0.002
1790489653.9123175,True,2768.997,0.001,50.791,2718.173,0.002
1790489653.951996,True,2768.108,0.001,51.985,2716.101,0.002
1790489653.98787,True,2771.62,0.001,52.917,2718.674,0.002
1790489654.0091531,True,2770.852,0.001,51.489,2719.342,0.002
1790489654.0414596,True,2769.727,0.001,52.118,2717.584,0.002
1790489654.0636814,True,2771.235,0.001,52.042,2719.158,0.002
1790489654.0970619,True,2770.554,0.001,51.895,2718.623,0.002
1790489654.1183617,True,2768.158,0.001,50.776,2717.356,0.002
1790489654.133418,True,2769.614,0.001,50.861,2718.722,0.002
1790489654.1737916,True,2769.601,0.001,50.774,2718.787,0.002
1790489654.2880723,True,2770.385,0.001,51.653,2718.698,0.002
1790489654.305135,True,2770.632,0.001,52.202,2718.395,0.002
1790489654.4456315,True,2771.834,0.001,50.895,2720.909,0.002
1790489654.4500544,True,2770.622,0.001,51.383,2719.215,0.001
1790489654.4521961,True,2770.875,0.001,52.438,2718.418,0.001
1790489654.453229,True,2772.729,0.001,51.698,2721.013,0.001
1790489654.4730542,True,2774.803,0.001,50.899,2723.874,0.002
1790489654.4746623,True,2775.304,0.001,52.979,2722.306,0.002
1790489654.477325,True,2776.795,0.001,54.528,2722.249,0.001
1790489654.4791229,True,2780.645,0.0,52.212,2728.416,0.001
1790489654.4829764,True,2771.194,0.001,50.92,2720.255,0.001
1790489654.5048478,True,2768.571,0.001,51.463,2717.079,0.002
1790489654.5402818,True,2775.26,0.001,52.734,2722.499,0.002
1790489654.556379,True,2770.282,0.001,52.414,2717.844,0.002
1790489654.5929701,True,2770.128,0.001,51.887,2718.216,0.002
1790489654.611293,True,2768.449,0.001,50.924,2717.494,0.002
1790489654.646536,True,2769.15,0.001,51.396,2717.73,0.002
1790489654.6645858,True,2768.71,0.001,50.572,2718.11,0.002
1790489654.7013676,True,2769.912,0.001,50.663,2719.215,0.002
1790489654.7183003,True,2769.19,0.001,50.727,2718.438,0.002
1790489654.7445571,True,2770.145,0.001,51.639,2718.468,0.002
1790489654.7755547,True,2772.992,0.001,51.606,2721.354,0.002
1790489654.8084211,True,2769.401,0.001,52.632,2716.746,0.002
1790489654.8316712,True,2770.426,0.001,51.389,2719.005,0.002
1790489654.8668303,True,2771.636,0.001,52.698,2718.914,0.002
1790489654.9019876,True,2771.794,0.001,51.515,2720.243,0.002
1790489654.920658,True,2769.675,0.001,50.86,2718.788,0.003
1790489654.9756322,True,2767.903,0.001,50.331,2717.547,0.002
1790489654.9822826,True,2776.187,0.001,50.836,2725.318,0.002
1790489655.01276,True,2772.027,0.001,51.326,2720.665,0.002
1790489655.0453396,True,2774.941,0.001,51.567,2723.351,0.002
1790489655.0731468,True,2773.951,0.001,51.882,2722.047,0.002
1790489655.0919645,True,2771.683,0.001,51.389,2720.265,0.002
1790489655.1277757,True,2773.375,0.001,51.441,2721.9,0.003
1790489655.1506896,True,2773.932,0.001,52.555,2721.35,0.002
1790489655.187145,True,2776.069,0.001,52.0,2724.033,0.002
1790489655.2022088,True,2769.765,0.001,50.72,2719.007,0.002
1790489655.2394028,True,2769.292,0.001,50.61,2718.653,0.002
1790489655.2451136,True,2771.008,0.001,51.184,2719.792,0.001
1790489655.290694,True,2768.577,0.001,51.184,2717.368,0.002
1790489655.3034966,True,2770.714,0.001,51.187,2719.495,0.002
1790489655.3480031,True,2771.883,0.001,52.125,2719.721,0.002
1790489655.3776608,True,2769.131,0.001,50.814,2718.29,0.002
1790489655.406584,True,2771.037,0.001,52.311,2718.703,0.002
1790489655.4317498,True,2769.573,0.001,51.589,2717.95,0.003
1790489655.4607992,True,2769.765,0.001,52.391,2717.345,0.003
1790489655.5316212,True,2770.322,0.001,50.663,2719.629,0.002
1790489655.5333922,True,2771.5,0.0,52.572,2718.911,0.002
1790489655.560648,True,2770.569,0.001,51.43,2719.114,0.002
1790489655.5849702,True,2770.592,0.001,51.578,2718.976,0.002
1790489655.5963976,True,2772.447,0.001,51.067,2721.346,0.002
1790489655.6144662,True,2770.614,0.001,52.532,2718.04,0.002
1790489655.65578,True,2772.222,0.001,51.655,2720.545,0.002
1790489655.6909215,True,2774.949,0.001,50.634,2724.28,0.002
1790489655.7076864,True,2769.548,0.001,51.143,2718.371,0.002
1790489655.7429078,True,2769.204,0.001,51.347,2717.831,0.002
1790489655.7688897,True,2770.183,0.001,52.513,2717.649,0.002
1790489655.7979028,True,2770.384,0.001,50.933,2719.425,0.002
1790489655.8259568,True,2771.647,0.001,51.686,2719.93,0.002
1790489655.8501813,True,2768.783,0.001,51.566,2717.182,0.002
1790489655.8722951,True,2770.233,0.001,51.177,2719.022,0.002
1790489655.9347553,True,2771.44,0.001,50.722,2720.681,0.002
1790489655.9364314,True,2771.503,0.001,50.962,2720.515,0.002
1790489655.9969447,True,2772.712,0.001,52.923,2719.764,0.002
1790489655.9990923,True,2773.725,0.001,54.479,2719.223,0.002
1790489656.0186255,True,2770.647,0.001,51.191,2719.421,0.002
1790489656.0512314,True,2769.551,0.001,51.136,2718.383,0.002
1790489656.0575268,True,2770.398,0.001,51.017,2719.351,0.001
1790489656.1028707,True,2773.655,0.001,51.27,2722.351,0.002
1790489656.1145375,True,2768.948,0.001,50.788,2718.129,0.002
1790489656.1585991,True,2769.485,0.001,50.893,2718.565,0.002
1790489656.1643012,True,2771.649,0.001,51.326,2720.293,0.002
1790489656.2156727,True,2773.17,0.001,51.094,2722.042,0.002
1790489656.2184858,True,2767.673,0.001,51.545,2716.107,0.001
1790489656.2801375,True,2776.389,0.001,51.457,2724.905,0.002
1790489656.2834408,True,2777.311,0.001,53.318,2723.972,0.002
1790489656.3295457,True,2768.03,0.001,50.752,2717.243,0.002
1790489656.430213,True,2776.086,0.001,51.296,2724.755,0.002
1790489656.4320223,True,2776.828,0.001,54.304,2722.504,0.002
1790489656.4353902,True,2779.724,0.0,55.164,2724.542,0.002
1790489656.4373543,True,2782.786,0.001,52.397,2730.367,0.002
1790489656.4419072,True,2767.564,0.001,51.21,2716.333,0.001
1790489656.4898016,True,2770.529,0.001,51.269,2719.233,0.002
1790489656.5001745,True,2771.756,0.001,52.052,2719.657,0.002
1790489656.5594237,True,2775.712,0.001,51.819,2723.852,0.002
1790489656.5616462,True,2777.345,0.001,53.827,2723.492,0.002
1790489656.6202853,True,2773.593,0.001,51.261,2722.3,0.002
1790489656.6214933,True,2773.725,0.001,52.066,2721.64,0.002
1790489656.6544435,True,2769.214,0.023,50.969,2718.186,0.002
1790489656.6665244,True,2772.12,0.001,51.146,2720.935,0.003
1790489656.6856482,True,2770.272,0.001,51.462,2718.775,0.002
1790489656.725785,True,2770.826,0.001,51.386,2719.411,0.002
1790489656.7599013,True,2768.648,0.001,51.069,2717.554,0.003
1790489656.7833087,True,2771.058,0.001,52.019,2719.016,0.002
1790489656.8153646,True,2770.226,0.001,52.837,2717.362,0.002
1790489656.8370342,True,2769.752,0.001,51.802,2717.925,0.002
1790489656.8708882,True,2770.107,0.001,50.918,2719.153,0.002
1790489656.8944237,True,2772.615,0.001,52.476,2720.112,0.002
1790489656.9069357,True,2770.278,0.001,52.215,2718.025,0.002
1790489656.9470196,True,2768.634,0.001,50.86,2717.74,0.002
1790489657.0606627,True,2769.301,0.001,50.841,2718.427,0.002
1790489657.0777392,True,2769.414,0.001,50.813,2718.566,0.002
1790489657.219123,True,2770.186,0.001,51.905,2718.247,0.002
1790489657.223764,True,2769.69,0.001,51.084,2718.587,0.001
1790489657.2253654,True,2770.372,0.001,51.605,2718.748,0.002
1790489657.2275803,True,2771.457,0.001,52.249,2719.19,0.001
1790489657.2582517,True,2778.353,0.001,52.512,2725.81,0.002
1790489657.2607024,True,2778.514,0.0,55.322,2723.084,0.002
1790489657.2621238,True,2781.175,0.001,53.521,2727.635,0.002
1790489657.2645311,True,2779.006,0.001,55.185,2723.799,0.002
1790489657.2662778,True,2784.47,0.001,53.468,2730.986,0.001
1790489657.2825227,True,2770.772,0.001,51.119,2719.623,0.002
1790489657.3126051,True,2768.697,0.001,50.987,2717.684,0.002
1790489657.333054,True,2773.855,0.001,52.099,2721.735,0.002
1790489657.3652563,True,2768.139,0.001,51.04,2717.073,0.002
1790489657.3824015,True,2767.9,0.001,50.755,2717.121,0.002
1790489657.4208496,True,2769.761,0.001,50.897,2718.839,0.002
1790489657.4364915,True,2768.654,0.001,51.121,2717.508,0.002
1790489657.4741824,True,2769.496,0.001,51.883,2717.57,0.002
1790489657.4934213,True,2771.754,0.001,51.51,2720.217,0.002
1790489657.518114,True,2770.354,0.001,51.339,2718.982,0.002
1790489657.5484455,True,2769.907,0.001,51.36,2718.517,0.002
1790489657.5833268,True,2771.669,0.001,51.517,2720.116,0.002
1790489657.603563,True,2768.958,0.001,51.16,2717.763,0.002
1790489657.640775,True,2770.934,0.001,51.408,2719.504,0.002
1790489657.6996133,True,2794.391,0.001,71.439,2722.924,0.002
1790489657.7017317,True,2777.902,0.001,54.256,2723.625,0.002
1790489657.761488,True,2777.31,0.001,54.297,2722.973,0.002
1790489657.7626796,True,2777.374,0.001,57.242,2720.11,0.001
1790489657.7908857,True,2774.815,0.001,53.123,2721.66,0.002
1790489657.822858,True,2773.879,0.001,50.766,2723.083,0.002
1790489657.8469045,True,2770.262,0.001,51.928,2718.303,0.002
1790489657.8672242,True,2772.024,0.001,51.161,2720.826,0.002
1790489657.9070857,True,2775.491,0.001,52.073,2723.384,0.002
1790489657.9248905,True,2771.127,0.001,51.259,2719.84,0.002
1790489657.9586828,True,2768.392,0.001,50.756,2717.609,0.002
1790489657.9774356,True,2770.058,0.001,51.632,2718.395,0.002
1790489658.0139732,True,2770.043,0.001,51.183,2718.833,0.002
1790489658.0183504,True,2770.636,0.001,51.515,2719.099,0.001
1790489658.06426,True,2770.539,0.001,51.451,2719.055,0.003
1790489658.0755053,True,2768.873,0.001,50.75,2718.094,0.002
1790489658.1226935,True,2771.884,0.001,51.546,2720.307,0.002
1790489658.1505542,True,2769.61,0.001,51.811,2717.772,0.002
1790489658.1811597,True,2771.341,0.001,51.824,2719.493,0.002
1790489658.2058513,True,2770.585,0.001,51.225,2719.314,0.002
1790489658.2348523,True,2770.022,0.001,51.214,2718.772,0.002
1790489658.3044815,True,2769.952,0.001,50.848,2719.079,0.002
1790489658.3057108,True,2769.91,0.001,51.151,2718.74,0.001
1790489658.3335354,True,2769.483,0.001,51.183,2718.274,0.002
1790489658.3639867,True,2773.704,0.001,51.243,2722.428,0.002
1790489658.3708332,True,2770.917,0.001,50.768,2720.117,0.002
1790489658.3884292,True,2770.611,0.001,51.883,2718.692,0.002
1790489658.430396,True,2771.714,0.001,50.736,2720.951,0.002
1790489658.4624114,True,2768.292,0.001,50.56,2717.702,0.002
1790489658.4832602,True,2770.407,0.001,51.753,2718.616,0.002
1790489658.517568,True,2770.02,0.001,51.235,2718.76,0.002
1790489658.543044,True,2770.912,0.001,51.462,2719.422,0.002
1790489658.5707552,True,2769.437,0.001,51.047,2718.36,0.002
1790489658.600492,True,2771.034,0.001,51.386,2719.616,0.002
1790489658.6247132,True,2769.104,0.001,51.036,2718.036,0.002
1790489658.6452255,True,2770.002,0.001,51.46,2718.508,0.002
1790489658.709609,True,2771.688,0.001,51.445,2720.207,0.002
1790489658.7121913,True,2772.687,0.001,52.563,2720.1,0.002
1790489658.7713842,True,2770.846,0.001,51.274,2719.551,0.002
1790489658.7725592,True,2770.498,0.001,51.56,2718.917,0.002
1790489658.7921624,True,2769.99,0.001,51.108,2718.84,0.002
1790489658.8259919,True,2769.673,0.001,51.443,2718.199,0.002
1790489658.8323045,True,2771.948,0.001,52.079,2719.845,0.002
1790489658.8801928,True,2773.986,0.001,52.965,2720.992,0.002
1790489658.8865883,True,2769.133,0.001,51.266,2717.835,0.002
1790489658.9333253,True,2770.862,0.001,51.177,2719.653,0.002
1790489658.937822,True,2770.77,0.001,51.836,2718.91,0.002
1790489658.993181,True,2771.67,0.001,51.228,2720.41,0.002
1790489658.9969442,True,2774.392,0.001,54.086,2720.285,0.002
1790489659.0567997,True,2772.226,0.001,51.283,2720.919,0.002
1790489659.0580163,True,2771.561,0.001,51.192,2720.351,0.001
1790489659.1021771,True,2769.689,0.001,51.478,2718.177,0.002
1790489659.2056444,True,2772.356,0.001,51.413,2720.905,0.003
1790489659.210132,True,2772.027,0.001,52.13,2719.878,0.001
1790489659.2131717,True,2774.312,0.001,52.819,2721.477,0.001
1790489659.2154515,True,2770.993,0.001,51.811,2719.163,0.001
1790489659.2174346,True,2777.479,0.001,52.896,2724.565,0.001
1790489659.2648926,True,2768.65,0.001,51.638,2716.983,0.002
1790489659.2767916,True,2773.618,0.001,50.947,2722.638,0.002
1790489659.3383405,True,2775.143,0.001,51.362,2723.747,0.002
1790489659.3410256,True,2776.383,0.001,53.328,2723.031,0.002
1790489659.396485,True,2772.387,0.001,51.603,2720.753,0.002
1790489659.4157138,True,2769.964,0.001,50.941,2718.986,0.002
1790489659.4289544,True,2771.205,0.001,52.313,2718.855,0.002
1790489659.4391682,True,2769.516,0.001,51.62,2717.862,0.002
1790489659.4594896,True,2770.607,0.001,50.959,2719.615,0.002
1790489659.4984655,True,2769.546,0.001,52.01,2717.506,0.002
1790489659.533997,True,2770.617,0.001,52.507,2718.083,0.002
1790489659.5581608,True,2771.944,0.001,51.423,2720.5,0.002
1790489659.5912418,True,2772.716,0.001,52.881,2719.813,0.002
1790489659.645047,True,2767.609,0.001,50.666,2716.914,0.002
1790489659.6454992,True,2770.57,0.001,51.287,2719.252,0.003
