start_ts,end_ts,start_mono,end_mono,response_time_ms,request_type,name,success,exception,response_length,user,http_status,stages_logged
1790489599.862241,1790489602.639456,45540.139534,45542.916748,2777.214,POST,/api/pipeline,True,,1621,0,200,4
1790489599.890982,1790489602.666308,45540.168274,45542.943601,2775.327,POST,/api/pipeline,True,,1622,1,200,4
1790489599.91833,1790489602.690696,45540.195623,45542.967989,2772.367,POST,/api/pipeline,True,,1621,2,200,4
1790489599.946095,1790489602.722776,45540.223388,45543.000069,2776.681,POST,/api/pipeline,True,,1622,3,200,4
1790489599.973689,1790489602.750811,45540.250981,45543.028104,2777.122,POST,/api/pipeline,True,,1620,4,200,4
1790489600.001014,1790489602.775093,45540.278307,45543.052386,2774.079,POST,/api/pipeline,True,,1621,5,200,4
1790489600.028612,1790489602.80347,45540.305905,45543.080762,2774.858,POST,/api/pipeline,True,,1622,6,200,4
1790489600.056919,1790489602.831392,45540.334212,45543.108685,2774.474,POST,/api/pipeline,True,,1622,7,200,4
1790489600.084227,1790489602.859788,45540.36152,45543.137081,2775.56,POST,/api/pipeline,True,,1622,8,200,4
1790489600.111501,1790489602.889565,45540.388794,45543.166857,2778.064,POST,/api/pipeline,True,,1621,9,200,4
1790489600.138987,1790489602.914891,45540.41628,45543.192184,2775.904,POST,/api/pipeline,True,,1621,10,200,4
1790489600.166514,1790489602.943457,45540.443807,45543.22075,2776.943,POST,/api/pipeline,True,,1622,11,200,4
1790489600.194319,1790489602.970005,45540.471612,45543.247298,2775.686,POST,/api/pipeline,True,,1622,12,200,4
1790489600.22216,1790489603.000809,45540.499453,45543.278101,2778.649,POST,/api/pipeline,True,,1621,13,200,4
1790489600.249903,1790489603.028488,45540.527196,45543.305781,2778.585,POST,/api/pipeline,True,,1622,14,200,4
1790489600.277369,1790489603.053764,45540.554662,45543.331057,2776.396,POST,/api/pipeline,True,,1622,15,200,4
1790489600.305327,1790489603.079359,45540.58262,45543.356651,2774.031,POST,/api/pipeline,True,,1622,16,200,4
1790489600.332854,1790489603.111101,45540.610147,45543.388394,2778.247,POST,/api/pipeline,True,,1621,17,200,4
1790489600.360393,1790489603.134954,45540.637686,45543.412246,2774.56,POST,/api/pipeline,True,,1622,18,200,4
1790489600.387475,1790489603.164609,45540.664769,45543.441902,2777.133,POST,/api/pipeline,True,,1622,19,200,4
1790489600.415347,1790489603.190251,45540.69264,45543.467544,2774.904,POST,/api/pipeline,True,,1622,20,200,4
1790489600.443089,1790489603.217665,45540.720382,45543.494958,2774.577,POST,/api/pipeline,True,,1622,21,200,4
1790489600.471124,1790489603.249779,45540.748417,45543.527072,2778.655,POST,/api/pipeline,True,,1621,22,200,4
1790489600.49871,1790489603.276659,45540.776003,45543.553952,2777.949,POST,/api/pipeline,True,,1621,23,200,4
1790489600.526341,1790489603.302515,45540.803634,45543.579808,2776.173,POST,/api/pipeline,True,,1619,24,200,4
1790489600.553185,1790489603.330069,45540.830478,45543.607362,2776.884,POST,/api/pipeline,True,,1622,25,200,4
1790489600.581274,1790489603.360021,45540.858567,45543.637314,2778.747,POST,/api/pipeline,True,,1622,26,200,4
1790489600.609179,1790489603.39839,45540.886471,45543.675682,2789.211,POST,/api/pipeline,True,,1621,27,200,4
1790489600.636035,1790489603.412791,45540.913327,45543.690083,2776.756,POST,/api/pipeline,True,,1620,28,200,4
1790489600.663945,1790489603.452663,45540.941238,45543.729956,2788.718,POST,/api/pipeline,True,,1622,29,200,4
1790489600.691561,1790489603.470526,45540.968854,45543.747819,2778.965,POST,/api/pipeline,True,,1621,30,200,4
1790489600.719878,1790489603.497927,45540.997171,45543.77522,2778.049,POST,/api/pipeline,True,,1622,31,200,4
1790489600.746493,1790489603.525544,45541.023786,45543.802837,2779.051,POST,/api/pipeline,True,,1622,32,200,4
1790489600.774764,1790489603.551041,45541.052057,45543.828334,2776.276,POST,/api/pipeline,True,,1621,33,200,4
1790489600.801824,1790489603.578588,45541.079117,45543.85588,2776.764,POST,/api/pipeline,True,,1621,34,200,4
1790489600.829437,1790489603.604432,45541.10673,45543.881725,2774.995,POST,/api/pipeline,True,,1620,35,200,4
1790489600.878258,1790489603.653253,45541.155551,45543.930546,2774.995,POST,/api/pipeline,True,,1620,36,200,4
1790489600.884691,1790489603.6571,45541.161984,45543.934393,2772.409,POST,/api/pipeline,True,,1621,37,200,4
1790489600.912386,1790489603.689157,45541.189679,45543.966449,2776.771,POST,/api/pipeline,True,,1622,38,200,4
1790489600.939624,1790489603.715732,45541.216916,45543.993025,2776.109,POST,/api/pipeline,True,,1622,39,200,4
1790489600.967748,1790489603.742385,45541.24504,45544.019678,2774.638,POST,/api/pipeline,True,,1620,40,200,4
1790489600.995561,1790489603.76861,45541.272854,45544.045903,2773.049,POST,/api/pipeline,True,,1622,41,200,4
1790489601.022447,1790489603.794931,45541.29974,45544.072224,2772.484,POST,/api/pipeline,True,,1622,42,200,4
1790489601.050415,1790489603.826188,45541.327708,45544.103481,2775.773,POST,/api/pipeline,True,,1622,43,200,4
1790489601.078336,1790489603.850872,45541.355629,45544.128165,2772.536,POST,/api/pipeline,True,,1622,44,200,4
1790489601.106004,1790489603.878489,45541.383296,45544.155781,2772.485,POST,/api/pipeline,True,,1622,45,200,4
1790489601.13286,1790489603.905904,45541.410153,45544.183197,2773.043,POST,/api/pipeline,True,,1621,46,200,4
1790489601.161191,1790489603.934462,45541.438484,45544.211755,2773.271,POST,/api/pipeline,True,,1622,47,200,4
1790489601.188166,1790489603.963818,45541.465459,45544.24111,2775.651,POST,/api/pipeline,True,,1622,48,200,4
1790489601.216297,1790489603.993167,45541.493589,45544.27046,2776.87,POST,/api/pipeline,True,,1622,49,200,4
1790489601.243583,1790489604.018665,45541.520876,45544.295958,2775.081,POST,/api/pipeline,True,,1622,50,200,4
1790489601.271344,1790489604.048012,45541.548637,45544.325304,2776.667,POST,/api/pipeline,True,,1622,51,200,4
1790489601.298666,1790489604.07565,45541.575959,45544.352943,2776.984,POST,/api/pipeline,True,,1622,52,200,4
1790489601.32641,1790489604.101337,45541.603703,45544.37863,2774.927,POST,/api/pipeline,True,,1622,53,200,4
1790489601.353921,1790489604.1303,45541.631214,45544.407593,2776.379,POST,/api/pipeline,True,,1622,54,200,4
1790489601.382306,1790489604.174024,45541.659599,45544.451317,2791.719,POST,/api/pipeline,True,,1622,55,200,4
1790489601.409834,1790489604.187928,45541.687127,45544.465221,2778.094,POST,/api/pipeline,True,,1621,56,200,4
1790489601.43786,1790489604.214311,45541.715153,45544.491604,2776.452,POST,/api/pipeline,True,,1621,57,200,4
1790489601.464928,1790489604.241315,45541.742221,45544.518607,2776.386,POST,/api/pipeline,True,,1621,58,200,4
1790489601.492403,1790489604.306646,45541.769695,45544.583939,2814.243,POST,/api/pipeline,True,,1621,59,200,4
1790489601.520232,1790489604.308485,45541.797525,45544.585778,2788.253,POST,/api/pipeline,True,,1621,60,200,4
1790489601.547899,1790489604.359162,45541.825192,45544.636455,2811.263,POST,/api/pipeline,True,,1622,61,200,4
1790489601.575433,1790489604.360433,45541.852726,45544.637726,2785.0,POST,/api/pipeline,True,,1621,62,200,4
1790489601.603288,1790489604.37987,45541.880581,45544.657163,2776.582,POST,/api/pipeline,True,,1622,63,200,4
1790489601.630261,1790489604.407812,45541.907553,45544.685105,2777.551,POST,/api/pipeline,True,,1621,64,200,4
1790489601.658397,1790489604.43381,45541.935689,45544.711103,2775.414,POST,/api/pipeline,True,,1622,65,200,4
1790489601.685321,1790489604.461423,45541.962614,45544.738715,2776.102,POST,/api/pipeline,True,,1621,66,200,4
1790489601.714128,1790489604.490834,45541.991421,45544.768127,2776.706,POST,/api/pipeline,True,,1621,67,200,4
1790489601.740943,1790489604.517999,45542.018236,45544.795292,2777.056,POST,/api/pipeline,True,,1622,68,200,4
1790489601.768747,1790489604.547586,45542.04604,45544.824879,2778.839,POST,/api/pipeline,True,,1621,69,200,4
1790489601.795951,1790489604.570949,45542.073244,45544.848242,2774.998,POST,/api/pipeline,True,,1620,70,200,4
1790489601.823992,1790489604.6006,45542.101285,45544.877894,2776.609,POST,/api/pipeline,True,,1622,71,200,4
1790489601.854691,1790489604.62964,45542.131984,45544.906933,2774.949,POST,/api/pipeline,True,,1621,72,200,4
1790489601.879444,1790489604.654997,45542.156737,45544.93229,2775.553,POST,/api/pipeline,True,,1622,73,200,4
1790489601.906035,1790489604.679029,45542.183328,45544.956322,2772.994,POST,/api/pipeline,True,,1622,74,200,4
1790489601.9338,1790489604.7105,45542.211092,45544.987793,2776.7,POST,/api/pipeline,True,,1622,75,200,4
1790489601.961717,1790489604.739723,45542.239009,45545.017016,2778.006,POST,/api/pipeline,True,,1620,76,200,4
1790489601.988917,1790489604.763129,45542.26621,45545.040422,2774.212,POST,/api/pipeline,True,,1622,77,200,4
1790489602.0173,1790489604.790572,45542.294593,45545.067865,2773.272,POST,/api/pipeline,True,,1621,78,200,4
1790489602.044295,1790489604.816638,45542.321587,45545.093931,2772.344,POST,/api/pipeline,True,,1621,79,200,4
1790489602.072465,1790489604.844867,45542.349758,45545.12216,2772.402,POST,/api/pipeline,True,,1621,80,200,4
1790489602.099398,1790489604.871716,45542.376691,45545.149008,2772.317,POST,/api/pipeline,True,,1622,81,200,4
1790489602.127136,1790489604.900956,45542.404429,45545.178249,2773.82,POST,/api/pipeline,True,,1620,82,200,4
1790489602.154838,1790489604.929741,45542.43213,45545.207034,2774.904,POST,/api/pipeline,True,,1621,83,200,4
1790489602.182396,1790489604.95867,45542.459689,45545.235962,2776.273,POST,/api/pipeline,True,,1622,84,200,4
1790489602.209919,1790489604.984008,45542.487212,45545.261301,2774.088,POST,/api/pipeline,True,,1621,85,200,4
1790489602.238446,1790489605.013798,45542.515739,45545.29109,2775.351,POST,/api/pipeline,True,,1622,86,200,4
1790489602.266087,1790489605.041534,45542.54338,45545.318827,2775.447,POST,/api/pipeline,True,,1622,87,200,4
1790489602.293823,1790489605.070858,45542.571115,45545.348151,2777.036,POST,/api/pipeline,True,,1620,88,200,4
1790489602.321243,1790489605.095454,45542.598536,45545.372747,2774.212,POST,/api/pipeline,True,,1621,89,200,4
1790489602.348919,1790489605.125119,45542.626212,45545.402412,2776.2,POST,/api/pipeline,True,,1621,90,200,4
1790489602.37577,1790489605.152969,45542.653063,45545.430262,2777.199,POST,/api/pipeline,True,,1621,91,200,4
1790489602.403962,1790489605.18006,45542.681255,45545.457353,2776.098,POST,/api/pipeline,True,,1622,92,200,4
1790489602.431521,1790489605.207143,45542.708815,45545.484436,2775.622,POST,/api/pipeline,True,,1622,93,200,4
1790489602.459304,1790489605.233241,45542.736597,45545.510534,2773.937,POST,/api/pipeline,True,,1622,94,200,4
1790489602.487056,1790489605.266431,45542.764348,45545.543724,2779.376,POST,/api/pipeline,True,,1621,95,200,4
1790489602.514246,1790489605.29192,45542.791539,45545.569213,2777.674,POST,/api/pipeline,True,,1622,96,200,4
1790489602.542138,1790489605.320267,45542.819431,45545.59756,2778.129,POST,/api/pipeline,True,,1621,97,200,4
1790489602.569349,1790489605.346995,45542.846641,45545.624287,2777.646,POST,/api/pipeline,True,,1622,98,200,4
1790489602.59727,1790489605.37297,45542.874563,45545.650263,2775.699,POST,/api/pipeline,True,,1621,99,200,4
1790489602.639751,1790489605.411757,45542.917044,45545.689051,2772.006,POST,/api/pipeline,True,,1622,0,200,4
1790489602.666586,1790489605.44061,45542.943879,45545.717903,2774.024,POST,/api/pipeline,True,,1621,1,200,4
1790489602.691031,1790489605.469628,45542.968324,45545.746921,2778.597,POST,/api/pipeline,True,,1622,2,200,4
1790489602.722975,1790489605.493912,45543.000269,45545.771205,2770.937,POST,/api/pipeline,True,,1621,3,200,4
1790489602.751042,1790489605.523276,45543.028335,45545.800569,2772.234,POST,/api/pipeline,True,,1622,4,200,4
1790489602.775312,1790489605.55086,45543.052605,45545.828153,2775.548,POST,/api/pipeline,True,,1620,5,200,4
1790489602.803693,1790489605.577806,45543.080986,45545.855099,2774.113,POST,/api/pipeline,True,,1622,6,200,4
1790489602.831613,1790489605.607928,45543.108906,45545.885221,2776.315,POST,/api/pipeline,True,,1622,7,200,4
1790489602.860028,1790489605.633376,45543.137321,45545.910669,2773.348,POST,/api/pipeline,True,,1622,8,200,4
1790489602.890002,1790489605.661493,45543.167295,45545.938786,2771.491,POST,/api/pipeline,True,,1621,9,200,4
1790489602.915119,1790489605.68827,45543.192412,45545.965562,2773.151,POST,/api/pipeline,True,,1622,10,200,4
1790489602.94369,1790489605.719112,45543.220983,45545.996405,2775.422,POST,/api/pipeline,True,,1620,11,200,4
1790489602.970236,1790489605.746996,45543.247529,45546.024289,2776.76,POST,/api/pipeline,True,,1622,12,200,4
1790489603.001067,1790489605.772943,45543.27836,45546.050236,2771.876,POST,/api/pipeline,True,,1621,13,200,4
1790489603.028735,1790489605.800481,45543.306028,45546.077774,2771.745,POST,/api/pipeline,True,,1622,14,200,4
1790489603.054001,1790489605.828482,45543.331294,45546.105775,2774.481,POST,/api/pipeline,True,,1621,15,200,4
1790489603.079594,1790489605.854144,45543.356887,45546.131437,2774.55,POST,/api/pipeline,True,,1621,16,200,4
1790489603.111335,1790489605.883365,45543.388627,45546.160657,2772.03,POST,/api/pipeline,True,,1622,17,200,4
1790489603.135205,1790489605.909339,45543.412497,45546.186631,2774.134,POST,/api/pipeline,True,,1622,18,200,4
1790489603.164846,1790489605.936485,45543.442139,45546.213778,2771.639,POST,/api/pipeline,True,,1622,19,200,4
1790489603.190498,1790489605.967587,45543.467791,45546.24488,2777.089,POST,/api/pipeline,True,,1622,20,200,4
1790489603.217895,1790489605.994077,45543.495188,45546.27137,2776.182,POST,/api/pipeline,True,,1622,21,200,4
1790489603.250047,1790489606.020649,45543.52734,45546.297942,2770.602,POST,/api/pipeline,True,,1622,22,200,4
1790489603.276892,1790489606.051368,45543.554184,45546.328661,2774.476,POST,/api/pipeline,True,,1621,23,200,4
1790489603.302743,1790489606.07882,45543.580036,45546.356113,2776.077,POST,/api/pipeline,True,,1622,24,200,4
1790489603.330328,1790489606.104147,45543.607621,45546.38144,2773.819,POST,/api/pipeline,True,,1622,25,200,4
1790489603.360261,1790489606.131883,45543.637554,45546.409176,2771.622,POST,/api/pipeline,True,,1621,26,200,4
1790489603.398626,1790489606.17116,45543.675919,45546.448453,2772.534,POST,/api/pipeline,True,,1622,27,200,4
1790489603.413,1790489606.187259,45543.690293,45546.464552,2774.259,POST,/api/pipeline,True,,1622,28,200,4
1790489603.452899,1790489606.225175,45543.730192,45546.502468,2772.276,POST,/api/pipeline,True,,1620,29,200,4
1790489603.470924,1790489606.24536,45543.748217,45546.522653,2774.436,POST,/api/pipeline,True,,1622,30,200,4
1790489603.498158,1790489606.269596,45543.775451,45546.546889,2771.438,POST,/api/pipeline,True,,1622,31,200,4
1790489603.525814,1790489606.297656,45543.803107,45546.574948,2771.841,POST,/api/pipeline,True,,1621,32,200,4
1790489603.551283,1790489606.32476,45543.828576,45546.602053,2773.477,POST,/api/pipeline,True,,1622,33,200,4
1790489603.57892,1790489606.353686,45543.856213,45546.630979,2774.765,POST,/api/pipeline,True,,1621,34,200,4
1790489603.604825,1790489606.378884,45543.882118,45546.656176,2774.059,POST,/api/pipeline,True,,1622,35,200,4
1790489603.653498,1790489606.435441,45543.930792,45546.712734,2781.942,POST,/api/pipeline,True,,1619,36,200,4
1790489603.657345,1790489606.436804,45543.934638,45546.714096,2779.459,POST,/api/pipeline,True,,1621,37,200,4
1790489603.689394,1790489606.461384,45543.966687,45546.738676,2771.99,POST,/api/pipeline,True,,1620,38,200,4
1790489603.715991,1790489606.487548,45543.993283,45546.764841,2771.558,POST,/api/pipeline,True,,1621,39,200,4
1790489603.742626,1790489606.514302,45544.019919,45546.791594,2771.676,POST,/api/pipeline,True,,1620,40,200,4
1790489603.76883,1790489606.542609,45544.046123,45546.819902,2773.779,POST,/api/pipeline,True,,1621,41,200,4
1790489603.795196,1790489606.570184,45544.072489,45546.847477,2774.988,POST,/api/pipeline,True,,1622,42,200,4
1790489603.826433,1790489606.600182,45544.103726,45546.877475,2773.749,POST,/api/pipeline,True,,1622,43,200,4
1790489603.851127,1790489606.624388,45544.12842,45546.901681,2773.261,POST,/api/pipeline,True,,1621,44,200,4
1790489603.878735,1790489606.652721,45544.156028,45546.930014,2773.986,POST,/api/pipeline,True,,1622,45,200,4
1790489603.906142,1790489606.682671,45544.183434,45546.959963,2776.529,POST,/api/pipeline,True,,1621,46,200,4
1790489603.934692,1790489606.71205,45544.211985,45546.989343,2777.358,POST,/api/pipeline,True,,1622,47,200,4
1790489603.964057,1790489606.736889,45544.24135,45547.014181,2772.832,POST,/api/pipeline,True,,1621,48,200,4
1790489603.993383,1790489606.765742,45544.270676,45547.043035,2772.359,POST,/api/pipeline,True,,1621,49,200,4
1790489604.018955,1790489606.794925,45544.296247,45547.072218,2775.971,POST,/api/pipeline,True,,1622,50,200,4
1790489604.048246,1790489606.820274,45544.325539,45547.097567,2772.028,POST,/api/pipeline,True,,1620,51,200,4
1790489604.075878,1790489606.848511,45544.353171,45547.125804,2772.633,POST,/api/pipeline,True,,1622,52,200,4
1790489604.101579,1790489606.87422,45544.378872,45547.151513,2772.64,POST,/api/pipeline,True,,1622,53,200,4
1790489604.130587,1790489606.907503,45544.40788,45547.184795,2776.916,POST,/api/pipeline,True,,1622,54,200,4
1790489604.174285,1790489606.947418,45544.451578,45547.224711,2773.133,POST,/api/pipeline,True,,1622,55,200,4
1790489604.188146,1790489606.961994,45544.465439,45547.239287,2773.848,POST,/api/pipeline,True,,1622,56,200,4
1790489604.214556,1790489606.987693,45544.491849,45547.264986,2773.137,POST,/api/pipeline,True,,1621,57,200,4
1790489604.241548,1790489607.016474,45544.518841,45547.293767,2774.926,POST,/api/pipeline,True,,1620,58,200,4
1790489604.306971,1790489607.081676,45544.584264,45547.358969,2774.705,POST,/api/pipeline,True,,1620,59,200,4
1790489604.308668,1790489607.083413,45544.58596,45547.360706,2774.746,POST,/api/pipeline,True,,1622,60,200,4
1790489604.360993,1790489607.135975,45544.638286,45547.413268,2774.982,POST,/api/pipeline,True,,1622,62,200,4
1790489604.359368,1790489607.137542,45544.636661,45547.414835,2778.174,POST,/api/pipeline,True,,1622,61,200,4
1790489604.380105,1790489607.152792,45544.657398,45547.430085,2772.687,POST,/api/pipeline,True,,1622,63,200,4
1790489604.408058,1790489607.180892,45544.685351,45547.458185,2772.834,POST,/api/pipeline,True,,1622,64,200,4
1790489604.434093,1790489607.20636,45544.711386,45547.483653,2772.267,POST,/api/pipeline,True,,1622,65,200,4
1790489604.461663,1790489607.234401,45544.738956,45547.511695,2772.739,POST,/api/pipeline,True,,1621,66,200,4
1790489604.491064,1790489607.265112,45544.768356,45547.542405,2774.049,POST,/api/pipeline,True,,1622,67,200,4
1790489604.51821,1790489607.289582,45544.795503,45547.566875,2771.371,POST,/api/pipeline,True,,1622,68,200,4
1790489604.547804,1790489607.31934,45544.825097,45547.596633,2771.537,POST,/api/pipeline,True,,1622,69,200,4
1790489604.571187,1790489607.348056,45544.84848,45547.625349,2776.869,POST,/api/pipeline,True,,1622,70,200,4
1790489604.600836,1790489607.373925,45544.878129,45547.651218,2773.089,POST,/api/pipeline,True,,1620,71,200,4
1790489604.629902,1790489607.402313,45544.907195,45547.679605,2772.411,POST,/api/pipeline,True,,1619,72,200,4
1790489604.655249,1790489607.429076,45544.932542,45547.706369,2773.827,POST,/api/pipeline,True,,1621,73,200,4
1790489604.679289,1790489607.456278,45544.956581,45547.733571,2776.989,POST,/api/pipeline,True,,1621,74,200,4
1790489604.710754,1790489607.485736,45544.988046,45547.763028,2774.982,POST,/api/pipeline,True,,1622,75,200,4
1790489604.739965,1790489607.511643,45545.017258,45547.788936,2771.678,POST,/api/pipeline,True,,1621,76,200,4
1790489604.763359,1790489607.538155,45545.040651,45547.815447,2774.796,POST,/api/pipeline,True,,1621,77,200,4
1790489604.790895,1790489607.563699,45545.068188,45547.840991,2772.803,POST,/api/pipeline,True,,1622,78,200,4
1790489604.81688,1790489607.590201,45545.094173,45547.867493,2773.321,POST,/api/pipeline,True,,1622,79,200,4
1790489604.845111,1790489607.619439,45545.122404,45547.896732,2774.328,POST,/api/pipeline,True,,1622,80,200,4
1790489604.871947,1790489607.647645,45545.149239,45547.924938,2775.698,POST,/api/pipeline,True,,1622,81,200,4
1790489604.901194,1790489607.677384,45545.178486,45547.954677,2776.19,POST,/api/pipeline,True,,1620,82,200,4
1790489604.929975,1790489607.703152,45545.207267,45547.980445,2773.177,POST,/api/pipeline,True,,1621,83,200,4
1790489604.958943,1790489607.734683,45545.236236,45548.011976,2775.74,POST,/api/pipeline,True,,1621,84,200,4
1790489604.984227,1790489607.759955,45545.26152,45548.037248,2775.728,POST,/api/pipeline,True,,1621,85,200,4
1790489605.014063,1790489607.789226,45545.291356,45548.066519,2775.163,POST,/api/pipeline,True,,1622,86,200,4
1790489605.041761,1790489607.815323,45545.319054,45548.092616,2773.562,POST,/api/pipeline,True,,1622,87,200,4
1790489605.071157,1790489607.8437,45545.34845,45548.120993,2772.543,POST,/api/pipeline,True,,1621,88,200,4
1790489605.095674,1790489607.869328,45545.372967,45548.14662,2773.654,POST,/api/pipeline,True,,1622,89,200,4
1790489605.125391,1790489607.901043,45545.402683,45548.178336,2775.653,POST,/api/pipeline,True,,1622,90,200,4
1790489605.15319,1790489607.926237,45545.430484,45548.20353,2773.047,POST,/api/pipeline,True,,1622,91,200,4
1790489605.180254,1790489607.949636,45545.457547,45548.226929,2769.382,POST,/api/pipeline,True,,1622,92,200,4
1790489605.207336,1790489607.983534,45545.484629,45548.260827,2776.198,POST,/api/pipeline,True,,1620,93,200,4
1790489605.233439,1790489608.006644,45545.510732,45548.283937,2773.205,POST,/api/pipeline,True,,1622,94,200,4
1790489605.266649,1790489608.036979,45545.543942,45548.314272,2770.33,POST,/api/pipeline,True,,1622,95,200,4
1790489605.292154,1790489608.065409,45545.569447,45548.342702,2773.255,POST,/api/pipeline,True,,1620,96,200,4
1790489605.320558,1790489608.09082,45545.597851,45548.368113,2770.262,POST,/api/pipeline,True,,1621,97,200,4
1790489605.347265,1790489608.121851,45545.624558,45548.399144,2774.586,POST,/api/pipeline,True,,1621,98,200,4
1790489605.373215,1790489608.145676,45545.650508,45548.422969,2772.461,POST,/api/pipeline,True,,1622,99,200,4
1790489605.411984,1790489608.186051,45545.689277,45548.463344,2774.067,POST,/api/pipeline,True,,1622,0,200,4
1790489605.440895,1790489608.212247,45545.718188,45548.48954,2771.352,POST,/api/pipeline,True,,1622,1,200,4
1790489605.469866,1790489608.243217,45545.747159,45548.52051,2773.35,POST,/api/pipeline,True,,1622,2,200,4
1790489605.494117,1790489608.269571,45545.77141,45548.546864,2775.454,POST,/api/pipeline,True,,1622,3,200,4
1790489605.5235,1790489608.29702,45545.800793,45548.574313,2773.52,POST,/api/pipeline,True,,1621,4,200,4
1790489605.551111,1790489608.325009,45545.828404,45548.602302,2773.898,POST,/api/pipeline,True,,1621,5,200,4
1790489605.578018,1790489608.351433,45545.855311,45548.628726,2773.415,POST,/api/pipeline,True,,1622,6,200,4
1790489605.608127,1790489608.378097,45545.88542,45548.65539,2769.97,POST,/api/pipeline,True,,1621,7,200,4
1790489605.633617,1790489608.406497,45545.91091,45548.68379,2772.88,POST,/api/pipeline,True,,1621,8,200,4
1790489605.661716,1790489608.436063,45545.939008,45548.713356,2774.347,POST,/api/pipeline,True,,1622,9,200,4
1790489605.688507,1790489608.46425,45545.9658,45548.741543,2775.743,POST,/api/pipeline,True,,1622,10,200,4
1790489605.719337,1790489608.493106,45545.99663,45548.770399,2773.769,POST,/api/pipeline,True,,1621,11,200,4
1790489605.747231,1790489608.519379,45546.024524,45548.796672,2772.148,POST,/api/pipeline,True,,1621,12,200,4
1790489605.77318,1790489608.547301,45546.050472,45548.824594,2774.122,POST,/api/pipeline,True,,1622,13,200,4
1790489605.800789,1790489608.574541,45546.078082,45548.851834,2773.752,POST,/api/pipeline,True,,1622,14,200,4
1790489605.828717,1790489608.601265,45546.10601,45548.878558,2772.548,POST,/api/pipeline,True,,1620,15,200,4
1790489605.854379,1790489608.627726,45546.131672,45548.905019,2773.347,POST,/api/pipeline,True,,1621,16,200,4
1790489605.88362,1790489608.65511,45546.160913,45548.932403,2771.49,POST,/api/pipeline,True,,1622,17,200,4
1790489605.909591,1790489608.685803,45546.186884,45548.963096,2776.212,POST,/api/pipeline,True,,1621,18,200,4
1790489605.936737,1790489608.711283,45546.214029,45548.988576,2774.546,POST,/api/pipeline,True,,1622,19,200,4
1790489605.967819,1790489608.739854,45546.245112,45549.017147,2772.035,POST,/api/pipeline,True,,1622,20,200,4
1790489605.994307,1790489608.770157,45546.271599,45549.04745,2775.851,POST,/api/pipeline,True,,1620,21,200,4
1790489606.020913,1790489608.798292,45546.298206,45549.075585,2777.379,POST,/api/pipeline,True,,1620,22,200,4
1790489606.051624,1790489608.823702,45546.328917,45549.100995,2772.078,POST,/api/pipeline,True,,1621,23,200,4
1790489606.079055,1790489608.850239,45546.356348,45549.127532,2771.184,POST,/api/pipeline,True,,1622,24,200,4
1790489606.104393,1790489608.877776,45546.381686,45549.155068,2773.383,POST,/api/pipeline,True,,1621,25,200,4
1790489606.13216,1790489608.90677,45546.409453,45549.184062,2774.609,POST,/api/pipeline,True,,1622,26,200,4
1790489606.171399,1790489608.943501,45546.448692,45549.220794,2772.103,POST,/api/pipeline,True,,1622,27,200,4
1790489606.187495,1790489608.964736,45546.464788,45549.242029,2777.241,POST,/api/pipeline,True,,1622,28,200,4
1790489606.225433,1790489608.998175,45546.502726,45549.275468,2772.742,POST,/api/pipeline,True,,1622,29,200,4
1790489606.245602,1790489609.019414,45546.522895,45549.296707,2773.812,POST,/api/pipeline,True,,1621,30,200,4
1790489606.269835,1790489609.045125,45546.547128,45549.322417,2775.289,POST,/api/pipeline,True,,1622,31,200,4
1790489606.297927,1790489609.073135,45546.57522,45549.350428,2775.208,POST,/api/pipeline,True,,1622,32,200,4
1790489606.325016,1790489609.099123,45546.602309,45549.376416,2774.107,POST,/api/pipeline,True,,1621,33,200,4
1790489606.353921,1790489609.126001,45546.631214,45549.403294,2772.08,POST,/api/pipeline,True,,1621,34,200,4
1790489606.379156,1790489609.157795,45546.656449,45549.435088,2778.639,POST,/api/pipeline,True,,1620,35,200,4
1790489606.435692,1790489609.210175,45546.712985,45549.487468,2774.483,POST,/api/pipeline,True,,1621,36,200,4
1790489606.437395,1790489609.211988,45546.714687,45549.489281,2774.594,POST,/api/pipeline,True,,1622,37,200,4
1790489606.461629,1790489609.234339,45546.738922,45549.511633,2772.71,POST,/api/pipeline,True,,1622,38,200,4
1790489606.487783,1790489609.260896,45546.765076,45549.538189,2773.113,POST,/api/pipeline,True,,1622,39,200,4
1790489606.514526,1790489609.288878,45546.791819,45549.566171,2774.352,POST,/api/pipeline,True,,1620,40,200,4
1790489606.542889,1790489609.316698,45546.820182,45549.593991,2773.809,POST,/api/pipeline,True,,1622,41,200,4
1790489606.570488,1790489609.343357,45546.847781,45549.62065,2772.869,POST,/api/pipeline,True,,1622,42,200,4
1790489606.600401,1790489609.374262,45546.877694,45549.651555,2773.861,POST,/api/pipeline,True,,1619,43,200,4
1790489606.624617,1790489609.401044,45546.90191,45549.678336,2776.427,POST,/api/pipeline,True,,1622,44,200,4
1790489606.65296,1790489609.430114,45546.930253,45549.707407,2777.154,POST,/api/pipeline,True,,1622,45,200,4
1790489606.683005,1790489609.455988,45546.960298,45549.733281,2772.983,POST,/api/pipeline,True,,1621,46,200,4
1790489606.712293,1790489609.484579,45546.989586,45549.761871,2772.285,POST,/api/pipeline,True,,1622,47,200,4
1790489606.737126,1790489609.51354,45547.014419,45549.790833,2776.414,POST,/api/pipeline,True,,1620,48,200,4
1790489606.766072,1790489609.538822,45547.043364,45549.816115,2772.751,POST,/api/pipeline,True,,1620,49,200,4
1790489606.795159,1790489609.567521,45547.072452,45549.844814,2772.362,POST,/api/pipeline,True,,1622,50,200,4
1790489606.820524,1790489609.592764,45547.097817,45549.870057,2772.241,POST,/api/pipeline,True,,1622,51,200,4
1790489606.84876,1790489609.625415,45547.126053,45549.902708,2776.655,POST,/api/pipeline,True,,1621,52,200,4
1790489606.874441,1790489609.649618,45547.151734,45549.926911,2775.177,POST,/api/pipeline,True,,1622,53,200,4
1790489606.907785,1790489609.685858,45547.185078,45549.963151,2778.074,POST,/api/pipeline,True,,1622,54,200,4
1790489606.947662,1790489609.71974,45547.224955,45549.997033,2772.077,POST,/api/pipeline,True,,1621,55,200,4
1790489606.962215,1790489609.733992,45547.239508,45550.011285,2771.777,POST,/api/pipeline,True,,1622,56,200,4
1790489606.988,1790489609.76058,45547.265293,45550.037873,2772.58,POST,/api/pipeline,True,,1622,57,200,4
1790489607.016716,1790489609.790252,45547.294009,45550.067545,2773.536,POST,/api/pipeline,True,,1620,58,200,4
1790489607.081895,1790489609.857532,45547.359188,45550.134825,2775.637,POST,/api/pipeline,True,,1622,59,200,4
1790489607.08359,1790489609.859815,45547.360882,45550.137108,2776.225,POST,/api/pipeline,True,,1621,60,200,4
1790489607.136205,1790489609.913409,45547.413498,45550.190702,2777.204,POST,/api/pipeline,True,,1620,62,200,4
1790489607.137713,1790489609.914833,45547.415006,45550.192125,2777.12,POST,/api/pipeline,True,,1619,61,200,4
1790489607.153003,1790489609.922913,45547.430295,45550.200206,2769.911,POST,/api/pipeline,True,,1622,63,200,4
1790489607.181134,1790489609.9534,45547.458427,45550.230693,2772.266,POST,/api/pipeline,True,,1621,64,200,4
1790489607.206595,1790489609.980738,45547.483888,45550.258031,2774.143,POST,/api/pipeline,True,,1620,65,200,4
1790489607.234623,1790489610.007044,45547.511916,45550.284337,2772.421,POST,/api/pipeline,True,,1621,66,200,4
1790489607.265332,1790489610.036866,45547.542625,45550.314159,2771.534,POST,/api/pipeline,True,,1621,67,200,4
1790489607.289814,1790489610.065843,45547.567107,45550.343136,2776.029,POST,/api/pipeline,True,,1621,68,200,4
1790489607.319571,1790489610.094426,45547.596864,45550.371719,2774.855,POST,/api/pipeline,True,,1621,69,200,4
1790489607.348306,1790489610.120537,45547.625599,45550.39783,2772.231,POST,/api/pipeline,True,,1622,70,200,4
1790489607.374202,1790489610.148655,45547.651495,45550.425948,2774.453,POST,/api/pipeline,True,,1622,71,200,4
1790489607.402545,1790489610.172929,45547.679838,45550.450221,2770.384,POST,/api/pipeline,True,,1622,72,200,4
1790489607.429299,1790489610.208504,45547.706592,45550.485797,2779.205,POST,/api/pipeline,True,,1622,73,200,4
1790489607.456522,1790489610.233793,45547.733815,45550.511086,2777.271,POST,/api/pipeline,True,,1622,74,200,4
1790489607.486,1790489610.26026,45547.763293,45550.537553,2774.26,POST,/api/pipeline,True,,1622,75,200,4
1790489607.511881,1790489610.283622,45547.789174,45550.560915,2771.741,POST,/api/pipeline,True,,1622,76,200,4
1790489607.538406,1790489610.311044,45547.815699,45550.588337,2772.638,POST,/api/pipeline,True,,1622,77,200,4
1790489607.563911,1790489610.338252,45547.841203,45550.615544,2774.341,POST,/api/pipeline,True,,1622,78,200,4
1790489607.590431,1790489610.365404,45547.867724,45550.642697,2774.973,POST,/api/pipeline,True,,1621,79,200,4
1790489607.61969,1790489610.396304,45547.896983,45550.673597,2776.614,POST,/api/pipeline,True,,1622,80,200,4
1790489607.647866,1790489610.423541,45547.925159,45550.700833,2775.675,POST,/api/pipeline,True,,1620,81,200,4
1790489607.677621,1790489610.450958,45547.954914,45550.728252,2773.338,POST,/api/pipeline,True,,1621,82,200,4
1790489607.703399,1790489610.47644,45547.980692,45550.753733,2773.041,POST,/api/pipeline,True,,1621,83,200,4
1790489607.735015,1790489610.50945,45548.012308,45550.786743,2774.435,POST,/api/pipeline,True,,1622,84,200,4
1790489607.760179,1790489610.534943,45548.037472,45550.812236,2774.764,POST,/api/pipeline,True,,1622,85,200,4
1790489607.789471,1790489610.562628,45548.066764,45550.839921,2773.157,POST,/api/pipeline,True,,1622,86,200,4
1790489607.815634,1790489610.588391,45548.092927,45550.865684,2772.757,POST,/api/pipeline,True,,1621,87,200,4
1790489607.843931,1790489610.617721,45548.121224,45550.895014,2773.79,POST,/api/pipeline,True,,1620,88,200,4
1790489607.869565,1790489610.642703,45548.146858,45550.919996,2773.139,POST,/api/pipeline,True,,1622,89,200,4
1790489607.901278,1790489610.671047,45548.178571,45550.94834,2769.769,POST,/api/pipeline,True,,1621,90,200,4
1790489607.926446,1790489610.700672,45548.203739,45550.977965,2774.226,POST,/api/pipeline,True,,1622,91,200,4
1790489607.949838,1790489610.720895,45548.227131,45550.998188,2771.057,POST,/api/pipeline,True,,1622,92,200,4
1790489607.983757,1790489610.755391,45548.26105,45551.032684,2771.634,POST,/api/pipeline,True,,1622,93,200,4
1790489608.006958,1790489610.781412,45548.28425,45551.058705,2774.454,POST,/api/pipeline,True,,1622,94,200,4
1790489608.037177,1790489610.809003,45548.31447,45551.086296,2771.826,POST,/api/pipeline,True,,1621,95,200,4
1790489608.065663,1790489610.839857,45548.342956,45551.11715,2774.194,POST,/api/pipeline,True,,1621,96,200,4
1790489608.091038,1790489610.864372,45548.368331,45551.141664,2773.334,POST,/api/pipeline,True,,1622,97,200,4
1790489608.12207,1790489610.897522,45548.399363,45551.174815,2775.452,POST,/api/pipeline,True,,1622,98,200,4
1790489608.145902,1790489610.918202,45548.423195,45551.195495,2772.3,POST,/api/pipeline,True,,1622,99,200,4
1790489608.186286,1790489610.958209,45548.463579,45551.235502,2771.923,POST,/api/pipeline,True,,1622,0,200,4
1790489608.212479,1790489610.986114,45548.489772,45551.263407,2773.635,POST,/api/pipeline,True,,1622,1,200,4
1790489608.243458,1790489611.018126,45548.520751,45551.295419,2774.668,POST,/api/pipeline,True,,1621,2,200,4
1790489608.269799,1790489611.044055,45548.547092,45551.321348,2774.256,POST,/api/pipeline,True,,1622,3,200,4
1790489608.297268,1790489611.070274,45548.57456,45551.347567,2773.006,POST,/api/pipeline,True,,1621,4,200,4
1790489608.325261,1790489611.09719,45548.602554,45551.374483,2771.929,POST,/api/pipeline,True,,1620,5,200,4
1790489608.351661,1790489611.125531,45548.628954,45551.402824,2773.87,POST,/api/pipeline,True,,1621,6,200,4
1790489608.3783,1790489611.152422,45548.655593,45551.429715,2774.122,POST,/api/pipeline,True,,1622,7,200,4
1790489608.406731,1790489611.18058,45548.684024,45551.457873,2773.849,POST,/api/pipeline,True,,1620,8,200,4
1790489608.436292,1790489611.2098,45548.713585,45551.487092,2773.507,POST,/api/pipeline,True,,1620,9,200,4
1790489608.464472,1790489611.239122,45548.741765,45551.516415,2774.649,POST,/api/pipeline,True,,1621,10,200,4
1790489608.493333,1790489611.268409,45548.770626,45551.545702,2775.075,POST,/api/pipeline,True,,1619,11,200,4
1790489608.519627,1790489611.293727,45548.79692,45551.57102,2774.1,POST,/api/pipeline,True,,1622,12,200,4
1790489608.547584,1790489611.319035,45548.824877,45551.596328,2771.451,POST,/api/pipeline,True,,1621,13,200,4
1790489608.574779,1790489611.347003,45548.852072,45551.624296,2772.224,POST,/api/pipeline,True,,1622,14,200,4
1790489608.601494,1790489611.374012,45548.878786,45551.651305,2772.519,POST,/api/pipeline,True,,1621,15,200,4
1790489608.627956,1790489611.405377,45548.905249,45551.68267,2777.42,POST,/api/pipeline,True,,1622,16,200,4
1790489608.65535,1790489611.433578,45548.932643,45551.710871,2778.228,POST,/api/pipeline,True,,1621,17,200,4
1790489608.686043,1790489611.457895,45548.963335,45551.735188,2771.852,POST,/api/pipeline,True,,1622,18,200,4
1790489608.711533,1790489611.487408,45548.988826,45551.764701,2775.875,POST,/api/pipeline,True,,1622,19,200,4
1790489608.740091,1790489611.518051,45549.017384,45551.795344,2777.961,POST,/api/pipeline,True,,1622,20,200,4
1790489608.770403,1790489611.541881,45549.047695,45551.819174,2771.478,POST,/api/pipeline,True,,1621,21,200,4
1790489608.798535,1790489611.570637,45549.075828,45551.84793,2772.102,POST,/api/pipeline,True,,1622,22,200,4
1790489608.823958,1790489611.600502,45549.101251,45551.877795,2776.545,POST,/api/pipeline,True,,1621,23,200,4
1790489608.850481,1790489611.625472,45549.127774,45551.902765,2774.991,POST,/api/pipeline,True,,1621,24,200,4
1790489608.878196,1790489611.650943,45549.155489,45551.928235,2772.746,POST,/api/pipeline,True,,1620,25,200,4
1790489608.907029,1790489611.683592,45549.184321,45551.960884,2776.563,POST,/api/pipeline,True,,1621,26,200,4
1790489608.943735,1790489611.715821,45549.221028,45551.993113,2772.086,POST,/api/pipeline,True,,1622,27,200,4
1790489608.964962,1790489611.737834,45549.242255,45552.015127,2772.872,POST,/api/pipeline,True,,1622,28,200,4
1790489608.998435,1790489611.773144,45549.275727,45552.050436,2774.709,POST,/api/pipeline,True,,1621,29,200,4
1790489609.019677,1790489611.791901,45549.29697,45552.069194,2772.224,POST,/api/pipeline,True,,1622,30,200,4
1790489609.045361,1790489611.818163,45549.322654,45552.095456,2772.802,POST,/api/pipeline,True,,1622,31,200,4
1790489609.073378,1790489611.844849,45549.350671,45552.122142,2771.471,POST,/api/pipeline,True,,1620,32,200,4
1790489609.099386,1790489611.875913,45549.376679,45552.153206,2776.526,POST,/api/pipeline,True,,1622,33,200,4
1790489609.126224,1790489611.903248,45549.403517,45552.180541,2777.025,POST,/api/pipeline,True,,1621,34,200,4
1790489609.158043,1790489611.931165,45549.435336,45552.208458,2773.122,POST,/api/pipeline,True,,1622,35,200,4
1790489609.212173,1790489611.984614,45549.489465,45552.261907,2772.441,POST,/api/pipeline,True,,1622,37,200,4
1790489609.210382,1790489611.985984,45549.487675,45552.263277,2775.602,POST,/api/pipeline,True,,1622,36,200,4
1790489609.234657,1790489612.006818,45549.51195,45552.284111,2772.16,POST,/api/pipeline,True,,1622,38,200,4
1790489609.261108,1790489612.034333,45549.538401,45552.311626,2773.225,POST,/api/pipeline,True,,1622,39,200,4
1790489609.289097,1790489612.060276,45549.56639,45552.337569,2771.179,POST,/api/pipeline,True,,1622,40,200,4
1790489609.316936,1790489612.091615,45549.594229,45552.368908,2774.678,POST,/api/pipeline,True,,1619,41,200,4
1790489609.343601,1790489612.117248,45549.620893,45552.394541,2773.647,POST,/api/pipeline,True,,1621,42,200,4
1790489609.374483,1790489612.150511,45549.651776,45552.427804,2776.028,POST,/api/pipeline,True,,1622,43,200,4
1790489609.401277,1790489612.175121,45549.67857,45552.452413,2773.843,POST,/api/pipeline,True,,1620,44,200,4
1790489609.430363,1790489612.203543,45549.707657,45552.480836,2773.179,POST,/api/pipeline,True,,1622,45,200,4
1790489609.456226,1790489612.232293,45549.733519,45552.509585,2776.067,POST,/api/pipeline,True,,1621,46,200,4
1790489609.484812,1790489612.256243,45549.762105,45552.533536,2771.431,POST,/api/pipeline,True,,1622,47,200,4
1790489609.513784,1790489612.286495,45549.791077,45552.563788,2772.711,POST,/api/pipeline,True,,1622,48,200,4
1790489609.539102,1790489612.313779,45549.816395,45552.591072,2774.677,POST,/api/pipeline,True,,1622,49,200,4
1790489609.56776,1790489612.344771,45549.845053,45552.622064,2777.011,POST,/api/pipeline,True,,1622,50,200,4
1790489609.592999,1790489612.367092,45549.870292,45552.644385,2774.094,POST,/api/pipeline,True,,1619,51,200,4
1790489609.625665,1790489612.402998,45549.902958,45552.680291,2777.333,POST,/api/pipeline,True,,1622,52,200,4
1790489609.649829,1790489612.424571,45549.927122,45552.701864,2774.742,POST,/api/pipeline,True,,1622,53,200,4
1790489609.686108,1790489612.460725,45549.963401,45552.738018,2774.617,POST,/api/pipeline,True,,1622,54,200,4
1790489609.71999,1790489612.492363,45549.997282,45552.769656,2772.373,POST,/api/pipeline,True,,1622,55,200,4
1790489609.734216,1790489612.507227,45550.011509,45552.784519,2773.011,POST,/api/pipeline,True,,1621,56,200,4
1790489609.760818,1790489612.534007,45550.038111,45552.8113,2773.189,POST,/api/pipeline,True,,1620,57,200,4
1790489609.790467,1790489612.565062,45550.06776,45552.842355,2774.595,POST,/api/pipeline,True,,1621,58,200,4
1790489609.857759,1790489612.63701,45550.135052,45552.914303,2779.251,POST,/api/pipeline,True,,1621,59,200,4
1790489609.86003,1790489612.638347,45550.137323,45552.91564,2778.317,POST,/api/pipeline,True,,1621,60,200,4
1790489609.913692,1790489612.695136,45550.190985,45552.972429,2781.444,POST,/api/pipeline,True,,1621,62,200,4
1790489609.915406,1790489612.69687,45550.192699,45552.974163,2781.464,POST,/api/pipeline,True,,1619,61,200,4
1790489609.92311,1790489612.701135,45550.200403,45552.978428,2778.025,POST,/api/pipeline,True,,1622,63,200,4
1790489609.953647,1790489612.72711,45550.23094,45553.004403,2773.463,POST,/api/pipeline,True,,1621,64,200,4
1790489609.980966,1790489612.752333,45550.258259,45553.029626,2771.367,POST,/api/pipeline,True,,1622,65,200,4
1790489610.007286,1790489612.7822,45550.284579,45553.059493,2774.913,POST,/api/pipeline,True,,1622,66,200,4
1790489610.037059,1790489612.810563,45550.314352,45553.087856,2773.504,POST,/api/pipeline,True,,1621,67,200,4
1790489610.06607,1790489612.841264,45550.343363,45553.118557,2775.194,POST,/api/pipeline,True,,1621,68,200,4
1790489610.094658,1790489612.870258,45550.371951,45553.147551,2775.599,POST,/api/pipeline,True,,1622,69,200,4
1790489610.1208,1790489612.892155,45550.398093,45553.169448,2771.355,POST,/api/pipeline,True,,1621,70,200,4
1790489610.148906,1790489612.924209,45550.426199,45553.201502,2775.303,POST,/api/pipeline,True,,1621,71,200,4
1790489610.17313,1790489612.951482,45550.450423,45553.228775,2778.353,POST,/api/pipeline,True,,1622,72,200,4
1790489610.208714,1790489612.981492,45550.486007,45553.258785,2772.778,POST,/api/pipeline,True,,1622,73,200,4
1790489610.234024,1790489613.00894,45550.511317,45553.286233,2774.916,POST,/api/pipeline,True,,1622,74,200,4
1790489610.2605,1790489613.035096,45550.537793,45553.312389,2774.597,POST,/api/pipeline,True,,1620,75,200,4
1790489610.283847,1790489613.055717,45550.56114,45553.33301,2771.87,POST,/api/pipeline,True,,1622,76,200,4
1790489610.311301,1790489613.084224,45550.588594,45553.361517,2772.923,POST,/api/pipeline,True,,1620,77,200,4
1790489610.338488,1790489613.113451,45550.615781,45553.390744,2774.963,POST,/api/pipeline,True,,1622,78,200,4
1790489610.365644,1790489613.143649,45550.642937,45553.420941,2778.004,POST,/api/pipeline,True,,1622,79,200,4
1790489610.396553,1790489613.169284,45550.673846,45553.446577,2772.731,POST,/api/pipeline,True,,1622,80,200,4
1790489610.423773,1790489613.195131,45550.701066,45553.472424,2771.358,POST,/api/pipeline,True,,1622,81,200,4
1790489610.45119,1790489613.227152,45550.728483,45553.504444,2775.961,POST,/api/pipeline,True,,1621,82,200,4
1790489610.47666,1790489613.250978,45550.753953,45553.528271,2774.318,POST,/api/pipeline,True,,1621,83,200,4
1790489610.509679,1790489613.280794,45550.786972,45553.558087,2771.115,POST,/api/pipeline,True,,1621,84,200,4
1790489610.535175,1790489613.307672,45550.812468,45553.584965,2772.496,POST,/api/pipeline,True,,1622,85,200,4
1790489610.56295,1790489613.335992,45550.840242,45553.613285,2773.042,POST,/api/pipeline,True,,1620,86,200,4
1790489610.588634,1790489613.361523,45550.865927,45553.638816,2772.889,POST,/api/pipeline,True,,1621,87,200,4
1790489610.617968,1790489613.389563,45550.895261,45553.666856,2771.594,POST,/api/pipeline,True,,1621,88,200,4
1790489610.643047,1790489613.416807,45550.92034,45553.6941,2773.76,POST,/api/pipeline,True,,1622,89,200,4
1790489610.671297,1790489613.444745,45550.94859,45553.722037,2773.448,POST,/api/pipeline,True,,1621,90,200,4
1790489610.700888,1790489613.475109,45550.978181,45553.752402,2774.222,POST,/api/pipeline,True,,1620,91,200,4
1790489610.721129,1790489613.498944,45550.998422,45553.776237,2777.815,POST,/api/pipeline,True,,1621,92,200,4
1790489610.755632,1790489613.527462,45551.032924,45553.804755,2771.83,POST,/api/pipeline,True,,1622,93,200,4
1790489610.781663,1790489613.558042,45551.058956,45553.835335,2776.38,POST,/api/pipeline,True,,1622,94,200,4
1790489610.809238,1790489613.583274,45551.086531,45553.860567,2774.036,POST,/api/pipeline,True,,1622,95,200,4
1790489610.840086,1790489613.6167,45551.117379,45553.893993,2776.614,POST,/api/pipeline,True,,1622,96,200,4
1790489610.864616,1790489613.637132,45551.141909,45553.914425,2772.516,POST,/api/pipeline,True,,1620,97,200,4
1790489610.89776,1790489613.67174,45551.175053,45553.949032,2773.98,POST,/api/pipeline,True,,1622,98,200,4
1790489610.918446,1790489613.69305,45551.195739,45553.970342,2774.603,POST,/api/pipeline,True,,1622,99,200,4
1790489610.95843,1790489613.732392,45551.235723,45554.009685,2773.962,POST,/api/pipeline,True,,1622,0,200,4
1790489610.986337,1790489613.76107,45551.26363,45554.038362,2774.732,POST,/api/pipeline,True,,1622,1,200,4
1790489611.018399,1790489613.789839,45551.295692,45554.067132,2771.439,POST,/api/pipeline,True,,1622,2,200,4
1790489611.044275,1790489613.817974,45551.321568,45554.095267,2773.699,POST,/api/pipeline,True,,1620,3,200,4
1790489611.070575,1790489613.84459,45551.347868,45554.121883,2774.015,POST,/api/pipeline,True,,1622,4,200,4
1790489611.097428,1790489613.87146,45551.374721,45554.148753,2774.032,POST,/api/pipeline,True,,1619,5,200,4
1790489611.125777,1790489613.899685,45551.40307,45554.176978,2773.907,POST,/api/pipeline,True,,1622,6,200,4
1790489611.152703,1790489613.926902,45551.429996,45554.204195,2774.199,POST,/api/pipeline,True,,1620,7,200,4
1790489611.180829,1790489613.957203,45551.458122,45554.234496,2776.374,POST,/api/pipeline,True,,1622,8,200,4
1790489611.210026,1790489613.985508,45551.487319,45554.262801,2775.483,POST,/api/pipeline,True,,1622,9,200,4
1790489611.239344,1790489614.012156,45551.516636,45554.289449,2772.812,POST,/api/pipeline,True,,1622,10,200,4
1790489611.268628,1790489614.043696,45551.545921,45554.320989,2775.068,POST,/api/pipeline,True,,1621,11,200,4
1790489611.293964,1790489614.066163,45551.571257,45554.343456,2772.199,POST,/api/pipeline,True,,1622,12,200,4
1790489611.319263,1790489614.092433,45551.596556,45554.369726,2773.169,POST,/api/pipeline,True,,1622,13,200,4
1790489611.347218,1790489614.124548,45551.624511,45554.401841,2777.33,POST,/api/pipeline,True,,1621,14,200,4
1790489611.374258,1790489614.151337,45551.65155,45554.42863,2777.079,POST,/api/pipeline,True,,1622,15,200,4
1790489611.405617,1790489614.177725,45551.682909,45554.455018,2772.108,POST,/api/pipeline,True,,1622,16,200,4
1790489611.433815,1790489614.206115,45551.711108,45554.483408,2772.3,POST,/api/pipeline,True,,1622,17,200,4
1790489611.458133,1790489614.239292,45551.735427,45554.516585,2781.159,POST,/api/pipeline,True,,1621,18,200,4
1790489611.48765,1790489614.260846,45551.764943,45554.538139,2773.196,POST,/api/pipeline,True,,1622,19,200,4
1790489611.518289,1790489614.291368,45551.795582,45554.568661,2773.079,POST,/api/pipeline,True,,1621,20,200,4
1790489611.542125,1790489614.320703,45551.819418,45554.597996,2778.578,POST,/api/pipeline,True,,1620,21,200,4
1790489611.57104,1790489614.342943,45551.848333,45554.620236,2771.903,POST,/api/pipeline,True,,1621,22,200,4
1790489611.600718,1790489614.372312,45551.878011,45554.649605,2771.593,POST,/api/pipeline,True,,1622,23,200,4
1790489611.625699,1790489614.402328,45551.902991,45554.679621,2776.629,POST,/api/pipeline,True,,1622,24,200,4
1790489611.651188,1790489614.425403,45551.928481,45554.702695,2774.214,POST,/api/pipeline,True,,1622,25,200,4
1790489611.683836,1790489614.456534,45551.961128,45554.733827,2772.698,POST,/api/pipeline,True,,1622,26,200,4
1790489611.716052,1790489614.490022,45551.993345,45554.767315,2773.97,POST,/api/pipeline,True,,1622,27,200,4
1790489611.738064,1790489614.50992,45552.015356,45554.787213,2771.857,POST,/api/pipeline,True,,1622,28,200,4
1790489611.773381,1790489614.547493,45552.050674,45554.824786,2774.113,POST,/api/pipeline,True,,1620,29,200,4
1790489611.792151,1790489614.563109,45552.069444,45554.840402,2770.958,POST,/api/pipeline,True,,1622,30,200,4
1790489611.818395,1790489614.592848,45552.095688,45554.87014,2774.453,POST,/api/pipeline,True,,1620,31,200,4
1790489611.845092,1790489614.621823,45552.122384,45554.899115,2776.731,POST,/api/pipeline,True,,1622,32,200,4
1790489611.876138,1790489614.653714,45552.15343,45554.931007,2777.576,POST,/api/pipeline,True,,1622,33,200,4
1790489611.903512,1790489614.675238,45552.180805,45554.952531,2771.726,POST,/api/pipeline,True,,1621,34,200,4
1790489611.931416,1790489614.704691,45552.208709,45554.981984,2773.275,POST,/api/pipeline,True,,1621,35,200,4
1790489611.984839,1790489614.759315,45552.262132,45555.036608,2774.476,POST,/api/pipeline,True,,1622,37,200,4
1790489611.986173,1790489614.761719,45552.263466,45555.039012,2775.546,POST,/api/pipeline,True,,1620,36,200,4
1790489612.007081,1790489614.778977,45552.284374,45555.05627,2771.896,POST,/api/pipeline,True,,1621,38,200,4
1790489612.03452,1790489614.807619,45552.311813,45555.084911,2773.099,POST,/api/pipeline,True,,1621,39,200,4
1790489612.060501,1790489614.832579,45552.337794,45555.109872,2772.078,POST,/api/pipeline,True,,1622,40,200,4
1790489612.091825,1790489614.86596,45552.369118,45555.143253,2774.135,POST,/api/pipeline,True,,1622,41,200,4
1790489612.117469,1790489614.894042,45552.394762,45555.171335,2776.573,POST,/api/pipeline,True,,1622,42,200,4
1790489612.150747,1790489614.923799,45552.42804,45555.201092,2773.052,POST,/api/pipeline,True,,1622,43,200,4
1790489612.175346,1790489614.949371,45552.452639,45555.226664,2774.025,POST,/api/pipeline,True,,1622,44,200,4
1790489612.203855,1790489614.974836,45552.481148,45555.252129,2770.981,POST,/api/pipeline,True,,1621,45,200,4
1790489612.232539,1790489615.004642,45552.509832,45555.281935,2772.103,POST,/api/pipeline,True,,1620,46,200,4
1790489612.256465,1790489615.043239,45552.533758,45555.320532,2786.775,POST,/api/pipeline,True,,1622,47,200,4
1790489612.286747,1790489615.062844,45552.56404,45555.340137,2776.096,POST,/api/pipeline,True,,1622,48,200,4
1790489612.314008,1790489615.085706,45552.591301,45555.362998,2771.698,POST,/api/pipeline,True,,1622,49,200,4
1790489612.345009,1790489615.121831,45552.622301,45555.399124,2776.822,POST,/api/pipeline,True,,1622,50,200,4
1790489612.367317,1790489615.142342,45552.64461,45555.419635,2775.025,POST,/api/pipeline,True,,1621,51,200,4
1790489612.403241,1790489615.180099,45552.680534,45555.457392,2776.858,POST,/api/pipeline,True,,1620,52,200,4
1790489612.424809,1790489615.201416,45552.702102,45555.478708,2776.607,POST,/api/pipeline,True,,1622,53,200,4
1790489612.460949,1790489615.2338,45552.738242,45555.511093,2772.851,POST,/api/pipeline,True,,1622,54,200,4
1790489612.492616,1790489615.265804,45552.769909,45555.543097,2773.188,POST,/api/pipeline,True,,1621,55,200,4
1790489612.507463,1790489615.281449,45552.784756,45555.558742,2773.986,POST,/api/pipeline,True,,1622,56,200,4
1790489612.534253,1790489615.308874,45552.811546,45555.586167,2774.621,POST,/api/pipeline,True,,1622,57,200,4
1790489612.565285,1790489615.340573,45552.842578,45555.617866,2775.288,POST,/api/pipeline,True,,1622,58,200,4
1790489612.637235,1790489615.416886,45552.914528,45555.694179,2779.651,POST,/api/pipeline,True,,1622,59,200,4
1790489612.63905,1790489615.418426,45552.916343,45555.695719,2779.376,POST,/api/pipeline,True,,1622,60,200,4
1790489612.695369,1790489615.482238,45552.972662,45555.759531,2786.87,POST,/api/pipeline,True,,1622,62,200,4
1790489612.69705,1790489615.483562,45552.974343,45555.760855,2786.512,POST,/api/pipeline,True,,1621,61,200,4
1790489612.701433,1790489615.486822,45552.978726,45555.764115,2785.389,POST,/api/pipeline,True,,1622,63,200,4
1790489612.727364,1790489615.499934,45553.004657,45555.777227,2772.57,POST,/api/pipeline,True,,1622,64,200,4
1790489612.752556,1790489615.529438,45553.029848,45555.806731,2776.882,POST,/api/pipeline,True,,1622,65,200,4
1790489612.782426,1790489615.557924,45553.059719,45555.835216,2775.498,POST,/api/pipeline,True,,1618,66,200,4
1790489612.810855,1790489615.588256,45553.088148,45555.865549,2777.401,POST,/api/pipeline,True,,1622,67,200,4
1790489612.841505,1790489615.615502,45553.118798,45555.892794,2773.997,POST,/api/pipeline,True,,1621,68,200,4
1790489612.870497,1790489615.642525,45553.14779,45555.919817,2772.028,POST,/api/pipeline,True,,1620,69,200,4
1790489612.892395,1790489615.668701,45553.169688,45555.945994,2776.306,POST,/api/pipeline,True,,1622,70,200,4
1790489612.924464,1790489615.699156,45553.201757,45555.976448,2774.692,POST,/api/pipeline,True,,1621,71,200,4
1790489612.951733,1790489615.727832,45553.229025,45556.005125,2776.1,POST,/api/pipeline,True,,1620,72,200,4
1790489612.981711,1790489615.753287,45553.259004,45556.03058,2771.576,POST,/api/pipeline,True,,1620,73,200,4
1790489613.009208,1790489615.781798,45553.286501,45556.059091,2772.59,POST,/api/pipeline,True,,1622,74,200,4
1790489613.035333,1790489615.807531,45553.312626,45556.084824,2772.199,POST,/api/pipeline,True,,1621,75,200,4
1790489613.05595,1790489615.83055,45553.333243,45556.107843,2774.599,POST,/api/pipeline,True,,1622,76,200,4
1790489613.084479,1790489615.859327,45553.361772,45556.13662,2774.848,POST,/api/pipeline,True,,1622,77,200,4
1790489613.113678,1790489615.889046,45553.390971,45556.166339,2775.368,POST,/api/pipeline,True,,1621,78,200,4
1790489613.14386,1790489615.915871,45553.421153,45556.193164,2772.011,POST,/api/pipeline,True,,1622,79,200,4
1790489613.169526,1790489615.947923,45553.446819,45556.225215,2778.397,POST,/api/pipeline,True,,1621,80,200,4
1790489613.195375,1790489615.969214,45553.472668,45556.246507,2773.839,POST,/api/pipeline,True,,1622,81,200,4
1790489613.227381,1790489615.999937,45553.504674,45556.277229,2772.556,POST,/api/pipeline,True,,1622,82,200,4
1790489613.251208,1790489616.024927,45553.528501,45556.30222,2773.72,POST,/api/pipeline,True,,1621,83,200,4
1790489613.281036,1790489616.055402,45553.558329,45556.332695,2774.365,POST,/api/pipeline,True,,1622,84,200,4
1790489613.307889,1790489616.083275,45553.585182,45556.360568,2775.385,POST,/api/pipeline,True,,1621,85,200,4
1790489613.336221,1790489616.10815,45553.613514,45556.385443,2771.929,POST,/api/pipeline,True,,1618,86,200,4
1790489613.361965,1790489616.134699,45553.639258,45556.411992,2772.734,POST,/api/pipeline,True,,1620,87,200,4
1790489613.3898,1790489616.164182,45553.667093,45556.441475,2774.382,POST,/api/pipeline,True,,1622,88,200,4
1790489613.41705,1790489616.191336,45553.694343,45556.468629,2774.286,POST,/api/pipeline,True,,1621,89,200,4
1790489613.444993,1790489616.217616,45553.722286,45556.494909,2772.623,POST,/api/pipeline,True,,1622,90,200,4
1790489613.475338,1790489616.248819,45553.752631,45556.526112,2773.482,POST,/api/pipeline,True,,1622,91,200,4
1790489613.499192,1790489616.275419,45553.776484,45556.552712,2776.228,POST,/api/pipeline,True,,1622,92,200,4
1790489613.527711,1790489616.302975,45553.805004,45556.580268,2775.264,POST,/api/pipeline,True,,1622,93,200,4
1790489613.558287,1790489616.333675,45553.83558,45556.610968,2775.387,POST,/api/pipeline,True,,1622,94,200,4
1790489613.583508,1790489616.356851,45553.8608,45556.634144,2773.344,POST,/api/pipeline,True,,1622,95,200,4
1790489613.616921,1790489616.390691,45553.894214,45556.667984,2773.77,POST,/api/pipeline,True,,1620,96,200,4
1790489613.637419,1790489616.410819,45553.914712,45556.688112,2773.4,POST,/api/pipeline,True,,1622,97,200,4
1790489613.672001,1790489616.449473,45553.949294,45556.726766,2777.472,POST,/api/pipeline,True,,1622,98,200,4
1790489613.69332,1790489616.466269,45553.970613,45556.743562,2772.949,POST,/api/pipeline,True,,1621,99,200,4
1790489613.732625,1790489616.508334,45554.009918,45556.785627,2775.709,POST,/api/pipeline,True,,1621,0,200,4
1790489613.761303,1790489616.534559,45554.038596,45556.811852,2773.256,POST,/api/pipeline,True,,1621,1,200,4
1790489613.790179,1790489616.562888,45554.067472,45556.840181,2772.709,POST,/api/pipeline,True,,1622,2,200,4
1790489613.818218,1790489616.591778,45554.09551,45556.86907,2773.56,POST,/api/pipeline,True,,1620,3,200,4
1790489613.844813,1790489616.617978,45554.122106,45556.895271,2773.165,POST,/api/pipeline,True,,1622,4,200,4
1790489613.871699,1790489616.645414,45554.148992,45556.922706,2773.714,POST,/api/pipeline,True,,1622,5,200,4
1790489613.899925,1790489616.675546,45554.177218,45556.952839,2775.621,POST,/api/pipeline,True,,1621,6,200,4
1790489613.927176,1790489616.703004,45554.204468,45556.980296,2775.828,POST,/api/pipeline,True,,1621,7,200,4
1790489613.957433,1790489616.730393,45554.234725,45557.007686,2772.961,POST,/api/pipeline,True,,1621,8,200,4
1790489613.985743,1790489616.76151,45554.263036,45557.038803,2775.768,POST,/api/pipeline,True,,1622,9,200,4
1790489614.012412,1790489616.784644,45554.289705,45557.061937,2772.232,POST,/api/pipeline,True,,1622,10,200,4
1790489614.043935,1790489616.816323,45554.321227,45557.093616,2772.388,POST,/api/pipeline,True,,1622,11,200,4
1790489614.0664,1790489616.844955,45554.343693,45557.122248,2778.555,POST,/api/pipeline,True,,1622,12,200,4
1790489614.092657,1790489616.868497,45554.369949,45557.14579,2775.841,POST,/api/pipeline,True,,1620,13,200,4
1790489614.124763,1790489616.897407,45554.402056,45557.1747,2772.643,POST,/api/pipeline,True,,1622,14,200,4
1790489614.151576,1790489616.923393,45554.428869,45557.200686,2771.818,POST,/api/pipeline,True,,1621,15,200,4
1790489614.177949,1790489616.957068,45554.455242,45557.234361,2779.119,POST,/api/pipeline,True,,1620,16,200,4
1790489614.206336,1790489616.981622,45554.483629,45557.258915,2775.285,POST,/api/pipeline,True,,1622,17,200,4
1790489614.239543,1790489617.014251,45554.516836,45557.291544,2774.708,POST,/api/pipeline,True,,1622,18,200,4
1790489614.261082,1790489617.037046,45554.538375,45557.314339,2775.964,POST,/api/pipeline,True,,1622,19,200,4
1790489614.291608,1790489617.065628,45554.568901,45557.342921,2774.02,POST,/api/pipeline,True,,1622,20,200,4
1790489614.320962,1790489617.096524,45554.598256,45557.373817,2775.562,POST,/api/pipeline,True,,1621,21,200,4
1790489614.343233,1790489617.120408,45554.620526,45557.397701,2777.175,POST,/api/pipeline,True,,1622,22,200,4
1790489614.372555,1790489617.145201,45554.649848,45557.422494,2772.647,POST,/api/pipeline,True,,1622,23,200,4
1790489614.40255,1790489617.174416,45554.679843,45557.451709,2771.867,POST,/api/pipeline,True,,1622,24,200,4
1790489614.425646,1790489617.199405,45554.702939,45557.476698,2773.759,POST,/api/pipeline,True,,1622,25,200,4
1790489614.456832,1790489617.229556,45554.734125,45557.506849,2772.724,POST,/api/pipeline,True,,1621,26,200,4
1790489614.490257,1790489617.264669,45554.76755,45557.541962,2774.412,POST,/api/pipeline,True,,1621,27,200,4
1790489614.51014,1790489617.281932,45554.787432,45557.559225,2771.792,POST,/api/pipeline,True,,1621,28,200,4
1790489614.547784,1790489617.322168,45554.825077,45557.599461,2774.384,POST,/api/pipeline,True,,1622,29,200,4
1790489614.563356,1790489617.34071,45554.840649,45557.618003,2777.354,POST,/api/pipeline,True,,1621,30,200,4
1790489614.593078,1790489617.370193,45554.870371,45557.647486,2777.114,POST,/api/pipeline,True,,1621,31,200,4
1790489614.622095,1790489617.393748,45554.899388,45557.671041,2771.653,POST,/api/pipeline,True,,1622,32,200,4
1790489614.653974,1790489617.42518,45554.931267,45557.702473,2771.206,POST,/api/pipeline,True,,1621,33,200,4
1790489614.67546,1790489617.447376,45554.952753,45557.724669,2771.915,POST,/api/pipeline,True,,1622,34,200,4
1790489614.704914,1790489617.484047,45554.982207,45557.76134,2779.133,POST,/api/pipeline,True,,1618,35,200,4
1790489614.759614,1790489617.538486,45555.036907,45557.815779,2778.872,POST,/api/pipeline,True,,1622,37,200,4
1790489614.761951,1790489617.54018,45555.039244,45557.817473,2778.23,POST,/api/pipeline,True,,1621,36,200,4
1790489614.779224,1790489617.551282,45555.056517,45557.828575,2772.058,POST,/api/pipeline,True,,1621,38,200,4
1790489614.807846,1790489617.58038,45555.085138,45557.857673,2772.535,POST,/api/pipeline,True,,1621,39,200,4
1790489614.832873,1790489617.613665,45555.110166,45557.890957,2780.792,POST,/api/pipeline,True,,1622,40,200,4
1790489614.866158,1790489617.640896,45555.143451,45557.918189,2774.738,POST,/api/pipeline,True,,1622,41,200,4
1790489614.894329,1790489617.668304,45555.171622,45557.945596,2773.974,POST,/api/pipeline,True,,1620,42,200,4
1790489614.924082,1790489617.698057,45555.201375,45557.97535,2773.975,POST,/api/pipeline,True,,1621,43,200,4
1790489614.949586,1790489617.726629,45555.226879,45558.003922,2777.042,POST,/api/pipeline,True,,1622,44,200,4
1790489614.975113,1790489617.764443,45555.252406,45558.041736,2789.33,POST,/api/pipeline,True,,1622,45,200,4
1790489615.004907,1790489617.779861,45555.2822,45558.057153,2774.953,POST,/api/pipeline,True,,1622,46,200,4
1790489615.043516,1790489617.816885,45555.320809,45558.094178,2773.369,POST,/api/pipeline,True,,1622,47,200,4
1790489615.063113,1790489617.83827,45555.340406,45558.115563,2775.157,POST,/api/pipeline,True,,1622,48,200,4
1790489615.085923,1790489617.859371,45555.363216,45558.136664,2773.449,POST,/api/pipeline,True,,1621,49,200,4
1790489615.122094,1790489617.89726,45555.399386,45558.174553,2775.167,POST,/api/pipeline,True,,1621,50,200,4
1790489615.142601,1790489617.919135,45555.419894,45558.196428,2776.534,POST,/api/pipeline,True,,1622,51,200,4
1790489615.18034,1790489617.951569,45555.457633,45558.228862,2771.229,POST,/api/pipeline,True,,1622,52,200,4
1790489615.201675,1790489617.978157,45555.478968,45558.25545,2776.482,POST,/api/pipeline,True,,1621,53,200,4
1790489615.234041,1790489618.006201,45555.511334,45558.283494,2772.16,POST,/api/pipeline,True,,1621,54,200,4
1790489615.266026,1790489618.037379,45555.543319,45558.314671,2771.353,POST,/api/pipeline,True,,1622,55,200,4
1790489615.281679,1790489618.056479,45555.558972,45558.333772,2774.8,POST,/api/pipeline,True,,1621,56,200,4
1790489615.309111,1790489618.082435,45555.586403,45558.359728,2773.325,POST,/api/pipeline,True,,1621,57,200,4
1790489615.340817,1790489618.114645,45555.61811,45558.391938,2773.828,POST,/api/pipeline,True,,1622,58,200,4
1790489615.417101,1790489618.204095,45555.694394,45558.481388,2786.994,POST,/api/pipeline,True,,1622,59,200,4
1790489615.418592,1790489618.205802,45555.695885,45558.483095,2787.21,POST,/api/pipeline,True,,1622,60,200,4
1790489615.482456,1790489618.26517,45555.759749,45558.542463,2782.714,POST,/api/pipeline,True,,1620,62,200,4
1790489615.487022,1790489618.26642,45555.764315,45558.543713,2779.397,POST,/api/pipeline,True,,1620,63,200,4
1790489615.484138,1790489618.267964,45555.761431,45558.545257,2783.826,POST,/api/pipeline,True,,1620,61,200,4
1790489615.500159,1790489618.273385,45555.777452,45558.550678,2773.226,POST,/api/pipeline,True,,1621,64,200,4
1790489615.529688,1790489618.303944,45555.806981,45558.581237,2774.256,POST,/api/pipeline,True,,1622,65,200,4
1790489615.558149,1790489618.332449,45555.835442,45558.609742,2774.3,POST,/api/pipeline,True,,1621,66,200,4
1790489615.588587,1790489618.362871,45555.86588,45558.640164,2774.284,POST,/api/pipeline,True,,1622,67,200,4
1790489615.615728,1790489618.387164,45555.893021,45558.664457,2771.436,POST,/api/pipeline,True,,1620,68,200,4
1790489615.64275,1790489618.417754,45555.920043,45558.695047,2775.005,POST,/api/pipeline,True,,1622,69,200,4
1790489615.668941,1790489618.446039,45555.946234,45558.723332,2777.099,POST,/api/pipeline,True,,1621,70,200,4
1790489615.699416,1790489618.471846,45555.976709,45558.749139,2772.43,POST,/api/pipeline,True,,1621,71,200,4
1790489615.728056,1790489618.500036,45556.005349,45558.777329,2771.98,POST,/api/pipeline,True,,1622,72,200,4
1790489615.75355,1790489618.527502,45556.030842,45558.804794,2773.952,POST,/api/pipeline,True,,1622,73,200,4
1790489615.782067,1790489618.555746,45556.05936,45558.833039,2773.679,POST,/api/pipeline,True,,1621,74,200,4
1790489615.807766,1790489618.579815,45556.085059,45558.857108,2772.049,POST,/api/pipeline,True,,1622,75,200,4
1790489615.83081,1790489618.605013,45556.108103,45558.882306,2774.203,POST,/api/pipeline,True,,1621,76,200,4
1790489615.85961,1790489618.63395,45556.136902,45558.911243,2774.341,POST,/api/pipeline,True,,1622,77,200,4
1790489615.88925,1790489618.664078,45556.166543,45558.941371,2774.828,POST,/api/pipeline,True,,1621,78,200,4
1790489615.916085,1790489618.687892,45556.193378,45558.965185,2771.807,POST,/api/pipeline,True,,1622,79,200,4
1790489615.948158,1790489618.721196,45556.225451,45558.998489,2773.038,POST,/api/pipeline,True,,1619,80,200,4
1790489615.96945,1790489618.743703,45556.246743,45559.020996,2774.253,POST,/api/pipeline,True,,1621,81,200,4
1790489616.000185,1790489618.774347,45556.277478,45559.051639,2774.161,POST,/api/pipeline,True,,1622,82,200,4
1790489616.02516,1790489618.801068,45556.302453,45559.078361,2775.908,POST,/api/pipeline,True,,1622,83,200,4
1790489616.055629,1790489618.828158,45556.332922,45559.105451,2772.529,POST,/api/pipeline,True,,1621,84,200,4
1790489616.083506,1790489618.856331,45556.360799,45559.133624,2772.824,POST,/api/pipeline,True,,1620,85,200,4
1790489616.108382,1790489618.883118,45556.385674,45559.160411,2774.737,POST,/api/pipeline,True,,1622,86,200,4
1790489616.13505,1790489618.909618,45556.412343,45559.186911,2774.568,POST,/api/pipeline,True,,1622,87,200,4
1790489616.164425,1790489618.936143,45556.441718,45559.213436,2771.718,POST,/api/pipeline,True,,1622,88,200,4
1790489616.191596,1790489618.967328,45556.468888,45559.24462,2775.732,POST,/api/pipeline,True,,1622,89,200,4
1790489616.217837,1790489618.990206,45556.49513,45559.267499,2772.37,POST,/api/pipeline,True,,1621,90,200,4
1790489616.249074,1790489619.021536,45556.526367,45559.298829,2772.462,POST,/api/pipeline,True,,1622,91,200,4
1790489616.275631,1790489619.049988,45556.552925,45559.327281,2774.356,POST,/api/pipeline,True,,1621,92,200,4
1790489616.303236,1790489619.075162,45556.580529,45559.352455,2771.926,POST,/api/pipeline,True,,1621,93,200,4
1790489616.333898,1790489619.107826,45556.611191,45559.385118,2773.927,POST,/api/pipeline,True,,1622,94,200,4
1790489616.357106,1790489619.129748,45556.634399,45559.407041,2772.642,POST,/api/pipeline,True,,1622,95,200,4
1790489616.391033,1790489619.166107,45556.668326,45559.4434,2775.073,POST,/api/pipeline,True,,1622,96,200,4
1790489616.411027,1790489619.183895,45556.68832,45559.461188,2772.868,POST,/api/pipeline,True,,1622,97,200,4
1790489616.449744,1790489619.22652,45556.727037,45559.503813,2776.776,POST,/api/pipeline,True,,1622,98,200,4
1790489616.466516,1790489619.24243,45556.743809,45559.519723,2775.913,POST,/api/pipeline,True,,1622,99,200,4
1790489616.508557,1790489619.281582,45556.78585,45559.558875,2773.025,POST,/api/pipeline,True,,1622,0,200,4
1790489616.534874,1790489619.309087,45556.812167,45559.58638,2774.213,POST,/api/pipeline,True,,1622,1,200,4
1790489616.563176,1790489619.33734,45556.840469,45559.614633,2774.164,POST,/api/pipeline,True,,1621,2,200,4
1790489616.592057,1790489619.363767,45556.86935,45559.64106,2771.71,POST,/api/pipeline,True,,1622,3,200,4
1790489616.618224,1790489619.395216,45556.895516,45559.672509,2776.993,POST,/api/pipeline,True,,1621,4,200,4
1790489616.645671,1790489619.422133,45556.922964,45559.699427,2776.462,POST,/api/pipeline,True,,1622,5,200,4
1790489616.675827,1790489619.448707,45556.953119,45559.725999,2772.88,POST,/api/pipeline,True,,1622,6,200,4
1790489616.703318,1790489619.479706,45556.98061,45559.756998,2776.388,POST,/api/pipeline,True,,1621,7,200,4
1790489616.730663,1790489619.502929,45557.007955,45559.780222,2772.266,POST,/api/pipeline,True,,1620,8,200,4
1790489616.76173,1790489619.534463,45557.039024,45559.811756,2772.733,POST,/api/pipeline,True,,1621,9,200,4
1790489616.784901,1790489619.562513,45557.062194,45559.839806,2777.612,POST,/api/pipeline,True,,1620,10,200,4
1790489616.816554,1790489619.588297,45557.093847,45559.86559,2771.744,POST,/api/pipeline,True,,1621,11,200,4
1790489616.845189,1790489619.617929,45557.122482,45559.895222,2772.739,POST,/api/pipeline,True,,1621,12,200,4
1790489616.868727,1790489619.643466,45557.14602,45559.920759,2774.739,POST,/api/pipeline,True,,1622,13,200,4
1790489616.89765,1790489619.673472,45557.174943,45559.950765,2775.823,POST,/api/pipeline,True,,1620,14,200,4
1790489616.923671,1790489619.699642,45557.200964,45559.976935,2775.971,POST,/api/pipeline,True,,1621,15,200,4
1790489616.957296,1790489619.732377,45557.234589,45560.00967,2775.081,POST,/api/pipeline,True,,1618,16,200,4
1790489616.981848,1790489619.755269,45557.259141,45560.032562,2773.42,POST,/api/pipeline,True,,1622,17,200,4
1790489617.014489,1790489619.793867,45557.291782,45560.07116,2779.378,POST,/api/pipeline,True,,1619,18,200,4
1790489617.037283,1790489619.816372,45557.314576,45560.093665,2779.089,POST,/api/pipeline,True,,1622,19,200,4
1790489617.065866,1790489619.84041,45557.343159,45560.117703,2774.545,POST,/api/pipeline,True,,1620,20,200,4
1790489617.096765,1790489619.869068,45557.374057,45560.146361,2772.303,POST,/api/pipeline,True,,1622,21,200,4
1790489617.120667,1790489619.897821,45557.39796,45560.175114,2777.154,POST,/api/pipeline,True,,1622,22,200,4
1790489617.145473,1790489619.918119,45557.422766,45560.195412,2772.645,POST,/api/pipeline,True,,1621,23,200,4
1790489617.174651,1790489619.947698,45557.451943,45560.224991,2773.047,POST,/api/pipeline,True,,1621,24,200,4
1790489617.199634,1790489619.972727,45557.476926,45560.25002,2773.094,POST,/api/pipeline,True,,1622,25,200,4
1790489617.229851,1790489620.001383,45557.507144,45560.278676,2771.532,POST,/api/pipeline,True,,1621,26,200,4
1790489617.264913,1790489620.03867,45557.542206,45560.315963,2773.757,POST,/api/pipeline,True,,1621,27,200,4
1790489617.282154,1790489620.063298,45557.559447,45560.340592,2781.144,POST,/api/pipeline,True,,1621,28,200,4
1790489617.322553,1790489620.094972,45557.599846,45560.372265,2772.419,POST,/api/pipeline,True,,1622,29,200,4
1790489617.340927,1790489620.113907,45557.61822,45560.3912,2772.98,POST,/api/pipeline,True,,1622,30,200,4
1790489617.370428,1790489620.143425,45557.647721,45560.420718,2772.997,POST,/api/pipeline,True,,1622,31,200,4
1790489617.393981,1790489620.165775,45557.671274,45560.443068,2771.794,POST,/api/pipeline,True,,1621,32,200,4
1790489617.425466,1790489620.201446,45557.702759,45560.478739,2775.98,POST,/api/pipeline,True,,1621,33,200,4
1790489617.44757,1790489620.221897,45557.724863,45560.49919,2774.328,POST,/api/pipeline,True,,1622,34,200,4
1790489617.484259,1790489620.260096,45557.761552,45560.537389,2775.836,POST,/api/pipeline,True,,1621,35,200,4
1790489617.538715,1790489620.314602,45557.816007,45560.591895,2775.887,POST,/api/pipeline,True,,1622,37,200,4
1790489617.540354,1790489620.316092,45557.817647,45560.593385,2775.738,POST,/api/pipeline,True,,1618,36,200,4
1790489617.551513,1790489620.323991,45557.828806,45560.601284,2772.478,POST,/api/pipeline,True,,1620,38,200,4
1790489617.580617,1790489620.353449,45557.857906,45560.630738,2772.832,POST,/api/pipeline,True,,1622,39,200,4
1790489617.613889,1790489620.386126,45557.891182,45560.663419,2772.237,POST,/api/pipeline,True,,1621,40,200,4
1790489617.641119,1790489620.415057,45557.918412,45560.69235,2773.938,POST,/api/pipeline,True,,1622,41,200,4
1790489617.668545,1790489620.445792,45557.945838,45560.723085,2777.247,POST,/api/pipeline,True,,1622,42,200,4
1790489617.698353,1790489620.472853,45557.975646,45560.750146,2774.501,POST,/api/pipeline,True,,1621,43,200,4
1790489617.726926,1790489620.497777,45558.004219,45560.775069,2770.851,POST,/api/pipeline,True,,1621,44,200,4
1790489617.764665,1790489620.53783,45558.041958,45560.815123,2773.165,POST,/api/pipeline,True,,1622,45,200,4
1790489617.780125,1790489620.551682,45558.057418,45560.828974,2771.557,POST,/api/pipeline,True,,1622,46,200,4
1790489617.8172,1790489620.591562,45558.094493,45560.868855,2774.362,POST,/api/pipeline,True,,1622,47,200,4
1790489617.838502,1790489620.612331,45558.115795,45560.889624,2773.829,POST,/api/pipeline,True,,1622,48,200,4
1790489617.859607,1790489620.633061,45558.136899,45560.910354,2773.455,POST,/api/pipeline,True,,1621,49,200,4
1790489617.897531,1790489620.669989,45558.174824,45560.947282,2772.458,POST,/api/pipeline,True,,1622,50,200,4
1790489617.919401,1790489620.695642,45558.196694,45560.972934,2776.24,POST,/api/pipeline,True,,1622,51,200,4
1790489617.951848,1790489620.726236,45558.229141,45561.003529,2774.388,POST,/api/pipeline,True,,1622,52,200,4
1790489617.978621,1790489620.755257,45558.255913,45561.032549,2776.636,POST,/api/pipeline,True,,1622,53,200,4
1790489618.006457,1790489620.780475,45558.28375,45561.057768,2774.018,POST,/api/pipeline,True,,1622,54,200,4
1790489618.037603,1790489620.810182,45558.314896,45561.087475,2772.578,POST,/api/pipeline,True,,1622,55,200,4
1790489618.056707,1790489620.831534,45558.333999,45561.108827,2774.828,POST,/api/pipeline,True,,1622,56,200,4
1790489618.082682,1790489620.855426,45558.359975,45561.132719,2772.744,POST,/api/pipeline,True,,1621,57,200,4
1790489618.11498,1790489620.886551,45558.392273,45561.163844,2771.571,POST,/api/pipeline,True,,1620,58,200,4
1790489618.204347,1790489620.984351,45558.48164,45561.261643,2780.003,POST,/api/pipeline,True,,1622,59,200,4
1790489618.206042,1790489620.986781,45558.483335,45561.264074,2780.739,POST,/api/pipeline,True,,1622,60,200,4
1790489618.265403,1790489621.04314,45558.542696,45561.320433,2777.737,POST,/api/pipeline,True,,1622,62,200,4
1790489618.267076,1790489621.049103,45558.54437,45561.326396,2782.027,POST,/api/pipeline,True,,1621,63,200,4
1790489618.268593,1790489621.050559,45558.545886,45561.327852,2781.966,POST,/api/pipeline,True,,1621,61,200,4
1790489618.273571,1790489621.052291,45558.550864,45561.329584,2778.719,POST,/api/pipeline,True,,1621,64,200,4
1790489618.304155,1790489621.078461,45558.581448,45561.355754,2774.306,POST,/api/pipeline,True,,1621,65,200,4
1790489618.332655,1790489621.10963,45558.609949,45561.386923,2776.975,POST,/api/pipeline,True,,1622,66,200,4
1790489618.363135,1790489621.137584,45558.640428,45561.414877,2774.449,POST,/api/pipeline,True,,1622,67,200,4
1790489618.387393,1790489621.162687,45558.664685,45561.43998,2775.295,POST,/api/pipeline,True,,1622,68,200,4
1790489618.417979,1790489621.190526,45558.695272,45561.467819,2772.547,POST,/api/pipeline,True,,1622,69,200,4
1790489618.446298,1790489621.220442,45558.723591,45561.497735,2774.144,POST,/api/pipeline,True,,1622,70,200,4
1790489618.472089,1790489621.24943,45558.749382,45561.526723,2777.34,POST,/api/pipeline,True,,1621,71,200,4
1790489618.500276,1790489621.277046,45558.777569,45561.554339,2776.771,POST,/api/pipeline,True,,1622,72,200,4
1790489618.527795,1790489621.301284,45558.805087,45561.578577,2773.49,POST,/api/pipeline,True,,1621,73,200,4
1790489618.55605,1790489621.32912,45558.833344,45561.606413,2773.07,POST,/api/pipeline,True,,1618,74,200,4
1790489618.580051,1790489621.355245,45558.857344,45561.632538,2775.194,POST,/api/pipeline,True,,1622,75,200,4
1790489618.605244,1790489621.377831,45558.882537,45561.655124,2772.587,POST,/api/pipeline,True,,1622,76,200,4
1790489618.634253,1790489621.410687,45558.911546,45561.68798,2776.434,POST,/api/pipeline,True,,1622,77,200,4
1790489618.664292,1790489621.437294,45558.941585,45561.714588,2773.003,POST,/api/pipeline,True,,1620,78,200,4
1790489618.688129,1790489621.4659,45558.965422,45561.743193,2777.77,POST,/api/pipeline,True,,1622,79,200,4
1790489618.721511,1790489621.49633,45558.998804,45561.773623,2774.82,POST,/api/pipeline,True,,1620,80,200,4
1790489618.74394,1790489621.518322,45559.021233,45561.795615,2774.382,POST,/api/pipeline,True,,1622,81,200,4
1790489618.774575,1790489621.547594,45559.051868,45561.824887,2773.019,POST,/api/pipeline,True,,1621,82,200,4
1790489618.801308,1790489621.5774,45559.078601,45561.854693,2776.092,POST,/api/pipeline,True,,1618,83,200,4
1790489618.828524,1790489621.600201,45559.105817,45561.877494,2771.677,POST,/api/pipeline,True,,1622,84,200,4
1790489618.856675,1790489621.628221,45559.133967,45561.905514,2771.546,POST,/api/pipeline,True,,1620,85,200,4
1790489618.883355,1790489621.654026,45559.160648,45561.931319,2770.671,POST,/api/pipeline,True,,1621,86,200,4
1790489618.909861,1790489621.684947,45559.187154,45561.96224,2775.086,POST,/api/pipeline,True,,1622,87,200,4
1790489618.936374,1790489621.710029,45559.213667,45561.987322,2773.655,POST,/api/pipeline,True,,1622,88,200,4
1790489618.967618,1790489621.739552,45559.244911,45562.016845,2771.934,POST,/api/pipeline,True,,1620,89,200,4
1790489618.990398,1790489621.769514,45559.267691,45562.046807,2779.116,POST,/api/pipeline,True,,1620,90,200,4
1790489619.02178,1790489621.793555,45559.299073,45562.070848,2771.775,POST,/api/pipeline,True,,1621,91,200,4
1790489619.050226,1790489621.825772,45559.327519,45562.103065,2775.546,POST,/api/pipeline,True,,1619,92,200,4
1790489619.075401,1790489621.848851,45559.352694,45562.126144,2773.45,POST,/api/pipeline,True,,1622,93,200,4
1790489619.108044,1790489621.884499,45559.385337,45562.161792,2776.455,POST,/api/pipeline,True,,1621,94,200,4
1790489619.129999,1790489621.902563,45559.407292,45562.179856,2772.564,POST,/api/pipeline,True,,1622,95,200,4
1790489619.166335,1790489621.943979,45559.443628,45562.221272,2777.644,POST,/api/pipeline,True,,1622,96,200,4
1790489619.184116,1790489621.95997,45559.461409,45562.237263,2775.854,POST,/api/pipeline,True,,1622,97,200,4
1790489619.226731,1790489622.001009,45559.504024,45562.278302,2774.278,POST,/api/pipeline,True,,1621,98,200,4
1790489619.242715,1790489622.017141,45559.520008,45562.294434,2774.426,POST,/api/pipeline,True,,1622,99,200,4
1790489619.281805,1790489622.058078,45559.559098,45562.335371,2776.273,POST,/api/pipeline,True,,1622,0,200,4
1790489619.30932,1790489622.081656,45559.586613,45562.358949,2772.336,POST,/api/pipeline,True,,1621,1,200,4
1790489619.337568,1790489622.111291,45559.614861,45562.388584,2773.723,POST,/api/pipeline,True,,1622,2,200,4
1790489619.363995,1790489622.140964,45559.641288,45562.418257,2776.969,POST,/api/pipeline,True,,1620,3,200,4
1790489619.395498,1790489622.168468,45559.672791,45562.445761,2772.97,POST,/api/pipeline,True,,1621,4,200,4
1790489619.422356,1790489622.198027,45559.699648,45562.47532,2775.671,POST,/api/pipeline,True,,1621,5,200,4
1790489619.448932,1790489622.222537,45559.726225,45562.49983,2773.605,POST,/api/pipeline,True,,1621,6,200,4
1790489619.479988,1790489622.253549,45559.757281,45562.530842,2773.56,POST,/api/pipeline,True,,1622,7,200,4
1790489619.503185,1790489622.280498,45559.780478,45562.557791,2777.313,POST,/api/pipeline,True,,1622,8,200,4
1790489619.534824,1790489622.306761,45559.812116,45562.584053,2771.937,POST,/api/pipeline,True,,1622,9,200,4
1790489619.562763,1790489622.338197,45559.840056,45562.61549,2775.435,POST,/api/pipeline,True,,1621,10,200,4
1790489619.58852,1790489622.364449,45559.865813,45562.641742,2775.929,POST,/api/pipeline,True,,1620,11,200,4
1790489619.618201,1790489622.39135,45559.895493,45562.668643,2773.149,POST,/api/pipeline,True,,1622,12,200,4
1790489619.643696,1790489622.418121,45559.920989,45562.695414,2774.425,POST,/api/pipeline,True,,1622,13,200,4
1790489619.67372,1790489622.456016,45559.951013,45562.733309,2782.296,POST,/api/pipeline,True,,1622,14,200,4
1790489619.69988,1790489622.473544,45559.977173,45562.750837,2773.663,POST,/api/pipeline,True,,1622,15,200,4
1790489619.732639,1790489622.507051,45560.009932,45562.784343,2774.411,POST,/api/pipeline,True,,1622,16,200,4
1790489619.755507,1790489622.532754,45560.0328,45562.810047,2777.247,POST,/api/pipeline,True,,1622,17,200,4
1790489619.79408,1790489622.567706,45560.071373,45562.844999,2773.626,POST,/api/pipeline,True,,1622,18,200,4
1790489619.816604,1790489622.590374,45560.093897,45562.867667,2773.77,POST,/api/pipeline,True,,1622,19,200,4
1790489619.840651,1790489622.615508,45560.117944,45562.892801,2774.857,POST,/api/pipeline,True,,1621,20,200,4
1790489619.869309,1790489622.641491,45560.146602,45562.918784,2772.182,POST,/api/pipeline,True,,1622,21,200,4
1790489619.898054,1790489622.67045,45560.175347,45562.947743,2772.396,POST,/api/pipeline,True,,1621,22,200,4
1790489619.918349,1790489622.692116,45560.195641,45562.969409,2773.768,POST,/api/pipeline,True,,1622,23,200,4
1790489619.947934,1790489622.720236,45560.225227,45562.997529,2772.302,POST,/api/pipeline,True,,1622,24,200,4
1790489619.972956,1790489622.74625,45560.250249,45563.023543,2773.294,POST,/api/pipeline,True,,1621,25,200,4
1790489620.001626,1790489622.778664,45560.278919,45563.055957,2777.038,POST,/api/pipeline,True,,1621,26,200,4
1790489620.039044,1790489622.812211,45560.316337,45563.089504,2773.167,POST,/api/pipeline,True,,1622,27,200,4
1790489620.063565,1790489622.836678,45560.340858,45563.11397,2773.112,POST,/api/pipeline,True,,1622,28,200,4
1790489620.095221,1790489622.870376,45560.372514,45563.147669,2775.156,POST,/api/pipeline,True,,1622,29,200,4
1790489620.114131,1790489622.887722,45560.391424,45563.165014,2773.59,POST,/api/pipeline,True,,1621,30,200,4
1790489620.143665,1790489622.91932,45560.420957,45563.196613,2775.656,POST,/api/pipeline,True,,1622,31,200,4
1790489620.166164,1790489622.940653,45560.443457,45563.217946,2774.489,POST,/api/pipeline,True,,1622,32,200,4
1790489620.201667,1790489622.977479,45560.47896,45563.254772,2775.812,POST,/api/pipeline,True,,1622,33,200,4
1790489620.222135,1790489622.996268,45560.499428,45563.273561,2774.133,POST,/api/pipeline,True,,1621,34,200,4
1790489620.260319,1790489623.036469,45560.537612,45563.313762,2776.15,POST,/api/pipeline,True,,1622,35,200,4
1790489620.314923,1790489623.094516,45560.592215,45563.371808,2779.593,POST,/api/pipeline,True,,1622,37,200,4
1790489620.316703,1790489623.096472,45560.593996,45563.373765,2779.77,POST,/api/pipeline,True,,1622,36,200,4
1790489620.324218,1790489623.098896,45560.601511,45563.376189,2774.678,POST,/api/pipeline,True,,1621,38,200,4
1790489620.353688,1790489623.131521,45560.630981,45563.408814,2777.833,POST,/api/pipeline,True,,1622,39,200,4
1790489620.386332,1790489623.16129,45560.663625,45563.438583,2774.959,POST,/api/pipeline,True,,1622,40,200,4
1790489620.415289,1790489623.1899,45560.692582,45563.467193,2774.611,POST,/api/pipeline,True,,1621,41,200,4
1790489620.446061,1790489623.219625,45560.723354,45563.496918,2773.564,POST,/api/pipeline,True,,1622,42,200,4
1790489620.473158,1790489623.247386,45560.750451,45563.524678,2774.228,POST,/api/pipeline,True,,1620,43,200,4
1790489620.498006,1790489623.271225,45560.775299,45563.548518,2773.219,POST,/api/pipeline,True,,1622,44,200,4
1790489620.538083,1790489623.309542,45560.815376,45563.586835,2771.459,POST,/api/pipeline,True,,1621,45,200,4
1790489620.551884,1790489623.325707,45560.829177,45563.603,2773.823,POST,/api/pipeline,True,,1620,46,200,4
1790489620.591776,1790489623.367044,45560.869068,45563.644337,2775.269,POST,/api/pipeline,True,,1622,47,200,4
1790489620.612587,1790489623.385195,45560.88988,45563.662487,2772.608,POST,/api/pipeline,True,,1621,48,200,4
1790489620.633495,1790489623.406782,45560.910787,45563.684074,2773.287,POST,/api/pipeline,True,,1622,49,200,4
1790489620.670234,1790489623.445392,45560.947527,45563.722685,2775.158,POST,/api/pipeline,True,,1622,50,200,4
1790489620.695968,1790489623.471085,45560.973261,45563.748378,2775.118,POST,/api/pipeline,True,,1621,51,200,4
1790489620.726714,1790489623.499213,45561.004007,45563.776506,2772.499,POST,/api/pipeline,True,,1621,52,200,4
1790489620.755494,1790489623.529873,45561.032787,45563.807166,2774.379,POST,/api/pipeline,True,,1622,53,200,4
1790489620.780708,1790489623.553979,45561.058001,45563.831272,2773.272,POST,/api/pipeline,True,,1622,54,200,4
1790489620.81044,1790489623.583529,45561.087733,45563.860822,2773.089,POST,/api/pipeline,True,,1622,55,200,4
1790489620.831767,1790489623.605517,45561.10906,45563.88281,2773.75,POST,/api/pipeline,True,,1621,56,200,4
1790489620.855692,1790489623.627174,45561.132985,45563.904467,2771.482,POST,/api/pipeline,True,,1621,57,200,4
1790489620.886796,1790489623.659394,45561.164088,45563.936687,2772.598,POST,/api/pipeline,True,,1622,58,200,4
1790489620.984653,1790489623.771245,45561.261946,45564.048538,2786.592,POST,/api/pipeline,True,,1622,59,200,4
1790489620.987074,1790489623.77313,45561.264367,45564.050423,2786.056,POST,/api/pipeline,True,,1621,60,200,4
1790489621.043472,1790489623.826678,45561.320765,45564.10397,2783.206,POST,/api/pipeline,True,,1622,62,200,4
1790489621.049289,1790489623.834067,45561.326582,45564.11136,2784.778,POST,/api/pipeline,True,,1621,63,200,4
1790489621.050762,1790489623.835245,45561.328055,45564.112538,2784.483,POST,/api/pipeline,True,,1622,61,200,4
1790489621.052505,1790489623.836806,45561.329798,45564.114099,2784.301,POST,/api/pipeline,True,,1622,64,200,4
1790489621.078669,1790489623.854403,45561.355962,45564.131696,2775.734,POST,/api/pipeline,True,,1621,65,200,4
1790489621.109863,1790489623.884382,45561.387155,45564.161675,2774.52,POST,/api/pipeline,True,,1622,66,200,4
1790489621.137804,1790489623.908492,45561.415096,45564.185785,2770.689,POST,/api/pipeline,True,,1622,67,200,4
1790489621.163062,1790489623.937468,45561.440355,45564.214761,2774.406,POST,/api/pipeline,True,,1621,68,200,4
1790489621.190751,1790489623.967908,45561.468044,45564.245201,2777.157,POST,/api/pipeline,True,,1622,69,200,4
1790489621.220689,1790489623.997746,45561.497982,45564.275039,2777.057,POST,/api/pipeline,True,,1622,70,200,4
1790489621.24966,1790489624.021826,45561.526953,45564.299119,2772.166,POST,/api/pipeline,True,,1622,71,200,4
1790489621.277308,1790489624.049731,45561.5546,45564.327024,2772.424,POST,/api/pipeline,True,,1622,72,200,4
1790489621.30157,1790489624.074305,45561.578862,45564.351598,2772.736,POST,/api/pipeline,True,,1621,73,200,4
1790489621.329382,1790489624.102511,45561.606675,45564.379804,2773.13,POST,/api/pipeline,True,,1621,74,200,4
1790489621.355481,1790489624.129557,45561.632774,45564.40685,2774.076,POST,/api/pipeline,True,,1621,75,200,4
1790489621.378064,1790489624.151295,45561.655357,45564.428588,2773.231,POST,/api/pipeline,True,,1622,76,200,4
1790489621.411042,1790489624.182918,45561.688335,45564.46021,2771.876,POST,/api/pipeline,True,,1622,77,200,4
1790489621.437523,1790489624.213857,45561.714816,45564.49115,2776.334,POST,/api/pipeline,True,,1622,78,200,4
1790489621.466191,1790489624.238257,45561.743484,45564.51555,2772.066,POST,/api/pipeline,True,,1621,79,200,4
1790489621.496596,1790489624.270982,45561.773889,45564.548275,2774.386,POST,/api/pipeline,True,,1621,80,200,4
1790489621.518582,1790489624.296878,45561.795875,45564.574171,2778.296,POST,/api/pipeline,True,,1622,81,200,4
1790489621.547823,1790489624.321232,45561.825116,45564.598525,2773.408,POST,/api/pipeline,True,,1622,82,200,4
1790489621.577681,1790489624.349394,45561.854974,45564.626687,2771.714,POST,/api/pipeline,True,,1621,83,200,4
1790489621.600396,1790489624.374077,45561.877689,45564.65137,2773.681,POST,/api/pipeline,True,,1621,84,200,4
1790489621.628504,1790489624.403381,45561.905797,45564.680674,2774.877,POST,/api/pipeline,True,,1622,85,200,4
1790489621.654284,1790489624.428548,45561.931577,45564.705841,2774.264,POST,/api/pipeline,True,,1622,86,200,4
1790489621.68524,1790489624.45986,45561.962533,45564.737152,2774.62,POST,/api/pipeline,True,,1622,87,200,4
1790489621.710262,1790489624.487747,45561.987555,45564.76504,2777.485,POST,/api/pipeline,True,,1622,88,200,4
1790489621.73979,1790489624.512742,45562.017082,45564.790035,2772.953,POST,/api/pipeline,True,,1622,89,200,4
1790489621.769755,1790489624.546304,45562.047048,45564.823596,2776.548,POST,/api/pipeline,True,,1621,90,200,4
1790489621.793782,1790489624.567579,45562.071075,45564.844872,2773.797,POST,/api/pipeline,True,,1622,91,200,4
1790489621.826032,1790489624.600925,45562.103325,45564.878218,2774.893,POST,/api/pipeline,True,,1621,92,200,4
1790489621.849078,1790489624.621585,45562.126371,45564.898878,2772.507,POST,/api/pipeline,True,,1621,93,200,4
1790489621.884761,1790489624.659453,45562.162054,45564.936746,2774.692,POST,/api/pipeline,True,,1621,94,200,4
1790489621.902889,1790489624.67912,45562.180181,45564.956413,2776.232,POST,/api/pipeline,True,,1622,95,200,4
1790489621.944217,1790489624.716832,45562.22151,45564.994125,2772.614,POST,/api/pipeline,True,,1621,96,200,4
1790489621.960177,1790489624.734131,45562.237471,45565.011424,2773.953,POST,/api/pipeline,True,,1622,97,200,4
1790489622.001243,1790489624.774695,45562.278536,45565.051988,2773.452,POST,/api/pipeline,True,,1622,98,200,4
1790489622.017424,1790489624.792258,45562.294717,45565.069551,2774.834,POST,/api/pipeline,True,,1620,99,200,4
1790489622.058303,1790489624.83575,45562.335596,45565.113043,2777.446,POST,/api/pipeline,True,,1621,0,200,4
1790489622.081884,1790489624.8581,45562.359178,45565.135393,2776.216,POST,/api/pipeline,True,,1621,1,200,4
1790489622.1115,1790489624.885729,45562.388793,45565.163021,2774.229,POST,/api/pipeline,True,,1621,2,200,4
1790489622.141185,1790489624.916515,45562.418478,45565.193808,2775.33,POST,/api/pipeline,True,,1621,3,200,4
1790489622.168705,1790489624.941018,45562.445998,45565.218311,2772.313,POST,/api/pipeline,True,,1622,4,200,4
1790489622.198257,1790489624.971568,45562.47555,45565.248861,2773.311,POST,/api/pipeline,True,,1621,5,200,4
1790489622.222792,1790489624.999218,45562.500085,45565.276511,2776.426,POST,/api/pipeline,True,,1621,6,200,4
1790489622.253792,1790489625.041114,45562.531085,45565.318407,2787.322,POST,/api/pipeline,True,,1622,7,200,4
1790489622.280741,1790489625.056436,45562.558034,45565.333729,2775.694,POST,/api/pipeline,True,,1621,8,200,4
1790489622.307048,1790489625.081397,45562.584341,45565.35869,2774.349,POST,/api/pipeline,True,,1622,9,200,4
1790489622.338469,1790489625.110118,45562.615762,45565.387411,2771.649,POST,/api/pipeline,True,,1622,10,200,4
1790489622.364693,1790489625.138589,45562.641986,45565.415882,2773.895,POST,/api/pipeline,True,,1622,11,200,4
1790489622.391583,1790489625.172339,45562.668876,45565.449632,2780.756,POST,/api/pipeline,True,,1622,12,200,4
1790489622.418353,1790489625.19249,45562.695645,45565.469783,2774.138,POST,/api/pipeline,True,,1621,13,200,4
1790489622.456302,1790489625.228887,45562.733595,45565.506179,2772.584,POST,/api/pipeline,True,,1622,14,200,4
1790489622.473783,1790489625.249188,45562.751076,45565.526481,2775.405,POST,/api/pipeline,True,,1622,15,200,4
1790489622.507301,1790489625.283817,45562.784593,45565.56111,2776.517,POST,/api/pipeline,True,,1621,16,200,4
1790489622.532974,1790489625.3084,45562.810266,45565.585693,2775.426,POST,/api/pipeline,True,,1621,17,200,4
1790489622.567925,1790489625.340634,45562.845218,45565.617927,2772.709,POST,/api/pipeline,True,,1620,18,200,4
1790489622.590593,1790489625.366322,45562.867886,45565.643615,2775.728,POST,/api/pipeline,True,,1622,19,200,4
1790489622.615753,1790489625.388552,45562.893046,45565.665845,2772.799,POST,/api/pipeline,True,,1621,20,200,4
1790489622.641754,1790489625.416069,45562.919047,45565.693362,2774.315,POST,/api/pipeline,True,,1622,21,200,4
1790489622.670671,1790489625.443103,45562.947964,45565.720396,2772.432,POST,/api/pipeline,True,,1622,22,200,4
1790489622.692341,1790489625.465004,45562.969633,45565.742297,2772.663,POST,/api/pipeline,True,,1621,23,200,4
1790489622.720461,1790489625.493393,45562.997754,45565.770686,2772.933,POST,/api/pipeline,True,,1620,24,200,4
1790489622.746476,1790489625.524397,45563.023769,45565.80169,2777.92,POST,/api/pipeline,True,,1622,25,200,4
1790489622.778996,1790489625.553411,45563.056288,45565.830704,2774.416,POST,/api/pipeline,True,,1619,26,200,4
1790489622.81249,1790489625.587168,45563.089784,45565.864462,2774.678,POST,/api/pipeline,True,,1621,27,200,4
1790489622.83691,1790489625.608391,45563.114202,45565.885684,2771.481,POST,/api/pipeline,True,,1622,28,200,4
1790489622.870599,1790489625.641824,45563.147892,45565.919117,2771.225,POST,/api/pipeline,True,,1622,29,200,4
1790489622.887987,1790489625.662034,45563.165279,45565.939327,2774.048,POST,/api/pipeline,True,,1621,30,200,4
1790489622.919593,1790489625.69417,45563.196885,45565.971463,2774.578,POST,/api/pipeline,True,,1622,31,200,4
1790489622.940912,1790489625.71592,45563.218205,45565.993212,2775.008,POST,/api/pipeline,True,,1621,32,200,4
1790489622.977679,1790489625.753117,45563.254972,45566.03041,2775.438,POST,/api/pipeline,True,,1619,33,200,4
1790489622.996496,1790489625.768943,45563.273789,45566.046236,2772.447,POST,/api/pipeline,True,,1622,34,200,4
1790489623.036731,1790489625.814941,45563.314023,45566.092234,2778.211,POST,/api/pipeline,True,,1622,35,200,4
1790489623.094729,1790489625.869998,45563.372022,45566.147291,2775.269,POST,/api/pipeline,True,,1620,37,200,4
1790489623.096649,1790489625.872402,45563.373942,45566.149695,2775.753,POST,/api/pipeline,True,,1622,36,200,4
1790489623.099084,1790489625.875604,45563.376377,45566.152897,2776.52,POST,/api/pipeline,True,,1621,38,200,4
1790489623.13178,1790489625.90618,45563.409073,45566.183473,2774.4,POST,/api/pipeline,True,,1622,39,200,4
1790489623.16164,1790489625.935842,45563.438933,45566.213135,2774.201,POST,/api/pipeline,True,,1621,40,200,4
1790489623.190121,1790489625.964612,45563.467414,45566.241905,2774.491,POST,/api/pipeline,True,,1620,41,200,4
1790489623.21985,1790489625.993436,45563.497143,45566.270729,2773.586,POST,/api/pipeline,True,,1622,42,200,4
1790489623.247731,1790489626.022828,45563.525024,45566.300121,2775.097,POST,/api/pipeline,True,,1621,43,200,4
1790489623.27147,1790489626.044055,45563.548763,45566.321348,2772.586,POST,/api/pipeline,True,,1622,44,200,4
1790489623.309869,1790489626.082844,45563.587162,45566.360137,2772.975,POST,/api/pipeline,True,,1622,45,200,4
1790489623.325937,1790489626.09924,45563.60323,45566.376533,2773.303,POST,/api/pipeline,True,,1622,46,200,4
1790489623.367298,1790489626.142991,45563.644591,45566.420284,2775.692,POST,/api/pipeline,True,,1621,47,200,4
1790489623.385442,1790489626.158241,45563.662735,45566.435533,2772.798,POST,/api/pipeline,True,,1622,48,200,4
1790489623.407101,1790489626.181307,45563.684394,45566.4586,2774.206,POST,/api/pipeline,True,,1621,49,200,4
1790489623.445715,1790489626.217836,45563.723008,45566.495129,2772.121,POST,/api/pipeline,True,,1622,50,200,4
1790489623.471307,1790489626.247876,45563.7486,45566.525169,2776.569,POST,/api/pipeline,True,,1620,51,200,4
1790489623.499484,1790489626.273002,45563.776777,45566.550295,2773.518,POST,/api/pipeline,True,,1621,52,200,4
1790489623.530097,1790489626.304248,45563.80739,45566.58154,2774.151,POST,/api/pipeline,True,,1622,53,200,4
1790489623.554215,1790489626.329933,45563.831508,45566.607226,2775.718,POST,/api/pipeline,True,,1622,54,200,4
1790489623.583826,1790489626.356524,45563.861119,45566.633817,2772.698,POST,/api/pipeline,True,,1621,55,200,4
1790489623.605773,1790489626.379794,45563.883066,45566.657087,2774.022,POST,/api/pipeline,True,,1622,56,200,4
1790489623.627421,1790489626.400107,45563.904714,45566.6774,2772.686,POST,/api/pipeline,True,,1621,57,200,4
1790489623.65969,1790489626.434283,45563.936983,45566.711576,2774.593,POST,/api/pipeline,True,,1622,58,200,4
1790489623.771504,1790489626.549407,45564.048797,45566.8267,2777.903,POST,/api/pipeline,True,,1622,59,200,4
1790489623.773325,1790489626.554087,45564.050618,45566.83138,2780.762,POST,/api/pipeline,True,,1622,60,200,4
1790489623.827001,1790489626.608747,45564.104294,45566.88604,2781.746,POST,/api/pipeline,True,,1622,62,200,4
1790489623.834252,1790489626.61051,45564.111545,45566.887802,2776.258,POST,/api/pipeline,True,,1622,63,200,4
1790489623.83577,1790489626.615342,45564.113063,45566.892635,2779.573,POST,/api/pipeline,True,,1621,61,200,4
1790489623.837398,1790489626.616398,45564.114691,45566.893691,2779.0,POST,/api/pipeline,True,,1620,64,200,4
1790489623.85463,1790489626.626559,45564.131923,45566.903852,2771.929,POST,/api/pipeline,True,,1622,65,200,4
1790489623.884654,1790489626.659209,45564.161947,45566.936502,2774.555,POST,/api/pipeline,True,,1622,66,200,4
1790489623.908714,1790489626.684139,45564.186007,45566.961432,2775.425,POST,/api/pipeline,True,,1622,67,200,4
1790489623.937711,1790489626.718148,45564.215004,45566.995441,2780.437,POST,/api/pipeline,True,,1622,68,200,4
1790489623.968149,1790489626.741251,45564.245442,45567.018544,2773.102,POST,/api/pipeline,True,,1622,69,200,4
1790489623.998098,1790489626.768695,45564.27539,45567.045987,2770.597,POST,/api/pipeline,True,,1620,70,200,4
1790489624.022072,1790489626.793177,45564.299365,45567.07047,2771.105,POST,/api/pipeline,True,,1621,71,200,4
1790489624.049948,1790489626.823706,45564.327241,45567.100999,2773.757,POST,/api/pipeline,True,,1622,72,200,4
1790489624.074527,1790489626.848664,45564.35182,45567.125956,2774.137,POST,/api/pipeline,True,,1622,73,200,4
1790489624.102744,1790489626.877097,45564.380037,45567.15439,2774.353,POST,/api/pipeline,True,,1621,74,200,4
1790489624.129781,1790489626.902538,45564.407073,45567.179831,2772.757,POST,/api/pipeline,True,,1621,75,200,4
1790489624.151539,1790489626.925924,45564.428831,45567.203217,2774.385,POST,/api/pipeline,True,,1622,76,200,4
1790489624.183192,1790489626.957299,45564.460485,45567.234592,2774.107,POST,/api/pipeline,True,,1620,77,200,4
1790489624.214083,1790489626.988555,45564.491376,45567.265848,2774.472,POST,/api/pipeline,True,,1622,78,200,4
1790489624.238534,1790489627.015954,45564.515827,45567.293247,2777.419,POST,/api/pipeline,True,,1622,79,200,4
1790489624.271264,1790489627.042029,45564.548556,45567.319322,2770.765,POST,/api/pipeline,True,,1621,80,200,4
1790489624.297189,1790489627.069023,45564.574482,45567.346316,2771.834,POST,/api/pipeline,True,,1621,81,200,4
1790489624.321456,1790489627.09237,45564.598748,45567.369663,2770.914,POST,/api/pipeline,True,,1622,82,200,4
1790489624.349634,1790489627.123782,45564.626927,45567.401075,2774.148,POST,/api/pipeline,True,,1620,83,200,4
1790489624.374302,1790489627.147355,45564.651595,45567.424648,2773.053,POST,/api/pipeline,True,,1621,84,200,4
1790489624.403645,1790489627.179521,45564.680938,45567.456813,2775.876,POST,/api/pipeline,True,,1622,85,200,4
1790489624.428874,1790489627.20708,45564.706167,45567.484373,2778.206,POST,/api/pipeline,True,,1621,86,200,4
1790489624.460278,1790489627.234865,45564.73757,45567.512157,2774.587,POST,/api/pipeline,True,,1621,87,200,4
1790489624.487981,1790489627.264527,45564.765273,45567.54182,2776.546,POST,/api/pipeline,True,,1620,88,200,4
1790489624.512972,1790489627.284744,45564.790265,45567.562037,2771.772,POST,/api/pipeline,True,,1621,89,200,4
1790489624.54668,1790489627.319348,45564.823974,45567.596641,2772.667,POST,/api/pipeline,True,,1622,90,200,4
1790489624.567868,1790489627.342064,45564.84516,45567.619357,2774.197,POST,/api/pipeline,True,,1622,91,200,4
1790489624.601158,1790489627.37405,45564.878451,45567.651343,2772.892,POST,/api/pipeline,True,,1621,92,200,4
1790489624.621841,1790489627.39601,45564.899134,45567.673303,2774.168,POST,/api/pipeline,True,,1621,93,200,4
1790489624.659747,1790489627.433999,45564.93704,45567.711292,2774.252,POST,/api/pipeline,True,,1621,94,200,4
1790489624.679405,1790489627.452571,45564.956698,45567.729864,2773.166,POST,/api/pipeline,True,,1622,95,200,4
1790489624.717033,1790489627.492798,45564.994326,45567.770091,2775.765,POST,/api/pipeline,True,,1621,96,200,4
1790489624.73435,1790489627.510594,45565.011643,45567.787887,2776.244,POST,/api/pipeline,True,,1622,97,200,4
1790489624.775042,1790489627.550763,45565.052335,45567.828056,2775.721,POST,/api/pipeline,True,,1622,98,200,4
1790489624.792501,1790489627.567587,45565.069794,45567.84488,2775.086,POST,/api/pipeline,True,,1621,99,200,4
1790489624.835987,1790489627.608543,45565.11328,45567.885836,2772.556,POST,/api/pipeline,True,,1622,0,200,4
1790489624.858329,1790489627.632953,45565.135622,45567.910245,2774.623,POST,/api/pipeline,True,,1622,1,200,4
1790489624.885942,1790489627.660994,45565.163235,45567.938287,2775.051,POST,/api/pipeline,True,,1621,2,200,4
1790489624.916715,1790489627.69112,45565.194008,45567.968413,2774.405,POST,/api/pipeline,True,,1620,3,200,4
1790489624.941291,1790489627.716632,45565.218583,45567.993925,2775.342,POST,/api/pipeline,True,,1622,4,200,4
1790489624.971808,1790489627.759991,45565.249101,45568.037284,2788.183,POST,/api/pipeline,True,,1621,5,200,4
1790489624.999496,1790489627.774692,45565.276789,45568.051985,2775.196,POST,/api/pipeline,True,,1622,6,200,4
1790489625.04142,1790489627.819338,45565.318713,45568.096631,2777.918,POST,/api/pipeline,True,,1621,7,200,4
1790489625.056675,1790489627.829132,45565.333968,45568.106425,2772.457,POST,/api/pipeline,True,,1622,8,200,4
1790489625.081618,1790489627.855712,45565.358911,45568.133005,2774.095,POST,/api/pipeline,True,,1621,9,200,4
1790489625.110324,1790489627.883726,45565.387617,45568.161019,2773.402,POST,/api/pipeline,True,,1620,10,200,4
1790489625.138897,1790489627.913181,45565.41619,45568.190474,2774.284,POST,/api/pipeline,True,,1621,11,200,4
1790489625.172561,1790489627.943746,45565.449854,45568.221039,2771.185,POST,/api/pipeline,True,,1621,12,200,4
1790489625.192703,1790489627.965854,45565.469996,45568.243147,2773.151,POST,/api/pipeline,True,,1622,13,200,4
1790489625.229155,1790489628.001951,45565.506448,45568.279244,2772.797,POST,/api/pipeline,True,,1621,14,200,4
1790489625.249432,1790489628.021965,45565.526725,45568.299257,2772.532,POST,/api/pipeline,True,,1622,15,200,4
1790489625.284033,1790489628.056983,45565.561326,45568.334276,2772.95,POST,/api/pipeline,True,,1622,16,200,4
1790489625.308613,1790489628.082504,45565.585906,45568.359797,2773.89,POST,/api/pipeline,True,,1621,17,200,4
1790489625.340851,1790489628.114167,45565.618144,45568.39146,2773.316,POST,/api/pipeline,True,,1621,18,200,4
1790489625.366548,1790489628.140611,45565.64384,45568.417904,2774.064,POST,/api/pipeline,True,,1622,19,200,4
1790489625.388783,1790489628.161671,45565.666075,45568.438964,2772.888,POST,/api/pipeline,True,,1621,20,200,4
1790489625.416311,1790489628.18974,45565.693604,45568.467033,2773.429,POST,/api/pipeline,True,,1622,21,200,4
1790489625.443337,1790489628.215445,45565.72063,45568.492738,2772.108,POST,/api/pipeline,True,,1621,22,200,4
1790489625.46523,1790489628.240742,45565.742522,45568.518035,2775.512,POST,/api/pipeline,True,,1622,23,200,4
1790489625.493613,1790489628.268618,45565.770906,45568.54591,2775.005,POST,/api/pipeline,True,,1620,24,200,4
1790489625.524644,1790489628.296977,45565.801936,45568.574269,2772.333,POST,/api/pipeline,True,,1621,25,200,4
1790489625.553632,1790489628.325621,45565.830925,45568.602914,2771.989,POST,/api/pipeline,True,,1622,26,200,4
1790489625.587401,1790489628.360332,45565.864694,45568.637625,2772.931,POST,/api/pipeline,True,,1622,27,200,4
1790489625.608621,1790489628.382586,45565.885914,45568.659879,2773.965,POST,/api/pipeline,True,,1622,28,200,4
1790489625.642076,1790489628.415388,45565.919369,45568.692681,2773.312,POST,/api/pipeline,True,,1621,29,200,4
1790489625.662321,1790489628.43571,45565.939614,45568.713003,2773.389,POST,/api/pipeline,True,,1622,30,200,4
1790489625.694405,1790489628.469467,45565.971698,45568.74676,2775.062,POST,/api/pipeline,True,,1622,31,200,4
1790489625.71616,1790489628.487089,45565.993453,45568.764382,2770.929,POST,/api/pipeline,True,,1622,32,200,4
1790489625.753327,1790489628.524722,45566.03062,45568.802015,2771.396,POST,/api/pipeline,True,,1622,33,200,4
1790489625.769161,1790489628.541802,45566.046454,45568.819095,2772.642,POST,/api/pipeline,True,,1620,34,200,4
1790489625.815169,1790489628.593686,45566.092462,45568.870979,2778.517,POST,/api/pipeline,True,,1621,35,200,4
1790489625.870253,1790489628.649338,45566.147546,45568.926631,2779.085,POST,/api/pipeline,True,,1620,37,200,4
1790489625.875815,1790489628.652808,45566.153107,45568.930101,2776.993,POST,/api/pipeline,True,,1622,38,200,4
1790489625.872605,1790489628.654958,45566.149898,45568.932251,2782.353,POST,/api/pipeline,True,,1622,36,200,4
1790489625.906429,1790489628.680645,45566.183721,45568.957938,2774.217,POST,/api/pipeline,True,,1621,39,200,4
1790489625.936078,1790489628.71248,45566.21337,45568.989772,2776.402,POST,/api/pipeline,True,,1621,40,200,4
1790489625.964844,1790489628.740994,45566.242137,45569.018287,2776.15,POST,/api/pipeline,True,,1622,41,200,4
1790489625.993661,1790489628.765623,45566.270954,45569.042915,2771.961,POST,/api/pipeline,True,,1622,42,200,4
1790489626.023191,1790489628.795995,45566.300484,45569.073288,2772.804,POST,/api/pipeline,True,,1620,43,200,4
1790489626.044295,1790489628.817517,45566.321587,45569.09481,2773.223,POST,/api/pipeline,True,,1621,44,200,4
1790489626.08313,1790489628.857854,45566.360423,45569.135147,2774.724,POST,/api/pipeline,True,,1621,45,200,4
1790489626.099465,1790489628.870291,45566.376758,45569.147584,2770.826,POST,/api/pipeline,True,,1622,46,200,4
1790489626.143215,1790489628.91652,45566.420508,45569.193813,2773.305,POST,/api/pipeline,True,,1621,47,200,4
1790489626.158561,1790489628.930835,45566.435854,45569.208127,2772.273,POST,/api/pipeline,True,,1622,48,200,4
1790489626.181574,1790489628.953539,45566.458867,45569.230831,2771.964,POST,/api/pipeline,True,,1622,49,200,4
1790489626.218077,1790489628.990503,45566.49537,45569.267796,2772.427,POST,/api/pipeline,True,,1621,50,200,4
1790489626.248089,1790489629.021542,45566.525382,45569.298835,2773.453,POST,/api/pipeline,True,,1622,51,200,4
1790489626.273275,1790489629.049205,45566.550567,45569.326498,2775.93,POST,/api/pipeline,True,,1621,52,200,4
1790489626.304461,1790489629.075865,45566.581754,45569.353158,2771.404,POST,/api/pipeline,True,,1622,53,200,4
1790489626.330167,1790489629.102921,45566.60746,45569.380214,2772.754,POST,/api/pipeline,True,,1621,54,200,4
1790489626.356758,1790489629.134166,45566.634051,45569.411459,2777.408,POST,/api/pipeline,True,,1622,55,200,4
1790489626.38008,1790489629.153531,45566.657373,45569.430823,2773.451,POST,/api/pipeline,True,,1621,56,200,4
1790489626.400332,1790489629.173648,45566.677625,45569.450941,2773.316,POST,/api/pipeline,True,,1621,57,200,4
1790489626.434555,1790489629.210696,45566.711847,45569.487989,2776.142,POST,/api/pipeline,True,,1622,58,200,4
1790489626.549654,1790489629.328204,45566.826947,45569.605497,2778.55,POST,/api/pipeline,True,,1622,59,200,4
1790489626.554315,1790489629.334966,45566.831608,45569.612259,2780.651,POST,/api/pipeline,True,,1622,60,200,4
1790489626.609015,1790489629.394385,45566.886308,45569.671678,2785.37,POST,/api/pipeline,True,,1620,62,200,4
1790489626.615524,1790489629.395634,45566.892817,45569.672927,2780.11,POST,/api/pipeline,True,,1618,61,200,4
1790489626.616971,1790489629.398595,45566.894264,45569.675888,2781.624,POST,/api/pipeline,True,,1620,64,200,4
1790489626.610803,1790489629.403685,45566.888096,45569.680977,2792.881,POST,/api/pipeline,True,,1622,63,200,4
1790489626.626765,1790489629.408581,45566.904057,45569.685874,2781.817,POST,/api/pipeline,True,,1622,65,200,4
1790489626.659439,1790489629.433846,45566.936732,45569.711139,2774.408,POST,/api/pipeline,True,,1621,66,200,4
1790489626.684342,1790489629.458029,45566.961635,45569.735322,2773.687,POST,/api/pipeline,True,,1622,67,200,4
1790489626.718453,1790489629.490801,45566.995746,45569.768094,2772.348,POST,/api/pipeline,True,,1621,68,200,4
1790489626.741535,1790489629.513891,45567.018828,45569.791184,2772.356,POST,/api/pipeline,True,,1622,69,200,4
1790489626.769009,1790489629.543499,45567.046302,45569.820792,2774.49,POST,/api/pipeline,True,,1622,70,200,4
1790489626.793367,1790489629.566552,45567.07066,45569.843845,2773.185,POST,/api/pipeline,True,,1622,71,200,4
1790489626.823932,1790489629.595202,45567.101225,45569.872496,2771.271,POST,/api/pipeline,True,,1622,72,200,4
1790489626.848884,1790489629.62059,45567.126177,45569.897883,2771.706,POST,/api/pipeline,True,,1622,73,200,4
1790489626.877342,1790489629.649822,45567.154635,45569.927115,2772.479,POST,/api/pipeline,True,,1622,74,200,4
1790489626.902885,1790489629.675963,45567.180178,45569.953256,2773.078,POST,/api/pipeline,True,,1622,75,200,4
1790489626.926163,1790489629.703558,45567.203456,45569.98085,2777.395,POST,/api/pipeline,True,,1622,76,200,4
1790489626.957547,1790489629.732797,45567.23484,45570.01009,2775.25,POST,/api/pipeline,True,,1622,77,200,4
1790489626.988785,1790489629.762329,45567.266078,45570.039622,2773.544,POST,/api/pipeline,True,,1621,78,200,4
1790489627.016205,1790489629.787202,45567.293497,45570.064494,2770.997,POST,/api/pipeline,True,,1622,79,200,4
1790489627.04226,1790489629.814486,45567.319552,45570.091778,2772.226,POST,/api/pipeline,True,,1622,80,200,4
1790489627.069277,1790489629.844748,45567.34657,45570.122041,2775.471,POST,/api/pipeline,True,,1621,81,200,4
1790489627.092597,1790489629.870379,45567.369889,45570.147672,2777.782,POST,/api/pipeline,True,,1621,82,200,4
1790489627.124029,1790489629.896879,45567.401322,45570.174172,2772.85,POST,/api/pipeline,True,,1621,83,200,4
1790489627.147609,1790489629.923353,45567.424902,45570.200646,2775.744,POST,/api/pipeline,True,,1622,84,200,4
1790489627.179825,1790489629.95499,45567.457117,45570.232283,2775.166,POST,/api/pipeline,True,,1622,85,200,4
1790489627.207314,1790489629.981877,45567.484606,45570.25917,2774.564,POST,/api/pipeline,True,,1621,86,200,4
1790489627.235184,1790489630.008019,45567.512477,45570.285312,2772.835,POST,/api/pipeline,True,,1622,87,200,4
1790489627.264768,1790489630.036569,45567.542061,45570.313862,2771.801,POST,/api/pipeline,True,,1622,88,200,4
1790489627.284937,1790489630.059276,45567.56223,45570.336569,2774.339,POST,/api/pipeline,True,,1621,89,200,4
1790489627.319575,1790489630.093144,45567.596867,45570.370437,2773.57,POST,/api/pipeline,True,,1618,90,200,4
1790489627.342351,1790489630.1178,45567.619644,45570.395093,2775.45,POST,/api/pipeline,True,,1622,91,200,4
1790489627.374266,1790489630.151448,45567.651559,45570.428741,2777.182,POST,/api/pipeline,True,,1622,92,200,4
1790489627.396328,1790489630.170985,45567.67362,45570.448278,2774.658,POST,/api/pipeline,True,,1622,93,200,4
1790489627.434229,1790489630.209769,45567.711522,45570.487062,2775.54,POST,/api/pipeline,True,,1622,94,200,4
1790489627.452814,1790489630.228505,45567.730107,45570.505797,2775.691,POST,/api/pipeline,True,,1622,95,200,4
1790489627.493018,1790489630.267646,45567.77031,45570.544939,2774.628,POST,/api/pipeline,True,,1620,96,200,4
1790489627.510926,1790489630.288645,45567.788219,45570.565938,2777.72,POST,/api/pipeline,True,,1622,97,200,4
1790489627.551013,1790489630.324229,45567.828305,45570.601522,2773.216,POST,/api/pipeline,True,,1622,98,200,4
1790489627.567854,1790489630.340963,45567.845147,45570.618256,2773.109,POST,/api/pipeline,True,,1622,99,200,4
1790489627.608805,1790489630.38188,45567.886098,45570.659173,2773.075,POST,/api/pipeline,True,,1622,0,200,4
1790489627.63318,1790489630.407348,45567.910474,45570.684641,2774.167,POST,/api/pipeline,True,,1622,1,200,4
1790489627.661217,1790489630.435692,45567.93851,45570.712985,2774.475,POST,/api/pipeline,True,,1622,2,200,4
1790489627.691335,1790489630.466062,45567.968628,45570.743355,2774.727,POST,/api/pipeline,True,,1621,3,200,4
1790489627.716857,1790489630.491051,45567.99415,45570.768344,2774.194,POST,/api/pipeline,True,,1620,4,200,4
1790489627.760226,1790489630.536674,45568.037519,45570.813967,2776.448,POST,/api/pipeline,True,,1621,5,200,4
1790489627.77503,1790489630.54854,45568.052323,45570.825833,2773.51,POST,/api/pipeline,True,,1622,6,200,4
1790489627.819601,1790489630.591086,45568.096894,45570.868378,2771.485,POST,/api/pipeline,True,,1620,7,200,4
1790489627.829374,1790489630.602953,45568.106667,45570.880246,2773.579,POST,/api/pipeline,True,,1621,8,200,4
1790489627.855955,1790489630.631524,45568.133248,45570.908817,2775.569,POST,/api/pipeline,True,,1621,9,200,4
1790489627.883949,1790489630.656228,45568.161241,45570.933521,2772.279,POST,/api/pipeline,True,,1622,10,200,4
1790489627.913421,1790489630.687052,45568.190714,45570.964345,2773.631,POST,/api/pipeline,True,,1620,11,200,4
1790489627.94396,1790489630.716985,45568.221253,45570.994278,2773.025,POST,/api/pipeline,True,,1620,12,200,4
1790489627.966079,1790489630.739688,45568.243372,45571.016981,2773.609,POST,/api/pipeline,True,,1622,13,200,4
1790489628.002203,1790489630.776597,45568.279495,45571.053889,2774.394,POST,/api/pipeline,True,,1621,14,200,4
1790489628.022211,1790489630.797922,45568.299504,45571.075215,2775.711,POST,/api/pipeline,True,,1621,15,200,4
1790489628.057245,1790489630.830945,45568.334538,45571.108237,2773.699,POST,/api/pipeline,True,,1620,16,200,4
1790489628.082733,1790489630.858032,45568.360025,45571.135325,2775.3,POST,/api/pipeline,True,,1622,17,200,4
1790489628.114388,1790489630.88864,45568.39168,45571.165933,2774.253,POST,/api/pipeline,True,,1622,18,200,4
1790489628.140846,1790489630.91302,45568.418139,45571.190312,2772.173,POST,/api/pipeline,True,,1622,19,200,4
1790489628.161891,1790489630.93275,45568.439184,45571.210043,2770.859,POST,/api/pipeline,True,,1622,20,200,4
1790489628.189966,1790489630.962334,45568.467259,45571.239627,2772.368,POST,/api/pipeline,True,,1620,21,200,4
1790489628.215678,1790489630.986481,45568.492971,45571.263774,2770.803,POST,/api/pipeline,True,,1620,22,200,4
1790489628.240966,1790489631.015431,45568.518259,45571.292724,2774.464,POST,/api/pipeline,True,,1620,23,200,4
1790489628.26887,1790489631.041992,45568.546163,45571.319285,2773.122,POST,/api/pipeline,True,,1621,24,200,4
1790489628.297282,1790489631.070992,45568.574575,45571.348285,2773.71,POST,/api/pipeline,True,,1621,25,200,4
1790489628.325825,1790489631.100263,45568.603118,45571.377556,2774.438,POST,/api/pipeline,True,,1621,26,200,4
1790489628.360574,1790489631.133876,45568.637867,45571.411169,2773.302,POST,/api/pipeline,True,,1619,27,200,4
1790489628.382922,1790489631.154097,45568.660215,45571.43139,2771.175,POST,/api/pipeline,True,,1621,28,200,4
1790489628.415616,1790489631.187469,45568.692908,45571.464761,2771.853,POST,/api/pipeline,True,,1621,29,200,4
1790489628.435955,1790489631.209284,45568.713248,45571.486577,2773.329,POST,/api/pipeline,True,,1622,30,200,4
1790489628.469716,1790489631.244609,45568.747009,45571.521902,2774.893,POST,/api/pipeline,True,,1622,31,200,4
1790489628.487343,1790489631.261693,45568.764636,45571.538986,2774.35,POST,/api/pipeline,True,,1622,32,200,4
1790489628.524958,1790489631.299064,45568.802251,45571.576357,2774.106,POST,/api/pipeline,True,,1621,33,200,4
1790489628.542038,1790489631.315612,45568.819331,45571.592905,2773.574,POST,/api/pipeline,True,,1622,34,200,4
1790489628.593926,1790489631.370864,45568.871219,45571.648157,2776.939,POST,/api/pipeline,True,,1621,35,200,4
1790489628.649702,1790489631.430404,45568.926994,45571.707697,2780.703,POST,/api/pipeline,True,,1621,37,200,4
1790489628.655186,1790489631.43242,45568.932479,45571.709713,2777.233,POST,/api/pipeline,True,,1622,36,200,4
1790489628.653063,1790489631.434162,45568.930356,45571.711455,2781.099,POST,/api/pipeline,True,,1620,38,200,4
1790489628.680932,1790489631.453505,45568.958225,45571.730798,2772.573,POST,/api/pipeline,True,,1622,39,200,4
1790489628.712701,1790489631.485891,45568.989994,45571.763184,2773.19,POST,/api/pipeline,True,,1622,40,200,4
1790489628.741208,1790489631.513669,45569.018501,45571.790962,2772.461,POST,/api/pipeline,True,,1622,41,200,4
1790489628.765852,1790489631.539327,45569.043145,45571.81662,2773.475,POST,/api/pipeline,True,,1622,42,200,4
1790489628.796254,1790489631.568585,45569.073547,45571.845878,2772.33,POST,/api/pipeline,True,,1621,43,200,4
1790489628.817756,1790489631.591223,45569.095049,45571.868516,2773.467,POST,/api/pipeline,True,,1622,44,200,4
1790489628.858115,1790489631.631862,45569.135408,45571.909155,2773.747,POST,/api/pipeline,True,,1621,45,200,4
1790489628.870482,1790489631.643117,45569.147775,45571.92041,2772.635,POST,/api/pipeline,True,,1622,46,200,4
1790489628.916736,1790489631.690474,45569.194029,45571.967766,2773.737,POST,/api/pipeline,True,,1622,47,200,4
1790489628.931105,1790489631.704215,45569.208398,45571.981507,2773.109,POST,/api/pipeline,True,,1620,48,200,4
1790489628.953775,1790489631.72737,45569.231068,45572.004662,2773.594,POST,/api/pipeline,True,,1622,49,200,4
1790489628.990911,1790489631.765753,45569.268204,45572.043046,2774.842,POST,/api/pipeline,True,,1620,50,200,4
1790489629.021805,1790489631.794142,45569.299098,45572.071435,2772.338,POST,/api/pipeline,True,,1621,51,200,4
1790489629.049515,1790489631.823997,45569.326808,45572.10129,2774.482,POST,/api/pipeline,True,,1622,52,200,4
1790489629.076102,1790489631.851928,45569.353396,45572.129221,2775.826,POST,/api/pipeline,True,,1622,53,200,4
1790489629.103155,1790489631.876212,45569.380448,45572.153505,2773.057,POST,/api/pipeline,True,,1620,54,200,4
1790489629.13443,1790489631.907864,45569.411723,45572.185156,2773.434,POST,/api/pipeline,True,,1622,55,200,4
1790489629.153847,1790489631.928649,45569.43114,45572.205942,2774.801,POST,/api/pipeline,True,,1622,56,200,4
1790489629.173874,1790489631.94862,45569.451166,45572.225913,2774.746,POST,/api/pipeline,True,,1622,57,200,4
1790489629.211087,1790489631.982467,45569.48838,45572.25976,2771.38,POST,/api/pipeline,True,,1620,58,200,4
1790489629.328441,1790489632.100783,45569.605734,45572.378076,2772.342,POST,/api/pipeline,True,,1622,59,200,4
1790489629.335194,1790489632.116927,45569.612487,45572.39422,2781.733,POST,/api/pipeline,True,,1622,60,200,4
1790489629.394626,1790489632.182906,45569.671919,45572.460198,2788.28,POST,/api/pipeline,True,,1621,62,200,4
1790489629.404045,1790489632.184195,45569.681338,45572.461487,2780.15,POST,/api/pipeline,True,,1622,63,200,4
1790489629.396324,1790489632.186607,45569.673617,45572.463899,2790.282,POST,/api/pipeline,True,,1622,61,200,4
1790489629.40877,1790489632.18785,45569.686062,45572.465143,2779.081,POST,/api/pipeline,True,,1622,65,200,4
1790489629.398975,1790489632.190055,45569.676268,45572.467348,2791.079,POST,/api/pipeline,True,,1622,64,200,4
1790489629.434094,1790489632.207308,45569.711387,45572.484601,2773.214,POST,/api/pipeline,True,,1621,66,200,4
1790489629.458236,1790489632.233804,45569.735528,45572.511097,2775.568,POST,/api/pipeline,True,,1621,67,200,4
1790489629.491065,1790489632.261785,45569.768358,45572.539078,2770.72,POST,/api/pipeline,True,,1621,68,200,4
1790489629.514175,1790489632.286893,45569.791468,45572.564186,2772.718,POST,/api/pipeline,True,,1621,69,200,4
1790489629.543818,1790489632.318239,45569.821111,45572.595532,2774.42,POST,/api/pipeline,True,,1620,70,200,4
1790489629.566779,1790489632.340714,45569.844072,45572.618006,2773.934,POST,/api/pipeline,True,,1622,71,200,4
1790489629.595438,1790489632.368316,45569.872731,45572.645609,2772.878,POST,/api/pipeline,True,,1622,72,200,4
1790489629.620817,1790489632.394625,45569.89811,45572.671918,2773.807,POST,/api/pipeline,True,,1621,73,200,4
1790489629.650097,1790489632.423228,45569.92739,45572.700521,2773.131,POST,/api/pipeline,True,,1621,74,200,4
1790489629.676197,1790489632.449548,45569.95349,45572.72684,2773.35,POST,/api/pipeline,True,,1621,75,200,4
1790489629.703806,1790489632.476545,45569.981099,45572.753838,2772.74,POST,/api/pipeline,True,,1621,76,200,4
1790489629.733088,1790489632.506938,45570.01038,45572.784231,2773.851,POST,/api/pipeline,True,,1621,77,200,4
1790489629.762564,1790489632.534519,45570.039856,45572.811812,2771.956,POST,/api/pipeline,True,,1620,78,200,4
1790489629.787451,1790489632.561913,45570.064743,45572.839206,2774.463,POST,/api/pipeline,True,,1622,79,200,4
1790489629.814961,1790489632.588217,45570.092254,45572.86551,2773.256,POST,/api/pipeline,True,,1620,80,200,4
1790489629.84502,1790489632.615865,45570.122313,45572.893158,2770.845,POST,/api/pipeline,True,,1622,81,200,4
1790489629.870606,1790489632.641321,45570.147899,45572.918614,2770.715,POST,/api/pipeline,True,,1621,82,200,4
1790489629.897147,1790489632.674112,45570.17444,45572.951404,2776.965,POST,/api/pipeline,True,,1622,83,200,4
1790489629.923591,1790489632.700751,45570.200884,45572.978043,2777.159,POST,/api/pipeline,True,,1622,84,200,4
1790489629.955262,1790489632.726393,45570.232555,45573.003686,2771.131,POST,/api/pipeline,True,,1621,85,200,4
1790489629.982129,1790489632.759466,45570.259422,45573.036759,2777.337,POST,/api/pipeline,True,,1622,86,200,4
1790489630.008374,1790489632.78054,45570.285667,45573.057833,2772.166,POST,/api/pipeline,True,,1622,87,200,4
1790489630.037785,1790489632.812998,45570.315078,45573.090291,2775.213,POST,/api/pipeline,True,,1622,88,200,4
1790489630.059523,1790489632.833499,45570.336815,45573.110792,2773.977,POST,/api/pipeline,True,,1622,89,200,4
1790489630.093391,1790489632.868907,45570.370684,45573.1462,2775.517,POST,/api/pipeline,True,,1621,90,200,4
1790489630.118019,1790489632.894376,45570.395311,45573.171669,2776.357,POST,/api/pipeline,True,,1622,91,200,4
1790489630.151727,1790489632.928877,45570.42902,45573.20617,2777.15,POST,/api/pipeline,True,,1621,92,200,4
1790489630.171226,1790489632.943871,45570.448519,45573.221164,2772.646,POST,/api/pipeline,True,,1622,93,200,4
1790489630.209994,1790489632.983658,45570.487287,45573.260951,2773.664,POST,/api/pipeline,True,,1622,94,200,4
1790489630.22878,1790489633.003217,45570.506072,45573.28051,2774.438,POST,/api/pipeline,True,,1622,95,200,4
1790489630.267868,1790489633.038555,45570.545161,45573.315848,2770.688,POST,/api/pipeline,True,,1622,96,200,4
1790489630.288875,1790489633.061456,45570.566168,45573.338749,2772.581,POST,/api/pipeline,True,,1622,97,200,4
1790489630.324468,1790489633.097688,45570.601761,45573.374981,2773.22,POST,/api/pipeline,True,,1622,98,200,4
1790489630.341164,1790489633.113775,45570.618456,45573.391068,2772.612,POST,/api/pipeline,True,,1621,99,200,4
1790489630.382096,1790489633.155617,45570.659389,45573.43291,2773.521,POST,/api/pipeline,True,,1622,0,200,4
1790489630.408239,1790489633.189498,45570.685532,45573.466791,2781.259,POST,/api/pipeline,True,,1621,1,200,4
1790489630.435914,1790489633.208883,45570.713206,45573.486176,2772.969,POST,/api/pipeline,True,,1622,2,200,4
1790489630.466289,1790489633.238623,45570.743582,45573.515917,2772.335,POST,/api/pipeline,True,,1621,3,200,4
1790489630.49127,1790489633.266667,45570.768563,45573.54396,2775.397,POST,/api/pipeline,True,,1621,4,200,4
1790489630.536911,1790489633.310364,45570.814204,45573.587657,2773.453,POST,/api/pipeline,True,,1621,5,200,4
1790489630.548766,1790489633.321837,45570.826058,45573.59913,2773.072,POST,/api/pipeline,True,,1621,6,200,4
1790489630.591317,1790489633.365777,45570.86861,45573.64307,2774.46,POST,/api/pipeline,True,,1621,7,200,4
1790489630.603192,1790489633.374523,45570.880485,45573.651816,2771.331,POST,/api/pipeline,True,,1620,8,200,4
1790489630.631779,1790489633.406183,45570.909072,45573.683476,2774.404,POST,/api/pipeline,True,,1622,9,200,4
1790489630.656556,1790489633.430663,45570.933849,45573.707956,2774.107,POST,/api/pipeline,True,,1620,10,200,4
1790489630.687316,1790489633.459302,45570.964609,45573.736595,2771.986,POST,/api/pipeline,True,,1622,11,200,4
1790489630.717246,1790489633.492576,45570.994538,45573.769868,2775.33,POST,/api/pipeline,True,,1622,12,200,4
1790489630.739903,1790489633.513352,45571.017196,45573.790645,2773.449,POST,/api/pipeline,True,,1622,13,200,4
1790489630.776822,1790489633.551752,45571.054115,45573.829045,2774.93,POST,/api/pipeline,True,,1622,14,200,4
1790489630.798208,1790489633.57406,45571.075501,45573.851353,2775.852,POST,/api/pipeline,True,,1622,15,200,4
1790489630.831204,1790489633.605496,45571.108497,45573.882789,2774.293,POST,/api/pipeline,True,,1622,16,200,4
1790489630.858261,1790489633.63259,45571.135554,45573.909883,2774.329,POST,/api/pipeline,True,,1621,17,200,4
1790489630.888868,1790489633.660334,45571.166161,45573.937627,2771.467,POST,/api/pipeline,True,,1621,18,200,4
1790489630.913252,1790489633.684912,45571.190545,45573.962205,2771.66,POST,/api/pipeline,True,,1619,19,200,4
1790489630.932975,1790489633.70494,45571.210268,45573.982233,2771.965,POST,/api/pipeline,True,,1621,20,200,4
1790489630.962554,1790489633.733451,45571.239846,45574.010744,2770.897,POST,/api/pipeline,True,,1622,21,200,4
1790489630.986702,1790489633.762119,45571.263995,45574.039412,2775.417,POST,/api/pipeline,True,,1622,22,200,4
1790489631.015713,1790489633.791634,45571.293006,45574.068927,2775.921,POST,/api/pipeline,True,,1620,23,200,4
1790489631.042228,1790489633.816757,45571.319521,45574.09405,2774.529,POST,/api/pipeline,True,,1622,24,200,4
1790489631.071253,1790489633.844219,45571.348546,45574.121512,2772.966,POST,/api/pipeline,True,,1621,25,200,4
1790489631.100513,1790489633.874425,45571.377805,45574.151718,2773.913,POST,/api/pipeline,True,,1621,26,200,4
1790489631.134108,1790489633.904866,45571.411401,45574.182159,2770.759,POST,/api/pipeline,True,,1622,27,200,4
1790489631.154349,1790489633.928964,45571.431642,45574.206257,2774.615,POST,/api/pipeline,True,,1622,28,200,4
1790489631.1877,1790489633.963977,45571.464993,45574.241269,2776.276,POST,/api/pipeline,True,,1622,29,200,4
1790489631.209533,1790489633.982489,45571.486826,45574.259782,2772.956,POST,/api/pipeline,True,,1622,30,200,4
1790489631.244898,1790489634.017823,45571.522191,45574.295115,2772.925,POST,/api/pipeline,True,,1622,31,200,4
1790489631.261964,1790489634.035351,45571.539257,45574.312643,2773.386,POST,/api/pipeline,True,,1621,32,200,4
1790489631.299303,1790489634.072428,45571.576596,45574.349721,2773.125,POST,/api/pipeline,True,,1622,33,200,4
1790489631.31584,1790489634.089334,45571.593134,45574.366627,2773.493,POST,/api/pipeline,True,,1622,34,200,4
1790489631.371136,1790489634.142005,45571.648429,45574.419298,2770.868,POST,/api/pipeline,True,,1622,35,200,4
1790489631.432666,1790489634.206285,45571.709958,45574.483578,2773.62,POST,/api/pipeline,True,,1622,36,200,4
1790489631.434372,1790489634.209442,45571.711665,45574.486735,2775.07,POST,/api/pipeline,True,,1621,38,200,4
1790489631.430596,1790489634.210511,45571.707889,45574.487804,2779.915,POST,/api/pipeline,True,,1622,37,200,4
1790489631.453741,1790489634.22692,45571.731034,45574.504213,2773.178,POST,/api/pipeline,True,,1622,39,200,4
1790489631.486115,1790489634.260367,45571.763408,45574.53766,2774.252,POST,/api/pipeline,True,,1621,40,200,4
1790489631.513883,1790489634.285923,45571.791176,45574.563216,2772.04,POST,/api/pipeline,True,,1620,41,200,4
1790489631.539564,1790489634.311596,45571.816857,45574.588889,2772.032,POST,/api/pipeline,True,,1619,42,200,4
1790489631.568817,1790489634.344846,45571.846109,45574.622138,2776.029,POST,/api/pipeline,True,,1622,43,200,4
1790489631.591465,1790489634.36459,45571.868758,45574.641883,2773.125,POST,/api/pipeline,True,,1622,44,200,4
1790489631.632084,1790489634.405176,45571.909377,45574.682469,2773.092,POST,/api/pipeline,True,,1622,45,200,4
1790489631.643346,1790489634.418311,45571.920639,45574.695604,2774.965,POST,/api/pipeline,True,,1620,46,200,4
1790489631.690696,1790489634.464715,45571.967988,45574.742008,2774.02,POST,/api/pipeline,True,,1620,47,200,4
1790489631.704437,1790489634.479603,45571.98173,45574.756896,2775.166,POST,/api/pipeline,True,,1622,48,200,4
1790489631.727623,1790489634.502079,45572.004916,45574.779372,2774.457,POST,/api/pipeline,True,,1621,49,200,4
1790489631.765998,1790489634.539538,45572.043291,45574.816831,2773.54,POST,/api/pipeline,True,,1622,50,200,4
1790489631.794417,1790489634.5693,45572.07171,45574.846593,2774.883,POST,/api/pipeline,True,,1620,51,200,4
1790489631.824277,1790489634.596396,45572.101571,45574.87369,2772.119,POST,/api/pipeline,True,,1621,52,200,4
1790489631.852225,1790489634.627625,45572.129518,45574.904918,2775.4,POST,/api/pipeline,True,,1622,53,200,4
1790489631.87645,1790489634.650326,45572.153743,45574.927619,2773.876,POST,/api/pipeline,True,,1621,54,200,4
1790489631.908209,1790489634.681188,45572.185502,45574.958481,2772.979,POST,/api/pipeline,True,,1621,55,200,4
1790489631.928954,1790489634.702178,45572.206247,45574.979471,2773.223,POST,/api/pipeline,True,,1621,56,200,4
1790489631.948972,1790489634.722815,45572.226265,45575.000108,2773.843,POST,/api/pipeline,True,,1622,57,200,4
1790489631.982702,1790489634.755396,45572.259994,45575.032689,2772.695,POST,/api/pipeline,True,,1621,58,200,4
1790489632.101034,1790489634.873604,45572.378327,45575.150897,2772.57,POST,/api/pipeline,True,,1622,59,200,4
1790489632.117219,1790489634.891216,45572.394512,45575.168509,2773.997,POST,/api/pipeline,True,,1619,60,200,4
1790489632.184846,1790489634.965099,45572.462139,45575.242392,2780.253,POST,/api/pipeline,True,,1622,63,200,4
1790489632.186888,1790489634.967412,45572.46418,45575.244705,2780.524,POST,/api/pipeline,True,,1622,61,200,4
1790489632.188371,1790489634.970939,45572.465664,45575.248232,2782.568,POST,/api/pipeline,True,,1622,65,200,4
1790489632.183124,1790489634.97197,45572.460417,45575.249263,2788.846,POST,/api/pipeline,True,,1619,62,200,4
1790489632.19023,1790489634.973258,45572.467523,45575.250551,2783.028,POST,/api/pipeline,True,,1619,64,200,4
1790489632.207538,1790489634.980986,45572.48483,45575.258279,2773.449,POST,/api/pipeline,True,,1622,66,200,4
1790489632.234034,1790489635.005634,45572.511326,45575.282927,2771.6,POST,/api/pipeline,True,,1621,67,200,4
1790489632.262074,1790489635.042239,45572.539367,45575.319532,2780.164,POST,/api/pipeline,True,,1619,68,200,4
1790489632.287119,1790489635.060475,45572.564412,45575.337768,2773.355,POST,/api/pipeline,True,,1621,69,200,4
1790489632.318516,1790489635.090266,45572.595809,45575.367559,2771.75,POST,/api/pipeline,True,,1620,70,200,4
1790489632.340966,1790489635.114184,45572.618258,45575.391477,2773.218,POST,/api/pipeline,True,,1622,71,200,4
1790489632.368546,1790489635.141537,45572.645839,45575.41883,2772.991,POST,/api/pipeline,True,,1622,72,200,4
1790489632.394982,1790489635.169683,45572.672274,45575.446975,2774.701,POST,/api/pipeline,True,,1621,73,200,4
1790489632.423468,1790489635.195116,45572.700761,45575.472409,2771.648,POST,/api/pipeline,True,,1621,74,200,4
1790489632.449773,1790489635.223287,45572.727066,45575.50058,2773.514,POST,/api/pipeline,True,,1622,75,200,4
1790489632.476771,1790489635.251353,45572.754064,45575.528646,2774.582,POST,/api/pipeline,True,,1622,76,200,4
1790489632.507212,1790489635.284017,45572.784505,45575.56131,2776.805,POST,/api/pipeline,True,,1622,77,200,4
1790489632.534845,1790489635.306873,45572.812137,45575.584166,2772.029,POST,/api/pipeline,True,,1622,78,200,4
1790489632.562199,1790489635.334418,45572.839492,45575.611711,2772.219,POST,/api/pipeline,True,,1621,79,200,4
1790489632.588453,1790489635.359713,45572.865746,45575.637006,2771.26,POST,/api/pipeline,True,,1622,80,200,4
1790489632.616092,1790489635.392578,45572.893385,45575.669871,2776.486,POST,/api/pipeline,True,,1622,81,200,4
1790489632.641553,1790489635.419108,45572.918846,45575.696401,2777.556,POST,/api/pipeline,True,,1622,82,200,4
1790489632.674393,1790489635.445987,45572.951686,45575.72328,2771.594,POST,/api/pipeline,True,,1622,83,200,4
1790489632.701042,1790489635.478039,45572.978334,45575.755332,2776.998,POST,/api/pipeline,True,,1622,84,200,4
1790489632.726618,1790489635.5025,45573.003911,45575.779793,2775.882,POST,/api/pipeline,True,,1620,85,200,4
1790489632.759757,1790489635.53253,45573.03705,45575.809823,2772.773,POST,/api/pipeline,True,,1622,86,200,4
1790489632.780895,1790489635.554827,45573.058187,45575.83212,2773.932,POST,/api/pipeline,True,,1622,87,200,4
1790489632.813233,1790489635.587389,45573.090526,45575.864682,2774.156,POST,/api/pipeline,True,,1622,88,200,4
1790489632.833734,1790489635.608442,45573.111027,45575.885735,2774.708,POST,/api/pipeline,True,,1622,89,200,4
1790489632.869167,1790489635.647373,45573.146459,45575.924666,2778.207,POST,/api/pipeline,True,,1621,90,200,4
1790489632.894605,1790489635.668543,45573.171898,45575.945836,2773.938,POST,/api/pipeline,True,,1621,91,200,4
1790489632.929113,1790489635.701523,45573.206406,45575.978816,2772.41,POST,/api/pipeline,True,,1622,92,200,4
1790489632.944098,1790489635.718202,45573.221391,45575.995495,2774.103,POST,/api/pipeline,True,,1622,93,200,4
1790489632.983882,1790489635.756227,45573.261175,45576.03352,2772.345,POST,/api/pipeline,True,,1622,94,200,4
1790489633.003474,1790489635.778046,45573.280768,45576.055339,2774.572,POST,/api/pipeline,True,,1621,95,200,4
1790489633.038788,1790489635.813892,45573.316081,45576.091185,2775.104,POST,/api/pipeline,True,,1622,96,200,4
1790489633.06174,1790489635.83699,45573.339033,45576.114283,2775.249,POST,/api/pipeline,True,,1621,97,200,4
1790489633.097901,1790489635.871926,45573.375194,45576.149219,2774.025,POST,/api/pipeline,True,,1621,98,200,4
1790489633.113985,1790489635.889806,45573.391278,45576.167098,2775.82,POST,/api/pipeline,True,,1622,99,200,4
1790489633.155839,1790489635.926388,45573.433131,45576.20368,2770.549,POST,/api/pipeline,True,,1619,0,200,4
1790489633.190179,1790489635.966853,45573.467471,45576.244145,2776.674,POST,/api/pipeline,True,,1621,1,200,4
1790489633.209123,1790489635.984371,45573.486416,45576.261664,2775.248,POST,/api/pipeline,True,,1622,2,200,4
1790489633.238989,1790489636.012598,45573.516282,45576.289891,2773.609,POST,/api/pipeline,True,,1621,3,200,4
1790489633.266971,1790489636.041504,45573.544264,45576.318797,2774.533,POST,/api/pipeline,True,,1622,4,200,4
1790489633.310621,1790489636.084501,45573.587914,45576.361794,2773.88,POST,/api/pipeline,True,,1622,5,200,4
1790489633.322064,1790489636.095301,45573.599357,45576.372594,2773.237,POST,/api/pipeline,True,,1621,6,200,4
1790489633.365993,1790489636.137988,45573.643287,45576.415281,2771.995,POST,/api/pipeline,True,,1621,7,200,4
1790489633.374735,1790489636.14905,45573.652028,45576.426343,2774.314,POST,/api/pipeline,True,,1621,8,200,4
1790489633.406463,1790489636.179199,45573.683756,45576.456492,2772.736,POST,/api/pipeline,True,,1621,9,200,4
1790489633.431033,1790489636.203647,45573.708326,45576.48094,2772.614,POST,/api/pipeline,True,,1622,10,200,4
1790489633.459548,1790489636.233872,45573.736841,45576.511165,2774.323,POST,/api/pipeline,True,,1622,11,200,4
1790489633.492861,1790489636.267683,45573.770153,45576.544975,2774.822,POST,/api/pipeline,True,,1621,12,200,4
1790489633.513551,1790489636.288251,45573.790844,45576.565544,2774.7,POST,/api/pipeline,True,,1621,13,200,4
1790489633.551981,1790489636.324807,45573.829274,45576.6021,2772.826,POST,/api/pipeline,True,,1622,14,200,4
1790489633.574283,1790489636.347992,45573.851575,45576.625285,2773.71,POST,/api/pipeline,True,,1622,15,200,4
1790489633.605717,1790489636.382347,45573.88301,45576.65964,2776.63,POST,/api/pipeline,True,,1622,16,200,4
1790489633.632818,1790489636.408387,45573.910111,45576.68568,2775.569,POST,/api/pipeline,True,,1622,17,200,4
1790489633.660616,1790489636.435363,45573.937909,45576.712656,2774.747,POST,/api/pipeline,True,,1622,18,200,4
1790489633.68515,1790489636.459215,45573.962443,45576.736508,2774.065,POST,/api/pipeline,True,,1621,19,200,4
1790489633.705177,1790489636.479377,45573.98247,45576.756669,2774.199,POST,/api/pipeline,True,,1622,20,200,4
1790489633.733681,1790489636.509038,45574.010974,45576.786331,2775.358,POST,/api/pipeline,True,,1622,21,200,4
1790489633.762355,1790489636.536981,45574.039648,45576.814274,2774.626,POST,/api/pipeline,True,,1622,22,200,4
1790489633.791919,1790489636.566137,45574.069212,45576.84343,2774.218,POST,/api/pipeline,True,,1622,23,200,4
1790489633.816983,1790489636.591017,45574.094276,45576.86831,2774.033,POST,/api/pipeline,True,,1620,24,200,4
1790489633.844504,1790489636.617482,45574.121797,45576.894775,2772.978,POST,/api/pipeline,True,,1621,25,200,4
1790489633.874707,1790489636.649535,45574.152,45576.926828,2774.828,POST,/api/pipeline,True,,1620,26,200,4
1790489633.90508,1790489636.679758,45574.182372,45576.957051,2774.679,POST,/api/pipeline,True,,1621,27,200,4
1790489633.929252,1790489636.701181,45574.206545,45576.978474,2771.929,POST,/api/pipeline,True,,1621,28,200,4
1790489633.964204,1790489636.738126,45574.241496,45577.015419,2773.923,POST,/api/pipeline,True,,1622,29,200,4
1790489633.982715,1790489636.756027,45574.260008,45577.03332,2773.312,POST,/api/pipeline,True,,1622,30,200,4
1790489634.018125,1790489636.790178,45574.295418,45577.067471,2772.053,POST,/api/pipeline,True,,1622,31,200,4
1790489634.035602,1790489636.808987,45574.312895,45577.08628,2773.385,POST,/api/pipeline,True,,1619,32,200,4
1790489634.072649,1790489636.848976,45574.349942,45577.126269,2776.327,POST,/api/pipeline,True,,1619,33,200,4
1790489634.089556,1790489636.863567,45574.366849,45577.14086,2774.011,POST,/api/pipeline,True,,1622,34,200,4
1790489634.142231,1790489636.915583,45574.419524,45577.192876,2773.352,POST,/api/pipeline,True,,1621,35,200,4
1790489634.206585,1790489636.984004,45574.483878,45577.261297,2777.419,POST,/api/pipeline,True,,1622,36,200,4
1790489634.209633,1790489636.985749,45574.486926,45577.263042,2776.117,POST,/api/pipeline,True,,1621,38,200,4
1790489634.211287,1790489636.988035,45574.48858,45577.265328,2776.748,POST,/api/pipeline,True,,1622,37,200,4
1790489634.227176,1790489637.00031,45574.504469,45577.277603,2773.134,POST,/api/pipeline,True,,1620,39,200,4
1790489634.260591,1790489637.034356,45574.537884,45577.311649,2773.765,POST,/api/pipeline,True,,1622,40,200,4
1790489634.286144,1790489637.061187,45574.563436,45577.33848,2775.043,POST,/api/pipeline,True,,1621,41,200,4
1790489634.311851,1790489637.082008,45574.589143,45577.359301,2770.157,POST,/api/pipeline,True,,1621,42,200,4
1790489634.345073,1790489637.120928,45574.622365,45577.39822,2775.855,POST,/api/pipeline,True,,1620,43,200,4
1790489634.364818,1790489637.13723,45574.642111,45577.414522,2772.412,POST,/api/pipeline,True,,1622,44,200,4
1790489634.405381,1790489637.179198,45574.682674,45577.45649,2773.817,POST,/api/pipeline,True,,1621,45,200,4
1790489634.418533,1790489637.190234,45574.695826,45577.467527,2771.701,POST,/api/pipeline,True,,1621,46,200,4
1790489634.464951,1790489637.237644,45574.742244,45577.514937,2772.693,POST,/api/pipeline,True,,1621,47,200,4
1790489634.479831,1790489637.250621,45574.757124,45577.527914,2770.79,POST,/api/pipeline,True,,1621,48,200,4
1790489634.502313,1790489637.275367,45574.779606,45577.552659,2773.054,POST,/api/pipeline,True,,1620,49,200,4
1790489634.539809,1790489637.314161,45574.817102,45577.591454,2774.352,POST,/api/pipeline,True,,1620,50,200,4
1790489634.56953,1790489637.344448,45574.846823,45577.621741,2774.919,POST,/api/pipeline,True,,1622,51,200,4
1790489634.596651,1790489637.368513,45574.873943,45577.645805,2771.862,POST,/api/pipeline,True,,1622,52,200,4
1790489634.627899,1790489637.40144,45574.905192,45577.678733,2773.541,POST,/api/pipeline,True,,1621,53,200,4
1790489634.650631,1790489637.422799,45574.927923,45577.700092,2772.169,POST,/api/pipeline,True,,1621,54,200,4
1790489634.681429,1790489637.456566,45574.958722,45577.733859,2775.137,POST,/api/pipeline,True,,1622,55,200,4
1790489634.702416,1790489637.477231,45574.979709,45577.754523,2774.814,POST,/api/pipeline,True,,1622,56,200,4
1790489634.723101,1790489637.496474,45575.000394,45577.773767,2773.373,POST,/api/pipeline,True,,1622,57,200,4
1790489634.755647,1790489637.531845,45575.03294,45577.809138,2776.199,POST,/api/pipeline,True,,1622,58,200,4
1790489634.873885,1790489637.64878,45575.151178,45577.926072,2774.895,POST,/api/pipeline,True,,1621,59,200,4
1790489634.89145,1790489637.664187,45575.168743,45577.94148,2772.737,POST,/api/pipeline,True,,1622,60,200,4
1790489634.967669,1790489637.763551,45575.244962,45578.040844,2795.882,POST,/api/pipeline,True,,1622,61,200,4
1790489634.972506,1790489637.765465,45575.249799,45578.042758,2792.959,POST,/api/pipeline,True,,1622,62,200,4
1790489634.973699,1790489637.768553,45575.250992,45578.045846,2794.854,POST,/api/pipeline,True,,1622,64,200,4
1790489634.96537,1790489637.769715,45575.242663,45578.047008,2804.345,POST,/api/pipeline,True,,1619,63,200,4
1790489634.981202,1790489637.772523,45575.258495,45578.049816,2791.321,POST,/api/pipeline,True,,1622,66,200,4
1790489634.971121,1790489637.773992,45575.248414,45578.051285,2802.871,POST,/api/pipeline,True,,1622,65,200,4
1790489635.005859,1790489637.780055,45575.283152,45578.057348,2774.197,POST,/api/pipeline,True,,1622,67,200,4
1790489635.042598,1790489637.819743,45575.319891,45578.097036,2777.144,POST,/api/pipeline,True,,1622,68,200,4
1790489635.06068,1790489637.838375,45575.337973,45578.115668,2777.694,POST,/api/pipeline,True,,1621,69,200,4
1790489635.090519,1790489637.862492,45575.367812,45578.139785,2771.973,POST,/api/pipeline,True,,1622,70,200,4
1790489635.114449,1790489637.888564,45575.391742,45578.165857,2774.115,POST,/api/pipeline,True,,1622,71,200,4
1790489635.141759,1790489637.915059,45575.419052,45578.192352,2773.3,POST,/api/pipeline,True,,1622,72,200,4
1790489635.169983,1790489637.943164,45575.447276,45578.220457,2773.181,POST,/api/pipeline,True,,1621,73,200,4
1790489635.195378,1790489637.969983,45575.472671,45578.247276,2774.605,POST,/api/pipeline,True,,1621,74,200,4
1790489635.22353,1790489638.001381,45575.500822,45578.278674,2777.852,POST,/api/pipeline,True,,1622,75,200,4
1790489635.251672,1790489638.025685,45575.528965,45578.302978,2774.013,POST,/api/pipeline,True,,1621,76,200,4
1790489635.284274,1790489638.059823,45575.561567,45578.337116,2775.549,POST,/api/pipeline,True,,1622,77,200,4
1790489635.307135,1790489638.079033,45575.584428,45578.356326,2771.898,POST,/api/pipeline,True,,1621,78,200,4
1790489635.334654,1790489638.108749,45575.611946,45578.386042,2774.096,POST,/api/pipeline,True,,1620,79,200,4
1790489635.359945,1790489638.134482,45575.637238,45578.411775,2774.537,POST,/api/pipeline,True,,1622,80,200,4
1790489635.392817,1790489638.164513,45575.67011,45578.441806,2771.696,POST,/api/pipeline,True,,1622,81,200,4
1790489635.419353,1790489638.193086,45575.696646,45578.470379,2773.733,POST,/api/pipeline,True,,1622,82,200,4
1790489635.446197,1790489638.217538,45575.72349,45578.494831,2771.341,POST,/api/pipeline,True,,1622,83,200,4
1790489635.478256,1790489638.252853,45575.755549,45578.530146,2774.597,POST,/api/pipeline,True,,1619,84,200,4
1790489635.502715,1790489638.276354,45575.780008,45578.553647,2773.639,POST,/api/pipeline,True,,1622,85,200,4
1790489635.532793,1790489638.307666,45575.810086,45578.584958,2774.873,POST,/api/pipeline,True,,1622,86,200,4
1790489635.555178,1790489638.329277,45575.832471,45578.60657,2774.099,POST,/api/pipeline,True,,1622,87,200,4
1790489635.587723,1790489638.367878,45575.865016,45578.645171,2780.155,POST,/api/pipeline,True,,1619,88,200,4
1790489635.608682,1790489638.388634,45575.885975,45578.665927,2779.952,POST,/api/pipeline,True,,1622,89,200,4
1790489635.647611,1790489638.420878,45575.924904,45578.698171,2773.267,POST,/api/pipeline,True,,1621,90,200,4
1790489635.668767,1790489638.441317,45575.94606,45578.71861,2772.551,POST,/api/pipeline,True,,1619,91,200,4
1790489635.701746,1790489638.475,45575.979038,45578.752293,2773.255,POST,/api/pipeline,True,,1622,92,200,4
1790489635.718452,1790489638.495517,45575.995745,45578.77281,2777.065,POST,/api/pipeline,True,,1621,93,200,4
1790489635.756465,1790489638.533114,45576.033758,45578.810407,2776.649,POST,/api/pipeline,True,,1622,94,200,4
1790489635.77829,1790489638.559741,45576.055582,45578.837033,2781.451,POST,/api/pipeline,True,,1622,95,200,4
1790489635.814186,1790489638.588246,45576.091479,45578.865539,2774.06,POST,/api/pipeline,True,,1622,96,200,4
1790489635.837264,1790489638.609957,45576.114557,45578.88725,2772.692,POST,/api/pipeline,True,,1620,97,200,4
1790489635.872135,1790489638.645369,45576.149428,45578.922662,2773.234,POST,/api/pipeline,True,,1622,98,200,4
1790489635.889997,1790489638.66238,45576.16729,45578.939673,2772.383,POST,/api/pipeline,True,,1622,99,200,4
1790489635.92661,1790489638.702561,45576.203903,45578.979854,2775.951,POST,/api/pipeline,True,,1622,0,200,4
1790489635.9671,1790489638.739251,45576.244393,45579.016544,2772.15,POST,/api/pipeline,True,,1622,1,200,4
1790489635.984628,1790489638.757749,45576.261921,45579.035042,2773.12,POST,/api/pipeline,True,,1622,2,200,4
1790489636.012845,1790489638.790653,45576.290138,45579.067946,2777.808,POST,/api/pipeline,True,,1621,3,200,4
1790489636.041787,1790489638.815338,45576.31908,45579.092631,2773.551,POST,/api/pipeline,True,,1621,4,200,4
1790489636.084785,1790489638.856424,45576.362077,45579.133717,2771.64,POST,/api/pipeline,True,,1622,5,200,4
1790489636.095538,1790489638.868013,45576.372831,45579.145306,2772.475,POST,/api/pipeline,True,,1622,6,200,4
1790489636.138197,1790489638.911628,45576.41549,45579.188921,2773.431,POST,/api/pipeline,True,,1621,7,200,4
1790489636.149273,1790489638.92331,45576.426566,45579.200603,2774.037,POST,/api/pipeline,True,,1621,8,200,4
1790489636.179455,1790489638.953023,45576.456747,45579.230316,2773.568,POST,/api/pipeline,True,,1621,9,200,4
1790489636.203871,1790489638.977679,45576.481164,45579.254972,2773.808,POST,/api/pipeline,True,,1622,10,200,4
1790489636.234121,1790489639.005593,45576.511414,45579.282886,2771.472,POST,/api/pipeline,True,,1622,11,200,4
1790489636.267917,1790489639.04204,45576.54521,45579.319333,2774.123,POST,/api/pipeline,True,,1622,12,200,4
1790489636.288468,1790489639.061921,45576.56576,45579.339214,2773.453,POST,/api/pipeline,True,,1621,13,200,4
1790489636.325073,1790489639.100416,45576.602365,45579.377709,2775.343,POST,/api/pipeline,True,,1622,14,200,4
1790489636.348217,1790489639.125165,45576.62551,45579.402458,2776.948,POST,/api/pipeline,True,,1622,15,200,4
1790489636.382571,1790489639.154633,45576.659864,45579.431926,2772.062,POST,/api/pipeline,True,,1621,16,200,4
1790489636.408623,1790489639.183264,45576.685915,45579.460557,2774.642,POST,/api/pipeline,True,,1622,17,200,4
1790489636.435614,1790489639.208422,45576.712907,45579.485715,2772.808,POST,/api/pipeline,True,,1620,18,200,4
1790489636.459446,1790489639.23291,45576.736739,45579.510203,2773.464,POST,/api/pipeline,True,,1622,19,200,4
1790489636.479598,1790489639.253073,45576.756891,45579.530366,2773.475,POST,/api/pipeline,True,,1621,20,200,4
1790489636.50927,1790489639.284859,45576.786563,45579.562152,2775.589,POST,/api/pipeline,True,,1621,21,200,4
1790489636.537205,1790489639.311164,45576.814498,45579.588457,2773.959,POST,/api/pipeline,True,,1621,22,200,4
1790489636.566367,1790489639.339798,45576.84366,45579.617091,2773.431,POST,/api/pipeline,True,,1621,23,200,4
1790489636.591247,1790489639.368611,45576.86854,45579.645904,2777.364,POST,/api/pipeline,True,,1621,24,200,4
1790489636.61774,1790489639.393927,45576.895033,45579.67122,2776.187,POST,/api/pipeline,True,,1620,25,200,4
1790489636.649771,1790489639.422907,45576.927064,45579.700199,2773.135,POST,/api/pipeline,True,,1622,26,200,4
1790489636.679981,1790489639.454183,45576.957274,45579.731476,2774.203,POST,/api/pipeline,True,,1622,27,200,4
1790489636.701466,1790489639.476784,45576.978759,45579.754077,2775.318,POST,/api/pipeline,True,,1621,28,200,4
1790489636.738349,1790489639.512379,45577.015642,45579.789672,2774.03,POST,/api/pipeline,True,,1622,29,200,4
1790489636.756253,1790489639.527481,45577.033546,45579.804774,2771.228,POST,/api/pipeline,True,,1621,30,200,4
1790489636.790407,1790489639.565196,45577.0677,45579.842489,2774.788,POST,/api/pipeline,True,,1622,31,200,4
1790489636.809211,1790489639.581852,45577.086504,45579.859145,2772.641,POST,/api/pipeline,True,,1619,32,200,4
1790489636.849203,1790489639.623277,45577.126495,45579.90057,2774.075,POST,/api/pipeline,True,,1622,33,200,4
1790489636.863811,1790489639.636332,45577.141104,45579.913625,2772.521,POST,/api/pipeline,True,,1622,34,200,4
1790489636.915819,1790489639.690402,45577.193112,45579.967695,2774.583,POST,/api/pipeline,True,,1622,35,200,4
1790489636.984235,1790489639.760837,45577.261528,45580.03813,2776.602,POST,/api/pipeline,True,,1622,36,200,4
1790489636.988276,1790489639.762603,45577.265569,45580.039895,2774.326,POST,/api/pipeline,True,,1621,37,200,4
1790489636.985941,1790489639.769302,45577.263234,45580.046595,2783.361,POST,/api/pipeline,True,,1622,38,200,4
1790489637.000548,1790489639.770993,45577.277841,45580.048286,2770.445,POST,/api/pipeline,True,,1620,39,200,4
1790489637.034584,1790489639.807141,45577.311877,45580.084434,2772.556,POST,/api/pipeline,True,,1621,40,200,4
1790489637.061409,1790489639.836707,45577.338702,45580.114,2775.298,POST,/api/pipeline,True,,1622,41,200,4
1790489637.082248,1790489639.857021,45577.359541,45580.134314,2774.772,POST,/api/pipeline,True,,1620,42,200,4
1790489637.121166,1790489639.896119,45577.398459,45580.173412,2774.953,POST,/api/pipeline,True,,1622,43,200,4
1790489637.137483,1790489639.908408,45577.414776,45580.185701,2770.925,POST,/api/pipeline,True,,1622,44,200,4
1790489637.179428,1790489639.951743,45577.456721,45580.229036,2772.315,POST,/api/pipeline,True,,1622,45,200,4
1790489637.190448,1790489639.962201,45577.467741,45580.239493,2771.753,POST,/api/pipeline,True,,1621,46,200,4
1790489637.237872,1790489640.011996,45577.515165,45580.289289,2774.124,POST,/api/pipeline,True,,1622,47,200,4
1790489637.250952,1790489640.02433,45577.528244,45580.301623,2773.379,POST,/api/pipeline,True,,1622,48,200,4
1790489637.275612,1790489640.048504,45577.552905,45580.325797,2772.893,POST,/api/pipeline,True,,1620,49,200,4
1790489637.314512,1790489640.086849,45577.591805,45580.364142,2772.337,POST,/api/pipeline,True,,1621,50,200,4
1790489637.344684,1790489640.118265,45577.621977,45580.395557,2773.581,POST,/api/pipeline,True,,1621,51,200,4
1790489637.368752,1790489640.14116,45577.646045,45580.418453,2772.408,POST,/api/pipeline,True,,1621,52,200,4
1790489637.401668,1790489640.176087,45577.678961,45580.45338,2774.42,POST,/api/pipeline,True,,1622,53,200,4
1790489637.423054,1790489640.196016,45577.700347,45580.473309,2772.961,POST,/api/pipeline,True,,1622,54,200,4
1790489637.456847,1790489640.229756,45577.73414,45580.507049,2772.909,POST,/api/pipeline,True,,1622,55,200,4
1790489637.47754,1790489640.250825,45577.754833,45580.528118,2773.285,POST,/api/pipeline,True,,1620,56,200,4
1790489637.496698,1790489640.270175,45577.773991,45580.547468,2773.477,POST,/api/pipeline,True,,1622,57,200,4
1790489637.532167,1790489640.305506,45577.80946,45580.582799,2773.339,POST,/api/pipeline,True,,1622,58,200,4
1790489637.649081,1790489640.423483,45577.926374,45580.700776,2774.402,POST,/api/pipeline,True,,1621,59,200,4
1790489637.664398,1790489640.438692,45577.941691,45580.715984,2774.293,POST,/api/pipeline,True,,1621,60,200,4
1790489637.768776,1790489640.55568,45578.046069,45580.832972,2786.903,POST,/api/pipeline,True,,1622,64,200,4
1790489637.773025,1790489640.556951,45578.050318,45580.834244,2783.926,POST,/api/pipeline,True,,1620,66,200,4
1790489637.780247,1790489640.560656,45578.05754,45580.837949,2780.409,POST,/api/pipeline,True,,1620,67,200,4
1790489637.763891,1790489640.562261,45578.041184,45580.839554,2798.369,POST,/api/pipeline,True,,1619,61,200,4
1790489637.771564,1790489640.567976,45578.048857,45580.845269,2796.412,POST,/api/pipeline,True,,1619,63,200,4
1790489637.766112,1790489640.569188,45578.043405,45580.846481,2803.076,POST,/api/pipeline,True,,1618,62,200,4
1790489637.774505,1790489640.570936,45578.051798,45580.848229,2796.431,POST,/api/pipeline,True,,1622,65,200,4
1790489637.819987,1790489640.593612,45578.09728,45580.870905,2773.626,POST,/api/pipeline,True,,1622,68,200,4
1790489637.838586,1790489640.613465,45578.115879,45580.890758,2774.879,POST,/api/pipeline,True,,1622,69,200,4
1790489637.862754,1790489640.635238,45578.140047,45580.912531,2772.485,POST,/api/pipeline,True,,1622,70,200,4
1790489637.88884,1790489640.66186,45578.166133,45580.939153,2773.019,POST,/api/pipeline,True,,1622,71,200,4
1790489637.915292,1790489640.689901,45578.192585,45580.967194,2774.609,POST,/api/pipeline,True,,1622,72,200,4
1790489637.943401,1790489640.719527,45578.220694,45580.99682,2776.126,POST,/api/pipeline,True,,1619,73,200,4
1790489637.970222,1790489640.747327,45578.247515,45581.02462,2777.105,POST,/api/pipeline,True,,1622,74,200,4
1790489638.001616,1790489640.776312,45578.278909,45581.053605,2774.696,POST,/api/pipeline,True,,1622,75,200,4
1790489638.02591,1790489640.800502,45578.303203,45581.077795,2774.592,POST,/api/pipeline,True,,1622,76,200,4
1790489638.060117,1790489640.835174,45578.337411,45581.112467,2775.056,POST,/api/pipeline,True,,1621,77,200,4
1790489638.079292,1790489640.853504,45578.356585,45581.130797,2774.212,POST,/api/pipeline,True,,1621,78,200,4
1790489638.108993,1790489640.882918,45578.386285,45581.160211,2773.926,POST,/api/pipeline,True,,1621,79,200,4
1790489638.134702,1790489640.908077,45578.411995,45581.185369,2773.375,POST,/api/pipeline,True,,1620,80,200,4
1790489638.164765,1790489640.936276,45578.442057,45581.213568,2771.511,POST,/api/pipeline,True,,1622,81,200,4
1790489638.193363,1790489640.967841,45578.470656,45581.245134,2774.478,POST,/api/pipeline,True,,1622,82,200,4
1790489638.217743,1790489640.995432,45578.495036,45581.272725,2777.689,POST,/api/pipeline,True,,1622,83,200,4
1790489638.253073,1790489641.026611,45578.530366,45581.303904,2773.538,POST,/api/pipeline,True,,1622,84,200,4
1790489638.276583,1790489641.050136,45578.553876,45581.327429,2773.553,POST,/api/pipeline,True,,1622,85,200,4
1790489638.307904,1790489641.085592,45578.585197,45581.362885,2777.688,POST,/api/pipeline,True,,1621,86,200,4
1790489638.329576,1790489641.108184,45578.606869,45581.385477,2778.608,POST,/api/pipeline,True,,1622,87,200,4
1790489638.36819,1790489641.140015,45578.645483,45581.417308,2771.825,POST,/api/pipeline,True,,1622,88,200,4
1790489638.388922,1790489641.160741,45578.666215,45581.438034,2771.819,POST,/api/pipeline,True,,1621,89,200,4
1790489638.421113,1790489641.1934,45578.698406,45581.470693,2772.287,POST,/api/pipeline,True,,1622,90,200,4
1790489638.441614,1790489641.214358,45578.718907,45581.49165,2772.744,POST,/api/pipeline,True,,1621,91,200,4
1790489638.475235,1790489641.253298,45578.752528,45581.530591,2778.063,POST,/api/pipeline,True,,1620,92,200,4
1790489638.495758,1790489641.275569,45578.773051,45581.552862,2779.811,POST,/api/pipeline,True,,1622,93,200,4
1790489638.533391,1790489641.306059,45578.810684,45581.583352,2772.668,POST,/api/pipeline,True,,1621,94,200,4
1790489638.560028,1790489641.332023,45578.837321,45581.609316,2771.994,POST,/api/pipeline,True,,1622,95,200,4
1790489638.588494,1790489641.363895,45578.865787,45581.641188,2775.401,POST,/api/pipeline,True,,1622,96,200,4
1790489638.610172,1790489641.381107,45578.887465,45581.6584,2770.935,POST,/api/pipeline,True,,1620,97,200,4
1790489638.645557,1790489641.421201,45578.92285,45581.698494,2775.644,POST,/api/pipeline,True,,1621,98,200,4
1790489638.662584,1790489641.434624,45578.939877,45581.711917,2772.041,POST,/api/pipeline,True,,1621,99,200,4
1790489638.702818,1790489641.474779,45578.980111,45581.752072,2771.962,POST,/api/pipeline,True,,1622,0,200,4
1790489638.739436,1790489641.510095,45579.016729,45581.787388,2770.658,POST,/api/pipeline,True,,1621,1,200,4
1790489638.757925,1790489641.533516,45579.035218,45581.810809,2775.591,POST,/api/pipeline,True,,1621,2,200,4
1790489638.790913,1790489641.565338,45579.068206,45581.842631,2774.425,POST,/api/pipeline,True,,1621,3,200,4
1790489638.815575,1790489641.586634,45579.092868,45581.863927,2771.059,POST,/api/pipeline,True,,1621,4,200,4
1790489638.856668,1790489641.629577,45579.133961,45581.90687,2772.909,POST,/api/pipeline,True,,1622,5,200,4
1790489638.868241,1790489641.641438,45579.145534,45581.918731,2773.196,POST,/api/pipeline,True,,1622,6,200,4
1790489638.911864,1790489641.687777,45579.189156,45581.96507,2775.913,POST,/api/pipeline,True,,1620,7,200,4
1790489638.923558,1790489641.69732,45579.200851,45581.974613,2773.762,POST,/api/pipeline,True,,1622,8,200,4
1790489638.953257,1790489641.725936,45579.23055,45582.003229,2772.678,POST,/api/pipeline,True,,1620,9,200,4
1790489638.977907,1790489641.751148,45579.2552,45582.028441,2773.241,POST,/api/pipeline,True,,1620,10,200,4
1790489639.005858,1790489641.781035,45579.283151,45582.058328,2775.177,POST,/api/pipeline,True,,1621,11,200,4
1790489639.042314,1790489641.815915,45579.319606,45582.093208,2773.602,POST,/api/pipeline,True,,1622,12,200,4
1790489639.062203,1790489641.834879,45579.339496,45582.112172,2772.676,POST,/api/pipeline,True,,1622,13,200,4
1790489639.100641,1790489641.873888,45579.377934,45582.151181,2773.247,POST,/api/pipeline,True,,1622,14,200,4
1790489639.125409,1790489641.900805,45579.402702,45582.178098,2775.396,POST,/api/pipeline,True,,1622,15,200,4
1790489639.155079,1790489641.927062,45579.432371,45582.204355,2771.984,POST,/api/pipeline,True,,1622,16,200,4
1790489639.18351,1790489641.955423,45579.460803,45582.232716,2771.913,POST,/api/pipeline,True,,1621,17,200,4
1790489639.208658,1790489641.984335,45579.485951,45582.261628,2775.677,POST,/api/pipeline,True,,1622,18,200,4
1790489639.233129,1790489642.004231,45579.510421,45582.281524,2771.102,POST,/api/pipeline,True,,1622,19,200,4
1790489639.253286,1790489642.027584,45579.530579,45582.304877,2774.298,POST,/api/pipeline,True,,1620,20,200,4
1790489639.285095,1790489642.059692,45579.562388,45582.336985,2774.597,POST,/api/pipeline,True,,1622,21,200,4
1790489639.311391,1790489642.085759,45579.588684,45582.363052,2774.368,POST,/api/pipeline,True,,1622,22,200,4
1790489639.340034,1790489642.113686,45579.617327,45582.390978,2773.652,POST,/api/pipeline,True,,1622,23,200,4
1790489639.368836,1790489642.142492,45579.646129,45582.419785,2773.655,POST,/api/pipeline,True,,1622,24,200,4
1790489639.394168,1790489642.169087,45579.671461,45582.44638,2774.919,POST,/api/pipeline,True,,1620,25,200,4
1790489639.423182,1790489642.19681,45579.700475,45582.474103,2773.627,POST,/api/pipeline,True,,1622,26,200,4
1790489639.454542,1790489642.23086,45579.731834,45582.508152,2776.318,POST,/api/pipeline,True,,1621,27,200,4
1790489639.477046,1790489642.249164,45579.754339,45582.526457,2772.119,POST,/api/pipeline,True,,1622,28,200,4
1790489639.512613,1790489642.284424,45579.789906,45582.561717,2771.811,POST,/api/pipeline,True,,1621,29,200,4
1790489639.527721,1790489642.30094,45579.805014,45582.578233,2773.218,POST,/api/pipeline,True,,1621,30,200,4
1790489639.56544,1790489642.339113,45579.842733,45582.616405,2773.672,POST,/api/pipeline,True,,1622,31,200,4
1790489639.582182,1790489642.354852,45579.859475,45582.632145,2772.67,POST,/api/pipeline,True,,1622,32,200,4
1790489639.623525,1790489642.398315,45579.900818,45582.675608,2774.791,POST,/api/pipeline,True,,1622,33,200,4
1790489639.636576,1790489642.40782,45579.913869,45582.685113,2771.244,POST,/api/pipeline,True,,1622,34,200,4
1790489639.69065,1790489642.462316,45579.967943,45582.739609,2771.666,POST,/api/pipeline,True,,1621,35,200,4
1790489639.761053,1790489642.534242,45580.038345,45582.811535,2773.189,POST,/api/pipeline,True,,1621,36,200,4
1790489639.762798,1790489642.535961,45580.040091,45582.813254,2773.163,POST,/api/pipeline,True,,1620,37,200,4
1790489639.769517,1790489642.540462,45580.04681,45582.817755,2770.945,POST,/api/pipeline,True,,1622,38,200,4
1790489639.771164,1790489642.541923,45580.048457,45582.819216,2770.759,POST,/api/pipeline,True,,1622,39,200,4
1790489639.80737,1790489642.579734,45580.084663,45582.857026,2772.363,POST,/api/pipeline,True,,1621,40,200,4
1790489639.83693,1790489642.613893,45580.114223,45582.891186,2776.963,POST,/api/pipeline,True,,1622,41,200,4
1790489639.857263,1790489642.630777,45580.134556,45582.90807,2773.515,POST,/api/pipeline,True,,1621,42,200,4
1790489639.896339,1790489642.673139,45580.173632,45582.950432,2776.8,POST,/api/pipeline,True,,1622,43,200,4
1790489639.90865,1790489642.681665,45580.185943,45582.958958,2773.015,POST,/api/pipeline,True,,1620,44,200,4
1790489639.951977,1790489642.72525,45580.22927,45583.002543,2773.272,POST,/api/pipeline,True,,1622,45,200,4
1790489639.962515,1790489642.738815,45580.239808,45583.016108,2776.3,POST,/api/pipeline,True,,1620,46,200,4
1790489640.012326,1790489642.785758,45580.289619,45583.06305,2773.432,POST,/api/pipeline,True,,1622,47,200,4
1790489640.024587,1790489642.799118,45580.30188,45583.076411,2774.531,POST,/api/pipeline,True,,1618,48,200,4
1790489640.048764,1790489642.822497,45580.326057,45583.09979,2773.733,POST,/api/pipeline,True,,1622,49,200,4
1790489640.087109,1790489642.859149,45580.364402,45583.136442,2772.04,POST,/api/pipeline,True,,1621,50,200,4
1790489640.118491,1790489642.895453,45580.395784,45583.172746,2776.962,POST,/api/pipeline,True,,1622,51,200,4
1790489640.14137,1790489642.913939,45580.418663,45583.191232,2772.569,POST,/api/pipeline,True,,1622,52,200,4
1790489640.17636,1790489642.947923,45580.453653,45583.225216,2771.563,POST,/api/pipeline,True,,1622,53,200,4
1790489640.196279,1790489642.971033,45580.473571,45583.248326,2774.755,POST,/api/pipeline,True,,1622,54,200,4
1790489640.229996,1790489643.001424,45580.507289,45583.278717,2771.428,POST,/api/pipeline,True,,1621,55,200,4
1790489640.251085,1790489643.022599,45580.528377,45583.299891,2771.514,POST,/api/pipeline,True,,1621,56,200,4
1790489640.270404,1790489643.041448,45580.547696,45583.318741,2771.045,POST,/api/pipeline,True,,1621,57,200,4
1790489640.305718,1790489643.079087,45580.583011,45583.356379,2773.369,POST,/api/pipeline,True,,1622,58,200,4
1790489640.423725,1790489643.197141,45580.701018,45583.474435,2773.416,POST,/api/pipeline,True,,1622,59,200,4
1790489640.439066,1790489643.212224,45580.716359,45583.489517,2773.159,POST,/api/pipeline,True,,1622,60,200,4
1790489640.555908,1790489643.33382,45580.833201,45583.611113,2777.912,POST,/api/pipeline,True,,1621,64,200,4
1790489640.560846,1790489643.33517,45580.838139,45583.612463,2774.324,POST,/api/pipeline,True,,1622,67,200,4
1790489640.5575,1790489643.33671,45580.834793,45583.614003,2779.21,POST,/api/pipeline,True,,1622,66,200,4
1790489640.568195,1790489643.346186,45580.845487,45583.623479,2777.991,POST,/api/pipeline,True,,1622,63,200,4
1790489640.56979,1790489643.348079,45580.847083,45583.625372,2778.289,POST,/api/pipeline,True,,1622,62,200,4
1790489640.571548,1790489643.350518,45580.848841,45583.62781,2778.97,POST,/api/pipeline,True,,1620,65,200,4
1790489640.562449,1790489643.351884,45580.839742,45583.629177,2789.435,POST,/api/pipeline,True,,1619,61,200,4
1790489640.593852,1790489643.368448,45580.871145,45583.645741,2774.596,POST,/api/pipeline,True,,1621,68,200,4
1790489640.613735,1790489643.387416,45580.891028,45583.664709,2773.681,POST,/api/pipeline,True,,1622,69,200,4
1790489640.635469,1790489643.41046,45580.912762,45583.687753,2774.991,POST,/api/pipeline,True,,1621,70,200,4
1790489640.662084,1790489643.435438,45580.939376,45583.712731,2773.355,POST,/api/pipeline,True,,1622,71,200,4
1790489640.690131,1790489643.464119,45580.967424,45583.741412,2773.988,POST,/api/pipeline,True,,1621,72,200,4
1790489640.719753,1790489643.495073,45580.997046,45583.772366,2775.32,POST,/api/pipeline,True,,1622,73,200,4
1790489640.747567,1790489643.519312,45581.02486,45583.796605,2771.745,POST,/api/pipeline,True,,1620,74,200,4
1790489640.776515,1790489643.554675,45581.053809,45583.831968,2778.16,POST,/api/pipeline,True,,1622,75,200,4
1790489640.800736,1790489643.572816,45581.078029,45583.850109,2772.08,POST,/api/pipeline,True,,1621,76,200,4
1790489640.835401,1790489643.608449,45581.112694,45583.885742,2773.048,POST,/api/pipeline,True,,1622,77,200,4
1790489640.85373,1790489643.625557,45581.131024,45583.90285,2771.827,POST,/api/pipeline,True,,1621,78,200,4
1790489640.883147,1790489643.653854,45581.160441,45583.931147,2770.707,POST,/api/pipeline,True,,1621,79,200,4
1790489640.908281,1790489643.679866,45581.185574,45583.957159,2771.585,POST,/api/pipeline,True,,1622,80,200,4
1790489640.936523,1790489643.711876,45581.213816,45583.989169,2775.353,POST,/api/pipeline,True,,1622,81,200,4
1790489640.968088,1790489643.742988,45581.245381,45584.020281,2774.9,POST,/api/pipeline,True,,1622,82,200,4
1790489640.995674,1790489643.769821,45581.272967,45584.047114,2774.147,POST,/api/pipeline,True,,1621,83,200,4
1790489641.026961,1790489643.801383,45581.304253,45584.078676,2774.423,POST,/api/pipeline,True,,1621,84,200,4
1790489641.050376,1790489643.82502,45581.327669,45584.102313,2774.644,POST,/api/pipeline,True,,1621,85,200,4
1790489641.085826,1790489643.860213,45581.363119,45584.137506,2774.387,POST,/api/pipeline,True,,1621,86,200,4
1790489641.108428,1790489643.880042,45581.38572,45584.157335,2771.614,POST,/api/pipeline,True,,1621,87,200,4
1790489641.140228,1790489643.914098,45581.417521,45584.191391,2773.87,POST,/api/pipeline,True,,1622,88,200,4
1790489641.160983,1790489643.934507,45581.438276,45584.2118,2773.524,POST,/api/pipeline,True,,1622,89,200,4
1790489641.193662,1790489643.971961,45581.470955,45584.249254,2778.299,POST,/api/pipeline,True,,1622,90,200,4
1790489641.214634,1790489643.992388,45581.491928,45584.269681,2777.754,POST,/api/pipeline,True,,1622,91,200,4
1790489641.253526,1790489644.025011,45581.530819,45584.302304,2771.485,POST,/api/pipeline,True,,1620,92,200,4
1790489641.275787,1790489644.050232,45581.553079,45584.327525,2774.446,POST,/api/pipeline,True,,1621,93,200,4
1790489641.306315,1790489644.083224,45581.583608,45584.360516,2776.909,POST,/api/pipeline,True,,1621,94,200,4
1790489641.332234,1790489644.104541,45581.609527,45584.381834,2772.306,POST,/api/pipeline,True,,1622,95,200,4
1790489641.364113,1790489644.138249,45581.641406,45584.415542,2774.136,POST,/api/pipeline,True,,1622,96,200,4
1790489641.381363,1790489644.154401,45581.658655,45584.431693,2773.038,POST,/api/pipeline,True,,1622,97,200,4
1790489641.421459,1790489644.192899,45581.698752,45584.470192,2771.44,POST,/api/pipeline,True,,1622,98,200,4
1790489641.434952,1790489644.207564,45581.712244,45584.484857,2772.612,POST,/api/pipeline,True,,1621,99,200,4
1790489641.475027,1790489644.252038,45581.75232,45584.529331,2777.01,POST,/api/pipeline,True,,1622,0,200,4
1790489641.510324,1790489644.28387,45581.787617,45584.561163,2773.546,POST,/api/pipeline,True,,1621,1,200,4
1790489641.533748,1790489644.305586,45581.811041,45584.582879,2771.838,POST,/api/pipeline,True,,1622,2,200,4
1790489641.565596,1790489644.338296,45581.842888,45584.615589,2772.701,POST,/api/pipeline,True,,1622,3,200,4
1790489641.586996,1790489644.359725,45581.864289,45584.637017,2772.729,POST,/api/pipeline,True,,1621,4,200,4
1790489641.629814,1790489644.405251,45581.907106,45584.682543,2775.437,POST,/api/pipeline,True,,1622,5,200,4
1790489641.641651,1790489644.417712,45581.918944,45584.695005,2776.061,POST,/api/pipeline,True,,1621,6,200,4
1790489641.688042,1790489644.461452,45581.965335,45584.738745,2773.409,POST,/api/pipeline,True,,1621,7,200,4
1790489641.697562,1790489644.469811,45581.974855,45584.747104,2772.25,POST,/api/pipeline,True,,1622,8,200,4
1790489641.726168,1790489644.500326,45582.003461,45584.777619,2774.158,POST,/api/pipeline,True,,1621,9,200,4
1790489641.751381,1790489644.521403,45582.028674,45584.798696,2770.022,POST,/api/pipeline,True,,1621,10,200,4
1790489641.781271,1790489644.554005,45582.058564,45584.831298,2772.734,POST,/api/pipeline,True,,1622,11,200,4
1790489641.816145,1790489644.589522,45582.093438,45584.866815,2773.377,POST,/api/pipeline,True,,1622,12,200,4
1790489641.835125,1790489644.611361,45582.112418,45584.888654,2776.235,POST,/api/pipeline,True,,1621,13,200,4
1790489641.874107,1790489644.64721,45582.1514,45584.924503,2773.103,POST,/api/pipeline,True,,1621,14,200,4
1790489641.901178,1790489644.673295,45582.178471,45584.950588,2772.117,POST,/api/pipeline,True,,1620,15,200,4
1790489641.927297,1790489644.701726,45582.20459,45584.979019,2774.429,POST,/api/pipeline,True,,1622,16,200,4
1790489641.955688,1790489644.728736,45582.232981,45585.006029,2773.048,POST,/api/pipeline,True,,1621,17,200,4
1790489641.984564,1790489644.757287,45582.261857,45585.03458,2772.723,POST,/api/pipeline,True,,1621,18,200,4
1790489642.004482,1790489644.778049,45582.281775,45585.055342,2773.567,POST,/api/pipeline,True,,1622,19,200,4
1790489642.027817,1790489644.802343,45582.30511,45585.079636,2774.526,POST,/api/pipeline,True,,1622,20,200,4
1790489642.059927,1790489644.833506,45582.33722,45585.110799,2773.579,POST,/api/pipeline,True,,1622,21,200,4
1790489642.086002,1790489644.895199,45582.363295,45585.172492,2809.197,POST,/api/pipeline,True,,1621,22,200,4
1790489642.113923,1790489644.896863,45582.391216,45585.174155,2782.94,POST,/api/pipeline,True,,1621,23,200,4
1790489642.142705,1790489644.923884,45582.419998,45585.201177,2781.178,POST,/api/pipeline,True,,1622,24,200,4
1790489642.16933,1790489644.948209,45582.446623,45585.225502,2778.879,POST,/api/pipeline,True,,1622,25,200,4
1790489642.197046,1790489644.969157,45582.474339,45585.24645,2772.111,POST,/api/pipeline,True,,1619,26,200,4
1790489642.231124,1790489645.002902,45582.508417,45585.280195,2771.778,POST,/api/pipeline,True,,1621,27,200,4
1790489642.249413,1790489645.02379,45582.526705,45585.301083,2774.378,POST,/api/pipeline,True,,1622,28,200,4
1790489642.284646,1790489645.057491,45582.561939,45585.334784,2772.845,POST,/api/pipeline,True,,1622,29,200,4
1790489642.301365,1790489645.074476,45582.578658,45585.351769,2773.111,POST,/api/pipeline,True,,1621,30,200,4
1790489642.339399,1790489645.115791,45582.616692,45585.393084,2776.392,POST,/api/pipeline,True,,1621,31,200,4
1790489642.355139,1790489645.125952,45582.632431,45585.403244,2770.813,POST,/api/pipeline,True,,1621,32,200,4
1790489642.398532,1790489645.173696,45582.675825,45585.450988,2775.163,POST,/api/pipeline,True,,1622,33,200,4
1790489642.408067,1790489645.180248,45582.68536,45585.457541,2772.181,POST,/api/pipeline,True,,1622,34,200,4
1790489642.46254,1790489645.237499,45582.739833,45585.514792,2774.958,POST,/api/pipeline,True,,1621,35,200,4
1790489642.534478,1790489645.308162,45582.811771,45585.585456,2773.685,POST,/api/pipeline,True,,1622,36,200,4
1790489642.536164,1790489645.309415,45582.813457,45585.586708,2773.251,POST,/api/pipeline,True,,1621,37,200,4
1790489642.540642,1790489645.313072,45582.817935,45585.590365,2772.43,POST,/api/pipeline,True,,1622,38,200,4
1790489642.542113,1790489645.315544,45582.819406,45585.592837,2773.431,POST,/api/pipeline,True,,1621,39,200,4
1790489642.57997,1790489645.352277,45582.857263,45585.62957,2772.307,POST,/api/pipeline,True,,1621,40,200,4
1790489642.614119,1790489645.390338,45582.891412,45585.667631,2776.219,POST,/api/pipeline,True,,1622,41,200,4
1790489642.631008,1790489645.405544,45582.908301,45585.682837,2774.536,POST,/api/pipeline,True,,1621,42,200,4
1790489642.673402,1790489645.44565,45582.950695,45585.722943,2772.248,POST,/api/pipeline,True,,1622,43,200,4
1790489642.681886,1790489645.454888,45582.959179,45585.732181,2773.002,POST,/api/pipeline,True,,1622,44,200,4
1790489642.725484,1790489645.503595,45583.002777,45585.780888,2778.111,POST,/api/pipeline,True,,1621,45,200,4
1790489642.739091,1790489645.513645,45583.016384,45585.790938,2774.554,POST,/api/pipeline,True,,1622,46,200,4
1790489642.785985,1790489645.561651,45583.063278,45585.838943,2775.666,POST,/api/pipeline,True,,1621,47,200,4
1790489642.79935,1790489645.571288,45583.076643,45585.848581,2771.938,POST,/api/pipeline,True,,1622,48,200,4
1790489642.822721,1790489645.595558,45583.100014,45585.872851,2772.837,POST,/api/pipeline,True,,1621,49,200,4
1790489642.859353,1790489645.631171,45583.136646,45585.908464,2771.818,POST,/api/pipeline,True,,1621,50,200,4
1790489642.895669,1790489645.666243,45583.172961,45585.943536,2770.574,POST,/api/pipeline,True,,1622,51,200,4
1790489642.91415,1790489645.689652,45583.191443,45585.966945,2775.501,POST,/api/pipeline,True,,1622,52,200,4
1790489642.948159,1790489645.720604,45583.225451,45585.997897,2772.446,POST,/api/pipeline,True,,1621,53,200,4
1790489642.971253,1790489645.742119,45583.248546,45586.019411,2770.865,POST,/api/pipeline,True,,1622,54,200,4
1790489643.001684,1790489645.775484,45583.278976,45586.052777,2773.801,POST,/api/pipeline,True,,1622,55,200,4
1790489643.022973,1790489645.797169,45583.300265,45586.074462,2774.197,POST,/api/pipeline,True,,1621,56,200,4
1790489643.041687,1790489645.815112,45583.318981,45586.092405,2773.424,POST,/api/pipeline,True,,1622,57,200,4
1790489643.07932,1790489645.852893,45583.356612,45586.130186,2773.573,POST,/api/pipeline,True,,1622,58,200,4
1790489643.197364,1790489645.969247,45583.474657,45586.24654,2771.883,POST,/api/pipeline,True,,1619,59,200,4
1790489643.212451,1790489645.984772,45583.489743,45586.262065,2772.322,POST,/api/pipeline,True,,1622,60,200,4
1790489643.334075,1790489646.113646,45583.611368,45586.390938,2779.571,POST,/api/pipeline,True,,1620,64,200,4
1790489643.335739,1790489646.116151,45583.613032,45586.393443,2780.411,POST,/api/pipeline,True,,1621,67,200,4
1790489643.337295,1790489646.117382,45583.614588,45586.394675,2780.086,POST,/api/pipeline,True,,1622,66,200,4
1790489643.346422,1790489646.127913,45583.623715,45586.405206,2781.491,POST,/api/pipeline,True,,1620,63,200,4
1790489643.350729,1790489646.129937,45583.628022,45586.40723,2779.208,POST,/api/pipeline,True,,1620,65,200,4
1790489643.352598,1790489646.132835,45583.629891,45586.410128,2780.237,POST,/api/pipeline,True,,1622,61,200,4
1790489643.348255,1790489646.136048,45583.625548,45586.413341,2787.793,POST,/api/pipeline,True,,1622,62,200,4
1790489643.368662,1790489646.140269,45583.645955,45586.417562,2771.607,POST,/api/pipeline,True,,1622,68,200,4
1790489643.387645,1790489646.164766,45583.664938,45586.442059,2777.121,POST,/api/pipeline,True,,1622,69,200,4
1790489643.410699,1790489646.181877,45583.687992,45586.45917,2771.178,POST,/api/pipeline,True,,1622,70,200,4
1790489643.435727,1790489646.211498,45583.713019,45586.488791,2775.772,POST,/api/pipeline,True,,1622,71,200,4
1790489643.464384,1790489646.238639,45583.741676,45586.515932,2774.255,POST,/api/pipeline,True,,1621,72,200,4
1790489643.495299,1790489646.27061,45583.772591,45586.547902,2775.311,POST,/api/pipeline,True,,1620,73,200,4
1790489643.519544,1790489646.290848,45583.796837,45586.568141,2771.304,POST,/api/pipeline,True,,1622,74,200,4
1790489643.554996,1790489646.328558,45583.832288,45586.605851,2773.562,POST,/api/pipeline,True,,1620,75,200,4
1790489643.573046,1790489646.345639,45583.850339,45586.622932,2772.593,POST,/api/pipeline,True,,1622,76,200,4
1790489643.608668,1790489646.381433,45583.885961,45586.658726,2772.766,POST,/api/pipeline,True,,1622,77,200,4
1790489643.625791,1790489646.398582,45583.903084,45586.675875,2772.791,POST,/api/pipeline,True,,1622,78,200,4
1790489643.654063,1790489646.42618,45583.931356,45586.703473,2772.117,POST,/api/pipeline,True,,1622,79,200,4
1790489643.680044,1790489646.453238,45583.957337,45586.730531,2773.194,POST,/api/pipeline,True,,1621,80,200,4
1790489643.712083,1790489646.485209,45583.989376,45586.762502,2773.126,POST,/api/pipeline,True,,1622,81,200,4
1790489643.74321,1790489646.51373,45584.020503,45586.791023,2770.52,POST,/api/pipeline,True,,1621,82,200,4
1790489643.770051,1790489646.543895,45584.047344,45586.821188,2773.844,POST,/api/pipeline,True,,1621,83,200,4
1790489643.801604,1790489646.576347,45584.078897,45586.85364,2774.743,POST,/api/pipeline,True,,1622,84,200,4
1790489643.825262,1790489646.598292,45584.102555,45586.875585,2773.03,POST,/api/pipeline,True,,1621,85,200,4
1790489643.860427,1790489646.633856,45584.13772,45586.911149,2773.429,POST,/api/pipeline,True,,1622,86,200,4
1790489643.880289,1790489646.654323,45584.157582,45586.931616,2774.034,POST,/api/pipeline,True,,1621,87,200,4
1790489643.914323,1790489646.690922,45584.191615,45586.968215,2776.599,POST,/api/pipeline,True,,1622,88,200,4
1790489643.934729,1790489646.71195,45584.212022,45586.989243,2777.221,POST,/api/pipeline,True,,1622,89,200,4
1790489643.972257,1790489646.743873,45584.24955,45587.021166,2771.616,POST,/api/pipeline,True,,1621,90,200,4
1790489643.992637,1790489646.766235,45584.269929,45587.043527,2773.598,POST,/api/pipeline,True,,1622,91,200,4
1790489644.025276,1790489646.801972,45584.302569,45587.079265,2776.696,POST,/api/pipeline,True,,1621,92,200,4
1790489644.050463,1790489646.823288,45584.327756,45587.100581,2772.825,POST,/api/pipeline,True,,1622,93,200,4
1790489644.083575,1790489646.856801,45584.360867,45587.134094,2773.227,POST,/api/pipeline,True,,1622,94,200,4
1790489644.104766,1790489646.877366,45584.382059,45587.154659,2772.6,POST,/api/pipeline,True,,1622,95,200,4
1790489644.138475,1790489646.919672,45584.415768,45587.196965,2781.197,POST,/api/pipeline,True,,1621,96,200,4
1790489644.154611,1790489646.924962,45584.431904,45587.202255,2770.351,POST,/api/pipeline,True,,1622,97,200,4
1790489644.193142,1790489646.970937,45584.470435,45587.248229,2777.794,POST,/api/pipeline,True,,1622,98,200,4
1790489644.207816,1790489646.983556,45584.485109,45587.260849,2775.74,POST,/api/pipeline,True,,1622,99,200,4
1790489644.252279,1790489647.02419,45584.529572,45587.301483,2771.912,POST,/api/pipeline,True,,1622,0,200,4
1790489644.284121,1790489647.057759,45584.561413,45587.335052,2773.638,POST,/api/pipeline,True,,1622,1,200,4
1790489644.305855,1790489647.078392,45584.583148,45587.355685,2772.538,POST,/api/pipeline,True,,1621,2,200,4
1790489644.338546,1790489647.111038,45584.615838,45587.388331,2772.493,POST,/api/pipeline,True,,1622,3,200,4
1790489644.359947,1790489647.138042,45584.637239,45587.415335,2778.095,POST,/api/pipeline,True,,1621,4,200,4
1790489644.405479,1790489647.180886,45584.682772,45587.458179,2775.407,POST,/api/pipeline,True,,1622,5,200,4
1790489644.417959,1790489647.189858,45584.695252,45587.467151,2771.899,POST,/api/pipeline,True,,1622,6,200,4
1790489644.46175,1790489647.234936,45584.739043,45587.512229,2773.186,POST,/api/pipeline,True,,1621,7,200,4
1790489644.470048,1790489647.244912,45584.74734,45587.522204,2774.864,POST,/api/pipeline,True,,1621,8,200,4
1790489644.500561,1790489647.273349,45584.777854,45587.550642,2772.788,POST,/api/pipeline,True,,1621,9,200,4
1790489644.521612,1790489647.295078,45584.798905,45587.572371,2773.466,POST,/api/pipeline,True,,1622,10,200,4
1790489644.554237,1790489647.328009,45584.83153,45587.605301,2773.772,POST,/api/pipeline,True,,1622,11,200,4
1790489644.589746,1790489647.36431,45584.867039,45587.641603,2774.564,POST,/api/pipeline,True,,1622,12,200,4
1790489644.611626,1790489647.385866,45584.888919,45587.663159,2774.239,POST,/api/pipeline,True,,1621,13,200,4
1790489644.647428,1790489647.42179,45584.924721,45587.699083,2774.362,POST,/api/pipeline,True,,1622,14,200,4
1790489644.673526,1790489647.44815,45584.950819,45587.725443,2774.624,POST,/api/pipeline,True,,1622,15,200,4
1790489644.701956,1790489647.476165,45584.979249,45587.753458,2774.209,POST,/api/pipeline,True,,1622,16,200,4
1790489644.729014,1790489647.50326,45585.006307,45587.780553,2774.246,POST,/api/pipeline,True,,1621,17,200,4
1790489644.757518,1790489647.530176,45585.034811,45587.807469,2772.658,POST,/api/pipeline,True,,1621,18,200,4
1790489644.778266,1790489647.551158,45585.055559,45587.828451,2772.892,POST,/api/pipeline,True,,1622,19,200,4
1790489644.802585,1790489647.61066,45585.079878,45587.887953,2808.075,POST,/api/pipeline,True,,1622,20,200,4
1790489644.83372,1790489647.61214,45585.111013,45587.889433,2778.42,POST,/api/pipeline,True,,1622,21,200,4
1790489644.8955,1790489647.672427,45585.172793,45587.94972,2776.927,POST,/api/pipeline,True,,1620,22,200,4
1790489644.897547,1790489647.673586,45585.17484,45587.950879,2776.039,POST,/api/pipeline,True,,1622,23,200,4
1790489644.924109,1790489647.696949,45585.201402,45587.974242,2772.841,POST,/api/pipeline,True,,1622,24,200,4
1790489644.948443,1790489647.725763,45585.225735,45588.003055,2777.32,POST,/api/pipeline,True,,1622,25,200,4
1790489644.969378,1790489647.742071,45585.24667,45588.019364,2772.694,POST,/api/pipeline,True,,1620,26,200,4
1790489645.003219,1790489647.777789,45585.280512,45588.055082,2774.57,POST,/api/pipeline,True,,1622,27,200,4
1790489645.024056,1790489647.797009,45585.301348,45588.074302,2772.954,POST,/api/pipeline,True,,1622,28,200,4
1790489645.057717,1790489647.832241,45585.33501,45588.109534,2774.523,POST,/api/pipeline,True,,1622,29,200,4
1790489645.074699,1790489647.848055,45585.351992,45588.125348,2773.356,POST,/api/pipeline,True,,1622,30,200,4
1790489645.116098,1790489647.890848,45585.393391,45588.168141,2774.751,POST,/api/pipeline,True,,1622,31,200,4
1790489645.126219,1790489647.898314,45585.403511,45588.175606,2772.095,POST,/api/pipeline,True,,1622,32,200,4
1790489645.17391,1790489647.94738,45585.451203,45588.224672,2773.47,POST,/api/pipeline,True,,1621,33,200,4
1790489645.180493,1790489647.957277,45585.457786,45588.23457,2776.784,POST,/api/pipeline,True,,1622,34,200,4
1790489645.237706,1790489648.009673,45585.514999,45588.286966,2771.966,POST,/api/pipeline,True,,1621,35,200,4
1790489645.308465,1790489648.086852,45585.585758,45588.364145,2778.387,POST,/api/pipeline,True,,1622,36,200,4
1790489645.315784,1790489648.091487,45585.593077,45588.36878,2775.703,POST,/api/pipeline,True,,1622,39,200,4
1790489645.313237,1790489648.092008,45585.590531,45588.369301,2778.77,POST,/api/pipeline,True,,1621,38,200,4
1790489645.309989,1790489648.093698,45585.587282,45588.370991,2783.709,POST,/api/pipeline,True,,1622,37,200,4
1790489645.35253,1790489648.124675,45585.629823,45588.401967,2772.145,POST,/api/pipeline,True,,1620,40,200,4
1790489645.390567,1790489648.164716,45585.66786,45588.44201,2774.15,POST,/api/pipeline,True,,1622,41,200,4
1790489645.405844,1790489648.17827,45585.683137,45588.455563,2772.426,POST,/api/pipeline,True,,1622,42,200,4
1790489645.445876,1790489648.221703,45585.723169,45588.498995,2775.826,POST,/api/pipeline,True,,1622,43,200,4
1790489645.455074,1790489648.224742,45585.732367,45588.502035,2769.668,POST,/api/pipeline,True,,1622,44,200,4
1790489645.503881,1790489648.282813,45585.781174,45588.560106,2778.932,POST,/api/pipeline,True,,1622,45,200,4
1790489645.513853,1790489648.286024,45585.791146,45588.563317,2772.171,POST,/api/pipeline,True,,1622,46,200,4
1790489645.561969,1790489648.33481,45585.839262,45588.612103,2772.841,POST,/api/pipeline,True,,1621,47,200,4
1790489645.571605,1790489648.342985,45585.848898,45588.620279,2771.381,POST,/api/pipeline,True,,1622,48,200,4
1790489645.595838,1790489648.367702,45585.873131,45588.644994,2771.864,POST,/api/pipeline,True,,1621,49,200,4
1790489645.631397,1790489648.406028,45585.90869,45588.683321,2774.631,POST,/api/pipeline,True,,1622,50,200,4
1790489645.666503,1790489648.439109,45585.943796,45588.716402,2772.606,POST,/api/pipeline,True,,1621,51,200,4
1790489645.68987,1790489648.463866,45585.967163,45588.741158,2773.995,POST,/api/pipeline,True,,1622,52,200,4
1790489645.720829,1790489648.493959,45585.998121,45588.771252,2773.131,POST,/api/pipeline,True,,1622,53,200,4
1790489645.742346,1790489648.516635,45586.019639,45588.793928,2774.289,POST,/api/pipeline,True,,1622,54,200,4
1790489645.775711,1790489648.551684,45586.053004,45588.828977,2775.973,POST,/api/pipeline,True,,1622,55,200,4
1790489645.797495,1790489648.570201,45586.074788,45588.847493,2772.706,POST,/api/pipeline,True,,1622,56,200,4
1790489645.815363,1790489648.585683,45586.092656,45588.862976,2770.32,POST,/api/pipeline,True,,1620,57,200,4
1790489645.853115,1790489648.62771,45586.130408,45588.905003,2774.595,POST,/api/pipeline,True,,1619,58,200,4
1790489645.969462,1790489648.741497,45586.246755,45589.01879,2772.036,POST,/api/pipeline,True,,1622,59,200,4
1790489645.985001,1790489648.75739,45586.262294,45589.034683,2772.389,POST,/api/pipeline,True,,1622,60,200,4
1790489646.113978,1790489648.892215,45586.391271,45589.169508,2778.237,POST,/api/pipeline,True,,1621,64,200,4
1790489646.116351,1790489648.894072,45586.393644,45589.171365,2777.721,POST,/api/pipeline,True,,1622,67,200,4
1790489646.117995,1790489648.896293,45586.395288,45589.173586,2778.298,POST,/api/pipeline,True,,1621,66,200,4
1790489646.128199,1790489648.903859,45586.405492,45589.181152,2775.66,POST,/api/pipeline,True,,1621,63,200,4
1790489646.130165,1790489648.908118,45586.407458,45589.185412,2777.953,POST,/api/pipeline,True,,1620,65,200,4
1790489646.136257,1790489648.911734,45586.41355,45589.189027,2775.477,POST,/api/pipeline,True,,1622,62,200,4
1790489646.133091,1790489648.915284,45586.410384,45589.192577,2782.193,POST,/api/pipeline,True,,1621,61,200,4
1790489646.140436,1790489648.916732,45586.417729,45589.194025,2776.296,POST,/api/pipeline,True,,1622,68,200,4
1790489646.165003,1790489648.93843,45586.442296,45589.215723,2773.427,POST,/api/pipeline,True,,1622,69,200,4
1790489646.182086,1790489648.956959,45586.459379,45589.234252,2774.874,POST,/api/pipeline,True,,1620,70,200,4
1790489646.211807,1790489648.9881,45586.4891,45589.265393,2776.293,POST,/api/pipeline,True,,1622,71,200,4
1790489646.238973,1790489649.010286,45586.516266,45589.287579,2771.313,POST,/api/pipeline,True,,1622,72,200,4
1790489646.270925,1790489649.04659,45586.548218,45589.323883,2775.664,POST,/api/pipeline,True,,1621,73,200,4
1790489646.291066,1790489649.06415,45586.568359,45589.341443,2773.084,POST,/api/pipeline,True,,1620,74,200,4
1790489646.328782,1790489649.099154,45586.606075,45589.376446,2770.372,POST,/api/pipeline,True,,1621,75,200,4
1790489646.345877,1790489649.116166,45586.62317,45589.393459,2770.289,POST,/api/pipeline,True,,1621,76,200,4
1790489646.381682,1790489649.155171,45586.658975,45589.432464,2773.489,POST,/api/pipeline,True,,1621,77,200,4
1790489646.398852,1790489649.171218,45586.676145,45589.448511,2772.366,POST,/api/pipeline,True,,1621,78,200,4
1790489646.426414,1790489649.198483,45586.703707,45589.475776,2772.069,POST,/api/pipeline,True,,1622,79,200,4
1790489646.453465,1790489649.225759,45586.730757,45589.503052,2772.295,POST,/api/pipeline,True,,1622,80,200,4
1790489646.485442,1790489649.260005,45586.762734,45589.537298,2774.564,POST,/api/pipeline,True,,1620,81,200,4
1790489646.513933,1790489649.285959,45586.791226,45589.563252,2772.026,POST,/api/pipeline,True,,1622,82,200,4
1790489646.544217,1790489649.318835,45586.821509,45589.596128,2774.619,POST,/api/pipeline,True,,1622,83,200,4
1790489646.576584,1790489649.350128,45586.853877,45589.627421,2773.544,POST,/api/pipeline,True,,1622,84,200,4
1790489646.598535,1790489649.37309,45586.875828,45589.650383,2774.555,POST,/api/pipeline,True,,1622,85,200,4
1790489646.634099,1790489649.410583,45586.911392,45589.687875,2776.483,POST,/api/pipeline,True,,1621,86,200,4
1790489646.654602,1790489649.430931,45586.931895,45589.708224,2776.329,POST,/api/pipeline,True,,1619,87,200,4
1790489646.691147,1790489649.46335,45586.96844,45589.740643,2772.203,POST,/api/pipeline,True,,1622,88,200,4
1790489646.712179,1790489649.485087,45586.989472,45589.76238,2772.908,POST,/api/pipeline,True,,1621,89,200,4
1790489646.744114,1790489649.518633,45587.021407,45589.795926,2774.519,POST,/api/pipeline,True,,1622,90,200,4
1790489646.766458,1790489649.541113,45587.043751,45589.818405,2774.655,POST,/api/pipeline,True,,1622,91,200,4
1790489646.802203,1790489649.577161,45587.079496,45589.854454,2774.958,POST,/api/pipeline,True,,1620,92,200,4
1790489646.823536,1790489649.596955,45587.100828,45589.874248,2773.419,POST,/api/pipeline,True,,1621,93,200,4
1790489646.85702,1790489649.629771,45587.134312,45589.907064,2772.752,POST,/api/pipeline,True,,1621,94,200,4
1790489646.877609,1790489649.653876,45587.154902,45589.931169,2776.266,POST,/api/pipeline,True,,1622,95,200,4
1790489646.919882,1790489649.69026,45587.197175,45589.967554,2770.379,POST,/api/pipeline,True,,1622,96,200,4
1790489646.925152,1790489649.699629,45587.202445,45589.976922,2774.478,POST,/api/pipeline,True,,1621,97,200,4
1790489646.971237,1790489649.744356,45587.24853,45590.021649,2773.119,POST,/api/pipeline,True,,1621,98,200,4
1790489646.983796,1790489649.756206,45587.261089,45590.033499,2772.41,POST,/api/pipeline,True,,1622,99,200,4
1790489647.024421,1790489649.797994,45587.301714,45590.075287,2773.573,POST,/api/pipeline,True,,1622,0,200,4
1790489647.057994,1790489649.829556,45587.335287,45590.106849,2771.562,POST,/api/pipeline,True,,1622,1,200,4
1790489647.078639,1790489649.85586,45587.355932,45590.133153,2777.222,POST,/api/pipeline,True,,1621,2,200,4
1790489647.111303,1790489649.884802,45587.388595,45590.162095,2773.499,POST,/api/pipeline,True,,1622,3,200,4
1790489647.138266,1790489649.910261,45587.415559,45590.187554,2771.995,POST,/api/pipeline,True,,1622,4,200,4
1790489647.181347,1790489649.963521,45587.45864,45590.240813,2782.174,POST,/api/pipeline,True,,1620,5,200,4
1790489647.190069,1790489649.965774,45587.467362,45590.243067,2775.705,POST,/api/pipeline,True,,1620,6,200,4
1790489647.235187,1790489650.01139,45587.51248,45590.288683,2776.203,POST,/api/pipeline,True,,1622,7,200,4
1790489647.245171,1790489650.035357,45587.522463,45590.312649,2790.186,POST,/api/pipeline,True,,1622,8,200,4
1790489647.273566,1790489650.048424,45587.550859,45590.325716,2774.858,POST,/api/pipeline,True,,1621,9,200,4
1790489647.295291,1790489650.069512,45587.572584,45590.346805,2774.221,POST,/api/pipeline,True,,1622,10,200,4
1790489647.328225,1790489650.10158,45587.605517,45590.378873,2773.356,POST,/api/pipeline,True,,1621,11,200,4
1790489647.364637,1790489650.138872,45587.641929,45590.416164,2774.235,POST,/api/pipeline,True,,1622,12,200,4
1790489647.386112,1790489650.161589,45587.663404,45590.438882,2775.477,POST,/api/pipeline,True,,1622,13,200,4
1790489647.422016,1790489650.196752,45587.699309,45590.474045,2774.736,POST,/api/pipeline,True,,1622,14,200,4
1790489647.448378,1790489650.220981,45587.725671,45590.498274,2772.602,POST,/api/pipeline,True,,1620,15,200,4
1790489647.476396,1790489650.250237,45587.753689,45590.52753,2773.841,POST,/api/pipeline,True,,1621,16,200,4
1790489647.503531,1790489650.277148,45587.780824,45590.55444,2773.617,POST,/api/pipeline,True,,1622,17,200,4
1790489647.530438,1790489650.305083,45587.807731,45590.582376,2774.646,POST,/api/pipeline,True,,1621,18,200,4
1790489647.551379,1790489650.324514,45587.828672,45590.601807,2773.135,POST,/api/pipeline,True,,1622,19,200,4
1790489647.610995,1790489650.386279,45587.888288,45590.663573,2775.285,POST,/api/pipeline,True,,1622,20,200,4
1790489647.612749,1790489650.388216,45587.890042,45590.665509,2775.467,POST,/api/pipeline,True,,1621,21,200,4
1790489647.67264,1790489650.446618,45587.949933,45590.723911,2773.978,POST,/api/pipeline,True,,1621,22,200,4
1790489647.674176,1790489650.448242,45587.951469,45590.725535,2774.066,POST,/api/pipeline,True,,1621,23,200,4
1790489647.697176,1790489650.470607,45587.974469,45590.7479,2773.43,POST,/api/pipeline,True,,1622,24,200,4
1790489647.726002,1790489650.50054,45588.003295,45590.777833,2774.538,POST,/api/pipeline,True,,1622,25,200,4
1790489647.742297,1790489650.515378,45588.01959,45590.792671,2773.081,POST,/api/pipeline,True,,1621,26,200,4
1790489647.778098,1790489650.551437,45588.055391,45590.82873,2773.339,POST,/api/pipeline,True,,1622,27,200,4
1790489647.797245,1790489650.568316,45588.074537,45590.845608,2771.071,POST,/api/pipeline,True,,1622,28,200,4
1790489647.83255,1790489650.606821,45588.109843,45590.884114,2774.27,POST,/api/pipeline,True,,1621,29,200,4
1790489647.84826,1790489650.617896,45588.125553,45590.895189,2769.636,POST,/api/pipeline,True,,1622,30,200,4
1790489647.891067,1790489650.664523,45588.16836,45590.941816,2773.456,POST,/api/pipeline,True,,1622,31,200,4
1790489647.898512,1790489650.675047,45588.175805,45590.95234,2776.535,POST,/api/pipeline,True,,1620,32,200,4
1790489647.947616,1790489650.722835,45588.224909,45591.000128,2775.219,POST,/api/pipeline,True,,1620,33,200,4
1790489647.957493,1790489650.730066,45588.234786,45591.007359,2772.573,POST,/api/pipeline,True,,1618,34,200,4
1790489648.009919,1790489650.782454,45588.287212,45591.059747,2772.534,POST,/api/pipeline,True,,1620,35,200,4
1790489648.087168,1790489650.863917,45588.364461,45591.14121,2776.749,POST,/api/pipeline,True,,1622,36,200,4
1790489648.092179,1790489650.868698,45588.369472,45591.145991,2776.52,POST,/api/pipeline,True,,1622,39,200,4
1790489648.092793,1790489650.869788,45588.370086,45591.147081,2776.995,POST,/api/pipeline,True,,1622,38,200,4
1790489648.094565,1790489650.871247,45588.371858,45591.148539,2776.682,POST,/api/pipeline,True,,1621,37,200,4
1790489648.1249,1790489650.898423,45588.402193,45591.175716,2773.523,POST,/api/pipeline,True,,1620,40,200,4
1790489648.16493,1790489650.93865,45588.442223,45591.215942,2773.719,POST,/api/pipeline,True,,1622,41,200,4
1790489648.178576,1790489650.951577,45588.455869,45591.22887,2773.001,POST,/api/pipeline,True,,1621,42,200,4
1790489648.221915,1790489651.000224,45588.499209,45591.277517,2778.308,POST,/api/pipeline,True,,1620,43,200,4
1790489648.224919,1790489651.001865,45588.502212,45591.279158,2776.946,POST,/api/pipeline,True,,1621,44,200,4
1790489648.283062,1790489651.061521,45588.560355,45591.338814,2778.459,POST,/api/pipeline,True,,1621,45,200,4
1790489648.286207,1790489651.062989,45588.5635,45591.340281,2776.781,POST,/api/pipeline,True,,1621,46,200,4
1790489648.335057,1790489651.109811,45588.61235,45591.387104,2774.754,POST,/api/pipeline,True,,1621,47,200,4
1790489648.343175,1790489651.116132,45588.620468,45591.393426,2772.957,POST,/api/pipeline,True,,1622,48,200,4
1790489648.367935,1790489651.140345,45588.645228,45591.417638,2772.409,POST,/api/pipeline,True,,1621,49,200,4
1790489648.406268,1790489651.180343,45588.683561,45591.457636,2774.075,POST,/api/pipeline,True,,1620,50,200,4
1790489648.439355,1790489651.212817,45588.716648,45591.49011,2773.462,POST,/api/pipeline,True,,1622,51,200,4
1790489648.464091,1790489651.235007,45588.741384,45591.512299,2770.916,POST,/api/pipeline,True,,1619,52,200,4
1790489648.494182,1790489651.268291,45588.771475,45591.545584,2774.109,POST,/api/pipeline,True,,1622,53,200,4
1790489648.516868,1790489651.288858,45588.794161,45591.566151,2771.99,POST,/api/pipeline,True,,1622,54,200,4
1790489648.551909,1790489651.323318,45588.829202,45591.60061,2771.409,POST,/api/pipeline,True,,1621,55,200,4
1790489648.570445,1790489651.346936,45588.847738,45591.624229,2776.491,POST,/api/pipeline,True,,1622,56,200,4
1790489648.585922,1790489651.360524,45588.863215,45591.637817,2774.602,POST,/api/pipeline,True,,1621,57,200,4
1790489648.627926,1790489651.400212,45588.905219,45591.677504,2772.285,POST,/api/pipeline,True,,1621,58,200,4
1790489648.74173,1790489651.514331,45589.019023,45591.791624,2772.601,POST,/api/pipeline,True,,1622,59,200,4
1790489648.757622,1790489651.531405,45589.034915,45591.808698,2773.783,POST,/api/pipeline,True,,1622,60,200,4
1790489648.892484,1790489651.670741,45589.169777,45591.948034,2778.257,POST,/api/pipeline,True,,1622,64,200,4
1790489648.896478,1790489651.672377,45589.173771,45591.94967,2775.899,POST,/api/pipeline,True,,1621,66,200,4
1790489648.894258,1790489651.675654,45589.171551,45591.952946,2781.395,POST,/api/pipeline,True,,1622,67,200,4
1790489648.904079,1790489651.678653,45589.181372,45591.955946,2774.575,POST,/api/pipeline,True,,1622,63,200,4
1790489648.908324,1790489651.691293,45589.185617,45591.968585,2782.968,POST,/api/pipeline,True,,1622,65,200,4
1790489648.91691,1790489651.693063,45589.194203,45591.970356,2776.153,POST,/api/pipeline,True,,1620,68,200,4
1790489648.915477,1790489651.695894,45589.19277,45591.973188,2780.418,POST,/api/pipeline,True,,1622,61,200,4
1790489648.911989,1790489651.697251,45589.189281,45591.974544,2785.263,POST,/api/pipeline,True,,1621,62,200,4
1790489648.938669,1790489651.709212,45589.215962,45591.986505,2770.543,POST,/api/pipeline,True,,1621,69,200,4
1790489648.957162,1790489651.728751,45589.234455,45592.006044,2771.59,POST,/api/pipeline,True,,1621,70,200,4
1790489648.988307,1790489651.76073,45589.2656,45592.038023,2772.422,POST,/api/pipeline,True,,1620,71,200,4
1790489649.010601,1790489651.783104,45589.287894,45592.060397,2772.503,POST,/api/pipeline,True,,1621,72,200,4
1790489649.046898,1790489651.820011,45589.32419,45592.097304,2773.114,POST,/api/pipeline,True,,1622,73,200,4
1790489649.064367,1790489651.837917,45589.34166,45592.11521,2773.55,POST,/api/pipeline,True,,1620,74,200,4
1790489649.099375,1790489651.873996,45589.376668,45592.15129,2774.621,POST,/api/pipeline,True,,1622,75,200,4
1790489649.116386,1790489651.891242,45589.393679,45592.168535,2774.856,POST,/api/pipeline,True,,1622,76,200,4
1790489649.155396,1790489651.928094,45589.432689,45592.205387,2772.698,POST,/api/pipeline,True,,1622,77,200,4
1790489649.171448,1790489651.944493,45589.448741,45592.221786,2773.045,POST,/api/pipeline,True,,1622,78,200,4
1790489649.19871,1790489651.971278,45589.476003,45592.248571,2772.567,POST,/api/pipeline,True,,1622,79,200,4
1790489649.225991,1790489651.99907,45589.503283,45592.276363,2773.079,POST,/api/pipeline,True,,1622,80,200,4
1790489649.260227,1790489652.03605,45589.53752,45592.313343,2775.822,POST,/api/pipeline,True,,1621,81,200,4
1790489649.28617,1790489652.057987,45589.563463,45592.33528,2771.817,POST,/api/pipeline,True,,1622,82,200,4
1790489649.319075,1790489652.09144,45589.596368,45592.368733,2772.365,POST,/api/pipeline,True,,1622,83,200,4
1790489649.350367,1790489652.126362,45589.62766,45592.403655,2775.995,POST,/api/pipeline,True,,1622,84,200,4
1790489649.373322,1790489652.147434,45589.650615,45592.424727,2774.112,POST,/api/pipeline,True,,1621,85,200,4
1790489649.410915,1790489652.184445,45589.688208,45592.461738,2773.53,POST,/api/pipeline,True,,1622,86,200,4
1790489649.431223,1790489652.2033,45589.708516,45592.480592,2772.076,POST,/api/pipeline,True,,1622,87,200,4
1790489649.46358,1790489652.237379,45589.740873,45592.514672,2773.799,POST,/api/pipeline,True,,1622,88,200,4
1790489649.48531,1790489652.263156,45589.762603,45592.540449,2777.846,POST,/api/pipeline,True,,1622,89,200,4
1790489649.518896,1790489652.296097,45589.796189,45592.57339,2777.2,POST,/api/pipeline,True,,1622,90,200,4
1790489649.541336,1790489652.317004,45589.818629,45592.594297,2775.669,POST,/api/pipeline,True,,1622,91,200,4
1790489649.577394,1790489652.350387,45589.854687,45592.62768,2772.993,POST,/api/pipeline,True,,1622,92,200,4
1790489649.597196,1790489652.373685,45589.874489,45592.650978,2776.489,POST,/api/pipeline,True,,1621,93,200,4
1790489649.629988,1790489652.407511,45589.907281,45592.684804,2777.523,POST,/api/pipeline,True,,1622,94,200,4
1790489649.654139,1790489652.428551,45589.931432,45592.705844,2774.412,POST,/api/pipeline,True,,1622,95,200,4
1790489649.690478,1790489652.466313,45589.967771,45592.743605,2775.835,POST,/api/pipeline,True,,1622,96,200,4
1790489649.699836,1790489652.471459,45589.977129,45592.748752,2771.623,POST,/api/pipeline,True,,1622,97,200,4
1790489649.744586,1790489652.517545,45590.021879,45592.794838,2772.959,POST,/api/pipeline,True,,1622,98,200,4
1790489649.756476,1790489652.529635,45590.033769,45592.806928,2773.159,POST,/api/pipeline,True,,1621,99,200,4
1790489649.79822,1790489652.572685,45590.075513,45592.849977,2774.464,POST,/api/pipeline,True,,1622,0,200,4
1790489649.829823,1790489652.605202,45590.107116,45592.882494,2775.379,POST,/api/pipeline,True,,1622,1,200,4
1790489649.856082,1790489652.632587,45590.133375,45592.90988,2776.504,POST,/api/pipeline,True,,1622,2,200,4
1790489649.885045,1790489652.657471,45590.162338,45592.934764,2772.426,POST,/api/pipeline,True,,1622,3,200,4
1790489649.910498,1790489652.687448,45590.187791,45592.96474,2776.949,POST,/api/pipeline,True,,1622,4,200,4
1790489649.965987,1790489652.757792,45590.24328,45593.035085,2791.805,POST,/api/pipeline,True,,1621,6,200,4
1790489649.963918,1790489652.758924,45590.241211,45593.036216,2795.006,POST,/api/pipeline,True,,1622,5,200,4
1790489650.011812,1790489652.786581,45590.289105,45593.063873,2774.768,POST,/api/pipeline,True,,1622,7,200,4
1790489650.035635,1790489652.809198,45590.312928,45593.086491,2773.563,POST,/api/pipeline,True,,1622,8,200,4
1790489650.048639,1790489652.820718,45590.325932,45593.098011,2772.079,POST,/api/pipeline,True,,1622,9,200,4
1790489650.069717,1790489652.840441,45590.34701,45593.117734,2770.723,POST,/api/pipeline,True,,1622,10,200,4
1790489650.101777,1790489652.880382,45590.37907,45593.157675,2778.605,POST,/api/pipeline,True,,1621,11,200,4
1790489650.139123,1790489652.91257,45590.416416,45593.189863,2773.447,POST,/api/pipeline,True,,1622,12,200,4
1790489650.161836,1790489652.934477,45590.439129,45593.21177,2772.641,POST,/api/pipeline,True,,1622,13,200,4
1790489650.196975,1790489652.970331,45590.474268,45593.247624,2773.355,POST,/api/pipeline,True,,1622,14,200,4
1790489650.221193,1790489652.995619,45590.498486,45593.272912,2774.426,POST,/api/pipeline,True,,1622,15,200,4
1790489650.250463,1790489653.024199,45590.527756,45593.301492,2773.736,POST,/api/pipeline,True,,1620,16,200,4
1790489650.277456,1790489653.050599,45590.554749,45593.327892,2773.143,POST,/api/pipeline,True,,1620,17,200,4
1790489650.3053,1790489653.077539,45590.582593,45593.354832,2772.239,POST,/api/pipeline,True,,1622,18,200,4
1790489650.32473,1790489653.098654,45590.602023,45593.375946,2773.924,POST,/api/pipeline,True,,1621,19,200,4
1790489650.386549,1790489653.159214,45590.663841,45593.436507,2772.666,POST,/api/pipeline,True,,1622,20,200,4
1790489650.388425,1790489653.161734,45590.665717,45593.439026,2773.309,POST,/api/pipeline,True,,1620,21,200,4
1790489650.446923,1790489653.219672,45590.724216,45593.496965,2772.75,POST,/api/pipeline,True,,1621,22,200,4
1790489650.448466,1790489653.221488,45590.725758,45593.498781,2773.023,POST,/api/pipeline,True,,1621,23,200,4
1790489650.470952,1790489653.244628,45590.748245,45593.521921,2773.676,POST,/api/pipeline,True,,1621,24,200,4
1790489650.500781,1790489653.27655,45590.778074,45593.553843,2775.768,POST,/api/pipeline,True,,1620,25,200,4
1790489650.515587,1790489653.284559,45590.79288,45593.561852,2768.972,POST,/api/pipeline,True,,1621,26,200,4
1790489650.551677,1790489653.325868,45590.82897,45593.603161,2774.191,POST,/api/pipeline,True,,1621,27,200,4
1790489650.568535,1790489653.342368,45590.845828,45593.619661,2773.833,POST,/api/pipeline,True,,1621,28,200,4
1790489650.607059,1790489653.385654,45590.884352,45593.662948,2778.596,POST,/api/pipeline,True,,1621,29,200,4
1790489650.618079,1790489653.38978,45590.895372,45593.667073,2771.701,POST,/api/pipeline,True,,1621,30,200,4
1790489650.664727,1790489653.438999,45590.94202,45593.716291,2774.272,POST,/api/pipeline,True,,1622,31,200,4
1790489650.675258,1790489653.447762,45590.952551,45593.725055,2772.504,POST,/api/pipeline,True,,1622,32,200,4
1790489650.723114,1790489653.497719,45591.000407,45593.775012,2774.605,POST,/api/pipeline,True,,1621,33,200,4
1790489650.730282,1790489653.501127,45591.007575,45593.778419,2770.845,POST,/api/pipeline,True,,1621,34,200,4
1790489650.782682,1790489653.557579,45591.059975,45593.834872,2774.897,POST,/api/pipeline,True,,1621,35,200,4
1790489650.864176,1790489653.647265,45591.141469,45593.924558,2783.09,POST,/api/pipeline,True,,1621,36,200,4
1790489650.870307,1790489653.649765,45591.1476,45593.927058,2779.458,POST,/api/pipeline,True,,1622,38,200,4
1790489650.871788,1790489653.651273,45591.149081,45593.928566,2779.485,POST,/api/pipeline,True,,1622,37,200,4
1790489650.868886,1790489653.652727,45591.146179,45593.93002,2783.841,POST,/api/pipeline,True,,1620,39,200,4
1790489650.89867,1790489653.671342,45591.175963,45593.948635,2772.672,POST,/api/pipeline,True,,1622,40,200,4
1790489650.938946,1790489653.714411,45591.216239,45593.991703,2775.464,POST,/api/pipeline,True,,1622,41,200,4
1790489650.951796,1790489653.724999,45591.229089,45594.002292,2773.204,POST,/api/pipeline,True,,1622,42,200,4
1790489651.000482,1790489653.777552,45591.277775,45594.054845,2777.07,POST,/api/pipeline,True,,1622,43,200,4
1790489651.002062,1790489653.780688,45591.279355,45594.057981,2778.627,POST,/api/pipeline,True,,1621,44,200,4
1790489651.061796,1790489653.842921,45591.339089,45594.120214,2781.125,POST,/api/pipeline,True,,1622,45,200,4
1790489651.063588,1790489653.844271,45591.340881,45594.121564,2780.683,POST,/api/pipeline,True,,1620,46,200,4
1790489651.110046,1790489653.881962,45591.387339,45594.159254,2771.916,POST,/api/pipeline,True,,1622,47,200,4
1790489651.116362,1790489653.891164,45591.393654,45594.168457,2774.802,POST,/api/pipeline,True,,1622,48,200,4
1790489651.14056,1790489653.912235,45591.417853,45594.189528,2771.675,POST,/api/pipeline,True,,1622,49,200,4
1790489651.180562,1790489653.951914,45591.457855,45594.229207,2771.352,POST,/api/pipeline,True,,1622,50,200,4
1790489651.213046,1790489653.987776,45591.490339,45594.265069,2774.73,POST,/api/pipeline,True,,1621,51,200,4
1790489651.235244,1790489654.009048,45591.512537,45594.286341,2773.804,POST,/api/pipeline,True,,1622,52,200,4
1790489651.268532,1790489654.041376,45591.545825,45594.318669,2772.844,POST,/api/pipeline,True,,1621,53,200,4
1790489651.289079,1790489654.063597,45591.566373,45594.34089,2774.517,POST,/api/pipeline,True,,1622,54,200,4
1790489651.323567,1790489654.096977,45591.60086,45594.37427,2773.41,POST,/api/pipeline,True,,1622,55,200,4
1790489651.347182,1790489654.118272,45591.624475,45594.395565,2771.09,POST,/api/pipeline,True,,1622,56,200,4
1790489651.360753,1790489654.133331,45591.638046,45594.410624,2772.578,POST,/api/pipeline,True,,1622,57,200,4
1790489651.400483,1790489654.173662,45591.677776,45594.450954,2773.178,POST,/api/pipeline,True,,1622,58,200,4
1790489651.514558,1790489654.287994,45591.791851,45594.565287,2773.436,POST,/api/pipeline,True,,1622,59,200,4
1790489651.531628,1790489654.30504,45591.808922,45594.582333,2773.411,POST,/api/pipeline,True,,1621,60,200,4
1790489651.670987,1790489654.445542,45591.94828,45594.722835,2774.555,POST,/api/pipeline,True,,1622,64,200,4
1790489651.672553,1790489654.449984,45591.949846,45594.727277,2777.431,POST,/api/pipeline,True,,1621,66,200,4
1790489651.678943,1790489654.452123,45591.956236,45594.729415,2773.18,POST,/api/pipeline,True,,1621,63,200,4
1790489651.675833,1790489654.453168,45591.953125,45594.730461,2777.336,POST,/api/pipeline,True,,1622,67,200,4
1790489651.691527,1790489654.472967,45591.96882,45594.75026,2781.44,POST,/api/pipeline,True,,1622,65,200,4
1790489651.696113,1790489654.474579,45591.973406,45594.751871,2778.466,POST,/api/pipeline,True,,1622,61,200,4
1790489651.697944,1790489654.477255,45591.975237,45594.754548,2779.311,POST,/api/pipeline,True,,1621,62,200,4
1790489651.693261,1790489654.479053,45591.970554,45594.756346,2785.792,POST,/api/pipeline,True,,1619,68,200,4
1790489651.70942,1790489654.482902,45591.986713,45594.760195,2773.482,POST,/api/pipeline,True,,1621,69,200,4
1790489651.728959,1790489654.504768,45592.006252,45594.782061,2775.809,POST,/api/pipeline,True,,1622,70,200,4
1790489651.760932,1790489654.540209,45592.038226,45594.817502,2779.277,POST,/api/pipeline,True,,1621,71,200,4
1790489651.783328,1790489654.5563,45592.060621,45594.833593,2772.972,POST,/api/pipeline,True,,1622,72,200,4
1790489651.820228,1790489654.592879,45592.097521,45594.870172,2772.651,POST,/api/pipeline,True,,1622,73,200,4
1790489651.838161,1790489654.611198,45592.115454,45594.888491,2773.037,POST,/api/pipeline,True,,1622,74,200,4
1790489651.874234,1790489654.646446,45592.151527,45594.923739,2772.213,POST,/api/pipeline,True,,1620,75,200,4
1790489651.891485,1790489654.664496,45592.168778,45594.941789,2773.011,POST,/api/pipeline,True,,1620,76,200,4
1790489651.928439,1790489654.701272,45592.205732,45594.978565,2772.834,POST,/api/pipeline,True,,1621,77,200,4
1790489651.94473,1790489654.718212,45592.222023,45594.995505,2773.482,POST,/api/pipeline,True,,1621,78,200,4
1790489651.971515,1790489654.744472,45592.248808,45595.021765,2772.958,POST,/api/pipeline,True,,1622,79,200,4
1790489651.9993,1790489654.775467,45592.276593,45595.05276,2776.167,POST,/api/pipeline,True,,1622,80,200,4
1790489652.036299,1790489654.808337,45592.313592,45595.08563,2772.038,POST,/api/pipeline,True,,1622,81,200,4
1790489652.058202,1790489654.831598,45592.335495,45595.108891,2773.396,POST,/api/pipeline,True,,1622,82,200,4
1790489652.091668,1790489654.866676,45592.368961,45595.143969,2775.008,POST,/api/pipeline,True,,1622,83,200,4
1790489652.126655,1790489654.901903,45592.403948,45595.179196,2775.248,POST,/api/pipeline,True,,1621,84,200,4
1790489652.147683,1790489654.920569,45592.424976,45595.197862,2772.886,POST,/api/pipeline,True,,1621,85,200,4
1790489652.184761,1790489654.975542,45592.462054,45595.252835,2790.781,POST,/api/pipeline,True,,1621,86,200,4
1790489652.203538,1790489654.982204,45592.480831,45595.259497,2778.666,POST,/api/pipeline,True,,1622,87,200,4
1790489652.237625,1790489655.012645,45592.514918,45595.289938,2775.02,POST,/api/pipeline,True,,1622,88,200,4
1790489652.2634,1790489655.045168,45592.540692,45595.322461,2781.769,POST,/api/pipeline,True,,1621,89,200,4
1790489652.29634,1790489655.073066,45592.573633,45595.350359,2776.726,POST,/api/pipeline,True,,1622,90,200,4
1790489652.317229,1790489655.091879,45592.594521,45595.369172,2774.65,POST,/api/pipeline,True,,1622,91,200,4
1790489652.350651,1790489655.127638,45592.627944,45595.404931,2776.987,POST,/api/pipeline,True,,1620,92,200,4
1790489652.373895,1790489655.150586,45592.651188,45595.427879,2776.691,POST,/api/pipeline,True,,1621,93,200,4
1790489652.407825,1790489655.187048,45592.685118,45595.464341,2779.223,POST,/api/pipeline,True,,1620,94,200,4
1790489652.428793,1790489655.202119,45592.706087,45595.479412,2773.326,POST,/api/pipeline,True,,1621,95,200,4
1790489652.466596,1790489655.239316,45592.743889,45595.516609,2772.72,POST,/api/pipeline,True,,1621,96,200,4
1790489652.471649,1790489655.245045,45592.748942,45595.522338,2773.396,POST,/api/pipeline,True,,1622,97,200,4
1790489652.517784,1790489655.290614,45592.795077,45595.567907,2772.83,POST,/api/pipeline,True,,1622,98,200,4
1790489652.52987,1790489655.303396,45592.807163,45595.580689,2773.526,POST,/api/pipeline,True,,1622,99,200,4
1790489652.572897,1790489655.347931,45592.85019,45595.625224,2775.034,POST,/api/pipeline,True,,1622,0,200,4
1790489652.605459,1790489655.377579,45592.882752,45595.654872,2772.12,POST,/api/pipeline,True,,1621,1,200,4
1790489652.632806,1790489655.406504,45592.910099,45595.683797,2773.698,POST,/api/pipeline,True,,1621,2,200,4
1790489652.657764,1790489655.431653,45592.935057,45595.708946,2773.889,POST,/api/pipeline,True,,1621,3,200,4
1790489652.687689,1790489655.460708,45592.964982,45595.738001,2773.019,POST,/api/pipeline,True,,1622,4,200,4
1790489652.757998,1790489655.531535,45593.035291,45595.808828,2773.536,POST,/api/pipeline,True,,1622,6,200,4
1790489652.75946,1790489655.533324,45593.036753,45595.810617,2773.864,POST,/api/pipeline,True,,1618,5,200,4
1790489652.786896,1790489655.560547,45593.064189,45595.83784,2773.651,POST,/api/pipeline,True,,1621,7,200,4
1790489652.809462,1790489655.584808,45593.086755,45595.862101,2775.345,POST,/api/pipeline,True,,1622,8,200,4
1790489652.820937,1790489655.596308,45593.09823,45595.873601,2775.371,POST,/api/pipeline,True,,1622,9,200,4
1790489652.840657,1790489655.614382,45593.11795,45595.891675,2773.725,POST,/api/pipeline,True,,1621,10,200,4
1790489652.880595,1790489655.655648,45593.157888,45595.93294,2775.052,POST,/api/pipeline,True,,1622,11,200,4
1790489652.912878,1790489655.69083,45593.19017,45595.968123,2777.952,POST,/api/pipeline,True,,1621,12,200,4
1790489652.93472,1790489655.707592,45593.212013,45595.984885,2772.872,POST,/api/pipeline,True,,1622,13,200,4
1790489652.970642,1790489655.742808,45593.247935,45596.0201,2772.166,POST,/api/pipeline,True,,1622,14,200,4
1790489652.995846,1790489655.768806,45593.273139,45596.046099,2772.96,POST,/api/pipeline,True,,1622,15,200,4
1790489653.024457,1790489655.797818,45593.30175,45596.075111,2773.361,POST,/api/pipeline,True,,1621,16,200,4
1790489653.050902,1790489655.825871,45593.328195,45596.103164,2774.969,POST,/api/pipeline,True,,1621,17,200,4
1790489653.077771,1790489655.850101,45593.355063,45596.127393,2772.33,POST,/api/pipeline,True,,1622,18,200,4
1790489653.09905,1790489655.872219,45593.376343,45596.149512,2773.169,POST,/api/pipeline,True,,1621,19,200,4
1790489653.159506,1790489655.934641,45593.436799,45596.211934,2775.135,POST,/api/pipeline,True,,1621,20,200,4
1790489653.161983,1790489655.936363,45593.439276,45596.213657,2774.38,POST,/api/pipeline,True,,1622,21,200,4
1790489653.219956,1790489655.996854,45593.497249,45596.274147,2776.898,POST,/api/pipeline,True,,1621,22,200,4
1790489653.222342,1790489655.999013,45593.499635,45596.276306,2776.671,POST,/api/pipeline,True,,1622,23,200,4
1790489653.244904,1790489656.018513,45593.522196,45596.295806,2773.609,POST,/api/pipeline,True,,1621,24,200,4
1790489653.27681,1790489656.051138,45593.554103,45596.328431,2774.329,POST,/api/pipeline,True,,1622,25,200,4
1790489653.284739,1790489656.057451,45593.562032,45596.334744,2772.713,POST,/api/pipeline,True,,1622,26,200,4
1790489653.326097,1790489656.102679,45593.603391,45596.379973,2776.582,POST,/api/pipeline,True,,1620,27,200,4
1790489653.342582,1790489656.114452,45593.619875,45596.391745,2771.87,POST,/api/pipeline,True,,1622,28,200,4
1790489653.385904,1790489656.158472,45593.663197,45596.435764,2772.567,POST,/api/pipeline,True,,1622,29,200,4
1790489653.389973,1790489656.164222,45593.667266,45596.441515,2774.249,POST,/api/pipeline,True,,1622,30,200,4
1790489653.439281,1790489656.215549,45593.716573,45596.492842,2776.268,POST,/api/pipeline,True,,1621,31,200,4
1790489653.447997,1790489656.218391,45593.72529,45596.495684,2770.394,POST,/api/pipeline,True,,1622,32,200,4
1790489653.49811,1790489656.280017,45593.775402,45596.55731,2781.908,POST,/api/pipeline,True,,1622,33,200,4
1790489653.501323,1790489656.283369,45593.778615,45596.560662,2782.047,POST,/api/pipeline,True,,1622,34,200,4
1790489653.557788,1790489656.32947,45593.835081,45596.606763,2771.682,POST,/api/pipeline,True,,1621,35,200,4
1790489653.649985,1790489656.430124,45593.927278,45596.707417,2780.139,POST,/api/pipeline,True,,1621,38,200,4
1790489653.651819,1790489656.431946,45593.929113,45596.709239,2780.127,POST,/api/pipeline,True,,1622,37,200,4
1790489653.653282,1790489656.435314,45593.930575,45596.712607,2782.033,POST,/api/pipeline,True,,1620,39,200,4
1790489653.647492,1790489656.437279,45593.924785,45596.714572,2789.787,POST,/api/pipeline,True,,1621,36,200,4
1790489653.671563,1790489656.441835,45593.948856,45596.719128,2770.272,POST,/api/pipeline,True,,1621,40,200,4
1790489653.714656,1790489656.48967,45593.991949,45596.766963,2775.014,POST,/api/pipeline,True,,1622,41,200,4
1790489653.725225,1790489656.500076,45594.002518,45596.777369,2774.851,POST,/api/pipeline,True,,1621,42,200,4
1790489653.777811,1790489656.559343,45594.055104,45596.836636,2781.532,POST,/api/pipeline,True,,1622,43,200,4
1790489653.780928,1790489656.561579,45594.058221,45596.838871,2780.65,POST,/api/pipeline,True,,1622,44,200,4
1790489653.843148,1790489656.620189,45594.120441,45596.897482,2777.041,POST,/api/pipeline,True,,1620,45,200,4
1790489653.844812,1790489656.62143,45594.122105,45596.898723,2776.618,POST,/api/pipeline,True,,1620,46,200,4
1790489653.882186,1790489656.654359,45594.159479,45596.931651,2772.173,POST,/api/pipeline,True,,1622,47,200,4
1790489653.891402,1790489656.666436,45594.168695,45596.943729,2775.034,POST,/api/pipeline,True,,1620,48,200,4
1790489653.912459,1790489656.685557,45594.189752,45596.96285,2773.098,POST,/api/pipeline,True,,1622,49,200,4
1790489653.952124,1790489656.725706,45594.229417,45597.002999,2773.582,POST,/api/pipeline,True,,1622,50,200,4
1790489653.988042,1790489656.759784,45594.265335,45597.037078,2771.743,POST,/api/pipeline,True,,1622,51,200,4
1790489654.009291,1790489656.783231,45594.286584,45597.060523,2773.94,POST,/api/pipeline,True,,1621,52,200,4
1790489654.041609,1790489656.815273,45594.318902,45597.092566,2773.664,POST,/api/pipeline,True,,1622,53,200,4
1790489654.063828,1790489656.836943,45594.341121,45597.114236,2773.114,POST,/api/pipeline,True,,1621,54,200,4
1790489654.097255,1790489656.870673,45594.374548,45597.147966,2773.418,POST,/api/pipeline,True,,1622,55,200,4
1790489654.118509,1790489656.89432,45594.395802,45597.171613,2775.811,POST,/api/pipeline,True,,1621,56,200,4
1790489654.133637,1790489656.906824,45594.41093,45597.184117,2773.187,POST,/api/pipeline,True,,1622,57,200,4
1790489654.173975,1790489656.946906,45594.451268,45597.224198,2772.93,POST,/api/pipeline,True,,1620,58,200,4
1790489654.288233,1790489657.060465,45594.565525,45597.337758,2772.233,POST,/api/pipeline,True,,1622,59,200,4
1790489654.305295,1790489657.077636,45594.582588,45597.354929,2772.341,POST,/api/pipeline,True,,1622,60,200,4
1790489654.4458,1790489657.219017,45594.723092,45597.49631,2773.217,POST,/api/pipeline,True,,1622,64,200,4
1790489654.450171,1790489657.223693,45594.727464,45597.500986,2773.522,POST,/api/pipeline,True,,1621,66,200,4
1790489654.452305,1790489657.225297,45594.729598,45597.50259,2772.993,POST,/api/pipeline,True,,1620,63,200,4
1790489654.453787,1790489657.2275,45594.73108,45597.504793,2773.713,POST,/api/pipeline,True,,1620,67,200,4
1790489654.473193,1790489657.258166,45594.750486,45597.535459,2784.973,POST,/api/pipeline,True,,1621,65,200,4
1790489654.479255,1790489657.260604,45594.756548,45597.537896,2781.348,POST,/api/pipeline,True,,1619,68,200,4
1790489654.474815,1790489657.262056,45594.752108,45597.539349,2787.241,POST,/api/pipeline,True,,1622,61,200,4
1790489654.48309,1790489657.264462,45594.760383,45597.541755,2781.372,POST,/api/pipeline,True,,1622,69,200,4
1790489654.477437,1790489657.266207,45594.75473,45597.5435,2788.77,POST,/api/pipeline,True,,1620,62,200,4
1790489654.504979,1790489657.282443,45594.782272,45597.559736,2777.464,POST,/api/pipeline,True,,1622,70,200,4
1790489654.54041,1790489657.312498,45594.817703,45597.589791,2772.088,POST,/api/pipeline,True,,1620,71,200,4
1790489654.556509,1790489657.332978,45594.833802,45597.610271,2776.469,POST,/api/pipeline,True,,1622,72,200,4
1790489654.593109,1790489657.365181,45594.870402,45597.642474,2772.072,POST,/api/pipeline,True,,1620,73,200,4
1790489654.611439,1790489657.382326,45594.888732,45597.659619,2770.888,POST,/api/pipeline,True,,1620,74,200,4
1790489654.646679,1790489657.420765,45594.923972,45597.698058,2774.086,POST,/api/pipeline,True,,1622,75,200,4
1790489654.664728,1790489657.436406,45594.942021,45597.713699,2771.678,POST,/api/pipeline,True,,1622,76,200,4
1790489654.701516,1790489657.474096,45594.978809,45597.751389,2772.58,POST,/api/pipeline,True,,1621,77,200,4
1790489654.71846,1790489657.493308,45594.995753,45597.770601,2774.848,POST,/api/pipeline,True,,1621,78,200,4
1790489654.744704,1790489657.518025,45595.021997,45597.795318,2773.321,POST,/api/pipeline,True,,1622,79,200,4
1790489654.775698,1790489657.548356,45595.052991,45597.825649,2772.658,POST,/api/pipeline,True,,1621,80,200,4
1790489654.808568,1790489657.583237,45595.085861,45597.86053,2774.668,POST,/api/pipeline,True,,1621,81,200,4
1790489654.831809,1790489657.60348,45595.109102,45597.880773,2771.672,POST,/api/pipeline,True,,1620,82,200,4
1790489654.866971,1790489657.640692,45595.144264,45597.917984,2773.72,POST,/api/pipeline,True,,1621,83,200,4
1790489654.902133,1790489657.699525,45595.179426,45597.976818,2797.392,POST,/api/pipeline,True,,1622,84,200,4
1790489654.920789,1790489657.701641,45595.198082,45597.978934,2780.852,POST,/api/pipeline,True,,1622,85,200,4
1790489654.975816,1790489657.761405,45595.253109,45598.038698,2785.589,POST,/api/pipeline,True,,1621,86,200,4
1790489654.982401,1790489657.762615,45595.259694,45598.039908,2780.214,POST,/api/pipeline,True,,1619,87,200,4
1790489655.012981,1790489657.790787,45595.290274,45598.06808,2777.805,POST,/api/pipeline,True,,1621,88,200,4
1790489655.045503,1790489657.822675,45595.322796,45598.099967,2777.171,POST,/api/pipeline,True,,1621,89,200,4
1790489655.073381,1790489657.846801,45595.350674,45598.124094,2773.42,POST,/api/pipeline,True,,1621,90,200,4
1790489655.092124,1790489657.867129,45595.369417,45598.144422,2775.004,POST,/api/pipeline,True,,1621,91,200,4
1790489655.127974,1790489657.906987,45595.405266,45598.184279,2779.013,POST,/api/pipeline,True,,1622,92,200,4
1790489655.150908,1790489657.924746,45595.428201,45598.202039,2773.838,POST,/api/pipeline,True,,1620,93,200,4
1790489655.187295,1790489657.95861,45595.464588,45598.235903,2771.315,POST,/api/pipeline,True,,1622,94,200,4
1790489655.202355,1790489657.977351,45595.479647,45598.254644,2774.996,POST,/api/pipeline,True,,1622,95,200,4
1790489655.23955,1790489658.013868,45595.516843,45598.29116,2774.317,POST,/api/pipeline,True,,1622,96,200,4
1790489655.245227,1790489658.018279,45595.52252,45598.295572,2773.052,POST,/api/pipeline,True,,1622,97,200,4
1790489655.290912,1790489658.064176,45595.568205,45598.341469,2773.264,POST,/api/pipeline,True,,1622,98,200,4
1790489655.303644,1790489658.075426,45595.580937,45598.352718,2771.781,POST,/api/pipeline,True,,1621,99,200,4
1790489655.348136,1790489658.122609,45595.625429,45598.399902,2774.473,POST,/api/pipeline,True,,1622,0,200,4
1790489655.377824,1790489658.150434,45595.655117,45598.427727,2772.609,POST,/api/pipeline,True,,1620,1,200,4
1790489655.406724,1790489658.181072,45595.684017,45598.458365,2774.348,POST,/api/pipeline,True,,1622,2,200,4
1790489655.4319,1790489658.205767,45595.709193,45598.48306,2773.868,POST,/api/pipeline,True,,1622,3,200,4
1790489655.460953,1790489658.234661,45595.738245,45598.511954,2773.708,POST,/api/pipeline,True,,1622,4,200,4
1790489655.531759,1790489658.304401,45595.809052,45598.581694,2772.643,POST,/api/pipeline,True,,1622,6,200,4
1790489655.533496,1790489658.305645,45595.810789,45598.582938,2772.149,POST,/api/pipeline,True,,1619,5,200,4
1790489655.56082,1790489658.333442,45595.838113,45598.610735,2772.623,POST,/api/pipeline,True,,1621,7,200,4
1790489655.585146,1790489658.363906,45595.862439,45598.641199,2778.76,POST,/api/pipeline,True,,1622,8,200,4
1790489655.596563,1790489658.370635,45595.873856,45598.647928,2774.071,POST,/api/pipeline,True,,1621,9,200,4
1790489655.614618,1790489658.388317,45595.89191,45598.66561,2773.7,POST,/api/pipeline,True,,1622,10,200,4
1790489655.655919,1790489658.430316,45595.933211,45598.707609,2774.397,POST,/api/pipeline,True,,1622,11,200,4
1790489655.691067,1790489658.462324,45595.96836,45598.739617,2771.257,POST,/api/pipeline,True,,1620,12,200,4
1790489655.707842,1790489658.483166,45595.985135,45598.760459,2775.324,POST,/api/pipeline,True,,1622,13,200,4
1790489655.743079,1790489658.517475,45596.020372,45598.794768,2774.396,POST,/api/pipeline,True,,1620,14,200,4
1790489655.769047,1790489658.542925,45596.04634,45598.820218,2773.878,POST,/api/pipeline,True,,1622,15,200,4
1790489655.798044,1790489658.570618,45596.075336,45598.847911,2772.574,POST,/api/pipeline,True,,1621,16,200,4
1790489655.826097,1790489658.600409,45596.10339,45598.877701,2774.312,POST,/api/pipeline,True,,1622,17,200,4
1790489655.850324,1790489658.624628,45596.127616,45598.901921,2774.305,POST,/api/pipeline,True,,1622,18,200,4
1790489655.872433,1790489658.645137,45596.149726,45598.92243,2772.705,POST,/api/pipeline,True,,1621,19,200,4
1790489655.934922,1790489658.709492,45596.212215,45598.986785,2774.57,POST,/api/pipeline,True,,1622,20,200,4
1790489655.93655,1790489658.712109,45596.213843,45598.989402,2775.56,POST,/api/pipeline,True,,1620,21,200,4
1790489655.997092,1790489658.771284,45596.274385,45599.048577,2774.192,POST,/api/pipeline,True,,1622,22,200,4
1790489655.999207,1790489658.772496,45596.2765,45599.049789,2773.29,POST,/api/pipeline,True,,1621,23,200,4
1790489656.018775,1790489658.792045,45596.296068,45599.069337,2773.27,POST,/api/pipeline,True,,1620,24,200,4
1790489656.051379,1790489658.825907,45596.328672,45599.1032,2774.528,POST,/api/pipeline,True,,1621,25,200,4
1790489656.057643,1790489658.832226,45596.334936,45599.109519,2774.583,POST,/api/pipeline,True,,1621,26,200,4
1790489656.103037,1790489658.880103,45596.38033,45599.157396,2777.067,POST,/api/pipeline,True,,1621,27,200,4
1790489656.114667,1790489658.886513,45596.39196,45599.163806,2771.846,POST,/api/pipeline,True,,1622,28,200,4
1790489656.15878,1790489658.933044,45596.436072,45599.210337,2774.264,POST,/api/pipeline,True,,1622,29,200,4
1790489656.164427,1790489658.937747,45596.44172,45599.21504,2773.32,POST,/api/pipeline,True,,1620,30,200,4
1790489656.218629,1790489658.99311,45596.495922,45599.270403,2774.481,POST,/api/pipeline,True,,1619,32,200,4
1790489656.215814,1790489658.996877,45596.493107,45599.27417,2781.063,POST,/api/pipeline,True,,1622,31,200,4
1790489656.280279,1790489659.056697,45596.557572,45599.33399,2776.419,POST,/api/pipeline,True,,1622,33,200,4
1790489656.283546,1790489659.057956,45596.560839,45599.335249,2774.411,POST,/api/pipeline,True,,1621,34,200,4
1790489656.329685,1790489659.102087,45596.606978,45599.37938,2772.402,POST,/api/pipeline,True,,1622,35,200,4
1790489656.430383,1790489659.205535,45596.707676,45599.482828,2775.152,POST,/api/pipeline,True,,1622,38,200,4
1790489656.432137,1790489659.210061,45596.70943,45599.487354,2777.923,POST,/api/pipeline,True,,1621,37,200,4
1790489656.435511,1790489659.213059,45596.712804,45599.490352,2777.548,POST,/api/pipeline,True,,1622,39,200,4
1790489656.442015,1790489659.215384,45596.719309,45599.492677,2773.369,POST,/api/pipeline,True,,1622,40,200,4
1790489656.437464,1790489659.217369,45596.714757,45599.494662,2779.905,POST,/api/pipeline,True,,1622,36,200,4
1790489656.489954,1790489659.26481,45596.767247,45599.542103,2774.856,POST,/api/pipeline,True,,1620,41,200,4
1790489656.500324,1790489659.276694,45596.777617,45599.553987,2776.37,POST,/api/pipeline,True,,1622,42,200,4
1790489656.559721,1790489659.33821,45596.837013,45599.615503,2778.49,POST,/api/pipeline,True,,1622,43,200,4
1790489656.561786,1790489659.340865,45596.839079,45599.618158,2779.079,POST,/api/pipeline,True,,1621,44,200,4
1790489656.620421,1790489659.396397,45596.897713,45599.67369,2775.977,POST,/api/pipeline,True,,1620,45,200,4
1790489656.622052,1790489659.415622,45596.899345,45599.692915,2793.57,POST,/api/pipeline,True,,1622,46,200,4
1790489656.654601,1790489659.428861,45596.931894,45599.706154,2774.26,POST,/api/pipeline,True,,1622,47,200,4
1790489656.666656,1790489659.439098,45596.94395,45599.716391,2772.442,POST,/api/pipeline,True,,1620,48,200,4
1790489656.68579,1790489659.459399,45596.963083,45599.736692,2773.61,POST,/api/pipeline,True,,1622,49,200,4
1790489656.725948,1790489659.498385,45597.003241,45599.775678,2772.437,POST,/api/pipeline,True,,1621,50,200,4
1790489656.760067,1790489659.533913,45597.03736,45599.811206,2773.846,POST,/api/pipeline,True,,1622,51,200,4
1790489656.783449,1790489659.558077,45597.060742,45599.83537,2774.628,POST,/api/pipeline,True,,1620,52,200,4
1790489656.815533,1790489659.591154,45597.092826,45599.868447,2775.621,POST,/api/pipeline,True,,1622,53,200,4
1790489656.871042,1790489659.644972,45597.148334,45599.922265,2773.931,POST,/api/pipeline,True,,1622,55,200,4
1790489656.837146,1790489659.645448,45597.114439,45599.922741,2808.302,POST,/api/pipeline,True,,1621,54,200,4
