timestamp,completed,e2e_pipeline_ms,stage1_ms,stage2_ms,stage3_ms,stage4_ms
1790489806.4009185,True,2770.553,0.001,51.302,2719.208,0.002
1790489806.4297588,True,2773.991,0.001,51.455,2722.498,0.002
1790489806.459995,True,2774.596,0.001,51.231,2723.326,0.002
1790489806.482136,True,2771.542,0.001,51.377,2720.128,0.002
1790489806.5135038,True,2773.783,0.001,50.914,2722.829,0.002
1790489806.537038,True,2771.705,0.001,51.483,2720.179,0.003
1790489806.5674512,True,2771.471,0.001,51.2,2720.233,0.002
1790489806.593672,True,2772.231,0.001,50.917,2721.272,0.002
1790489806.6197994,True,2769.901,0.001,50.513,2719.351,0.002
1790489806.6483853,True,2771.549,0.001,51.158,2720.351,0.002
1790489806.67465,True,2771.454,0.001,51.53,2719.887,0.002
1790489806.7059922,True,2774.145,0.001,51.421,2722.686,0.002
1790489806.7316575,True,2771.962,0.001,50.722,2721.205,0.002
1790489806.758411,True,2771.623,0.001,51.407,2720.176,0.002
1790489806.7852705,True,2770.783,0.001,50.717,2720.028,0.002
1790489806.8115807,True,2770.146,0.001,51.348,2718.758,0.002
1790489806.8429005,True,2773.379,0.001,51.62,2721.725,0.002
1790489806.8704417,True,2773.0,0.001,51.334,2721.628,0.002
1790489806.8968453,True,2772.03,0.001,51.537,2720.432,0.003
1790489806.922488,True,2770.65,0.001,51.298,2719.319,0.002
1790489806.9503152,True,2770.847,0.001,51.285,2719.526,0.002
1790489806.9791472,True,2772.016,0.001,51.732,2720.246,0.002
1790489807.0062547,True,2771.124,0.001,51.118,2719.969,0.002
1790489807.0357761,True,2773.164,0.001,51.415,2721.713,0.002
1790489807.0646348,True,2774.43,0.001,51.587,2722.804,0.002
1790489807.0894592,True,2771.013,0.001,50.832,2720.142,0.002
1790489807.1276617,True,2782.376,0.001,51.037,2731.306,0.002
1790489807.1456072,True,2773.017,0.001,51.727,2721.251,0.002
1790489807.1889045,True,2774.813,0.001,52.74,2722.031,0.002
1790489807.2000477,True,2771.076,0.001,51.738,2719.297,0.003
1790489807.2285638,True,2772.735,0.001,51.768,2720.925,0.002
1790489807.2583349,True,2772.842,0.001,51.396,2721.405,0.002
1790489807.2832808,True,2772.006,0.001,51.33,2720.639,0.002
1790489807.3110352,True,2770.841,0.001,50.782,2720.02,0.002
1790489807.3375084,True,2771.436,0.001,51.116,2720.285,0.002
1790489807.3663838,True,2772.098,0.001,51.479,2720.586,0.002
1790489807.4129505,True,2770.788,0.001,51.334,2719.412,0.003
1790489807.420755,True,2770.83,0.001,50.618,2720.176,0.002
1790489807.4490678,True,2772.379,0.001,51.543,2720.796,0.002
1790489807.4785433,True,2773.231,0.001,51.344,2721.852,0.002
1790489807.5064516,True,2773.759,0.001,51.188,2722.537,0.002
1790489807.5315495,True,2771.868,0.001,51.572,2720.259,0.002
1790489807.5565026,True,2769.417,0.001,50.774,2718.607,0.002
1790489807.5869625,True,2772.315,0.001,51.483,2720.788,0.002
1790489807.6150303,True,2772.663,0.001,51.29,2721.338,0.002
1790489807.6395361,True,2769.667,0.001,50.965,2718.62,0.003
1790489807.669984,True,2772.195,0.001,50.979,2721.175,0.002
1790489807.6987042,True,2773.413,0.001,51.917,2721.453,0.002
1790489807.7275817,True,2774.276,0.001,51.608,2722.633,0.002
1790489807.7526014,True,2771.065,0.001,50.727,2720.304,0.002
1790489807.7785895,True,2770.713,0.001,51.474,2719.207,0.003
1790489807.8097417,True,2774.517,0.001,51.605,2722.859,0.002
1790489807.8337119,True,2771.557,0.001,50.996,2720.526,0.002
1790489807.8625693,True,2770.791,0.001,50.963,2719.791,0.003
1790489807.8917875,True,2773.885,0.001,51.328,2722.521,0.002
1790489807.93763,True,2771.086,0.001,50.667,2720.378,0.002
1790489807.9420998,True,2769.197,0.001,51.193,2717.976,0.001
1790489807.9739141,True,2772.191,0.001,51.578,2720.574,0.002
1790489808.0145676,True,2785.978,0.001,51.809,2734.129,0.002
1790489808.0277975,True,2771.409,0.001,51.076,2720.299,0.002
1790489808.0729468,True,2775.363,0.001,52.665,2722.659,0.002
1790489808.0862784,True,2774.801,0.001,51.388,2723.375,0.002
1790489808.1124,True,2772.964,0.001,51.565,2721.355,0.002
1790489808.1394186,True,2772.121,0.001,51.363,2720.721,0.002
1790489808.1688125,True,2773.208,0.001,51.2,2721.973,0.002
1790489808.1964602,True,2773.43,0.001,51.406,2721.991,0.002
1790489808.2256694,True,2775.646,0.001,51.769,2723.84,0.002
1790489808.2538376,True,2776.036,0.001,51.847,2724.143,0.002
1790489808.2791424,True,2771.691,0.001,51.055,2720.594,0.002
1790489808.3092453,True,2774.498,0.001,51.397,2723.059,0.003
1790489808.3580906,True,2796.674,0.001,51.036,2745.604,0.002
1790489808.3599935,True,2771.496,0.001,51.288,2720.183,0.002
1790489808.3892956,True,2769.475,0.001,51.05,2718.4,0.002
1790489808.4129608,True,2769.886,0.001,50.927,2718.921,0.003
1790489808.443859,True,2772.772,0.001,51.617,2721.114,0.003
1790489808.471729,True,2773.118,0.001,51.66,2721.422,0.002
1790489808.4979117,True,2771.763,0.001,51.354,2720.372,0.002
1790489808.5251722,True,2771.609,0.001,51.327,2720.244,0.002
1790489808.5529056,True,2771.595,0.001,51.427,2720.128,0.002
1790489808.5828304,True,2772.942,0.001,51.126,2721.78,0.002
1790489808.6062698,True,2770.26,0.001,51.463,2718.761,0.002
1790489808.6361127,True,2771.28,0.001,50.903,2720.339,0.002
1790489808.6643717,True,2772.698,0.001,51.225,2721.438,0.002
1790489808.6912167,True,2772.08,0.001,51.41,2720.634,0.002
1790489808.7183259,True,2771.597,0.001,51.233,2720.327,0.002
1790489808.7460198,True,2771.478,0.001,51.191,2720.249,0.002
1790489808.7766418,True,2773.9,0.001,51.412,2722.451,0.002
1790489808.8048818,True,2774.486,0.001,51.719,2722.672,0.002
1790489808.8287466,True,2770.777,0.001,51.107,2719.636,0.002
1790489808.8592882,True,2772.166,0.001,51.501,2720.629,0.003
1790489808.8827484,True,2770.481,0.001,50.807,2719.636,0.002
1790489808.9132721,True,2771.817,0.001,50.943,2720.838,0.002
1790489808.9414568,True,2773.867,0.001,51.604,2722.226,0.002
1790489808.9679067,True,2771.599,0.001,51.046,2720.513,0.002
1790489808.9936512,True,2770.451,0.001,50.878,2719.541,0.002
1790489809.0260856,True,2774.799,0.001,51.365,2723.402,0.002
1790489809.0501592,True,2772.13,0.001,51.674,2720.421,0.002
1790489809.0798035,True,2772.977,0.001,51.486,2721.456,0.002
1790489809.1050982,True,2771.323,0.001,50.832,2720.456,0.002
1790489809.1352615,True,2770.178,0.001,51.053,2719.087,0.002
1790489809.1779425,True,2773.312,0.001,52.554,2720.723,0.002
1790489809.2019477,True,2768.509,0.001,50.998,2717.481,0.003
1790489809.2323139,True,2768.76,0.001,51.005,2717.729,0.003
1790489809.259788,True,2771.901,0.001,50.67,2721.204,0.002
1790489809.2860777,True,2769.33,0.001,51.209,2718.097,0.002
1790489809.3136253,True,2771.627,0.001,52.263,2719.337,0.003
1790489809.3398705,True,2769.053,0.001,51.194,2717.832,0.002
1790489809.367014,True,2770.246,0.001,52.323,2717.898,0.002
1790489809.391208,True,2767.093,0.001,51.061,2716.01,0.002
1790489809.4221258,True,2770.742,0.001,51.697,2719.015,0.002
1790489809.4488323,True,2771.096,0.001,51.294,2719.774,0.002
1790489809.4795616,True,2769.905,0.001,50.79,2719.089,0.002
1790489809.5038304,True,2768.818,0.001,51.239,2717.552,0.002
1790489809.5314326,True,2768.2,0.001,50.62,2717.554,0.002
1790489809.5594106,True,2770.475,0.001,51.926,2718.518,0.002
1790489809.5873444,True,2770.865,0.001,51.418,2719.411,0.003
1790489809.6158023,True,2769.627,0.001,51.424,2718.178,0.002
1790489809.6425385,True,2768.624,0.001,50.667,2717.875,0.003
1790489809.6698549,True,2769.658,0.001,50.685,2718.934,0.002
1790489809.6985593,True,2771.054,0.001,52.362,2718.666,0.002
1790489809.7252843,True,2770.223,0.001,52.006,2718.192,0.003
1790489809.753422,True,2771.112,0.001,51.332,2719.75,0.002
1790489809.7838688,True,2773.837,0.001,52.109,2721.698,0.002
1790489809.8079863,True,2768.99,0.001,51.29,2717.675,0.002
1790489809.8370767,True,2769.286,0.001,50.825,2718.426,0.002
1790489809.862121,True,2769.256,0.001,51.303,2717.927,0.002
1790489809.9047875,True,2774.319,0.001,50.984,2723.282,0.002
1790489809.9191499,True,2770.461,0.001,51.978,2718.462,0.002
1790489809.9644797,True,2772.052,0.001,51.121,2720.894,0.002
1790489809.9743683,True,2770.745,0.001,50.956,2719.754,0.002
1790489810.0018976,True,2770.007,0.001,52.132,2717.849,0.003
1790489810.030354,True,2768.574,0.001,50.257,2718.292,0.002
1790489810.0558984,True,2769.087,0.001,51.53,2717.533,0.002
1790489810.0851514,True,2769.818,0.001,51.887,2717.904,0.002
1790489810.11139,True,2770.8,0.001,51.266,2719.499,0.002
1790489810.1411293,True,2770.908,0.001,51.353,2719.529,0.002
1790489810.186599,True,2770.524,0.001,51.034,2719.454,0.002
1790489810.1956606,True,2771.76,0.001,52.077,2719.651,0.002
1790489810.2243762,True,2771.899,0.001,51.461,2720.402,0.002
1790489810.2491057,True,2767.368,0.001,50.45,2716.896,0.002
1790489810.2789505,True,2769.038,0.001,51.496,2717.508,0.002
1790489810.3064344,True,2771.668,0.001,52.752,2718.892,0.002
1790489810.3309333,True,2771.292,0.001,51.212,2720.043,0.002
1790489810.359615,True,2769.428,0.001,51.442,2717.959,0.002
1790489810.3905032,True,2772.116,0.001,52.506,2719.588,0.002
1790489810.4151895,True,2771.103,0.001,50.931,2720.135,0.002
1790489810.4438546,True,2770.442,0.001,51.637,2718.773,0.002
1790489810.471588,True,2769.549,0.001,51.464,2718.058,0.002
1790489810.4996262,True,2768.822,0.001,50.693,2718.102,0.003
1790489810.5267031,True,2770.968,0.001,50.613,2720.32,0.003
1790489810.553375,True,2770.222,0.001,51.234,2718.965,0.002
1790489810.5809028,True,2768.144,0.001,50.461,2717.657,0.002
1790489810.6083508,True,2771.264,0.001,51.729,2719.5,0.003
1790489810.6362095,True,2770.079,0.001,50.731,2719.31,0.003
1790489810.6655507,True,2770.607,0.001,51.444,2719.136,0.002
1790489810.7101274,True,2769.289,0.001,51.049,2718.203,0.002
1790489810.71313,True,2768.526,0.001,51.16,2717.254,0.002
1790489810.7460802,True,2768.867,0.001,51.438,2717.405,0.002
1790489810.7892373,True,2771.598,0.001,51.032,2720.531,0.002
1790489810.8041189,True,2773.113,0.001,52.3,2720.784,0.002
1790489810.8466146,True,2770.679,0.001,51.252,2719.396,0.002
1790489810.857932,True,2768.594,0.001,50.798,2717.772,0.002
1790489810.8868382,True,2771.063,0.001,51.041,2719.994,0.003
1790489810.913112,True,2770.507,0.001,51.501,2718.976,0.002
1790489810.9437203,True,2771.993,0.001,51.397,2720.565,0.002
1790489810.9716413,True,2772.172,0.001,51.148,2720.998,0.002
1790489810.9971511,True,2768.489,0.001,51.028,2717.437,0.002
1790489811.0286067,True,2771.17,0.001,52.361,2718.784,0.002
1790489811.0539446,True,2771.39,0.001,51.308,2720.043,0.003
1790489811.0809226,True,2767.869,0.001,50.296,2717.548,0.002
1790489811.1336684,True,2772.184,0.001,51.878,2720.283,0.002
1790489811.1356874,True,2772.705,0.001,52.634,2720.048,0.002
1790489811.1617641,True,2769.524,0.001,52.157,2717.34,0.002
1790489811.1992772,True,2771.143,0.001,53.364,2717.755,0.002
1790489811.2169409,True,2769.678,0.001,51.405,2718.248,0.002
1790489811.2436216,True,2768.551,0.001,50.909,2717.618,0.003
1790489811.2712784,True,2770.035,0.001,52.472,2717.538,0.002
1790489811.2991507,True,2771.262,0.001,50.689,2720.543,0.002
1790489811.3251476,True,2769.115,0.001,50.879,2718.213,0.002
1790489811.3559809,True,2769.958,0.001,50.905,2719.027,0.002
1790489811.381866,True,2772.308,0.001,50.743,2721.534,0.002
1790489811.4096658,True,2769.93,0.001,51.93,2717.975,0.002
1790489811.4372811,True,2769.785,0.001,51.446,2718.316,0.002
1790489811.464279,True,2770.092,0.001,52.267,2717.795,0.002
1790489811.4939563,True,2772.415,0.001,51.155,2721.231,0.002
1790489811.5191598,True,2769.748,0.001,51.286,2718.427,0.002
1790489811.5481145,True,2768.264,0.001,50.934,2717.301,0.002
1790489811.5782437,True,2770.432,0.001,51.975,2718.431,0.002
1790489811.6017675,True,2768.535,0.001,50.298,2718.212,0.002
1790489811.6312466,True,2768.509,0.001,51.332,2717.155,0.002
1790489811.658808,True,2772.654,0.001,50.968,2721.65,0.002
1790489811.687643,True,2770.757,0.001,52.091,2718.641,0.002
1790489811.7142723,True,2769.543,0.001,50.986,2718.528,0.003
1790489811.7431881,True,2771.618,0.001,52.289,2719.298,0.002
1790489811.76922,True,2770.604,0.001,52.365,2718.212,0.002
1790489811.7997568,True,2770.411,0.001,51.284,2719.104,0.002
1790489811.823337,True,2769.186,0.001,51.83,2717.33,0.003
1790489811.8528066,True,2769.57,0.001,51.296,2718.243,0.003
1790489811.8807702,True,2772.427,0.001,51.763,2720.629,0.002
1790489811.9079783,True,2769.577,0.001,51.389,2718.148,0.002
1790489811.9513402,True,2770.021,0.001,51.917,2718.076,0.002
1790489811.9761772,True,2770.734,0.001,51.344,2719.358,0.003
1790489812.0047984,True,2768.815,0.001,51.177,2717.614,0.002
1790489812.0338159,True,2770.974,0.001,51.536,2719.416,0.002
1790489812.0590065,True,2769.469,0.001,51.185,2718.258,0.003
1790489812.0858352,True,2768.63,0.001,50.881,2717.725,0.002
1790489812.1127155,True,2769.031,0.001,50.551,2718.457,0.002
1790489812.1408882,True,2769.751,0.001,51.864,2717.859,0.003
1790489812.1663613,True,2772.32,0.001,51.211,2721.073,0.002
1790489812.1986682,True,2773.166,0.001,51.568,2721.569,0.002
1790489812.2241948,True,2772.21,0.001,52.406,2719.779,0.002
1790489812.2513013,True,2768.683,0.001,50.969,2717.686,0.002
1790489812.2799203,True,2772.369,0.001,52.678,2719.662,0.003
1790489812.3062196,True,2769.913,0.001,51.633,2718.253,0.002
1790489812.3326628,True,2768.647,0.001,52.111,2716.511,0.002
1790489812.3609226,True,2769.577,0.001,51.8,2717.75,0.002
1790489812.388953,True,2769.658,0.001,51.443,2718.189,0.002
1790489812.4196563,True,2772.828,0.001,52.961,2719.844,0.002
1790489812.4444437,True,2771.252,0.001,52.644,2718.582,0.002
1790489812.4725494,True,2770.629,0.001,52.002,2718.602,0.002
1790489812.498954,True,2770.644,0.001,51.142,2719.464,0.002
1790489812.5263205,True,2769.449,0.001,51.765,2717.659,0.002
1790489812.556301,True,2769.146,0.001,50.547,2718.577,0.002
1790489812.5793023,True,2768.286,0.001,51.67,2716.595,0.002
1790489812.6100988,True,2769.715,0.001,51.153,2718.528,0.003
1790489812.6380596,True,2772.542,0.001,51.347,2721.167,0.002
1790489812.6826,True,2774.241,0.001,53.519,2720.685,0.003
1790489812.6935925,True,2770.494,0.001,52.396,2718.071,0.003
1790489812.7399871,True,2772.075,0.001,51.999,2720.041,0.002
1790489812.7488513,True,2770.039,0.001,51.865,2718.137,0.002
1790489812.7746396,True,2769.463,0.001,51.412,2718.023,0.002
1790489812.8031943,True,2768.717,0.001,51.42,2717.271,0.002
1790489812.8298268,True,2770.389,0.001,52.405,2717.959,0.003
1790489812.8616252,True,2773.238,0.001,53.376,2719.837,0.002
1790489812.8847044,True,2770.129,0.001,51.272,2718.821,0.002
1790489812.913792,True,2769.433,0.001,51.913,2717.493,0.002
1790489812.9592724,True,2769.295,0.001,52.279,2716.984,0.002
1790489812.9671838,True,2768.257,0.001,51.05,2717.183,0.002
1790489812.997368,True,2769.711,0.001,51.896,2717.79,0.003
1790489813.0230367,True,2770.533,0.001,51.459,2719.043,0.002
1790489813.049862,True,2767.912,0.001,50.826,2717.059,0.003
1790489813.0781221,True,2768.477,0.001,50.761,2717.691,0.003
1790489813.106263,True,2770.936,0.001,51.458,2719.444,0.003
1790489813.1363466,True,2773.668,0.001,53.005,2720.635,0.002
1790489813.1646159,True,2770.688,0.001,50.749,2719.913,0.002
1790489813.19067,True,2771.629,0.001,53.415,2718.187,0.002
1790489813.2225556,True,2773.98,0.001,52.653,2721.291,0.002
1790489813.2451782,True,2769.861,0.001,52.048,2717.787,0.002
1790489813.2714756,True,2768.162,0.001,50.894,2717.242,0.002
1790489813.2996178,True,2769.129,0.001,51.527,2717.577,0.002
1790489813.328965,True,2772.022,0.001,52.112,2719.885,0.002
1790489813.3549504,True,2770.81,0.001,52.793,2717.989,0.003
1790489813.3822994,True,2770.434,0.001,51.47,2718.935,0.002
1790489813.4099493,True,2770.323,0.001,50.985,2719.303,0.002
1790489813.4399083,True,2770.96,0.001,50.85,2720.077,0.002
1790489813.4855785,True,2770.794,0.001,51.472,2719.286,0.003
1790489813.4884465,True,2772.362,0.001,51.825,2720.491,0.003
1790489813.5192711,True,2769.778,0.001,50.883,2718.791,0.002
1790489813.5639105,True,2771.484,0.001,52.127,2719.325,0.003
1790489813.5785303,True,2771.476,0.001,51.451,2720.004,0.002
1790489813.620662,True,2770.909,0.001,50.848,2720.028,0.002
1790489813.631046,True,2769.867,0.001,52.55,2717.294,0.002
1790489813.6603596,True,2770.398,0.001,51.393,2718.974,0.002
1790489813.6899414,True,2773.52,0.001,51.264,2722.222,0.002
1790489813.7174428,True,2770.69,0.001,51.131,2719.538,0.002
1790489813.7475796,True,2772.651,0.001,51.672,2720.952,0.002
1790489813.7727334,True,2771.876,0.001,53.644,2718.203,0.002
1790489813.8011723,True,2769.038,0.001,50.81,2718.198,0.003
1790489813.8268964,True,2769.639,0.001,51.196,2718.407,0.002
1790489813.8550718,True,2769.321,0.001,50.771,2718.526,0.003
1790489813.922062,True,2783.052,0.001,60.959,2722.06,0.002
1790489813.9239035,True,2784.718,0.001,62.531,2722.167,0.002
1790489813.9357507,True,2770.394,0.001,52.654,2717.718,0.002
1790489813.9758077,True,2769.154,0.001,50.753,2718.366,0.002
1790489813.9900658,True,2769.803,0.001,51.599,2718.178,0.002
1790489814.016296,True,2769.475,0.001,51.221,2718.227,0.002
1790489814.043638,True,2769.1,0.001,51.398,2717.678,0.002
1790489814.0749445,True,2773.108,0.001,50.933,2722.146,0.002
1790489814.1010199,True,2772.526,0.001,51.254,2721.245,0.002
1790489814.1279328,True,2768.933,0.001,51.404,2717.504,0.003
1790489814.1555579,True,2770.065,0.001,52.588,2717.451,0.002
1790489814.1868627,True,2773.82,0.001,52.154,2721.641,0.002
1790489814.2111032,True,2770.27,0.001,51.102,2719.138,0.002
1790489814.2376568,True,2770.199,0.001,52.207,2717.967,0.002
1790489814.26626,True,2769.069,0.001,51.7,2717.345,0.002
1790489814.2965777,True,2774.105,0.001,51.512,2722.563,0.002
1790489814.3215542,True,2770.413,0.001,51.406,2718.98,0.002
1790489814.350405,True,2768.707,0.001,50.441,2718.237,0.003
1790489814.3773682,True,2772.001,0.001,51.218,2720.753,0.003
1790489814.4054072,True,2770.328,0.001,52.777,2717.524,0.002
1790489814.43345,True,2771.448,0.001,52.744,2718.68,0.003
1790489814.4610825,True,2770.248,0.001,52.741,2717.481,0.003
1790489814.4887521,True,2771.187,0.001,52.335,2718.822,0.003
1790489814.5196714,True,2773.312,0.001,54.087,2719.201,0.002
1790489814.5430024,True,2769.76,0.001,50.795,2718.939,0.002
1790489814.572451,True,2769.291,0.001,51.491,2717.769,0.002
1790489814.595371,True,2769.237,0.001,50.61,2718.597,0.002
1790489814.6271498,True,2769.581,0.001,51.28,2718.277,0.002
1790489814.6562445,True,2772.746,0.001,51.195,2721.518,0.002
1790489814.6824956,True,2769.752,0.001,51.054,2718.666,0.002
1790489814.7242,True,2769.708,0.001,51.126,2718.552,0.002
1790489814.7501476,True,2770.872,0.001,50.613,2720.224,0.003
1790489814.7783334,True,2769.083,0.001,50.351,2718.706,0.002
1790489814.8058658,True,2768.711,0.001,50.558,2718.125,0.003
1790489814.8318636,True,2769.306,0.001,51.272,2718.009,0.003
1790489814.8597126,True,2769.36,0.001,51.251,2718.082,0.003
1790489814.8855095,True,2769.496,0.001,51.152,2718.315,0.003
1790489814.9174879,True,2773.377,0.001,51.635,2721.713,0.002
1790489814.941527,True,2771.358,0.001,51.581,2719.743,0.002
1790489814.97139,True,2769.255,0.001,51.468,2717.756,0.002
1790489815.000819,True,2773.354,0.001,53.131,2720.197,0.002
1790489815.0283628,True,2769.112,0.001,50.962,2718.126,0.002
1790489815.0523722,True,2768.276,0.001,50.703,2717.542,0.002
1790489815.0799367,True,2770.102,0.001,51.835,2718.241,0.002
1790489815.1124926,True,2774.653,0.001,51.717,2722.913,0.002
1790489815.1381202,True,2773.778,0.001,52.099,2721.648,0.002
1790489815.1650805,True,2767.981,0.001,50.67,2717.288,0.002
1790489815.1917176,True,2768.571,0.001,50.395,2718.151,0.003
1790489815.2180943,True,2770.316,0.001,51.947,2718.347,0.002
1790489815.2452078,True,2769.378,0.001,51.347,2718.007,0.003
1790489815.2727985,True,2770.685,0.001,50.68,2719.888,0.003
1790489815.2978547,True,2768.403,0.001,50.705,2717.675,0.002
1790489815.328506,True,2769.239,0.001,51.474,2717.62,0.002
1790489815.354678,True,2771.961,0.001,51.229,2720.696,0.002
1790489815.3822012,True,2768.782,0.001,51.216,2717.534,0.002
1790489815.4137444,True,2772.633,0.001,53.2,2719.408,0.003
1790489815.456825,True,2770.822,0.001,51.322,2719.469,0.002
1790489815.467869,True,2770.543,0.001,52.191,2718.328,0.002
1790489815.514633,True,2771.209,0.001,51.437,2719.737,0.002
1790489815.5214264,True,2769.469,0.001,51.788,2717.658,0.002
1790489815.5480256,True,2769.953,0.001,52.436,2717.49,0.002
1790489815.5794137,True,2772.881,0.001,51.328,2721.521,0.002
1790489815.602896,True,2769.879,0.001,52.185,2717.67,0.002
1790489815.6329648,True,2768.413,0.001,50.966,2717.422,0.002
1790489815.657961,True,2770.145,0.001,50.942,2719.169,0.002
1790489815.6870835,True,2768.878,0.001,51.243,2717.609,0.002
1790489815.7326777,True,2770.223,0.001,50.737,2719.452,0.003
1790489815.7404757,True,2768.412,0.001,51.59,2716.797,0.003
1790489815.770207,True,2769.626,0.001,51.376,2718.222,0.002
1790489815.7977726,True,2770.344,0.001,51.306,2719.016,0.002
1790489815.82526,True,2770.135,0.001,51.886,2718.22,0.003
1790489815.8527536,True,2771.324,0.001,50.982,2720.307,0.002
1790489815.8853128,True,2775.363,0.001,52.109,2723.226,0.002
1790489815.9112952,True,2771.614,0.001,51.738,2719.852,0.002
1790489815.9443817,True,2776.516,0.001,55.222,2721.265,0.002
1790489815.964164,True,2769.635,0.001,51.605,2718.001,0.003
1790489815.9988935,True,2772.609,0.001,51.671,2720.897,0.003
1790489816.0197144,True,2770.168,0.001,51.337,2718.802,0.003
1790489816.046604,True,2771.718,0.001,51.451,2720.233,0.002
1790489816.0752468,True,2771.901,0.001,52.468,2719.404,0.003
1790489816.1012359,True,2768.8,0.001,50.752,2718.023,0.003
1790489816.127798,True,2769.503,0.001,52.326,2717.15,0.003
1790489816.1567528,True,2771.08,0.001,51.754,2719.294,0.002
1790489816.2017379,True,2771.67,0.001,51.514,2720.114,0.003
1790489816.2121146,True,2769.031,0.001,50.724,2718.279,0.002
1790489816.2601087,True,2770.702,0.001,52.25,2718.419,0.002
1790489816.2616894,True,2770.0,0.001,52.356,2717.619,0.002
1790489816.2952855,True,2772.721,0.001,51.059,2721.627,0.002
1790489816.3373172,True,2770.465,0.001,51.295,2719.142,0.002
1790489816.3521802,True,2770.216,0.001,51.418,2718.775,0.002
1790489816.395501,True,2771.459,0.001,51.194,2720.235,0.002
1790489816.406649,True,2771.177,0.001,51.619,2719.527,0.002
1790489816.4341173,True,2770.791,0.001,51.792,2718.971,0.002
1790489816.4647563,True,2771.492,0.001,51.48,2719.982,0.002
1790489816.4929805,True,2772.439,0.001,52.642,2719.776,0.002
1790489816.5213287,True,2770.628,0.001,50.948,2719.659,0.002
1790489816.5457635,True,2769.3,0.001,51.178,2718.095,0.003
1790489816.573191,True,2768.752,0.001,51.072,2717.655,0.002
1790489816.6001458,True,2770.001,0.001,50.826,2719.101,0.003
1790489816.6278572,True,2769.826,0.001,50.808,2718.986,0.002
1790489816.696903,True,2771.515,0.001,51.427,2720.059,0.003
1790489816.6992335,True,2772.63,0.001,51.627,2720.982,0.002
1790489816.708872,True,2769.867,0.001,51.769,2718.066,0.003
1790489816.7510335,True,2769.914,0.001,51.484,2718.396,0.002
1790489816.7615376,True,2767.781,0.001,50.706,2717.05,0.002
1790489816.7924943,True,2772.651,0.001,51.6,2721.018,0.002
1790489816.8179138,True,2770.986,0.001,51.496,2719.459,0.002
1790489816.8464975,True,2768.412,0.001,50.643,2717.743,0.002
1790489816.875595,True,2771.083,0.001,51.776,2719.285,0.002
1790489816.9057324,True,2774.228,0.001,52.534,2721.668,0.002
1790489816.9303834,True,2771.049,0.001,52.383,2718.64,0.002
1790489816.959631,True,2769.208,0.001,50.374,2718.804,0.003
1790489816.985516,True,2770.85,0.001,52.345,2718.477,0.003
1790489817.0144155,True,2771.717,0.001,51.196,2720.491,0.002
1790489817.0400717,True,2769.789,0.001,52.337,2717.424,0.002
1790489817.0738604,True,2773.919,0.001,51.164,2722.732,0.002
1790489817.0959806,True,2770.615,0.001,52.692,2717.897,0.003
1790489817.1250725,True,2770.019,0.001,51.235,2718.754,0.002
1790489817.1542246,True,2773.644,0.001,53.383,2720.239,0.003
1790489817.1793616,True,2769.749,0.001,52.158,2717.564,0.002
1790489817.207328,True,2770.083,0.001,52.19,2717.869,0.003
1790489817.237629,True,2773.162,0.001,51.018,2722.111,0.002
1790489817.2617872,True,2769.891,0.001,51.73,2718.133,0.003
1790489817.2924244,True,2769.558,0.001,50.581,2718.948,0.002
1790489817.3155286,True,2768.511,0.001,50.742,2717.733,0.002
1790489817.346402,True,2769.362,0.001,50.874,2718.459,0.003
1790489817.3741097,True,2774.527,0.001,51.423,2723.076,0.002
1790489817.399467,True,2769.087,0.001,51.339,2717.725,0.002
1790489817.4315681,True,2771.717,0.001,51.193,2720.491,0.002
1790489817.4579618,True,2771.932,0.001,52.262,2719.638,0.002
1790489817.4970515,True,2769.885,0.001,51.745,2718.116,0.002
1790489817.5230136,True,2769.801,0.001,52.887,2716.891,0.002
1790489817.5516636,True,2770.159,0.001,51.072,2719.06,0.002
1790489817.5777335,True,2768.524,0.001,51.381,2717.117,0.002
1790489817.605192,True,2768.741,0.001,51.129,2717.581,0.003
1790489817.6378725,True,2774.905,0.001,51.563,2723.312,0.002
1790489817.663402,True,2772.928,0.001,51.953,2720.953,0.002
1790489817.6897426,True,2769.368,0.001,51.316,2718.027,0.002
1790489817.7186768,True,2773.124,0.001,51.53,2721.559,0.002
1790489817.7456496,True,2770.917,0.001,51.045,2719.847,0.002
1790489817.7724895,True,2768.174,0.001,50.57,2717.578,0.002
1790489817.8050108,True,2768.633,0.001,51.148,2717.452,0.002
1790489817.8266225,True,2769.825,0.001,51.56,2718.23,0.003
1790489817.8548684,True,2771.886,0.001,52.515,2719.336,0.002
1790489817.8850696,True,2769.499,0.001,50.366,2719.111,0.002
1790489817.9127102,True,2771.178,0.001,50.993,2720.161,0.002
1790489817.9377785,True,2769.269,0.001,50.483,2718.761,0.002
1790489817.964607,True,2769.464,0.001,50.738,2718.699,0.003
1790489817.9924595,True,2771.262,0.001,52.021,2719.215,0.002
1790489818.019606,True,2770.468,0.001,51.087,2719.352,0.002
1790489818.0473554,True,2769.513,0.001,51.524,2717.965,0.002
1790489818.072775,True,2769.909,0.001,52.416,2717.466,0.003
1790489818.1011715,True,2769.482,0.001,51.251,2718.207,0.002
1790489818.1313212,True,2773.245,0.001,51.544,2721.668,0.002
1790489818.1548219,True,2769.057,0.001,50.757,2718.271,0.002
1790489818.1863422,True,2769.466,0.001,51.686,2717.756,0.002
1790489818.2305274,True,2770.847,0.001,50.88,2719.928,0.003
1790489818.2394924,True,2767.636,0.001,50.313,2717.298,0.002
1790489818.2887895,True,2770.907,0.001,51.047,2719.821,0.002
1790489818.298268,True,2773.402,0.001,52.067,2721.306,0.002
1790489818.3217454,True,2770.532,0.001,52.312,2718.194,0.002
1790489818.3494818,True,2766.975,0.001,51.193,2715.76,0.002
1790489818.3790731,True,2772.905,0.001,52.423,2720.46,0.002
1790489818.4069524,True,2770.715,0.001,51.62,2719.07,0.003
1790489818.4317267,True,2770.144,0.001,50.863,2719.244,0.003
1790489818.45928,True,2768.834,0.001,50.977,2717.832,0.002
1790489818.5082946,True,2772.361,0.001,52.584,2719.74,0.002
1790489818.5148478,True,2770.908,0.001,50.614,2720.219,0.003
1790489818.5435336,True,2770.001,0.001,52.217,2717.754,0.003
1790489818.5722082,True,2771.231,0.001,52.451,2718.759,0.002
1790489818.603235,True,2774.458,0.001,51.008,2723.415,0.002
1790489818.6303406,True,2774.179,0.001,52.702,2721.448,0.002
1790489818.6607523,True,2772.243,0.001,51.728,2720.476,0.002
1790489818.6841693,True,2769.586,0.001,50.445,2719.078,0.003
1790489818.719263,True,2771.717,0.001,51.98,2719.713,0.002
1790489818.7370203,True,2769.757,0.001,52.19,2717.543,0.002
1790489818.771584,True,2769.269,0.001,51.114,2718.091,0.002
1790489818.7971878,True,2773.857,0.001,52.252,2721.582,0.002
1790489818.8213625,True,2771.598,0.001,51.943,2719.631,0.002
1790489818.8478472,True,2768.888,0.001,50.949,2717.907,0.002
1790489818.8760505,True,2770.983,0.002,52.43,2718.527,0.003
1790489818.9236112,True,2790.75,0.001,69.679,2721.03,0.003
1790489818.9297764,True,2769.709,0.001,52.648,2717.038,0.002
1790489818.975506,True,2769.071,0.001,50.699,2718.335,0.003
1790489818.984916,True,2768.664,0.001,50.849,2717.789,0.002
1790489819.0359955,True,2772.715,0.001,51.049,2721.632,0.003
1790489819.0375445,True,2772.366,0.001,51.7,2720.644,0.002
1790489819.0692396,True,2770.95,0.001,51.144,2719.776,0.002
1790489819.1124074,True,2771.867,0.001,52.504,2719.333,0.002
1790489819.1243906,True,2769.184,0.001,52.062,2717.099,0.002
1790489819.1698332,True,2771.386,0.001,51.521,2719.834,0.002
1790489819.1825104,True,2772.383,0.001,51.393,2720.959,0.002
1790489819.2088468,True,2771.555,0.001,51.119,2720.403,0.002
1790489819.2396343,True,2771.781,0.001,51.509,2720.246,0.002
1790489819.2638044,True,2767.924,0.001,50.538,2717.362,0.002
1790489819.293742,True,2769.565,0.001,51.1,2718.436,0.003
1790489819.3197205,True,2770.558,0.001,51.937,2718.596,0.003
1790489819.3462374,True,2768.416,0.001,50.977,2717.415,0.002
1790489819.3735054,True,2769.614,0.001,50.94,2718.642,0.003
1790489819.40236,True,2770.974,0.001,50.835,2720.095,0.003
1790489819.47147,True,2770.732,0.001,51.06,2719.648,0.003
1790489819.4733224,True,2771.384,0.001,51.562,2719.8,0.002
1790489819.4805477,True,2768.614,0.001,51.483,2717.103,0.002
1790489819.529154,True,2773.334,0.001,51.514,2721.787,0.002
1790489819.5346286,True,2769.095,0.001,52.265,2716.811,0.001
1790489819.5643635,True,2768.713,0.001,51.35,2717.336,0.002
1790489819.5908856,True,2769.856,0.001,51.871,2717.957,0.002
1790489819.6229904,True,2772.748,0.001,51.399,2721.313,0.002
1790489819.6517746,True,2772.781,0.001,52.027,2720.731,0.002
1790489819.6791182,True,2770.023,0.001,51.259,2718.641,0.002
1790489819.704656,True,2770.527,0.001,51.936,2718.567,0.002
1790489819.7332325,True,2770.424,0.001,52.041,2718.356,0.002
1790489819.7594569,True,2770.821,0.001,52.012,2718.78,0.002
1790489819.7911975,True,2773.134,0.001,53.266,2719.839,0.002
1790489819.8151443,True,2770.643,0.001,52.289,2718.326,0.002
1790489819.8489904,True,2771.722,0.001,50.586,2721.108,0.002
1790489819.8724205,True,2773.133,0.001,50.957,2722.145,0.002
1790489819.9005947,True,2770.562,0.001,52.175,2718.36,0.002
1790489819.9263422,True,2768.961,0.001,50.618,2718.316,0.003
1790489819.9554274,True,2771.305,0.001,51.328,2719.947,0.002
1790489819.9812944,True,2770.316,0.001,51.468,2718.823,0.003
1790489820.0134149,True,2772.343,0.001,52.263,2720.056,0.002
1790489820.0342336,True,2769.157,0.001,51.376,2717.756,0.002
1790489820.067198,True,2770.856,0.001,51.305,2719.523,0.003
1790489820.0906982,True,2771.704,0.001,51.343,2720.326,0.002
1790489820.1184783,True,2768.562,0.001,50.378,2718.09,0.002
1790489820.1498284,True,2772.589,0.001,51.346,2721.216,0.002
1790489820.1766243,True,2773.148,0.001,51.743,2721.375,0.002
1790489820.207152,True,2771.327,0.001,51.121,2720.171,0.002
1790489820.2287874,True,2767.616,0.001,50.677,2716.913,0.002
1790489820.270626,True,2770.254,0.001,51.972,2718.255,0.002
1790489820.2961388,True,2770.307,0.001,52.447,2717.836,0.002
1790489820.3245134,True,2769.991,0.001,51.386,2718.581,0.002
1790489820.3537567,True,2772.902,0.001,51.442,2721.429,0.002
1790489820.3816705,True,2773.072,0.001,51.882,2721.157,0.002
1790489820.4111266,True,2770.133,0.001,51.349,2718.76,0.002
1790489820.4369028,True,2770.225,0.001,52.187,2718.011,0.003
1790489820.4633865,True,2768.979,0.001,51.9,2717.054,0.003
1790489820.491287,True,2769.107,0.001,51.173,2717.908,0.002
1790489820.517859,True,2769.166,0.001,51.496,2717.637,0.002
1790489820.5446262,True,2768.957,0.001,51.579,2717.353,0.002
1790489820.578078,True,2769.761,0.001,51.707,2718.023,0.002
1790489820.6041572,True,2773.88,0.001,52.303,2721.548,0.002
1790489820.6291568,True,2771.19,0.001,50.636,2720.517,0.002
1790489820.656473,True,2768.468,0.001,50.256,2718.185,0.002
1790489820.6856031,True,2769.58,0.001,50.704,2718.846,0.002
1790489820.7104828,True,2769.26,0.001,51.995,2717.24,0.002
1790489820.738667,True,2768.782,0.001,50.523,2718.231,0.002
1790489820.7660267,True,2770.149,0.001,52.018,2718.104,0.003
1790489820.7910564,True,2768.419,0.001,50.635,2717.761,0.002
1790489820.8190053,True,2768.624,0.001,51.204,2717.397,0.002
1790489820.8464553,True,2770.617,0.001,51.169,2719.417,0.002
1790489820.8720183,True,2767.872,0.001,50.939,2716.902,0.002
1790489820.9032378,True,2768.972,0.001,52.478,2716.473,0.002
1790489820.9284697,True,2770.409,0.001,51.333,2719.043,0.002
1790489820.9562962,True,2766.673,0.001,50.284,2716.365,0.002
1790489821.0059028,True,2772.116,0.001,50.793,2721.291,0.002
1790489821.013416,True,2770.953,0.001,50.819,2720.102,0.002
1790489821.0644994,True,2772.667,0.001,52.592,2720.04,0.002
1790489821.0696723,True,2767.61,0.001,50.444,2717.146,0.002
1790489821.0960722,True,2771.03,0.001,51.563,2719.432,0.002
1790489821.1278286,True,2775.127,0.001,51.452,2723.646,0.002
1790489821.154001,True,2771.708,0.001,51.301,2720.382,0.002
1790489821.180967,True,2770.114,0.001,50.805,2719.275,0.003
1790489821.2074409,True,2770.397,0.001,50.742,2719.616,0.002
1790489821.234049,True,2769.883,0.001,51.633,2718.223,0.002
1790489821.2796311,True,2767.983,0.001,50.678,2717.276,0.003
1790489821.2909348,True,2772.863,0.001,52.058,2720.776,0.002
1790489821.319253,True,2772.569,0.001,51.409,2721.124,0.002
1790489821.3454936,True,2770.284,0.001,50.852,2719.395,0.002
1790489821.3780088,True,2771.494,0.001,50.69,2720.773,0.002
1790489821.4025729,True,2769.121,0.001,51.224,2717.877,0.002
1790489821.4360774,True,2772.327,0.001,51.502,2720.791,0.003
1790489821.456482,True,2768.652,0.001,51.297,2717.328,0.002
1790489821.4913802,True,2768.965,0.001,51.294,2717.643,0.002
1790489821.5155873,True,2774.212,0.001,52.259,2721.926,0.002
1790489821.5451236,True,2769.086,0.001,51.133,2717.92,0.002
1790489821.5699012,True,2769.526,0.001,50.743,2718.76,0.002
1790489821.5950372,True,2770.439,0.001,52.224,2718.19,0.003
1790489821.6210704,True,2770.083,0.001,51.433,2718.583,0.002
1790489821.6483006,True,2768.93,0.001,51.023,2717.879,0.002
1790489821.6951432,True,2768.13,0.001,50.509,2717.593,0.002
1790489821.7033036,True,2770.183,0.001,52.619,2717.539,0.002
1790489821.7536047,True,2773.379,0.001,51.098,2722.248,0.002
1790489821.75676,True,2768.361,0.001,51.045,2717.29,0.002
1790489821.8164976,True,2775.031,0.001,51.58,2723.42,0.002
1790489821.8176289,True,2774.962,0.001,52.386,2722.557,0.002
1790489821.8417559,True,2769.382,0.001,52.449,2716.909,0.002
1790489821.8861985,True,2770.848,0.001,50.754,2720.06,0.002
1790489821.8994005,True,2771.932,0.001,51.217,2720.686,0.002
1790489821.9437811,True,2770.94,0.001,51.659,2719.245,0.002
1790489821.9573472,True,2771.526,0.001,51.159,2720.338,0.002
1790489821.982833,True,2770.889,0.001,52.562,2718.302,0.002
1790489822.0120554,True,2769.029,0.001,51.444,2717.56,0.002
1790489822.039797,True,2772.582,0.001,52.99,2719.57,0.002
1790489822.0663211,True,2769.184,0.001,51.226,2717.93,0.003
1790489822.0995026,True,2770.585,0.001,51.655,2718.901,0.002
1790489822.1206725,True,2769.68,0.001,52.123,2717.529,0.003
1790489822.1462772,True,2769.499,0.001,51.057,2718.407,0.002
1790489822.1781194,True,2772.137,0.001,52.008,2720.091,0.002
1790489822.2499769,True,2775.255,0.001,55.23,2719.999,0.002
1790489822.2517211,True,2775.664,0.001,55.139,2720.505,0.002
1790489822.2536376,True,2770.449,0.001,51.905,2718.523,0.002
1790489822.3024325,True,2769.647,0.001,50.937,2718.68,0.003
1790489822.3043451,True,2767.25,0.001,50.501,2716.73,0.001
1790489822.3389251,True,2771.529,0.001,50.582,2720.92,0.002
1790489822.3676326,True,2774.002,0.001,52.208,2721.76,0.002
1790489822.397311,True,2771.148,0.001,53.281,2717.842,0.002
1790489822.4263945,True,2771.15,0.001,51.411,2719.713,0.002
1790489822.4518082,True,2768.14,0.001,50.763,2717.354,0.002
1790489822.4794517,True,2770.223,0.001,51.308,2718.889,0.002
1790489822.5077322,True,2770.805,0.001,50.775,2719.996,0.003
1790489822.5342855,True,2770.151,0.001,51.97,2718.154,0.002
1790489822.5668588,True,2772.607,0.001,51.278,2721.301,0.002
1790489822.5916362,True,2773.248,0.001,51.67,2721.551,0.002
1790489822.6223629,True,2769.895,0.001,51.279,2718.588,0.002
1790489822.6451256,True,2769.532,0.001,51.593,2717.913,0.003
1790489822.6743217,True,2768.834,0.001,50.555,2718.255,0.002
1790489822.699143,True,2769.387,0.001,52.301,2717.061,0.003
1790489822.7308784,True,2772.126,0.001,51.73,2720.365,0.002
1790489822.7593727,True,2774.637,0.001,50.32,2724.296,0.002
1790489822.788932,True,2771.687,0.001,50.635,2721.017,0.003
1790489822.810518,True,2768.349,0.001,50.405,2717.916,0.002
1790489822.8402853,True,2768.894,0.001,50.682,2718.187,0.003
1790489822.8663452,True,2771.106,0.001,51.103,2719.969,0.003
1790489822.8922148,True,2770.763,0.001,50.891,2719.838,0.002
1790489822.9254277,True,2772.568,0.001,51.734,2720.806,0.002
1790489822.9501898,True,2769.829,0.001,50.598,2719.206,0.002
1790489822.9795198,True,2769.065,0.001,50.806,2718.225,0.002
1790489823.0034957,True,2769.839,0.001,51.164,2718.639,0.003
1790489823.0431561,True,2769.22,0.001,51.434,2717.761,0.003
1790489823.0702543,True,2770.835,0.001,51.135,2719.667,0.003
1790489823.100533,True,2772.865,0.001,51.474,2721.362,0.002
1790489823.1283224,True,2771.569,0.001,50.842,2720.697,0.002
1790489823.1555686,True,2770.561,0.001,52.543,2717.992,0.002
1790489823.1834068,True,2769.182,0.001,51.199,2717.956,0.002
1790489823.210638,True,2770.102,0.001,51.481,2718.594,0.002
1790489823.2376704,True,2769.702,0.001,50.862,2718.813,0.003
1790489823.2650547,True,2768.862,0.001,51.073,2717.763,0.002
1790489823.2930062,True,2771.078,0.001,51.647,2719.395,0.002
1790489823.3252785,True,2776.114,0.001,52.163,2723.923,0.002
1790489823.3523998,True,2770.688,0.001,50.663,2719.997,0.003
1790489823.3768282,True,2769.18,0.001,50.976,2718.171,0.003
1790489823.405145,True,2770.415,0.001,51.696,2718.691,0.002
1790489823.4291487,True,2768.161,0.001,50.334,2717.803,0.002
1790489823.4585028,True,2769.284,0.001,51.261,2717.995,0.002
1790489823.4887216,True,2771.691,0.001,52.499,2719.16,0.002
1790489823.5133448,True,2769.349,0.001,50.704,2718.615,0.003
1790489823.539671,True,2769.295,0.001,50.792,2718.476,0.003
1790489823.563687,True,2768.995,0.001,50.952,2718.019,0.002
1790489823.594165,True,2770.935,0.001,51.294,2719.617,0.002
1790489823.6180608,True,2768.461,0.001,50.674,2717.742,0.002
1790489823.6461072,True,2769.96,0.001,50.915,2719.021,0.003
1790489823.6761,True,2769.842,0.001,51.049,2718.773,0.002
1790489823.7007508,True,2769.164,0.001,50.634,2718.502,0.003
1790489823.7293708,True,2769.981,0.001,51.243,2718.707,0.002
1790489823.7810228,True,2772.223,0.001,50.895,2721.294,0.002
1790489823.7868783,True,2770.822,0.001,50.503,2720.298,0.001
1790489823.8468792,True,2776.169,0.001,51.036,2725.103,0.002
1790489823.8482206,True,2775.43,0.001,52.555,2722.853,0.002
1790489823.8718615,True,2772.707,0.001,51.91,2720.766,0.002
1790489823.9007382,True,2769.562,0.001,50.518,2719.014,0.003
1790489823.9244092,True,2767.462,0.001,50.875,2716.563,0.002
1790489823.9538136,True,2769.263,0.001,51.451,2717.784,0.002
1790489823.9828103,True,2771.684,0.001,51.59,2720.061,0.002
1790489824.0118322,True,2772.945,0.001,52.582,2720.34,0.002
1790489824.0526543,True,2769.658,0.001,51.19,2718.433,0.002
1790489824.0650105,True,2770.674,0.001,51.749,2718.9,0.003
1790489824.0939555,True,2771.596,0.001,51.232,2720.329,0.002
1790489824.1188972,True,2770.519,0.001,50.679,2719.797,0.003
1790489824.152696,True,2771.426,0.001,52.24,2719.16,0.002
1790489824.1762462,True,2770.477,0.001,51.376,2718.979,0.101
1790489824.2114115,True,2771.859,0.001,52.491,2719.345,0.002
1790489824.2314243,True,2771.179,0.001,51.197,2719.944,0.002
1790489824.2650495,True,2770.198,0.001,51.0,2719.171,0.003
1790489824.290015,True,2771.127,0.001,51.859,2719.245,0.002
1790489824.3179014,True,2769.219,0.001,51.303,2717.883,0.002
1790489824.3419166,True,2768.436,0.001,50.349,2718.06,0.003
1790489824.3691883,True,2770.952,0.001,50.974,2719.949,0.003
1790489824.3967183,True,2770.599,0.001,50.8,2719.768,0.003
1790489824.4230776,True,2771.021,0.001,51.952,2719.04,0.002
1790489824.4710014,True,2772.346,0.001,50.831,2721.478,0.002
1790489824.4744864,True,2768.02,0.001,51.018,2716.979,0.002
1790489824.5336008,True,2773.382,0.001,51.201,2722.151,0.002
1790489824.5352292,True,2773.835,0.001,53.126,2720.687,0.002
1790489824.5945415,True,2774.729,0.001,52.7,2721.999,0.002
1790489824.5957618,True,2774.889,0.001,53.49,2721.381,0.001
1790489824.6156235,True,2770.87,0.001,51.207,2719.629,0.002
1790489824.6599462,True,2770.637,0.001,51.001,2719.602,0.002
1790489824.6729298,True,2770.575,0.001,51.222,2719.322,0.002
1790489824.7183266,True,2771.218,0.001,51.44,2719.745,0.002
1790489824.7313378,True,2770.732,0.001,52.113,2718.597,0.002
1790489824.7580376,True,2772.139,0.001,51.483,2720.624,0.003
1790489824.7836587,True,2768.389,0.001,51.764,2716.603,0.002
1790489824.8136744,True,2770.525,0.001,51.664,2718.82,0.002
1790489824.8386655,True,2768.74,0.001,51.447,2717.268,0.002
1790489824.873041,True,2770.261,0.001,51.613,2718.616,0.002
1790489824.89769,True,2773.786,0.001,51.627,2722.129,0.002
1790489824.9207706,True,2771.174,0.001,51.277,2719.86,0.002
1790489824.95157,True,2770.368,0.001,51.419,2718.917,0.002
1790489825.0321362,True,2775.863,0.001,50.725,2725.116,0.002
1790489825.034912,True,2779.237,0.001,52.025,2727.191,0.002
1790489825.0372696,True,2780.702,0.001,52.512,2728.167,0.002
1790489825.0754735,True,2769.706,0.001,50.98,2718.692,0.002
1790489825.0803952,True,2769.373,0.001,51.593,2717.751,0.001
1790489825.110876,True,2768.858,0.001,50.704,2718.116,0.002
1790489825.1419988,True,2771.038,0.001,51.057,2719.944,0.002
1790489825.1696408,True,2769.191,0.001,51.724,2717.437,0.002
1790489825.2004614,True,2770.241,0.001,50.431,2719.786,0.002
1790489825.2273822,True,2772.075,0.001,53.095,2718.956,0.002
1790489825.2534585,True,2770.574,0.001,51.842,2718.706,0.002
1790489825.2855515,True,2773.417,0.001,51.187,2722.103,0.002
1790489825.3091822,True,2771.377,0.001,51.417,2719.929,0.002
1790489825.3396945,True,2770.096,0.001,52.9,2717.172,0.002
1790489825.3641632,True,2769.603,0.001,51.03,2718.546,0.002
1790489825.3962107,True,2770.39,0.001,51.241,2719.124,0.002
1790489825.4182177,True,2769.325,0.001,51.029,2718.271,0.002
1790489825.449331,True,2770.314,0.001,52.296,2717.996,0.002
1790489825.4775388,True,2773.524,0.001,52.485,2721.011,0.002
1790489825.5081236,True,2773.903,0.001,51.599,2722.275,0.002
1790489825.5329442,True,2770.127,0.001,50.73,2719.367,0.003
1790489825.5619843,True,2769.392,0.001,50.656,2718.707,0.003
1790489825.5858827,True,2770.167,0.001,51.264,2718.877,0.003
1790489825.6153727,True,2770.142,0.001,51.515,2718.594,0.003
1790489825.6416793,True,2771.657,0.001,51.417,2720.202,0.003
1790489825.6673357,True,2772.089,0.001,51.065,2720.991,0.002
1790489825.6996975,True,2770.956,0.001,51.711,2719.222,0.002
1790489825.723079,True,2769.666,0.001,50.656,2718.984,0.002
1790489825.7539287,True,2771.086,0.001,52.021,2719.03,0.002
1790489825.7769828,True,2769.891,0.001,50.941,2718.912,0.002
1790489825.8169322,True,2770.497,0.001,51.734,2718.731,0.003
1790489825.8431802,True,2769.944,0.001,50.751,2719.161,0.002
1790489825.8736117,True,2770.346,0.001,52.503,2717.822,0.002
1790489825.9012733,True,2769.809,0.001,52.424,2717.362,0.002
1790489825.931256,True,2772.393,0.001,52.368,2720.003,0.002
1790489825.9586139,True,2771.566,0.001,51.319,2720.224,0.002
1790489825.9835653,True,2769.228,0.001,51.579,2717.623,0.002
1790489826.0106091,True,2769.371,0.001,52.125,2717.224,0.002
1790489826.043623,True,2775.153,0.001,52.264,2722.861,0.002
1790489826.070434,True,2774.052,0.001,51.691,2722.327,0.002
1790489826.0978973,True,2769.282,0.001,51.152,2718.101,0.002
1790489826.1254835,True,2769.655,0.001,51.316,2718.31,0.002
1790489826.1531446,True,2770.999,0.001,50.527,2720.444,0.003
1790489826.1801534,True,2770.151,0.001,50.605,2719.516,0.003
1790489826.205248,True,2770.762,0.001,52.222,2718.514,0.003
1790489826.2324123,True,2768.972,0.001,50.708,2718.234,0.003
1790489826.2606325,True,2769.015,0.001,50.995,2717.993,0.002
1790489826.2877069,True,2770.531,0.001,51.554,2718.942,0.003
1790489826.3134587,True,2768.832,0.001,50.217,2718.59,0.002
1790489826.3375347,True,2770.579,0.001,51.973,2718.579,0.003
1790489826.3680236,True,2769.837,0.001,50.958,2718.85,0.002
1790489826.3953643,True,2773.581,0.001,51.755,2721.796,0.002
1790489826.4193141,True,2768.231,0.001,50.283,2717.923,0.002
1790489826.4477758,True,2768.401,0.001,50.764,2717.608,0.003
1790489826.4738967,True,2769.586,0.001,51.507,2718.045,0.002
1790489826.5034544,True,2770.524,0.001,50.946,2719.553,0.002
1790489826.555181,True,2768.957,0.001,51.133,2717.768,0.003
1790489826.5651028,True,2775.429,0.001,51.443,2723.957,0.003
1790489826.6233666,True,2772.878,0.001,50.898,2721.957,0.002
1790489826.6247087,True,2772.158,0.001,51.924,2720.208,0.002
1790489826.6442938,True,2769.095,0.001,51.378,2717.691,0.002
1790489826.6795623,True,2769.752,0.001,51.631,2718.082,0.003
1790489826.6988869,True,2770.308,0.001,52.05,2718.231,0.002
1790489826.7283475,True,2771.374,0.001,52.34,2718.999,0.003
1790489826.7545946,True,2768.69,0.001,50.839,2717.815,0.003
1790489826.783036,True,2767.947,0.001,50.781,2717.14,0.003
1790489826.8262007,True,2770.282,0.001,51.843,2718.404,0.003
1790489826.8372746,True,2768.959,0.001,51.315,2717.619,0.002
1790489826.8658562,True,2768.997,0.001,51.053,2717.91,0.002
1790489826.8953393,True,2773.085,0.001,51.508,2721.55,0.002
1790489826.9269447,True,2771.118,0.001,51.254,2719.827,0.002
1790489826.9497721,True,2770.316,0.001,52.599,2717.692,0.002
1790489826.984937,True,2770.436,0.001,51.214,2719.174,0.002
1790489827.0074022,True,2772.733,0.001,50.781,2721.915,0.002
1790489827.0380754,True,2769.656,0.001,51.376,2718.252,0.002
1790489827.0649025,True,2771.745,0.001,50.762,2720.958,0.002
1790489827.0931222,True,2770.328,0.001,51.535,2718.759,0.002
1790489827.11541,True,2768.685,0.001,50.693,2717.967,0.002
1790489827.1418025,True,2769.031,0.001,51.2,2717.805,0.002
1790489827.1734688,True,2773.229,0.001,50.983,2722.211,0.002
1790489827.1971264,True,2770.795,0.001,50.775,2719.993,0.003
1790489827.2480865,True,2771.647,0.001,51.091,2720.516,0.003
1790489827.2499497,True,2771.382,0.001,50.791,2720.57,0.002
1790489827.3123786,True,2774.806,0.001,51.126,2723.645,0.002
1790489827.3139923,True,2775.226,0.001,53.533,2721.664,0.002
1790489827.3724005,True,2774.137,0.001,51.409,2722.693,0.002
1790489827.3736098,True,2774.287,0.001,52.724,2721.543,0.001
1790489827.3901937,True,2771.188,0.001,51.393,2719.76,0.003
1790489827.4344807,True,2771.434,0.001,51.062,2720.338,0.002
1790489827.4501755,True,2774.112,0.001,51.401,2722.681,0.002
1790489827.4935606,True,2771.924,0.001,51.349,2720.55,0.003
1790489827.5045693,True,2769.988,0.001,51.153,2718.807,0.002
1790489827.5317156,True,2770.265,0.001,52.767,2717.472,0.003
1790489827.5579627,True,2769.745,0.001,51.059,2718.662,0.002
1790489827.589741,True,2772.874,0.001,51.639,2721.199,0.002
1790489827.6155245,True,2773.127,0.001,51.323,2721.768,0.002
1790489827.6477025,True,2771.457,0.001,51.297,2720.13,0.002
1790489827.670233,True,2769.454,0.001,51.587,2717.842,0.002
1790489827.694002,True,2770.059,0.001,51.219,2718.806,0.003
1790489827.7284365,True,2773.162,0.001,51.06,2722.069,0.002
1790489827.811772,True,2772.6,0.001,51.726,2720.839,0.003
1790489827.8141904,True,2773.455,0.001,53.614,2719.821,0.002
1790489827.8155024,True,2775.684,0.001,52.764,2722.899,0.002
1790489827.8484783,True,2770.221,0.001,51.157,2719.03,0.002
1790489827.850084,True,2767.547,0.001,50.734,2716.786,0.002
1790489827.8825378,True,2768.646,0.001,50.71,2717.903,0.002
1790489827.9171717,True,2771.906,0.001,51.154,2720.715,0.003
1790489827.9425466,True,2769.882,0.001,50.68,2719.171,0.002
1790489827.9722788,True,2768.603,0.001,50.481,2718.096,0.002
1790489828.001186,True,2770.746,0.001,51.595,2719.123,0.002
1790489828.0295794,True,2772.614,0.001,52.638,2719.952,0.002
1790489828.0592537,True,2770.173,0.001,51.69,2718.462,0.002
1790489828.0806806,True,2768.019,0.001,51.886,2716.108,0.002
1790489828.1132238,True,2770.752,0.001,51.252,2719.473,0.002
1790489828.1366725,True,2769.402,0.001,51.745,2717.632,0.002
1790489828.1697598,True,2770.476,0.001,50.793,2719.658,0.002
1790489828.195846,True,2774.403,0.001,51.35,2723.021,0.002
1790489828.2243214,True,2771.377,0.001,51.331,2720.012,0.002
1790489828.2541928,True,2773.569,0.001,52.881,2720.666,0.002
1790489828.2824788,True,2771.412,0.001,51.507,2719.881,0.002
1790489828.3071132,True,2770.437,0.001,51.48,2718.927,0.003
1790489828.3340776,True,2768.588,0.001,50.793,2717.678,0.002
1790489828.3605902,True,2769.944,0.001,51.738,2718.179,0.003
1790489828.3884137,True,2769.475,0.001,51.202,2718.246,0.002
1790489828.418685,True,2773.455,0.001,51.742,2721.644,0.038
1790489828.4433618,True,2770.982,0.001,51.475,2719.481,0.003
1790489828.4732034,True,2769.857,0.001,51.433,2718.397,0.003
1790489828.495879,True,2769.208,0.001,51.192,2717.99,0.003
1790489828.5274055,True,2769.55,0.001,51.227,2718.289,0.003
1790489828.5490744,True,2768.685,0.001,50.811,2717.848,0.002
1790489828.5896678,True,2769.195,0.001,50.642,2718.523,0.002
1790489828.615261,True,2769.441,0.001,51.145,2718.262,0.002
1790489828.6485941,True,2772.247,0.001,50.542,2721.667,0.002
1790489828.6745508,True,2770.072,0.001,51.342,2718.7,0.002
1790489828.7064922,True,2772.012,0.001,51.3,2720.687,0.002
1790489828.7321794,True,2770.056,0.001,50.59,2719.442,0.002
1790489828.761639,True,2772.346,0.001,52.031,2720.281,0.002
1790489828.7872999,True,2772.219,0.001,51.399,2720.785,0.002
1790489828.8160453,True,2769.375,0.001,51.871,2717.479,0.003
1790489828.8473651,True,2773.459,0.001,52.277,2721.161,0.002
1790489828.8781822,True,2777.024,0.001,52.682,2724.316,0.002
1790489828.9015102,True,2771.942,0.001,52.028,2719.883,0.003
1790489828.9324133,True,2769.84,0.001,51.713,2718.094,0.002
1790489828.9538498,True,2770.346,0.001,50.756,2719.561,0.002
1790489828.9814405,True,2772.83,0.001,52.567,2720.237,0.002
1790489829.0068183,True,2769.342,0.001,51.033,2718.282,0.002
1790489829.0332735,True,2769.687,0.001,50.633,2719.031,0.002
1790489829.0619438,True,2770.443,0.001,51.187,2719.222,0.002
1790489829.0872188,True,2770.166,0.001,51.804,2718.338,0.002
1790489829.1128633,True,2772.398,0.001,52.057,2720.309,0.002
1790489829.1411746,True,2769.985,0.001,50.848,2719.111,0.002
1790489829.16932,True,2770.962,0.001,51.355,2719.583,0.002
1790489829.1934047,True,2769.201,0.001,50.453,2718.725,0.002
1790489829.2220826,True,2769.431,0.001,51.571,2717.834,0.002
1790489829.2473214,True,2769.988,0.001,51.476,2718.475,0.002
1790489829.2765038,True,2769.632,0.001,51.108,2718.496,0.003
1790489829.3297703,True,2769.842,0.001,51.343,2718.463,0.002
1790489829.3415742,True,2773.201,0.001,50.932,2722.239,0.003
1790489829.4035864,True,2776.326,0.001,53.077,2723.22,0.002
1790489829.4049687,True,2777.059,0.001,54.185,2722.853,0.002
1790489829.4195364,True,2771.763,0.001,52.194,2719.544,0.002
1790489829.456021,True,2770.162,0.001,50.871,2719.253,0.003
1790489829.4726398,True,2770.174,0.001,52.724,2717.425,0.002
1790489829.5019844,True,2770.464,0.001,51.918,2718.522,0.002
1790489829.5314083,True,2773.164,0.001,51.11,2722.021,0.002
1790489829.5552258,True,2768.701,0.001,51.544,2717.132,0.002
1790489829.5995133,True,2769.807,0.001,51.255,2718.515,0.003
1790489829.613874,True,2773.138,0.001,52.221,2720.889,0.002
1790489829.6396277,True,2770.444,0.001,51.471,2718.937,0.002
1790489829.66852,True,2769.769,0.001,51.852,2717.888,0.003
1790489829.7007394,True,2770.425,0.001,52.098,2718.297,0.002
1790489829.7239695,True,2770.887,0.001,51.914,2718.94,0.002
1790489829.7590356,True,2770.655,0.001,50.583,2720.051,0.002
1790489829.7825594,True,2772.139,0.001,51.844,2720.266,0.002
1790489829.8138566,True,2772.733,0.001,52.498,2720.211,0.002
1790489829.8364763,True,2768.343,0.001,50.638,2717.681,0.002
1790489829.865705,True,2769.652,0.001,51.48,2718.14,0.002
1790489829.8904924,True,2771.811,0.001,51.004,2720.77,0.003
1790489829.91594,True,2770.977,0.001,52.78,2718.171,0.003
1790489829.9514763,True,2774.461,0.001,51.904,2722.521,0.002
1790489829.9693074,True,2768.741,0.001,51.157,2717.558,0.002
1790489830.0255582,True,2770.134,0.001,50.7,2719.398,0.002
1790489830.032486,True,2769.086,0.001,50.646,2718.417,0.001
1790489830.0914714,True,2776.145,0.001,51.508,2724.607,0.002
1790489830.0963395,True,2779.602,0.001,53.184,2726.358,0.002
1790489830.1478648,True,2771.775,0.001,50.983,2720.757,0.002
1790489830.1499367,True,2773.434,0.0,52.495,2720.919,0.002
1790489830.1658726,True,2772.562,0.001,51.081,2721.448,0.002
1790489830.2108815,True,2772.901,0.001,51.374,2721.494,0.002
1790489830.2231894,True,2769.782,0.001,51.874,2717.886,0.002
1790489830.2679899,True,2770.983,0.001,50.942,2720.009,0.002
1790489830.276258,True,2768.383,0.001,50.92,2717.436,0.003
1790489830.306887,True,2771.548,0.001,50.942,2720.57,0.002
1790489830.33434,True,2772.99,0.001,51.783,2721.18,0.002
1790489830.36489,True,2772.182,0.001,52.362,2719.791,0.002
1790489830.3895702,True,2770.95,0.001,52.406,2718.518,0.003
1790489830.4226148,True,2771.906,0.001,51.297,2720.578,0.003
1790489830.4475443,True,2773.486,0.001,50.658,2722.797,0.002
1790489830.4675274,True,2769.888,0.001,51.366,2718.484,0.002
1790489830.5051792,True,2773.425,0.001,51.178,2722.211,0.002
1790489830.5882585,True,2771.465,0.001,50.931,2720.499,0.002
1790489830.5903156,True,2772.781,0.001,52.247,2720.512,0.002
1790489830.5915008,True,2772.701,0.001,52.509,2720.172,0.002
1790489830.62203,True,2770.303,0.001,50.376,2719.903,0.002
1790489830.623266,True,2770.43,0.001,50.742,2719.67,0.001
1790489830.6557708,True,2770.143,0.001,51.383,2718.724,0.003
1790489830.6913412,True,2770.619,0.001,52.559,2718.034,0.002
1790489830.7141016,True,2768.462,0.001,50.719,2717.71,0.002
1790489830.748617,True,2772.988,0.001,51.356,2721.603,0.002
1790489830.7735462,True,2769.214,0.001,50.917,2718.266,0.002
1790489830.8030589,True,2770.162,0.001,50.63,2719.507,0.002
1790489830.8316972,True,2769.389,0.001,51.562,2717.805,0.002
1790489830.8544588,True,2769.76,0.001,52.396,2717.34,0.002
1790489830.8889995,True,2772.793,0.001,54.059,2718.713,0.002
1790489830.9148183,True,2774.274,0.001,50.702,2723.536,0.002
1790489830.9430826,True,2769.751,0.001,51.914,2717.81,0.002
1790489830.9743428,True,2775.209,0.001,52.013,2723.166,0.002
1790489831.0021248,True,2774.698,0.001,52.333,2722.333,0.002
1790489831.024217,True,2767.143,0.001,50.204,2716.917,0.002
1790489831.0548596,True,2768.881,0.001,51.139,2717.716,0.002
1790489831.0811417,True,2770.214,0.001,50.322,2719.87,0.002
1790489831.1060376,True,2767.241,0.001,50.331,2716.886,0.002
1790489831.1362205,True,2772.355,0.001,52.105,2720.123,0.003
1790489831.1630642,True,2771.444,0.001,52.289,2719.134,0.002
1790489831.191812,True,2769.839,0.001,51.958,2717.857,0.002
1790489831.2149506,True,2768.003,0.001,50.99,2716.985,0.002
1790489831.2452018,True,2768.636,0.001,51.329,2717.283,0.002
1790489831.270581,True,2769.979,0.001,51.238,2718.712,0.002
1790489831.3032582,True,2772.328,0.001,51.193,2721.099,0.003
1790489831.3243678,True,2770.451,0.001,51.762,2718.651,0.002
1790489831.3650105,True,2772.211,0.001,51.45,2720.725,0.003
1790489831.3877106,True,2769.265,0.001,51.221,2718.006,0.002
1790489831.422866,True,2771.081,0.001,51.917,2719.133,0.002
1790489831.4475465,True,2769.699,0.001,51.703,2717.967,0.002
1790489831.48214,True,2772.228,0.001,52.309,2719.896,0.002
1790489831.5057929,True,2770.221,0.001,52.15,2718.048,0.002
1790489831.53533,True,2770.215,0.001,51.734,2718.454,0.002
1790489831.56419,True,2773.797,0.001,52.419,2721.35,0.002
1790489831.5890079,True,2769.502,0.001,50.705,2718.761,0.003
1790489831.623238,True,2772.443,0.001,51.499,2720.915,0.002
1790489831.650347,True,2768.954,0.001,51.955,2716.977,0.002
1790489831.691734,True,2768.94,0.001,50.75,2718.159,0.002
1790489831.7088113,True,2771.956,0.001,51.623,2720.301,0.002
1790489831.726957,True,2768.595,0.001,50.341,2718.227,0.002
1790489831.7537043,True,2769.325,0.001,51.471,2717.826,0.002
1790489831.7805045,True,2769.346,0.001,51.411,2717.907,0.002
1790489831.8063116,True,2768.554,0.001,51.267,2717.26,0.002
1790489831.8351479,True,2769.282,0.001,51.493,2717.758,0.002
1790489831.8608408,True,2769.327,0.001,50.437,2718.867,0.003
1790489831.8868523,True,2770.916,0.001,51.474,2719.411,0.003
1790489831.9136147,True,2769.31,0.001,51.015,2718.226,0.003
1790489831.9407015,True,2768.149,0.001,50.311,2717.792,0.002
1790489831.9673848,True,2769.203,0.001,51.317,2717.858,0.002
1790489831.9953823,True,2769.668,0.001,51.799,2717.844,0.003
1790489832.0218494,True,2769.685,0.001,51.106,2718.543,0.002
1790489832.047217,True,2767.727,0.001,50.782,2716.923,0.002
1790489832.1036391,True,2770.47,0.001,51.621,2718.813,0.002
1790489832.121219,True,2776.46,0.001,51.6,2724.683,0.002
1790489832.1802084,True,2772.145,0.001,50.533,2721.583,0.002
1790489832.1819,True,2772.939,0.001,51.472,2721.443,0.002
1790489832.1908333,True,2767.97,0.001,50.588,2717.358,0.002
1790489832.2317634,True,2769.547,0.001,51.541,2717.969,0.003
1790489832.2483633,True,2772.732,0.001,51.344,2721.353,0.002
1790489832.2748427,True,2769.452,0.001,50.737,2718.69,0.002
1790489832.307148,True,2772.608,0.001,52.014,2720.564,0.002
1790489832.332625,True,2773.524,0.001,52.235,2721.259,0.002
1790489832.370537,True,2767.559,0.001,51.115,2716.414,0.002
1790489832.3895185,True,2772.295,0.001,52.023,2720.248,0.002
1790489832.4137046,True,2770.291,0.001,51.099,2719.152,0.002
1790489832.4428253,True,2769.975,0.001,51.819,2718.129,0.002
1790489832.475299,True,2771.237,0.001,51.27,2719.931,0.003
1790489832.500337,True,2772.762,0.001,51.362,2721.365,0.002
1790489832.5336924,True,2771.387,0.001,52.314,2719.052,0.002
1790489832.5550797,True,2769.11,0.001,51.317,2717.769,0.002
1790489832.5859945,True,2768.881,0.001,50.658,2718.193,0.003
1790489832.6086357,True,2768.994,0.001,51.432,2717.537,0.003
1790489832.6400099,True,2769.244,0.001,51.308,2717.902,0.002
1790489832.668408,True,2774.109,0.001,51.408,2722.667,0.002
1790489832.6895645,True,2770.237,0.001,50.917,2719.293,0.002
1790489832.7265549,True,2771.752,0.001,50.856,2720.859,0.002
1790489832.7423298,True,2768.402,0.001,50.533,2717.842,0.002
1790489832.8129113,True,2775.746,0.001,52.035,2723.678,0.003
1790489832.8145115,True,2776.029,0.001,54.437,2721.565,0.002
1790489832.8741074,True,2776.957,0.001,54.071,2722.861,0.002
1790489832.8754508,True,2775.628,0.001,54.041,2721.564,0.002
1790489832.924339,True,2771.127,0.001,51.496,2719.593,0.003
1790489832.9260142,True,2770.928,0.001,51.562,2719.346,0.002
1790489832.9391003,True,2769.979,0.001,50.494,2719.45,0.002
1790489832.985359,True,2771.511,0.001,51.471,2720.012,0.002
1790489832.997731,True,2771.649,0.001,50.748,2720.879,0.002
1790489833.0425189,True,2770.994,0.001,51.537,2719.426,0.002
1790489833.0511127,True,2771.214,0.001,51.141,2720.044,0.002
1790489833.0804121,True,2770.359,0.001,50.823,2719.503,0.002
1790489833.1086245,True,2771.215,0.001,52.746,2718.447,0.002
1790489833.1396015,True,2771.694,0.001,50.886,2720.777,0.002
1790489833.165976,True,2773.081,0.001,52.0,2721.05,0.002
1790489833.197455,True,2771.989,0.001,51.596,2720.359,0.002
1790489833.2242742,True,2773.657,0.001,51.503,2722.122,0.002
1790489833.2422302,True,2771.466,0.001,52.571,2718.857,0.002
1790489833.2781045,True,2769.82,0.001,51.159,2718.629,0.002
1790489833.3651524,True,2772.306,0.001,50.952,2721.293,0.002
1790489833.3670168,True,2773.044,0.001,52.112,2720.91,0.002
1790489833.3694746,True,2774.401,0.001,52.54,2721.841,0.001
1790489833.3968675,True,2771.221,0.001,50.821,2720.366,0.002
1790489833.3984897,True,2772.587,0.001,52.203,2720.366,0.001
1790489833.4297934,True,2771.031,0.001,51.38,2719.619,0.002
1790489833.4653487,True,2770.897,0.001,51.564,2719.301,0.002
1790489833.488282,True,2771.266,0.001,51.444,2719.782,0.002
1790489833.5228696,True,2771.286,0.001,51.838,2719.424,0.002
1790489833.5477085,True,2770.986,0.001,51.237,2719.719,0.002
1790489833.5782332,True,2771.722,0.001,51.126,2720.566,0.003
1790489833.6062973,True,2771.419,0.001,51.697,2719.691,0.002
1790489833.6320946,True,2772.56,0.001,52.642,2719.886,0.003
1790489833.6612294,True,2768.912,0.001,51.341,2717.543,0.002
1790489833.697248,True,2779.34,0.001,50.588,2728.712,0.002
1790489833.7196164,True,2773.462,0.001,50.784,2722.64,0.002
1790489833.7459435,True,2768.523,0.001,50.995,2717.5,0.002
1790489833.774131,True,2768.826,0.001,51.27,2717.528,0.003
1790489833.7998574,True,2772.523,0.001,51.492,2720.999,0.003
1790489833.8268404,True,2767.398,0.001,50.197,2717.178,0.002
1790489833.8541412,True,2770.084,0.001,52.698,2717.362,0.002
1790489833.8808403,True,2771.532,0.001,51.594,2719.905,0.002
1790489833.9130023,True,2773.065,0.001,52.622,2720.418,0.002
1790489833.9346724,True,2768.318,0.001,50.597,2717.695,0.002
1790489833.963386,True,2768.35,0.001,51.007,2717.319,0.002
1790489833.9895997,True,2770.312,0.001,51.906,2718.382,0.002
1790489834.0214944,True,2773.201,0.001,51.645,2721.528,0.002
1790489834.0426056,True,2768.666,0.001,51.104,2717.537,0.002
1790489834.075536,True,2769.17,0.001,51.027,2718.108,0.002
1790489834.097464,True,2769.661,0.001,51.418,2718.209,0.003
1790489834.138381,True,2770.254,0.001,51.153,2719.066,0.002
1790489834.1588695,True,2767.917,0.001,50.684,2717.197,0.002
1790489834.197669,True,2771.768,0.001,52.123,2719.611,0.002
1790489834.2212963,True,2770.864,0.001,50.93,2719.894,0.002
1790489834.2556353,True,2769.761,0.001,50.309,2719.43,0.002
1790489834.279306,True,2770.216,0.001,51.186,2718.998,0.002
1790489834.3073475,True,2768.696,0.001,51.105,2717.564,0.003
1790489834.3395588,True,2772.422,0.001,52.798,2719.597,0.002
1790489834.3630989,True,2770.805,0.001,51.156,2719.613,0.002
1790489834.41255,True,2785.644,0.001,65.727,2719.747,0.135
1790489834.4250464,True,2771.331,0.001,50.501,2720.729,0.002
1790489834.4650662,True,2769.546,0.001,51.204,2718.305,0.002
1790489834.4826849,True,2770.648,0.001,51.297,2719.319,0.002
1790489834.498931,True,2768.906,0.001,51.223,2717.655,0.002
1790489834.5260532,True,2769.322,0.001,50.373,2718.927,0.002
1790489834.554189,True,2770.297,0.001,51.878,2718.391,0.002
1790489834.5797222,True,2770.199,0.001,51.935,2718.239,0.002
1790489834.608829,True,2770.034,0.001,51.297,2718.709,0.002
1790489834.6354077,True,2771.074,0.001,51.48,2719.566,0.002
1790489834.660903,True,2769.236,0.001,51.034,2718.174,0.002
1790489834.6869578,True,2768.503,0.001,50.83,2717.647,0.002
1790489834.7137878,True,2768.482,0.001,50.598,2717.858,0.002
1790489834.7404501,True,2768.836,0.001,50.955,2717.853,0.003
1790489834.7690773,True,2770.23,0.001,50.545,2719.654,0.003
1790489834.7950485,True,2769.806,0.001,51.462,2718.312,0.002
1790489834.8235466,True,2771.559,0.001,52.505,2719.022,0.003
1790489834.8762128,True,2769.45,0.001,51.524,2717.891,0.003
1790489834.897791,True,2773.469,0.001,50.874,2722.56,0.002
1790489834.9596748,True,2774.468,0.001,51.098,2723.343,0.002
1790489834.960922,True,2775.083,0.001,51.53,2723.53,0.002
1790489834.9632995,True,2769.603,0.001,51.256,2718.319,0.001
1790489835.0039232,True,2769.098,0.001,50.685,2718.378,0.003
1790489835.023649,True,2772.397,0.001,50.809,2721.558,0.002
1790489835.0484076,True,2770.773,0.001,52.044,2718.697,0.002
1790489835.085873,True,2772.236,0.001,51.691,2720.5,0.003
1790489835.1077137,True,2771.844,0.001,51.113,2720.704,0.002
1790489835.1444054,True,2770.701,0.001,50.829,2719.841,0.002
1790489835.160267,True,2767.787,0.001,50.706,2717.059,0.002
1790489835.1863146,True,2769.579,0.001,50.831,2718.596,0.002
1790489835.2188284,True,2772.678,0.001,51.963,2720.689,0.002
1790489835.2500715,True,2771.533,0.001,50.787,2720.709,0.002
1790489835.273721,True,2770.051,0.001,52.029,2717.995,0.002
1790489835.3048542,True,2768.161,0.001,51.16,2716.972,0.002
1790489835.327706,True,2768.93,0.001,51.114,2717.791,0.002
1790489835.3581612,True,2767.852,0.001,51.402,2716.425,0.002
1790489835.3860824,True,2774.393,0.001,52.486,2721.877,0.002
1790489835.4155874,True,2770.772,0.001,51.42,2719.324,0.002
1790489835.4448495,True,2773.223,0.001,52.024,2721.166,0.002
1790489835.4628937,True,2769.481,0.001,51.007,2718.446,0.003
1790489835.5048902,True,2774.768,0.001,51.48,2723.246,0.002
1790489835.5177228,True,2770.651,0.001,51.438,2719.178,0.002
1790489835.5884953,True,2772.755,0.001,51.486,2721.235,0.002
1790489835.5905583,True,2773.376,0.001,52.312,2721.042,0.001
1790489835.649929,True,2771.953,0.001,50.676,2721.254,0.002
1790489835.6515749,True,2772.176,0.001,52.108,2720.049,0.001
1790489835.6995516,True,2772.06,0.001,52.491,2719.533,0.002
1790489835.7019858,True,2771.763,0.001,51.725,2720.015,0.002
1790489835.7142024,True,2772.102,0.001,51.184,2720.887,0.002
1790489835.7598336,True,2771.334,0.001,51.373,2719.935,0.002
1790489835.7697196,True,2769.122,0.001,50.84,2718.258,0.002
1790489835.8169496,True,2770.86,0.001,52.255,2718.582,0.002
1790489835.824582,True,2770.17,0.001,50.848,2719.29,0.002
1790489835.8535175,True,2769.822,0.001,51.586,2718.198,0.002
1790489835.8834891,True,2771.797,0.001,50.596,2721.169,0.002
1790489835.9133565,True,2770.88,0.001,51.357,2719.498,0.002
1790489835.942581,True,2773.105,0.001,50.857,2722.21,0.002
1790489835.9717703,True,2771.393,0.001,51.411,2719.949,0.002
1790489835.996667,True,2769.426,0.001,51.495,2717.907,0.002
1790489836.0150816,True,2769.587,0.001,51.24,2718.312,0.002
1790489836.0513303,True,2770.367,0.001,51.163,2719.088,0.002
1790489836.1435707,True,2773.728,0.001,51.605,2722.09,0.003
1790489836.1452417,True,2773.123,0.001,52.839,2720.257,0.002
1790489836.1476028,True,2777.633,0.001,53.009,2724.606,0.001
1790489836.171277,True,2771.471,0.001,51.114,2720.321,0.003
1790489836.173634,True,2771.818,0.001,52.012,2719.783,0.002
1790489836.2076619,True,2774.254,0.001,51.196,2723.017,0.002
1790489836.2425585,True,2774.221,0.001,50.615,2723.57,0.002
1790489836.2611535,True,2769.716,0.001,51.417,2718.261,0.002
1790489836.2973518,True,2769.149,0.001,50.652,2718.473,0.002
1790489836.3197336,True,2769.02,0.001,50.705,2718.284,0.002
1790489836.3512163,True,2769.291,0.001,51.036,2718.227,0.002
1790489836.379115,True,2769.439,0.001,52.263,2717.15,0.002
1790489836.4131703,True,2777.765,0.001,51.892,2725.796,0.002
1790489836.436961,True,2772.344,0.001,50.765,2721.547,0.002
1790489836.4714313,True,2770.796,0.001,51.315,2719.45,0.002
1790489836.492349,True,2769.616,0.001,51.993,2717.596,0.003
1790489836.5192735,True,2769.878,0.001,51.073,2718.777,0.002
1790489836.5465856,True,2769.035,0.001,50.903,2718.104,0.002
1790489836.5732162,True,2769.654,0.001,51.273,2718.358,0.002
1790489836.6012845,True,2769.73,0.001,51.405,2718.294,0.003
1790489836.630901,True,2773.457,0.001,51.513,2721.911,0.002
1790489836.6553187,True,2769.63,0.001,51.125,2718.476,0.003
1790489836.6993473,True,2768.418,0.001,50.47,2717.924,0.002
1790489836.7062972,True,2767.188,0.001,51.011,2716.153,0.002
1790489836.7391346,True,2772.081,0.001,50.923,2721.121,0.002
1790489836.759461,True,2766.673,0.001,50.484,2716.168,0.002
1790489836.7944806,True,2769.811,0.001,51.771,2718.013,0.002
1790489836.816099,True,2770.007,0.001,52.074,2717.908,0.002
1790489836.849304,True,2770.349,0.001,51.466,2718.85,0.002
1790489836.8708727,True,2769.969,0.001,51.236,2718.699,0.002
1790489836.9115093,True,2769.997,0.001,51.211,2718.749,0.003
1790489836.9307811,True,2768.77,0.001,51.488,2717.253,0.002
1790489836.9707966,True,2769.991,0.001,52.278,2717.687,0.002
1790489836.9957778,True,2771.319,0.001,51.032,2720.252,0.002
1790489837.0284927,True,2769.741,0.001,50.676,2719.038,0.002
1790489837.0534012,True,2770.881,0.001,51.435,2719.417,0.002
1790489837.0815675,True,2768.64,0.001,50.75,2717.865,0.002
1790489837.1123211,True,2769.845,0.001,51.367,2718.444,0.002
1790489837.136404,True,2770.403,0.001,51.347,2719.022,0.002
1790489837.1846507,True,2768.632,0.001,51.253,2717.351,0.002
1790489837.1999798,True,2771.016,0.001,51.499,2719.485,0.003
1790489837.243462,True,2773.398,0.001,51.852,2721.51,0.002
1790489837.2529263,True,2767.281,0.001,50.58,2716.672,0.002
1790489837.2737794,True,2771.794,0.001,52.625,2719.143,0.002
1790489837.298286,True,2769.232,0.001,51.459,2717.748,0.003
1790489837.329068,True,2771.071,0.001,51.218,2719.827,0.003
1790489837.356162,True,2773.008,0.001,52.673,2720.314,0.002
1790489837.3824568,True,2769.526,0.001,50.895,2718.601,0.002
1790489837.4091718,True,2770.305,0.001,50.827,2719.451,0.002
1790489837.4336693,True,2768.272,0.001,50.992,2717.258,0.002
1790489837.461504,True,2769.296,0.001,50.933,2718.334,0.002
1790489837.4879653,True,2769.238,0.001,51.03,2718.178,0.002
1790489837.5127885,True,2767.765,0.001,50.621,2717.12,0.002
1790489837.5425167,True,2769.775,0.001,51.486,2718.261,0.002
1790489837.5703266,True,2772.081,0.001,51.277,2720.772,0.002
1790489837.5953417,True,2768.294,0.001,51.36,2716.907,0.002
1790489837.6509547,True,2769.684,0.001,51.977,2717.68,0.002
1790489837.6774092,True,2776.41,0.001,52.183,2724.169,0.002
1790489837.7366788,True,2772.036,0.001,51.242,2720.762,0.002
1790489837.7383342,True,2772.495,0.001,53.261,2719.213,0.002
1790489837.7404432,True,2775.573,0.001,52.795,2722.759,0.002
1790489837.7778778,True,2770.808,0.001,51.264,2719.509,0.002
1790489837.8037689,True,2771.911,0.001,54.355,2717.517,0.002
1790489837.8244696,True,2772.861,0.001,51.532,2721.291,0.002
1790489837.8639157,True,2773.487,0.001,51.4,2722.058,0.002
1790489837.87828,True,2767.48,0.001,50.343,2717.113,0.002
1790489837.9162834,True,2768.967,0.001,50.671,2718.264,0.002
1790489837.9362593,True,2772.694,0.001,51.383,2721.279,0.002
1790489837.9593654,True,2769.795,0.001,52.256,2717.506,0.003
1790489837.9921086,True,2769.991,0.001,52.25,2717.711,0.002
1790489838.0229132,True,2769.626,0.001,52.352,2717.25,0.002
1790489838.0462449,True,2768.934,0.001,50.646,2718.262,0.002
1790489838.0764441,True,2768.496,0.001,51.094,2717.378,0.002
1790489838.1046355,True,2772.8,0.001,51.396,2721.373,0.002
1790489838.1338947,True,2772.465,0.001,51.813,2720.624,0.002
1790489838.1618018,True,2772.849,0.001,51.678,2721.14,0.002
1790489838.1879983,True,2768.862,0.001,50.735,2718.093,0.003
1790489838.220858,True,2773.004,0.001,52.466,2720.509,0.002
1790489838.2373745,True,2771.365,0.001,52.413,2718.924,0.003
1790489838.280379,True,2772.615,0.001,51.364,2721.219,0.002
1790489838.2896693,True,2769.086,0.001,51.644,2717.408,0.002
1790489838.362801,True,2770.722,0.001,51.236,2719.453,0.002
1790489838.3658025,True,2772.64,0.001,52.074,2720.544,0.001
1790489838.4242637,True,2770.055,0.001,50.557,2719.474,0.002
1790489838.4254596,True,2770.395,0.001,51.929,2718.445,0.002
1790489838.4714608,True,2768.352,0.001,51.475,2716.846,0.002
1790489838.4753938,True,2769.363,0.001,50.762,2718.583,0.002
1790489838.487473,True,2770.339,0.001,53.038,2717.278,0.002
1790489838.5355716,True,2772.728,0.001,51.294,2721.406,0.002
1790489838.5481648,True,2775.15,0.001,51.975,2723.153,0.002
1790489838.5910127,True,2770.413,0.001,51.029,2719.347,0.003
1790489838.5990474,True,2770.785,0.001,51.32,2719.432,0.002
1790489838.6279182,True,2771.264,0.001,51.769,2719.46,0.002
1790489838.6584332,True,2771.942,0.001,51.489,2720.418,0.002
1790489838.6877816,True,2771.372,0.001,51.248,2720.089,0.002
1790489838.716264,True,2770.529,0.001,51.573,2718.933,0.002
1790489838.7463553,True,2771.58,0.001,51.471,2720.078,0.002
1790489838.7696881,True,2769.759,0.001,51.87,2717.866,0.002
1790489838.7877786,True,2769.344,0.001,50.607,2718.696,0.003
1790489838.8287766,True,2774.239,0.001,51.355,2722.85,0.002
1790489838.9239516,True,2775.001,0.001,51.435,2723.531,0.002
1790489838.9256704,True,2775.612,0.001,54.097,2721.494,0.002
1790489838.9274595,True,2778.404,0.001,52.926,2725.459,0.002
1790489838.9461398,True,2771.862,0.001,51.635,2720.196,0.002
1790489838.948144,True,2771.769,0.001,51.114,2720.633,0.002
1790489838.979765,True,2768.659,0.001,50.876,2717.757,0.003
1790489839.0146952,True,2769.186,0.001,52.407,2716.756,0.002
1790489839.0352495,True,2770.87,0.001,50.886,2719.95,0.003
1790489839.07305,True,2772.495,0.001,51.504,2720.966,0.002
1790489839.0935628,True,2770.777,0.001,51.671,2719.077,0.002
1790489839.1247962,True,2769.995,0.001,51.163,2718.799,0.002
1790489839.153323,True,2770.951,0.001,51.761,2719.162,0.002
1790489839.1902153,True,2774.123,0.001,52.986,2721.041,0.002
1790489839.2115755,True,2771.424,0.001,52.627,2718.773,0.002
1790489839.2453184,True,2770.658,0.001,51.539,2719.087,0.002
1790489839.2666945,True,2770.904,0.001,51.491,2719.387,0.002
1790489839.291491,True,2768.753,0.001,51.547,2717.18,0.003
1790489839.3197527,True,2769.652,0.001,51.784,2717.843,0.002
1790489839.3493352,True,2773.064,0.001,51.945,2721.085,0.002
1790489839.3737843,True,2768.851,0.001,50.842,2717.985,0.002
1790489839.419134,True,2784.998,0.001,66.012,2718.954,0.002
1790489839.4267893,True,2768.201,0.001,50.452,2717.723,0.002
1790489839.4743693,True,2769.998,0.001,50.744,2719.215,0.002
1790489839.479542,True,2769.084,0.001,50.92,2718.141,0.002
1790489839.511743,True,2769.458,0.001,52.463,2716.972,0.002
1790489839.53539,True,2771.468,0.001,52.621,2718.825,0.002
1790489839.5696902,True,2771.952,0.001,52.099,2719.832,0.002
1790489839.5886633,True,2769.27,0.001,51.93,2717.313,0.003
1790489839.6226861,True,2770.265,0.001,50.775,2719.454,0.002
1790489839.6448238,True,2770.431,0.001,50.853,2719.539,0.003
1790489839.6823711,True,2767.725,0.001,51.153,2716.542,0.002
1790489839.7042708,True,2770.292,0.001,51.43,2718.826,0.002
1790489839.7466424,True,2772.753,0.001,50.793,2721.889,0.038
1790489839.7699537,True,2771.11,0.001,51.712,2719.367,0.002
1790489839.8005896,True,2768.877,0.001,50.696,2718.144,0.002
1790489839.8279636,True,2771.259,0.001,51.403,2719.726,0.002
1790489839.8549895,True,2769.593,0.001,51.887,2717.679,0.002
1790489839.8874571,True,2772.023,0.001,52.626,2719.34,0.002
1790489839.9108503,True,2770.677,0.001,50.81,2719.832,0.003
1790489839.9590604,True,2771.068,0.001,51.337,2719.698,0.002
1790489839.9711854,True,2767.581,0.001,50.381,2717.178,0.002
1790489840.017378,True,2770.376,0.001,52.248,2718.106,0.002
1790489840.0259707,True,2768.975,0.001,51.114,2717.826,0.002
1790489840.0461936,True,2769.663,0.001,52.85,2716.792,0.001
1790489840.0743299,True,2772.841,0.001,52.307,2720.506,0.002
1790489840.103738,True,2771.133,0.001,50.602,2720.509,0.002
1790489840.1281369,True,2768.715,0.001,50.673,2718.017,0.002
1790489840.154658,True,2767.606,0.001,50.345,2717.236,0.003
1790489840.1829863,True,2769.833,0.001,50.654,2719.15,0.002
1790489840.206209,True,2769.246,0.001,51.839,2717.381,0.003
1790489840.2360485,True,2769.68,0.001,51.375,2718.272,0.002
1790489840.261322,True,2770.191,0.001,51.974,2718.192,0.002
1790489840.2866964,True,2770.947,0.001,50.704,2720.211,0.002
1790489840.3146393,True,2768.618,0.001,51.301,2717.288,0.002
1790489840.3465393,True,2772.997,0.001,51.492,2721.47,0.002
1790489840.3683665,True,2768.855,0.001,51.313,2717.52,0.002
1790489840.423717,True,2769.516,0.001,51.178,2718.303,0.002
1790489840.4516287,True,2770.919,0.001,51.2,2719.677,0.003
1790489840.5138547,True,2772.084,0.001,50.68,2721.368,0.003
1790489840.5155206,True,2772.343,0.001,52.699,2719.623,0.001
1790489840.5179303,True,2776.038,0.001,52.158,2723.859,0.002
1790489840.5496404,True,2768.944,0.001,51.392,2717.518,0.002
1790489840.5782957,True,2771.638,0.001,51.583,2720.025,0.002
1790489840.597292,True,2769.763,0.001,51.46,2718.277,0.002
1790489840.6364362,True,2769.569,0.001,51.248,2718.294,0.002
1790489840.6541088,True,2772.537,0.001,51.117,2721.397,0.002
1790489840.6939335,True,2773.064,0.001,52.324,2720.709,0.002
1790489840.7123961,True,2772.467,0.001,52.719,2719.725,0.002
1790489840.731858,True,2769.328,0.001,50.758,2718.534,0.002
1790489840.765428,True,2769.891,0.001,51.447,2718.417,0.002
1790489840.7952318,True,2769.007,0.001,51.125,2717.857,0.002
1790489840.820996,True,2771.507,0.001,50.788,2720.687,0.002
1790489840.8525279,True,2772.921,0.001,51.442,2721.451,0.002
1790489840.8792415,True,2771.526,0.001,51.677,2719.821,0.002
1790489840.906938,True,2769.746,0.001,51.887,2717.83,0.002
1790489840.9367654,True,2771.954,0.001,51.113,2720.808,0.002
1790489840.9608417,True,2769.409,0.001,50.825,2718.555,0.002
1790489841.0014307,True,2777.569,0.001,51.3,2726.228,0.002
1790489841.010146,True,2769.369,0.001,51.061,2718.279,0.002
1790489841.0536606,True,2770.252,0.001,51.443,2718.768,0.002
1790489841.0651755,True,2770.226,0.001,51.391,2718.801,0.002
1790489841.1376727,True,2770.462,0.001,51.156,2719.273,0.002
1790489841.1408148,True,2772.417,0.001,51.657,2720.737,0.002
1790489841.2007186,True,2772.725,0.001,50.539,2722.165,0.002
1790489841.202157,True,2773.178,0.001,51.307,2721.852,0.002
1790489841.2436857,True,2769.155,0.001,50.54,2718.576,0.003
1790489841.251502,True,2773.221,0.001,51.633,2721.555,0.002
1790489841.2630734,True,2772.727,0.001,51.386,2721.316,0.002
1790489841.309463,True,2771.003,0.001,52.926,2718.054,0.002
1790489841.3199184,True,2768.741,0.001,50.737,2717.982,0.002
1790489841.364439,True,2769.829,0.001,51.205,2718.586,0.003
1790489841.372451,True,2768.653,0.001,50.88,2717.739,0.002
1790489841.4015164,True,2770.708,0.001,52.176,2718.502,0.002
1790489841.432425,True,2770.939,0.001,51.07,2719.837,0.002
1790489841.4607265,True,2769.73,0.001,51.281,2718.418,0.002
1790489841.490333,True,2770.953,0.001,51.039,2719.89,0.002
1790489841.5194962,True,2769.898,0.001,51.817,2718.049,0.002
1790489841.5449512,True,2771.534,0.001,51.3,2720.193,0.002
1790489841.5620902,True,2770.925,0.001,51.631,2719.253,0.002
1790489841.6032908,True,2771.602,0.001,52.592,2718.974,0.002
1790489841.7042508,True,2775.105,0.001,51.595,2723.486,0.002
1790489841.7226567,True,2775.878,0.001,52.59,2723.272,0.001
1790489841.725395,True,2774.014,0.001,51.813,2722.175,0.002
1790489841.726277,True,2771.692,0.001,51.394,2720.263,0.003
1790489841.7270608,True,2776.984,0.0,53.322,2723.646,0.002
1790489841.7565997,True,2768.804,0.001,50.801,2717.979,0.002
1790489841.7909915,True,2773.18,0.001,52.489,2720.663,0.002
1790489841.809769,True,2771.323,0.001,50.731,2720.553,0.003
1790489841.8452258,True,2768.763,0.001,50.984,2717.752,0.002
1790489841.869184,True,2772.218,0.001,50.896,2721.284,0.002
1790489841.9015114,True,2771.841,0.001,50.997,2720.804,0.002
1790489841.9298306,True,2773.27,0.001,51.525,2721.713,0.002
1790489841.9632351,True,2769.881,0.001,52.49,2717.368,0.002
1790489841.9877431,True,2773.222,0.001,52.605,2720.596,0.002
1790489842.0204823,True,2771.241,0.001,51.15,2720.059,0.002
1790489842.039107,True,2768.722,0.001,50.271,2718.427,0.003
1790489842.0651155,True,2770.382,0.001,50.809,2719.54,0.002
1790489842.092714,True,2769.881,0.001,51.702,2718.153,0.002
1790489842.1240342,True,2771.293,0.001,52.286,2718.972,0.002
1790489842.1443803,True,2767.115,0.001,50.235,2716.854,0.003
1790489842.1955028,True,2772.93,0.001,52.722,2720.183,0.003
1790489842.1967225,True,2767.487,0.001,50.754,2716.714,0.002
1790489842.2477288,True,2769.901,0.001,51.681,2718.182,0.003
1790489842.2517285,True,2769.086,0.001,50.826,2718.238,0.001
1790489842.28638,True,2771.867,0.001,51.4,2720.434,0.002
1790489842.3085332,True,2770.289,0.001,51.18,2719.087,0.002
1790489842.3436122,True,2770.848,0.001,50.624,2720.202,0.002
1790489842.3638277,True,2771.587,0.001,53.153,2718.407,0.002
1790489842.3948083,True,2768.743,0.001,51.104,2717.605,0.003
1790489842.4223447,True,2773.852,0.001,52.062,2721.758,0.002
1790489842.454422,True,2768.994,0.001,51.485,2717.477,0.002
1790489842.477275,True,2769.877,0.001,51.251,2718.591,0.002
1790489842.51916,True,2769.091,0.001,51.478,2717.586,0.002
1790489842.5442426,True,2771.244,0.001,51.094,2720.038,0.003
1790489842.573308,True,2769.056,0.001,51.385,2717.644,0.002
1790489842.604477,True,2773.391,0.001,50.75,2722.608,0.002
1790489842.6296759,True,2771.708,0.001,52.928,2718.757,0.002
1790489842.6622863,True,2771.853,0.001,51.966,2719.851,0.002
1790489842.6851213,True,2770.605,0.001,51.413,2719.157,0.002
1790489842.7326298,True,2770.359,0.001,50.854,2719.469,0.003
1790489842.7448153,True,2770.415,0.001,52.19,2718.203,0.002
1790489842.7906501,True,2770.011,0.001,51.282,2718.702,0.002
1790489842.7969096,True,2768.092,0.001,51.111,2716.952,0.002
1790489842.8202882,True,2770.881,0.001,51.885,2718.965,0.002
1790489842.8482087,True,2770.789,0.001,51.345,2719.42,0.002
1790489842.8775973,True,2770.52,0.001,50.527,2719.969,0.002
1790489842.9049206,True,2770.41,0.001,51.929,2718.454,0.003
1790489842.9286442,True,2769.103,0.001,50.444,2718.634,0.003
1790489842.954439,True,2767.986,0.001,50.375,2717.584,0.002
1790489842.979899,True,2770.173,0.001,52.378,2717.768,0.002
1790489843.007662,True,2768.132,0.001,50.671,2717.437,0.003
1790489843.0334234,True,2768.682,0.001,50.587,2718.071,0.003
1790489843.0622008,True,2772.31,0.001,50.948,2721.328,0.002
1790489843.087408,True,2769.247,0.001,51.29,2717.931,0.002
1790489843.120042,True,2770.357,0.001,51.268,2719.054,0.002
1790489843.142657,True,2770.266,0.001,52.12,2718.119,0.002
1790489843.19774,True,2770.257,0.001,51.365,2718.852,0.002
1790489843.2239861,True,2769.152,0.001,51.211,2717.906,0.002
1790489843.2909849,True,2772.05,0.001,51.414,2720.601,0.002
1790489843.2932546,True,2772.691,0.001,53.14,2719.531,0.001
1790489843.2942991,True,2774.9,0.001,52.822,2722.06,0.001
1790489843.3228333,True,2770.162,0.001,52.213,2717.917,0.002
1790489843.3543158,True,2772.959,0.001,50.89,2722.021,0.002
1790489843.3708045,True,2770.419,0.001,51.505,2718.885,0.002
1790489843.412335,True,2773.023,0.001,51.869,2721.124,0.003
1790489843.4299963,True,2772.721,0.001,51.221,2721.47,0.002
1790489843.4654522,True,2768.61,0.001,50.665,2717.908,0.002
1790489843.4831953,True,2767.582,0.001,50.367,2717.192,0.002
1790489843.5048077,True,2769.627,0.001,51.35,2718.237,0.003
1790489843.5401866,True,2770.641,0.001,52.007,2718.533,0.002
1790489843.5690398,True,2770.855,0.001,51.821,2719.004,0.002
1790489843.5982463,True,2773.989,0.001,51.429,2722.528,0.002
1790489843.6272874,True,2771.657,0.001,51.947,2719.685,0.002
1790489843.6542604,True,2772.355,0.001,52.005,2720.325,0.002
1790489843.679049,True,2768.041,0.001,50.676,2717.341,0.002
1790489843.7180316,True,2778.144,0.001,52.125,2725.981,0.003
1790489843.7333038,True,2769.028,0.001,50.925,2718.068,0.002
1790489843.7735598,True,2768.77,0.001,50.892,2717.85,0.002
1790489843.7832658,True,2769.837,0.001,52.721,2717.089,0.002
1790489843.8282132,True,2769.893,0.001,51.575,2718.279,0.003
1790489843.84021,True,2771.125,0.001,51.124,2719.968,0.002
1790489843.9197118,True,2777.589,0.001,51.356,2726.198,0.002
1790489843.9213338,True,2777.966,0.001,54.307,2723.635,0.002
1790489843.9770522,True,2772.201,0.001,51.615,2720.557,0.002
1790489843.9787068,True,2773.009,0.001,52.174,2720.813,0.002
1790489844.015863,True,2768.953,0.001,50.806,2718.111,0.003
1790489844.0268154,True,2772.132,0.001,51.176,2720.923,0.002
1790489844.0379882,True,2772.193,0.001,51.966,2720.203,0.002
1790489844.0850098,True,2772.302,0.001,52.374,2719.903,0.003
1790489844.0912187,True,2768.199,0.001,51.244,2716.929,0.002
1790489844.1378927,True,2769.918,0.001,51.613,2718.266,0.003
1790489844.1461504,True,2769.248,0.001,50.746,2718.471,0.002
1790489844.1738381,True,2769.046,0.001,50.808,2718.203,0.002
1790489844.2056043,True,2769.89,0.001,50.683,2719.175,0.002
1790489844.2330499,True,2769.288,0.001,51.326,2717.933,0.002
1790489844.2638662,True,2770.296,0.001,51.843,2718.431,0.002
1790489844.2915204,True,2768.886,0.001,51.372,2717.485,0.002
1790489844.3187482,True,2770.11,0.001,51.163,2718.917,0.002
1790489844.3366985,True,2770.779,0.001,50.985,2719.765,0.002
1790489844.3801267,True,2774.057,0.001,51.667,2722.349,0.002
1790489844.4999287,True,2772.673,0.001,52.286,2720.356,0.002
1790489844.5039034,True,2774.626,0.001,52.201,2722.401,0.002
1790489844.50743,True,2775.5,0.001,52.474,2722.999,0.002
1790489844.5101557,True,2777.254,0.001,53.278,2723.954,0.002
1790489844.5139651,True,2781.252,0.0,54.213,2727.025,0.002
1790489844.529298,True,2769.769,0.001,50.804,2718.941,0.002
1790489844.5637476,True,2769.325,0.001,51.366,2717.934,0.002
1790489844.5862246,True,2773.292,0.001,51.655,2721.605,0.002
1790489844.6207376,True,2771.94,0.001,53.298,2718.612,0.002
1790489844.6450553,True,2772.792,0.001,52.377,2720.383,0.002
1790489844.6754444,True,2770.083,0.001,51.48,2718.567,0.003
1790489844.7026827,True,2769.759,0.001,50.78,2718.946,0.002
1790489844.7367365,True,2770.479,0.001,51.83,2718.616,0.002
1790489844.7616203,True,2770.86,0.001,51.139,2719.697,0.002
1790489844.7935247,True,2770.124,0.001,50.871,2719.224,0.002
1790489844.8123808,True,2768.738,0.001,51.032,2717.679,0.002
1790489844.84104,True,2772.5,0.001,51.397,2721.063,0.002
1790489844.8658423,True,2768.428,0.001,50.574,2717.831,0.002
1790489844.9002683,True,2773.04,0.001,51.533,2721.475,0.002
1790489844.9178479,True,2770.295,0.001,51.146,2719.121,0.002
1790489844.97252,True,2771.648,0.001,52.312,2719.312,0.003
1790489844.976335,True,2774.056,0.001,52.109,2721.925,0.002
1790489845.0278616,True,2774.342,0.001,51.351,2722.957,0.002
1790489845.0306878,True,2773.056,0.001,52.193,2720.84,0.002
1790489845.0602934,True,2770.647,0.001,51.534,2719.076,0.002
1790489845.0829854,True,2770.663,0.001,52.681,2717.957,0.002
1790489845.1172218,True,2770.338,0.001,50.946,2719.37,0.002
1790489845.1408272,True,2773.614,0.001,52.521,2721.065,0.002
1790489845.1676803,True,2768.5,0.001,50.917,2717.554,0.002
1790489845.195376,True,2769.659,0.001,52.331,2717.304,0.002
1790489845.2260385,True,2768.655,0.001,51.579,2717.042,0.002
1790489845.252454,True,2772.168,0.001,52.228,2719.908,0.002
1790489845.2912583,True,2768.813,0.001,51.715,2717.073,0.002
1790489845.3201306,True,2772.741,0.001,50.62,2722.086,0.002
1790489845.346199,True,2769.78,0.001,50.508,2719.244,0.003
1790489845.3785017,True,2770.99,0.001,52.764,2718.199,0.002
1790489845.4054368,True,2773.027,0.001,53.264,2719.742,0.002
1790489845.4373906,True,2771.974,0.001,50.984,2720.955,0.002
1790489845.4644938,True,2775.826,0.001,51.695,2724.1,0.002
1790489845.50539,True,2769.752,0.001,50.956,2718.761,0.003
1790489845.5169685,True,2769.159,0.001,51.16,2717.973,0.002
1790489845.5632014,True,2769.439,0.001,51.898,2717.514,0.002
1790489845.5701678,True,2768.236,0.001,50.595,2717.609,0.002
1790489845.5943475,True,2771.072,0.001,51.534,2719.508,0.002
1790489845.6211267,True,2770.015,0.001,51.413,2718.579,0.002
1790489845.6519394,True,2771.193,0.001,50.585,2720.58,0.002
1790489845.6796682,True,2771.436,0.001,51.428,2719.977,0.002
1790489845.7026544,True,2768.372,0.001,50.517,2717.828,0.002
1790489845.7255225,True,2767.923,0.001,50.714,2717.182,0.002
1790489845.7529864,True,2769.766,0.001,50.823,2718.917,0.002
1790489845.779937,True,2768.97,0.001,51.769,2717.177,0.002
1790489845.8060963,True,2768.991,0.001,50.932,2718.034,0.002
1790489845.8344069,True,2768.919,0.001,50.806,2718.077,0.002
1790489845.8608742,True,2770.256,0.001,52.591,2717.64,0.002
1790489845.8932261,True,2770.137,0.001,51.818,2718.287,0.002
1790489845.9176276,True,2771.404,0.001,52.158,2719.225,0.002
1790489845.97152,True,2770.33,0.001,50.774,2719.515,0.003
1790489845.9996374,True,2772.182,0.001,51.314,2720.83,0.002
1790489846.0683277,True,2772.596,0.001,51.446,2721.109,0.002
1790489846.0712743,True,2774.711,0.001,52.826,2721.862,0.002
1790489846.0723505,True,2775.256,0.001,53.6,2721.639,0.002
1790489846.0961702,True,2770.321,0.001,51.597,2718.69,0.002
1790489846.1320343,True,2774.613,0.001,51.174,2723.409,0.002
1790489846.146389,True,2772.451,0.001,52.126,2720.29,0.002
1790489846.1840057,True,2768.503,0.001,50.842,2717.637,0.002
1790489846.2036958,True,2770.28,0.001,50.631,2719.625,0.002
1790489846.2402885,True,2770.692,0.001,51.366,2719.29,0.003
1790489846.2568238,True,2770.435,0.001,51.411,2718.997,0.002
1790489846.2783475,True,2770.138,0.001,51.548,2718.478,0.002
1790489846.3158894,True,2772.666,0.001,51.991,2720.644,0.002
1790489846.3436165,True,2771.293,0.001,51.249,2720.007,0.003
1790489846.3724034,True,2770.794,0.001,51.164,2719.606,0.002
1790489846.4019961,True,2771.642,0.001,51.47,2720.148,0.002
1790489846.429948,True,2772.499,0.001,51.224,2721.243,0.002
1790489846.4539404,True,2769.859,0.001,50.941,2718.887,0.002
1790489846.491782,True,2770.443,0.001,52.713,2717.704,0.002
1790489846.5072184,True,2768.85,0.001,50.964,2717.847,0.002
1790489846.5470035,True,2770.083,0.001,52.158,2717.898,0.003
1790489846.5570807,True,2770.712,0.001,51.199,2719.483,0.002
1790489846.6010978,True,2769.589,0.001,51.5,2718.058,0.002
1790489846.6117623,True,2768.427,0.001,50.768,2717.625,0.002
1790489846.6972423,True,2774.598,0.001,52.017,2722.552,0.002
1790489846.6991854,True,2774.845,0.001,55.122,2719.704,0.002
1790489846.7553031,True,2773.218,0.001,51.073,2722.117,0.002
1790489846.7605999,True,2778.122,0.001,52.323,2725.778,0.002
1790489846.788668,True,2769.568,0.001,51.358,2718.175,0.002
1790489846.801163,True,2771.42,0.001,50.759,2720.624,0.002
1790489846.8090055,True,2768.252,0.001,51.046,2717.183,0.002
1790489846.8562443,True,2767.992,0.001,50.476,2717.49,0.002
1790489846.8658445,True,2771.153,0.001,52.148,2718.985,0.002
1790489846.9124467,True,2769.851,0.001,51.308,2718.508,0.003
1790489846.9175024,True,2768.429,0.001,51.338,2717.058,0.002
1790489846.9473274,True,2770.044,0.001,51.305,2718.703,0.002
1790489846.9792125,True,2770.307,0.001,51.114,2719.16,0.002
1790489847.0055192,True,2769.495,0.001,50.921,2718.543,0.002
1790489847.0373318,True,2770.251,0.001,52.161,2718.068,0.002
1790489847.0645099,True,2769.966,0.001,51.449,2718.484,0.002
1790489847.0956168,True,2773.61,0.001,51.424,2722.15,0.002
1790489847.1090863,True,2768.897,0.001,50.827,2718.035,0.003
1790489847.1559346,True,2772.628,0.001,50.548,2722.05,0.002
1790489847.2770655,True,2771.277,0.001,51.339,2719.899,0.003
1790489847.2873156,True,2774.258,0.001,51.676,2722.558,0.003
1790489847.2900124,True,2775.387,0.001,52.656,2722.711,0.002
1790489847.2912524,True,2777.891,0.001,52.535,2725.34,0.001
1790489847.2927032,True,2775.462,0.001,52.589,2722.852,0.001
1790489847.3032198,True,2770.806,0.001,51.595,2719.182,0.002
1790489847.337718,True,2766.636,0.001,50.277,2716.338,0.002
1790489847.35997,True,2770.435,0.001,50.986,2719.417,0.002
1790489847.3955362,True,2771.195,0.001,51.875,2719.295,0.002
1790489847.4181452,True,2770.264,0.001,51.895,2718.346,0.002
1790489847.4527025,True,2772.201,0.001,51.373,2720.793,0.002
1790489847.476837,True,2770.046,0.001,50.74,2719.273,0.002
1790489847.5118132,True,2771.759,0.001,51.493,2720.237,0.002
1790489847.5407522,True,2776.15,0.001,50.801,2725.325,0.002
1790489847.5672765,True,2769.973,0.001,51.333,2718.608,0.002
1790489847.5860243,True,2769.023,0.001,51.264,2717.731,0.002
1790489847.617271,True,2773.264,0.001,52.143,2721.088,0.002
1790489847.6432033,True,2772.013,0.001,51.701,2720.282,0.002
1790489847.675719,True,2771.645,0.001,51.152,2720.457,0.003
1790489847.693878,True,2772.87,0.001,52.779,2720.064,0.003
1790489847.754898,True,2777.453,0.001,53.839,2723.593,0.002
1790489847.7561562,True,2777.038,0.001,54.871,2722.142,0.002
1790489847.8064065,True,2769.78,0.001,51.881,2717.867,0.002
1790489847.8085144,True,2768.094,0.001,50.584,2717.482,0.002
1790489847.8332677,True,2770.062,0.001,51.136,2718.896,0.002
1790489847.8571334,True,2771.191,0.001,50.994,2720.164,0.002
1790489847.8910265,True,2770.631,0.001,50.595,2720.016,0.002
1790489847.915972,True,2771.789,0.001,51.854,2719.914,0.002
1790489847.940696,True,2769.794,0.001,50.714,2719.042,0.003
1790489847.9700723,True,2771.271,0.001,51.098,2720.142,0.002
1790489847.9991088,True,2769.778,0.001,50.892,2718.853,0.002
1790489848.0240502,True,2768.555,0.001,50.958,2717.564,0.002
1790489848.0642667,True,2769.652,0.001,52.25,2717.376,0.002
1790489848.0927303,True,2769.597,0.001,51.019,2718.543,0.002
1790489848.1222453,True,2772.85,0.001,51.97,2720.843,0.002
1790489848.1530278,True,2771.138,0.001,52.792,2718.317,0.002
1790489848.2149637,True,2806.393,0.001,52.105,2754.259,0.001
1790489848.2184243,True,2778.196,0.001,51.071,2727.091,0.001
1790489848.2391186,True,2770.761,0.001,51.118,2719.612,0.003
1790489848.276072,True,2767.683,0.001,51.65,2716.005,0.002
1790489848.2891634,True,2767.696,0.001,50.723,2716.948,0.002
1790489848.336938,True,2770.901,0.001,51.187,2719.681,0.002
1790489848.3437014,True,2769.246,0.001,51.619,2717.595,0.002
1790489848.3689563,True,2771.62,0.001,50.954,2720.632,0.002
1790489848.3961067,True,2771.824,0.001,51.518,2720.274,0.002
1790489848.4249215,True,2769.418,0.001,50.48,2718.909,0.003
1790489848.4511333,True,2768.152,0.001,51.071,2717.055,0.002
1790489848.477912,True,2770.626,0.001,51.499,2719.096,0.002
1790489848.4982855,True,2769.653,0.001,51.99,2717.639,0.002
1790489848.5253527,True,2769.359,0.001,50.849,2718.484,0.002
1790489848.552751,True,2769.665,0.001,51.922,2717.718,0.002
1790489848.578756,True,2769.365,0.001,52.042,2717.3,0.002
1790489848.607785,True,2769.664,0.001,50.769,2718.854,0.002
1790489848.6370728,True,2772.997,0.001,51.139,2721.83,0.002
1790489848.6663792,True,2770.368,0.001,52.09,2718.245,0.002
1790489848.68992,True,2769.247,0.001,51.428,2717.793,0.002
1790489848.747715,True,2772.749,0.001,51.721,2720.986,0.002
1790489848.772899,True,2769.87,0.001,51.329,2718.501,0.003
1790489848.848487,True,2775.124,0.001,51.199,2723.89,0.002
1790489848.8513782,True,2777.01,0.001,53.691,2723.295,0.002
1790489848.852806,True,2777.899,0.0,54.466,2723.413,0.002
1790489848.8672695,True,2768.147,0.001,50.479,2717.645,0.002
1790489848.9035716,True,2768.292,0.001,50.828,2717.436,0.002
1790489848.9210515,True,2771.507,0.001,51.425,2720.047,0.002
1790489848.9584234,True,2769.757,0.001,52.31,2717.421,0.002
1790489848.974671,True,2767.698,0.001,50.605,2717.068,0.002
1790489849.0151446,True,2771.201,0.001,52.67,2718.497,0.003
1790489849.0299592,True,2769.991,0.001,51.455,2718.501,0.002
1790489849.0526223,True,2771.071,0.001,51.991,2719.043,0.002
1790489849.08918,True,2770.341,0.001,51.113,2719.199,0.002
1790489849.1185617,True,2771.701,0.001,51.108,2720.556,0.002
1790489849.148538,True,2773.142,0.001,52.039,2721.076,0.002
1790489849.1735377,True,2768.322,0.001,50.631,2717.662,0.003
1790489849.2032,True,2769.909,0.001,51.377,2718.493,0.003
1790489849.2285407,True,2769.8,0.001,51.298,2718.474,0.003
1790489849.2659075,True,2770.871,0.001,52.546,2718.3,0.002
1790489849.2819138,True,2770.008,0.001,50.886,2719.096,0.002
1790489849.3221016,True,2771.18,0.001,51.495,2719.654,0.004
1790489849.330204,True,2769.952,0.001,52.424,2717.504,0.003
1790489849.373465,True,2769.352,0.001,51.073,2718.244,0.002
1790489849.3881626,True,2771.68,0.001,52.113,2719.455,0.003
1790489849.477121,True,2776.856,0.001,52.06,2724.757,0.002
1790489849.478901,True,2776.771,0.001,54.302,2722.442,0.001
1790489849.5313725,True,2770.0,0.001,50.927,2719.048,0.002
1790489849.5329933,True,2769.294,0.001,50.347,2718.926,0.001
1790489849.5628235,True,2771.096,0.001,52.392,2718.67,0.002
1790489849.5747936,True,2770.379,0.001,52.483,2717.869,0.002
1790489849.5842993,True,2771.875,0.001,51.371,2720.473,0.002
1790489849.629343,True,2769.932,0.001,52.238,2717.67,0.002
1790489849.6388135,True,2769.721,0.001,50.618,2719.076,0.002
1790489849.685103,True,2769.631,0.001,50.882,2718.711,0.002
1790489849.6916747,True,2769.3,0.001,51.401,2717.867,0.002
1790489849.7218947,True,2771.158,0.001,50.989,2720.134,0.002
1790489849.751888,True,2769.903,0.001,51.232,2718.64,0.002
1790489849.78046,True,2771.797,0.001,51.584,2720.178,0.003
1790489849.8104196,True,2769.999,0.001,51.06,2718.906,0.002
1790489849.8388724,True,2771.19,0.001,51.308,2719.849,0.002
1790489849.8717995,True,2773.071,0.001,51.548,2721.487,0.002
1790489849.8822412,True,2770.094,0.001,51.454,2718.606,0.002
1790489849.929771,True,2770.927,0.001,51.08,2719.814,0.002
1790489850.05015,True,2769.611,0.001,51.868,2717.706,0.002
1790489850.0675366,True,2773.442,0.001,51.083,2722.326,0.002
1790489850.0697885,True,2774.971,0.0,53.564,2721.387,0.002
1790489850.072973,True,2777.439,0.001,53.796,2723.624,0.001
1790489850.0739517,True,2779.978,0.001,52.351,2727.611,0.001
1790489850.077045,True,2771.16,0.001,51.475,2719.661,0.001
1790489850.111907,True,2771.036,0.001,50.74,2720.259,0.002
1790489850.1368916,True,2774.237,0.001,51.657,2722.548,0.002
1790489850.1715643,True,2772.983,0.001,51.306,2721.649,0.002
1790489850.1909318,True,2769.593,0.001,51.408,2718.147,0.003
1790489850.2302077,True,2774.222,0.001,51.686,2722.504,0.002
1790489850.2570689,True,2777.049,0.001,51.647,2725.368,0.002
1790489850.289071,True,2774.05,0.001,52.432,2721.595,0.002
1790489850.3124654,True,2768.744,0.001,51.025,2717.686,0.002
1790489850.3402789,True,2769.162,0.001,50.96,2718.172,0.002
1790489850.3603034,True,2771.179,0.001,51.552,2719.595,0.002
1790489850.3932369,True,2772.896,0.001,50.728,2722.129,0.002
1790489850.4176307,True,2771.31,0.001,50.769,2720.513,0.003
1790489850.4500349,True,2771.236,0.001,50.955,2720.244,0.002
1790489850.4690483,True,2770.511,0.001,51.926,2718.549,0.002
1790489850.531422,True,2772.741,0.001,50.923,2721.795,0.002
1790489850.5329723,True,2773.33,0.001,52.96,2720.351,0.002
1790489850.582058,True,2770.372,0.001,51.284,2719.057,0.002
1790489850.584074,True,2770.025,0.001,50.62,2719.382,0.002
1790489850.608369,True,2772.194,0.001,51.048,2721.109,0.002
1790489850.632724,True,2772.438,0.001,51.705,2720.694,0.002
1790489850.661496,True,2767.502,0.001,50.24,2717.237,0.002
1790489850.6905613,True,2771.235,0.001,51.465,2719.748,0.002
1790489850.7151377,True,2770.969,0.001,51.077,2719.858,0.002
1790489850.741105,True,2768.046,0.001,51.435,2716.588,0.002
1790489850.7744591,True,2772.068,0.001,52.453,2719.583,0.002
1790489850.7989717,True,2771.549,0.001,51.075,2720.445,0.002
1790489850.8379707,True,2770.471,0.001,50.874,2719.555,0.003
1790489850.8653688,True,2769.753,0.001,51.622,2718.095,0.002
1790489850.8964217,True,2771.052,0.001,51.114,2719.902,0.002
1790489850.9344294,True,2778.297,0.001,59.944,2718.304,0.002
1790489850.990157,True,2770.831,0.001,50.812,2719.994,0.003
1790489850.9936457,True,2772.76,0.001,50.748,2721.991,0.001
1790489851.0113232,True,2768.71,0.001,51.411,2717.267,0.002
1790489851.051148,True,2772.138,0.001,50.989,2721.118,0.002
1790489851.0619714,True,2769.796,0.001,52.142,2717.624,0.002
1790489851.1116035,True,2771.429,0.001,51.768,2719.626,0.002
1790489851.1158926,True,2769.067,0.001,51.269,2717.776,0.001
1790489851.1435485,True,2771.332,0.001,52.933,2718.373,0.003
1790489851.1708643,True,2768.919,0.001,51.138,2717.754,0.002
1790489851.1975985,True,2769.363,0.001,50.515,2718.823,0.002
1790489851.2258334,True,2769.954,0.001,51.593,2718.327,0.003
1790489851.252599,True,2771.514,0.001,51.131,2720.351,0.002
1790489851.2708993,True,2769.058,0.001,51.79,2717.241,0.003
1790489851.2988398,True,2769.935,0.001,50.836,2719.072,0.003
1790489851.3286388,True,2772.595,0.001,52.567,2720.004,0.002
1790489851.3556867,True,2773.794,0.001,52.035,2721.731,0.002
1790489851.379772,True,2768.615,0.001,50.654,2717.934,0.002
1790489851.4085915,True,2768.068,0.001,50.267,2717.774,0.003
1790489851.4404051,True,2771.057,0.001,51.421,2719.596,0.002
1790489851.4665492,True,2773.245,0.001,51.952,2721.264,0.002
1790489851.521314,True,2770.35,0.001,50.693,2719.617,0.002
1790489851.5451503,True,2769.112,0.001,50.906,2718.169,0.003
1790489851.6262102,True,2771.793,0.001,51.25,2720.515,0.002
1790489851.6281018,True,2772.659,0.001,53.076,2719.564,0.001
1790489851.6297178,True,2775.328,0.001,52.309,2723.001,0.002
1790489851.6391807,True,2768.871,0.001,51.609,2717.238,0.002
1790489851.6793451,True,2768.386,0.001,50.33,2718.031,0.002
1790489851.691303,True,2766.993,0.001,50.901,2716.07,0.002
1790489851.7342281,True,2770.881,0.001,52.494,2718.363,0.002
1790489851.7512937,True,2772.944,0.001,52.644,2720.275,0.002
1790489851.7877269,True,2768.937,0.001,51.556,2717.348,0.002
1790489851.8018372,True,2768.454,0.001,50.906,2717.514,0.002
1790489851.8252678,True,2769.587,0.001,51.687,2717.866,0.002
1790489851.8642654,True,2771.737,0.001,51.124,2720.578,0.003
1790489851.891158,True,2769.252,0.001,52.277,2716.954,0.002
1790489851.9228013,True,2770.925,0.001,51.834,2719.069,0.002
1790489851.9490972,True,2771.873,0.001,52.157,2719.693,0.002
1790489851.9748452,True,2768.654,0.001,51.286,2717.332,0.002
1790489852.0019891,True,2770.026,0.001,50.551,2719.449,0.002
1790489852.0408947,True,2771.879,0.001,53.384,2718.467,0.003
1790489852.0561938,True,2769.397,0.001,51.545,2717.817,0.002
1790489852.0957496,True,2769.756,0.001,50.478,2719.247,0.003
1790489852.1036463,True,2770.217,0.001,50.785,2719.396,0.002
1790489852.1477423,True,2769.639,0.001,50.9,2718.705,0.002
1790489852.1613934,True,2770.118,0.001,51.149,2718.936,0.002
1790489852.2553766,True,2775.11,0.001,54.303,2720.779,0.003
1790489852.2578292,True,2775.488,0.001,54.349,2721.04,0.002
1790489852.308652,True,2771.042,0.001,50.333,2720.679,0.003
1790489852.310379,True,2772.416,0.001,51.726,2720.671,0.002
1790489852.335824,True,2769.707,0.001,51.181,2718.482,0.003
1790489852.3479679,True,2770.053,0.001,52.199,2717.83,0.002
1790489852.3567626,True,2769.111,0.001,51.742,2717.344,0.002
1790489852.4057705,True,2773.116,0.001,53.066,2720.024,0.002
1790489852.4103286,True,2768.537,0.001,50.499,2718.015,0.002
1790489852.457937,True,2769.216,0.001,50.882,2718.3,0.002
1790489852.4637399,True,2768.313,0.001,51.254,2717.029,0.002
1790489852.4955382,True,2770.683,0.001,51.561,2719.088,0.002
1790489852.525099,True,2770.227,0.001,51.669,2718.527,0.002
1790489852.553882,True,2770.212,0.001,51.328,2718.848,0.002
1790489852.5842123,True,2770.577,0.001,51.14,2719.406,0.002
1790489852.612055,True,2770.098,0.001,51.1,2718.974,0.002
1790489852.6452417,True,2770.066,0.001,51.242,2718.791,0.002
1790489852.655059,True,2769.272,0.001,51.039,2718.192,0.003
1790489852.7036839,True,2770.76,0.001,50.741,2719.988,0.002
1790489852.8235471,True,2770.336,0.001,51.103,2719.199,0.002
1790489852.8484273,True,2773.656,0.001,50.908,2722.711,0.002
1790489852.8532522,True,2776.899,0.0,53.106,2723.772,0.002
1790489852.8548222,True,2775.426,0.001,54.311,2721.095,0.002
1790489852.857395,True,2782.172,0.001,52.283,2729.87,0.001
1790489852.8584015,True,2780.491,0.001,53.344,2727.128,0.001
1790489852.888539,True,2773.49,0.001,51.205,2722.205,0.002
1790489852.9082205,True,2767.291,0.001,50.609,2716.659,0.002
1790489852.9460955,True,2771.627,0.001,51.378,2720.218,0.002
1790489852.9624586,True,2768.089,0.001,50.678,2717.378,0.002
1790489853.005632,True,2772.151,0.001,51.042,2721.075,0.002
1790489853.0309465,True,2770.212,0.001,52.367,2717.821,0.002
1790489853.0623689,True,2770.092,0.001,50.588,2719.48,0.002
1790489853.087113,True,2771.024,0.001,51.169,2719.814,0.003
1790489853.1141987,True,2769.252,0.001,51.039,2718.187,0.002
1790489853.134404,True,2770.81,0.001,51.384,2719.391,0.002
1790489853.1698256,True,2772.075,0.001,53.08,2718.967,0.002
1790489853.1921105,True,2771.372,0.001,51.138,2720.21,0.002
1790489853.2221103,True,2768.763,0.001,50.701,2718.03,0.002
1790489853.2506237,True,2776.881,0.001,52.555,2724.292,0.002
1790489853.3053913,True,2769.8,0.001,50.516,2719.259,0.003
1790489853.3089123,True,2772.742,0.001,51.249,2721.472,0.002
1790489853.3533993,True,2767.681,0.001,50.782,2716.873,0.002
1790489853.3579855,True,2768.478,0.001,51.083,2717.367,0.002
1790489853.380304,True,2768.545,0.001,50.663,2717.856,0.003
1790489853.4087136,True,2772.609,0.001,51.969,2720.606,0.003
1790489853.4350114,True,2769.806,0.001,50.803,2718.979,0.002
1790489853.4620206,True,2768.046,0.001,50.327,2717.695,0.002
1790489853.493147,True,2772.01,0.001,51.314,2720.667,0.002
1790489853.5165088,True,2772.414,0.001,51.109,2721.271,0.002
1790489853.5536416,True,2776.337,0.001,52.596,2723.701,0.002
1790489853.574452,True,2772.146,0.001,51.666,2720.417,0.002
1790489853.613671,True,2772.143,0.001,51.112,2720.991,0.003
1790489853.6373804,True,2768.945,0.001,50.607,2718.305,0.002
1790489853.6693375,True,2769.833,0.001,50.896,2718.903,0.003
1790489853.7131975,True,2775.497,0.001,53.89,2721.578,0.003
1790489853.7687926,True,2773.58,0.001,50.853,2722.691,0.002
1790489853.7704964,True,2774.221,0.001,52.219,2721.981,0.002
1790489853.783265,True,2768.553,0.001,50.31,2718.216,0.002
1790489853.8242705,True,2769.807,0.001,51.522,2718.245,0.002
1790489853.834464,True,2768.041,0.001,50.222,2717.797,0.002
1790489853.8851357,True,2770.598,0.001,51.746,2718.821,0.002
1790489853.8885078,True,2770.007,0.001,52.772,2717.212,0.002
1790489853.917294,True,2770.54,0.001,51.429,2719.085,0.002
1790489853.946804,True,2772.893,0.001,52.315,2720.556,0.002
1790489853.9720492,True,2770.103,0.001,51.509,2718.569,0.002
1790489854.0007854,True,2771.335,0.001,51.302,2719.992,0.002
1790489854.0266125,True,2769.195,0.001,50.843,2718.317,0.002
1790489854.0452034,True,2771.132,0.001,51.778,2719.32,0.002
1790489854.073036,True,2770.807,0.001,51.271,2719.504,0.003
1790489854.1032078,True,2771.422,0.001,50.815,2720.583,0.002
1790489854.130021,True,2771.346,0.001,50.488,2720.836,0.002
1790489854.1563003,True,2771.404,0.001,51.004,2720.366,0.002
1790489854.184327,True,2772.212,0.001,52.119,2720.063,0.002
1790489854.2147834,True,2771.307,0.001,50.87,2720.403,0.002
1790489854.240232,True,2770.635,0.001,52.331,2718.172,0.003
1790489854.2959204,True,2770.748,0.001,51.116,2719.539,0.003
1790489854.3182344,True,2769.87,0.001,50.938,2718.897,0.003
1790489854.4032495,True,2771.883,0.001,51.0,2720.86,0.002
1790489854.4048803,True,2772.325,0.001,53.367,2718.939,0.002
1790489854.4065344,True,2774.926,0.001,52.297,2722.609,0.001
1790489854.4103792,True,2768.341,0.001,50.922,2717.396,0.002
1790489854.45622,True,2770.559,0.001,52.197,2718.337,0.002
1790489854.4687624,True,2773.635,0.001,50.86,2722.746,0.002
1790489854.5086508,True,2768.889,0.001,50.545,2718.316,0.003
1790489854.5222383,True,2767.839,0.001,50.718,2717.099,0.002
1790489854.5621455,True,2769.74,0.001,51.002,2718.71,0.003
1790489854.5766811,True,2771.732,0.001,51.125,2720.575,0.003
1790489854.5981054,True,2769.343,0.001,51.338,2717.975,0.003
1790489854.638854,True,2771.267,0.001,51.446,2719.786,0.002
1790489854.6662774,True,2771.647,0.001,51.874,2719.743,0.002
1790489854.696714,True,2770.775,0.001,51.134,2719.618,0.002
1790489854.7220984,True,2769.405,0.001,51.372,2718.004,0.002
1790489854.7490225,True,2769.417,0.001,51.436,2717.949,0.002
1790489854.775525,True,2768.995,0.001,50.492,2718.479,0.002
1790489854.8161044,True,2770.752,0.001,52.401,2718.32,0.003
1790489854.829655,True,2770.272,0.001,51.087,2719.151,0.003
1790489854.8691673,True,2769.831,0.001,50.54,2719.263,0.003
1790489854.8754132,True,2768.898,0.001,50.722,2718.145,0.002
1790489854.9220946,True,2769.382,0.001,51.82,2717.528,0.002
1790489854.9334042,True,2768.931,0.001,51.254,2717.647,0.002
1790489855.0311863,True,2772.764,0.001,52.779,2719.963,0.002
1790489855.03548,True,2774.698,0.001,53.026,2721.65,0.001
1790489855.082065,True,2768.688,0.001,51.199,2717.454,0.002
1790489855.084439,True,2767.841,0.001,50.403,2717.411,0.002
1790489855.1082544,True,2769.273,0.001,51.836,2717.402,0.002
1790489855.1215427,True,2770.306,0.001,50.552,2719.716,0.003
1790489855.129209,True,2769.454,0.001,51.289,2718.143,0.002
1790489855.1801167,True,2771.014,0.001,50.929,2720.058,0.002
1790489855.1852698,True,2771.025,0.001,50.267,2720.736,0.002
1790489855.2332826,True,2770.616,0.001,51.732,2718.848,0.002
1790489855.239191,True,2770.311,0.001,51.529,2718.754,0.001
1790489855.2687745,True,2770.323,0.001,51.421,2718.867,0.002
1790489855.301923,True,2773.791,0.001,51.605,2722.077,0.002
1790489855.326958,True,2769.849,0.001,50.987,2718.825,0.002
1790489855.3596175,True,2772.214,0.001,51.64,2720.539,0.002
1790489855.3891766,True,2773.816,0.001,50.825,2722.96,0.002
1790489855.4185271,True,2770.291,0.001,50.908,2719.351,0.002
1790489855.4279573,True,2769.639,0.001,51.217,2718.389,0.003
1790489855.4784749,True,2771.672,0.001,51.635,2720.007,0.002
1790489855.596446,True,2769.812,0.001,51.008,2718.767,0.003
1790489855.622522,True,2770.747,0.001,51.605,2719.108,0.002
1790489855.6305723,True,2770.95,0.001,50.606,2720.319,0.002
1790489855.6336656,True,2773.269,0.001,51.386,2721.859,0.002
1790489855.6348298,True,2773.186,0.0,53.645,2719.525,0.001
1790489855.6370573,True,2775.869,0.001,52.362,2723.487,0.001
1790489855.6623135,True,2770.751,0.001,50.641,2720.075,0.002
1790489855.6832492,True,2767.858,0.001,50.614,2717.122,0.002
1790489855.7213547,True,2772.197,0.001,51.134,2721.031,0.002
1790489855.7341564,True,2768.475,0.001,50.514,2717.933,0.003
1790489855.7791862,True,2770.515,0.001,51.706,2718.776,0.002
1790489855.8062875,True,2772.09,0.001,53.324,2718.741,0.002
1790489855.836545,True,2771.183,0.001,50.552,2720.605,0.002
1790489855.8608565,True,2770.273,0.001,50.962,2719.274,0.002
1790489855.8885632,True,2769.313,0.001,51.329,2717.958,0.003
1790489855.9121165,True,2774.092,0.001,51.684,2722.375,0.002
1790489855.9414623,True,2768.321,0.001,50.732,2717.564,0.001
1790489855.9687135,True,2773.448,0.001,51.496,2721.913,0.002
1790489855.9970305,True,2769.981,0.001,51.456,2718.491,0.002
1790489856.0271943,True,2773.182,0.001,52.765,2720.395,0.002
1790489856.0780072,True,2768.323,0.001,50.751,2717.548,0.003
1790489856.0796483,True,2767.962,0.001,50.88,2717.062,0.001
1790489856.126262,True,2770.087,0.001,52.794,2717.269,0.002
1790489856.131286,True,2769.327,0.0,51.703,2717.594,0.002
1790489856.153042,True,2769.587,0.001,51.841,2717.722,0.002
1790489856.181523,True,2769.436,0.001,50.595,2718.813,0.003
1790489856.2112358,True,2772.926,0.001,51.057,2721.836,0.002
1790489856.2357695,True,2769.822,0.001,51.627,2718.166,0.002
1790489856.2692552,True,2773.118,0.001,51.483,2721.603,0.002
1790489856.2935343,True,2773.503,0.001,51.965,2721.505,0.002
1790489856.3291395,True,2772.345,0.001,51.933,2720.377,0.002
1790489856.347232,True,2769.409,0.001,51.051,2718.321,0.002
1790489856.3892748,True,2772.211,0.001,52.812,2719.374,0.002
1790489856.4108453,True,2770.075,0.001,52.06,2717.979,0.002
1790489856.4435208,True,2770.35,0.001,50.894,2719.417,0.002
1790489856.4926484,True,2776.006,0.001,54.815,2721.161,0.003
1790489856.5443664,True,2771.046,0.001,51.784,2719.234,0.003
1790489856.5461545,True,2772.474,0.001,52.364,2720.09,0.002
1790489856.5563838,True,2769.737,0.001,50.52,2719.188,0.002
1790489856.5991688,True,2769.613,0.001,51.401,2718.178,0.003
1790489856.6065576,True,2767.307,0.001,50.515,2716.772,0.002
1790489856.6605172,True,2770.766,0.001,51.523,2719.21,0.002
1790489856.6634624,True,2771.778,0.001,51.387,2720.372,0.001
1790489856.6907938,True,2770.284,0.001,52.178,2718.08,0.002
1790489856.7222962,True,2772.318,0.001,51.681,2720.613,0.002
1790489856.747918,True,2772.393,0.001,51.513,2720.856,0.002
1790489856.7738173,True,2769.596,0.001,51.111,2718.458,0.003
1790489856.8007343,True,2769.855,0.001,50.97,2718.853,0.003
1790489856.8195899,True,2770.681,0.001,50.618,2720.029,0.002
1790489856.8465505,True,2770.041,0.001,50.561,2719.44,0.003
1790489856.877072,True,2770.672,0.001,50.738,2719.91,0.002
1790489856.9068773,True,2773.95,0.001,52.106,2721.821,0.002
1790489856.9317758,True,2771.422,0.001,51.461,2719.926,0.002
1790489856.9642518,True,2770.865,0.001,51.209,2719.626,0.002
1790489856.9887784,True,2771.066,0.001,51.402,2719.634,0.002
1790489857.0171263,True,2773.66,0.001,53.315,2720.311,0.003
1790489857.0696335,True,2770.485,0.001,51.382,2719.064,0.002
1790489857.091188,True,2769.394,0.001,51.29,2718.067,0.003
1790489857.179872,True,2771.889,0.001,51.01,2720.851,0.002
1790489857.1812909,True,2772.654,0.0,53.862,2718.777,0.001
1790489857.1857545,True,2772.64,0.001,51.586,2721.035,0.001
1790489857.187358,True,2779.151,0.001,52.304,2726.829,0.001
1790489857.2318184,True,2769.152,0.001,50.778,2718.342,0.002
1790489857.2391174,True,2767.635,0.001,51.325,2716.291,0.001
1790489857.281522,True,2769.825,0.001,51.099,2718.699,0.003
1790489857.2947881,True,2769.004,0.001,51.654,2717.325,0.003
1790489857.3355753,True,2769.714,0.001,51.267,2718.405,0.002
1790489857.351883,True,2771.955,0.001,51.164,2720.758,0.002
1790489857.3705578,True,2769.12,0.001,51.08,2718.008,0.002
1790489857.4137588,True,2771.719,0.001,51.982,2719.706,0.002
1790489857.441452,True,2771.602,0.001,52.791,2718.783,0.002
1790489857.4717,True,2771.524,0.001,50.715,2720.78,0.002
1790489857.4940767,True,2768.366,0.001,50.49,2717.847,0.002
1790489857.5250957,True,2771.549,0.001,51.062,2720.453,0.002
1790489857.5513341,True,2772.394,0.001,51.418,2720.951,0.002
1790489857.5884004,True,2768.76,0.001,51.432,2717.299,0.002
1790489857.6022918,True,2769.044,0.001,50.46,2718.555,0.002
1790489857.6423998,True,2768.686,0.001,50.54,2718.119,0.002
1790489857.6469064,True,2768.832,0.001,50.817,2717.988,0.001
1790489857.6969848,True,2770.403,0.001,51.631,2718.738,0.002
1790489857.7052016,True,2768.513,0.001,50.698,2717.78,0.002
1790489857.8055294,True,2768.602,0.001,50.52,2718.057,0.003
1790489857.80736,True,2768.721,0.001,50.579,2718.12,0.002
1790489857.8560576,True,2770.103,0.001,50.917,2719.153,0.003
1790489857.857724,True,2770.8,0.001,51.501,2719.279,0.001
1790489857.8817308,True,2770.629,0.001,51.47,2719.123,0.002
1790489857.896444,True,2771.965,0.001,51.404,2720.521,0.002
1790489857.9013913,True,2769.462,0.001,51.172,2718.269,0.001
1790489857.960929,True,2774.506,0.001,50.893,2723.591,0.002
1790489857.9620955,True,2773.788,0.001,51.801,2721.969,0.002
1790489858.0051174,True,2768.863,0.001,51.033,2717.798,0.002
1790489858.0105422,True,2768.672,0.001,50.701,2717.948,0.002
1790489858.0416741,True,2769.734,0.001,50.642,2719.057,0.003
1790489858.0769973,True,2772.068,0.001,52.158,2719.88,0.002
1790489858.1049838,True,2775.029,0.001,52.575,2722.405,0.002
1790489858.1377654,True,2774.919,0.001,51.314,2723.573,0.003
1790489858.1635354,True,2771.03,0.001,51.332,2719.665,0.002
1790489858.1968908,True,2775.278,0.001,52.461,2722.783,0.002
1790489858.2027984,True,2771.79,0.001,54.83,2716.934,0.002
1790489858.2563758,True,2769.036,0.001,51.468,2717.533,0.002
1790489858.3699076,True,2770.247,0.001,50.982,2719.224,0.003
1790489858.3960292,True,2770.203,0.001,51.525,2718.643,0.002
1790489858.4120646,True,2773.632,0.001,51.53,2722.07,0.002
1790489858.4146192,True,2774.164,0.001,55.065,2719.082,0.002
1790489858.415865,True,2777.165,0.0,52.818,2724.327,0.002
1790489858.417691,True,2778.665,0.001,54.094,2724.549,0.002
1790489858.4357448,True,2770.166,0.001,51.582,2718.549,0.002
1790489858.4551723,True,2768.825,0.001,50.592,2718.209,0.002
1790489858.4944875,True,2770.062,0.001,50.742,2719.288,0.002
1790489858.5084543,True,2769.62,0.001,50.999,2718.586,0.002
1790489858.5555274,True,2773.481,0.001,51.283,2722.167,0.002
1790489858.5793254,True,2769.59,0.001,51.898,2717.621,0.002
1790489858.6086123,True,2769.031,0.001,51.0,2718.002,0.002
1790489858.6381485,True,2774.063,0.001,50.521,2723.515,0.002
1790489858.6622627,True,2768.603,0.001,50.498,2718.079,0.003
1790489858.6889846,True,2771.317,0.001,51.9,2719.388,0.003
1790489858.715398,True,2768.99,0.001,51.642,2717.325,0.002
1790489858.7436635,True,2771.341,0.001,51.094,2720.21,0.003
1790489858.7706296,True,2770.122,0.001,51.37,2718.711,0.003
1790489858.7997758,True,2769.197,0.001,50.356,2718.817,0.002
1790489858.8568382,True,2774.071,0.001,51.43,2722.615,0.002
1790489858.8592803,True,2775.711,0.001,52.045,2723.644,0.002
1790489858.903207,True,2773.383,0.001,52.725,2720.629,0.003
1790489858.9059367,True,2768.196,0.001,50.659,2717.51,0.002
1790489858.9275043,True,2771.43,0.001,51.388,2720.007,0.002
1790489858.9557545,True,2770.875,0.001,51.519,2719.33,0.002
1790489858.9861236,True,2771.85,0.001,50.926,2720.888,0.002
1790489859.0107017,True,2771.154,0.001,51.625,2719.497,0.002
1790489859.0437493,True,2771.422,0.001,52.257,2719.133,0.002
1790489859.0652084,True,2768.402,0.001,51.066,2717.311,0.002
1790489859.1050327,True,2772.664,0.001,51.515,2721.114,0.002
1790489859.122607,True,2771.905,0.001,52.461,2719.409,0.002
1790489859.164957,True,2772.621,0.001,51.79,2720.808,0.002
1790489859.183735,True,2769.734,0.001,51.066,2718.632,0.002
1790489859.2174237,True,2770.008,0.001,51.259,2718.711,0.003
1790489859.2660923,True,2770.113,0.001,51.341,2718.748,0.002
1790489859.318058,True,2768.693,0.001,50.212,2718.456,0.002
1790489859.32051,True,2768.815,0.001,50.768,2718.025,0.002
1790489859.3328433,True,2773.122,0.001,50.507,2722.587,0.002
1790489859.3749146,True,2770.092,0.001,50.951,2719.106,0.002
1790489859.3809073,True,2771.497,0.001,52.083,2719.39,0.002
1790489859.439212,True,2773.773,0.001,51.072,2722.662,0.002
1790489859.4404888,True,2773.657,0.001,52.97,2720.662,0.002
1790489859.4657369,True,2771.799,0.001,51.789,2719.979,0.002
1790489859.494818,True,2769.222,0.001,51.155,2718.04,0.002
1790489859.518782,True,2767.78,0.001,50.479,2717.276,0.002
1790489859.5481877,True,2769.572,0.001,50.952,2718.586,0.002
1790489859.5780652,True,2773.646,0.001,51.393,2722.222,0.003
1790489859.5949767,True,2771.947,0.001,51.53,2720.383,0.002
1790489859.624968,True,2774.954,0.001,51.031,2723.881,0.003
1790489859.650104,True,2769.746,0.001,51.442,2718.277,0.003
1790489859.6847992,True,2774.866,0.001,51.438,2723.398,0.002
1790489859.7060065,True,2771.009,0.001,51.871,2719.11,0.002
1790489859.7368295,True,2769.555,0.001,50.822,2718.7,0.003
1790489859.7622652,True,2769.941,0.001,50.985,2718.919,0.003
1790489859.7904036,True,2769.243,0.001,50.653,2718.56,0.003
1790489859.8432593,True,2768.821,0.001,50.519,2718.267,0.002
1790489859.8664563,True,2772.083,0.001,52.62,2719.421,0.002
1790489859.9523344,True,2769.612,0.001,51.203,2718.381,0.003
1790489859.9544058,True,2769.019,0.001,51.309,2717.691,0.002
1790489859.9566798,True,2768.129,0.001,50.971,2717.14,0.001
1790489859.958589,True,2768.807,0.001,51.163,2717.626,0.002
1790489860.0063698,True,2769.804,0.001,51.226,2718.545,0.002
1790489860.0124416,True,2769.32,0.001,51.777,2717.524,0.001
1790489860.0544229,True,2769.618,0.001,51.381,2718.208,0.002
1790489860.0689344,True,2771.068,0.001,51.332,2719.708,0.002
1790489860.1087754,True,2769.696,0.001,51.19,2718.469,0.002
1790489860.1258807,True,2771.066,0.001,50.699,2720.337,0.002
1790489860.1432922,True,2769.392,0.001,50.833,2718.525,0.002
1790489860.1889377,True,2771.849,0.001,52.025,2719.789,0.002
1790489860.214255,True,2769.536,0.001,51.425,2718.082,0.002
1790489860.2430966,True,2768.281,0.001,51.044,2717.213,0.002
1790489860.2693634,True,2770.761,0.001,53.198,2717.538,0.002
1790489860.2974935,True,2769.386,0.001,51.047,2718.304,0.002
1790489860.324356,True,2769.611,0.001,50.772,2718.812,0.002
1790489860.3613515,True,2770.019,0.001,51.748,2718.246,0.002
1790489860.3750544,True,2769.46,0.001,50.977,2718.445,0.002
1790489860.4166524,True,2770.653,0.001,51.967,2718.404,0.259
1790489860.4204965,True,2770.256,0.001,50.649,2719.584,0.001
1790489860.4703438,True,2769.472,0.001,50.912,2718.52,0.002
1790489860.4783673,True,2770.576,0.001,50.967,2719.579,0.002
1790489860.5790799,True,2770.297,0.001,50.723,2719.551,0.002
1790489860.5812316,True,2770.666,0.001,50.825,2719.82,0.001
1790489860.6287298,True,2769.585,0.001,50.912,2718.64,0.002
1790489860.631667,True,2768.847,0.001,51.043,2717.775,0.002
1790489860.6563973,True,2771.443,0.001,51.571,2719.83,0.003
1790489860.6692977,True,2769.737,0.001,50.889,2718.808,0.003
1790489860.6781058,True,2773.91,0.001,51.563,2722.311,0.002
1790489860.7366877,True,2772.092,0.001,51.296,2720.769,0.002
1790489860.738357,True,2773.637,0.001,52.688,2720.928,0.002
1790489860.7779315,True,2769.979,0.001,51.562,2718.382,0.002
1790489860.7830527,True,2769.83,0.001,51.194,2718.607,0.001
1790489860.814044,True,2769.149,0.001,51.019,2718.094,0.002
1790489860.8535206,True,2773.319,0.001,51.113,2722.161,0.003
1790489860.880311,True,2771.825,0.001,52.704,2719.087,0.002
1790489860.9136229,True,2772.64,0.001,51.503,2721.109,0.002
1790489860.937592,True,2770.715,0.001,50.604,2720.076,0.002
1790489860.9733994,True,2773.273,0.001,51.425,2721.813,0.002
1790489860.9759848,True,2770.048,0.001,51.183,2718.845,0.002
1790489861.031188,True,2771.722,0.001,50.867,2720.823,0.002
1790489861.1447213,True,2771.784,0.001,51.569,2720.18,0.002
1790489861.168841,True,2769.583,0.001,51.171,2718.371,0.003
1790489861.1933572,True,2774.154,0.001,50.824,2723.291,0.003
1790489861.195204,True,2775.195,0.001,52.925,2722.248,0.002
1790489861.19719,True,2777.248,0.001,54.059,2723.169,0.002
1790489861.200328,True,2779.638,0.001,54.852,2724.767,0.002
1790489861.2105,True,2771.653,0.001,51.697,2719.865,0.002
1790489861.228009,True,2769.754,0.001,50.934,2718.798,0.002
1790489861.2724574,True,2774.823,0.001,52.325,2722.457,0.003
1790489861.2815924,True,2769.551,0.001,51.201,2718.315,0.002
1790489861.3261552,True,2767.787,0.001,50.788,2716.977,0.002
1790489861.3534746,True,2771.16,0.001,52.413,2718.714,0.002
1790489861.3834863,True,2771.576,0.001,50.748,2720.802,0.002
1790489861.4137142,True,2772.734,0.001,50.743,2721.968,0.002
1790489861.4354897,True,2769.028,0.001,50.963,2718.039,0.002
1790489861.4624486,True,2768.473,0.001,50.486,2717.959,0.002
1790489861.489477,True,2769.519,0.001,51.451,2718.042,0.002
1790489861.519649,True,2772.289,0.001,52.737,2719.529,0.002
1790489861.544052,True,2769.656,0.001,51.316,2718.303,0.002
1790489861.5771825,True,2774.428,0.001,51.521,2722.879,0.002
1790489861.6360033,True,2774.997,0.001,51.71,2723.257,0.002
1790489861.637347,True,2775.024,0.001,52.056,2722.949,0.002
1790489861.6780777,True,2770.892,0.001,50.629,2720.238,0.002
1790489861.6798925,True,2770.993,0.001,50.966,2720.006,0.001
1790489861.7021465,True,2771.609,0.001,51.574,2719.995,0.002
1790489861.7304606,True,2768.639,0.001,50.664,2717.946,0.002
1790489861.7610788,True,2771.797,0.001,52.399,2719.372,0.002
1790489861.787621,True,2768.25,0.001,50.698,2717.529,0.002
1790489861.8169384,True,2769.721,0.001,51.009,2718.674,0.003
1790489861.8392525,True,2770.624,0.001,51.776,2718.817,0.002
1790489861.880562,True,2772.514,0.001,51.471,2721.011,0.002
1790489861.8961349,True,2770.069,0.001,50.772,2719.26,0.002
1790489861.938237,True,2770.405,0.001,51.473,2718.906,0.002
1790489861.9560947,True,2769.103,0.001,51.283,2717.794,0.002
1790489861.9915419,True,2768.694,0.001,51.037,2717.621,0.003
1790489862.0386152,True,2769.524,0.001,51.618,2717.881,0.002
1790489862.0963929,True,2773.362,0.001,52.306,2721.034,0.002
1790489862.0990713,True,2774.829,0.001,53.179,2721.63,0.001
1790489862.1034288,True,2767.938,0.001,50.812,2717.097,0.002
1790489862.1518364,True,2769.821,0.001,51.173,2718.619,0.002
1790489862.1598444,True,2776.323,0.001,51.496,2724.802,0.002
1790489862.216963,True,2773.942,0.001,52.487,2721.426,0.003
1790489862.2186506,True,2775.55,0.0,53.552,2721.979,0.002
1790489862.2377095,True,2768.742,0.001,50.535,2718.182,0.002
1790489862.2684486,True,2769.644,0.001,51.286,2718.33,0.002
1790489862.2964737,True,2774.457,0.001,56.377,2718.055,0.002
1790489862.3236296,True,2770.309,0.001,50.775,2719.498,0.003
1790489862.351595,True,2769.568,0.001,50.706,2718.825,0.002
1790489862.369093,True,2770.898,0.001,52.644,2718.225,0.002
1790489862.4032583,True,2774.939,0.001,51.772,2723.136,0.003
1790489862.4260879,True,2772.264,0.001,52.671,2719.568,0.003
1790489862.4586327,True,2770.8,0.001,51.003,2719.767,0.002
1790489862.4797845,True,2770.191,0.001,52.921,2717.242,0.003
1790489862.5123053,True,2769.913,0.001,51.119,2718.765,0.003
1790489862.5359833,True,2770.272,0.001,51.333,2718.893,0.003
1790489862.567699,True,2772.342,0.001,50.685,2721.627,0.003
1790489862.6191301,True,2771.156,0.001,51.554,2719.565,0.002
1790489862.6421404,True,2772.514,0.001,52.528,2719.951,0.002
1790489862.7253778,True,2769.992,0.001,51.595,2718.373,0.002
1790489862.732765,True,2772.49,0.001,50.881,2721.585,0.003
1790489862.7344887,True,2774.126,0.001,52.914,2721.193,0.001
1790489862.7360451,True,2774.944,0.001,53.114,2721.811,0.001
1790489862.778919,True,2768.888,0.001,51.259,2717.596,0.002
1790489862.7893145,True,2771.88,0.001,52.239,2719.615,0.002
1790489862.8276236,True,2769.747,0.005,51.847,2717.872,0.002
1790489862.8422623,True,2769.945,0.001,51.406,2718.51,0.002
1790489862.8826551,True,2770.385,0.001,51.062,2719.287,0.002
1790489862.900651,True,2771.706,0.001,51.479,2720.196,0.002
1790489862.9167643,True,2770.284,0.001,51.219,2719.028,0.002
1790489862.9599912,True,2767.74,0.001,51.486,2716.233,0.002
1790489862.9897265,True,2772.164,0.001,52.595,2719.54,0.003
1790489863.0206344,True,2774.538,0.001,52.136,2722.382,0.002
1790489863.0441303,True,2771.301,0.001,52.247,2719.028,0.002
1790489863.0727224,True,2770.165,0.001,50.874,2719.25,0.002
1790489863.0992217,True,2770.686,0.001,50.574,2720.076,0.003
1790489863.1381602,True,2773.673,0.001,52.597,2721.05,0.003
1790489863.15052,True,2770.875,0.001,51.689,2719.151,0.003
1790489863.1932118,True,2771.271,0.001,51.169,2720.076,0.003
1790489863.1977828,True,2774.476,0.001,52.074,2722.382,0.002
1790489863.246186,True,2771.078,0.001,50.838,2720.206,0.002
1790489863.2512302,True,2770.253,0.001,51.115,2719.109,0.002
1790489863.3526547,True,2770.04,0.001,50.677,2719.34,0.002
1790489863.3543403,True,2770.432,0.001,50.934,2719.478,0.002
1790489863.4158936,True,2768.545,0.001,51.522,2716.995,0.001
1790489863.4162543,True,2769.314,0.001,51.361,2717.921,0.002
