timestamp,completed,e2e_pipeline_ms,stage1_ms,stage2_ms,stage3_ms,stage4_ms
1790489704.5490043,True,2770.911,0.001,51.057,2719.818,0.002
1790489704.577649,True,2774.674,0.001,50.655,2723.977,0.002
1790489704.602386,True,2769.91,0.001,51.033,2718.844,0.002
1790489704.6305368,True,2771.336,0.001,50.81,2720.485,0.002
1790489704.6598535,True,2774.053,0.001,51.049,2722.963,0.002
1790489704.6890874,True,2774.769,0.001,51.385,2723.345,0.002
1790489704.7134988,True,2771.559,0.001,50.962,2720.558,0.002
1790489704.7407126,True,2772.025,0.001,51.252,2720.729,0.002
1790489704.7706432,True,2774.119,0.001,51.96,2722.123,0.002
1790489704.7974012,True,2773.74,0.001,51.828,2721.872,0.002
1790489704.8238313,True,2771.979,0.001,51.805,2720.131,0.002
1790489704.8528526,True,2773.46,0.001,51.697,2721.721,0.002
1790489704.881093,True,2774.126,0.001,51.714,2722.374,0.002
1790489704.9069192,True,2772.288,0.001,51.537,2720.708,0.002
1790489704.933323,True,2771.542,0.001,51.391,2720.112,0.002
1790489704.9610574,True,2771.802,0.001,51.567,2720.192,0.002
1790489704.9887047,True,2771.636,0.001,51.3,2720.298,0.002
1790489705.0188475,True,2774.533,0.001,51.696,2722.8,0.002
1790489705.0421622,True,2769.992,0.001,51.108,2718.846,0.002
1790489705.070665,True,2771.313,0.001,51.185,2720.089,0.002
1790489705.0975227,True,2769.715,0.001,50.864,2718.813,0.002
1790489705.1293411,True,2773.553,0.001,50.933,2722.584,0.002
1790489705.1557715,True,2772.978,0.001,51.149,2721.79,0.002
1790489705.1825361,True,2772.251,0.001,51.154,2721.046,0.002
1790489705.2092454,True,2771.307,0.001,50.969,2720.297,0.002
1790489705.2384346,True,2771.213,0.001,51.188,2719.984,0.002
1790489705.277696,True,2784.107,0.001,51.426,2732.647,0.002
1790489705.2929916,True,2771.833,0.001,51.363,2720.434,0.002
1790489705.3302445,True,2782.825,0.001,64.027,2718.763,0.003
1790489705.3451881,True,2769.537,0.001,50.809,2718.692,0.002
1790489705.3749964,True,2771.274,0.001,51.216,2720.02,0.002
1790489705.4025397,True,2771.592,0.001,51.741,2719.822,0.002
1790489705.4280283,True,2770.224,0.001,51.385,2718.803,0.002
1790489705.4565427,True,2770.55,0.001,51.173,2719.341,0.002
1790489705.485499,True,2771.925,0.001,50.71,2721.184,0.002
1790489705.5115707,True,2769.946,0.001,51.013,2718.898,0.002
1790489705.5624433,True,2771.751,0.001,50.777,2720.882,0.003
1790489705.5650814,True,2768.946,0.001,50.832,2718.088,0.002
1790489705.5964468,True,2771.828,0.001,50.876,2720.912,0.003
1790489705.622408,True,2770.542,0.001,50.657,2719.855,0.002
1790489705.6483376,True,2769.485,0.001,51.497,2717.956,0.002
1790489705.6756296,True,2769.6,0.001,51.476,2718.094,0.002
1790489705.70425,True,2770.696,0.001,51.304,2719.355,0.003
1790489705.7341635,True,2772.123,0.001,51.168,2720.921,0.002
1790489705.7619438,True,2772.512,0.001,50.876,2721.601,0.002
1790489705.7914693,True,2773.215,0.001,51.587,2721.591,0.002
1790489705.816663,True,2771.61,0.001,51.378,2720.193,0.002
1790489705.8475175,True,2774.208,0.001,51.816,2722.356,0.002
1790489705.871942,True,2771.111,0.001,51.648,2719.421,0.002
1790489705.9018583,True,2772.509,0.001,51.259,2721.209,0.003
1790489705.9296074,True,2773.968,0.001,51.817,2722.109,0.002
1790489705.9561224,True,2772.356,0.001,51.342,2720.976,0.003
1790489705.982672,True,2771.572,0.001,51.302,2720.231,0.002
1790489706.0103402,True,2771.357,0.001,51.696,2719.623,0.002
1790489706.0408087,True,2773.263,0.001,51.117,2722.11,0.002
1790489706.0831246,True,2771.924,0.001,50.935,2720.948,0.002
1790489706.0919423,True,2769.962,0.001,50.813,2719.113,0.002
1790489706.1221793,True,2772.078,0.001,50.742,2721.294,0.002
1790489706.1798868,True,2802.795,0.001,51.453,2751.306,0.002
1790489706.182034,True,2777.824,0.001,53.583,2724.22,0.001
1790489706.2320156,True,2774.193,0.001,51.464,2722.683,0.002
1790489706.2336402,True,2772.131,0.001,50.483,2721.626,0.001
1790489706.2594967,True,2771.992,0.001,51.225,2720.727,0.002
1790489706.2890646,True,2773.665,0.001,51.339,2722.283,0.002
1790489706.3142166,True,2770.082,0.001,50.775,2719.273,0.003
1790489706.3435528,True,2772.8,0.001,51.545,2721.219,0.002
1790489706.3674638,True,2770.619,0.001,50.826,2719.755,0.002
1790489706.3974836,True,2770.791,0.001,50.504,2720.25,0.003
1790489706.4260864,True,2773.628,0.001,51.399,2722.196,0.002
1790489706.4523847,True,2772.067,0.001,51.577,2720.454,0.002
1790489706.477879,True,2770.886,0.001,51.403,2719.446,0.002
1790489706.5065937,True,2770.853,0.001,51.484,2719.335,0.002
1790489706.5392456,True,2771.725,0.001,51.675,2720.023,0.002
1790489706.5642304,True,2772.911,0.001,51.1,2721.774,0.002
1790489706.5920901,True,2771.177,0.001,51.346,2719.795,0.002
1790489706.6177938,True,2771.229,0.001,51.016,2720.175,0.002
1790489706.6510563,True,2775.427,0.001,50.957,2724.435,0.002
1790489706.6723595,True,2771.305,0.001,51.21,2720.059,0.002
1790489706.7007637,True,2771.05,0.001,51.046,2719.96,0.002
1790489706.7305517,True,2773.684,0.001,51.491,2722.125,0.003
1790489706.7592292,True,2774.232,0.001,51.389,2722.807,0.002
1790489706.7844682,True,2772.398,0.001,50.997,2721.287,0.002
1790489706.811514,True,2771.249,0.001,51.051,2720.166,0.002
1790489706.841157,True,2774.127,0.001,51.184,2722.899,0.002
1790489706.867657,True,2773.111,0.001,51.688,2721.382,0.003
1790489706.8961127,True,2772.434,0.001,51.533,2720.862,0.002
1790489706.9249847,True,2774.694,0.001,51.403,2723.252,0.002
1790489706.9506724,True,2772.075,0.001,51.741,2720.294,0.002
1790489706.9790628,True,2772.602,0.001,51.369,2721.196,0.002
1790489707.0055707,True,2771.836,0.001,50.755,2721.044,0.002
1790489707.033925,True,2772.235,0.001,51.174,2721.028,0.002
1790489707.0601058,True,2772.025,0.001,51.202,2720.787,0.002
1790489707.0882192,True,2772.212,0.001,51.414,2720.759,0.002
1790489707.1186142,True,2774.991,0.001,51.459,2723.497,0.002
1790489707.1458838,True,2774.774,0.001,51.846,2722.892,0.002
1790489707.1701715,True,2771.635,0.001,50.814,2720.785,0.002
1790489707.1983793,True,2771.807,0.001,51.3,2720.472,0.002
1790489707.228726,True,2775.054,0.001,51.067,2723.952,0.002
1790489707.2528222,True,2771.298,0.001,51.129,2720.132,0.002
1790489707.2800765,True,2770.172,0.001,51.499,2718.642,0.002
1790489707.32165,True,2768.95,0.001,50.383,2718.537,0.002
1790489707.3487508,True,2767.822,0.001,50.384,2717.413,0.002
1790489707.3775182,True,2771.532,0.001,51.55,2719.917,0.035
1790489707.4066005,True,2772.834,0.001,51.753,2721.053,0.002
1790489707.431898,True,2768.335,0.001,50.753,2717.553,0.002
1790489707.4620519,True,2769.79,0.001,51.229,2718.532,0.002
1790489707.4876184,True,2770.675,0.001,51.656,2718.986,0.003
1790489707.5162919,True,2770.312,0.001,52.191,2718.096,0.002
1790489707.5422966,True,2768.417,0.001,50.96,2717.431,0.002
1790489707.5713782,True,2770.562,0.001,52.759,2717.777,0.002
1790489707.6003075,True,2773.092,0.003,51.185,2721.865,0.002
1790489707.625876,True,2769.778,0.001,51.335,2718.418,0.002
1790489707.6535192,True,2768.93,0.001,50.799,2718.101,0.002
1790489707.6801264,True,2769.58,0.001,51.383,2718.17,0.003
1790489707.707698,True,2769.428,0.001,51.373,2718.03,0.002
1790489707.735485,True,2771.115,0.001,51.707,2719.375,0.002
1790489707.7603807,True,2767.831,0.001,50.245,2717.562,0.002
1790489707.7950053,True,2769.796,0.001,50.914,2718.839,0.002
1790489707.8194878,True,2773.317,0.001,51.862,2721.431,0.002
1790489707.8455458,True,2771.709,0.001,51.246,2720.424,0.002
1790489707.8717046,True,2770.513,0.001,51.998,2718.488,0.001
1790489707.9007099,True,2768.274,0.001,50.728,2717.52,0.002
1790489707.9332023,True,2774.41,0.001,50.973,2723.414,0.002
1790489707.960499,True,2774.225,0.001,52.774,2721.428,0.002
1790489707.9852624,True,2772.035,0.001,51.833,2720.164,0.002
1790489708.0115006,True,2769.448,0.001,51.826,2717.595,0.002
1790489708.0503972,True,2769.545,0.001,51.466,2718.051,0.002
1790489708.0656638,True,2769.373,0.001,50.895,2718.451,0.002
1790489708.1039698,True,2769.247,0.001,51.124,2718.092,0.002
1790489708.1201067,True,2770.498,0.001,51.103,2719.333,0.002
1790489708.1465409,True,2768.333,0.001,50.652,2717.655,0.003
1790489708.1783912,True,2772.61,0.001,51.492,2721.097,0.002
1790489708.203767,True,2772.501,0.001,51.693,2720.78,0.002
1790489708.2302868,True,2768.668,0.001,50.666,2717.976,0.002
1790489708.2588625,True,2769.557,0.001,51.253,2718.269,0.002
1790489708.2847884,True,2769.502,0.001,50.806,2718.671,0.002
1790489708.3414001,True,2773.312,0.001,52.0,2721.284,0.002
1790489708.3440948,True,2775.295,0.001,54.171,2721.102,0.002
1790489708.369584,True,2769.914,0.001,50.766,2719.118,0.003
1790489708.3944702,True,2768.439,0.001,50.392,2718.021,0.002
1790489708.4237802,True,2768.962,0.001,50.844,2718.089,0.003
1790489708.4498868,True,2770.541,0.001,50.94,2719.565,0.002
1790489708.479047,True,2771.483,0.001,52.181,2719.266,0.002
1790489708.5090735,True,2771.689,0.001,51.081,2720.578,0.002
1790489708.537308,True,2772.236,0.001,52.172,2720.038,0.002
1790489708.5640378,True,2769.804,0.001,51.099,2718.676,0.002
1790489708.5904725,True,2769.37,0.001,51.661,2717.681,0.002
1790489708.621778,True,2771.224,0.001,51.927,2719.276,0.002
1790489708.6460187,True,2770.754,0.001,50.786,2719.933,0.002
1790489708.6748617,True,2769.198,0.001,51.685,2717.483,0.002
1790489708.7017722,True,2768.933,0.001,50.52,2718.387,0.002
1790489708.7292945,True,2769.552,0.001,51.33,2718.196,0.002
1790489708.7597084,True,2773.604,0.001,52.232,2721.344,0.002
1790489708.783502,True,2768.863,0.001,51.569,2717.259,0.002
1790489708.8130982,True,2769.572,0.001,50.922,2718.627,0.002
1790489708.8552606,True,2768.929,0.001,51.249,2717.645,0.002
1790489708.8661187,True,2769.682,0.001,51.404,2718.244,0.002
1790489708.8984482,True,2772.916,0.001,51.902,2720.982,0.002
1790489708.9571803,True,2773.905,0.001,51.114,2722.773,0.002
1790489708.958577,True,2773.374,0.001,51.724,2721.63,0.001
1790489709.0098746,True,2771.626,0.001,51.521,2720.079,0.002
1790489709.0116053,True,2772.797,0.001,52.151,2720.628,0.001
1790489709.0324724,True,2769.744,0.001,51.857,2717.861,0.002
1790489709.0632117,True,2768.626,0.001,51.09,2717.51,0.002
1790489709.0867002,True,2769.337,0.001,50.768,2718.544,0.002
1790489709.1194127,True,2770.841,0.001,51.361,2719.449,0.003
1790489709.1426442,True,2771.881,0.001,51.453,2720.39,0.002
1790489709.1716983,True,2769.174,0.001,50.713,2718.435,0.002
1790489709.200469,True,2771.05,0.001,50.519,2720.505,0.002
1790489709.2257197,True,2770.196,0.001,51.767,2718.406,0.002
1790489709.253739,True,2771.31,0.001,51.554,2719.721,0.002
1790489709.281134,True,2770.839,0.001,51.637,2719.173,0.002
1790489709.3134735,True,2771.057,0.001,50.467,2720.569,0.002
1790489709.3391554,True,2771.004,0.001,51.12,2719.863,0.002
1790489709.3671868,True,2771.49,0.001,51.143,2720.312,0.002
1790489709.3926342,True,2771.652,0.001,52.088,2719.534,0.002
1790489709.4248903,True,2770.556,0.001,51.214,2719.318,0.002
1790489709.4469187,True,2771.063,0.001,50.814,2720.21,0.002
1790489709.4750974,True,2771.24,0.001,51.401,2719.806,0.002
1790489709.504088,True,2770.637,0.001,51.579,2719.037,0.002
1790489709.5330155,True,2770.552,0.001,50.802,2719.693,0.033
1790489709.5605001,True,2770.624,0.001,51.422,2719.173,0.002
1790489709.5863485,True,2770.203,0.001,52.136,2718.037,0.003
1790489709.6149445,True,2770.179,0.001,52.19,2717.963,0.003
1790489709.6445622,True,2772.8,0.001,51.534,2721.233,0.003
1790489709.6727133,True,2772.938,0.001,51.782,2721.134,0.002
1790489709.6978106,True,2769.723,0.001,51.55,2718.149,0.002
1790489709.724489,True,2770.656,0.001,52.288,2718.343,0.002
1790489709.7528682,True,2770.713,0.001,52.155,2718.533,0.002
1790489709.7780359,True,2768.893,0.001,51.616,2717.247,0.002
1790489709.80663,True,2769.507,0.001,51.909,2717.572,0.002
1790489709.8358433,True,2772.477,0.001,51.602,2720.847,0.002
1790489709.862617,True,2770.885,0.001,51.303,2719.55,0.002
1790489709.8942113,True,2772.523,0.001,51.217,2721.281,0.002
1790489709.920654,True,2771.521,0.001,51.334,2720.16,0.002
1790489709.9450867,True,2770.284,0.001,51.374,2718.882,0.002
1790489709.970251,True,2767.289,0.001,50.485,2716.78,0.002
1790489710.0026898,True,2771.096,0.001,51.094,2719.978,0.002
1790489710.031569,True,2771.933,0.001,50.924,2720.979,0.002
1790489710.0544913,True,2769.764,0.001,50.905,2718.826,0.002
1790489710.0952182,True,2770.206,0.001,53.12,2717.063,0.002
1790489710.1228075,True,2770.92,0.001,50.828,2720.058,0.002
1790489710.1525328,True,2771.617,0.001,51.539,2720.056,0.002
1790489710.1810863,True,2770.971,0.001,52.434,2718.511,0.002
1790489710.2062063,True,2771.041,0.001,52.762,2718.255,0.002
1790489710.2348704,True,2769.248,0.001,51.404,2717.819,0.002
1790489710.2614205,True,2770.674,0.001,52.042,2718.609,0.002
1790489710.29029,True,2770.545,0.001,52.333,2718.187,0.002
1790489710.316385,True,2770.583,0.001,50.791,2719.754,0.003
1790489710.3448696,True,2770.083,0.001,51.96,2718.097,0.002
1790489710.3715634,True,2768.025,0.001,50.817,2717.181,0.003
1790489710.3990188,True,2769.582,0.001,51.501,2718.056,0.002
1790489710.4265153,True,2769.555,0.001,51.533,2717.993,0.003
1790489710.4582782,True,2774.434,0.001,52.653,2721.758,0.002
1790489710.4794452,True,2767.802,0.001,50.841,2716.933,0.002
1790489710.5111518,True,2770.399,0.001,51.467,2718.873,0.003
1790489710.5366886,True,2771.991,0.001,50.704,2721.25,0.002
1790489710.5680976,True,2770.239,0.001,50.68,2719.537,0.002
1790489710.5924978,True,2769.924,0.001,51.475,2718.424,0.002
1790489710.6195095,True,2769.31,0.001,51.502,2717.766,0.002
1790489710.6510017,True,2775.356,0.001,55.725,2719.607,0.002
1790489710.6796622,True,2776.01,0.001,53.276,2722.703,0.002
1790489710.7045743,True,2768.411,0.001,50.972,2717.411,0.002
1790489710.7320735,True,2768.196,0.001,50.452,2717.718,0.002
1790489710.759145,True,2769.527,0.001,51.636,2717.857,0.002
1790489710.785017,True,2768.826,0.001,50.328,2718.47,0.003
1790489710.8218153,True,2768.189,0.001,51.009,2717.156,0.002
1790489710.8383143,True,2769.21,0.001,51.832,2717.354,0.002
1790489710.8769453,True,2769.719,0.001,51.125,2718.559,0.002
1790489710.894828,True,2771.496,0.001,52.625,2718.842,0.002
1790489710.9211192,True,2771.453,0.001,51.73,2719.693,0.002
1790489710.9495003,True,2767.865,0.001,50.778,2717.059,0.002
1790489710.9747899,True,2768.371,0.001,52.086,2716.263,0.002
1790489711.0043445,True,2768.979,0.001,50.498,2718.455,0.003
1790489711.034018,True,2772.214,0.001,50.856,2721.326,0.002
1790489711.06268,True,2774.881,0.001,51.264,2723.592,0.002
1790489711.1155987,True,2769.847,0.001,50.703,2719.117,0.002
1790489711.11724,True,2770.249,0.001,50.942,2719.287,0.001
1790489711.1431377,True,2770.448,0.001,51.453,2718.97,0.002
1790489711.1684432,True,2768.356,0.001,50.425,2717.882,0.002
1790489711.2001352,True,2772.464,0.001,51.945,2720.497,0.002
1790489711.2255657,True,2772.288,0.001,51.778,2720.476,0.002
1790489711.2541997,True,2771.9,0.001,52.392,2719.477,0.003
1790489711.284227,True,2772.002,0.001,52.585,2719.395,0.002
1790489711.3096285,True,2769.049,0.001,50.607,2718.416,0.002
1790489711.3391728,True,2771.598,0.001,51.904,2719.663,0.002
1790489711.3660486,True,2771.777,0.001,52.36,2719.387,0.002
1790489711.3950577,True,2769.922,0.001,51.268,2718.627,0.002
1790489711.4217227,True,2771.062,0.001,51.859,2719.173,0.002
1790489711.4473274,True,2767.8,0.001,50.61,2717.164,0.002
1790489711.4783008,True,2772.934,0.001,52.085,2720.815,0.002
1790489711.503108,True,2770.413,0.001,51.78,2718.607,0.002
1790489711.5314898,True,2768.261,0.001,50.806,2717.43,0.002
1790489711.5573773,True,2770.569,0.001,51.715,2718.816,0.002
1790489711.585203,True,2768.601,0.001,50.427,2718.146,0.002
1790489711.6273255,True,2768.736,0.001,50.616,2718.086,0.002
1790489711.64028,True,2770.831,0.001,52.625,2718.172,0.002
1790489711.675152,True,2773.468,0.001,51.637,2721.792,0.003
1790489711.734226,True,2773.181,0.001,51.328,2721.832,0.002
1790489711.735592,True,2773.65,0.001,51.979,2721.654,0.001
1790489711.787547,True,2770.322,0.001,51.033,2719.256,0.002
1790489711.7891772,True,2772.226,0.001,52.586,2719.623,0.001
1790489711.8037412,True,2768.411,0.001,51.827,2716.562,0.001
1790489711.840706,True,2773.299,0.001,53.332,2719.935,0.003
1790489711.8618917,True,2771.893,0.001,53.174,2718.698,0.002
1790489711.892411,True,2769.813,0.001,50.864,2718.919,0.002
1790489711.918592,True,2772.483,0.001,51.573,2720.882,0.002
1790489711.9458945,True,2769.363,0.001,51.333,2718.001,0.002
1790489711.972698,True,2769.039,0.001,50.864,2718.15,0.003
1790489711.9998436,True,2769.44,0.001,51.409,2718.006,0.002
1790489712.0308614,True,2773.784,0.001,51.205,2722.546,0.002
1790489712.0555918,True,2771.232,0.001,51.421,2719.781,0.002
1790489712.085609,True,2768.833,0.001,51.094,2717.713,0.003
1790489712.1132517,True,2770.759,0.001,50.867,2719.867,0.002
1790489712.1439064,True,2773.446,0.001,51.903,2721.517,0.002
1790489712.1657934,True,2769.807,0.001,51.601,2718.181,0.003
1790489712.1985075,True,2770.1,0.001,51.897,2718.171,0.002
1790489712.2210011,True,2770.919,0.001,51.884,2719.007,0.002
1790489712.2512548,True,2772.864,0.001,52.156,2720.675,0.002
1790489712.2789083,True,2771.786,0.001,51.896,2719.87,0.002
1790489712.3072264,True,2770.764,0.001,50.798,2719.935,0.002
1790489712.3334744,True,2769.391,0.001,51.426,2717.94,0.002
1790489712.3633006,True,2771.832,0.001,53.656,2718.146,0.002
1790489712.3933568,True,2774.913,0.003,51.576,2723.262,0.002
1790489712.419124,True,2770.639,0.001,50.427,2720.182,0.003
1790489712.4460888,True,2769.797,0.001,51.112,2718.656,0.002
1790489712.471394,True,2769.777,0.001,52.014,2717.736,0.002
1790489712.4984148,True,2769.133,0.001,50.786,2718.32,0.002
1790489712.5270276,True,2770.818,0.001,51.371,2719.422,0.002
1790489712.552748,True,2769.854,0.001,51.047,2718.776,0.002
1790489712.5813177,True,2770.811,0.001,52.571,2718.214,0.002
1790489712.6113179,True,2772.599,0.001,51.338,2721.233,0.002
1790489712.6388032,True,2772.791,0.001,51.718,2721.046,0.002
1790489712.666171,True,2768.335,0.001,50.433,2717.878,0.002
1790489712.692546,True,2768.501,0.001,50.802,2717.672,0.002
1790489712.7190812,True,2770.808,0.001,51.129,2719.645,0.002
1790489712.7464623,True,2772.992,0.001,51.691,2721.272,0.002
1790489712.7753282,True,2768.812,0.001,50.716,2718.067,0.002
1790489712.8112838,True,2775.301,0.001,55.194,2720.073,0.002
1790489712.8297753,True,2770.197,0.001,51.584,2718.576,0.003
1790489712.8712285,True,2772.881,0.001,51.828,2721.025,0.002
1790489712.8973484,True,2771.231,0.001,51.202,2719.994,0.002
1790489712.9250357,True,2769.342,0.001,51.393,2717.925,0.002
1790489712.954104,True,2769.976,0.001,51.299,2718.656,0.002
1790489712.9812858,True,2771.278,0.001,52.185,2719.067,0.003
1790489713.0101848,True,2771.918,0.001,52.478,2719.413,0.002
1790489713.0356488,True,2770.906,0.001,52.245,2718.635,0.002
1790489713.063881,True,2769.46,0.001,51.227,2718.205,0.002
1790489713.0899053,True,2770.032,0.001,52.178,2717.79,0.002
1790489713.1178124,True,2769.528,0.001,51.396,2718.107,0.002
1790489713.1476648,True,2772.187,0.001,51.897,2720.268,0.002
1790489713.174642,True,2772.325,0.001,51.588,2720.702,0.002
1790489713.2058785,True,2775.938,0.001,51.468,2724.444,0.002
1790489713.2298815,True,2768.449,0.001,50.317,2718.107,0.002
1790489713.2581468,True,2769.308,0.001,50.559,2718.72,0.002
1790489713.2850707,True,2770.665,0.001,51.412,2719.223,0.002
1790489713.3118603,True,2770.37,0.001,51.753,2718.595,0.002
1790489713.3406131,True,2769.581,0.001,51.322,2718.232,0.002
1790489713.366446,True,2770.518,0.001,51.107,2719.374,0.002
1790489713.3954098,True,2770.55,0.001,50.862,2719.648,0.002
1790489713.4249942,True,2770.446,0.001,51.284,2719.136,0.003
1790489713.4528878,True,2770.065,0.001,51.351,2718.689,0.002
1790489713.4769022,True,2769.119,0.001,51.913,2717.182,0.002
1790489713.5058281,True,2769.253,0.001,51.168,2718.057,0.002
1790489713.531592,True,2769.409,0.001,50.619,2718.756,0.002
1790489713.5602412,True,2770.27,0.001,51.579,2718.665,0.002
1790489713.5939403,True,2769.001,0.001,52.576,2716.349,0.003
1790489713.6148322,True,2771.514,0.001,52.147,2719.343,0.002
1790489713.649508,True,2769.399,0.001,50.926,2718.44,0.002
1790489713.6681826,True,2769.455,0.001,51.853,2717.577,0.002
1790489713.6932254,True,2769.095,0.001,51.484,2717.588,0.002
1790489713.722312,True,2769.456,0.001,52.084,2717.346,0.002
1790489713.7524116,True,2774.58,0.001,50.838,2723.709,0.002
1790489713.7808065,True,2773.027,0.001,52.131,2720.864,0.002
1790489713.8095608,True,2772.34,0.001,51.543,2720.764,0.002
1790489713.8378553,True,2772.045,0.001,52.162,2719.861,0.002
1790489713.890652,True,2770.686,0.001,50.494,2720.166,0.002
1790489713.8931131,True,2772.26,0.001,51.455,2720.783,0.002
1790489713.917614,True,2771.316,0.001,51.483,2719.803,0.002
1790489713.943719,True,2768.668,0.001,51.237,2717.404,0.002
1790489713.9728668,True,2769.712,0.001,51.583,2718.104,0.002
1790489714.0035145,True,2774.664,0.001,50.923,2723.706,0.002
1790489714.028123,True,2770.176,0.001,52.277,2717.871,0.002
1790489714.0582004,True,2770.368,0.001,52.183,2718.16,0.002
1790489714.0834162,True,2769.802,0.001,52.904,2716.873,0.002
1790489714.1139257,True,2771.061,0.001,52.687,2718.346,0.002
1790489714.1416242,True,2772.164,0.001,52.811,2719.331,0.002
1790489714.1666656,True,2768.465,0.001,50.986,2717.45,0.002
1790489714.1995673,True,2774.316,0.001,53.468,2720.821,0.002
1790489714.221367,True,2769.589,0.001,51.824,2717.74,0.002
1790489714.2501268,True,2768.538,0.001,50.522,2717.992,0.002
1790489714.2760205,True,2769.785,0.001,51.542,2718.22,0.002
1790489714.3032324,True,2768.184,0.001,50.901,2717.259,0.002
1790489714.3313038,True,2769.787,0.001,51.349,2718.402,0.002
1790489714.3593955,True,2769.364,0.001,50.986,2718.352,0.002
1790489714.4007747,True,2770.405,0.001,51.647,2718.725,0.002
1790489714.4174275,True,2773.932,0.001,52.449,2721.451,0.002
1790489714.4516335,True,2773.143,0.001,51.056,2722.051,0.002
1790489714.5113513,True,2772.946,0.001,51.861,2721.063,0.002
1790489714.5133226,True,2775.207,0.001,52.793,2722.394,0.002
1790489714.5763187,True,2771.971,0.001,51.001,2720.936,0.002
1790489714.5786507,True,2781.398,0.001,51.82,2729.553,0.002
1790489714.5842853,True,2777.906,0.001,51.381,2726.488,0.002
1790489714.613794,True,2769.307,0.001,50.436,2718.841,0.002
1790489714.6365902,True,2771.679,0.001,51.55,2720.101,0.002
1790489714.6674318,True,2769.974,0.001,50.682,2719.263,0.002
1790489714.693108,True,2771.215,0.001,51.559,2719.633,0.002
1790489714.7202091,True,2769.365,0.001,50.301,2719.037,0.002
1790489714.7476692,True,2771.58,0.001,50.857,2720.689,0.003
1790489714.7746322,True,2770.309,0.001,52.03,2718.251,0.002
1790489714.804855,True,2770.903,0.001,52.202,2718.68,0.002
1790489714.8296914,True,2770.881,0.001,51.519,2719.331,0.002
1790489714.8617556,True,2772.618,0.001,51.055,2721.532,0.002
1790489714.8869305,True,2770.281,0.001,51.19,2719.067,0.002
1790489714.9164188,True,2768.507,0.001,50.986,2717.494,0.003
1790489714.9399226,True,2769.413,0.001,51.311,2718.078,0.002
1790489714.976232,True,2774.246,0.001,51.367,2722.852,0.002
1790489714.9956086,True,2771.159,0.001,52.22,2718.907,0.002
1790489715.0261445,True,2768.773,0.001,50.206,2718.544,0.002
1790489715.052056,True,2770.061,0.001,52.08,2717.96,0.002
1790489715.0835288,True,2772.453,0.001,52.71,2719.719,0.002
1790489715.1113453,True,2773.894,0.001,52.746,2721.111,0.002
1790489715.139944,True,2773.148,0.001,52.633,2720.491,0.002
1790489715.1651406,True,2768.571,0.001,51.415,2717.102,0.002
1790489715.1905398,True,2768.219,0.001,50.794,2717.398,0.002
1790489715.2192078,True,2768.294,0.001,50.549,2717.719,0.002
1790489715.2453077,True,2769.502,0.001,51.813,2717.666,0.002
1790489715.2711163,True,2767.759,0.001,50.231,2717.504,0.003
1790489715.299635,True,2769.161,0.001,51.774,2717.363,0.002
1790489715.327545,True,2771.019,0.001,51.228,2719.755,0.002
1790489715.3557742,True,2771.059,0.001,52.063,2718.967,0.002
1790489715.3859599,True,2771.472,0.001,52.351,2719.099,0.002
1790489715.410985,True,2768.846,0.001,51.33,2717.492,0.002
1790489715.438211,True,2768.78,0.001,51.406,2717.345,0.002
1790489715.4659557,True,2769.969,0.001,51.147,2718.747,0.002
1790489715.4939346,True,2770.559,0.001,51.921,2718.614,0.003
1790489715.5193665,True,2769.142,0.001,51.178,2717.931,0.002
1790489715.548434,True,2770.073,0.001,51.909,2718.139,0.002
1790489715.586329,True,2771.987,0.001,51.559,2720.391,0.002
1790489715.6024075,True,2769.251,0.001,51.433,2717.782,0.002
1790489715.644296,True,2770.144,0.001,51.529,2718.591,0.002
1790489715.6714256,True,2770.707,0.001,51.192,2719.484,0.002
1790489715.6995637,True,2770.475,0.001,52.927,2717.518,0.003
1790489715.7300296,True,2772.449,0.001,53.331,2719.093,0.002
1790489715.7540107,True,2769.389,0.001,51.769,2717.596,0.002
1790489715.7818623,True,2768.059,0.001,50.659,2717.372,0.002
1790489715.8099709,True,2771.197,0.001,51.717,2719.455,0.002
1790489715.8387039,True,2770.905,0.001,50.707,2720.172,0.002
1790489715.8640604,True,2770.424,0.001,51.356,2719.037,0.002
1790489715.8941622,True,2770.407,0.001,51.795,2718.581,0.002
1790489715.9235728,True,2772.411,0.001,50.836,2721.543,0.002
1790489715.9486725,True,2770.478,0.001,52.284,2718.169,0.002
1790489715.9779441,True,2768.733,0.001,51.017,2717.685,0.003
1790489716.003233,True,2769.459,0.001,52.035,2717.399,0.002
1790489716.0317934,True,2769.055,0.001,51.126,2717.901,0.002
1790489716.0608459,True,2772.523,0.001,52.642,2719.858,0.002
1790489716.0842724,True,2767.79,0.001,50.74,2717.025,0.002
1790489716.1140141,True,2770.315,0.001,52.151,2718.139,0.002
1790489716.1429937,True,2773.066,0.001,52.142,2720.897,0.002
1790489716.1688929,True,2770.552,0.001,51.793,2718.732,0.002
1790489716.1954594,True,2767.299,0.001,50.738,2716.53,0.002
1790489716.225195,True,2769.405,0.001,50.575,2718.809,0.002
1790489716.2502317,True,2768.904,0.001,51.024,2717.854,0.002
1790489716.2793698,True,2768.417,0.001,51.132,2717.256,0.002
1790489716.3050034,True,2770.1,0.001,51.525,2718.544,0.002
1790489716.333148,True,2768.239,0.001,50.578,2717.634,0.003
1790489716.3674386,True,2770.256,0.001,52.884,2717.345,0.002
1790489716.3873608,True,2769.228,0.001,50.668,2718.53,0.002
1790489716.4247637,True,2771.99,0.001,51.748,2720.21,0.002
1790489716.4409213,True,2768.077,0.001,50.532,2717.518,0.002
1790489716.4703712,True,2773.466,0.001,50.892,2722.529,0.002
1790489716.4986,True,2772.962,0.001,51.256,2721.673,0.002
1790489716.5273273,True,2771.744,0.001,51.261,2720.457,0.002
1790489716.5561168,True,2772.129,0.001,51.505,2720.597,0.002
1790489716.582301,True,2769.48,0.001,51.183,2718.261,0.002
1790489716.6140828,True,2772.984,0.001,52.724,2720.237,0.002
1790489716.6661277,True,2770.089,0.001,50.754,2719.309,0.002
1790489716.6674242,True,2770.733,0.001,51.562,2719.154,0.001
1790489716.6914253,True,2770.47,0.001,52.863,2717.581,0.002
1790489716.7212708,True,2772.994,0.001,51.098,2721.867,0.002
1790489716.7484233,True,2771.754,0.001,52.09,2719.642,0.002
1790489716.7776802,True,2771.022,0.001,52.043,2718.951,0.002
1790489716.803832,True,2771.73,0.001,52.53,2719.172,0.002
1790489716.8327446,True,2770.578,0.001,52.517,2718.034,0.002
1790489716.858095,True,2771.664,0.001,51.398,2720.233,0.002
1790489716.8859088,True,2768.538,0.001,51.216,2717.294,0.003
1790489716.9168344,True,2772.166,0.001,50.908,2721.227,0.002
1790489716.940448,True,2768.885,0.001,51.02,2717.843,0.002
1790489716.9707038,True,2768.118,0.001,50.663,2717.43,0.002
1790489716.994309,True,2769.649,0.001,51.937,2717.686,0.002
1790489717.0244007,True,2769.667,0.001,51.203,2718.44,0.002
1790489717.04987,True,2770.59,0.001,52.441,2718.124,0.002
1790489717.0788214,True,2770.991,0.001,52.253,2718.715,0.002
1790489717.1036503,True,2768.986,0.001,51.513,2717.442,0.001
1790489717.13583,True,2773.196,0.001,52.196,2720.962,0.002
1790489717.1717985,True,2768.073,0.001,50.613,2717.434,0.002
1790489717.1897242,True,2769.089,0.001,51.117,2717.938,0.002
1790489717.2296932,True,2773.262,0.001,52.169,2721.066,0.002
1790489717.2990913,True,2784.285,0.001,51.347,2732.913,0.002
1790489717.3007228,True,2784.796,0.001,62.994,2721.78,0.001
1790489717.3597922,True,2777.051,0.001,51.407,2725.616,0.002
1790489717.3614297,True,2775.955,0.001,52.336,2723.6,0.002
1790489717.36338,True,2776.417,0.001,52.503,2723.892,0.001
1790489717.3863628,True,2769.379,0.001,50.864,2718.488,0.002
1790489717.413539,True,2769.278,0.001,50.895,2718.353,0.002
1790489717.441067,True,2769.978,0.001,51.424,2718.524,0.002
1790489717.4671545,True,2769.279,0.001,50.762,2718.491,0.002
1790489717.494998,True,2769.772,0.001,51.326,2718.415,0.002
1790489717.521565,True,2770.516,0.001,51.366,2719.12,0.002
1790489717.553897,True,2774.448,0.001,50.942,2723.446,0.003
1790489717.5806458,True,2772.598,0.001,51.367,2721.155,0.002
1790489717.6037037,True,2770.803,0.001,51.728,2719.041,0.002
1790489717.6340125,True,2769.238,0.001,52.344,2716.87,0.002
1790489717.6610358,True,2770.989,0.001,50.561,2720.406,0.002
1790489717.6930475,True,2773.295,0.001,51.831,2721.434,0.002
1790489717.718185,True,2774.296,0.001,52.344,2721.928,0.002
1790489717.7481666,True,2768.547,0.001,51.207,2717.31,0.002
1790489717.7696817,True,2770.842,0.001,51.296,2719.515,0.002
1790489717.800771,True,2771.528,0.001,51.853,2719.645,0.002
1790489717.829236,True,2774.178,0.001,51.177,2722.969,0.002
1790489717.8576393,True,2770.757,0.001,51.448,2719.28,0.002
1790489717.8843675,True,2769.395,0.001,51.322,2718.043,0.002
1790489717.9110556,True,2767.869,0.001,50.302,2717.543,0.002
1790489717.937354,True,2768.538,0.001,50.922,2717.593,0.002
1790489717.9636483,True,2768.413,0.001,50.959,2717.43,0.002
1790489717.991574,True,2769.091,0.001,50.754,2718.307,0.003
1790489718.018655,True,2768.346,0.001,51.166,2717.152,0.002
1790489718.0469012,True,2770.934,0.001,52.307,2718.602,0.002
1790489718.0764344,True,2772.459,0.001,52.367,2720.069,0.002
1790489718.1019425,True,2771.468,0.001,51.334,2720.097,0.002
1790489718.128789,True,2769.815,0.001,52.383,2717.406,0.002
1790489718.1614954,True,2772.581,0.001,51.204,2721.352,0.002
1790489718.1845455,True,2770.298,0.001,52.254,2718.021,0.002
1790489718.2130551,True,2769.347,0.001,50.991,2718.33,0.002
1790489718.2365494,True,2767.7,0.001,50.733,2716.945,0.002
1790489718.2665114,True,2769.323,0.001,51.788,2717.512,0.002
1790489718.293275,True,2770.736,0.001,50.625,2720.076,0.002
1790489718.3208754,True,2769.264,0.001,51.587,2717.652,0.002
1790489718.3608613,True,2771.183,0.001,50.976,2720.167,0.002
1790489718.3780613,True,2770.106,0.001,52.404,2717.668,0.002
1790489718.4199,True,2772.447,0.001,52.596,2719.828,0.002
1790489718.4464245,True,2771.535,0.001,50.731,2720.764,0.002
1790489718.4724226,True,2769.607,0.001,51.727,2717.853,0.003
1790489718.5036445,True,2769.926,0.001,50.452,2719.449,0.002
1790489718.5280669,True,2770.618,0.001,53.158,2717.436,0.002
1790489718.5579448,True,2770.29,0.001,51.958,2718.307,0.002
1790489718.5833185,True,2769.896,0.001,51.567,2718.302,0.002
1790489718.6125958,True,2770.314,0.001,52.353,2717.935,0.002
1790489718.6414742,True,2772.589,0.001,52.0,2720.559,0.002
1790489718.6665778,True,2768.934,0.001,51.634,2717.276,0.002
1790489718.696158,True,2769.232,0.001,51.819,2717.388,0.002
1790489718.7214546,True,2769.634,0.001,51.897,2717.713,0.002
1790489718.75048,True,2768.812,0.001,51.08,2717.706,0.002
1790489718.7809975,True,2774.485,0.001,51.332,2723.128,0.002
1790489718.8056288,True,2769.993,0.001,50.989,2718.973,0.002
1790489718.8327355,True,2768.838,0.001,50.912,2717.901,0.002
1790489718.8607006,True,2771.967,0.001,51.897,2720.039,0.002
1790489718.8878906,True,2770.186,0.001,52.112,2718.046,0.003
1790489718.9151325,True,2768.926,0.001,51.271,2717.628,0.002
1790489718.9425077,True,2770.459,0.001,51.07,2719.36,0.002
1790489718.969567,True,2769.534,0.001,51.055,2718.454,0.003
1790489718.9994311,True,2771.023,0.001,51.709,2719.294,0.002
1790489719.0231788,True,2769.459,0.001,52.15,2717.287,0.002
1790489719.0518167,True,2769.194,0.001,51.272,2717.896,0.002
1790489719.0798843,True,2771.733,0.001,51.033,2720.669,0.002
1790489719.10621,True,2769.456,0.001,51.368,2718.063,0.002
1790489719.1415234,True,2771.252,0.001,51.828,2719.395,0.002
1790489719.158615,True,2768.04,0.001,50.554,2717.461,0.002
1790489719.1997824,True,2771.656,0.001,51.431,2720.193,0.002
1790489719.2146208,True,2770.552,0.001,50.665,2719.854,0.002
1790489719.2444701,True,2770.701,0.001,51.252,2719.419,0.002
1790489719.2741914,True,2772.545,0.001,51.847,2720.667,0.002
1790489719.301659,True,2771.232,0.001,52.288,2718.922,0.002
1790489719.3321571,True,2772.582,0.001,50.688,2721.862,0.002
1790489719.3553495,True,2769.66,0.001,51.139,2718.487,0.002
1790489719.3861396,True,2768.967,0.001,51.307,2717.636,0.003
1790489719.4414647,True,2770.249,0.001,50.822,2719.403,0.002
1790489719.4448278,True,2773.652,0.0,52.11,2721.526,0.001
1790489719.465236,True,2770.651,0.001,51.275,2719.345,0.002
1790489719.4963286,True,2769.951,0.001,51.903,2718.021,0.002
1790489719.5250614,True,2773.272,0.001,52.384,2720.864,0.002
1790489719.5516894,True,2770.369,0.001,52.117,2718.227,0.002
1790489719.577194,True,2770.365,0.001,51.939,2718.402,0.002
1790489719.6039743,True,2767.764,0.001,50.44,2717.3,0.002
1790489719.6336436,True,2772.083,0.001,51.491,2720.557,0.002
1790489719.6591575,True,2768.56,0.001,50.478,2718.057,0.002
1790489719.68916,True,2769.182,0.001,51.542,2717.614,0.002
1790489719.7127845,True,2768.999,0.001,51.368,2717.604,0.002
1790489719.7430089,True,2768.669,0.001,50.947,2717.696,0.002
1790489719.7682788,True,2770.075,0.001,52.231,2717.819,0.002
1790489719.7979133,True,2770.343,0.001,51.64,2718.678,0.002
1790489719.8243687,True,2770.882,0.001,51.592,2719.262,0.002
1790489719.8531313,True,2770.927,0.001,51.626,2719.272,0.002
1790489719.8766718,True,2769.026,0.001,50.82,2718.172,0.002
1790489719.9084446,True,2769.612,0.001,51.591,2717.997,0.002
1790489719.9457166,True,2770.527,0.001,50.969,2719.525,0.002
1790489719.963017,True,2769.509,0.001,51.224,2718.25,0.002
1790489720.0039675,True,2770.92,0.001,51.666,2719.222,0.002
1790489720.0790534,True,2776.446,0.001,51.222,2725.181,0.003
1790489720.0809615,True,2777.517,0.001,53.807,2723.687,0.002
1790489720.1341095,True,2769.443,0.001,50.862,2718.554,0.002
1790489720.1403186,True,2774.911,0.001,51.697,2723.193,0.001
1790489720.1417942,True,2774.744,0.001,52.454,2722.268,0.001
1790489720.1603107,True,2770.773,0.001,52.141,2718.604,0.002
1790489720.188791,True,2769.158,0.001,50.664,2718.468,0.002
1790489720.2131884,True,2768.31,0.001,50.6,2717.687,0.002
1790489720.240005,True,2768.2,0.001,50.608,2717.566,0.002
1790489720.2722938,True,2774.136,0.001,56.274,2717.84,0.002
1790489720.2966325,True,2771.766,0.001,51.745,2719.986,0.002
1790489720.324708,True,2768.014,0.001,51.317,2716.668,0.002
1790489720.3538518,True,2770.066,0.001,50.899,2719.146,0.002
1790489720.3774395,True,2770.653,0.001,51.855,2718.767,0.002
1790489720.4126782,True,2775.457,0.001,51.717,2723.708,0.002
1790489720.4375718,True,2773.489,0.001,51.468,2721.993,0.002
1790489720.4670165,True,2770.669,0.001,52.547,2718.096,0.002
1790489720.4909184,True,2769.041,0.001,51.092,2717.922,0.002
1790489720.5202553,True,2768.447,0.001,51.088,2717.299,0.002
1790489720.5479245,True,2773.493,0.001,52.152,2721.313,0.002
1790489720.578976,True,2773.527,0.001,52.677,2720.828,0.002
1790489720.6036198,True,2771.041,0.001,52.444,2718.57,0.002
1790489720.6298585,True,2768.705,0.001,50.711,2717.969,0.003
1790489720.6557589,True,2768.14,0.001,50.36,2717.751,0.006
1790489720.6845007,True,2770.108,0.001,51.246,2718.833,0.002
1790489720.7099955,True,2769.411,0.001,51.688,2717.697,0.002
1790489720.7370067,True,2768.777,0.001,51.099,2717.653,0.002
1790489720.7653883,True,2769.745,0.001,51.974,2717.746,0.002
1790489720.793654,True,2771.26,0.001,51.292,2719.936,0.002
1790489720.8203292,True,2769.896,0.001,52.343,2717.527,0.003
1790489720.8504283,True,2770.887,0.001,51.241,2719.622,0.002
1790489720.8784397,True,2773.445,0.001,51.359,2722.057,0.002
1790489720.9028554,True,2768.725,0.001,51.22,2717.48,0.002
1790489720.9326596,True,2768.114,0.001,50.369,2717.716,0.002
1790489720.9582143,True,2770.538,0.001,51.044,2719.467,0.002
1790489720.9859169,True,2768.509,0.001,50.955,2717.528,0.002
1790489721.011225,True,2768.838,0.001,51.719,2717.094,0.002
1790489721.0389264,True,2768.056,0.001,50.748,2717.284,0.002
1790489721.0700054,True,2773.28,0.001,51.466,2721.779,0.002
1790489721.0943415,True,2769.84,0.001,52.087,2717.726,0.002
1790489721.1374047,True,2773.08,0.001,51.223,2721.813,0.003
1790489721.1531086,True,2771.388,0.001,52.042,2719.314,0.002
1790489721.191764,True,2768.737,0.001,50.213,2718.498,0.003
1790489721.2208757,True,2771.081,0.001,51.42,2719.629,0.002
1790489721.2450302,True,2768.929,0.001,52.451,2716.455,0.002
1790489721.2778032,True,2771.019,0.001,51.356,2719.642,0.002
1790489721.3030584,True,2771.575,0.001,52.315,2719.238,0.002
1790489721.3311875,True,2769.647,0.001,51.927,2717.694,0.002
1790489721.35648,True,2769.964,0.001,50.856,2719.076,0.002
1790489721.3851624,True,2769.349,0.001,51.492,2717.832,0.003
1790489721.414025,True,2769.664,0.001,52.235,2717.407,0.002
1790489721.4407115,True,2770.642,0.001,52.23,2718.388,0.002
1790489721.4688168,True,2769.411,0.001,51.685,2717.702,0.002
1790489721.4986606,True,2774.097,0.001,52.11,2721.959,0.002
1790489721.524449,True,2770.072,0.001,51.807,2718.235,0.002
1790489721.554279,True,2770.152,0.001,51.448,2718.673,0.002
1790489721.5801268,True,2770.429,0.001,51.925,2718.476,0.003
1790489721.6063704,True,2768.963,0.001,51.127,2717.81,0.002
1790489721.6336632,True,2769.474,0.001,51.584,2717.831,0.003
1790489721.6608355,True,2769.346,0.001,51.742,2717.577,0.002
1790489721.6886263,True,2770.091,0.001,51.921,2718.145,0.002
1790489721.7186882,True,2772.695,0.001,51.159,2721.505,0.002
1790489721.7424781,True,2769.538,0.001,50.798,2718.717,0.002
1790489721.7726882,True,2770.041,0.001,51.274,2718.739,0.002
1790489721.79774,True,2771.142,0.001,51.166,2719.946,0.002
1790489721.827023,True,2770.07,0.001,51.338,2718.701,0.003
1790489721.852379,True,2769.253,0.001,51.205,2718.012,0.002
1790489721.8808234,True,2769.781,0.001,50.899,2718.855,0.002
1790489721.9156108,True,2770.902,0.001,50.762,2720.106,0.002
1790489721.9331017,True,2769.336,0.001,51.644,2717.665,0.002
1790489721.974636,True,2771.728,0.001,51.49,2720.207,0.002
1790489721.9890838,True,2771.334,0.001,51.476,2719.827,0.002
1790489722.0189207,True,2771.217,0.001,51.374,2719.81,0.002
1790489722.048038,True,2770.699,0.001,50.972,2719.696,0.002
1790489722.0735393,True,2768.722,0.001,51.28,2717.417,0.002
1790489722.106905,True,2771.334,0.001,51.634,2719.678,0.002
1790489722.1301486,True,2771.371,0.001,51.507,2719.828,0.002
1790489722.1651292,True,2775.546,0.001,53.011,2722.513,0.002
1790489722.2172773,True,2771.752,0.001,51.369,2720.361,0.002
1790489722.2190025,True,2771.553,0.001,51.267,2720.266,0.001
1790489722.2414503,True,2772.912,0.001,50.955,2721.909,0.002
1790489722.270882,True,2769.195,0.001,50.93,2718.237,0.002
1790489722.2966068,True,2768.439,0.001,50.67,2717.744,0.002
1790489722.3258731,True,2770.988,0.001,51.053,2719.909,0.002
1790489722.3514228,True,2769.534,0.001,52.406,2717.104,0.002
1790489722.3776057,True,2768.27,0.001,50.539,2717.706,0.002
1790489722.4085255,True,2771.488,0.001,52.71,2718.757,0.002
1790489722.4326146,True,2770.155,0.001,50.996,2719.134,0.002
1790489722.460748,True,2767.729,0.001,50.594,2717.106,0.002
1790489722.4874349,True,2771.162,0.001,52.808,2718.33,0.002
1790489722.5161023,True,2769.693,0.001,52.277,2717.391,0.002
1790489722.5438194,True,2772.401,0.001,53.349,2719.03,0.002
1790489722.571195,True,2769.932,0.001,52.643,2717.262,0.002
1790489722.5970833,True,2768.944,0.001,50.586,2718.328,0.002
1790489722.6282742,True,2769.95,0.001,50.824,2719.1,0.002
1790489722.6506813,True,2769.445,0.001,51.08,2718.331,0.002
1790489722.6813078,True,2769.672,0.001,51.888,2717.761,0.002
1790489722.7202458,True,2771.236,0.001,51.156,2720.046,0.002
1790489722.7360754,True,2769.616,0.001,51.359,2718.224,0.002
1790489722.7780776,True,2771.08,0.001,50.978,2720.069,0.002
1790489722.8544564,True,2772.316,0.001,52.587,2719.705,0.002
1790489722.8590574,True,2775.382,0.001,52.437,2722.925,0.001
1790489722.9128995,True,2770.017,0.001,51.044,2718.951,0.002
1790489722.9159493,True,2771.398,0.001,50.806,2720.573,0.001
1790489722.9189537,True,2774.087,0.0,51.931,2722.14,0.001
1790489722.9317129,True,2768.39,0.001,50.465,2717.902,0.002
1790489722.961143,True,2768.785,0.001,50.692,2718.065,0.002
1790489722.9891062,True,2772.959,0.001,51.698,2721.226,0.002
1790489723.0152743,True,2770.613,0.001,52.642,2717.947,0.003
1790489723.043149,True,2767.747,0.001,50.286,2717.437,0.002
1790489723.0710714,True,2770.82,0.001,51.552,2719.237,0.002
1790489723.0969706,True,2769.333,0.001,50.574,2718.734,0.002
1790489723.1286004,True,2771.509,0.001,51.416,2720.059,0.002
1790489723.1553178,True,2774.436,0.001,51.595,2722.807,0.002
1790489723.1874516,True,2771.681,0.001,51.775,2719.884,0.002
1790489723.209187,True,2768.52,0.001,50.581,2717.914,0.002
1790489723.2396493,True,2768.687,0.001,50.542,2718.12,0.002
1790489723.2651346,True,2770.955,0.001,51.264,2719.66,0.002
1790489723.2958288,True,2772.533,0.001,52.08,2720.42,0.002
1790489723.321182,True,2770.328,0.001,52.845,2717.462,0.002
1790489723.351155,True,2768.676,0.001,50.503,2718.145,0.002
1790489723.3786018,True,2771.898,0.001,51.061,2720.811,0.002
1790489723.4025753,True,2767.836,0.001,50.482,2717.33,0.002
1790489723.429248,True,2768.73,0.001,51.13,2717.573,0.002
1790489723.4573467,True,2769.824,0.001,51.386,2718.412,0.002
1790489723.4852455,True,2770.223,0.001,50.921,2719.273,0.002
1790489723.5117328,True,2770.131,0.001,52.533,2717.574,0.002
1790489723.5397127,True,2769.91,0.001,51.836,2718.046,0.002
1790489723.5677562,True,2770.642,0.001,51.623,2718.988,0.003
1790489723.5952306,True,2771.468,0.001,52.709,2718.729,0.002
1790489723.622416,True,2768.736,0.001,51.098,2717.612,0.002
1790489723.6525712,True,2770.977,0.001,51.767,2719.188,0.002
1790489723.67682,True,2769.426,0.001,51.539,2717.86,0.002
1790489723.7047768,True,2768.873,0.001,50.761,2718.087,0.002
1790489723.729741,True,2768.222,0.001,50.349,2717.848,0.002
1790489723.7578168,True,2768.489,0.001,50.358,2718.106,0.002
1790489723.7885926,True,2773.983,0.001,53.018,2720.934,0.002
1790489723.8124285,True,2770.291,0.001,52.523,2717.745,0.002
1790489723.8430188,True,2769.647,0.001,50.982,2718.622,0.002
1790489723.8729165,True,2774.317,0.001,52.065,2722.22,0.002
1790489723.9115682,True,2770.256,0.001,51.767,2718.458,0.002
1790489723.927601,True,2770.986,0.001,51.33,2719.615,0.002
1790489723.9651554,True,2769.276,0.001,51.106,2718.141,0.002
1790489723.994551,True,2770.49,0.001,51.572,2718.886,0.002
1790489724.0196555,True,2770.118,0.001,51.317,2718.771,0.002
1790489724.0500247,True,2769.249,0.001,50.973,2718.252,0.002
1790489724.076676,True,2770.398,0.001,50.974,2719.403,0.002
1790489724.1042116,True,2769.777,0.001,51.588,2718.163,0.002
1790489724.1297746,True,2770.058,0.001,50.801,2719.223,0.002
1790489724.1595776,True,2770.682,0.001,52.2,2718.456,0.002
1790489724.188585,True,2771.552,0.001,52.273,2719.257,0.002
1790489724.2168288,True,2773.169,0.001,51.221,2721.916,0.002
1790489724.2434797,True,2771.167,0.001,52.8,2718.343,0.002
1790489724.2746007,True,2772.641,0.001,52.94,2719.68,0.002
1790489724.2994893,True,2771.095,0.001,52.742,2718.31,0.003
1790489724.327262,True,2769.216,0.001,50.571,2718.614,0.002
1790489724.3518589,True,2768.341,0.001,50.792,2717.522,0.002
1790489724.3796365,True,2768.516,0.001,50.401,2718.092,0.002
1790489724.4070883,True,2770.124,0.001,52.13,2717.97,0.002
1790489724.4383864,True,2774.475,0.001,55.195,2719.258,0.002
1790489724.460945,True,2768.773,0.001,50.914,2717.831,0.002
1790489724.493655,True,2771.28,0.001,51.247,2720.004,0.002
1790489724.5159059,True,2769.833,0.001,52.226,2717.582,0.002
1790489724.5453157,True,2768.1,0.001,50.349,2717.724,0.002
1790489724.570185,True,2768.744,0.001,51.687,2717.032,0.002
1790489724.5990078,True,2768.557,0.001,50.964,2717.568,0.002
1790489724.62807,True,2772.271,0.001,50.943,2721.278,0.002
1790489724.6536994,True,2769.743,0.001,51.241,2718.474,0.002
1790489724.6912615,True,2772.237,0.001,51.642,2720.559,0.002
1790489724.7074287,True,2769.212,0.001,51.999,2717.188,0.002
1790489724.748256,True,2770.127,0.001,50.838,2719.259,0.002
1790489724.7647753,True,2771.902,0.001,51.048,2720.82,0.002
1790489724.7920196,True,2769.84,0.001,51.872,2717.942,0.002
1790489724.8247123,True,2773.447,0.001,51.388,2722.024,0.002
1790489724.849973,True,2772.104,0.001,52.746,2719.337,0.002
1790489724.8829122,True,2772.552,0.001,50.843,2721.676,0.002
1790489724.902682,True,2769.33,0.001,50.708,2718.587,0.002
1790489724.9395797,True,2771.383,0.001,51.521,2719.842,0.002
1790489724.9930243,True,2770.834,0.001,50.571,2720.234,0.002
1790489724.9946854,True,2772.094,0.001,52.305,2719.768,0.001
1790489725.015243,True,2770.156,0.001,52.413,2717.718,0.002
1790489725.0455773,True,2767.405,0.001,50.559,2716.818,0.002
1790489725.0724409,True,2772.759,0.001,52.247,2720.49,0.002
1790489725.0975392,True,2767.313,0.001,50.612,2716.679,0.002
1790489725.1253748,True,2770.673,0.001,51.448,2719.195,0.002
1790489725.1506426,True,2768.256,0.001,50.832,2717.403,0.002
1790489725.1804395,True,2768.774,0.001,51.019,2717.726,0.002
1790489725.205482,True,2769.723,0.001,52.003,2717.696,0.002
1790489725.2341137,True,2768.551,0.001,51.363,2717.164,0.002
1790489725.2612386,True,2770.672,0.001,51.171,2719.471,0.002
1790489725.2898686,True,2770.134,0.001,52.134,2717.976,0.002
1790489725.315103,True,2768.184,0.001,50.974,2717.186,0.002
1790489725.3456006,True,2771.245,0.001,51.452,2719.763,0.002
1790489725.369303,True,2768.811,0.001,50.969,2717.817,0.002
1790489725.3991716,True,2767.689,0.001,50.492,2717.171,0.002
1790489725.4279325,True,2774.009,0.001,51.213,2722.762,0.002
1790489725.453723,True,2769.334,0.001,52.186,2717.124,0.002
1790489725.49623,True,2772.552,0.001,52.006,2720.514,0.002
1790489725.5102377,True,2771.177,0.001,52.452,2718.691,0.002
1790489725.553809,True,2772.801,0.001,51.308,2721.459,0.002
1790489725.6275535,True,2769.586,0.001,50.653,2718.897,0.002
1790489725.6324964,True,2770.896,0.001,52.14,2718.736,0.001
1790489725.6869538,True,2770.05,0.001,51.261,2718.756,0.002
1790489725.692644,True,2772.806,0.001,52.32,2720.458,0.002
1790489725.6941535,True,2772.63,0.001,52.003,2720.608,0.001
1790489725.7061558,True,2771.081,0.001,50.665,2720.381,0.002
1790489725.7344863,True,2770.135,0.001,51.528,2718.582,0.002
1790489725.7637541,True,2771.338,0.001,51.529,2719.788,0.002
1790489725.7899666,True,2770.985,0.001,52.652,2718.304,0.002
1790489725.8152068,True,2768.858,0.001,51.265,2717.568,0.002
1790489725.8476968,True,2770.39,0.001,50.709,2719.644,0.003
1790489725.8708956,True,2770.386,0.001,50.991,2719.359,0.002
1790489725.9076676,True,2775.589,0.001,51.483,2724.07,0.002
1790489725.9291239,True,2770.7,0.001,51.32,2719.359,0.002
1790489725.9605331,True,2769.923,0.001,51.452,2718.442,0.002
1790489725.9887054,True,2772.527,0.001,50.974,2721.526,0.002
1790489726.0139031,True,2769.198,0.001,51.946,2717.227,0.002
1790489726.0422616,True,2772.415,0.001,52.264,2720.124,0.002
1790489726.0727923,True,2773.681,0.001,52.381,2721.28,0.002
1790489726.095196,True,2770.401,0.001,51.516,2718.726,0.002
1790489726.1220078,True,2768.089,0.001,50.414,2717.647,0.002
1790489726.1502442,True,2768.496,0.001,50.737,2717.732,0.002
1790489726.17633,True,2768.812,0.001,50.628,2718.042,0.003
1790489726.2050056,True,2770.851,0.001,51.909,2718.914,0.002
1790489726.2315178,True,2770.724,0.001,51.948,2718.75,0.002
1790489726.2582293,True,2768.519,0.001,50.55,2717.942,0.002
1790489726.2858841,True,2770.812,0.001,52.994,2717.714,0.002
1790489726.313319,True,2770.214,0.001,52.598,2717.593,0.002
1790489726.344629,True,2773.482,0.001,51.753,2721.707,0.002
1790489726.370851,True,2772.329,0.001,51.648,2720.653,0.002
1790489726.397148,True,2769.44,0.001,51.214,2718.197,0.002
1790489726.4249737,True,2769.138,0.001,50.896,2718.212,0.002
1790489726.450069,True,2768.921,0.001,51.079,2717.819,0.002
1790489726.4792552,True,2769.752,0.001,51.211,2718.513,0.002
1790489726.5054162,True,2771.056,0.001,51.617,2719.411,0.002
1790489726.531511,True,2768.656,0.001,50.721,2717.907,0.003
1790489726.5620956,True,2770.427,0.001,51.63,2718.775,0.001
1790489726.5901089,True,2774.058,0.001,51.685,2722.337,0.002
1790489726.6152246,True,2768.976,0.001,51.008,2717.934,0.003
1790489726.6476588,True,2771.009,0.001,51.847,2719.138,0.002
1790489726.6847725,True,2769.607,0.001,50.943,2718.637,0.003
1790489726.7021487,True,2771.274,0.001,52.716,2718.526,0.002
1790489726.737563,True,2768.656,0.001,51.589,2717.041,0.002
1790489726.7687612,True,2770.98,0.001,52.773,2718.183,0.002
1790489726.793652,True,2770.778,0.001,51.31,2719.438,0.003
1790489726.8234851,True,2770.037,0.001,51.752,2718.26,0.002
1790489726.8516953,True,2771.559,0.001,50.624,2720.913,0.002
1790489726.8776996,True,2770.183,0.001,52.604,2717.553,0.002
1790489726.905588,True,2772.381,0.001,51.43,2720.916,0.002
1790489726.935471,True,2772.515,0.001,51.314,2721.173,0.002
1790489726.963584,True,2771.499,0.001,51.96,2719.516,0.002
1790489726.992881,True,2772.738,0.001,52.055,2720.655,0.002
1790489727.0210705,True,2774.288,0.001,53.012,2721.25,0.002
1790489727.050879,True,2772.969,0.001,51.232,2721.712,0.002
1790489727.0743792,True,2771.309,0.001,50.96,2720.32,0.002
1790489727.1035733,True,2769.391,0.001,51.305,2718.053,0.002
1790489727.1262712,True,2768.595,0.001,51.311,2717.255,0.002
1790489727.1549618,True,2772.194,0.001,51.66,2720.498,0.002
1790489727.1808424,True,2769.356,0.001,50.346,2718.984,0.002
1790489727.2131941,True,2771.458,0.001,52.459,2718.976,0.002
1790489727.2350745,True,2769.627,0.001,51.522,2718.078,0.002
1790489727.2668285,True,2769.657,0.001,51.015,2718.615,0.002
1790489727.288618,True,2769.445,0.001,51.717,2717.703,0.002
1790489727.319254,True,2769.145,0.001,50.917,2718.201,0.002
1790489727.3493707,True,2775.676,0.001,51.603,2724.043,0.002
1790489727.3733027,True,2769.439,0.001,50.745,2718.667,0.002
1790489727.4020557,True,2770.8,0.001,51.478,2719.286,0.002
1790489727.425766,True,2768.814,0.001,50.557,2718.234,0.002
1790489727.4641516,True,2769.992,0.001,51.23,2718.731,0.002
1790489727.480205,True,2769.69,0.001,51.362,2718.301,0.002
1790489727.522832,True,2771.307,0.001,51.661,2719.616,0.002
1790489727.5391657,True,2771.12,0.001,52.248,2718.837,0.002
1790489727.5683868,True,2773.186,0.001,52.392,2720.761,0.002
1790489727.5968332,True,2769.249,0.001,51.095,2718.123,0.001
1790489727.6216455,True,2768.433,0.001,51.302,2717.104,0.002
1790489727.655348,True,2769.298,0.001,51.338,2717.933,0.002
1790489727.680537,True,2773.453,0.001,50.961,2722.46,0.002
1790489727.7132103,True,2770.754,0.001,52.846,2717.888,0.002
1790489727.7706425,True,2772.803,0.001,50.94,2721.84,0.002
1790489727.7734177,True,2774.191,0.001,51.721,2722.453,0.001
1790489727.789945,True,2771.422,0.001,51.521,2719.874,0.002
1790489727.817642,True,2768.823,0.001,51.051,2717.745,0.002
1790489727.8440003,True,2768.316,0.001,50.57,2717.722,0.002
1790489727.871167,True,2768.878,0.001,50.391,2718.457,0.002
1790489727.8993948,True,2770.528,0.001,52.362,2718.141,0.002
1790489727.9247146,True,2769.839,0.001,51.363,2718.452,0.002
1790489727.953704,True,2770.009,0.001,51.361,2718.622,0.003
1790489727.979249,True,2769.352,0.001,52.018,2717.308,0.002
1790489728.0082834,True,2769.871,0.001,52.052,2717.793,0.003
1790489728.0339317,True,2769.232,0.001,51.101,2718.105,0.003
1790489728.0648346,True,2771.344,0.001,52.745,2718.572,0.003
1790489728.0885265,True,2770.272,0.001,51.78,2718.467,0.002
1790489728.1186857,True,2769.631,0.001,50.971,2718.634,0.002
1790489728.1475637,True,2774.72,0.001,52.549,2722.025,0.002
1790489728.172747,True,2769.426,0.001,51.343,2718.058,0.002
1790489728.2005973,True,2769.719,0.001,51.005,2718.68,0.002
1790489728.2263,True,2769.118,0.001,50.651,2718.44,0.002
1790489728.2716033,True,2772.253,0.001,51.161,2721.061,0.002
1790489728.284652,True,2771.048,0.001,51.183,2719.834,0.002
1790489728.3300102,True,2773.09,0.001,51.624,2721.412,0.002
1790489728.402565,True,2771.24,0.001,51.182,2720.018,0.002
1790489728.4039147,True,2768.956,0.001,52.092,2716.843,0.001
1790489728.4612508,True,2771.314,0.001,51.303,2719.98,0.002
1790489728.4665976,True,2771.231,0.001,51.618,2719.585,0.001
1790489728.4688447,True,2772.159,0.001,52.236,2719.904,0.001
1790489728.4805052,True,2770.897,0.001,51.549,2719.316,0.002
1790489728.5083148,True,2770.645,0.001,52.624,2717.997,0.002
1790489728.538531,True,2771.496,0.001,51.1,2720.373,0.002
1790489728.5624592,True,2769.061,0.001,51.878,2717.159,0.002
1790489728.590161,True,2770.137,0.001,51.525,2718.588,0.002
1790489728.622982,True,2772.063,0.001,51.483,2720.544,0.002
1790489728.6481214,True,2770.181,0.001,50.857,2719.254,0.002
1790489728.6820138,True,2771.241,0.001,50.467,2720.753,0.002
1790489728.7085834,True,2776.509,0.001,51.416,2725.054,0.002
1790489728.7334275,True,2769.445,0.001,50.833,2718.587,0.002
1790489728.7616796,True,2769.609,0.001,50.922,2718.661,0.002
1790489728.7911499,True,2773.138,0.001,51.801,2721.305,0.002
1790489728.8166318,True,2770.663,0.001,50.963,2719.67,0.002
1790489728.8459709,True,2769.198,0.001,50.798,2718.361,0.002
1790489728.8693893,True,2769.409,0.001,50.965,2718.417,0.002
1790489728.8945138,True,2769.227,0.001,51.712,2717.487,0.002
1790489728.92506,True,2770.869,0.001,51.8,2719.04,0.003
1790489728.952592,True,2772.942,0.001,52.165,2720.753,0.002
1790489728.9782681,True,2769.478,0.001,51.453,2717.996,0.002
1790489729.0052583,True,2770.334,0.001,51.8,2718.511,0.002
1790489729.0322309,True,2769.295,0.001,51.019,2718.251,0.002
1790489729.062447,True,2773.153,0.001,51.308,2721.806,0.003
1790489729.090317,True,2773.454,0.001,51.721,2721.704,0.002
1790489729.1168427,True,2768.997,0.001,51.416,2717.553,0.002
1790489729.1451523,True,2771.036,0.001,51.76,2719.249,0.002
1790489729.1713552,True,2769.212,0.001,50.747,2718.438,0.003
1790489729.1983123,True,2768.728,0.001,50.353,2718.347,0.002
1790489729.2238026,True,2769.635,0.001,51.922,2717.69,0.002
1790489729.251289,True,2768.853,0.001,50.984,2717.838,0.003
1790489729.279254,True,2770.438,0.001,51.452,2718.957,0.002
1790489729.3063307,True,2770.082,0.001,50.626,2719.422,0.002
1790489729.3331375,True,2768.164,0.001,50.886,2717.254,0.002
1790489729.367316,True,2774.107,0.001,51.625,2722.454,0.002
1790489729.3925953,True,2774.249,0.001,52.551,2721.666,0.002
1790489729.4199963,True,2769.115,0.001,51.852,2717.239,0.002
1790489729.4572322,True,2769.075,0.001,51.366,2717.68,0.002
1790489729.475603,True,2770.115,0.001,51.346,2718.735,0.002
1790489729.514755,True,2772.449,0.001,52.072,2720.355,0.002
1790489729.541947,True,2769.96,0.001,51.99,2717.947,0.002
1790489729.567549,True,2770.475,0.001,51.675,2718.768,0.002
1790489729.5950067,True,2767.742,0.001,51.148,2716.57,0.002
1790489729.626121,True,2770.871,0.001,51.245,2719.604,0.002
1790489729.653293,True,2771.928,0.001,51.82,2720.08,0.002
1790489729.6801686,True,2771.082,0.001,51.959,2719.093,0.002
1790489729.711909,True,2773.308,0.001,51.709,2721.572,0.002
1790489729.7389863,True,2772.064,0.001,50.741,2721.292,0.002
1790489729.7689438,True,2773.132,0.001,50.997,2722.103,0.002
1790489729.7931879,True,2769.17,0.001,51.053,2718.094,0.002
1790489729.8263354,True,2772.42,0.001,51.364,2721.028,0.002
1790489729.8476667,True,2769.62,0.001,51.194,2718.398,0.003
1790489729.8793488,True,2769.91,0.001,51.387,2718.486,0.002
1790489729.8997827,True,2768.728,0.001,50.584,2718.121,0.002
1790489729.9297688,True,2771.562,0.001,51.481,2720.047,0.002
1790489729.9541361,True,2770.002,0.001,51.519,2718.457,0.002
1790489729.9850998,True,2768.71,0.001,51.086,2717.599,0.002
1790489730.0080404,True,2768.903,0.001,50.921,2717.956,0.002
1790489730.038459,True,2768.401,0.001,50.878,2717.496,0.002
1790489730.068753,True,2776.559,0.001,51.166,2725.36,0.002
1790489730.0936387,True,2769.801,0.001,51.292,2718.474,0.003
1790489730.1232643,True,2770.214,0.001,51.432,2718.754,0.002
1790489730.146057,True,2768.652,0.001,50.868,2717.76,0.002
1790489730.1774263,True,2770.914,0.001,51.785,2719.091,0.002
1790489730.199027,True,2768.65,0.001,50.748,2717.881,0.002
1790489730.2372844,True,2770.232,0.001,51.807,2718.393,0.002
1790489730.253198,True,2769.979,0.001,51.491,2718.457,0.002
1790489730.2950025,True,2768.986,0.001,50.993,2717.969,0.002
1790489730.3120496,True,2769.679,0.001,50.964,2718.692,0.002
1790489730.3405197,True,2768.908,0.001,50.981,2717.903,0.002
1790489730.3699925,True,2770.381,0.001,50.97,2719.381,0.002
1790489730.394166,True,2769.317,0.001,51.1,2718.185,0.002
1790489730.4293046,True,2771.073,0.001,51.019,2720.023,0.002
1790489730.453042,True,2769.516,0.001,52.675,2716.81,0.002
1790489730.4887571,True,2772.213,0.001,52.022,2720.161,0.002
1790489730.5485265,True,2774.428,0.001,51.437,2722.957,0.002
1790489730.5499399,True,2772.943,0.001,51.079,2721.843,0.002
1790489730.5621424,True,2768.829,0.001,51.387,2717.419,0.002
1790489730.5900228,True,2769.085,0.001,50.906,2718.154,0.002
1790489730.6167073,True,2769.193,0.001,52.294,2716.876,0.002
1790489730.642593,True,2767.642,0.001,50.428,2717.188,0.002
1790489730.6735997,True,2770.902,0.001,51.537,2719.344,0.002
1790489730.6972027,True,2769.339,0.001,51.755,2717.559,0.002
1790489730.726418,True,2769.226,0.001,51.677,2717.523,0.002
1790489730.7525213,True,2770.188,0.001,52.059,2718.103,0.002
1790489730.7840698,True,2770.541,0.001,51.91,2718.608,0.002
1790489730.8077235,True,2770.106,0.001,52.06,2718.022,0.002
1790489730.8371873,True,2769.01,0.001,51.076,2717.91,0.002
1790489730.866433,True,2773.813,0.001,52.268,2721.515,0.002
1790489730.8948362,True,2768.951,0.001,50.922,2718.004,0.002
1790489730.9183743,True,2767.662,0.001,50.468,2717.171,0.002
1790489730.9459884,True,2769.659,0.001,50.644,2718.991,0.002
1790489730.9740062,True,2770.188,0.001,51.592,2718.559,0.003
1790489731.0004482,True,2770.764,0.001,50.921,2719.808,0.002
1790489731.0460956,True,2771.307,0.001,50.659,2720.611,0.002
1790489731.059665,True,2770.508,0.001,51.096,2719.379,0.002
1790489731.1057792,True,2772.386,0.001,51.918,2720.43,0.002
1790489731.1799076,True,2773.469,0.001,51.984,2721.453,0.002
1790489731.1814775,True,2774.609,0.001,54.783,2719.806,0.001
1790489731.2396889,True,2771.345,0.001,50.491,2720.832,0.002
1790489731.24142,True,2770.948,0.001,50.653,2720.278,0.001
1790489731.2457693,True,2774.4,0.001,50.508,2723.872,0.002
1790489731.2549918,True,2771.239,0.001,51.565,2719.642,0.002
1790489731.2816246,True,2770.247,0.001,51.74,2718.48,0.002
1790489731.3091323,True,2767.354,0.001,50.586,2716.739,0.002
1790489731.334054,True,2768.332,0.001,51.415,2716.888,0.002
1790489731.3628244,True,2767.934,0.001,50.393,2717.518,0.002
1790489731.3977299,True,2771.872,0.001,50.671,2721.168,0.002
1790489731.4234226,True,2772.028,0.001,51.664,2720.322,0.002
1790489731.4588127,True,2773.161,0.001,51.102,2722.032,0.003
1790489731.4838045,True,2771.809,0.001,50.608,2721.177,0.002
1790489731.5094762,True,2771.315,0.001,52.751,2718.54,0.002
1790489731.5364606,True,2771.498,0.001,52.438,2719.031,0.003
1790489731.5631685,True,2768.624,0.001,51.633,2716.968,0.002
1790489731.5902455,True,2769.449,0.001,50.837,2718.581,0.002
1790489731.6173465,True,2768.345,0.001,51.281,2717.033,0.002
1790489731.6433587,True,2769.189,0.001,51.487,2717.675,0.002
1790489731.670968,True,2773.137,0.001,52.351,2720.756,0.002
1790489731.6984653,True,2769.784,0.001,50.435,2719.323,0.002
1790489731.724952,True,2769.342,0.001,51.759,2717.554,0.002
1790489731.7512434,True,2768.638,0.001,50.474,2718.14,0.002
1790489731.7814202,True,2771.318,0.001,52.804,2718.488,0.003
1790489731.8071516,True,2771.711,0.001,52.083,2719.597,0.002
1790489731.83545,True,2768.879,0.001,51.229,2717.624,0.002
1790489731.8662887,True,2772.686,0.001,52.139,2720.525,0.002
1790489731.8911917,True,2770.914,0.001,51.837,2719.048,0.002
1790489731.91744,True,2768.944,0.001,50.557,2718.359,0.003
1790489731.943838,True,2768.677,0.001,50.75,2717.895,0.002
1790489731.9715264,True,2769.437,0.001,51.381,2718.027,0.002
1790489731.9991007,True,2770.486,0.001,51.409,2719.052,0.003
1790489732.0250072,True,2769.071,0.001,50.904,2718.141,0.002
1790489732.0520215,True,2769.341,0.001,51.242,2718.074,0.002
1790489732.0851896,True,2774.722,0.001,50.855,2723.832,0.002
1790489732.1109862,True,2774.077,0.001,51.472,2722.571,0.003
1790489732.1389403,True,2768.412,0.001,50.437,2717.951,0.002
1790489732.1663787,True,2770.316,0.001,51.354,2718.925,0.002
1790489732.1946125,True,2771.302,0.001,52.772,2718.505,0.002
1790489732.2314398,True,2770.939,0.001,51.878,2719.029,0.002
1790489732.2487063,True,2769.836,0.001,50.915,2718.886,0.002
1790489732.2861798,True,2768.284,0.001,50.363,2717.894,0.002
1790489732.3136122,True,2768.229,0.001,50.323,2717.881,0.002
1790489732.3449328,True,2773.929,0.001,51.359,2722.538,0.002
1790489732.371735,True,2773.12,0.001,51.367,2721.72,0.002
1790489732.398376,True,2768.903,0.001,51.525,2717.352,0.002
1790489732.4365258,True,2779.889,0.001,52.952,2726.908,0.002
1790489732.4569838,True,2773.892,0.001,51.505,2722.347,0.002
1790489732.486679,True,2771.661,0.001,51.376,2720.251,0.002
1790489732.5121264,True,2769.372,0.001,51.341,2718.005,0.003
1790489732.5455596,True,2773.307,0.001,51.474,2721.802,0.002
1790489732.566163,True,2769.425,0.001,51.774,2717.624,0.003
1790489732.5984228,True,2768.672,0.001,50.222,2718.423,0.002
1790489732.6202335,True,2769.034,0.001,50.786,2718.22,0.003
1790489732.651395,True,2768.505,0.001,50.648,2717.832,0.003
1790489732.673455,True,2769.407,0.001,50.408,2718.976,0.002
1790489732.7042477,True,2770.968,0.001,52.524,2718.419,0.003
1790489732.727765,True,2769.895,0.001,50.41,2719.46,0.002
1790489732.7580998,True,2769.183,0.001,50.915,2718.241,0.003
1790489732.7852423,True,2774.21,0.001,51.385,2722.792,0.001
1790489732.812934,True,2770.748,0.001,52.201,2718.522,0.003
1790489732.8449748,True,2772.827,0.001,51.928,2720.867,0.003
1790489732.8660364,True,2769.035,0.001,51.256,2717.75,0.002
1790489732.8961315,True,2768.31,0.001,50.552,2717.725,0.002
1790489732.9220877,True,2771.364,0.001,51.229,2720.108,0.003
1790489732.9502463,True,2769.728,0.001,51.488,2718.207,0.002
1790489732.9730072,True,2769.242,0.001,50.338,2718.879,0.002
1790489733.0115373,True,2771.211,0.001,50.823,2720.356,0.002
1790489733.031374,True,2774.964,0.001,53.143,2721.792,0.002
1790489733.0676792,True,2769.386,0.001,51.045,2718.305,0.002
1790489733.089594,True,2774.112,0.001,51.122,2722.958,0.002
1790489733.113568,True,2769.865,0.001,51.124,2718.717,0.002
1790489733.1435225,True,2770.089,0.001,52.002,2718.053,0.002
1790489733.1671598,True,2769.466,0.001,50.876,2718.554,0.002
1790489733.2031193,True,2770.284,0.001,51.264,2718.987,0.002
1790489733.2265425,True,2770.454,0.001,51.82,2718.601,0.002
1790489733.2657316,True,2773.946,0.001,50.927,2722.985,0.002
1790489733.3244119,True,2772.077,0.001,51.809,2720.234,0.002
1790489733.3261564,True,2772.921,0.001,52.368,2720.534,0.002
1790489733.3350306,True,2769.494,0.001,51.971,2717.498,0.002
1790489733.3629842,True,2769.421,0.001,51.12,2718.273,0.002
1790489733.390059,True,2770.365,0.001,51.532,2718.804,0.002
1790489733.4170487,True,2770.091,0.001,51.098,2718.967,0.002
1790489733.444492,True,2767.649,0.001,50.309,2717.316,0.002
1790489733.471345,True,2769.686,0.001,51.868,2717.792,0.002
1790489733.5017915,True,2772.133,0.001,50.733,2721.369,0.002
1790489733.5266817,True,2771.05,0.001,52.251,2718.774,0.002
1790489733.5562506,True,2768.817,0.001,50.772,2718.021,0.002
1790489733.5862474,True,2775.315,0.001,51.302,2723.981,0.002
1790489733.6100702,True,2769.489,0.001,51.456,2718.007,0.002
1790489733.6388297,True,2768.782,0.001,50.631,2718.121,0.002
1790489733.6682763,True,2770.273,0.001,50.686,2719.564,0.002
1790489733.691978,True,2768.588,0.001,51.45,2717.109,0.002
1790489733.71918,True,2768.726,0.001,50.645,2718.06,0.002
1790489733.7463691,True,2769.209,0.005,51.361,2717.81,0.002
1790489733.777542,True,2773.649,0.001,50.899,2722.718,0.002
1790489733.8207479,True,2771.75,0.001,51.395,2720.324,0.002
1790489733.8326597,True,2769.742,0.001,51.165,2718.541,0.002
1790489733.879203,True,2769.77,0.001,50.8,2718.939,0.002
1790489733.9596243,True,2776.594,0.001,51.141,2725.419,0.002
1790489733.9623194,True,2778.173,0.001,53.115,2725.032,0.002
1790489734.0206988,True,2774.161,0.001,50.944,2723.183,0.002
1790489734.0230732,True,2774.338,0.001,53.259,2721.06,0.001
1790489734.0241866,True,2777.636,0.0,53.162,2724.454,0.001
1790489734.0281625,True,2770.318,0.001,51.518,2718.777,0.001
1790489734.0536451,True,2768.855,0.001,50.199,2718.63,0.002
1790489734.0816305,True,2768.083,0.001,51.192,2716.866,0.002
1790489734.1108954,True,2773.051,0.001,50.919,2722.098,0.002
1790489734.1364815,True,2769.558,0.001,50.747,2718.776,0.002
1790489734.174839,True,2773.706,0.001,51.609,2722.05,0.002
1790489734.199294,True,2772.519,0.001,51.288,2721.19,0.002
1790489734.2348394,True,2772.772,0.001,50.417,2722.33,0.002
1790489734.2577407,True,2770.611,0.001,51.236,2719.349,0.002
1790489734.2823362,True,2767.908,0.001,50.681,2717.199,0.002
1790489734.3115401,True,2769.543,0.001,50.538,2718.973,0.003
1790489734.3403416,True,2772.556,0.001,50.733,2721.797,0.002
1790489734.3646877,True,2769.567,0.001,50.907,2718.633,0.003
1790489734.391509,True,2769.521,0.001,51.137,2718.348,0.003
1790489734.4165514,True,2768.906,0.001,51.616,2717.266,0.002
1790489734.4442487,True,2768.591,0.001,51.224,2717.337,0.002
1790489734.47409,True,2772.357,0.001,51.32,2721.01,0.002
1790489734.5009549,True,2771.19,0.001,52.409,2718.756,0.002
1790489734.5266528,True,2769.58,0.001,50.7,2718.855,0.003
1790489734.5549004,True,2769.692,0.001,50.752,2718.914,0.002
1790489734.5855536,True,2774.546,0.001,52.732,2721.785,0.002
1790489734.6097944,True,2770.989,0.001,52.782,2718.181,0.002
1790489734.637846,True,2768.299,0.001,50.577,2717.696,0.002
1790489734.6650817,True,2770.379,0.001,51.116,2719.235,0.002
1790489734.691674,True,2769.554,0.001,51.276,2718.253,0.002
1790489734.7183294,True,2769.956,0.001,51.247,2718.684,0.002
1790489734.7438388,True,2767.761,0.001,50.614,2717.118,0.002
1790489734.7699027,True,2767.478,0.001,50.254,2717.2,0.002
1790489734.801934,True,2772.325,0.001,51.139,2721.151,0.002
1790489734.8284798,True,2773.265,0.001,50.982,2722.252,0.002
1790489734.8589873,True,2770.314,0.001,50.721,2719.569,0.002
1790489734.887569,True,2773.397,0.001,52.538,2720.835,0.002
1790489734.9127676,True,2770.139,0.001,52.471,2717.642,0.002
1790489734.9404976,True,2770.652,0.001,51.152,2719.456,0.003
1790489734.9676263,True,2769.387,0.001,51.217,2718.142,0.003
1790489735.0050342,True,2770.433,0.001,52.237,2718.172,0.002
1790489735.0253367,True,2772.569,0.001,52.515,2720.017,0.002
1790489735.0628924,True,2773.147,0.001,52.393,2720.723,0.002
1790489735.0893147,True,2772.401,0.001,52.209,2720.16,0.002
1790489735.116967,True,2768.735,0.001,50.731,2717.978,0.002
1790489735.1530566,True,2778.192,0.001,51.226,2726.929,0.002
1790489735.1755154,True,2773.774,0.001,52.596,2721.149,0.002
1790489735.207753,True,2768.218,0.001,50.637,2717.557,0.002
1790489735.2301753,True,2770.093,0.001,52.693,2717.376,0.002
1790489735.261703,True,2771.698,0.001,51.01,2720.644,0.002
1790489735.2845476,True,2769.104,0.001,51.452,2717.626,0.002
1790489735.3175771,True,2768.661,0.001,50.43,2718.203,0.003
1790489735.3401146,True,2770.095,0.001,51.414,2718.655,0.002
1790489735.3756137,True,2773.238,0.001,50.9,2722.31,0.002
1790489735.3929734,True,2768.769,0.001,50.443,2718.297,0.003
1790489735.426552,True,2769.278,0.001,50.693,2718.559,0.002
1790489735.4471288,True,2769.615,0.001,50.876,2718.711,0.002
1790489735.4775593,True,2769.874,0.001,50.8,2719.044,0.002
1790489735.5039725,True,2771.943,0.001,50.623,2721.294,0.002
1790489735.5312757,True,2769.036,0.001,51.489,2717.521,0.002
1790489735.5640204,True,2775.994,0.001,50.998,2724.957,0.002
1790489735.5852475,True,2768.39,0.001,50.306,2718.054,0.003
1790489735.6233444,True,2774.453,0.001,50.531,2723.894,0.003
1790489735.6416352,True,2772.244,0.001,53.174,2719.045,0.002
1790489735.6701112,True,2769.334,0.001,51.525,2717.783,0.002
1790489735.6940024,True,2767.871,0.001,50.468,2717.379,0.002
1790489735.7283564,True,2773.463,0.001,51.155,2722.276,0.002
1790489735.7470617,True,2770.599,0.001,50.846,2719.717,0.002
1790489735.7859664,True,2767.63,0.001,51.144,2716.463,0.002
1790489735.8076682,True,2773.005,0.001,51.853,2721.116,0.002
1790489735.8437982,True,2771.618,0.001,51.101,2720.484,0.002
1790489735.8626833,True,2769.777,0.001,51.108,2718.641,0.003
1790489735.8852913,True,2768.861,0.001,51.099,2717.739,0.002
1790489735.9202168,True,2773.501,0.001,51.368,2722.094,0.002
1790489735.9437594,True,2773.437,0.001,51.64,2721.765,0.002
1790489735.9768593,True,2770.672,0.001,51.031,2719.609,0.002
1790489736.0013576,True,2771.499,0.001,51.618,2719.848,0.002
1790489736.0392797,True,2770.157,0.001,51.181,2718.94,0.002
1790489736.0989287,True,2771.443,0.001,52.048,2719.354,0.002
1790489736.1007092,True,2771.902,0.001,53.127,2718.751,0.001
1790489736.1100686,True,2771.786,0.001,52.465,2719.294,0.002
1790489736.135221,True,2768.986,0.001,51.598,2717.363,0.002
1790489736.163136,True,2769.663,0.001,51.867,2717.767,0.003
1790489736.1904774,True,2769.971,0.001,51.628,2718.315,0.002
1790489736.2218854,True,2774.188,0.001,51.185,2722.975,0.002
1790489736.2457051,True,2770.71,0.001,52.214,2718.47,0.002
1790489736.2746387,True,2769.576,0.001,51.684,2717.868,0.002
1790489736.305398,True,2775.191,0.001,51.688,2723.473,0.002
1790489736.3292165,True,2769.32,0.001,50.899,2718.397,0.002
1790489736.3594372,True,2769.728,0.001,51.135,2718.562,0.002
1790489736.3863766,True,2772.918,0.001,50.794,2722.09,0.002
1790489736.4126008,True,2769.105,0.001,50.619,2718.456,0.002
1790489736.4393725,True,2767.511,0.001,50.58,2716.908,0.002
1790489736.4661841,True,2768.424,0.001,50.731,2717.665,0.002
1790489736.49365,True,2771.616,0.001,51.445,2720.137,0.002
1790489736.5203774,True,2769.529,0.001,51.345,2718.152,0.002
1790489736.5525753,True,2771.87,0.001,52.618,2719.23,0.002
1790489736.5965233,True,2772.637,0.001,50.893,2721.698,0.002
1790489736.6050994,True,2769.24,0.001,51.041,2718.166,0.002
1790489736.6533852,True,2771.11,0.001,51.661,2719.415,0.002
1790489736.7349827,True,2771.28,0.001,51.553,2719.693,0.002
1790489736.7366638,True,2771.748,0.001,52.132,2719.595,0.001
1790489736.7969398,True,2771.532,0.001,50.987,2720.515,0.002
1790489736.798833,True,2771.431,0.001,50.848,2720.562,0.001
1790489736.8037403,True,2774.275,0.001,52.62,2721.635,0.002
1790489736.8053641,True,2774.189,0.001,53.217,2720.95,0.001
1790489736.8272893,True,2770.584,0.001,51.859,2718.694,0.002
1790489736.856417,True,2769.667,0.001,50.407,2719.238,0.002
1790489736.8860123,True,2772.078,0.001,53.746,2718.302,0.002
1790489736.908694,True,2769.213,0.001,51.188,2717.989,0.002
1790489736.9513252,True,2773.363,0.001,51.879,2721.448,0.002
1790489736.973396,True,2771.039,0.001,51.231,2719.772,0.002
1790489737.009046,True,2771.059,0.001,51.428,2719.599,0.002
1790489737.031471,True,2770.476,0.001,51.012,2719.438,0.002
1790489737.0577176,True,2772.16,0.001,51.543,2720.587,0.002
1790489737.0860023,True,2769.938,0.001,51.39,2718.518,0.002
1790489737.1130106,True,2769.597,0.001,50.854,2718.716,0.002
1790489737.1384187,True,2768.904,0.001,50.482,2718.4,0.002
1790489737.1660056,True,2769.893,0.001,50.853,2719.014,0.002
1790489737.193172,True,2773.364,0.001,51.535,2721.798,0.002
1790489737.2196221,True,2770.818,0.001,52.575,2718.219,0.002
1790489737.2470245,True,2769.788,0.001,51.335,2718.425,0.002
1790489737.2775326,True,2772.929,0.001,51.296,2721.602,0.003
1790489737.3065915,True,2775.14,0.001,51.314,2723.798,0.002
1790489737.327663,True,2769.151,0.001,51.884,2717.24,0.003
1790489737.3581028,True,2769.236,0.001,51.159,2718.047,0.003
1790489737.3857417,True,2772.5,0.001,52.405,2720.071,0.002
1790489737.412326,True,2769.171,0.001,50.853,2718.289,0.002
1790489737.4369497,True,2768.342,0.001,50.359,2717.958,0.002
1790489737.4655135,True,2769.004,0.001,50.506,2718.471,0.002
1790489737.4929585,True,2770.966,0.001,50.582,2720.356,0.002
1790489737.5184815,True,2771.61,0.001,51.068,2720.503,0.002
1790489737.5469382,True,2772.227,0.001,51.433,2720.764,0.002
1790489737.5783334,True,2773.483,0.001,51.391,2722.061,0.003
1790489737.6050136,True,2773.566,0.001,50.831,2722.703,0.002
1790489737.6315172,True,2769.757,0.001,51.634,2718.101,0.002
1790489737.65961,True,2768.92,0.001,50.808,2718.086,0.002
1790489737.6866152,True,2770.4,0.001,52.116,2718.258,0.003
1790489737.7136714,True,2769.634,0.001,51.605,2717.993,0.002
1790489737.742511,True,2771.529,0.001,51.18,2720.319,0.002
1790489737.7792602,True,2770.698,0.001,50.629,2720.029,0.003
1790489737.7999678,True,2771.475,0.001,52.106,2719.338,0.002
1790489737.8370569,True,2771.287,0.001,51.834,2719.432,0.002
1790489737.860076,True,2767.74,0.001,50.717,2716.992,0.002
1790489737.8923678,True,2771.795,0.001,51.268,2720.493,0.002
1790489737.92569,True,2769.716,0.001,52.374,2717.319,0.002
1790489737.9508111,True,2772.165,0.001,52.105,2720.035,0.002
1790489737.9800572,True,2769.007,0.001,51.275,2717.709,0.002
1790489738.0050998,True,2771.16,0.001,51.225,2719.909,0.002
1790489738.0377574,True,2772.774,0.001,53.055,2719.697,0.002
1790489738.05955,True,2770.955,0.001,52.541,2718.386,0.003
1790489738.0954835,True,2774.433,0.001,51.76,2722.643,0.002
1790489738.1113791,True,2768.138,0.001,50.437,2717.674,0.002
1790489738.1472895,True,2768.531,0.001,50.679,2717.822,0.002
1790489738.1658645,True,2769.347,0.001,51.229,2718.094,0.002
1790489738.200494,True,2769.349,0.001,51.353,2717.963,0.002
1790489738.2238214,True,2773.331,0.001,51.217,2722.085,0.002
1790489738.2496586,True,2768.924,0.001,51.131,2717.769,0.002
1790489738.2833178,True,2776.151,0.001,50.937,2725.182,0.002
1790489738.304563,True,2770.226,0.001,51.436,2718.763,0.002
1790489738.341661,True,2774.572,0.001,52.205,2722.33,0.002
1790489738.3640366,True,2774.096,0.001,52.861,2721.212,0.002
1790489738.3962567,True,2769.377,0.001,51.43,2717.909,0.003
1790489738.4139419,True,2768.688,0.001,50.647,2718.011,0.002
1790489738.4422815,True,2769.016,0.001,51.085,2717.897,0.002
1790489738.4679306,True,2769.044,0.001,51.016,2718.001,0.002
1790489738.501244,True,2769.898,0.001,51.42,2718.449,0.002
1790489738.5265355,True,2774.938,0.001,51.875,2723.034,0.002
1790489738.5601308,True,2771.226,0.001,51.092,2720.097,0.002
1790489738.5856283,True,2774.731,0.001,52.448,2722.259,0.002
1790489738.6181033,True,2771.296,0.001,52.282,2718.985,0.002
1790489738.6358712,True,2770.161,0.001,50.899,2719.227,0.002
1790489738.6594958,True,2770.909,0.001,52.035,2718.838,0.002
1790489738.6941478,True,2770.986,0.001,51.553,2719.406,0.002
1790489738.7177691,True,2771.166,0.001,50.715,2720.421,0.002
1790489738.751072,True,2771.361,0.001,52.597,2718.737,0.002
1790489738.7746148,True,2770.153,0.001,50.891,2719.23,0.002
1790489738.8115125,True,2768.839,0.001,51.136,2717.669,0.002
1790489738.873534,True,2771.371,0.001,50.734,2720.599,0.002
1790489738.8760886,True,2772.441,0.001,51.35,2721.065,0.002
1790489738.8818495,True,2768.525,0.001,50.348,2718.154,0.002
1790489738.9081166,True,2770.187,0.001,52.672,2717.49,0.002
1790489738.9382446,True,2771.843,0.001,51.436,2720.379,0.002
1790489738.964993,True,2770.453,0.001,51.652,2718.779,0.002
1790489738.9925191,True,2767.741,0.001,50.285,2717.433,0.002
1790489739.0230389,True,2773.91,0.001,51.678,2722.194,0.002
1790489739.0473561,True,2769.337,0.001,51.848,2717.465,0.002
1790489739.0783856,True,2769.807,0.001,51.544,2718.236,0.002
1790489739.1059809,True,2773.397,0.001,51.382,2721.989,0.002
1790489739.132482,True,2769.341,0.001,51.421,2717.891,0.002
1790489739.1591551,True,2769.396,0.001,51.425,2717.943,0.002
1790489739.1856382,True,2768.465,0.001,51.004,2717.434,0.002
1790489739.2121785,True,2768.384,0.001,50.665,2717.694,0.002
1790489739.2385106,True,2767.805,0.001,50.459,2717.321,0.002
1790489739.2715046,True,2774.098,0.001,51.145,2722.921,0.002
1790489739.2946315,True,2770.517,0.001,51.245,2719.235,0.003
1790489739.3256783,True,2769.848,0.001,51.394,2718.422,0.002
1790489739.3712034,True,2771.132,0.001,51.137,2719.961,0.002
1790489739.3800616,True,2769.934,0.001,51.395,2718.504,0.002
1790489739.4275055,True,2770.61,0.001,51.006,2719.559,0.003
1790489739.510096,True,2771.935,0.001,51.114,2720.787,0.002
1790489739.5118306,True,2772.656,0.001,52.08,2720.555,0.002
1790489739.5710692,True,2770.026,0.001,51.573,2718.418,0.002
1790489739.5755217,True,2769.706,0.001,51.298,2718.387,0.002
1790489739.5788648,True,2771.139,0.001,51.82,2719.293,0.002
1790489739.5815423,True,2771.662,0.001,52.112,2719.526,0.002
1790489739.6021342,True,2771.565,0.001,51.458,2720.07,0.002
1790489739.6293888,True,2767.656,0.001,50.432,2717.204,0.002
1790489739.6603446,True,2771.315,0.001,52.4,2718.885,0.002
1790489739.6801984,True,2768.135,0.001,50.806,2717.295,0.002
1790489739.7251267,True,2771.017,0.001,50.823,2720.162,0.002
1790489739.7469716,True,2770.412,0.001,51.666,2718.713,0.002
1790489739.7839665,True,2771.705,0.001,51.262,2720.411,0.002
1790489739.8055925,True,2770.921,0.001,52.091,2718.808,0.002
1790489739.832289,True,2771.386,0.001,52.795,2718.566,0.002
1790489739.8592515,True,2769.599,0.001,50.891,2718.678,0.002
1790489739.8854487,True,2769.053,0.001,51.414,2717.609,0.002
1790489739.9136965,True,2769.783,0.001,50.251,2719.505,0.003
1790489739.9386728,True,2768.404,0.001,51.222,2717.158,0.002
1790489739.9655225,True,2768.9,0.001,51.04,2717.835,0.002
1790489739.9963415,True,2771.64,0.001,53.193,2718.422,0.002
1790489740.0268214,True,2775.734,0.001,53.583,2722.12,0.002
1790489740.0501866,True,2768.989,0.001,51.047,2717.911,0.002
1790489740.080173,True,2769.607,0.001,50.634,2718.944,0.002
1790489740.1019626,True,2771.289,0.001,50.808,2720.443,0.002
1790489740.131389,True,2768.153,0.001,51.103,2717.022,0.002
1790489740.1604738,True,2771.623,0.001,50.745,2720.756,0.002
1790489740.1860974,True,2769.108,0.001,50.601,2718.478,0.002
1790489740.211424,True,2769.334,0.001,51.77,2717.54,0.002
1790489740.2394202,True,2768.895,0.001,51.126,2717.743,0.002
1790489740.2668786,True,2770.093,0.001,51.06,2719.005,0.002
1790489740.2942169,True,2770.959,0.001,50.815,2720.103,0.002
1790489740.3220472,True,2771.701,0.001,50.817,2720.845,0.002
1790489740.3515556,True,2770.018,0.001,50.893,2719.103,0.002
1790489740.380821,True,2772.81,0.001,52.104,2720.683,0.002
1790489740.4055636,True,2770.588,0.001,52.241,2718.32,0.002
1790489740.4315825,True,2768.599,0.001,51.375,2717.2,0.002
1790489740.4614685,True,2771.257,0.001,52.804,2718.428,0.002
1790489740.4902902,True,2773.266,0.001,51.726,2721.507,0.002
1790489740.5176005,True,2771.857,0.001,52.042,2719.785,0.002
1790489740.5544813,True,2772.047,0.001,51.856,2720.157,0.002
1790489740.5729322,True,2769.672,0.001,52.034,2717.61,0.002
1790489740.6121445,True,2771.72,0.001,52.522,2719.173,0.002
1790489740.6349316,True,2771.58,0.001,52.146,2719.398,0.002
1790489740.6673346,True,2771.592,0.001,50.865,2720.693,0.002
1790489740.6980488,True,2769.253,0.001,51.979,2717.25,0.002
1790489740.7257078,True,2771.932,0.001,51.875,2720.034,0.002
1790489740.7560194,True,2772.815,0.001,51.066,2721.716,0.002
1790489740.7799766,True,2771.862,0.001,51.78,2720.054,0.002
1790489740.8128679,True,2772.028,0.001,50.767,2721.23,0.002
1790489740.8318844,True,2768.009,0.001,50.836,2717.147,0.002
1790489740.868557,True,2769.951,0.001,50.596,2719.326,0.002
1790489740.884721,True,2770.271,0.001,51.928,2718.318,0.002
1790489740.9224324,True,2770.616,0.001,50.852,2719.736,0.002
1790489740.9413042,True,2772.135,0.001,50.701,2721.399,0.002
1790489740.9740713,True,2769.251,0.001,51.126,2718.1,0.002
1790489740.9995775,True,2772.634,0.001,51.524,2721.073,0.002
1790489741.0235586,True,2770.806,0.001,52.444,2718.334,0.002
1790489741.0582597,True,2771.798,0.001,51.125,2720.64,0.002
1790489741.0808146,True,2772.837,0.001,52.303,2720.332,0.002
1790489741.1172469,True,2772.607,0.001,52.182,2720.401,0.002
1790489741.1400528,True,2772.687,0.001,51.5,2721.157,0.002
1790489741.1717825,True,2771.612,0.001,51.64,2719.936,0.002
1790489741.1864839,True,2769.375,0.001,51.532,2717.818,0.002
1790489741.219178,True,2773.173,0.001,51.368,2721.765,0.002
1790489741.245623,True,2774.127,0.001,50.667,2723.427,0.002
1790489741.2765322,True,2772.099,0.001,50.96,2721.104,0.002
1790489741.3041196,True,2774.554,0.001,51.668,2722.855,0.002
1790489741.3354466,True,2772.079,0.001,51.159,2720.886,0.002
1790489741.3562696,True,2767.4,0.001,50.438,2716.94,0.002
1790489741.3939486,True,2772.707,0.001,52.051,2720.619,0.002
1790489741.4100266,True,2771.118,0.001,51.406,2719.679,0.002
1790489741.4339485,True,2771.356,0.001,51.33,2719.991,0.002
1790489741.4698489,True,2772.67,0.001,51.724,2720.918,0.002
1790489741.4925947,True,2771.829,0.001,51.19,2720.611,0.002
1790489741.5253637,True,2771.174,0.001,51.91,2719.227,0.002
1790489741.5511048,True,2772.9,0.001,51.4,2721.465,0.002
1790489741.5833344,True,2768.519,0.001,51.075,2717.414,0.002
1790489741.6465933,True,2768.849,0.001,50.792,2718.021,0.002
1790489741.649386,True,2767.228,0.001,50.81,2716.397,0.001
1790489741.653453,True,2768.733,0.001,50.225,2718.487,0.001
1790489741.6829975,True,2771.951,0.001,51.221,2720.701,0.002
1790489741.7098656,True,2768.365,0.001,51.76,2716.585,0.002
1790489741.740082,True,2772.253,0.001,51.454,2720.771,0.002
1790489741.7672899,True,2771.481,0.001,52.137,2719.32,0.003
1790489741.7998002,True,2773.819,0.001,52.866,2720.931,0.002
1790489741.8250263,True,2774.32,0.001,51.025,2723.261,0.003
1790489741.8511324,True,2768.797,0.001,51.05,2717.72,0.002
1790489741.8769696,True,2767.763,0.001,50.604,2717.134,0.002
1790489741.9041429,True,2768.34,0.001,50.732,2717.584,0.002
1790489741.9304612,True,2767.855,0.001,50.349,2717.48,0.003
1790489741.9583027,True,2769.476,0.001,50.327,2719.124,0.002
1790489741.9899933,True,2774.482,0.001,50.703,2723.74,0.006
1790489742.0130363,True,2770.751,0.001,52.6,2718.129,0.002
1790489742.047714,True,2773.132,0.001,51.845,2721.261,0.002
1790489742.0706024,True,2772.565,0.001,52.026,2720.505,0.002
1790489742.0991447,True,2768.665,0.001,50.453,2718.184,0.002
1790489742.1461496,True,2771.487,0.001,53.056,2718.405,0.002
1790489742.1518974,True,2768.688,0.001,50.983,2717.672,0.001
1790489742.2037685,True,2772.5,0.001,51.14,2721.321,0.002
1790489742.2853777,True,2772.172,0.001,51.48,2720.657,0.002
1790489742.2866046,True,2772.341,0.001,51.961,2720.358,0.001
1790489742.3463411,True,2772.043,0.001,50.891,2721.118,0.002
1790489742.354971,True,2772.031,0.001,51.235,2720.762,0.002
1790489742.3571677,True,2772.545,0.001,52.761,2719.76,0.002
1790489742.3597834,True,2776.139,0.001,52.093,2724.023,0.002
1790489742.3766744,True,2771.364,0.001,50.908,2720.421,0.002
1790489742.4011192,True,2768.601,0.001,50.353,2718.221,0.002
1790489742.4339468,True,2770.392,0.001,51.359,2718.999,0.002
1790489742.454261,True,2769.826,0.001,51.51,2718.284,0.002
1790489742.5001848,True,2771.717,0.001,51.436,2720.244,0.002
1790489742.5214524,True,2771.359,0.001,51.411,2719.915,0.002
1790489742.5582707,True,2771.253,0.001,51.535,2719.687,0.002
1790489742.5780888,True,2769.402,0.001,51.055,2718.326,0.002
1790489742.611169,True,2775.178,0.001,50.557,2724.595,0.002
1790489742.63244,True,2769.877,0.001,51.678,2718.173,0.002
1790489742.6659317,True,2770.263,0.001,51.557,2718.671,0.002
1790489742.686517,True,2769.416,0.001,51.27,2718.117,0.002
1790489742.7120872,True,2770.298,0.001,50.897,2719.368,0.002
1790489742.745804,True,2775.759,0.001,50.982,2724.744,0.002
1790489742.770167,True,2770.827,0.001,51.643,2719.16,0.002
1790489742.8056517,True,2771.642,0.001,52.029,2719.565,0.002
1790489742.823488,True,2769.522,0.001,51.161,2718.334,0.002
1790489742.8525407,True,2769.388,0.001,50.793,2718.57,0.002
1790489742.8781579,True,2771.623,0.001,51.63,2719.964,0.002
1790489742.904423,True,2768.816,0.001,51.079,2717.713,0.002
1790489742.9323533,True,2768.91,0.001,50.731,2718.152,0.002
1790489742.9582758,True,2768.869,0.001,50.32,2718.524,0.002
1790489742.9862735,True,2770.192,0.001,51.3,2718.865,0.002
1790489743.0132728,True,2770.215,0.001,51.798,2718.392,0.002
1790489743.040118,True,2769.082,0.001,51.694,2717.36,0.002
1790489743.0683393,True,2770.608,0.001,51.401,2719.176,0.002
1790489743.099784,True,2773.549,0.001,51.896,2721.62,0.002
1790489743.127542,True,2772.946,0.001,51.738,2721.182,0.002
1790489743.151734,True,2767.784,0.001,50.646,2717.112,0.002
1790489743.181714,True,2772.049,0.001,52.374,2719.651,0.002
1790489743.2073224,True,2770.953,0.001,51.261,2719.66,0.003
1790489743.235729,True,2769.517,0.001,52.005,2717.488,0.002
1790489743.2632601,True,2769.711,0.001,51.122,2718.55,0.002
1790489743.2946777,True,2773.676,0.001,52.444,2721.207,0.002
1790489743.3282716,True,2770.404,0.001,50.475,2719.895,0.002
1790489743.345906,True,2769.818,0.001,51.045,2718.735,0.003
1790489743.3863,True,2771.127,0.001,52.549,2718.555,0.002
1790489743.4090621,True,2771.041,0.001,52.54,2718.466,0.003
1790489743.4445155,True,2773.929,0.001,51.369,2722.528,0.002
1790489743.4737408,True,2772.474,0.001,51.254,2721.186,0.002
1790489743.4993126,True,2770.073,0.001,51.654,2718.392,0.002
1790489743.5312195,True,2772.142,0.001,51.274,2720.842,0.002
1790489743.5534422,True,2769.885,0.001,51.071,2718.786,0.002
1790489743.5902355,True,2774.273,0.001,53.093,2721.156,0.002
1790489743.606954,True,2770.015,0.001,50.745,2719.245,0.002
1790489743.6421225,True,2769.954,0.001,50.996,2718.926,0.002
1790489743.6596873,True,2769.811,0.001,52.015,2717.771,0.002
1790489743.6947033,True,2768.889,0.001,50.564,2718.298,0.002
1790489743.716165,True,2771.104,0.001,50.879,2720.191,0.002
1790489743.750063,True,2770.87,0.001,51.206,2719.627,0.003
1790489743.7755463,True,2772.768,0.001,50.864,2721.871,0.002
1790489743.796884,True,2770.251,0.001,50.652,2719.566,0.003
1790489743.8359911,True,2774.336,0.001,50.979,2723.318,0.002
1790489743.8565,True,2772.141,0.001,50.653,2721.456,0.002
1790489743.8915358,True,2770.958,0.001,51.881,2719.048,0.003
1790489743.9124231,True,2769.491,0.001,50.574,2718.883,0.002
1790489743.947077,True,2771.518,0.001,51.649,2719.835,0.002
1790489743.9613717,True,2771.464,0.001,51.514,2719.912,0.002
1790489743.9933343,True,2770.979,0.001,51.684,2719.263,0.002
1790489744.0195236,True,2770.633,0.001,51.499,2719.098,0.002
1790489744.051511,True,2771.817,0.001,51.688,2720.095,0.002
1790489744.0764725,True,2769.052,0.001,50.955,2718.071,0.002
1790489744.1090696,True,2770.664,0.001,51.082,2719.549,0.002
1790489744.1304505,True,2769.599,0.001,51.116,2718.456,0.002
1790489744.1668308,True,2769.612,0.001,51.326,2718.252,0.002
1790489744.186554,True,2771.975,0.001,51.158,2720.786,0.002
1790489744.2052078,True,2768.559,0.001,50.93,2717.598,0.002
1790489744.244714,True,2771.541,0.001,52.862,2718.656,0.002
1790489744.2688377,True,2772.94,0.001,51.693,2721.207,0.002
1790489744.2981617,True,2769.433,0.001,51.177,2718.223,0.002
1790489744.3281949,True,2773.732,0.001,52.01,2721.675,0.002
1790489744.3563998,True,2770.065,0.001,51.823,2718.21,0.002
1790489744.4216363,True,2770.67,0.001,51.178,2719.46,0.002
1790489744.4239547,True,2771.473,0.001,52.053,2719.395,0.002
1790489744.4260693,True,2769.729,0.001,50.23,2719.474,0.002
1790489744.457526,True,2771.449,0.001,51.874,2719.543,0.002
1790489744.4858682,True,2773.011,0.001,51.656,2721.326,0.002
1790489744.5172005,True,2774.058,0.001,50.796,2723.232,0.002
1790489744.5429642,True,2772.53,0.001,51.79,2720.713,0.002
1790489744.5720768,True,2769.038,0.001,50.951,2718.06,0.002
1790489744.597306,True,2769.189,0.001,50.882,2718.278,0.002
1790489744.6248677,True,2769.168,0.001,51.19,2717.953,0.002
1790489744.6501982,True,2768.647,0.001,50.868,2717.751,0.002
1790489744.6786783,True,2769.675,0.001,51.533,2718.112,0.003
1790489744.7095664,True,2774.571,0.001,52.195,2722.347,0.002
1790489744.7314308,True,2768.385,0.001,50.933,2717.428,0.002
1790489744.767684,True,2774.143,0.001,51.945,2722.168,0.002
1790489744.7874858,True,2771.468,0.001,51.882,2719.548,0.005
1790489744.8221753,True,2771.15,0.001,51.191,2719.932,0.002
1790489744.842839,True,2768.791,0.001,51.121,2717.644,0.002
1790489744.8728223,True,2768.946,0.001,50.549,2718.366,0.003
1790489744.920355,True,2770.851,0.001,51.553,2719.264,0.002
1790489744.9239888,True,2768.329,0.001,50.894,2717.413,0.002
1790489744.980563,True,2772.112,0.001,51.35,2720.73,0.002
1790489745.0644972,True,2773.696,0.001,51.662,2721.999,0.002
1790489745.0658348,True,2775.131,0.001,52.642,2722.466,0.002
1790489745.119084,True,2769.247,0.001,51.984,2717.237,0.002
1790489745.1322978,True,2772.212,0.001,51.811,2720.368,0.002
1790489745.1350665,True,2772.43,0.001,53.068,2719.34,0.002
1790489745.1362402,True,2775.285,0.001,52.852,2722.413,0.001
1790489745.14967,True,2770.05,0.001,50.877,2719.142,0.002
1790489745.1743839,True,2770.044,0.001,50.653,2719.368,0.002
1790489745.208654,True,2771.844,0.001,51.637,2720.172,0.002
1790489745.2295952,True,2771.157,0.001,51.402,2719.719,0.002
1790489745.273066,True,2770.091,0.001,51.234,2718.825,0.002
1790489745.2949176,True,2770.027,0.001,51.024,2718.973,0.002
1790489745.3313086,True,2769.435,0.001,51.141,2718.267,0.002
1790489745.3518064,True,2770.552,0.001,51.857,2718.674,0.002
1790489745.383518,True,2768.126,0.001,51.306,2716.796,0.002
1790489745.405304,True,2769.659,0.001,51.546,2718.089,0.002
1790489745.4395099,True,2769.737,0.001,50.692,2719.013,0.002
1790489745.4643874,True,2774.161,0.001,51.754,2722.369,0.002
1790489745.4874666,True,2772.041,0.001,51.316,2720.69,0.002
1790489745.524033,True,2775.162,0.001,52.056,2723.07,0.002
1790489745.5466917,True,2773.247,0.001,50.641,2722.583,0.003
1790489745.5789597,True,2770.045,0.001,51.762,2718.241,0.002
1790489745.5963678,True,2769.89,0.001,52.254,2717.611,0.002
1790489745.6252534,True,2769.631,0.001,51.137,2718.463,0.002
1790489745.6503563,True,2768.824,0.001,51.513,2717.284,0.002
1790489745.680663,True,2770.583,0.001,51.199,2719.353,0.003
1790489745.7048943,True,2769.277,0.001,51.384,2717.868,0.002
1790489745.732151,True,2768.813,0.001,50.764,2718.024,0.002
1790489745.760171,True,2770.064,0.001,51.065,2718.973,0.002
1790489745.7879593,True,2771.038,0.001,52.253,2718.759,0.003
1790489745.817961,True,2773.681,0.001,51.06,2722.584,0.002
1790489745.8435445,True,2772.076,0.001,51.377,2720.654,0.002
1790489745.872537,True,2768.937,0.001,50.627,2718.281,0.002
1790489745.90073,True,2770.244,0.001,51.773,2718.45,0.002
1790489745.9261408,True,2769.224,0.001,51.254,2717.941,0.002
1790489745.954387,True,2769.491,0.001,51.649,2717.815,0.002
1790489745.9811654,True,2768.5,0.001,51.221,2717.253,0.002
1790489746.0106788,True,2771.595,0.001,51.398,2720.161,0.003
1790489746.038069,True,2770.874,0.001,51.27,2719.563,0.003
1790489746.06822,True,2770.528,0.001,50.573,2719.931,0.002
1790489746.1014311,True,2770.156,0.001,50.866,2719.257,0.002
1790489746.1190364,True,2768.733,0.001,50.948,2717.756,0.002
1790489746.1604507,True,2771.118,0.001,52.287,2718.803,0.002
1790489746.1813786,True,2768.749,0.001,51.507,2717.213,0.001
1790489746.216765,True,2769.589,0.001,52.17,2717.399,0.002
1790489746.2472744,True,2770.336,0.001,51.958,2718.35,0.002
1790489746.2739646,True,2771.246,0.001,51.849,2719.373,0.002
1790489746.305253,True,2771.151,0.001,51.176,2719.939,0.002
1790489746.3256836,True,2768.213,0.001,50.938,2717.248,0.002
1790489746.3620384,True,2768.615,0.001,50.492,2718.096,0.002
1790489746.3791585,True,2768.135,0.001,50.571,2717.539,0.002
1790489746.415887,True,2769.368,0.001,50.911,2718.431,0.002
1790489746.4333003,True,2769.191,0.001,52.369,2716.798,0.002
1790489746.4682112,True,2768.253,0.001,50.858,2717.373,0.002
1790489746.490255,True,2771.249,0.001,51.741,2719.474,0.002
1790489746.5225337,True,2769.331,0.001,51.127,2718.172,0.002
1790489746.5518272,True,2773.044,0.001,51.415,2721.596,0.002
1790489746.5723307,True,2772.045,0.001,51.168,2720.836,0.002
1790489746.6094067,True,2770.198,0.001,52.601,2717.573,0.002
1790489746.6308458,True,2771.239,0.001,53.471,2717.744,0.002
1790489746.66519,True,2770.672,0.001,52.659,2717.994,0.002
1790489746.6836967,True,2768.204,0.001,50.723,2717.448,0.002
1790489746.7176213,True,2767.653,0.001,51.095,2716.526,0.002
1790489746.7319605,True,2767.888,0.001,50.972,2716.885,0.002
1790489746.7643733,True,2768.131,0.001,50.729,2717.37,0.001
1790489746.7921004,True,2769.853,0.001,51.598,2718.229,0.001
1790489746.8221028,True,2767.632,0.001,50.691,2716.913,0.002
1790489746.8489935,True,2769.704,0.001,51.522,2718.163,0.002
1790489746.8815997,True,2769.865,0.001,50.994,2718.84,0.002
1790489746.9021904,True,2768.983,0.001,51.239,2717.719,0.002
1790489746.9394724,True,2769.577,0.001,52.626,2716.919,0.002
1790489746.9614654,True,2771.848,0.001,51.574,2720.243,0.002
1790489746.9769752,True,2769.127,0.001,51.414,2717.682,0.002
1790489747.018557,True,2770.892,0.001,51.153,2719.718,0.002
1790489747.0444763,True,2772.564,0.001,51.044,2721.486,0.002
1790489747.0730762,True,2771.502,0.001,51.117,2720.349,0.002
1790489747.1046352,True,2772.958,0.001,51.581,2721.343,0.002
1790489747.129241,True,2769.48,0.001,50.671,2718.774,0.002
1790489747.199196,True,2771.73,0.001,50.938,2720.758,0.002
1790489747.2013307,True,2772.649,0.001,53.18,2719.448,0.002
1790489747.203212,True,2775.499,0.001,52.451,2723.029,0.001
1790489747.234014,True,2773.392,0.001,50.828,2722.529,0.002
1790489747.2639112,True,2775.2,0.001,51.974,2723.2,0.002
1790489747.2932675,True,2772.872,0.001,52.542,2720.304,0.002
1790489747.3153899,True,2769.515,0.001,51.804,2717.69,0.002
1790489747.3444965,True,2769.157,0.001,50.334,2718.798,0.002
1790489747.3705432,True,2769.678,0.001,51.374,2718.276,0.002
1790489747.3971295,True,2768.757,0.001,50.981,2717.75,0.002
1790489747.4280427,True,2773.159,0.001,52.041,2721.085,0.003
1790489747.4521494,True,2769.959,0.001,51.208,2718.722,0.002
1790489747.4822905,True,2769.877,0.001,50.808,2719.036,0.002
1790489747.5072863,True,2771.329,0.001,52.039,2719.267,0.002
1790489747.5401795,True,2769.348,0.001,51.713,2717.611,0.002
1790489747.5643015,True,2773.644,0.001,52.638,2720.984,0.002
1790489747.5950723,True,2769.003,0.001,50.466,2718.511,0.002
1790489747.6161652,True,2769.923,0.001,51.551,2718.238,0.003
1790489747.645254,True,2769.178,0.001,50.598,2718.551,0.002
1790489747.7008476,True,2775.11,0.001,52.175,2722.899,0.003
1790489747.7022324,True,2774.14,0.001,52.978,2721.142,0.002
1790489747.7533598,True,2769.214,0.001,50.662,2718.52,0.002
1790489747.841176,True,2772.693,0.001,51.476,2721.189,0.003
1790489747.8434422,True,2773.793,0.001,52.362,2721.409,0.002
1790489747.8956938,True,2770.039,0.001,51.165,2718.846,0.002
1790489747.9124858,True,2774.901,0.001,51.677,2723.189,0.002
1790489747.9137166,True,2774.58,0.001,54.257,2720.304,0.001
1790489747.915411,True,2776.354,0.001,53.148,2723.187,0.001
1790489747.9223073,True,2769.68,0.001,51.598,2718.049,0.002
1790489747.948657,True,2769.98,0.001,51.711,2718.244,0.002
1790489747.9833772,True,2771.057,0.001,51.575,2719.451,0.002
1790489748.0021453,True,2768.898,0.001,51.061,2717.802,0.002
1790489748.0456464,True,2769.816,0.001,51.002,2718.782,0.002
1790489748.068352,True,2770.497,0.001,51.486,2718.983,0.002
1790489748.1042726,True,2769.667,0.001,51.074,2718.568,0.002
1790489748.1273193,True,2772.439,0.001,51.39,2721.025,0.002
1790489748.1573963,True,2769.302,0.001,51.615,2717.664,0.002
1790489748.18123,True,2771.944,0.001,51.042,2720.865,0.002
1790489748.2118955,True,2769.006,0.001,51.002,2717.97,0.002
1790489748.2396116,True,2772.023,0.001,51.516,2720.472,0.002
1790489748.2647655,True,2773.488,0.001,51.835,2721.61,0.003
1790489748.3346074,True,2807.44,0.001,52.238,2755.178,0.002
1790489748.3392177,True,2789.05,0.001,50.912,2738.107,0.002
1790489748.3507037,True,2768.56,0.001,51.046,2717.485,0.002
1790489748.3678882,True,2768.519,0.001,51.634,2716.861,0.002
1790489748.3979962,True,2769.606,0.001,52.642,2716.941,0.002
1790489748.425878,True,2771.932,0.001,51.604,2720.307,0.002
1790489748.4533029,True,2768.628,0.001,50.506,2718.093,0.002
1790489748.4790187,True,2770.088,0.001,52.058,2718.004,0.002
1790489748.5073085,True,2770.313,0.001,51.749,2718.54,0.002
1790489748.5361707,True,2772.322,0.001,51.545,2720.751,0.002
1790489748.5629728,True,2770.847,0.001,52.031,2718.792,0.002
1790489748.5924933,True,2770.871,0.001,52.196,2718.645,0.002
1790489748.6202428,True,2773.265,0.001,51.556,2721.68,0.002
1790489748.6434517,True,2767.046,0.001,50.348,2716.673,0.002
1790489748.6720982,True,2768.631,0.001,51.343,2717.264,0.002
1790489748.7009594,True,2771.609,0.001,52.278,2719.309,0.002
1790489748.7306004,True,2772.446,0.001,52.794,2719.631,0.002
1790489748.7593136,True,2772.772,0.001,51.98,2720.764,0.002
1790489748.7856479,True,2771.48,0.001,50.557,2720.893,0.002
1790489748.812479,True,2770.094,0.001,51.49,2718.569,0.002
1790489748.8413467,True,2769.653,0.001,50.481,2719.142,0.003
1790489748.8724508,True,2768.251,0.001,50.83,2717.392,0.002
1790489748.890603,True,2767.32,0.001,50.423,2716.871,0.002
1790489748.9318185,True,2768.463,0.001,51.377,2717.061,0.002
1790489748.9510856,True,2766.844,0.001,50.338,2716.479,0.002
1790489748.9902904,True,2770.999,0.001,50.595,2720.378,0.002
1790489749.020536,True,2770.098,0.001,51.229,2718.835,0.002
1790489749.0454547,True,2768.399,0.001,50.711,2717.66,0.002
1790489749.0792642,True,2770.903,0.001,50.566,2720.233,0.002
1790489749.0995076,True,2768.955,0.001,50.736,2718.193,0.003
1790489749.136409,True,2771.333,0.001,51.731,2719.579,0.002
1790489749.153236,True,2768.617,0.001,50.876,2717.711,0.002
1790489749.189462,True,2769.433,0.001,50.783,2718.621,0.003
1790489749.2077577,True,2769.822,0.002,50.683,2719.108,0.002
1790489749.2418013,True,2769.205,0.001,50.981,2718.2,0.002
1790489749.2625318,True,2769.893,0.001,50.501,2719.365,0.002
1790489749.2954538,True,2769.563,0.001,51.107,2718.43,0.002
1790489749.3258905,True,2770.953,0.001,51.567,2719.355,0.003
1790489749.3461561,True,2770.626,0.001,51.53,2719.065,0.002
1790489749.3825867,True,2770.354,0.001,51.112,2719.217,0.002
1790489749.404511,True,2770.578,0.001,50.607,2719.949,0.002
1790489749.4353955,True,2767.3,0.001,50.514,2716.763,0.002
1790489749.4557498,True,2768.451,0.001,51.1,2717.325,0.002
1790489749.4880946,True,2767.63,0.001,50.917,2716.686,0.002
1790489749.5033793,True,2768.221,0.001,50.879,2717.317,0.002
1790489749.537201,True,2770.117,0.001,51.224,2718.867,0.002
1790489749.5653276,True,2770.239,0.001,51.411,2718.801,0.002
1790489749.594441,True,2769.587,0.001,51.351,2718.211,0.002
1790489749.6206374,True,2768.73,0.001,51.16,2717.547,0.002
1790489749.6535733,True,2768.856,0.001,51.188,2717.639,0.002
1790489749.6791916,True,2773.733,0.001,51.913,2721.791,0.002
1790489749.7125812,True,2769.961,0.001,51.898,2718.032,0.003
1790489749.7374024,True,2772.776,0.001,51.416,2721.329,0.002
1790489749.7498379,True,2769.861,0.001,52.023,2717.805,0.002
1790489749.7913704,True,2769.687,0.001,52.181,2717.481,0.002
1790489749.8214257,True,2773.649,0.001,50.941,2722.534,0.002
1790489749.8488588,True,2772.194,0.001,52.917,2719.252,0.002
1790489749.8798938,True,2772.183,0.001,52.704,2719.445,0.002
1790489749.9033856,True,2770.578,0.001,51.089,2719.454,0.003
1790489749.9795408,True,2774.937,0.001,52.163,2722.739,0.002
1790489749.9820263,True,2777.256,0.001,53.836,2723.401,0.002
1790489749.9832766,True,2776.998,0.001,53.943,2723.034,0.002
1790489750.0090635,True,2771.99,0.001,51.494,2720.462,0.002
1790489750.0346894,True,2767.85,0.001,50.602,2717.223,0.002
1790489750.0657966,True,2769.314,0.001,50.485,2718.805,0.002
1790489750.0880244,True,2768.412,0.001,51.345,2717.047,0.002
1790489750.1194885,True,2770.122,0.001,50.783,2719.312,0.003
1790489750.1462252,True,2772.427,0.001,51.403,2720.997,0.002
1790489750.1690226,True,2767.558,0.001,51.024,2716.515,0.002
1790489750.2009525,True,2769.788,0.001,51.884,2717.881,0.002
1790489750.2275486,True,2771.853,0.001,52.049,2719.781,0.002
1790489750.2553954,True,2769.651,0.001,50.926,2718.689,0.002
1790489750.2810516,True,2770.537,0.001,51.359,2719.149,0.002
1790489750.3148153,True,2771.632,0.001,52.221,2719.387,0.002
1790489750.3358963,True,2768.391,0.001,50.764,2717.598,0.002
1790489750.3678553,True,2769.445,0.001,51.522,2717.894,0.002
1790489750.3904393,True,2769.947,0.001,51.854,2718.054,0.002
1790489750.423762,True,2775.527,0.001,54.595,2720.914,0.002
1790489750.483738,True,2777.103,0.001,52.041,2725.044,0.002
1790489750.484269,True,2777.093,0.001,50.814,2726.258,0.002
1790489750.528629,True,2770.526,0.001,52.352,2718.145,0.002
1790489750.6153522,True,2770.39,0.001,51.151,2719.209,0.002
1790489750.617061,True,2770.742,0.001,51.552,2719.168,0.002
1790489750.6700432,True,2769.223,0.001,50.524,2718.673,0.002
1790489750.6898773,True,2773.887,0.001,52.284,2721.57,0.002
1790489750.6916783,True,2773.239,0.001,53.061,2720.155,0.001
1790489750.6938999,True,2776.441,0.001,52.406,2724.014,0.001
1790489750.6966605,True,2771.441,0.001,50.693,2720.721,0.001
1790489750.7223835,True,2769.306,0.001,51.122,2718.158,0.002
1790489750.754624,True,2767.24,0.001,51.017,2716.201,0.002
1790489750.777594,True,2770.623,0.001,52.065,2718.529,0.002
1790489750.8200889,True,2771.365,0.001,51.542,2719.787,0.002
1790489750.8453243,True,2773.573,0.001,53.011,2720.517,0.002
1790489750.8789144,True,2771.603,0.001,50.808,2720.773,0.002
1790489750.899976,True,2769.321,0.001,51.316,2717.978,0.002
1790489750.9303718,True,2769.604,0.001,51.844,2717.735,0.002
1790489750.9539452,True,2769.164,0.001,51.348,2717.787,0.003
1790489750.985621,True,2770.058,0.001,51.282,2718.746,0.002
1790489751.0522463,True,2809.185,0.001,51.274,2757.873,0.003
1790489751.0558395,True,2786.558,0.001,67.161,2719.371,0.002
1790489751.1086373,True,2768.658,0.001,50.484,2718.145,0.003
1790489751.113307,True,2771.224,0.001,50.572,2720.629,0.002
1790489751.1246202,True,2770.591,0.001,51.554,2719.003,0.002
1790489751.1424391,True,2771.479,0.001,52.588,2718.86,0.002
1790489751.171978,True,2771.158,0.001,52.792,2718.345,0.002
1790489751.1999412,True,2770.959,0.001,50.61,2720.328,0.002
1790489751.2263906,True,2769.548,0.001,51.017,2718.507,0.002
1790489751.252991,True,2770.666,0.001,51.516,2719.12,0.002
1790489751.2817621,True,2770.236,0.001,52.021,2718.19,0.002
1790489751.3124635,True,2773.021,0.001,53.518,2719.478,0.002
1790489751.3388567,True,2772.675,0.001,51.299,2721.347,0.002
1790489751.3627038,True,2766.95,0.001,50.653,2716.274,0.002
1790489751.3925366,True,2769.072,0.001,50.852,2718.191,0.002
1790489751.4195096,True,2772.946,0.001,50.805,2722.114,0.002
1790489751.4476693,True,2770.685,0.001,50.83,2719.823,0.002
1790489751.4759908,True,2772.103,0.001,51.286,2720.787,0.002
1790489751.5042727,True,2770.485,0.001,52.664,2717.798,0.002
1790489751.5309095,True,2767.783,0.001,50.26,2717.497,0.002
1790489751.5615814,True,2772.562,0.001,52.735,2719.802,0.002
1790489751.5885751,True,2772.328,0.001,50.848,2721.446,0.002
1790489751.6157706,True,2770.483,0.001,51.57,2718.875,0.002
1790489751.647182,True,2771.414,0.001,51.299,2720.083,0.002
1790489751.665175,True,2771.212,0.001,51.82,2719.356,0.002
1790489751.7060761,True,2770.953,0.001,51.016,2719.903,0.002
1790489751.7242112,True,2769.905,0.001,51.142,2718.726,0.002
1790489751.7637403,True,2770.167,0.001,52.283,2717.862,0.002
1790489751.7952948,True,2771.323,0.001,50.702,2720.585,0.002
1790489751.8188953,True,2769.958,0.001,51.335,2718.598,0.002
1790489751.853754,True,2771.104,0.001,51.336,2719.737,0.002
1790489751.8723762,True,2769.529,0.001,51.04,2718.463,0.002
1790489751.90823,True,2768.86,0.001,50.738,2717.971,0.003
1790489751.9263685,True,2769.952,0.001,52.005,2717.921,0.002
1790489751.962564,True,2769.309,0.001,50.754,2718.523,0.003
1790489751.983178,True,2769.37,0.001,51.908,2717.438,0.002
1790489752.0151958,True,2768.655,0.001,50.958,2717.67,0.002
1790489752.036989,True,2771.328,0.001,51.097,2720.191,0.002
1790489752.0687115,True,2768.782,0.001,50.976,2717.773,0.002
1790489752.0998151,True,2770.296,0.001,51.453,2718.814,0.002
1790489752.1210442,True,2771.613,0.001,51.078,2720.499,0.002
1790489752.1540473,True,2768.287,0.001,50.336,2717.926,0.002
1790489752.1803155,True,2772.455,0.001,50.965,2721.465,0.002
1790489752.2070055,True,2768.242,0.001,50.347,2717.871,0.002
1790489752.2305229,True,2769.878,0.001,50.999,2718.843,0.002
1790489752.2609253,True,2769.371,0.001,51.3,2718.038,0.002
1790489752.276382,True,2769.409,0.001,51.019,2718.348,0.002
1790489752.312595,True,2772.335,0.001,51.037,2721.267,0.002
1790489752.3379707,True,2769.312,0.001,52.506,2716.785,0.002
1790489752.3676803,True,2770.077,0.001,51.128,2718.915,0.002
1790489752.3943703,True,2770.717,0.001,52.838,2717.854,0.002
1790489752.4257617,True,2769.12,0.001,51.246,2717.815,0.002
1790489752.4530554,True,2770.766,0.001,51.073,2719.659,0.002
1790489752.4846046,True,2769.019,0.001,51.85,2717.136,0.002
1790489752.5098202,True,2769.397,0.001,51.412,2717.964,0.002
1790489752.5252712,True,2772.46,0.001,52.54,2719.886,0.002
1790489752.5693834,True,2774.691,0.001,51.344,2723.319,0.002
1790489752.5964184,True,2771.558,0.001,51.254,2720.268,0.002
1790489752.622308,True,2770.065,0.001,51.938,2718.101,0.002
1790489752.654295,True,2771.322,0.001,51.753,2719.53,0.002
1790489752.6775756,True,2770.774,0.001,51.183,2719.555,0.002
1790489752.7562208,True,2771.303,0.001,50.79,2720.486,0.002
1790489752.7586844,True,2773.406,0.001,51.755,2721.631,0.002
1790489752.759983,True,2773.704,0.001,52.121,2721.565,0.001
1790489752.782913,True,2770.477,0.001,51.791,2718.659,0.002
1790489752.8094895,True,2767.731,0.001,50.845,2716.858,0.003
1790489752.8380275,True,2769.106,0.001,51.334,2717.745,0.002
1790489752.8625987,True,2771.778,0.001,52.119,2719.629,0.002
1790489752.892464,True,2769.126,0.001,51.151,2717.943,0.003
1790489752.9196913,True,2770.213,0.001,52.447,2717.741,0.003
1790489752.9459403,True,2774.196,0.001,53.529,2720.637,0.002
1790489752.9741423,True,2769.893,0.001,51.671,2718.198,0.002
1790489752.999611,True,2768.873,0.001,51.189,2717.659,0.002
1790489753.0296993,True,2770.952,0.001,51.273,2719.65,0.002
1790489753.057154,True,2772.507,0.001,52.062,2720.422,0.002
1790489753.087804,True,2769.779,0.001,50.748,2719.01,0.002
1790489753.1092281,True,2769.939,0.001,52.007,2717.908,0.002
1790489753.1412868,True,2770.258,0.001,51.282,2718.948,0.002
1790489753.1653929,True,2771.128,0.001,52.528,2718.566,0.002
1790489753.2125762,True,2783.791,0.001,51.601,2732.148,0.002
1790489753.2603421,True,2772.181,0.001,51.581,2720.561,0.002
1790489753.2629423,True,2773.746,0.001,52.931,2720.794,0.002
1790489753.3024704,True,2770.59,0.001,51.599,2718.953,0.003
1790489753.3905995,True,2772.318,0.001,52.273,2720.02,0.002
1790489753.3926575,True,2772.946,0.001,52.267,2720.655,0.002
1790489753.4446912,True,2769.273,0.001,50.303,2718.945,0.002
1790489753.4661481,True,2771.616,0.001,51.011,2720.57,0.003
1790489753.4678178,True,2772.465,0.001,51.895,2720.546,0.002
1790489753.4695241,True,2771.977,0.001,51.896,2720.063,0.001
1790489753.472871,True,2773.12,0.001,51.905,2721.191,0.002
1790489753.495351,True,2769.608,0.001,52.514,2717.069,0.002
1790489753.5318816,True,2774.074,0.001,50.737,2723.303,0.002
1790489753.5500205,True,2769.363,0.001,51.515,2717.813,0.002
1790489753.596309,True,2772.65,0.001,51.432,2721.186,0.003
1790489753.61779,True,2769.342,0.001,52.069,2717.249,0.002
1790489753.6510544,True,2768.851,0.001,51.061,2717.763,0.002
1790489753.67504,True,2771.64,0.001,51.2,2720.417,0.002
1790489753.7043054,True,2769.017,0.001,51.212,2717.782,0.002
1790489753.7262342,True,2768.426,0.001,50.809,2717.582,0.002
1790489753.758983,True,2769.639,0.001,50.942,2718.658,0.002
1790489753.8310907,True,2773.611,0.001,52.006,2721.578,0.003
1790489753.8328638,True,2774.328,0.001,52.523,2721.784,0.002
1790489753.8865762,True,2770.953,0.001,50.776,2720.143,0.002
1790489753.8922396,True,2775.906,0.001,52.239,2723.646,0.002
1790489753.8975408,True,2770.065,0.001,50.946,2719.09,0.002
1790489753.9168596,True,2771.271,0.001,50.995,2720.242,0.003
1790489753.9452102,True,2770.285,0.001,52.089,2718.172,0.002
1790489753.972213,True,2768.812,0.001,50.729,2718.058,0.002
1790489754.0004914,True,2770.768,0.001,52.645,2718.097,0.003
1790489754.0308514,True,2774.522,0.001,51.696,2722.793,0.002
1790489754.057439,True,2772.251,0.001,51.371,2720.852,0.002
1790489754.0858352,True,2769.942,0.001,51.289,2718.619,0.002
1790489754.1114175,True,2769.171,0.001,51.044,2718.101,0.002
1790489754.136794,True,2771.132,0.001,51.382,2719.72,0.002
1790489754.1663704,True,2770.552,0.001,52.448,2718.077,0.002
1790489754.1932006,True,2770.539,0.001,51.384,2719.12,0.002
1790489754.2252975,True,2772.201,0.001,51.856,2720.32,0.002
1790489754.25629,True,2777.609,0.001,52.439,2725.149,0.002
1790489754.2785857,True,2770.983,0.001,51.481,2719.471,0.002
1790489754.3060944,True,2771.889,0.001,51.752,2720.102,0.002
1790489754.3372018,True,2772.261,0.001,51.517,2720.719,0.002
1790489754.3643281,True,2772.466,0.001,51.073,2721.36,0.002
1790489754.3913572,True,2771.563,0.001,51.644,2719.862,0.003
1790489754.4226851,True,2772.35,0.001,51.581,2720.732,0.002
1790489754.4411197,True,2772.845,0.001,51.702,2721.108,0.002
1790489754.4810915,True,2771.976,0.001,51.003,2720.941,0.002
1790489754.4980738,True,2770.612,0.001,50.978,2719.604,0.002
1790489754.539512,True,2772.321,0.001,52.574,2719.725,0.002
1790489754.5691652,True,2771.017,0.001,51.433,2719.553,0.002
1790489754.5907018,True,2768.751,0.001,50.985,2717.743,0.002
1790489754.6285145,True,2771.457,0.001,52.029,2719.403,0.002
1790489754.645305,True,2769.206,0.001,51.176,2718.004,0.002
1790489754.6811073,True,2769.373,0.001,51.428,2717.917,0.002
1790489754.6996772,True,2770.06,0.001,51.95,2718.086,0.002
1790489754.7348092,True,2768.606,0.001,50.841,2717.735,0.002
1790489754.757748,True,2771.549,0.001,51.348,2720.18,0.002
1790489754.7912385,True,2771.498,0.001,51.084,2720.386,0.002
1790489754.8121123,True,2771.157,0.001,51.21,2719.913,0.002
1790489754.8462222,True,2770.697,0.001,50.941,2719.717,0.003
1790489754.8724465,True,2769.592,0.001,51.851,2717.717,0.002
1790489754.8972967,True,2772.759,0.001,52.571,2720.153,0.002
1790489754.9259439,True,2768.128,0.001,50.936,2717.163,0.002
1790489754.951502,True,2767.625,0.001,50.257,2717.345,0.003
1790489754.980709,True,2769.26,0.001,51.563,2717.668,0.003
1790489755.0034888,True,2769.458,0.001,51.6,2717.824,0.002
1790489755.0386093,True,2768.443,0.001,50.496,2717.926,0.002
1790489755.0505357,True,2768.661,0.001,50.832,2717.792,0.002
1790489755.0866907,True,2770.966,0.001,52.6,2718.34,0.002
1790489755.1098373,True,2768.666,0.001,50.566,2718.074,0.002
1790489755.1418662,True,2771.249,0.001,51.672,2719.541,0.002
1790489755.1688204,True,2771.384,0.001,51.028,2720.324,0.002
1790489755.201206,True,2772.475,0.001,51.203,2721.241,0.002
1790489755.227765,True,2771.514,0.001,50.809,2720.677,0.002
1790489755.2596917,True,2772.328,0.001,51.523,2720.772,0.002
1790489755.2860487,True,2773.363,0.001,51.319,2722.01,0.002
1790489755.2972562,True,2768.939,0.001,51.114,2717.793,0.002
1790489755.3432033,True,2770.322,0.001,51.549,2718.748,0.002
1790489755.3700662,True,2770.585,0.001,50.885,2719.664,0.002
1790489755.3965259,True,2769.828,0.001,51.499,2718.302,0.002
1790489755.4299917,True,2772.426,0.001,51.25,2721.143,0.002
1790489755.4515197,True,2770.156,0.001,51.436,2718.681,0.002
1790489755.5329502,True,2771.871,0.001,51.172,2720.673,0.002
1790489755.5341222,True,2772.35,0.001,52.277,2720.055,0.001
1790489755.535925,True,2773.335,0.001,52.791,2720.526,0.001
1790489755.5589406,True,2772.126,0.001,52.257,2719.839,0.002
1790489755.5832808,True,2768.93,0.001,51.231,2717.673,0.002
1790489755.6120386,True,2770.638,0.001,51.493,2719.119,0.002
1790489755.6377618,True,2770.492,0.001,52.58,2717.845,0.003
1790489755.6635215,True,2767.463,0.001,50.725,2716.714,0.002
1790489755.6921594,True,2768.676,0.001,51.162,2717.486,0.002
1790489755.7182503,True,2768.925,0.001,50.858,2718.043,0.002
1790489755.750116,True,2772.616,0.001,52.686,2719.909,0.002
1790489755.775591,True,2772.651,0.001,51.467,2721.155,0.002
1790489755.80741,True,2774.1,0.001,52.195,2721.875,0.002
1790489755.8297875,True,2769.049,0.001,50.583,2718.435,0.002
1790489755.8606215,True,2769.234,0.001,50.709,2718.495,0.002
1790489755.884186,True,2770.176,0.001,51.918,2718.231,0.002
1790489755.9301493,True,2784.705,0.001,51.909,2732.758,0.002
1790489755.9378877,True,2768.505,0.001,50.57,2717.906,0.002
1790489755.9879766,True,2770.924,0.001,50.99,2719.904,0.002
1790489756.036066,True,2772.349,0.001,51.356,2720.955,0.003
1790489756.0381575,True,2772.133,0.001,51.264,2720.845,0.002
1790489756.077565,True,2771.631,0.001,51.084,2720.511,0.002
1790489756.1649513,True,2770.739,0.001,51.249,2719.466,0.002
1790489756.166167,True,2771.162,0.001,51.449,2719.656,0.002
1790489756.2195253,True,2770.148,0.001,50.841,2719.278,0.002
1790489756.248681,True,2777.041,0.001,51.204,2725.789,0.003
1790489756.2499166,True,2776.384,0.001,53.465,2722.891,0.001
1790489756.2523417,True,2776.594,0.001,57.122,2719.451,0.001
1790489756.2556043,True,2780.758,0.001,54.258,2726.477,0.001
1790489756.2689383,True,2770.438,0.001,52.154,2718.259,0.002
1790489756.3056412,True,2770.092,0.001,51.447,2718.612,0.002
1790489756.3233366,True,2769.81,0.001,50.853,2718.922,0.003
1790489756.3697321,True,2770.367,0.001,52.057,2718.289,0.002
1790489756.3927794,True,2771.861,0.001,51.555,2720.269,0.002
1790489756.422936,True,2768.748,0.001,50.762,2717.959,0.003
1790489756.4498193,True,2771.759,0.001,51.212,2720.524,0.002
1790489756.4778998,True,2769.746,0.001,51.367,2718.35,0.002
1790489756.503753,True,2772.528,0.001,50.994,2721.502,0.002
1790489756.5316615,True,2768.897,0.001,51.223,2717.639,0.002
1790489756.608056,True,2773.675,0.001,52.737,2720.914,0.002
1790489756.6100185,True,2774.636,0.001,53.942,2720.67,0.002
1790489756.666337,True,2770.296,0.087,50.907,2719.277,0.002
1790489756.6686018,True,2770.301,0.001,51.171,2719.114,0.001
1790489756.6696568,True,2769.252,0.001,50.687,2718.548,0.001
1790489756.691119,True,2770.969,0.001,52.627,2718.315,0.002
1790489756.7193353,True,2769.529,0.001,51.42,2718.085,0.002
1790489756.74915,True,2773.462,0.001,52.192,2721.241,0.002
1790489756.7744136,True,2770.696,0.001,51.167,2719.5,0.002
1790489756.804548,True,2770.415,0.001,52.438,2717.953,0.002
1790489756.8302214,True,2769.418,0.001,51.345,2718.049,0.002
1790489756.8580713,True,2768.701,0.001,50.416,2718.258,0.002
1790489756.8847518,True,2769.886,0.001,52.109,2717.751,0.002
1790489756.9117074,True,2770.042,0.001,52.151,2717.865,0.002
1790489756.9435654,True,2773.44,0.001,52.468,2720.938,0.002
1790489756.973961,True,2777.129,0.001,51.803,2725.293,0.002
1790489756.9969878,True,2768.636,0.001,50.898,2717.713,0.002
1790489757.0278425,True,2768.501,0.001,50.345,2718.133,0.002
1790489757.0573163,True,2775.35,0.001,51.829,2723.491,0.002
1790489757.0808399,True,2771.162,0.001,51.269,2719.855,0.002
1790489757.110333,True,2769.268,0.001,50.952,2718.285,0.002
1790489757.139942,True,2772.389,0.001,51.251,2721.105,0.003
1790489757.163946,True,2769.035,0.001,51.198,2717.799,0.002
1790489757.1986454,True,2772.774,0.001,51.344,2721.4,0.002
1790489757.2148464,True,2770.288,0.001,51.498,2718.759,0.002
1790489757.2574482,True,2773.45,0.001,52.127,2721.147,0.002
1790489757.2718492,True,2770.303,0.001,51.607,2718.661,0.002
1790489757.3111,True,2768.564,0.001,50.901,2717.639,0.002
1790489757.3451183,True,2772.845,0.001,51.008,2721.786,0.003
1790489757.3650641,True,2770.048,0.001,50.805,2719.22,0.002
1790489757.4023106,True,2770.593,0.001,51.434,2719.134,0.002
1790489757.4183726,True,2769.799,0.001,51.832,2717.942,0.002
1790489757.4550064,True,2769.154,0.001,51.118,2718.01,0.002
1790489757.4755442,True,2772.368,0.001,50.755,2721.584,0.002
1790489757.5089521,True,2769.693,0.001,52.386,2717.283,0.002
1790489757.5312994,True,2770.018,0.001,51.905,2718.086,0.002
1790489757.5646024,True,2769.812,0.001,52.111,2717.672,0.003
1790489757.585101,True,2769.695,0.001,50.953,2718.707,0.002
1790489757.6194642,True,2769.547,0.001,50.877,2718.647,0.002
1790489757.6460087,True,2770.59,0.001,51.317,2719.251,0.002
1790489757.6702065,True,2769.548,0.001,51.715,2717.809,0.002
1790489757.6991382,True,2769.817,0.001,51.942,2717.851,0.002
1790489757.7246647,True,2770.002,0.001,50.897,2719.075,0.002
1790489757.7568488,True,2772.499,0.001,50.981,2721.49,0.002
1790489757.7784,True,2769.927,0.001,50.81,2719.081,0.002
1790489757.8134248,True,2771.357,0.001,50.517,2720.808,0.002
1790489757.825453,True,2771.692,0.001,51.935,2719.722,0.002
1790489757.859406,True,2769.105,0.001,52.178,2716.903,0.002
1790489757.8839629,True,2771.189,0.001,51.792,2719.364,0.002
1790489757.9188704,True,2773.624,0.001,51.61,2721.98,0.002
1790489757.9434953,True,2771.47,0.001,52.128,2719.31,0.002
1790489757.9777465,True,2773.277,0.001,51.711,2721.458,0.002
1790489758.0020723,True,2771.115,0.001,51.48,2719.605,0.002
1790489758.0365186,True,2773.735,0.001,52.332,2721.371,0.002
1790489758.060622,True,2771.361,0.001,51.458,2719.874,0.002
1790489758.06997,True,2769.609,0.001,50.923,2718.651,0.002
1790489758.1143959,True,2767.774,0.001,50.635,2717.114,0.002
1790489758.1459408,True,2772.628,0.001,51.214,2721.378,0.002
1790489758.1723075,True,2772.576,0.001,52.12,2720.433,0.002
1790489758.206885,True,2773.505,0.001,51.033,2722.426,0.002
1790489758.2252212,True,2769.947,0.001,50.602,2719.314,0.002
1790489758.3102622,True,2771.706,0.001,50.768,2720.905,0.002
1790489758.3118505,True,2773.16,0.001,53.293,2719.849,0.002
1790489758.313482,True,2774.91,0.001,52.372,2722.519,0.002
1790489758.3317275,True,2769.592,0.001,50.938,2718.626,0.002
1790489758.3577685,True,2771.341,0.001,52.111,2719.206,0.002
1790489758.3838332,True,2767.652,0.001,50.636,2716.991,0.002
1790489758.4110088,True,2770.175,0.001,52.216,2717.934,0.002
1790489758.4356537,True,2769.264,0.001,52.305,2716.934,0.002
1790489758.4692426,True,2773.689,0.001,52.273,2721.389,0.002
1790489758.4935215,True,2772.046,0.001,51.842,2720.177,0.002
1790489758.5247662,True,2771.616,0.001,51.655,2719.931,0.002
1790489758.5480652,True,2769.503,0.001,51.853,2717.626,0.002
1790489758.5797603,True,2768.642,0.001,50.683,2717.933,0.002
1790489758.6025481,True,2769.436,0.001,51.833,2717.579,0.002
1790489758.6382194,True,2774.52,0.001,51.521,2722.968,0.002
1790489758.6568465,True,2769.4,0.001,51.119,2718.255,0.002
1790489758.7042806,True,2770.999,0.001,51.632,2719.338,0.002
1790489758.7108989,True,2769.242,0.001,51.653,2717.557,0.002
1790489758.7605786,True,2769.161,0.001,51.35,2717.781,0.001
1790489758.8102722,True,2771.134,0.001,51.986,2719.116,0.002
1790489758.8118188,True,2770.928,0.001,52.608,2718.298,0.001
1790489758.849372,True,2768.85,0.001,51.026,2717.789,0.002
1790489758.9405756,True,2771.92,0.001,51.694,2720.2,0.002
1790489758.9422512,True,2773.205,0.0,52.336,2720.851,0.002
1790489758.995355,True,2770.311,0.001,51.264,2719.013,0.003
1790489759.029032,True,2775.117,0.001,52.392,2722.699,0.002
1790489759.030994,True,2774.04,0.001,52.278,2721.742,0.002
1790489759.033414,True,2778.843,0.001,52.914,2725.912,0.001
1790489759.03464,True,2776.428,0.001,52.899,2723.51,0.001
1790489759.0418057,True,2769.677,0.001,51.679,2717.972,0.002
1790489759.0848272,True,2770.699,0.001,51.348,2719.317,0.002
1790489759.0981379,True,2771.737,0.001,51.008,2720.699,0.002
1790489759.1419892,True,2769.217,0.001,50.864,2718.33,0.002
1790489759.167207,True,2771.063,0.001,51.491,2719.541,0.002
1790489759.1963174,True,2770.005,0.001,52.117,2717.863,0.002
1790489759.2224958,True,2769.38,0.001,51.464,2717.892,0.002
1790489759.2504065,True,2768.823,0.001,50.682,2718.04,0.002
1790489759.2795289,True,2771.724,0.001,50.725,2720.967,0.002
1790489759.3075242,True,2771.969,0.001,51.109,2720.809,0.002
1790489759.384337,True,2772.544,0.001,51.016,2721.486,0.002
1790489759.3862655,True,2773.577,0.001,51.913,2721.642,0.002
1790489759.4438105,True,2772.874,0.001,51.186,2721.668,0.002
1790489759.446695,True,2774.026,0.001,52.83,2721.177,0.002
1790489759.4479218,True,2776.133,0.001,52.076,2724.04,0.001
1790489759.4662657,True,2771.917,0.001,51.036,2720.847,0.002
1790489759.494419,True,2769.054,0.001,51.079,2717.949,0.002
1790489759.5255206,True,2773.451,0.001,52.781,2720.648,0.002
1790489759.5489445,True,2769.99,0.001,51.876,2718.09,0.002
1790489759.5775695,True,2769.482,0.001,50.899,2718.558,0.002
1790489759.6059654,True,2772.183,0.001,51.607,2720.553,0.002
1790489759.6304421,True,2768.543,0.001,50.862,2717.653,0.002
1790489759.6591845,True,2771.255,0.001,53.081,2718.111,0.002
1790489759.6848245,True,2769.613,0.001,51.174,2718.402,0.002
1790489759.7171435,True,2770.576,0.001,51.101,2719.453,0.002
1790489759.747385,True,2769.977,0.001,51.422,2718.533,0.002
1790489759.7731237,True,2773.101,0.001,51.43,2721.639,0.002
1790489759.799025,True,2767.864,0.001,50.368,2717.472,0.002
1790489759.8318756,True,2771.19,0.001,50.328,2720.838,0.002
1790489759.8573754,True,2773.408,0.001,50.79,2722.557,0.028
1790489759.8832748,True,2768.82,0.001,50.596,2718.196,0.002
1790489759.915523,True,2772.326,0.001,51.683,2720.613,0.002
1790489759.9365814,True,2769.269,0.001,50.509,2718.732,0.002
1790489759.972849,True,2771.137,0.001,51.513,2719.593,0.002
1790489759.9914856,True,2771.464,0.001,52.826,2718.611,0.002
1790489760.0316527,True,2770.471,0.001,50.938,2719.504,0.003
1790489760.0451927,True,2769.945,0.001,51.147,2718.761,0.002
1790489760.0842955,True,2769.712,0.001,51.574,2718.111,0.003
1790489760.1199453,True,2771.254,0.001,51.22,2720.0,0.002
1790489760.136689,True,2768.089,0.001,50.545,2717.518,0.003
1790489760.1756198,True,2769.753,0.001,51.252,2718.473,0.002
1790489760.191847,True,2770.038,0.001,51.518,2718.486,0.002
1790489760.2280579,True,2768.485,0.001,51.36,2717.097,0.002
1790489760.2514784,True,2772.941,0.001,53.165,2719.751,0.002
1790489760.2836525,True,2770.211,0.001,51.979,2718.205,0.002
1790489760.3041298,True,2769.192,0.001,51.235,2717.93,0.002
1790489760.3384476,True,2769.557,0.001,51.55,2717.98,0.003
1790489760.3651145,True,2776.051,0.001,51.561,2724.453,0.002
1790489760.3921633,True,2769.192,0.001,50.816,2718.346,0.003
1790489760.4179595,True,2768.554,0.001,50.472,2718.057,0.002
1790489760.4447684,True,2769.54,0.001,51.474,2718.036,0.002
1790489760.473695,True,2771.615,0.001,50.841,2720.742,0.002
1790489760.4996343,True,2770.215,0.001,51.291,2718.895,0.003
1790489760.531846,True,2771.992,0.001,51.384,2720.585,0.002
1790489760.5533938,True,2770.341,0.001,51.289,2719.018,0.002
1790489760.5859141,True,2769.163,0.001,50.791,2718.338,0.002
1790489760.601333,True,2772.474,0.001,51.657,2720.78,0.002
1790489760.635007,True,2772.257,0.001,52.123,2720.097,0.003
1790489760.6591046,True,2771.911,0.001,50.769,2721.108,0.002
1790489760.6936257,True,2771.718,0.001,53.086,2718.606,0.002
1790489760.7166116,True,2770.18,0.001,51.056,2719.092,0.002
1790489760.7529101,True,2772.117,0.001,52.596,2719.49,0.002
1790489760.7741172,True,2768.704,0.001,50.984,2717.686,0.002
1790489760.809864,True,2769.951,0.001,51.115,2718.803,0.002
1790489760.8325448,True,2768.834,0.001,51.27,2717.542,0.002
1790489760.8452206,True,2771.856,0.001,51.345,2720.475,0.002
1790489760.8908617,True,2772.851,0.001,51.243,2721.575,0.002
1790489760.9234686,True,2774.022,0.001,51.818,2722.162,0.002
1790489760.944893,True,2769.223,0.001,50.693,2718.501,0.002
1790489760.9815693,True,2771.587,0.001,51.287,2720.267,0.002
1790489761.0040221,True,2774.121,0.001,51.081,2723.001,0.002
1790489761.0866225,True,2772.204,0.001,51.31,2720.859,0.002
1790489761.0882046,True,2772.689,0.001,52.027,2720.637,0.001
1790489761.0911741,True,2773.733,0.001,52.62,2721.096,0.001
1790489761.1034415,True,2768.386,0.001,51.098,2717.259,0.003
1790489761.1298292,True,2768.898,0.001,50.671,2718.201,0.002
1790489761.1584496,True,2769.545,0.001,51.567,2717.943,0.002
1790489761.1872525,True,2772.73,0.001,51.634,2721.067,0.002
1790489761.2090726,True,2770.49,0.001,51.01,2719.445,0.002
1790489761.2437985,True,2770.988,0.001,52.466,2718.497,0.002
1790489761.2677627,True,2771.01,0.001,51.969,2719.019,0.002
1790489761.2991042,True,2770.952,0.001,51.965,2718.963,0.002
1790489761.321814,True,2770.424,0.001,51.817,2718.581,0.002
1790489761.356846,True,2774.105,0.001,51.306,2722.77,0.002
1790489761.3760085,True,2769.315,0.001,51.176,2718.112,0.003
1790489761.4105651,True,2769.369,0.001,50.67,2718.665,0.002
1790489761.4365664,True,2776.408,0.001,51.672,2724.713,0.002
1790489761.4763722,True,2769.062,0.001,50.668,2718.362,0.003
1790489761.4875636,True,2767.977,0.001,50.416,2717.535,0.002
1790489761.552762,True,2767.944,0.001,50.749,2717.17,0.003
