start_ts,end_ts,start_mono,end_mono,response_time_ms,request_type,name,success,exception,response_length,user,http_status,stages_logged
1790489395.89651,1790489398.676103,45336.173802,45338.953395,2779.593,POST,/api/pipeline,True,,1621,0,200,4
1790489395.92463,1790489398.703701,45336.201923,45338.980994,2779.071,POST,/api/pipeline,True,,1622,1,200,4
1790489395.952285,1790489398.731888,45336.229578,45339.009181,2779.603,POST,/api/pipeline,True,,1622,2,200,4
1790489395.980116,1790489398.757709,45336.257408,45339.035002,2777.593,POST,/api/pipeline,True,,1622,3,200,4
1790489396.007974,1790489398.786545,45336.285267,45339.063838,2778.57,POST,/api/pipeline,True,,1621,4,200,4
1790489396.035523,1790489398.809366,45336.312816,45339.08666,2773.844,POST,/api/pipeline,True,,1622,5,200,4
1790489396.063161,1790489398.843447,45336.340454,45339.12074,2780.286,POST,/api/pipeline,True,,1622,6,200,4
1790489396.090683,1790489398.864859,45336.367976,45339.142152,2774.175,POST,/api/pipeline,True,,1621,7,200,4
1790489396.118619,1790489398.898286,45336.395912,45339.175578,2779.666,POST,/api/pipeline,True,,1622,8,200,4
1790489396.145907,1790489398.920141,45336.4232,45339.197434,2774.234,POST,/api/pipeline,True,,1621,9,200,4
1790489396.173794,1790489398.95187,45336.451086,45339.229163,2778.076,POST,/api/pipeline,True,,1621,10,200,4
1790489396.201361,1790489398.98012,45336.478654,45339.257413,2778.759,POST,/api/pipeline,True,,1622,11,200,4
1790489396.229022,1790489399.006606,45336.506314,45339.283899,2777.584,POST,/api/pipeline,True,,1621,12,200,4
1790489396.255898,1790489399.033983,45336.533191,45339.311276,2778.085,POST,/api/pipeline,True,,1622,13,200,4
1790489396.284345,1790489399.061349,45336.561638,45339.338642,2777.004,POST,/api/pipeline,True,,1622,14,200,4
1790489396.311364,1790489399.086529,45336.588657,45339.363822,2775.165,POST,/api/pipeline,True,,1622,15,200,4
1790489396.339278,1790489399.115994,45336.616571,45339.393287,2776.716,POST,/api/pipeline,True,,1621,16,200,4
1790489396.367112,1790489399.145946,45336.644405,45339.423238,2778.834,POST,/api/pipeline,True,,1621,17,200,4
1790489396.394889,1790489399.170084,45336.672182,45339.447376,2775.194,POST,/api/pipeline,True,,1622,18,200,4
1790489396.422261,1790489399.199266,45336.699554,45339.476559,2777.005,POST,/api/pipeline,True,,1621,19,200,4
1790489396.449081,1790489399.222517,45336.726374,45339.49981,2773.436,POST,/api/pipeline,True,,1619,20,200,4
1790489396.47726,1790489399.254031,45336.754553,45339.531324,2776.771,POST,/api/pipeline,True,,1622,21,200,4
1790489396.505178,1790489399.281033,45336.782471,45339.558326,2775.855,POST,/api/pipeline,True,,1622,22,200,4
1790489396.532433,1790489399.311095,45336.809725,45339.588388,2778.663,POST,/api/pipeline,True,,1622,23,200,4
1790489396.560437,1790489399.337899,45336.83773,45339.615192,2777.461,POST,/api/pipeline,True,,1622,24,200,4
1790489396.588013,1790489399.364187,45336.865306,45339.64148,2776.174,POST,/api/pipeline,True,,1622,25,200,4
1790489396.615794,1790489399.406301,45336.893087,45339.683594,2790.507,POST,/api/pipeline,True,,1622,26,200,4
1790489396.64261,1790489399.418812,45336.919902,45339.696105,2776.203,POST,/api/pipeline,True,,1622,27,200,4
1790489396.670661,1790489399.464494,45336.947954,45339.741787,2793.833,POST,/api/pipeline,True,,1621,28,200,4
1790489396.698457,1790489399.473534,45336.97575,45339.750827,2775.076,POST,/api/pipeline,True,,1622,29,200,4
1790489396.726432,1790489399.50249,45337.003725,45339.779783,2776.058,POST,/api/pipeline,True,,1622,30,200,4
1790489396.753509,1790489399.531237,45337.030802,45339.80853,2777.728,POST,/api/pipeline,True,,1622,31,200,4
1790489396.781449,1790489399.557621,45337.058741,45339.834914,2776.173,POST,/api/pipeline,True,,1622,32,200,4
1790489396.808255,1790489399.58415,45337.085548,45339.861443,2775.895,POST,/api/pipeline,True,,1621,33,200,4
1790489396.8367,1790489399.61136,45337.113993,45339.888652,2774.659,POST,/api/pipeline,True,,1622,34,200,4
1790489396.864212,1790489399.641238,45337.141505,45339.918531,2777.026,POST,/api/pipeline,True,,1622,35,200,4
1790489396.912569,1790489399.687421,45337.189862,45339.964714,2774.852,POST,/api/pipeline,True,,1622,36,200,4
1790489396.918972,1790489399.695019,45337.196265,45339.972312,2776.046,POST,/api/pipeline,True,,1622,37,200,4
1790489396.946361,1790489399.721109,45337.223654,45339.998402,2774.748,POST,/api/pipeline,True,,1621,38,200,4
1790489396.974621,1790489399.750177,45337.251914,45340.02747,2775.556,POST,/api/pipeline,True,,1622,39,200,4
1790489397.00214,1790489399.779169,45337.279433,45340.056462,2777.029,POST,/api/pipeline,True,,1622,40,200,4
1790489397.029775,1790489399.808476,45337.307067,45340.085768,2778.701,POST,/api/pipeline,True,,1620,41,200,4
1790489397.05785,1790489399.83641,45337.335143,45340.113702,2778.559,POST,/api/pipeline,True,,1622,42,200,4
1790489397.084707,1790489399.864268,45337.362,45340.141561,2779.561,POST,/api/pipeline,True,,1621,43,200,4
1790489397.112999,1790489399.890216,45337.390292,45340.167509,2777.217,POST,/api/pipeline,True,,1622,44,200,4
1790489397.140301,1790489399.916074,45337.417593,45340.193366,2775.773,POST,/api/pipeline,True,,1621,45,200,4
1790489397.168244,1790489399.944636,45337.445537,45340.221929,2776.392,POST,/api/pipeline,True,,1622,46,200,4
1790489397.194966,1790489399.970308,45337.472258,45340.247601,2775.342,POST,/api/pipeline,True,,1622,47,200,4
1790489397.222953,1790489399.998922,45337.500246,45340.276215,2775.968,POST,/api/pipeline,True,,1622,48,200,4
1790489397.25065,1790489400.024295,45337.527943,45340.301588,2773.645,POST,/api/pipeline,True,,1620,49,200,4
1790489397.277995,1790489400.055557,45337.555288,45340.33285,2777.562,POST,/api/pipeline,True,,1622,50,200,4
1790489397.30571,1790489400.080644,45337.583003,45340.357937,2774.934,POST,/api/pipeline,True,,1622,51,200,4
1790489397.332971,1790489400.107994,45337.610264,45340.385287,2775.023,POST,/api/pipeline,True,,1622,52,200,4
1790489397.361299,1790489400.138453,45337.638592,45340.415746,2777.154,POST,/api/pipeline,True,,1621,53,200,4
1790489397.388861,1790489400.166602,45337.666154,45340.443895,2777.741,POST,/api/pipeline,True,,1621,54,200,4
1790489397.416688,1790489400.2051,45337.69398,45340.482393,2788.412,POST,/api/pipeline,True,,1622,55,200,4
1790489397.444046,1790489400.219714,45337.721339,45340.497007,2775.667,POST,/api/pipeline,True,,1621,56,200,4
1790489397.470978,1790489400.246135,45337.748271,45340.523429,2775.158,POST,/api/pipeline,True,,1621,57,200,4
1790489397.49867,1790489400.271966,45337.775963,45340.549259,2773.296,POST,/api/pipeline,True,,1622,58,200,4
1790489397.526342,1790489400.303504,45337.803635,45340.580797,2777.162,POST,/api/pipeline,True,,1620,59,200,4
1790489397.554519,1790489400.345122,45337.831812,45340.622414,2790.602,POST,/api/pipeline,True,,1622,60,200,4
1790489397.581417,1790489400.357179,45337.85871,45340.634472,2775.762,POST,/api/pipeline,True,,1622,61,200,4
1790489397.609928,1790489400.386834,45337.887221,45340.664127,2776.906,POST,/api/pipeline,True,,1621,62,200,4
1790489397.63686,1790489400.415905,45337.914153,45340.693198,2779.045,POST,/api/pipeline,True,,1622,63,200,4
1790489397.66495,1790489400.443906,45337.942242,45340.721199,2778.956,POST,/api/pipeline,True,,1621,64,200,4
1790489397.692545,1790489400.46937,45337.969838,45340.746663,2776.825,POST,/api/pipeline,True,,1619,65,200,4
1790489397.719512,1790489400.497108,45337.996804,45340.774401,2777.597,POST,/api/pipeline,True,,1622,66,200,4
1790489397.74751,1790489400.524384,45338.024803,45340.801676,2776.873,POST,/api/pipeline,True,,1621,67,200,4
1790489397.775252,1790489400.550997,45338.052545,45340.82829,2775.745,POST,/api/pipeline,True,,1622,68,200,4
1790489397.80302,1790489400.5804,45338.080313,45340.857693,2777.38,POST,/api/pipeline,True,,1620,69,200,4
1790489397.8309,1790489400.604982,45338.108193,45340.882275,2774.082,POST,/api/pipeline,True,,1620,70,200,4
1790489397.857881,1790489400.633715,45338.135174,45340.911008,2775.834,POST,/api/pipeline,True,,1621,71,200,4
1790489397.889343,1790489400.665254,45338.166636,45340.942547,2775.911,POST,/api/pipeline,True,,1622,72,200,4
1790489397.913317,1790489400.692162,45338.19058,45340.969424,2778.844,POST,/api/pipeline,True,,1622,73,200,4
1790489397.941562,1790489400.720589,45338.218855,45340.997882,2779.027,POST,/api/pipeline,True,,1622,74,200,4
1790489397.96871,1790489400.745895,45338.246002,45341.023188,2777.186,POST,/api/pipeline,True,,1622,75,200,4
1790489397.996469,1790489400.775389,45338.273762,45341.052682,2778.92,POST,/api/pipeline,True,,1621,76,200,4
1790489398.024225,1790489400.802127,45338.301517,45341.07942,2777.902,POST,/api/pipeline,True,,1622,77,200,4
1790489398.052001,1790489400.831051,45338.329294,45341.108344,2779.05,POST,/api/pipeline,True,,1622,78,200,4
1790489398.078947,1790489400.855266,45338.35624,45341.132559,2776.318,POST,/api/pipeline,True,,1619,79,200,4
1790489398.106618,1790489400.882268,45338.383911,45341.159561,2775.65,POST,/api/pipeline,True,,1622,80,200,4
1790489398.133948,1790489400.911637,45338.411241,45341.18893,2777.689,POST,/api/pipeline,True,,1622,81,200,4
1790489398.161882,1790489400.938688,45338.439175,45341.215981,2776.806,POST,/api/pipeline,True,,1622,82,200,4
1790489398.189798,1790489400.9678,45338.467091,45341.245093,2778.002,POST,/api/pipeline,True,,1622,83,200,4
1790489398.216971,1790489400.991643,45338.494264,45341.268936,2774.672,POST,/api/pipeline,True,,1622,84,200,4
1790489398.245023,1790489401.021874,45338.522315,45341.299167,2776.851,POST,/api/pipeline,True,,1621,85,200,4
1790489398.272274,1790489401.049946,45338.549567,45341.327239,2777.672,POST,/api/pipeline,True,,1622,86,200,4
1790489398.299473,1790489401.078336,45338.576766,45341.35563,2778.864,POST,/api/pipeline,True,,1621,87,200,4
1790489398.327238,1790489401.104547,45338.604531,45341.38184,2777.309,POST,/api/pipeline,True,,1622,88,200,4
1790489398.355222,1790489401.137152,45338.632515,45341.414445,2781.93,POST,/api/pipeline,True,,1622,89,200,4
1790489398.38296,1790489401.15794,45338.660253,45341.435233,2774.979,POST,/api/pipeline,True,,1621,90,200,4
1790489398.410566,1790489401.188347,45338.687859,45341.46564,2777.781,POST,/api/pipeline,True,,1621,91,200,4
1790489398.438578,1790489401.217565,45338.715871,45341.494858,2778.987,POST,/api/pipeline,True,,1622,92,200,4
1790489398.465362,1790489401.241114,45338.742654,45341.518406,2775.752,POST,/api/pipeline,True,,1621,93,200,4
1790489398.493191,1790489401.269758,45338.770484,45341.547051,2776.568,POST,/api/pipeline,True,,1621,94,200,4
1790489398.521116,1790489401.294585,45338.798409,45341.571877,2773.468,POST,/api/pipeline,True,,1622,95,200,4
1790489398.548353,1790489401.323686,45338.825646,45341.600979,2775.333,POST,/api/pipeline,True,,1621,96,200,4
1790489398.575915,1790489401.355011,45338.853208,45341.632304,2779.096,POST,/api/pipeline,True,,1621,97,200,4
1790489398.603247,1790489401.378359,45338.88054,45341.655652,2775.112,POST,/api/pipeline,True,,1622,98,200,4
1790489398.631375,1790489401.40632,45338.908667,45341.683612,2774.945,POST,/api/pipeline,True,,1622,99,200,4
1790489398.676418,1790489401.45011,45338.953711,45341.727403,2773.693,POST,/api/pipeline,True,,1622,0,200,4
1790489398.703971,1790489401.476867,45338.981264,45341.75416,2772.896,POST,/api/pipeline,True,,1622,1,200,4
1790489398.732112,1790489401.505463,45339.009405,45341.782755,2773.35,POST,/api/pipeline,True,,1622,2,200,4
1790489398.757944,1790489401.531457,45339.035237,45341.80875,2773.513,POST,/api/pipeline,True,,1622,3,200,4
1790489398.786898,1790489401.563079,45339.064191,45341.840371,2776.18,POST,/api/pipeline,True,,1622,4,200,4
1790489398.809597,1790489401.583043,45339.08689,45341.860336,2773.446,POST,/api/pipeline,True,,1620,5,200,4
1790489398.843691,1790489401.617698,45339.120984,45341.894991,2774.007,POST,/api/pipeline,True,,1622,6,200,4
1790489398.865081,1790489401.637151,45339.142374,45341.914443,2772.069,POST,/api/pipeline,True,,1622,7,200,4
1790489398.898517,1790489401.670195,45339.17581,45341.947488,2771.678,POST,/api/pipeline,True,,1622,8,200,4
1790489398.92038,1790489401.696998,45339.197673,45341.974291,2776.618,POST,/api/pipeline,True,,1621,9,200,4
1790489398.952099,1790489401.725583,45339.229392,45342.002876,2773.484,POST,/api/pipeline,True,,1621,10,200,4
1790489398.980356,1790489401.754247,45339.257649,45342.03154,2773.891,POST,/api/pipeline,True,,1622,11,200,4
1790489399.006989,1790489401.780401,45339.284282,45342.057694,2773.412,POST,/api/pipeline,True,,1619,12,200,4
1790489399.034228,1790489401.806339,45339.31152,45342.083632,2772.112,POST,/api/pipeline,True,,1620,13,200,4
1790489399.061609,1790489401.833969,45339.338902,45342.111262,2772.36,POST,/api/pipeline,True,,1622,14,200,4
1790489399.086753,1790489401.862368,45339.364046,45342.139661,2775.615,POST,/api/pipeline,True,,1622,15,200,4
1790489399.116226,1790489401.889126,45339.393519,45342.166419,2772.9,POST,/api/pipeline,True,,1621,16,200,4
1790489399.146163,1790489401.918197,45339.423456,45342.19549,2772.034,POST,/api/pipeline,True,,1621,17,200,4
1790489399.170311,1790489401.944405,45339.447604,45342.221698,2774.094,POST,/api/pipeline,True,,1622,18,200,4
1790489399.199496,1790489401.972543,45339.476789,45342.249836,2773.047,POST,/api/pipeline,True,,1622,19,200,4
1790489399.22276,1790489401.99918,45339.500053,45342.276473,2776.42,POST,/api/pipeline,True,,1621,20,200,4
1790489399.254249,1790489402.031335,45339.531542,45342.308629,2777.086,POST,/api/pipeline,True,,1622,21,200,4
1790489399.281315,1790489402.056767,45339.558607,45342.33406,2775.452,POST,/api/pipeline,True,,1622,22,200,4
1790489399.311387,1790489402.083743,45339.58868,45342.361036,2772.356,POST,/api/pipeline,True,,1622,23,200,4
1790489399.338182,1790489402.111239,45339.615475,45342.388532,2773.058,POST,/api/pipeline,True,,1622,24,200,4
1790489399.36442,1790489402.137784,45339.641713,45342.415077,2773.363,POST,/api/pipeline,True,,1621,25,200,4
1790489399.406522,1790489402.181563,45339.683815,45342.458856,2775.041,POST,/api/pipeline,True,,1622,26,200,4
1790489399.419168,1790489402.193276,45339.696461,45342.470569,2774.108,POST,/api/pipeline,True,,1621,27,200,4
1790489399.464714,1790489402.238698,45339.742007,45342.515991,2773.984,POST,/api/pipeline,True,,1620,28,200,4
1790489399.473817,1790489402.24858,45339.751109,45342.525872,2774.763,POST,/api/pipeline,True,,1622,29,200,4
1790489399.502715,1790489402.275508,45339.780008,45342.552801,2772.793,POST,/api/pipeline,True,,1621,30,200,4
1790489399.531461,1790489402.30317,45339.808754,45342.580464,2771.71,POST,/api/pipeline,True,,1621,31,200,4
1790489399.557904,1790489402.330396,45339.835197,45342.607689,2772.492,POST,/api/pipeline,True,,1620,32,200,4
1790489399.584418,1790489402.358776,45339.861711,45342.636069,2774.358,POST,/api/pipeline,True,,1622,33,200,4
1790489399.611667,1790489402.38441,45339.88896,45342.661703,2772.743,POST,/api/pipeline,True,,1620,34,200,4
1790489399.641487,1790489402.413982,45339.91878,45342.691275,2772.495,POST,/api/pipeline,True,,1621,35,200,4
1790489399.687649,1790489402.460768,45339.964942,45342.738061,2773.118,POST,/api/pipeline,True,,1620,36,200,4
1790489399.695243,1790489402.468602,45339.972536,45342.745895,2773.359,POST,/api/pipeline,True,,1622,37,200,4
1790489399.721336,1790489402.495543,45339.998629,45342.772836,2774.206,POST,/api/pipeline,True,,1622,38,200,4
1790489399.750411,1790489402.527945,45340.027704,45342.805238,2777.534,POST,/api/pipeline,True,,1621,39,200,4
1790489399.779401,1790489402.554427,45340.056694,45342.83172,2775.026,POST,/api/pipeline,True,,1620,40,200,4
1790489399.80884,1790489402.582862,45340.086133,45342.860155,2774.022,POST,/api/pipeline,True,,1622,41,200,4
1790489399.836631,1790489402.609601,45340.113924,45342.886894,2772.971,POST,/api/pipeline,True,,1622,42,200,4
1790489399.864546,1790489402.63763,45340.141839,45342.914922,2773.084,POST,/api/pipeline,True,,1622,43,200,4
1790489399.89046,1790489402.663174,45340.167753,45342.940467,2772.714,POST,/api/pipeline,True,,1621,44,200,4
1790489399.916294,1790489402.688251,45340.193587,45342.965544,2771.957,POST,/api/pipeline,True,,1622,45,200,4
1790489399.944889,1790489402.717408,45340.222182,45342.994701,2772.519,POST,/api/pipeline,True,,1622,46,200,4
1790489399.970531,1790489402.74421,45340.247824,45343.021503,2773.679,POST,/api/pipeline,True,,1621,47,200,4
1790489399.999155,1790489402.772004,45340.276448,45343.049297,2772.849,POST,/api/pipeline,True,,1622,48,200,4
1790489400.024575,1790489402.801616,45340.301868,45343.078909,2777.041,POST,/api/pipeline,True,,1622,49,200,4
1790489400.055778,1790489402.829524,45340.333071,45343.106817,2773.746,POST,/api/pipeline,True,,1622,50,200,4
1790489400.080884,1790489402.855886,45340.358177,45343.133179,2775.002,POST,/api/pipeline,True,,1622,51,200,4
1790489400.108234,1790489402.884087,45340.385527,45343.16138,2775.853,POST,/api/pipeline,True,,1621,52,200,4
1790489400.138678,1790489402.911189,45340.415971,45343.188482,2772.511,POST,/api/pipeline,True,,1622,53,200,4
1790489400.166921,1790489402.940723,45340.444213,45343.218016,2773.803,POST,/api/pipeline,True,,1620,54,200,4
1790489400.205338,1790489402.978294,45340.482631,45343.255587,2772.956,POST,/api/pipeline,True,,1621,55,200,4
1790489400.219952,1790489402.993847,45340.497245,45343.27114,2773.895,POST,/api/pipeline,True,,1622,56,200,4
1790489400.24637,1790489403.020787,45340.523662,45343.29808,2774.417,POST,/api/pipeline,True,,1622,57,200,4
1790489400.272211,1790489403.047089,45340.549504,45343.324382,2774.879,POST,/api/pipeline,True,,1621,58,200,4
1790489400.303743,1790489403.075996,45340.581036,45343.353289,2772.253,POST,/api/pipeline,True,,1620,59,200,4
1790489400.345344,1790489403.119452,45340.622637,45343.396745,2774.108,POST,/api/pipeline,True,,1622,60,200,4
1790489400.357399,1790489403.13401,45340.634692,45343.411302,2776.61,POST,/api/pipeline,True,,1621,61,200,4
1790489400.387082,1790489403.161574,45340.664375,45343.438866,2774.492,POST,/api/pipeline,True,,1622,62,200,4
1790489400.416128,1790489403.188504,45340.693422,45343.465797,2772.376,POST,/api/pipeline,True,,1620,63,200,4
1790489400.444141,1790489403.216265,45340.721434,45343.493558,2772.124,POST,/api/pipeline,True,,1622,64,200,4
1790489400.46966,1790489403.243117,45340.746953,45343.52041,2773.458,POST,/api/pipeline,True,,1622,65,200,4
1790489400.497349,1790489403.270177,45340.774641,45343.54747,2772.829,POST,/api/pipeline,True,,1622,66,200,4
1790489400.524608,1790489403.300555,45340.801901,45343.577848,2775.947,POST,/api/pipeline,True,,1622,67,200,4
1790489400.551254,1790489403.32464,45340.828547,45343.601933,2773.386,POST,/api/pipeline,True,,1622,68,200,4
1790489400.580659,1790489403.352294,45340.857952,45343.629587,2771.635,POST,/api/pipeline,True,,1620,69,200,4
1790489400.605195,1790489403.377463,45340.882487,45343.654756,2772.269,POST,/api/pipeline,True,,1621,70,200,4
1790489400.633944,1790489403.407842,45340.911237,45343.685135,2773.898,POST,/api/pipeline,True,,1622,71,200,4
1790489400.665468,1790489403.439185,45340.942761,45343.716478,2773.717,POST,/api/pipeline,True,,1621,72,200,4
1790489400.69243,1790489403.467665,45340.969723,45343.744958,2775.235,POST,/api/pipeline,True,,1622,73,200,4
1790489400.720824,1790489403.494359,45340.998117,45343.771652,2773.535,POST,/api/pipeline,True,,1622,74,200,4
1790489400.746127,1790489403.521925,45341.02342,45343.799218,2775.798,POST,/api/pipeline,True,,1620,75,200,4
1790489400.775653,1790489403.551261,45341.052946,45343.828554,2775.608,POST,/api/pipeline,True,,1622,76,200,4
1790489400.802411,1790489403.580731,45341.079704,45343.858024,2778.32,POST,/api/pipeline,True,,1621,77,200,4
1790489400.831387,1790489403.604263,45341.10868,45343.881556,2772.875,POST,/api/pipeline,True,,1621,78,200,4
1790489400.855501,1790489403.628999,45341.132794,45343.906292,2773.497,POST,/api/pipeline,True,,1620,79,200,4
1790489400.882447,1790489403.65431,45341.15974,45343.931603,2771.863,POST,/api/pipeline,True,,1621,80,200,4
1790489400.911855,1790489403.683629,45341.189148,45343.960922,2771.774,POST,/api/pipeline,True,,1621,81,200,4
1790489400.939,1790489403.709135,45341.216293,45343.986428,2770.135,POST,/api/pipeline,True,,1622,82,200,4
1790489400.968025,1790489403.740774,45341.245318,45344.018067,2772.75,POST,/api/pipeline,True,,1620,83,200,4
1790489400.991851,1790489403.767848,45341.269143,45344.045141,2775.997,POST,/api/pipeline,True,,1621,84,200,4
1790489401.022105,1790489403.79493,45341.299398,45344.072222,2772.824,POST,/api/pipeline,True,,1622,85,200,4
1790489401.050171,1790489403.82486,45341.327464,45344.102153,2774.689,POST,/api/pipeline,True,,1622,86,200,4
1790489401.078555,1790489403.853486,45341.355848,45344.130779,2774.931,POST,/api/pipeline,True,,1621,87,200,4
1790489401.104766,1790489403.876963,45341.382059,45344.154256,2772.197,POST,/api/pipeline,True,,1622,88,200,4
1790489401.137374,1790489403.911302,45341.414667,45344.188595,2773.928,POST,/api/pipeline,True,,1621,89,200,4
1790489401.158164,1790489403.935513,45341.435457,45344.212806,2777.349,POST,/api/pipeline,True,,1622,90,200,4
1790489401.188572,1790489403.962234,45341.465865,45344.239527,2773.662,POST,/api/pipeline,True,,1622,91,200,4
1790489401.217803,1790489403.990433,45341.495095,45344.267725,2772.63,POST,/api/pipeline,True,,1622,92,200,4
1790489401.241369,1790489404.017124,45341.518662,45344.294417,2775.756,POST,/api/pipeline,True,,1622,93,200,4
1790489401.269981,1790489404.04411,45341.547273,45344.321402,2774.129,POST,/api/pipeline,True,,1620,94,200,4
1790489401.29493,1790489404.071993,45341.572222,45344.349286,2777.064,POST,/api/pipeline,True,,1622,95,200,4
1790489401.323917,1790489404.097468,45341.60121,45344.374761,2773.551,POST,/api/pipeline,True,,1622,96,200,4
1790489401.355254,1790489404.129419,45341.632547,45344.406712,2774.165,POST,/api/pipeline,True,,1622,97,200,4
1790489401.378623,1790489404.154503,45341.655916,45344.431796,2775.88,POST,/api/pipeline,True,,1622,98,200,4
1790489401.406552,1790489404.181336,45341.683845,45344.458629,2774.784,POST,/api/pipeline,True,,1621,99,200,4
1790489401.450352,1790489404.225345,45341.727645,45344.502638,2774.993,POST,/api/pipeline,True,,1621,0,200,4
1790489401.477123,1790489404.250384,45341.754416,45344.527677,2773.261,POST,/api/pipeline,True,,1621,1,200,4
1790489401.505717,1790489404.284623,45341.78301,45344.561916,2778.907,POST,/api/pipeline,True,,1622,2,200,4
1790489401.531698,1790489404.30428,45341.808991,45344.581573,2772.581,POST,/api/pipeline,True,,1622,3,200,4
1790489401.563339,1790489404.336703,45341.840632,45344.613996,2773.364,POST,/api/pipeline,True,,1621,4,200,4
1790489401.583272,1790489404.355056,45341.860565,45344.632349,2771.784,POST,/api/pipeline,True,,1620,5,200,4
1790489401.617957,1790489404.390555,45341.89525,45344.667848,2772.598,POST,/api/pipeline,True,,1621,6,200,4
1790489401.637379,1790489404.412021,45341.914672,45344.689314,2774.642,POST,/api/pipeline,True,,1622,7,200,4
1790489401.670442,1790489404.447158,45341.947734,45344.724451,2776.716,POST,/api/pipeline,True,,1622,8,200,4
1790489401.697226,1790489404.47068,45341.974519,45344.747973,2773.454,POST,/api/pipeline,True,,1622,9,200,4
1790489401.725812,1790489404.500361,45342.003104,45344.777654,2774.549,POST,/api/pipeline,True,,1621,10,200,4
1790489401.754486,1790489404.52895,45342.031779,45344.806243,2774.464,POST,/api/pipeline,True,,1621,11,200,4
1790489401.780634,1790489404.553458,45342.057927,45344.830751,2772.824,POST,/api/pipeline,True,,1622,12,200,4
1790489401.806578,1790489404.581148,45342.083871,45344.858441,2774.57,POST,/api/pipeline,True,,1621,13,200,4
1790489401.834223,1790489404.608168,45342.111516,45344.885461,2773.945,POST,/api/pipeline,True,,1621,14,200,4
1790489401.862599,1790489404.637217,45342.139892,45344.91451,2774.618,POST,/api/pipeline,True,,1622,15,200,4
1790489401.88941,1790489404.662263,45342.166703,45344.939556,2772.853,POST,/api/pipeline,True,,1622,16,200,4
1790489401.918473,1790489404.69235,45342.195766,45344.969643,2773.877,POST,/api/pipeline,True,,1622,17,200,4
1790489401.944654,1790489404.717764,45342.221947,45344.995057,2773.11,POST,/api/pipeline,True,,1622,18,200,4
1790489401.972772,1790489404.750149,45342.250065,45345.027442,2777.377,POST,/api/pipeline,True,,1620,19,200,4
1790489401.999434,1790489404.774545,45342.276727,45345.051838,2775.111,POST,/api/pipeline,True,,1622,20,200,4
1790489402.031594,1790489404.803105,45342.308887,45345.080398,2771.511,POST,/api/pipeline,True,,1622,21,200,4
1790489402.057019,1790489404.830956,45342.334311,45345.108248,2773.937,POST,/api/pipeline,True,,1620,22,200,4
1790489402.084001,1790489404.85792,45342.361294,45345.135213,2773.919,POST,/api/pipeline,True,,1621,23,200,4
1790489402.111484,1790489404.883222,45342.388776,45345.160515,2771.738,POST,/api/pipeline,True,,1622,24,200,4
1790489402.138031,1790489404.911519,45342.415324,45345.188812,2773.488,POST,/api/pipeline,True,,1620,25,200,4
1790489402.181792,1790489404.95518,45342.459085,45345.232473,2773.388,POST,/api/pipeline,True,,1622,26,200,4
1790489402.193527,1790489404.96884,45342.47082,45345.246133,2775.313,POST,/api/pipeline,True,,1622,27,200,4
1790489402.238952,1790489405.013595,45342.516245,45345.290888,2774.643,POST,/api/pipeline,True,,1622,28,200,4
1790489402.248856,1790489405.02152,45342.526148,45345.298813,2772.665,POST,/api/pipeline,True,,1621,29,200,4
1790489402.275727,1790489405.047647,45342.55302,45345.32494,2771.919,POST,/api/pipeline,True,,1622,30,200,4
1790489402.303413,1790489405.079,45342.580706,45345.356293,2775.588,POST,/api/pipeline,True,,1621,31,200,4
1790489402.330623,1790489405.10434,45342.607916,45345.381633,2773.717,POST,/api/pipeline,True,,1622,32,200,4
1790489402.359093,1790489405.132501,45342.636386,45345.409794,2773.408,POST,/api/pipeline,True,,1621,33,200,4
1790489402.38467,1790489405.158372,45342.661962,45345.435665,2773.702,POST,/api/pipeline,True,,1621,34,200,4
1790489402.414222,1790489405.187414,45342.691515,45345.464707,2773.192,POST,/api/pipeline,True,,1621,35,200,4
1790489402.46101,1790489405.234124,45342.738303,45345.511417,2773.115,POST,/api/pipeline,True,,1622,36,200,4
1790489402.468877,1790489405.244609,45342.74617,45345.521902,2775.732,POST,/api/pipeline,True,,1621,37,200,4
1790489402.49579,1790489405.271037,45342.773083,45345.54833,2775.247,POST,/api/pipeline,True,,1621,38,200,4
1790489402.528177,1790489405.302305,45342.80547,45345.579598,2774.128,POST,/api/pipeline,True,,1622,39,200,4
1790489402.554654,1790489405.329424,45342.831947,45345.606717,2774.77,POST,/api/pipeline,True,,1622,40,200,4
1790489402.5831,1790489405.35654,45342.860393,45345.633833,2773.439,POST,/api/pipeline,True,,1621,41,200,4
1790489402.609849,1790489405.382852,45342.887142,45345.660145,2773.003,POST,/api/pipeline,True,,1622,42,200,4
1790489402.637871,1790489405.409083,45342.915164,45345.686376,2771.212,POST,/api/pipeline,True,,1621,43,200,4
1790489402.663428,1790489405.436103,45342.940721,45345.713396,2772.675,POST,/api/pipeline,True,,1621,44,200,4
1790489402.688451,1790489405.46171,45342.965744,45345.739003,2773.259,POST,/api/pipeline,True,,1622,45,200,4
1790489402.717651,1790489405.489442,45342.994944,45345.766734,2771.791,POST,/api/pipeline,True,,1622,46,200,4
1790489402.744417,1790489405.517806,45343.02171,45345.795099,2773.389,POST,/api/pipeline,True,,1621,47,200,4
1790489402.772223,1790489405.547568,45343.049515,45345.824861,2775.345,POST,/api/pipeline,True,,1621,48,200,4
1790489402.801984,1790489405.576297,45343.079277,45345.85359,2774.313,POST,/api/pipeline,True,,1621,49,200,4
1790489402.829767,1790489405.602545,45343.107059,45345.879838,2772.779,POST,/api/pipeline,True,,1621,50,200,4
1790489402.856134,1790489405.631992,45343.133427,45345.909285,2775.858,POST,/api/pipeline,True,,1621,51,200,4
1790489402.884333,1790489405.661088,45343.161626,45345.938381,2776.754,POST,/api/pipeline,True,,1621,52,200,4
1790489402.911438,1790489405.684594,45343.188731,45345.961887,2773.155,POST,/api/pipeline,True,,1621,53,200,4
1790489402.940987,1790489405.712705,45343.21828,45345.989998,2771.718,POST,/api/pipeline,True,,1621,54,200,4
1790489402.978517,1790489405.751286,45343.25581,45346.028579,2772.769,POST,/api/pipeline,True,,1622,55,200,4
1790489402.994078,1790489405.7667,45343.271371,45346.043993,2772.622,POST,/api/pipeline,True,,1622,56,200,4
1790489403.021031,1790489405.793854,45343.298324,45346.071146,2772.823,POST,/api/pipeline,True,,1622,57,200,4
1790489403.047322,1790489405.819674,45343.324615,45346.096967,2772.351,POST,/api/pipeline,True,,1620,58,200,4
1790489403.076212,1790489405.851931,45343.353505,45346.129224,2775.719,POST,/api/pipeline,True,,1621,59,200,4
1790489403.119654,1790489405.891913,45343.396947,45346.169206,2772.259,POST,/api/pipeline,True,,1622,60,200,4
1790489403.134246,1790489405.907454,45343.411539,45346.184747,2773.208,POST,/api/pipeline,True,,1622,61,200,4
1790489403.161929,1790489405.934838,45343.439221,45346.21213,2772.909,POST,/api/pipeline,True,,1621,62,200,4
1790489403.188742,1790489405.961929,45343.466035,45346.239222,2773.187,POST,/api/pipeline,True,,1622,63,200,4
1790489403.21654,1790489405.989324,45343.493833,45346.266617,2772.784,POST,/api/pipeline,True,,1620,64,200,4
1790489403.24336,1790489406.019153,45343.520653,45346.296446,2775.793,POST,/api/pipeline,True,,1622,65,200,4
1790489403.270427,1790489406.045076,45343.54772,45346.322369,2774.65,POST,/api/pipeline,True,,1620,66,200,4
1790489403.300789,1790489406.072194,45343.578081,45346.349487,2771.406,POST,/api/pipeline,True,,1622,67,200,4
1790489403.324877,1790489406.097991,45343.602169,45346.375284,2773.114,POST,/api/pipeline,True,,1621,68,200,4
1790489403.352535,1790489406.127846,45343.629828,45346.405139,2775.311,POST,/api/pipeline,True,,1621,69,200,4
1790489403.377697,1790489406.157334,45343.654989,45346.434627,2779.637,POST,/api/pipeline,True,,1621,70,200,4
1790489403.408099,1790489406.18631,45343.685392,45346.463603,2778.211,POST,/api/pipeline,True,,1622,71,200,4
1790489403.439423,1790489406.212412,45343.716716,45346.489705,2772.989,POST,/api/pipeline,True,,1622,72,200,4
1790489403.467983,1790489406.240768,45343.745276,45346.518061,2772.785,POST,/api/pipeline,True,,1622,73,200,4
1790489403.494598,1790489406.270409,45343.771891,45346.547702,2775.811,POST,/api/pipeline,True,,1621,74,200,4
1790489403.52216,1790489406.295418,45343.799453,45346.57271,2773.258,POST,/api/pipeline,True,,1621,75,200,4
1790489403.551491,1790489406.322696,45343.828784,45346.599989,2771.205,POST,/api/pipeline,True,,1622,76,200,4
1790489403.58095,1790489406.354208,45343.858243,45346.6315,2773.257,POST,/api/pipeline,True,,1621,77,200,4
1790489403.604494,1790489406.375635,45343.881787,45346.652928,2771.141,POST,/api/pipeline,True,,1621,78,200,4
1790489403.629226,1790489406.403069,45343.906519,45346.680362,2773.842,POST,/api/pipeline,True,,1620,79,200,4
1790489403.654555,1790489406.429319,45343.931848,45346.706612,2774.764,POST,/api/pipeline,True,,1622,80,200,4
1790489403.683869,1790489406.458206,45343.961162,45346.735499,2774.336,POST,/api/pipeline,True,,1621,81,200,4
1790489403.709435,1790489406.485997,45343.986728,45346.76329,2776.562,POST,/api/pipeline,True,,1620,82,200,4
1790489403.741007,1790489406.515398,45344.0183,45346.792691,2774.39,POST,/api/pipeline,True,,1622,83,200,4
1790489403.768087,1790489406.543481,45344.04538,45346.820774,2775.394,POST,/api/pipeline,True,,1622,84,200,4
1790489403.795164,1790489406.567605,45344.072457,45346.844898,2772.441,POST,/api/pipeline,True,,1622,85,200,4
1790489403.8251,1790489406.597171,45344.102393,45346.874464,2772.071,POST,/api/pipeline,True,,1621,86,200,4
1790489403.853707,1790489406.627431,45344.131,45346.904724,2773.725,POST,/api/pipeline,True,,1622,87,200,4
1790489403.877175,1790489406.654328,45344.154468,45346.93162,2777.152,POST,/api/pipeline,True,,1621,88,200,4
1790489403.911525,1790489406.68463,45344.188818,45346.961923,2773.105,POST,/api/pipeline,True,,1621,89,200,4
1790489403.935728,1790489406.711603,45344.213021,45346.988896,2775.875,POST,/api/pipeline,True,,1622,90,200,4
1790489403.962475,1790489406.736437,45344.239767,45347.01373,2773.962,POST,/api/pipeline,True,,1621,91,200,4
1790489403.99066,1790489406.762177,45344.267953,45347.03947,2771.517,POST,/api/pipeline,True,,1619,92,200,4
1790489404.017378,1790489406.79256,45344.294671,45347.069853,2775.181,POST,/api/pipeline,True,,1622,93,200,4
1790489404.044343,1790489406.815921,45344.321636,45347.093214,2771.578,POST,/api/pipeline,True,,1622,94,200,4
1790489404.072209,1790489406.845208,45344.349502,45347.122501,2772.999,POST,/api/pipeline,True,,1622,95,200,4
1790489404.097689,1790489406.871892,45344.374982,45347.149185,2774.203,POST,/api/pipeline,True,,1619,96,200,4
1790489404.12968,1790489406.90058,45344.406972,45347.177873,2770.9,POST,/api/pipeline,True,,1621,97,200,4
1790489404.154809,1790489406.926257,45344.432102,45347.20355,2771.448,POST,/api/pipeline,True,,1621,98,200,4
1790489404.181614,1790489406.95539,45344.458907,45347.232683,2773.776,POST,/api/pipeline,True,,1621,99,200,4
1790489404.225576,1790489407.00198,45344.502869,45347.279273,2776.404,POST,/api/pipeline,True,,1621,0,200,4
1790489404.2506,1790489407.022149,45344.527893,45347.299442,2771.549,POST,/api/pipeline,True,,1620,1,200,4
1790489404.284905,1790489407.057663,45344.562198,45347.334956,2772.758,POST,/api/pipeline,True,,1622,2,200,4
1790489404.304525,1790489407.076399,45344.581818,45347.353692,2771.874,POST,/api/pipeline,True,,1621,3,200,4
1790489404.336949,1790489407.111494,45344.614242,45347.388787,2774.545,POST,/api/pipeline,True,,1622,4,200,4
1790489404.355296,1790489407.128719,45344.632589,45347.406012,2773.423,POST,/api/pipeline,True,,1621,5,200,4
1790489404.390862,1790489407.166356,45344.668155,45347.443649,2775.494,POST,/api/pipeline,True,,1622,6,200,4
1790489404.412295,1790489407.184964,45344.689588,45347.462257,2772.67,POST,/api/pipeline,True,,1619,7,200,4
1790489404.447457,1790489407.219777,45344.72475,45347.49707,2772.32,POST,/api/pipeline,True,,1621,8,200,4
1790489404.471034,1790489407.244995,45344.748326,45347.522288,2773.961,POST,/api/pipeline,True,,1622,9,200,4
1790489404.500602,1790489407.274477,45344.777895,45347.55177,2773.875,POST,/api/pipeline,True,,1622,10,200,4
1790489404.529398,1790489407.302455,45344.806691,45347.579748,2773.056,POST,/api/pipeline,True,,1622,11,200,4
1790489404.553701,1790489407.327605,45344.830994,45347.604898,2773.904,POST,/api/pipeline,True,,1622,12,200,4
1790489404.581383,1790489407.361022,45344.858676,45347.638315,2779.639,POST,/api/pipeline,True,,1622,13,200,4
1790489404.608396,1790489407.381377,45344.885689,45347.65867,2772.981,POST,/api/pipeline,True,,1619,14,200,4
1790489404.637443,1790489407.414616,45344.914736,45347.691909,2777.173,POST,/api/pipeline,True,,1622,15,200,4
1790489404.662554,1790489407.436296,45344.939847,45347.713589,2773.742,POST,/api/pipeline,True,,1621,16,200,4
1790489404.692595,1790489407.467168,45344.969888,45347.744461,2774.573,POST,/api/pipeline,True,,1620,17,200,4
1790489404.717999,1790489407.491488,45344.995292,45347.768781,2773.49,POST,/api/pipeline,True,,1622,18,200,4
1790489404.750357,1790489407.521788,45345.02765,45347.799081,2771.431,POST,/api/pipeline,True,,1621,19,200,4
1790489404.774837,1790489407.550594,45345.05213,45347.827887,2775.757,POST,/api/pipeline,True,,1622,20,200,4
1790489404.803362,1790489407.576899,45345.080655,45347.854192,2773.538,POST,/api/pipeline,True,,1621,21,200,4
1790489404.831255,1790489407.604999,45345.108548,45347.882292,2773.743,POST,/api/pipeline,True,,1622,22,200,4
1790489404.858195,1790489407.631223,45345.135488,45347.908516,2773.028,POST,/api/pipeline,True,,1622,23,200,4
1790489404.883474,1790489407.658108,45345.160767,45347.935401,2774.634,POST,/api/pipeline,True,,1622,24,200,4
1790489404.911795,1790489407.685835,45345.189088,45347.963128,2774.04,POST,/api/pipeline,True,,1622,25,200,4
1790489404.955422,1790489407.730229,45345.232715,45348.007522,2774.807,POST,/api/pipeline,True,,1622,26,200,4
1790489404.969119,1790489407.748739,45345.246412,45348.026032,2779.62,POST,/api/pipeline,True,,1619,27,200,4
1790489405.013853,1790489407.788394,45345.291146,45348.065687,2774.54,POST,/api/pipeline,True,,1622,28,200,4
1790489405.021784,1790489407.794544,45345.299076,45348.071837,2772.761,POST,/api/pipeline,True,,1621,29,200,4
1790489405.047854,1790489407.821253,45345.325147,45348.098545,2773.398,POST,/api/pipeline,True,,1622,30,200,4
1790489405.079278,1790489407.852373,45345.356571,45348.129666,2773.095,POST,/api/pipeline,True,,1622,31,200,4
1790489405.104548,1790489407.875134,45345.381841,45348.152427,2770.586,POST,/api/pipeline,True,,1621,32,200,4
1790489405.132733,1790489407.904826,45345.410025,45348.182118,2772.093,POST,/api/pipeline,True,,1622,33,200,4
1790489405.158594,1790489407.933119,45345.435887,45348.210411,2774.524,POST,/api/pipeline,True,,1622,34,200,4
1790489405.187656,1790489407.963345,45345.464949,45348.240638,2775.688,POST,/api/pipeline,True,,1622,35,200,4
1790489405.23435,1790489408.00719,45345.511643,45348.284483,2772.84,POST,/api/pipeline,True,,1619,36,200,4
1790489405.244822,1790489408.018163,45345.522115,45348.295456,2773.341,POST,/api/pipeline,True,,1620,37,200,4
1790489405.271426,1790489408.045657,45345.548719,45348.32295,2774.231,POST,/api/pipeline,True,,1622,38,200,4
1790489405.302534,1790489408.076507,45345.579827,45348.3538,2773.974,POST,/api/pipeline,True,,1620,39,200,4
1790489405.329669,1790489408.101068,45345.606962,45348.378361,2771.399,POST,/api/pipeline,True,,1622,40,200,4
1790489405.356775,1790489408.129463,45345.634067,45348.406756,2772.688,POST,/api/pipeline,True,,1622,41,200,4
1790489405.383098,1790489408.155195,45345.660391,45348.432488,2772.098,POST,/api/pipeline,True,,1621,42,200,4
1790489405.409317,1790489408.183228,45345.686609,45348.460521,2773.911,POST,/api/pipeline,True,,1622,43,200,4
1790489405.436338,1790489408.208652,45345.713631,45348.485945,2772.315,POST,/api/pipeline,True,,1620,44,200,4
1790489405.461974,1790489408.236237,45345.739267,45348.51353,2774.263,POST,/api/pipeline,True,,1620,45,200,4
1790489405.489692,1790489408.267407,45345.766985,45348.5447,2777.715,POST,/api/pipeline,True,,1621,46,200,4
1790489405.518047,1790489408.294955,45345.79534,45348.572247,2776.908,POST,/api/pipeline,True,,1617,47,200,4
1790489405.547792,1790489408.321846,45345.825085,45348.599138,2774.053,POST,/api/pipeline,True,,1621,48,200,4
1790489405.576529,1790489408.352728,45345.853822,45348.630021,2776.199,POST,/api/pipeline,True,,1622,49,200,4
1790489405.603062,1790489408.379101,45345.880354,45348.656393,2776.039,POST,/api/pipeline,True,,1622,50,200,4
1790489405.632238,1790489408.404065,45345.909531,45348.681358,2771.826,POST,/api/pipeline,True,,1621,51,200,4
1790489405.661328,1790489408.43386,45345.938621,45348.711153,2772.533,POST,/api/pipeline,True,,1622,52,200,4
1790489405.684819,1790489408.461304,45345.962112,45348.738597,2776.486,POST,/api/pipeline,True,,1621,53,200,4
1790489405.712952,1790489408.487532,45345.990245,45348.764825,2774.58,POST,/api/pipeline,True,,1621,54,200,4
1790489405.75152,1790489408.523394,45346.028813,45348.800687,2771.875,POST,/api/pipeline,True,,1620,55,200,4
1790489405.767041,1790489408.539617,45346.044334,45348.81691,2772.576,POST,/api/pipeline,True,,1622,56,200,4
1790489405.794057,1790489408.568993,45346.07135,45348.846286,2774.935,POST,/api/pipeline,True,,1621,57,200,4
1790489405.819902,1790489408.594383,45346.097195,45348.871676,2774.481,POST,/api/pipeline,True,,1620,58,200,4
1790489405.852145,1790489408.624508,45346.129438,45348.901801,2772.363,POST,/api/pipeline,True,,1621,59,200,4
1790489405.892091,1790489408.663928,45346.169384,45348.941221,2771.837,POST,/api/pipeline,True,,1621,60,200,4
1790489405.907684,1790489408.679583,45346.184977,45348.956876,2771.899,POST,/api/pipeline,True,,1622,61,200,4
1790489405.93512,1790489408.710502,45346.212413,45348.987795,2775.383,POST,/api/pipeline,True,,1622,62,200,4
1790489405.962162,1790489408.737621,45346.239455,45349.014914,2775.459,POST,/api/pipeline,True,,1622,63,200,4
1790489405.989582,1790489408.763892,45346.266875,45349.041185,2774.31,POST,/api/pipeline,True,,1622,64,200,4
1790489406.019423,1790489408.791247,45346.296716,45349.06854,2771.825,POST,/api/pipeline,True,,1621,65,200,4
1790489406.045325,1790489408.817708,45346.322618,45349.095002,2772.384,POST,/api/pipeline,True,,1621,66,200,4
1790489406.072459,1790489408.849793,45346.349752,45349.127086,2777.334,POST,/api/pipeline,True,,1621,67,200,4
1790489406.098225,1790489408.875947,45346.375518,45349.15324,2777.722,POST,/api/pipeline,True,,1621,68,200,4
1790489406.128081,1790489408.902521,45346.405374,45349.179814,2774.44,POST,/api/pipeline,True,,1622,69,200,4
1790489406.157575,1790489408.93286,45346.434868,45349.210153,2775.285,POST,/api/pipeline,True,,1622,70,200,4
1790489406.186518,1790489408.959805,45346.463811,45349.237098,2773.286,POST,/api/pipeline,True,,1620,71,200,4
1790489406.212659,1790489408.989097,45346.489952,45349.26639,2776.438,POST,/api/pipeline,True,,1621,72,200,4
1790489406.24101,1790489409.014063,45346.518303,45349.291356,2773.053,POST,/api/pipeline,True,,1620,73,200,4
1790489406.270644,1790489409.0442,45346.547937,45349.321493,2773.556,POST,/api/pipeline,True,,1622,74,200,4
1790489406.295651,1790489409.072532,45346.572944,45349.349826,2776.882,POST,/api/pipeline,True,,1621,75,200,4
1790489406.32305,1790489409.09702,45346.600343,45349.374313,2773.971,POST,/api/pipeline,True,,1622,76,200,4
1790489406.354445,1790489409.127331,45346.631738,45349.404623,2772.886,POST,/api/pipeline,True,,1620,77,200,4
1790489406.37587,1790489409.149434,45346.653163,45349.426726,2773.564,POST,/api/pipeline,True,,1622,78,200,4
1790489406.403303,1790489409.178167,45346.680595,45349.45546,2774.864,POST,/api/pipeline,True,,1621,79,200,4
1790489406.429593,1790489409.204564,45346.706886,45349.481856,2774.971,POST,/api/pipeline,True,,1621,80,200,4
1790489406.458451,1790489409.233802,45346.735744,45349.511095,2775.351,POST,/api/pipeline,True,,1621,81,200,4
1790489406.486264,1790489409.261431,45346.763557,45349.538724,2775.168,POST,/api/pipeline,True,,1622,82,200,4
1790489406.51566,1790489409.287922,45346.792953,45349.565215,2772.262,POST,/api/pipeline,True,,1621,83,200,4
1790489406.543724,1790489409.316368,45346.821017,45349.593661,2772.644,POST,/api/pipeline,True,,1622,84,200,4
1790489406.567856,1790489409.343931,45346.845149,45349.621224,2776.076,POST,/api/pipeline,True,,1622,85,200,4
1790489406.597436,1790489409.374493,45346.874729,45349.651786,2777.056,POST,/api/pipeline,True,,1622,86,200,4
1790489406.62766,1790489409.403079,45346.904953,45349.680372,2775.419,POST,/api/pipeline,True,,1622,87,200,4
1790489406.65456,1790489409.42949,45346.931853,45349.706782,2774.93,POST,/api/pipeline,True,,1622,88,200,4
1790489406.684867,1790489409.461279,45346.962161,45349.738573,2776.412,POST,/api/pipeline,True,,1622,89,200,4
1790489406.711843,1790489409.485436,45346.989135,45349.762729,2773.593,POST,/api/pipeline,True,,1622,90,200,4
1790489406.736668,1790489409.511483,45347.013961,45349.788776,2774.815,POST,/api/pipeline,True,,1621,91,200,4
1790489406.762411,1790489409.535395,45347.039704,45349.812688,2772.984,POST,/api/pipeline,True,,1622,92,200,4
1790489406.792793,1790489409.566148,45347.070087,45349.843441,2773.355,POST,/api/pipeline,True,,1621,93,200,4
1790489406.816154,1790489409.589605,45347.093447,45349.866898,2773.451,POST,/api/pipeline,True,,1622,94,200,4
1790489406.845402,1790489409.618203,45347.122695,45349.895496,2772.801,POST,/api/pipeline,True,,1622,95,200,4
1790489406.872166,1790489409.645096,45347.149459,45349.922389,2772.93,POST,/api/pipeline,True,,1622,96,200,4
1790489406.900797,1790489409.673631,45347.17809,45349.950923,2772.834,POST,/api/pipeline,True,,1622,97,200,4
1790489406.926464,1790489409.69972,45347.203756,45349.977013,2773.256,POST,/api/pipeline,True,,1621,98,200,4
1790489406.955624,1790489409.728206,45347.232916,45350.005499,2772.583,POST,/api/pipeline,True,,1622,99,200,4
1790489407.002233,1790489409.776867,45347.279526,45350.054159,2774.633,POST,/api/pipeline,True,,1622,0,200,4
1790489407.022377,1790489409.795413,45347.29967,45350.072707,2773.036,POST,/api/pipeline,True,,1620,1,200,4
1790489407.057906,1790489409.831605,45347.335199,45350.108898,2773.699,POST,/api/pipeline,True,,1622,2,200,4
1790489407.076637,1790489409.850368,45347.35393,45350.127661,2773.731,POST,/api/pipeline,True,,1622,3,200,4
1790489407.111735,1790489409.885349,45347.389028,45350.162642,2773.613,POST,/api/pipeline,True,,1620,4,200,4
1790489407.128951,1790489409.904136,45347.406244,45350.181429,2775.185,POST,/api/pipeline,True,,1621,5,200,4
1790489407.166594,1790489409.937669,45347.443887,45350.214963,2771.075,POST,/api/pipeline,True,,1621,6,200,4
1790489407.18525,1790489409.957745,45347.462543,45350.235038,2772.495,POST,/api/pipeline,True,,1622,7,200,4
1790489407.220048,1790489409.99245,45347.497341,45350.269743,2772.402,POST,/api/pipeline,True,,1621,8,200,4
1790489407.24522,1790489410.017843,45347.522513,45350.295137,2772.624,POST,/api/pipeline,True,,1622,9,200,4
1790489407.274692,1790489410.045407,45347.551985,45350.3227,2770.715,POST,/api/pipeline,True,,1620,10,200,4
1790489407.302667,1790489410.077104,45347.57996,45350.354397,2774.437,POST,/api/pipeline,True,,1621,11,200,4
1790489407.327862,1790489410.101026,45347.605154,45350.378319,2773.165,POST,/api/pipeline,True,,1621,12,200,4
1790489407.361249,1790489410.134298,45347.638542,45350.411591,2773.049,POST,/api/pipeline,True,,1621,13,200,4
1790489407.381607,1790489410.153672,45347.6589,45350.430964,2772.065,POST,/api/pipeline,True,,1619,14,200,4
1790489407.414941,1790489410.185861,45347.692235,45350.463154,2770.92,POST,/api/pipeline,True,,1621,15,200,4
1790489407.436529,1790489410.209829,45347.713822,45350.487122,2773.299,POST,/api/pipeline,True,,1622,16,200,4
1790489407.46754,1790489410.240124,45347.744833,45350.517417,2772.584,POST,/api/pipeline,True,,1621,17,200,4
1790489407.491713,1790489410.268061,45347.769005,45350.545354,2776.349,POST,/api/pipeline,True,,1620,18,200,4
1790489407.52202,1790489410.298285,45347.799313,45350.575578,2776.265,POST,/api/pipeline,True,,1621,19,200,4
1790489407.551009,1790489410.322834,45347.828302,45350.600127,2771.826,POST,/api/pipeline,True,,1621,20,200,4
1790489407.577149,1790489410.349399,45347.854442,45350.626692,2772.25,POST,/api/pipeline,True,,1621,21,200,4
1790489407.605293,1790489410.379515,45347.882586,45350.656808,2774.222,POST,/api/pipeline,True,,1621,22,200,4
1790489407.631467,1790489410.404474,45347.90876,45350.681767,2773.007,POST,/api/pipeline,True,,1621,23,200,4
1790489407.658385,1790489410.431297,45347.935678,45350.708589,2772.912,POST,/api/pipeline,True,,1621,24,200,4
1790489407.686085,1790489410.459767,45347.963378,45350.73706,2773.682,POST,/api/pipeline,True,,1622,25,200,4
1790489407.730481,1790489410.504885,45348.007774,45350.782178,2774.404,POST,/api/pipeline,True,,1622,26,200,4
1790489407.748965,1790489410.521596,45348.026258,45350.798889,2772.631,POST,/api/pipeline,True,,1622,27,200,4
1790489407.788642,1790489410.562116,45348.065935,45350.839409,2773.474,POST,/api/pipeline,True,,1621,28,200,4
1790489407.794735,1790489410.566479,45348.072028,45350.843772,2771.745,POST,/api/pipeline,True,,1622,29,200,4
1790489407.821494,1790489410.593373,45348.098787,45350.870666,2771.878,POST,/api/pipeline,True,,1620,30,200,4
1790489407.852606,1790489410.623585,45348.129899,45350.900878,2770.979,POST,/api/pipeline,True,,1622,31,200,4
1790489407.875384,1790489410.648148,45348.152677,45350.925441,2772.764,POST,/api/pipeline,True,,1622,32,200,4
1790489407.90503,1790489410.684612,45348.182324,45350.961905,2779.581,POST,/api/pipeline,True,,1620,33,200,4
1790489407.933372,1790489410.705713,45348.210665,45350.983005,2772.341,POST,/api/pipeline,True,,1622,34,200,4
1790489407.963573,1790489410.738316,45348.240865,45351.015609,2774.743,POST,/api/pipeline,True,,1622,35,200,4
1790489408.007444,1790489410.780188,45348.284737,45351.057481,2772.744,POST,/api/pipeline,True,,1622,36,200,4
1790489408.01842,1790489410.792244,45348.295714,45351.069538,2773.824,POST,/api/pipeline,True,,1620,37,200,4
1790489408.045889,1790489410.819682,45348.323182,45351.096975,2773.793,POST,/api/pipeline,True,,1622,38,200,4
1790489408.07673,1790489410.849122,45348.354024,45351.126415,2772.391,POST,/api/pipeline,True,,1621,39,200,4
1790489408.101339,1790489410.873777,45348.378632,45351.15107,2772.439,POST,/api/pipeline,True,,1620,40,200,4
1790489408.12974,1790489410.903608,45348.407033,45351.1809,2773.867,POST,/api/pipeline,True,,1621,41,200,4
1790489408.155425,1790489410.926361,45348.432718,45351.203654,2770.936,POST,/api/pipeline,True,,1622,42,200,4
1790489408.183475,1790489410.95541,45348.460768,45351.232703,2771.935,POST,/api/pipeline,True,,1622,43,200,4
1790489408.208888,1790489410.985503,45348.486181,45351.262796,2776.615,POST,/api/pipeline,True,,1622,44,200,4
1790489408.236598,1790489411.01079,45348.51389,45351.288083,2774.192,POST,/api/pipeline,True,,1622,45,200,4
1790489408.267673,1790489411.039309,45348.544966,45351.316602,2771.635,POST,/api/pipeline,True,,1621,46,200,4
1790489408.295233,1790489411.06954,45348.572526,45351.346833,2774.306,POST,/api/pipeline,True,,1622,47,200,4
1790489408.322085,1790489411.096649,45348.599378,45351.373942,2774.564,POST,/api/pipeline,True,,1620,48,200,4
1790489408.35298,1790489411.126961,45348.630273,45351.404254,2773.98,POST,/api/pipeline,True,,1621,49,200,4
1790489408.37939,1790489411.154125,45348.656684,45351.431418,2774.734,POST,/api/pipeline,True,,1621,50,200,4
1790489408.404293,1790489411.179618,45348.681586,45351.456911,2775.325,POST,/api/pipeline,True,,1621,51,200,4
1790489408.434108,1790489411.206012,45348.7114,45351.483305,2771.904,POST,/api/pipeline,True,,1622,52,200,4
1790489408.461545,1790489411.234467,45348.738838,45351.51176,2772.922,POST,/api/pipeline,True,,1622,53,200,4
1790489408.48777,1790489411.260404,45348.765064,45351.537697,2772.633,POST,/api/pipeline,True,,1622,54,200,4
1790489408.523739,1790489411.294868,45348.801032,45351.57216,2771.128,POST,/api/pipeline,True,,1622,55,200,4
1790489408.539845,1790489411.313426,45348.817138,45351.590719,2773.581,POST,/api/pipeline,True,,1622,56,200,4
1790489408.569215,1790489411.342625,45348.846508,45351.619918,2773.41,POST,/api/pipeline,True,,1622,57,200,4
1790489408.594618,1790489411.369296,45348.871911,45351.646589,2774.678,POST,/api/pipeline,True,,1622,58,200,4
1790489408.624792,1790489411.398162,45348.902085,45351.675455,2773.37,POST,/api/pipeline,True,,1619,59,200,4
1790489408.664144,1790489411.437675,45348.941437,45351.714968,2773.53,POST,/api/pipeline,True,,1621,60,200,4
1790489408.679837,1790489411.456505,45348.957129,45351.733798,2776.668,POST,/api/pipeline,True,,1621,61,200,4
1790489408.710769,1790489411.482546,45348.988062,45351.759839,2771.777,POST,/api/pipeline,True,,1622,62,200,4
1790489408.737864,1790489411.509805,45349.015157,45351.787098,2771.94,POST,/api/pipeline,True,,1621,63,200,4
1790489408.764179,1790489411.53599,45349.041472,45351.813282,2771.81,POST,/api/pipeline,True,,1622,64,200,4
1790489408.791529,1790489411.568154,45349.068822,45351.845447,2776.625,POST,/api/pipeline,True,,1621,65,200,4
1790489408.817942,1790489411.595061,45349.095235,45351.872353,2777.119,POST,/api/pipeline,True,,1622,66,200,4
1790489408.850069,1790489411.622507,45349.127362,45351.8998,2772.438,POST,/api/pipeline,True,,1622,67,200,4
1790489408.876176,1790489411.650203,45349.153469,45351.927496,2774.026,POST,/api/pipeline,True,,1622,68,200,4
1790489408.902733,1790489411.677459,45349.180026,45351.954751,2774.726,POST,/api/pipeline,True,,1622,69,200,4
1790489408.933113,1790489411.705906,45349.210406,45351.983199,2772.793,POST,/api/pipeline,True,,1619,70,200,4
1790489408.960013,1790489411.732646,45349.237306,45352.009939,2772.633,POST,/api/pipeline,True,,1621,71,200,4
1790489408.989299,1790489411.768914,45349.266592,45352.046207,2779.616,POST,/api/pipeline,True,,1622,72,200,4
1790489409.014344,1790489411.790578,45349.291637,45352.067871,2776.234,POST,/api/pipeline,True,,1622,73,200,4
1790489409.044427,1790489411.81697,45349.32172,45352.094263,2772.543,POST,/api/pipeline,True,,1622,74,200,4
1790489409.072753,1790489411.847786,45349.350046,45352.125079,2775.033,POST,/api/pipeline,True,,1622,75,200,4
1790489409.097255,1790489411.872025,45349.374548,45352.149318,2774.769,POST,/api/pipeline,True,,1621,76,200,4
1790489409.127597,1790489411.898938,45349.40489,45352.17623,2771.341,POST,/api/pipeline,True,,1620,77,200,4
1790489409.149683,1790489411.923394,45349.426976,45352.200687,2773.711,POST,/api/pipeline,True,,1622,78,200,4
1790489409.178406,1790489411.952574,45349.455698,45352.229867,2774.168,POST,/api/pipeline,True,,1621,79,200,4
1790489409.204804,1790489411.979332,45349.482097,45352.256625,2774.528,POST,/api/pipeline,True,,1618,80,200,4
1790489409.234114,1790489412.007162,45349.511407,45352.284455,2773.048,POST,/api/pipeline,True,,1622,81,200,4
1790489409.261698,1790489412.033496,45349.538991,45352.310788,2771.798,POST,/api/pipeline,True,,1620,82,200,4
1790489409.288187,1790489412.062151,45349.56548,45352.339444,2773.964,POST,/api/pipeline,True,,1622,83,200,4
1790489409.316595,1790489412.091354,45349.593888,45352.368647,2774.759,POST,/api/pipeline,True,,1622,84,200,4
1790489409.344201,1790489412.12002,45349.621494,45352.397313,2775.819,POST,/api/pipeline,True,,1622,85,200,4
1790489409.374811,1790489412.149241,45349.652104,45352.426534,2774.43,POST,/api/pipeline,True,,1622,86,200,4
1790489409.403303,1790489412.178159,45349.680597,45352.455452,2774.855,POST,/api/pipeline,True,,1621,87,200,4
1790489409.429737,1790489412.206325,45349.70703,45352.483618,2776.588,POST,/api/pipeline,True,,1622,88,200,4
1790489409.461511,1790489412.232382,45349.738804,45352.509675,2770.87,POST,/api/pipeline,True,,1622,89,200,4
1790489409.485771,1790489412.258835,45349.763064,45352.536127,2773.064,POST,/api/pipeline,True,,1622,90,200,4
1790489409.511718,1790489412.285225,45349.789011,45352.562518,2773.507,POST,/api/pipeline,True,,1621,91,200,4
1790489409.535631,1790489412.30898,45349.812924,45352.586272,2773.348,POST,/api/pipeline,True,,1622,92,200,4
1790489409.566377,1790489412.338399,45349.84367,45352.615692,2772.022,POST,/api/pipeline,True,,1622,93,200,4
1790489409.589831,1790489412.364174,45349.867124,45352.641467,2774.343,POST,/api/pipeline,True,,1621,94,200,4
1790489409.618431,1790489412.393321,45349.895723,45352.670613,2774.89,POST,/api/pipeline,True,,1622,95,200,4
1790489409.645323,1790489412.418455,45349.922616,45352.695748,2773.132,POST,/api/pipeline,True,,1622,96,200,4
1790489409.673871,1790489412.44659,45349.951164,45352.723883,2772.719,POST,/api/pipeline,True,,1620,97,200,4
1790489409.699957,1790489412.47349,45349.97725,45352.750783,2773.532,POST,/api/pipeline,True,,1621,98,200,4
1790489409.728449,1790489412.501541,45350.005741,45352.778833,2773.092,POST,/api/pipeline,True,,1622,99,200,4
1790489409.777151,1790489412.551144,45350.054444,45352.828437,2773.993,POST,/api/pipeline,True,,1622,0,200,4
1790489409.795658,1790489412.569026,45350.072951,45352.846319,2773.368,POST,/api/pipeline,True,,1622,1,200,4
1790489409.831857,1790489412.604075,45350.10915,45352.881368,2772.218,POST,/api/pipeline,True,,1621,2,200,4
1790489409.850601,1790489412.622407,45350.127894,45352.8997,2771.805,POST,/api/pipeline,True,,1622,3,200,4
1790489409.885594,1790489412.659549,45350.162887,45352.936842,2773.955,POST,/api/pipeline,True,,1620,4,200,4
1790489409.904392,1790489412.677402,45350.181685,45352.954695,2773.01,POST,/api/pipeline,True,,1622,5,200,4
1790489409.937912,1790489412.716542,45350.215205,45352.993834,2778.629,POST,/api/pipeline,True,,1622,6,200,4
1790489409.958034,1790489412.731593,45350.235327,45353.008886,2773.56,POST,/api/pipeline,True,,1619,7,200,4
1790489409.992721,1790489412.766395,45350.270014,45353.043688,2773.675,POST,/api/pipeline,True,,1622,8,200,4
1790489410.018044,1790489412.7916,45350.295337,45353.068893,2773.556,POST,/api/pipeline,True,,1619,9,200,4
1790489410.045579,1790489412.817921,45350.322872,45353.095214,2772.343,POST,/api/pipeline,True,,1622,10,200,4
1790489410.077313,1790489412.850101,45350.354606,45353.127394,2772.788,POST,/api/pipeline,True,,1621,11,200,4
1790489410.10131,1790489412.873649,45350.378603,45353.150942,2772.339,POST,/api/pipeline,True,,1622,12,200,4
1790489410.134526,1790489412.905302,45350.411819,45353.182595,2770.776,POST,/api/pipeline,True,,1621,13,200,4
1790489410.15389,1790489412.927667,45350.431183,45353.20496,2773.777,POST,/api/pipeline,True,,1622,14,200,4
1790489410.186074,1790489412.958447,45350.463367,45353.23574,2772.373,POST,/api/pipeline,True,,1622,15,200,4
1790489410.210057,1790489412.984644,45350.48735,45353.261937,2774.587,POST,/api/pipeline,True,,1620,16,200,4
1790489410.240399,1790489413.0165,45350.517692,45353.293793,2776.101,POST,/api/pipeline,True,,1621,17,200,4
1790489410.268286,1790489413.042603,45350.545579,45353.319896,2774.317,POST,/api/pipeline,True,,1622,18,200,4
1790489410.298493,1790489413.068627,45350.575786,45353.34592,2770.134,POST,/api/pipeline,True,,1620,19,200,4
1790489410.323069,1790489413.098204,45350.600362,45353.375497,2775.136,POST,/api/pipeline,True,,1622,20,200,4
1790489410.349619,1790489413.121433,45350.626912,45353.398726,2771.814,POST,/api/pipeline,True,,1621,21,200,4
1790489410.379772,1790489413.152071,45350.657065,45353.429364,2772.298,POST,/api/pipeline,True,,1622,22,200,4
1790489410.404699,1790489413.178177,45350.681992,45353.45547,2773.478,POST,/api/pipeline,True,,1620,23,200,4
1790489410.431535,1790489413.205784,45350.708828,45353.483077,2774.249,POST,/api/pipeline,True,,1620,24,200,4
1790489410.460001,1790489413.232293,45350.737294,45353.509585,2772.291,POST,/api/pipeline,True,,1622,25,200,4
1790489410.505123,1790489413.279109,45350.782416,45353.556402,2773.986,POST,/api/pipeline,True,,1622,26,200,4
1790489410.52181,1790489413.293666,45350.799103,45353.570958,2771.856,POST,/api/pipeline,True,,1621,27,200,4
1790489410.562404,1790489413.336045,45350.839697,45353.613338,2773.641,POST,/api/pipeline,True,,1621,28,200,4
1790489410.566663,1790489413.338078,45350.843955,45353.615371,2771.416,POST,/api/pipeline,True,,1620,29,200,4
1790489410.593622,1790489413.367515,45350.870915,45353.644807,2773.892,POST,/api/pipeline,True,,1622,30,200,4
1790489410.623812,1790489413.400934,45350.901105,45353.678227,2777.122,POST,/api/pipeline,True,,1622,31,200,4
1790489410.648372,1790489413.422523,45350.925665,45353.699816,2774.151,POST,/api/pipeline,True,,1621,32,200,4
1790489410.684856,1790489413.458917,45350.962149,45353.736209,2774.06,POST,/api/pipeline,True,,1621,33,200,4
1790489410.705978,1790489413.482024,45350.983271,45353.759317,2776.047,POST,/api/pipeline,True,,1622,34,200,4
1790489410.738548,1790489413.510266,45351.015841,45353.787559,2771.718,POST,/api/pipeline,True,,1620,35,200,4
1790489410.780409,1790489413.552493,45351.057702,45353.829786,2772.085,POST,/api/pipeline,True,,1621,36,200,4
1790489410.792495,1790489413.569068,45351.069788,45353.846361,2776.573,POST,/api/pipeline,True,,1622,37,200,4
1790489410.819917,1790489413.593711,45351.097209,45353.871004,2773.794,POST,/api/pipeline,True,,1622,38,200,4
1790489410.84942,1790489413.621826,45351.126713,45353.899119,2772.406,POST,/api/pipeline,True,,1622,39,200,4
1790489410.874043,1790489413.647751,45351.151336,45353.925044,2773.708,POST,/api/pipeline,True,,1620,40,200,4
1790489410.903872,1790489413.676887,45351.181165,45353.95418,2773.015,POST,/api/pipeline,True,,1621,41,200,4
1790489410.926601,1790489413.70218,45351.203894,45353.979473,2775.58,POST,/api/pipeline,True,,1620,42,200,4
1790489410.955668,1790489413.728875,45351.232961,45354.006168,2773.207,POST,/api/pipeline,True,,1621,43,200,4
1790489410.985789,1790489413.757712,45351.263082,45354.035005,2771.923,POST,/api/pipeline,True,,1621,44,200,4
1790489411.011056,1790489413.784442,45351.288349,45354.061735,2773.386,POST,/api/pipeline,True,,1621,45,200,4
1790489411.039528,1790489413.815487,45351.316821,45354.09278,2775.959,POST,/api/pipeline,True,,1622,46,200,4
1790489411.069755,1790489413.844173,45351.347048,45354.121466,2774.418,POST,/api/pipeline,True,,1622,47,200,4
1790489411.096902,1790489413.872815,45351.374195,45354.150108,2775.913,POST,/api/pipeline,True,,1621,48,200,4
1790489411.127312,1790489413.898167,45351.404605,45354.17546,2770.855,POST,/api/pipeline,True,,1622,49,200,4
1790489411.154354,1790489413.925896,45351.431646,45354.203189,2771.542,POST,/api/pipeline,True,,1620,50,200,4
1790489411.17986,1790489413.953117,45351.457153,45354.23041,2773.258,POST,/api/pipeline,True,,1622,51,200,4
1790489411.206256,1790489413.98056,45351.483549,45354.257853,2774.304,POST,/api/pipeline,True,,1622,52,200,4
1790489411.234707,1790489414.01127,45351.512,45354.288562,2776.563,POST,/api/pipeline,True,,1622,53,200,4
1790489411.260641,1790489414.035053,45351.537934,45354.312346,2774.412,POST,/api/pipeline,True,,1621,54,200,4
1790489411.295095,1790489414.066092,45351.572388,45354.343385,2770.997,POST,/api/pipeline,True,,1622,55,200,4
1790489411.313699,1790489414.086983,45351.590992,45354.364276,2773.284,POST,/api/pipeline,True,,1620,56,200,4
1790489411.342951,1790489414.115393,45351.620244,45354.392686,2772.442,POST,/api/pipeline,True,,1620,57,200,4
1790489411.36952,1790489414.144174,45351.646812,45354.421467,2774.654,POST,/api/pipeline,True,,1622,58,200,4
1790489411.398408,1790489414.173882,45351.675701,45354.451174,2775.474,POST,/api/pipeline,True,,1622,59,200,4
1790489411.437897,1790489414.211866,45351.71519,45354.489159,2773.969,POST,/api/pipeline,True,,1622,60,200,4
1790489411.456986,1790489414.228765,45351.734278,45354.506057,2771.779,POST,/api/pipeline,True,,1621,61,200,4
1790489411.482772,1790489414.253906,45351.760065,45354.531199,2771.134,POST,/api/pipeline,True,,1622,62,200,4
1790489411.510082,1790489414.286394,45351.787375,45354.563687,2776.313,POST,/api/pipeline,True,,1621,63,200,4
1790489411.536221,1790489414.312753,45351.813514,45354.590046,2776.532,POST,/api/pipeline,True,,1622,64,200,4
1790489411.568401,1790489414.340791,45351.845694,45354.618084,2772.391,POST,/api/pipeline,True,,1622,65,200,4
1790489411.595303,1790489414.370362,45351.872596,45354.647655,2775.059,POST,/api/pipeline,True,,1622,66,200,4
1790489411.622831,1790489414.394831,45351.900124,45354.672123,2772.0,POST,/api/pipeline,True,,1621,67,200,4
1790489411.650432,1790489414.425279,45351.927725,45354.702572,2774.847,POST,/api/pipeline,True,,1620,68,200,4
1790489411.677697,1790489414.45255,45351.95499,45354.729843,2774.853,POST,/api/pipeline,True,,1621,69,200,4
1790489411.706139,1790489414.484526,45351.983432,45354.761819,2778.388,POST,/api/pipeline,True,,1622,70,200,4
1790489411.732897,1790489414.507365,45352.01019,45354.784658,2774.468,POST,/api/pipeline,True,,1621,71,200,4
1790489411.769141,1790489414.541132,45352.046434,45354.818425,2771.991,POST,/api/pipeline,True,,1622,72,200,4
1790489411.790968,1790489414.566917,45352.068261,45354.84421,2775.949,POST,/api/pipeline,True,,1621,73,200,4
1790489411.817208,1790489414.59111,45352.094501,45354.868403,2773.902,POST,/api/pipeline,True,,1622,74,200,4
1790489411.848013,1790489414.619932,45352.125307,45354.897225,2771.918,POST,/api/pipeline,True,,1622,75,200,4
1790489411.872264,1790489414.645166,45352.149557,45354.922459,2772.902,POST,/api/pipeline,True,,1622,76,200,4
1790489411.899189,1790489414.672646,45352.176482,45354.949939,2773.457,POST,/api/pipeline,True,,1621,77,200,4
1790489411.923624,1790489414.697085,45352.200917,45354.974379,2773.462,POST,/api/pipeline,True,,1622,78,200,4
1790489411.952806,1790489414.725802,45352.2301,45355.003095,2772.995,POST,/api/pipeline,True,,1621,79,200,4
1790489411.979595,1790489414.756579,45352.256888,45355.033872,2776.984,POST,/api/pipeline,True,,1622,80,200,4
1790489412.007501,1790489414.78177,45352.284794,45355.059063,2774.269,POST,/api/pipeline,True,,1621,81,200,4
1790489412.033693,1790489414.807303,45352.310986,45355.084596,2773.61,POST,/api/pipeline,True,,1621,82,200,4
1790489412.062364,1790489414.837326,45352.339656,45355.114618,2774.962,POST,/api/pipeline,True,,1622,83,200,4
1790489412.091572,1790489414.867475,45352.368864,45355.144768,2775.904,POST,/api/pipeline,True,,1622,84,200,4
1790489412.12029,1790489414.895283,45352.397583,45355.172575,2774.993,POST,/api/pipeline,True,,1620,85,200,4
1790489412.149457,1790489414.924999,45352.42675,45355.202292,2775.541,POST,/api/pipeline,True,,1622,86,200,4
1790489412.178372,1790489414.952371,45352.455665,45355.229664,2773.999,POST,/api/pipeline,True,,1622,87,200,4
1790489412.206549,1790489414.978016,45352.483842,45355.255309,2771.468,POST,/api/pipeline,True,,1621,88,200,4
1790489412.232613,1790489415.00352,45352.509906,45355.280813,2770.907,POST,/api/pipeline,True,,1620,89,200,4
1790489412.259096,1790489415.044972,45352.536389,45355.322265,2785.876,POST,/api/pipeline,True,,1622,90,200,4
1790489412.285457,1790489415.056957,45352.56275,45355.33425,2771.499,POST,/api/pipeline,True,,1620,91,200,4
1790489412.309225,1790489415.083539,45352.586518,45355.360832,2774.315,POST,/api/pipeline,True,,1622,92,200,4
1790489412.338624,1790489415.110699,45352.615917,45355.387992,2772.075,POST,/api/pipeline,True,,1622,93,200,4
1790489412.364421,1790489415.136597,45352.641714,45355.41389,2772.176,POST,/api/pipeline,True,,1622,94,200,4
1790489412.393551,1790489415.165372,45352.670844,45355.442666,2771.822,POST,/api/pipeline,True,,1622,95,200,4
1790489412.418688,1790489415.194045,45352.695981,45355.471338,2775.357,POST,/api/pipeline,True,,1622,96,200,4
1790489412.446929,1790489415.22017,45352.724221,45355.497463,2773.242,POST,/api/pipeline,True,,1622,97,200,4
1790489412.47374,1790489415.247495,45352.751033,45355.524787,2773.754,POST,/api/pipeline,True,,1622,98,200,4
1790489412.501837,1790489415.275203,45352.77913,45355.552496,2773.366,POST,/api/pipeline,True,,1621,99,200,4
1790489412.551407,1790489415.323273,45352.8287,45355.600566,2771.866,POST,/api/pipeline,True,,1622,0,200,4
1790489412.569258,1790489415.341159,45352.846551,45355.618452,2771.901,POST,/api/pipeline,True,,1622,1,200,4
1790489412.604307,1790489415.380485,45352.8816,45355.657778,2776.178,POST,/api/pipeline,True,,1622,2,200,4
1790489412.622636,1790489415.395205,45352.899929,45355.672498,2772.568,POST,/api/pipeline,True,,1622,3,200,4
1790489412.659777,1790489415.433545,45352.93707,45355.710838,2773.768,POST,/api/pipeline,True,,1622,4,200,4
1790489412.67763,1790489415.45021,45352.954923,45355.727503,2772.58,POST,/api/pipeline,True,,1622,5,200,4
1790489412.716838,1790489415.491542,45352.994131,45355.768835,2774.704,POST,/api/pipeline,True,,1622,6,200,4
1790489412.731829,1790489415.504524,45353.009122,45355.781818,2772.695,POST,/api/pipeline,True,,1622,7,200,4
1790489412.766627,1790489415.538457,45353.04392,45355.81575,2771.83,POST,/api/pipeline,True,,1619,8,200,4
1790489412.791841,1790489415.563693,45353.069134,45355.840986,2771.852,POST,/api/pipeline,True,,1622,9,200,4
1790489412.818144,1790489415.593272,45353.095437,45355.870565,2775.128,POST,/api/pipeline,True,,1621,10,200,4
1790489412.850423,1790489415.622809,45353.127715,45355.900101,2772.385,POST,/api/pipeline,True,,1622,11,200,4
1790489412.873945,1790489415.645987,45353.151238,45355.92328,2772.042,POST,/api/pipeline,True,,1622,12,200,4
1790489412.905544,1790489415.678032,45353.182837,45355.955325,2772.488,POST,/api/pipeline,True,,1621,13,200,4
1790489412.92792,1790489415.70718,45353.205213,45355.984473,2779.26,POST,/api/pipeline,True,,1621,14,200,4
1790489412.958695,1790489415.736219,45353.235987,45356.013512,2777.524,POST,/api/pipeline,True,,1620,15,200,4
1790489412.984885,1790489415.760916,45353.262178,45356.038209,2776.031,POST,/api/pipeline,True,,1622,16,200,4
1790489413.016727,1790489415.788378,45353.29402,45356.065671,2771.651,POST,/api/pipeline,True,,1622,17,200,4
1790489413.042912,1790489415.819464,45353.320205,45356.096756,2776.552,POST,/api/pipeline,True,,1622,18,200,4
1790489413.068831,1790489415.844019,45353.346124,45356.121312,2775.188,POST,/api/pipeline,True,,1622,19,200,4
1790489413.098519,1790489415.870814,45353.375811,45356.148107,2772.296,POST,/api/pipeline,True,,1621,20,200,4
1790489413.121631,1790489415.897013,45353.398924,45356.174306,2775.382,POST,/api/pipeline,True,,1622,21,200,4
1790489413.152295,1790489415.924463,45353.429588,45356.201756,2772.168,POST,/api/pipeline,True,,1621,22,200,4
1790489413.178415,1790489415.951621,45353.455708,45356.228913,2773.206,POST,/api/pipeline,True,,1622,23,200,4
1790489413.206008,1790489415.97833,45353.4833,45356.255622,2772.322,POST,/api/pipeline,True,,1621,24,200,4
1790489413.232516,1790489416.005359,45353.509809,45356.282651,2772.842,POST,/api/pipeline,True,,1621,25,200,4
1790489413.279352,1790489416.053273,45353.556645,45356.330566,2773.92,POST,/api/pipeline,True,,1620,26,200,4
1790489413.293905,1790489416.065221,45353.571198,45356.342514,2771.316,POST,/api/pipeline,True,,1622,27,200,4
1790489413.336323,1790489416.112605,45353.613616,45356.389898,2776.282,POST,/api/pipeline,True,,1621,28,200,4
1790489413.33826,1790489416.113861,45353.615553,45356.391154,2775.601,POST,/api/pipeline,True,,1622,29,200,4
1790489413.367819,1790489416.142,45353.645112,45356.419293,2774.181,POST,/api/pipeline,True,,1622,30,200,4
1790489413.401186,1790489416.174641,45353.678479,45356.451935,2773.455,POST,/api/pipeline,True,,1622,31,200,4
1790489413.422734,1790489416.199299,45353.700027,45356.476592,2776.565,POST,/api/pipeline,True,,1621,32,200,4
1790489413.459184,1790489416.232011,45353.736477,45356.509304,2772.827,POST,/api/pipeline,True,,1620,33,200,4
1790489413.482235,1790489416.253749,45353.759529,45356.531042,2771.514,POST,/api/pipeline,True,,1622,34,200,4
1790489413.510509,1790489416.288477,45353.787802,45356.565769,2777.967,POST,/api/pipeline,True,,1622,35,200,4
1790489413.552714,1790489416.327946,45353.830007,45356.605239,2775.232,POST,/api/pipeline,True,,1621,36,200,4
1790489413.569344,1790489416.341739,45353.846637,45356.619032,2772.395,POST,/api/pipeline,True,,1622,37,200,4
1790489413.59394,1790489416.367704,45353.871232,45356.644997,2773.765,POST,/api/pipeline,True,,1621,38,200,4
1790489413.622065,1790489416.395352,45353.899358,45356.672645,2773.287,POST,/api/pipeline,True,,1621,39,200,4
1790489413.64799,1790489416.420774,45353.925284,45356.698067,2772.783,POST,/api/pipeline,True,,1620,40,200,4
1790489413.677125,1790489416.449497,45353.954418,45356.72679,2772.372,POST,/api/pipeline,True,,1622,41,200,4
1790489413.702437,1790489416.478702,45353.97973,45356.755995,2776.265,POST,/api/pipeline,True,,1622,42,200,4
1790489413.729109,1790489416.502654,45354.006402,45356.779947,2773.545,POST,/api/pipeline,True,,1622,43,200,4
1790489413.757948,1790489416.532321,45354.035241,45356.809614,2774.373,POST,/api/pipeline,True,,1620,44,200,4
1790489413.784761,1790489416.562808,45354.062054,45356.840101,2778.047,POST,/api/pipeline,True,,1622,45,200,4
1790489413.815886,1790489416.590945,45354.093179,45356.868238,2775.059,POST,/api/pipeline,True,,1621,46,200,4
1790489413.844397,1790489416.617243,45354.12169,45356.894536,2772.845,POST,/api/pipeline,True,,1620,47,200,4
1790489413.87305,1790489416.645438,45354.150343,45356.922731,2772.388,POST,/api/pipeline,True,,1622,48,200,4
1790489413.898523,1790489416.673059,45354.175816,45356.950351,2774.535,POST,/api/pipeline,True,,1622,49,200,4
1790489413.92613,1790489416.698682,45354.203423,45356.975975,2772.552,POST,/api/pipeline,True,,1622,50,200,4
1790489413.953393,1790489416.728195,45354.230686,45357.005488,2774.802,POST,/api/pipeline,True,,1622,51,200,4
1790489413.980787,1790489416.753888,45354.25808,45357.031181,2773.1,POST,/api/pipeline,True,,1622,52,200,4
1790489414.011522,1790489416.785473,45354.288815,45357.062766,2773.951,POST,/api/pipeline,True,,1621,53,200,4
1790489414.035281,1790489416.811023,45354.312574,45357.088315,2775.741,POST,/api/pipeline,True,,1620,54,200,4
1790489414.066319,1790489416.838118,45354.343612,45357.115411,2771.799,POST,/api/pipeline,True,,1620,55,200,4
1790489414.087242,1790489416.863795,45354.364535,45357.141088,2776.553,POST,/api/pipeline,True,,1622,56,200,4
1790489414.115654,1790489416.889654,45354.392947,45357.166947,2773.999,POST,/api/pipeline,True,,1622,57,200,4
1790489414.144374,1790489416.917987,45354.421667,45357.19528,2773.613,POST,/api/pipeline,True,,1621,58,200,4
1790489414.174129,1790489416.95044,45354.451422,45357.227733,2776.311,POST,/api/pipeline,True,,1622,59,200,4
1790489414.212125,1790489416.985003,45354.489418,45357.262296,2772.878,POST,/api/pipeline,True,,1621,60,200,4
1790489414.229197,1790489417.003383,45354.50649,45357.280676,2774.186,POST,/api/pipeline,True,,1622,61,200,4
1790489414.254126,1790489417.028702,45354.531419,45357.305995,2774.576,POST,/api/pipeline,True,,1621,62,200,4
1790489414.286613,1790489417.061932,45354.563906,45357.339225,2775.318,POST,/api/pipeline,True,,1621,63,200,4
1790489414.313016,1790489417.086973,45354.590309,45357.364266,2773.957,POST,/api/pipeline,True,,1622,64,200,4
1790489414.341069,1790489417.113362,45354.618362,45357.390655,2772.293,POST,/api/pipeline,True,,1622,65,200,4
1790489414.370633,1790489417.145354,45354.647926,45357.422647,2774.721,POST,/api/pipeline,True,,1622,66,200,4
1790489414.395078,1790489417.168483,45354.672371,45357.445776,2773.405,POST,/api/pipeline,True,,1621,67,200,4
1790489414.425515,1790489417.203658,45354.702808,45357.480951,2778.143,POST,/api/pipeline,True,,1621,68,200,4
1790489414.452773,1790489417.225528,45354.730066,45357.502821,2772.755,POST,/api/pipeline,True,,1622,69,200,4
1790489414.484757,1790489417.260282,45354.76205,45357.537575,2775.525,POST,/api/pipeline,True,,1620,70,200,4
1790489414.50771,1790489417.282839,45354.785003,45357.560132,2775.129,POST,/api/pipeline,True,,1620,71,200,4
1790489414.541365,1790489417.314612,45354.818658,45357.591905,2773.247,POST,/api/pipeline,True,,1622,72,200,4
1790489414.567144,1790489417.339275,45354.844437,45357.616568,2772.131,POST,/api/pipeline,True,,1621,73,200,4
1790489414.591349,1790489417.362688,45354.868641,45357.639981,2771.339,POST,/api/pipeline,True,,1621,74,200,4
1790489414.620189,1790489417.392982,45354.897482,45357.670275,2772.793,POST,/api/pipeline,True,,1622,75,200,4
1790489414.645395,1790489417.416564,45354.922687,45357.693857,2771.169,POST,/api/pipeline,True,,1622,76,200,4
1790489414.672895,1790489417.446527,45354.950188,45357.723819,2773.632,POST,/api/pipeline,True,,1622,77,200,4
1790489414.697313,1790489417.477818,45354.974606,45357.755111,2780.505,POST,/api/pipeline,True,,1622,78,200,4
1790489414.726079,1790489417.500989,45355.003372,45357.778282,2774.91,POST,/api/pipeline,True,,1621,79,200,4
1790489414.756866,1790489417.528844,45355.034158,45357.806137,2771.979,POST,/api/pipeline,True,,1622,80,200,4
1790489414.782001,1790489417.558426,45355.059294,45357.835719,2776.425,POST,/api/pipeline,True,,1622,81,200,4
1790489414.80753,1790489417.583654,45355.084823,45357.860947,2776.124,POST,/api/pipeline,True,,1620,82,200,4
1790489414.837557,1790489417.613406,45355.11485,45357.890699,2775.849,POST,/api/pipeline,True,,1620,83,200,4
1790489414.867706,1790489417.642186,45355.144999,45357.919479,2774.48,POST,/api/pipeline,True,,1621,84,200,4
1790489414.895511,1790489417.670456,45355.172804,45357.947749,2774.945,POST,/api/pipeline,True,,1622,85,200,4
1790489414.92525,1790489417.697162,45355.202543,45357.974455,2771.912,POST,/api/pipeline,True,,1622,86,200,4
1790489414.952607,1790489417.725884,45355.2299,45358.003177,2773.277,POST,/api/pipeline,True,,1621,87,200,4
1790489414.978252,1790489417.763945,45355.255545,45358.041238,2785.693,POST,/api/pipeline,True,,1622,88,200,4
1790489415.003759,1790489417.777005,45355.281053,45358.054298,2773.245,POST,/api/pipeline,True,,1621,89,200,4
1790489415.045249,1790489417.825495,45355.322541,45358.102788,2780.246,POST,/api/pipeline,True,,1619,90,200,4
1790489415.057177,1790489417.830413,45355.33447,45358.107706,2773.236,POST,/api/pipeline,True,,1620,91,200,4
1790489415.083811,1790489417.856652,45355.361104,45358.133945,2772.841,POST,/api/pipeline,True,,1620,92,200,4
1790489415.111086,1790489417.883591,45355.388379,45358.160884,2772.505,POST,/api/pipeline,True,,1622,93,200,4
1790489415.136863,1790489417.911139,45355.414157,45358.188432,2774.276,POST,/api/pipeline,True,,1620,94,200,4
1790489415.165598,1790489417.938878,45355.442891,45358.216171,2773.28,POST,/api/pipeline,True,,1622,95,200,4
1790489415.194402,1790489417.966812,45355.471695,45358.244105,2772.411,POST,/api/pipeline,True,,1622,96,200,4
1790489415.220424,1790489417.996361,45355.497717,45358.273654,2775.937,POST,/api/pipeline,True,,1621,97,200,4
1790489415.247743,1790489418.021847,45355.525036,45358.29914,2774.104,POST,/api/pipeline,True,,1622,98,200,4
1790489415.275487,1790489418.050204,45355.552781,45358.327497,2774.716,POST,/api/pipeline,True,,1622,99,200,4
1790489415.32351,1790489418.097986,45355.600804,45358.37528,2774.476,POST,/api/pipeline,True,,1622,0,200,4
1790489415.341385,1790489418.112912,45355.618678,45358.390205,2771.527,POST,/api/pipeline,True,,1620,1,200,4
1790489415.380717,1790489418.152343,45355.65801,45358.429636,2771.627,POST,/api/pipeline,True,,1621,2,200,4
1790489415.395443,1790489418.170045,45355.672736,45358.447338,2774.602,POST,/api/pipeline,True,,1622,3,200,4
1790489415.433767,1790489418.211204,45355.71106,45358.488496,2777.436,POST,/api/pipeline,True,,1622,4,200,4
1790489415.45044,1790489418.222545,45355.727733,45358.499838,2772.105,POST,/api/pipeline,True,,1622,5,200,4
1790489415.491802,1790489418.263685,45355.769095,45358.540978,2771.883,POST,/api/pipeline,True,,1621,6,200,4
1790489415.504747,1790489418.277814,45355.78204,45358.555107,2773.067,POST,/api/pipeline,True,,1622,7,200,4
1790489415.538653,1790489418.31067,45355.815946,45358.587963,2772.016,POST,/api/pipeline,True,,1620,8,200,4
1790489415.563904,1790489418.336334,45355.841197,45358.613627,2772.43,POST,/api/pipeline,True,,1622,9,200,4
1790489415.593504,1790489418.365771,45355.870797,45358.643063,2772.267,POST,/api/pipeline,True,,1622,10,200,4
1790489415.623092,1790489418.39555,45355.900385,45358.672843,2772.458,POST,/api/pipeline,True,,1621,11,200,4
1790489415.646247,1790489418.424983,45355.92354,45358.702276,2778.735,POST,/api/pipeline,True,,1621,12,200,4
1790489415.678266,1790489418.453652,45355.955559,45358.730945,2775.386,POST,/api/pipeline,True,,1621,13,200,4
1790489415.707465,1790489418.480199,45355.984758,45358.757492,2772.734,POST,/api/pipeline,True,,1622,14,200,4
1790489415.736518,1790489418.509152,45356.013811,45358.786445,2772.634,POST,/api/pipeline,True,,1622,15,200,4
1790489415.76115,1790489418.535536,45356.038443,45358.812829,2774.386,POST,/api/pipeline,True,,1620,16,200,4
1790489415.788627,1790489418.566895,45356.06592,45358.844188,2778.268,POST,/api/pipeline,True,,1622,17,200,4
1790489415.819685,1790489418.592801,45356.096978,45358.870094,2773.117,POST,/api/pipeline,True,,1622,18,200,4
1790489415.844306,1790489418.615895,45356.121598,45358.893188,2771.59,POST,/api/pipeline,True,,1621,19,200,4
1790489415.871114,1790489418.644683,45356.148407,45358.921976,2773.569,POST,/api/pipeline,True,,1621,20,200,4
1790489415.897325,1790489418.672902,45356.174618,45358.950194,2775.576,POST,/api/pipeline,True,,1622,21,200,4
1790489415.924708,1790489418.697779,45356.202001,45358.975073,2773.072,POST,/api/pipeline,True,,1622,22,200,4
1790489415.951855,1790489418.724678,45356.229148,45359.001971,2772.823,POST,/api/pipeline,True,,1621,23,200,4
1790489415.978559,1790489418.753146,45356.255852,45359.030439,2774.588,POST,/api/pipeline,True,,1622,24,200,4
1790489416.005601,1790489418.779091,45356.282894,45359.056384,2773.49,POST,/api/pipeline,True,,1622,25,200,4
1790489416.053533,1790489418.830203,45356.330826,45359.107496,2776.67,POST,/api/pipeline,True,,1619,26,200,4
1790489416.065429,1790489418.836541,45356.342722,45359.113834,2771.112,POST,/api/pipeline,True,,1622,27,200,4
1790489416.112829,1790489418.888908,45356.390122,45359.166201,2776.078,POST,/api/pipeline,True,,1622,28,200,4
1790489416.114495,1790489418.8906,45356.391788,45359.167893,2776.105,POST,/api/pipeline,True,,1622,29,200,4
1790489416.142235,1790489418.915581,45356.419527,45359.192874,2773.346,POST,/api/pipeline,True,,1622,30,200,4
1790489416.174995,1790489418.957778,45356.452288,45359.23507,2782.783,POST,/api/pipeline,True,,1621,31,200,4
1790489416.199519,1790489418.973363,45356.476812,45359.250656,2773.844,POST,/api/pipeline,True,,1621,32,200,4
1790489416.232189,1790489419.004992,45356.509482,45359.282285,2772.804,POST,/api/pipeline,True,,1621,33,200,4
1790489416.253973,1790489419.027669,45356.531266,45359.304962,2773.696,POST,/api/pipeline,True,,1620,34,200,4
1790489416.288745,1790489419.061936,45356.566038,45359.339229,2773.191,POST,/api/pipeline,True,,1621,35,200,4
1790489416.328177,1790489419.101879,45356.60547,45359.379172,2773.702,POST,/api/pipeline,True,,1621,36,200,4
1790489416.341974,1790489419.113247,45356.619267,45359.39054,2771.273,POST,/api/pipeline,True,,1621,37,200,4
1790489416.367953,1790489419.139651,45356.645246,45359.416944,2771.698,POST,/api/pipeline,True,,1620,38,200,4
1790489416.395618,1790489419.168167,45356.672911,45359.44546,2772.549,POST,/api/pipeline,True,,1621,39,200,4
1790489416.421003,1790489419.194646,45356.698296,45359.471939,2773.643,POST,/api/pipeline,True,,1620,40,200,4
1790489416.449733,1790489419.221217,45356.727026,45359.49851,2771.484,POST,/api/pipeline,True,,1621,41,200,4
1790489416.47907,1790489419.252491,45356.756363,45359.529784,2773.421,POST,/api/pipeline,True,,1622,42,200,4
1790489416.502965,1790489419.279692,45356.780258,45359.556985,2776.727,POST,/api/pipeline,True,,1622,43,200,4
1790489416.532539,1790489419.305368,45356.809832,45359.582661,2772.828,POST,/api/pipeline,True,,1622,44,200,4
1790489416.563051,1790489419.335811,45356.840344,45359.613104,2772.761,POST,/api/pipeline,True,,1622,45,200,4
1790489416.591229,1790489419.364764,45356.868522,45359.642057,2773.535,POST,/api/pipeline,True,,1622,46,200,4
1790489416.617461,1790489419.394325,45356.894754,45359.671618,2776.864,POST,/api/pipeline,True,,1621,47,200,4
1790489416.645811,1790489419.417355,45356.923104,45359.694648,2771.543,POST,/api/pipeline,True,,1622,48,200,4
1790489416.673339,1790489419.446366,45356.950632,45359.723659,2773.027,POST,/api/pipeline,True,,1621,49,200,4
1790489416.699057,1790489419.475199,45356.97635,45359.752492,2776.142,POST,/api/pipeline,True,,1622,50,200,4
1790489416.728432,1790489419.502398,45357.005725,45359.77969,2773.966,POST,/api/pipeline,True,,1622,51,200,4
1790489416.754118,1790489419.527684,45357.031411,45359.804977,2773.566,POST,/api/pipeline,True,,1622,52,200,4
1790489416.785694,1790489419.557113,45357.062987,45359.834405,2771.419,POST,/api/pipeline,True,,1622,53,200,4
1790489416.81126,1790489419.582048,45357.088553,45359.859341,2770.788,POST,/api/pipeline,True,,1622,54,200,4
1790489416.838354,1790489419.611027,45357.115647,45359.88832,2772.673,POST,/api/pipeline,True,,1620,55,200,4
1790489416.864036,1790489419.636711,45357.141329,45359.914004,2772.675,POST,/api/pipeline,True,,1622,56,200,4
1790489416.889888,1790489419.669552,45357.167181,45359.946845,2779.664,POST,/api/pipeline,True,,1620,57,200,4
1790489416.918221,1790489419.693317,45357.195514,45359.97061,2775.096,POST,/api/pipeline,True,,1622,58,200,4
1790489416.950648,1790489419.721866,45357.227941,45359.999159,2771.218,POST,/api/pipeline,True,,1622,59,200,4
1790489416.985232,1790489419.759211,45357.262525,45360.036503,2773.978,POST,/api/pipeline,True,,1620,60,200,4
1790489417.003638,1790489419.778557,45357.280931,45360.05585,2774.919,POST,/api/pipeline,True,,1622,61,200,4
1790489417.028937,1790489419.804197,45357.30623,45360.08149,2775.26,POST,/api/pipeline,True,,1622,62,200,4
1790489417.062163,1790489419.835951,45357.339456,45360.113244,2773.788,POST,/api/pipeline,True,,1622,63,200,4
1790489417.087203,1790489419.862137,45357.364496,45360.139429,2774.934,POST,/api/pipeline,True,,1622,64,200,4
1790489417.1136,1790489419.886937,45357.390893,45360.16423,2773.337,POST,/api/pipeline,True,,1621,65,200,4
1790489417.145577,1790489419.921029,45357.42287,45360.198322,2775.452,POST,/api/pipeline,True,,1621,66,200,4
1790489417.168716,1790489419.940826,45357.446009,45360.218119,2772.11,POST,/api/pipeline,True,,1621,67,200,4
1790489417.203914,1790489419.978623,45357.481207,45360.255916,2774.709,POST,/api/pipeline,True,,1622,68,200,4
1790489417.225757,1790489419.999921,45357.50305,45360.277214,2774.164,POST,/api/pipeline,True,,1621,69,200,4
1790489417.26056,1790489420.036649,45357.537853,45360.313941,2776.088,POST,/api/pipeline,True,,1621,70,200,4
1790489417.283133,1790489420.05764,45357.560426,45360.334933,2774.507,POST,/api/pipeline,True,,1621,71,200,4
1790489417.314937,1790489420.087566,45357.59223,45360.364859,2772.629,POST,/api/pipeline,True,,1622,72,200,4
1790489417.339503,1790489420.11109,45357.616796,45360.388383,2771.587,POST,/api/pipeline,True,,1620,73,200,4
1790489417.363052,1790489420.136377,45357.640345,45360.41367,2773.325,POST,/api/pipeline,True,,1622,74,200,4
1790489417.393223,1790489420.165243,45357.670515,45360.442536,2772.021,POST,/api/pipeline,True,,1620,75,200,4
1790489417.416824,1790489420.195021,45357.694116,45360.472314,2778.198,POST,/api/pipeline,True,,1621,76,200,4
1790489417.44678,1790489420.220623,45357.724073,45360.497916,2773.843,POST,/api/pipeline,True,,1621,77,200,4
1790489417.478057,1790489420.250219,45357.75535,45360.527512,2772.162,POST,/api/pipeline,True,,1621,78,200,4
1790489417.501286,1790489420.276402,45357.778579,45360.553695,2775.116,POST,/api/pipeline,True,,1622,79,200,4
1790489417.529105,1790489420.304051,45357.806397,45360.581344,2774.946,POST,/api/pipeline,True,,1622,80,200,4
1790489417.558686,1790489420.330639,45357.835978,45360.607932,2771.954,POST,/api/pipeline,True,,1621,81,200,4
1790489417.583875,1790489420.357821,45357.861168,45360.635113,2773.946,POST,/api/pipeline,True,,1622,82,200,4
1790489417.613622,1790489420.38748,45357.890915,45360.664773,2773.858,POST,/api/pipeline,True,,1622,83,200,4
1790489417.642404,1790489420.417487,45357.919697,45360.69478,2775.083,POST,/api/pipeline,True,,1622,84,200,4
1790489417.670671,1790489420.44616,45357.947964,45360.723453,2775.489,POST,/api/pipeline,True,,1621,85,200,4
1790489417.697461,1790489420.471206,45357.974754,45360.748499,2773.745,POST,/api/pipeline,True,,1621,86,200,4
1790489417.726132,1790489420.497398,45358.003425,45360.774691,2771.266,POST,/api/pipeline,True,,1622,87,200,4
1790489417.764176,1790489420.542617,45358.041469,45360.81991,2778.441,POST,/api/pipeline,True,,1622,88,200,4
1790489417.777228,1790489420.550423,45358.054521,45360.827716,2773.195,POST,/api/pipeline,True,,1622,89,200,4
1790489417.825755,1790489420.602243,45358.103048,45360.879536,2776.488,POST,/api/pipeline,True,,1621,90,200,4
1790489417.830612,1790489420.604092,45358.107906,45360.881385,2773.479,POST,/api/pipeline,True,,1622,91,200,4
1790489417.856958,1790489420.630876,45358.134252,45360.908169,2773.918,POST,/api/pipeline,True,,1619,92,200,4
1790489417.883817,1790489420.659061,45358.16111,45360.936354,2775.244,POST,/api/pipeline,True,,1621,93,200,4
1790489417.911369,1790489420.688357,45358.188661,45360.96565,2776.989,POST,/api/pipeline,True,,1622,94,200,4
1790489417.939123,1790489420.71356,45358.216416,45360.990853,2774.437,POST,/api/pipeline,True,,1622,95,200,4
1790489417.967076,1790489420.74152,45358.244369,45361.018813,2774.444,POST,/api/pipeline,True,,1622,96,200,4
1790489417.996644,1790489420.770065,45358.273937,45361.047358,2773.42,POST,/api/pipeline,True,,1622,97,200,4
1790489418.022127,1790489420.795728,45358.299419,45361.073021,2773.602,POST,/api/pipeline,True,,1621,98,200,4
1790489418.050467,1790489420.825476,45358.32776,45361.102769,2775.009,POST,/api/pipeline,True,,1621,99,200,4
1790489418.098222,1790489420.871428,45358.375515,45361.148721,2773.206,POST,/api/pipeline,True,,1622,0,200,4
1790489418.113165,1790489420.885689,45358.390458,45361.162982,2772.525,POST,/api/pipeline,True,,1620,1,200,4
1790489418.152573,1790489420.928379,45358.429866,45361.205672,2775.807,POST,/api/pipeline,True,,1622,2,200,4
1790489418.170267,1790489420.943538,45358.44756,45361.220831,2773.271,POST,/api/pipeline,True,,1622,3,200,4
1790489418.211439,1790489420.988356,45358.488732,45361.265649,2776.917,POST,/api/pipeline,True,,1621,4,200,4
1790489418.22278,1790489420.996118,45358.500073,45361.273411,2773.338,POST,/api/pipeline,True,,1622,5,200,4
1790489418.263888,1790489421.038136,45358.541181,45361.31543,2774.248,POST,/api/pipeline,True,,1622,6,200,4
1790489418.278038,1790489421.051949,45358.555331,45361.329242,2773.911,POST,/api/pipeline,True,,1622,7,200,4
1790489418.310946,1790489421.085407,45358.588238,45361.362699,2774.461,POST,/api/pipeline,True,,1621,8,200,4
1790489418.336553,1790489421.110483,45358.613846,45361.387776,2773.929,POST,/api/pipeline,True,,1621,9,200,4
1790489418.365993,1790489421.143618,45358.643286,45361.420911,2777.625,POST,/api/pipeline,True,,1622,10,200,4
1790489418.395775,1790489421.170305,45358.673068,45361.447598,2774.53,POST,/api/pipeline,True,,1622,11,200,4
1790489418.425223,1790489421.198317,45358.702516,45361.47561,2773.094,POST,/api/pipeline,True,,1620,12,200,4
1790489418.453881,1790489421.228717,45358.731174,45361.50601,2774.836,POST,/api/pipeline,True,,1621,13,200,4
1790489418.480449,1790489421.255125,45358.757742,45361.532418,2774.676,POST,/api/pipeline,True,,1618,14,200,4
1790489418.509449,1790489421.282942,45358.786742,45361.560235,2773.493,POST,/api/pipeline,True,,1621,15,200,4
1790489418.53578,1790489421.310128,45358.813073,45361.587421,2774.348,POST,/api/pipeline,True,,1622,16,200,4
1790489418.567169,1790489421.342207,45358.844462,45361.6195,2775.039,POST,/api/pipeline,True,,1621,17,200,4
1790489418.593009,1790489421.364728,45358.870302,45361.642021,2771.719,POST,/api/pipeline,True,,1621,18,200,4
1790489418.616114,1790489421.391012,45358.893407,45361.668305,2774.898,POST,/api/pipeline,True,,1621,19,200,4
1790489418.644902,1790489421.416862,45358.922195,45361.694155,2771.96,POST,/api/pipeline,True,,1622,20,200,4
1790489418.673234,1790489421.447704,45358.950526,45361.724997,2774.47,POST,/api/pipeline,True,,1622,21,200,4
1790489418.698005,1790489421.471535,45358.975298,45361.748828,2773.53,POST,/api/pipeline,True,,1622,22,200,4
1790489418.724922,1790489421.497597,45359.002215,45361.77489,2772.675,POST,/api/pipeline,True,,1622,23,200,4
1790489418.753412,1790489421.528908,45359.030705,45361.8062,2775.495,POST,/api/pipeline,True,,1621,24,200,4
1790489418.779326,1790489421.552946,45359.056619,45361.830239,2773.62,POST,/api/pipeline,True,,1621,25,200,4
1790489418.830442,1790489421.61155,45359.107735,45361.888843,2781.108,POST,/api/pipeline,True,,1621,26,200,4
1790489418.83673,1790489421.614058,45359.114023,45361.891351,2777.328,POST,/api/pipeline,True,,1622,27,200,4
1790489418.889153,1790489421.672614,45359.166446,45361.949907,2783.461,POST,/api/pipeline,True,,1620,28,200,4
1790489418.890898,1790489421.674978,45359.16819,45361.95227,2784.08,POST,/api/pipeline,True,,1622,29,200,4
1790489418.915815,1790489421.690297,45359.193108,45361.96759,2774.482,POST,/api/pipeline,True,,1622,30,200,4
1790489418.958062,1790489421.732824,45359.235355,45362.010117,2774.762,POST,/api/pipeline,True,,1621,31,200,4
1790489418.973616,1790489421.747425,45359.250909,45362.024717,2773.809,POST,/api/pipeline,True,,1622,32,200,4
1790489419.005273,1790489421.779323,45359.282566,45362.056616,2774.05,POST,/api/pipeline,True,,1622,33,200,4
1790489419.027894,1790489421.800583,45359.305187,45362.077876,2772.688,POST,/api/pipeline,True,,1622,34,200,4
1790489419.062164,1790489421.834253,45359.339457,45362.111546,2772.089,POST,/api/pipeline,True,,1621,35,200,4
1790489419.102112,1790489421.876825,45359.379405,45362.154117,2774.713,POST,/api/pipeline,True,,1621,36,200,4
1790489419.113475,1790489421.886458,45359.390768,45362.163751,2772.983,POST,/api/pipeline,True,,1621,37,200,4
1790489419.139895,1790489421.91437,45359.417188,45362.191663,2774.476,POST,/api/pipeline,True,,1620,38,200,4
1790489419.168437,1790489421.939737,45359.44573,45362.217029,2771.3,POST,/api/pipeline,True,,1621,39,200,4
1790489419.194956,1790489421.969165,45359.472249,45362.246458,2774.209,POST,/api/pipeline,True,,1622,40,200,4
1790489419.221442,1790489421.995205,45359.498735,45362.272498,2773.763,POST,/api/pipeline,True,,1620,41,200,4
1790489419.252725,1790489422.027148,45359.530018,45362.30444,2774.423,POST,/api/pipeline,True,,1621,42,200,4
1790489419.28002,1790489422.055062,45359.557313,45362.332354,2775.041,POST,/api/pipeline,True,,1621,43,200,4
1790489419.305574,1790489422.081481,45359.582867,45362.358774,2775.907,POST,/api/pipeline,True,,1621,44,200,4
1790489419.336025,1790489422.110557,45359.613318,45362.38785,2774.532,POST,/api/pipeline,True,,1622,45,200,4
1790489419.36499,1790489422.136656,45359.642283,45362.413949,2771.666,POST,/api/pipeline,True,,1622,46,200,4
1790489419.394538,1790489422.167721,45359.671831,45362.445013,2773.183,POST,/api/pipeline,True,,1618,47,200,4
1790489419.417635,1790489422.19321,45359.694928,45362.470503,2775.575,POST,/api/pipeline,True,,1621,48,200,4
1790489419.446616,1790489422.220487,45359.723909,45362.49778,2773.871,POST,/api/pipeline,True,,1621,49,200,4
1790489419.475506,1790489422.247523,45359.752799,45362.524816,2772.017,POST,/api/pipeline,True,,1621,50,200,4
1790489419.502655,1790489422.278887,45359.779947,45362.55618,2776.232,POST,/api/pipeline,True,,1621,51,200,4
1790489419.527928,1790489422.302996,45359.805221,45362.580289,2775.068,POST,/api/pipeline,True,,1621,52,200,4
1790489419.557366,1790489422.331503,45359.834659,45362.608796,2774.136,POST,/api/pipeline,True,,1621,53,200,4
1790489419.582356,1790489422.354646,45359.859649,45362.631939,2772.29,POST,/api/pipeline,True,,1622,54,200,4
1790489419.611263,1790489422.386395,45359.888556,45362.663688,2775.132,POST,/api/pipeline,True,,1622,55,200,4
1790489419.636937,1790489422.412122,45359.91423,45362.689415,2775.185,POST,/api/pipeline,True,,1622,56,200,4
1790489419.669788,1790489422.441994,45359.947081,45362.719287,2772.205,POST,/api/pipeline,True,,1621,57,200,4
1790489419.69356,1790489422.467327,45359.970853,45362.74462,2773.767,POST,/api/pipeline,True,,1620,58,200,4
1790489419.722091,1790489422.496785,45359.999384,45362.774078,2774.694,POST,/api/pipeline,True,,1622,59,200,4
1790489419.759445,1790489422.531795,45360.036738,45362.809088,2772.349,POST,/api/pipeline,True,,1621,60,200,4
1790489419.778856,1790489422.554561,45360.056148,45362.831854,2775.705,POST,/api/pipeline,True,,1621,61,200,4
1790489419.804453,1790489422.5783,45360.081746,45362.855593,2773.847,POST,/api/pipeline,True,,1622,62,200,4
1790489419.836185,1790489422.60765,45360.113479,45362.884943,2771.464,POST,/api/pipeline,True,,1621,63,200,4
1790489419.862358,1790489422.636632,45360.139651,45362.913925,2774.274,POST,/api/pipeline,True,,1622,64,200,4
1790489419.887178,1790489422.66083,45360.164471,45362.938123,2773.652,POST,/api/pipeline,True,,1621,65,200,4
1790489419.921255,1790489422.69589,45360.198547,45362.973182,2774.635,POST,/api/pipeline,True,,1622,66,200,4
1790489419.941094,1790489422.717456,45360.218387,45362.994749,2776.363,POST,/api/pipeline,True,,1622,67,200,4
1790489419.978944,1790489422.754425,45360.256237,45363.031718,2775.481,POST,/api/pipeline,True,,1622,68,200,4
1790489420.000213,1790489422.776522,45360.277506,45363.053815,2776.309,POST,/api/pipeline,True,,1621,69,200,4
1790489420.036959,1790489422.808604,45360.314252,45363.085897,2771.645,POST,/api/pipeline,True,,1622,70,200,4
1790489420.057955,1790489422.830147,45360.335248,45363.10744,2772.192,POST,/api/pipeline,True,,1620,71,200,4
1790489420.087805,1790489422.861553,45360.365098,45363.138845,2773.747,POST,/api/pipeline,True,,1622,72,200,4
1790489420.111341,1790489422.884019,45360.388634,45363.161312,2772.678,POST,/api/pipeline,True,,1622,73,200,4
1790489420.136607,1790489422.911718,45360.4139,45363.18901,2775.11,POST,/api/pipeline,True,,1621,74,200,4
1790489420.165483,1790489422.939161,45360.442775,45363.216454,2773.678,POST,/api/pipeline,True,,1621,75,200,4
1790489420.195337,1790489422.971685,45360.47263,45363.248978,2776.348,POST,/api/pipeline,True,,1621,76,200,4
1790489420.220907,1790489422.996874,45360.4982,45363.274167,2775.966,POST,/api/pipeline,True,,1622,77,200,4
1790489420.250466,1790489423.024725,45360.527759,45363.302018,2774.259,POST,/api/pipeline,True,,1622,78,200,4
1790489420.27665,1790489423.051078,45360.553943,45363.328371,2774.427,POST,/api/pipeline,True,,1622,79,200,4
1790489420.304336,1790489423.078127,45360.581629,45363.35542,2773.79,POST,/api/pipeline,True,,1622,80,200,4
1790489420.330946,1790489423.104796,45360.608239,45363.382088,2773.849,POST,/api/pipeline,True,,1622,81,200,4
1790489420.358047,1790489423.13568,45360.63534,45363.412973,2777.633,POST,/api/pipeline,True,,1622,82,200,4
1790489420.387701,1790489423.159603,45360.664994,45363.436896,2771.902,POST,/api/pipeline,True,,1621,83,200,4
1790489420.417714,1790489423.18979,45360.695007,45363.467083,2772.076,POST,/api/pipeline,True,,1620,84,200,4
1790489420.446406,1790489423.218942,45360.723699,45363.496235,2772.536,POST,/api/pipeline,True,,1622,85,200,4
1790489420.471441,1790489423.243635,45360.748734,45363.520928,2772.194,POST,/api/pipeline,True,,1622,86,200,4
1790489420.497626,1790489423.270274,45360.774919,45363.547567,2772.648,POST,/api/pipeline,True,,1622,87,200,4
1790489420.542887,1790489423.316355,45360.82018,45363.593648,2773.469,POST,/api/pipeline,True,,1622,88,200,4
1790489420.550654,1790489423.324508,45360.827947,45363.601801,2773.855,POST,/api/pipeline,True,,1622,89,200,4
1790489420.602495,1790489423.378936,45360.879788,45363.656229,2776.441,POST,/api/pipeline,True,,1622,90,200,4
1790489420.604276,1790489423.380758,45360.881569,45363.658051,2776.482,POST,/api/pipeline,True,,1621,91,200,4
1790489420.631121,1790489423.405447,45360.908414,45363.68274,2774.326,POST,/api/pipeline,True,,1622,92,200,4
1790489420.659318,1790489423.433959,45360.936611,45363.711252,2774.641,POST,/api/pipeline,True,,1622,93,200,4
1790489420.688594,1790489423.45856,45360.965887,45363.735853,2769.966,POST,/api/pipeline,True,,1622,94,200,4
1790489420.713776,1790489423.48778,45360.991069,45363.765073,2774.003,POST,/api/pipeline,True,,1622,95,200,4
1790489420.74176,1790489423.514036,45361.019054,45363.791329,2772.276,POST,/api/pipeline,True,,1622,96,200,4
1790489420.770301,1790489423.545725,45361.047594,45363.823018,2775.424,POST,/api/pipeline,True,,1621,97,200,4
1790489420.796091,1790489423.57375,45361.073384,45363.851042,2777.658,POST,/api/pipeline,True,,1621,98,200,4
1790489420.825744,1790489423.598044,45361.103037,45363.875337,2772.299,POST,/api/pipeline,True,,1621,99,200,4
1790489420.87166,1790489423.645823,45361.148953,45363.923116,2774.163,POST,/api/pipeline,True,,1620,0,200,4
1790489420.885938,1790489423.660466,45361.163231,45363.937759,2774.528,POST,/api/pipeline,True,,1621,1,200,4
1790489420.928604,1790489423.705323,45361.205897,45363.982616,2776.719,POST,/api/pipeline,True,,1622,2,200,4
1790489420.943757,1790489423.716002,45361.22105,45363.993295,2772.245,POST,/api/pipeline,True,,1621,3,200,4
1790489420.988585,1790489423.759361,45361.265877,45364.036653,2770.776,POST,/api/pipeline,True,,1622,4,200,4
1790489420.996401,1790489423.769866,45361.273694,45364.047159,2773.465,POST,/api/pipeline,True,,1622,5,200,4
1790489421.038383,1790489423.810474,45361.315676,45364.087767,2772.091,POST,/api/pipeline,True,,1622,6,200,4
1790489421.052166,1790489423.828015,45361.329459,45364.105308,2775.849,POST,/api/pipeline,True,,1622,7,200,4
1790489421.08564,1790489423.860624,45361.362933,45364.137917,2774.984,POST,/api/pipeline,True,,1622,8,200,4
1790489421.110721,1790489423.888588,45361.388014,45364.165881,2777.867,POST,/api/pipeline,True,,1622,9,200,4
1790489421.143862,1790489423.918092,45361.421155,45364.195385,2774.23,POST,/api/pipeline,True,,1621,10,200,4
1790489421.170532,1790489423.945683,45361.447825,45364.222976,2775.152,POST,/api/pipeline,True,,1622,11,200,4
1790489421.198559,1790489423.971416,45361.475852,45364.24871,2772.857,POST,/api/pipeline,True,,1622,12,200,4
1790489421.228944,1790489424.003137,45361.506237,45364.28043,2774.193,POST,/api/pipeline,True,,1622,13,200,4
1790489421.255453,1790489424.030868,45361.532745,45364.30816,2775.415,POST,/api/pipeline,True,,1622,14,200,4
1790489421.283191,1790489424.058262,45361.560484,45364.335555,2775.072,POST,/api/pipeline,True,,1622,15,200,4
1790489421.310377,1790489424.085202,45361.58767,45364.362495,2774.825,POST,/api/pipeline,True,,1620,16,200,4
1790489421.342463,1790489424.113654,45361.619756,45364.390947,2771.191,POST,/api/pipeline,True,,1620,17,200,4
1790489421.364952,1790489424.137336,45361.642245,45364.414629,2772.384,POST,/api/pipeline,True,,1622,18,200,4
1790489421.391263,1790489424.165456,45361.668556,45364.442749,2774.193,POST,/api/pipeline,True,,1621,19,200,4
1790489421.417158,1790489424.190805,45361.694451,45364.468098,2773.647,POST,/api/pipeline,True,,1621,20,200,4
1790489421.447994,1790489424.220691,45361.725286,45364.497984,2772.698,POST,/api/pipeline,True,,1621,21,200,4
1790489421.471776,1790489424.246385,45361.749069,45364.523678,2774.609,POST,/api/pipeline,True,,1622,22,200,4
1790489421.497857,1790489424.271907,45361.77515,45364.5492,2774.05,POST,/api/pipeline,True,,1621,23,200,4
1790489421.529196,1790489424.305971,45361.806488,45364.583263,2776.775,POST,/api/pipeline,True,,1620,24,200,4
1790489421.553165,1790489424.332503,45361.830458,45364.609796,2779.338,POST,/api/pipeline,True,,1622,25,200,4
1790489421.611769,1790489424.385283,45361.889063,45364.662576,2773.513,POST,/api/pipeline,True,,1622,26,200,4
1790489421.614311,1790489424.387349,45361.891603,45364.664642,2773.039,POST,/api/pipeline,True,,1622,27,200,4
1790489421.672887,1790489424.44734,45361.95018,45364.724633,2774.453,POST,/api/pipeline,True,,1622,28,200,4
1790489421.675214,1790489424.449118,45361.952507,45364.726411,2773.904,POST,/api/pipeline,True,,1622,29,200,4
1790489421.690653,1790489424.464338,45361.967946,45364.741631,2773.685,POST,/api/pipeline,True,,1622,30,200,4
1790489421.733178,1790489424.50686,45362.01047,45364.784152,2773.682,POST,/api/pipeline,True,,1621,31,200,4
1790489421.747725,1790489424.5174,45362.025018,45364.794693,2769.674,POST,/api/pipeline,True,,1621,32,200,4
1790489421.779556,1790489424.552692,45362.056849,45364.829985,2773.136,POST,/api/pipeline,True,,1621,33,200,4
1790489421.800875,1790489424.575592,45362.078168,45364.852885,2774.717,POST,/api/pipeline,True,,1620,34,200,4
1790489421.834496,1790489424.607198,45362.111789,45364.884491,2772.701,POST,/api/pipeline,True,,1620,35,200,4
1790489421.87706,1790489424.651485,45362.154353,45364.928778,2774.424,POST,/api/pipeline,True,,1622,36,200,4
1790489421.886691,1790489424.660172,45362.163984,45364.937465,2773.482,POST,/api/pipeline,True,,1620,37,200,4
1790489421.914593,1790489424.687909,45362.191887,45364.965202,2773.316,POST,/api/pipeline,True,,1622,38,200,4
1790489421.940011,1790489424.713096,45362.217304,45364.990389,2773.085,POST,/api/pipeline,True,,1622,39,200,4
1790489421.969385,1790489424.745803,45362.246678,45365.023096,2776.418,POST,/api/pipeline,True,,1622,40,200,4
1790489421.995434,1790489424.774326,45362.272726,45365.051619,2778.893,POST,/api/pipeline,True,,1621,41,200,4
1790489422.027411,1790489424.799086,45362.304704,45365.076379,2771.675,POST,/api/pipeline,True,,1622,42,200,4
1790489422.055433,1790489424.828654,45362.332726,45365.105947,2773.221,POST,/api/pipeline,True,,1622,43,200,4
1790489422.081725,1790489424.857197,45362.359018,45365.134489,2775.471,POST,/api/pipeline,True,,1621,44,200,4
1790489422.11084,1790489424.887157,45362.388132,45365.164449,2776.317,POST,/api/pipeline,True,,1622,45,200,4
1790489422.136907,1790489424.911556,45362.4142,45365.188849,2774.649,POST,/api/pipeline,True,,1621,46,200,4
1790489422.167967,1790489424.939348,45362.445259,45365.216641,2771.381,POST,/api/pipeline,True,,1622,47,200,4
1790489422.193475,1790489424.966414,45362.470769,45365.243707,2772.938,POST,/api/pipeline,True,,1620,48,200,4
1790489422.220776,1790489424.99549,45362.498069,45365.272783,2774.714,POST,/api/pipeline,True,,1622,49,200,4
1790489422.247775,1790489425.021655,45362.525068,45365.298948,2773.88,POST,/api/pipeline,True,,1620,50,200,4
1790489422.279179,1790489425.050288,45362.556472,45365.327581,2771.11,POST,/api/pipeline,True,,1622,51,200,4
1790489422.303234,1790489425.075391,45362.580527,45365.352684,2772.158,POST,/api/pipeline,True,,1622,52,200,4
1790489422.331752,1790489425.104234,45362.609045,45365.381527,2772.482,POST,/api/pipeline,True,,1620,53,200,4
1790489422.354986,1790489425.129502,45362.632279,45365.406795,2774.516,POST,/api/pipeline,True,,1622,54,200,4
1790489422.386622,1790489425.161297,45362.663915,45365.43859,2774.675,POST,/api/pipeline,True,,1621,55,200,4
1790489422.412358,1790489425.186558,45362.689651,45365.463851,2774.2,POST,/api/pipeline,True,,1622,56,200,4
1790489422.442257,1790489425.216272,45362.71955,45365.493565,2774.015,POST,/api/pipeline,True,,1621,57,200,4
1790489422.467695,1790489425.241252,45362.744987,45365.518544,2773.557,POST,/api/pipeline,True,,1621,58,200,4
1790489422.497009,1790489425.271726,45362.774302,45365.549019,2774.717,POST,/api/pipeline,True,,1622,59,200,4
1790489422.532036,1790489425.303501,45362.809328,45365.580793,2771.465,POST,/api/pipeline,True,,1621,60,200,4
1790489422.554889,1790489425.327279,45362.832182,45365.604572,2772.39,POST,/api/pipeline,True,,1622,61,200,4
1790489422.578542,1790489425.351221,45362.855835,45365.628514,2772.678,POST,/api/pipeline,True,,1622,62,200,4
1790489422.607916,1790489425.380766,45362.885209,45365.658059,2772.85,POST,/api/pipeline,True,,1621,63,200,4
1790489422.636856,1790489425.411214,45362.914149,45365.688507,2774.358,POST,/api/pipeline,True,,1621,64,200,4
1790489422.661075,1790489425.434949,45362.938368,45365.712242,2773.874,POST,/api/pipeline,True,,1620,65,200,4
1790489422.696232,1790489425.469028,45362.973525,45365.74632,2772.795,POST,/api/pipeline,True,,1622,66,200,4
1790489422.71768,1790489425.49138,45362.994973,45365.768673,2773.7,POST,/api/pipeline,True,,1622,67,200,4
1790489422.754667,1790489425.526627,45363.03196,45365.80392,2771.96,POST,/api/pipeline,True,,1622,68,200,4
1790489422.776719,1790489425.547457,45363.054012,45365.82475,2770.738,POST,/api/pipeline,True,,1622,69,200,4
1790489422.808836,1790489425.581548,45363.086129,45365.858841,2772.713,POST,/api/pipeline,True,,1622,70,200,4
1790489422.830438,1790489425.605381,45363.107731,45365.882674,2774.943,POST,/api/pipeline,True,,1622,71,200,4
1790489422.861812,1790489425.636914,45363.139105,45365.914207,2775.102,POST,/api/pipeline,True,,1621,72,200,4
1790489422.884264,1790489425.65823,45363.161557,45365.935523,2773.966,POST,/api/pipeline,True,,1620,73,200,4
1790489422.911955,1790489425.688122,45363.189248,45365.965415,2776.167,POST,/api/pipeline,True,,1621,74,200,4
1790489422.939409,1790489425.71385,45363.216702,45365.991143,2774.441,POST,/api/pipeline,True,,1621,75,200,4
1790489422.971937,1790489425.743614,45363.24923,45366.020907,2771.677,POST,/api/pipeline,True,,1621,76,200,4
1790489422.997129,1790489425.772123,45363.274422,45366.049416,2774.995,POST,/api/pipeline,True,,1622,77,200,4
1790489423.025015,1790489425.798253,45363.302308,45366.075546,2773.238,POST,/api/pipeline,True,,1622,78,200,4
1790489423.051318,1790489425.824394,45363.328611,45366.101687,2773.076,POST,/api/pipeline,True,,1621,79,200,4
1790489423.078362,1790489425.853208,45363.355655,45366.130501,2774.846,POST,/api/pipeline,True,,1620,80,200,4
1790489423.105044,1790489425.879591,45363.382336,45366.156884,2774.548,POST,/api/pipeline,True,,1622,81,200,4
1790489423.13597,1790489425.910455,45363.413263,45366.187748,2774.485,POST,/api/pipeline,True,,1622,82,200,4
1790489423.159859,1790489425.934444,45363.437152,45366.211737,2774.585,POST,/api/pipeline,True,,1621,83,200,4
1790489423.190019,1790489425.961998,45363.467312,45366.239291,2771.979,POST,/api/pipeline,True,,1621,84,200,4
1790489423.219208,1790489425.993121,45363.496502,45366.270414,2773.912,POST,/api/pipeline,True,,1621,85,200,4
1790489423.243864,1790489426.016427,45363.521157,45366.29372,2772.563,POST,/api/pipeline,True,,1622,86,200,4
1790489423.270508,1790489426.044607,45363.547801,45366.3219,2774.1,POST,/api/pipeline,True,,1622,87,200,4
1790489423.316595,1790489426.092519,45363.593888,45366.369812,2775.924,POST,/api/pipeline,True,,1622,88,200,4
1790489423.324753,1790489426.100565,45363.602046,45366.377858,2775.812,POST,/api/pipeline,True,,1622,89,200,4
1790489423.380973,1790489426.154919,45363.658266,45366.432212,2773.947,POST,/api/pipeline,True,,1621,91,200,4
1790489423.379171,1790489426.156312,45363.656463,45366.433605,2777.141,POST,/api/pipeline,True,,1622,90,200,4
1790489423.405684,1790489426.178061,45363.682977,45366.455353,2772.377,POST,/api/pipeline,True,,1621,92,200,4
1790489423.434242,1790489426.211217,45363.711535,45366.48851,2776.974,POST,/api/pipeline,True,,1622,93,200,4
1790489423.458783,1790489426.232528,45363.736076,45366.509821,2773.745,POST,/api/pipeline,True,,1620,94,200,4
1790489423.487976,1790489426.262129,45363.765269,45366.539422,2774.153,POST,/api/pipeline,True,,1620,95,200,4
1790489423.514259,1790489426.292697,45363.791551,45366.56999,2778.439,POST,/api/pipeline,True,,1622,96,200,4
1790489423.54595,1790489426.320923,45363.823243,45366.598216,2774.973,POST,/api/pipeline,True,,1619,97,200,4
1790489423.57406,1790489426.348133,45363.851353,45366.625426,2774.073,POST,/api/pipeline,True,,1622,98,200,4
1790489423.598268,1790489426.371806,45363.875561,45366.649099,2773.538,POST,/api/pipeline,True,,1622,99,200,4
1790489423.646051,1790489426.423275,45363.923344,45366.700567,2777.223,POST,/api/pipeline,True,,1621,0,200,4
1790489423.660697,1790489426.435917,45363.93799,45366.71321,2775.221,POST,/api/pipeline,True,,1622,1,200,4
1790489423.705554,1790489426.477546,45363.982847,45366.754839,2771.993,POST,/api/pipeline,True,,1622,2,200,4
1790489423.716239,1790489426.487955,45363.993532,45366.765248,2771.715,POST,/api/pipeline,True,,1621,3,200,4
1790489423.759604,1790489426.534517,45364.036897,45366.81181,2774.913,POST,/api/pipeline,True,,1621,4,200,4
1790489423.770108,1790489426.543678,45364.047401,45366.820971,2773.57,POST,/api/pipeline,True,,1622,5,200,4
1790489423.810693,1790489426.584161,45364.087986,45366.861454,2773.468,POST,/api/pipeline,True,,1622,6,200,4
1790489423.828238,1790489426.603218,45364.105532,45366.880511,2774.98,POST,/api/pipeline,True,,1622,7,200,4
1790489423.860961,1790489426.635268,45364.138254,45366.912561,2774.307,POST,/api/pipeline,True,,1622,8,200,4
1790489423.888823,1790489426.663037,45364.166116,45366.94033,2774.214,POST,/api/pipeline,True,,1620,9,200,4
1790489423.918363,1790489426.690354,45364.195656,45366.967648,2771.992,POST,/api/pipeline,True,,1622,10,200,4
1790489423.945902,1790489426.721675,45364.223195,45366.998968,2775.773,POST,/api/pipeline,True,,1621,11,200,4
1790489423.971654,1790489426.748574,45364.248947,45367.025867,2776.92,POST,/api/pipeline,True,,1622,12,200,4
1790489424.003392,1790489426.779056,45364.280685,45367.056349,2775.664,POST,/api/pipeline,True,,1622,13,200,4
1790489424.031136,1790489426.805654,45364.308429,45367.082947,2774.518,POST,/api/pipeline,True,,1621,14,200,4
1790489424.058549,1790489426.831589,45364.335842,45367.108882,2773.039,POST,/api/pipeline,True,,1622,15,200,4
1790489424.085437,1790489426.859183,45364.36273,45367.136476,2773.746,POST,/api/pipeline,True,,1622,16,200,4
1790489424.113893,1790489426.886359,45364.391186,45367.163652,2772.466,POST,/api/pipeline,True,,1622,17,200,4
1790489424.137588,1790489426.912346,45364.414881,45367.189639,2774.758,POST,/api/pipeline,True,,1622,18,200,4
1790489424.165694,1790489426.939112,45364.442987,45367.216405,2773.418,POST,/api/pipeline,True,,1621,19,200,4
1790489424.191127,1790489426.966078,45364.468419,45367.243371,2774.952,POST,/api/pipeline,True,,1622,20,200,4
1790489424.220924,1790489427.000109,45364.498217,45367.277402,2779.185,POST,/api/pipeline,True,,1622,21,200,4
1790489424.246621,1790489427.018613,45364.523914,45367.295906,2771.992,POST,/api/pipeline,True,,1621,22,200,4
1790489424.272129,1790489427.047037,45364.549422,45367.32433,2774.908,POST,/api/pipeline,True,,1621,23,200,4
1790489424.306195,1790489427.077889,45364.583488,45367.355182,2771.694,POST,/api/pipeline,True,,1621,24,200,4
1790489424.332728,1790489427.106904,45364.610021,45367.384197,2774.176,POST,/api/pipeline,True,,1622,25,200,4
1790489424.3876,1790489427.161484,45364.664893,45367.438777,2773.884,POST,/api/pipeline,True,,1620,27,200,4
1790489424.385483,1790489427.163252,45364.662776,45367.440545,2777.769,POST,/api/pipeline,True,,1622,26,200,4
1790489424.44757,1790489427.222605,45364.724863,45367.499898,2775.035,POST,/api/pipeline,True,,1622,28,200,4
1790489424.449312,1790489427.226458,45364.726605,45367.503751,2777.146,POST,/api/pipeline,True,,1621,29,200,4
1790489424.464565,1790489427.235198,45364.741858,45367.512491,2770.634,POST,/api/pipeline,True,,1622,30,200,4
1790489424.507111,1790489427.282669,45364.784404,45367.559962,2775.558,POST,/api/pipeline,True,,1622,31,200,4
1790489424.517628,1790489427.293748,45364.794921,45367.571041,2776.12,POST,/api/pipeline,True,,1621,32,200,4
1790489424.552925,1790489427.327145,45364.830218,45367.604438,2774.22,POST,/api/pipeline,True,,1621,33,200,4
1790489424.575855,1790489427.35121,45364.853148,45367.628503,2775.355,POST,/api/pipeline,True,,1621,34,200,4
1790489424.607442,1790489427.37805,45364.884735,45367.655343,2770.608,POST,/api/pipeline,True,,1622,35,200,4
1790489424.651777,1790489427.42701,45364.92907,45367.704303,2775.233,POST,/api/pipeline,True,,1622,36,200,4
1790489424.660457,1790489427.430781,45364.93775,45367.708074,2770.324,POST,/api/pipeline,True,,1622,37,200,4
1790489424.688154,1790489427.463396,45364.965447,45367.740689,2775.242,POST,/api/pipeline,True,,1622,38,200,4
1790489424.713319,1790489427.490429,45364.990612,45367.767723,2777.11,POST,/api/pipeline,True,,1621,39,200,4
1790489424.74605,1790489427.517598,45365.023343,45367.794891,2771.547,POST,/api/pipeline,True,,1620,40,200,4
1790489424.774568,1790489427.548896,45365.051861,45367.826189,2774.328,POST,/api/pipeline,True,,1621,41,200,4
1790489424.799321,1790489427.576492,45365.076614,45367.853785,2777.171,POST,/api/pipeline,True,,1622,42,200,4
1790489424.828879,1790489427.602314,45365.106172,45367.879607,2773.435,POST,/api/pipeline,True,,1622,43,200,4
1790489424.857467,1790489427.628654,45365.13476,45367.905948,2771.188,POST,/api/pipeline,True,,1622,44,200,4
1790489424.887432,1790489427.661845,45365.164725,45367.939138,2774.413,POST,/api/pipeline,True,,1622,45,200,4
1790489424.911814,1790489427.686363,45365.189107,45367.963656,2774.549,POST,/api/pipeline,True,,1621,46,200,4
1790489424.939624,1790489427.714567,45365.216917,45367.99186,2774.943,POST,/api/pipeline,True,,1622,47,200,4
1790489424.966659,1790489427.740999,45365.243952,45368.018292,2774.341,POST,/api/pipeline,True,,1622,48,200,4
1790489424.995725,1790489427.768653,45365.273018,45368.045946,2772.928,POST,/api/pipeline,True,,1622,49,200,4
1790489425.021898,1790489427.796295,45365.299191,45368.073588,2774.397,POST,/api/pipeline,True,,1622,50,200,4
1790489425.050521,1790489427.823319,45365.327814,45368.100612,2772.798,POST,/api/pipeline,True,,1622,51,200,4
1790489425.075628,1790489427.849252,45365.352921,45368.126545,2773.624,POST,/api/pipeline,True,,1622,52,200,4
1790489425.104461,1790489427.878034,45365.381754,45368.155327,2773.573,POST,/api/pipeline,True,,1621,53,200,4
1790489425.129736,1790489427.904043,45365.407029,45368.181336,2774.307,POST,/api/pipeline,True,,1622,54,200,4
1790489425.16152,1790489427.937945,45365.438812,45368.215238,2776.425,POST,/api/pipeline,True,,1622,55,200,4
1790489425.186867,1790489427.963368,45365.46416,45368.240661,2776.5,POST,/api/pipeline,True,,1622,56,200,4
1790489425.216574,1790489427.993201,45365.493867,45368.270493,2776.626,POST,/api/pipeline,True,,1621,57,200,4
1790489425.241544,1790489428.016199,45365.518838,45368.293492,2774.654,POST,/api/pipeline,True,,1621,58,200,4
1790489425.271952,1790489428.045791,45365.549245,45368.323084,2773.838,POST,/api/pipeline,True,,1621,59,200,4
1790489425.303728,1790489428.076526,45365.581021,45368.353819,2772.798,POST,/api/pipeline,True,,1621,60,200,4
1790489425.327558,1790489428.099559,45365.604851,45368.376852,2772.001,POST,/api/pipeline,True,,1621,61,200,4
1790489425.351471,1790489428.125018,45365.628764,45368.402311,2773.547,POST,/api/pipeline,True,,1621,62,200,4
1790489425.381024,1790489428.153334,45365.658316,45368.430627,2772.31,POST,/api/pipeline,True,,1622,63,200,4
1790489425.411435,1790489428.183441,45365.688728,45368.460734,2772.006,POST,/api/pipeline,True,,1620,64,200,4
1790489425.435197,1790489428.208196,45365.71249,45368.485488,2772.998,POST,/api/pipeline,True,,1621,65,200,4
1790489425.469255,1790489428.241978,45365.746548,45368.519271,2772.723,POST,/api/pipeline,True,,1622,66,200,4
1790489425.491606,1790489428.263176,45365.7689,45368.540469,2771.569,POST,/api/pipeline,True,,1622,67,200,4
1790489425.526952,1790489428.30194,45365.804245,45368.579233,2774.988,POST,/api/pipeline,True,,1621,68,200,4
1790489425.547638,1790489428.321465,45365.824932,45368.598758,2773.827,POST,/api/pipeline,True,,1621,69,200,4
1790489425.581787,1790489428.356121,45365.85908,45368.633414,2774.334,POST,/api/pipeline,True,,1621,70,200,4
1790489425.605603,1790489428.378637,45365.882896,45368.65593,2773.034,POST,/api/pipeline,True,,1620,71,200,4
1790489425.637154,1790489428.410288,45365.914447,45368.687581,2773.134,POST,/api/pipeline,True,,1622,72,200,4
1790489425.658464,1790489428.432743,45365.935757,45368.710036,2774.279,POST,/api/pipeline,True,,1622,73,200,4
1790489425.688356,1790489428.462467,45365.965649,45368.73976,2774.111,POST,/api/pipeline,True,,1622,74,200,4
1790489425.714088,1790489428.490664,45365.991381,45368.767956,2776.576,POST,/api/pipeline,True,,1621,75,200,4
1790489425.743872,1790489428.516646,45366.021165,45368.793939,2772.774,POST,/api/pipeline,True,,1621,76,200,4
1790489425.772428,1790489428.548977,45366.049721,45368.826269,2776.548,POST,/api/pipeline,True,,1621,77,200,4
1790489425.798489,1790489428.57465,45366.075782,45368.851943,2776.161,POST,/api/pipeline,True,,1621,78,200,4
1790489425.824648,1790489428.599346,45366.101941,45368.876639,2774.698,POST,/api/pipeline,True,,1622,79,200,4
1790489425.853469,1790489428.627482,45366.130762,45368.904775,2774.013,POST,/api/pipeline,True,,1622,80,200,4
1790489425.879834,1790489428.652185,45366.157127,45368.929478,2772.351,POST,/api/pipeline,True,,1622,81,200,4
1790489425.91067,1790489428.681901,45366.187963,45368.959193,2771.231,POST,/api/pipeline,True,,1622,82,200,4
1790489425.934691,1790489428.709913,45366.211984,45368.987205,2775.222,POST,/api/pipeline,True,,1620,83,200,4
1790489425.962219,1790489428.733815,45366.239512,45369.011108,2771.596,POST,/api/pipeline,True,,1621,84,200,4
1790489425.993377,1790489428.767113,45366.27067,45369.044406,2773.736,POST,/api/pipeline,True,,1621,85,200,4
1790489426.016695,1790489428.788738,45366.293988,45369.066031,2772.044,POST,/api/pipeline,True,,1621,86,200,4
1790489426.044845,1790489428.819109,45366.322138,45369.096402,2774.264,POST,/api/pipeline,True,,1620,87,200,4
1790489426.092771,1790489428.866358,45366.370064,45369.143651,2773.587,POST,/api/pipeline,True,,1621,88,200,4
1790489426.100823,1790489428.878619,45366.378116,45369.155912,2777.796,POST,/api/pipeline,True,,1621,89,200,4
1790489426.156932,1790489428.931,45366.434225,45369.208293,2774.068,POST,/api/pipeline,True,,1622,90,200,4
1790489426.155146,1790489428.93335,45366.432439,45369.210643,2778.204,POST,/api/pipeline,True,,1621,91,200,4
1790489426.178298,1790489428.951373,45366.455591,45369.228666,2773.075,POST,/api/pipeline,True,,1622,92,200,4
1790489426.211459,1790489428.986489,45366.488752,45369.263782,2775.03,POST,/api/pipeline,True,,1622,93,200,4
1790489426.232759,1790489429.01324,45366.510051,45369.290533,2780.481,POST,/api/pipeline,True,,1621,94,200,4
1790489426.262362,1790489429.038402,45366.539655,45369.315695,2776.04,POST,/api/pipeline,True,,1621,95,200,4
1790489426.292947,1790489429.067346,45366.57024,45369.344639,2774.399,POST,/api/pipeline,True,,1622,96,200,4
1790489426.321172,1790489429.095536,45366.598465,45369.372829,2774.363,POST,/api/pipeline,True,,1622,97,200,4
1790489426.348372,1790489429.121086,45366.625664,45369.398379,2772.715,POST,/api/pipeline,True,,1622,98,200,4
1790489426.372087,1790489429.14705,45366.649379,45369.424343,2774.964,POST,/api/pipeline,True,,1622,99,200,4
1790489426.423513,1790489429.19684,45366.700806,45369.474133,2773.327,POST,/api/pipeline,True,,1621,0,200,4
1790489426.43617,1790489429.206532,45366.713463,45369.483825,2770.362,POST,/api/pipeline,True,,1620,1,200,4
1790489426.477786,1790489429.25097,45366.755078,45369.528262,2773.184,POST,/api/pipeline,True,,1621,2,200,4
1790489426.488189,1790489429.26441,45366.765482,45369.541703,2776.221,POST,/api/pipeline,True,,1621,3,200,4
1790489426.534737,1790489429.307939,45366.81203,45369.585232,2773.202,POST,/api/pipeline,True,,1622,4,200,4
1790489426.543909,1790489429.317082,45366.821202,45369.594375,2773.173,POST,/api/pipeline,True,,1622,5,200,4
1790489426.584411,1790489429.357127,45366.861704,45369.63442,2772.716,POST,/api/pipeline,True,,1622,6,200,4
1790489426.603435,1790489429.376635,45366.880728,45369.653928,2773.2,POST,/api/pipeline,True,,1620,7,200,4
1790489426.635505,1790489429.408836,45366.912798,45369.686129,2773.331,POST,/api/pipeline,True,,1621,8,200,4
1790489426.66326,1790489429.436371,45366.940553,45369.713664,2773.112,POST,/api/pipeline,True,,1621,9,200,4
1790489426.690676,1790489429.465495,45366.967969,45369.742788,2774.819,POST,/api/pipeline,True,,1622,10,200,4
1790489426.721908,1790489429.495371,45366.999201,45369.772664,2773.463,POST,/api/pipeline,True,,1622,11,200,4
1790489426.74881,1790489429.524108,45367.026102,45369.801401,2775.298,POST,/api/pipeline,True,,1622,12,200,4
1790489426.779298,1790489429.552765,45367.056591,45369.830058,2773.466,POST,/api/pipeline,True,,1620,13,200,4
1790489426.805884,1790489429.577783,45367.083177,45369.855076,2771.9,POST,/api/pipeline,True,,1622,14,200,4
1790489426.831826,1790489429.60439,45367.109119,45369.881683,2772.564,POST,/api/pipeline,True,,1621,15,200,4
1790489426.859478,1790489429.630816,45367.136771,45369.908109,2771.338,POST,/api/pipeline,True,,1621,16,200,4
1790489426.886596,1790489429.658579,45367.163889,45369.935872,2771.984,POST,/api/pipeline,True,,1621,17,200,4
1790489426.912575,1790489429.683621,45367.189868,45369.960914,2771.046,POST,/api/pipeline,True,,1620,18,200,4
1790489426.939339,1790489429.718546,45367.216632,45369.995839,2779.207,POST,/api/pipeline,True,,1622,19,200,4
1790489426.966317,1790489429.738086,45367.243609,45370.015379,2771.769,POST,/api/pipeline,True,,1622,20,200,4
1790489427.00035,1790489429.77415,45367.277643,45370.051443,2773.8,POST,/api/pipeline,True,,1622,21,200,4
1790489427.018945,1790489429.793964,45367.296238,45370.071257,2775.02,POST,/api/pipeline,True,,1621,22,200,4
1790489427.047269,1790489429.820735,45367.324562,45370.098029,2773.466,POST,/api/pipeline,True,,1621,23,200,4
1790489427.078172,1790489429.852034,45367.355464,45370.129327,2773.863,POST,/api/pipeline,True,,1621,24,200,4
1790489427.107154,1790489429.882336,45367.384447,45370.159629,2775.182,POST,/api/pipeline,True,,1621,25,200,4
1790489427.161741,1790489429.942205,45367.439034,45370.219498,2780.464,POST,/api/pipeline,True,,1621,27,200,4
1790489427.163442,1790489429.944788,45367.440735,45370.222081,2781.345,POST,/api/pipeline,True,,1622,26,200,4
1790489427.222914,1790489430.003235,45367.500207,45370.280527,2780.321,POST,/api/pipeline,True,,1622,28,200,4
1790489427.226649,1790489430.004468,45367.503942,45370.281762,2777.82,POST,/api/pipeline,True,,1620,29,200,4
1790489427.23542,1790489430.008455,45367.512713,45370.285748,2773.035,POST,/api/pipeline,True,,1622,30,200,4
1790489427.282992,1790489430.055635,45367.560285,45370.332928,2772.643,POST,/api/pipeline,True,,1621,31,200,4
1790489427.293981,1790489430.068135,45367.571274,45370.345428,2774.154,POST,/api/pipeline,True,,1622,32,200,4
1790489427.327382,1790489430.098473,45367.604675,45370.375766,2771.091,POST,/api/pipeline,True,,1622,33,200,4
1790489427.35173,1790489430.126479,45367.629023,45370.403772,2774.749,POST,/api/pipeline,True,,1622,34,200,4
1790489427.378287,1790489430.151316,45367.65558,45370.428609,2773.029,POST,/api/pipeline,True,,1621,35,200,4
1790489427.427308,1790489430.207631,45367.704601,45370.484923,2780.323,POST,/api/pipeline,True,,1622,36,200,4
1790489427.43101,1790489430.211337,45367.708303,45370.48863,2780.327,POST,/api/pipeline,True,,1621,37,200,4
1790489427.463688,1790489430.236958,45367.740981,45370.514251,2773.27,POST,/api/pipeline,True,,1621,38,200,4
1790489427.490649,1790489430.268721,45367.767941,45370.546014,2778.072,POST,/api/pipeline,True,,1622,39,200,4
1790489427.517832,1790489430.294628,45367.795125,45370.571921,2776.796,POST,/api/pipeline,True,,1621,40,200,4
1790489427.54914,1790489430.320856,45367.826433,45370.598149,2771.716,POST,/api/pipeline,True,,1622,41,200,4
1790489427.576777,1790489430.349587,45367.854069,45370.626879,2772.81,POST,/api/pipeline,True,,1621,42,200,4
1790489427.602521,1790489430.377746,45367.879814,45370.655039,2775.225,POST,/api/pipeline,True,,1621,43,200,4
1790489427.628865,1790489430.403239,45367.906158,45370.680532,2774.374,POST,/api/pipeline,True,,1622,44,200,4
1790489427.662068,1790489430.432586,45367.939361,45370.709879,2770.518,POST,/api/pipeline,True,,1622,45,200,4
1790489427.686582,1790489430.460808,45367.963875,45370.738101,2774.226,POST,/api/pipeline,True,,1621,46,200,4
1790489427.7149,1790489430.487133,45367.992192,45370.764426,2772.234,POST,/api/pipeline,True,,1620,47,200,4
1790489427.7413,1790489430.514937,45368.018593,45370.79223,2773.637,POST,/api/pipeline,True,,1622,48,200,4
1790489427.768898,1790489430.541135,45368.046192,45370.818428,2772.237,POST,/api/pipeline,True,,1622,49,200,4
1790489427.796524,1790489430.56792,45368.073817,45370.845213,2771.396,POST,/api/pipeline,True,,1621,50,200,4
1790489427.823574,1790489430.596457,45368.100866,45370.87375,2772.884,POST,/api/pipeline,True,,1622,51,200,4
1790489427.849504,1790489430.622952,45368.126797,45370.900244,2773.447,POST,/api/pipeline,True,,1621,52,200,4
1790489427.878272,1790489430.655288,45368.155565,45370.932581,2777.016,POST,/api/pipeline,True,,1621,53,200,4
1790489427.9043,1790489430.680933,45368.181593,45370.958226,2776.633,POST,/api/pipeline,True,,1620,54,200,4
1790489427.938177,1790489430.712662,45368.21547,45370.989955,2774.485,POST,/api/pipeline,True,,1621,55,200,4
1790489427.963638,1790489430.734084,45368.240931,45371.011377,2770.446,POST,/api/pipeline,True,,1621,56,200,4
1790489427.993482,1790489430.766163,45368.270775,45371.043456,2772.681,POST,/api/pipeline,True,,1622,57,200,4
1790489428.016463,1790489430.795641,45368.293756,45371.072934,2779.178,POST,/api/pipeline,True,,1622,58,200,4
1790489428.046017,1790489430.819567,45368.323309,45371.09686,2773.55,POST,/api/pipeline,True,,1622,59,200,4
1790489428.076754,1790489430.849406,45368.354047,45371.126699,2772.652,POST,/api/pipeline,True,,1621,60,200,4
1790489428.099803,1790489430.876492,45368.377096,45371.153784,2776.689,POST,/api/pipeline,True,,1621,61,200,4
1790489428.125247,1790489430.900364,45368.402539,45371.177657,2775.117,POST,/api/pipeline,True,,1621,62,200,4
1790489428.153569,1790489430.927672,45368.430862,45371.204965,2774.103,POST,/api/pipeline,True,,1621,63,200,4
1790489428.183683,1790489430.957039,45368.460976,45371.234332,2773.356,POST,/api/pipeline,True,,1622,64,200,4
1790489428.208506,1790489430.982964,45368.485798,45371.260257,2774.458,POST,/api/pipeline,True,,1622,65,200,4
1790489428.242195,1790489431.017183,45368.519488,45371.294476,2774.988,POST,/api/pipeline,True,,1622,66,200,4
1790489428.263447,1790489431.038153,45368.54074,45371.315446,2774.706,POST,/api/pipeline,True,,1621,67,200,4
1790489428.302155,1790489431.077857,45368.579448,45371.35515,2775.702,POST,/api/pipeline,True,,1622,68,200,4
1790489428.321688,1790489431.097611,45368.598981,45371.374904,2775.923,POST,/api/pipeline,True,,1620,69,200,4
1790489428.356362,1790489431.128761,45368.633655,45371.406054,2772.4,POST,/api/pipeline,True,,1621,70,200,4
1790489428.378919,1790489431.151525,45368.656212,45371.428817,2772.606,POST,/api/pipeline,True,,1621,71,200,4
1790489428.410511,1790489431.181873,45368.687804,45371.459166,2771.362,POST,/api/pipeline,True,,1622,72,200,4
1790489428.432972,1790489431.205064,45368.710265,45371.482357,2772.092,POST,/api/pipeline,True,,1621,73,200,4
1790489428.462704,1790489431.235324,45368.739997,45371.512617,2772.621,POST,/api/pipeline,True,,1621,74,200,4
1790489428.49105,1790489431.265013,45368.768344,45371.542306,2773.962,POST,/api/pipeline,True,,1621,75,200,4
1790489428.516881,1790489431.292118,45368.794173,45371.569411,2775.238,POST,/api/pipeline,True,,1622,76,200,4
1790489428.549285,1790489431.3205,45368.826578,45371.597793,2771.215,POST,/api/pipeline,True,,1621,77,200,4
1790489428.574996,1790489431.34945,45368.852289,45371.626743,2774.454,POST,/api/pipeline,True,,1622,78,200,4
1790489428.599593,1790489431.371407,45368.876886,45371.6487,2771.814,POST,/api/pipeline,True,,1622,79,200,4
1790489428.627748,1790489431.400492,45368.905041,45371.677785,2772.744,POST,/api/pipeline,True,,1622,80,200,4
1790489428.652398,1790489431.428934,45368.929691,45371.706227,2776.536,POST,/api/pipeline,True,,1622,81,200,4
1790489428.682112,1790489431.454009,45368.959405,45371.731302,2771.896,POST,/api/pipeline,True,,1621,82,200,4
1790489428.710187,1790489431.48445,45368.98748,45371.761743,2774.264,POST,/api/pipeline,True,,1622,83,200,4
1790489428.734017,1790489431.50856,45369.01131,45371.785853,2774.543,POST,/api/pipeline,True,,1622,84,200,4
1790489428.767383,1790489431.539229,45369.044676,45371.816522,2771.846,POST,/api/pipeline,True,,1621,85,200,4
1790489428.789129,1790489431.563627,45369.066422,45371.840919,2774.497,POST,/api/pipeline,True,,1621,86,200,4
1790489428.819344,1790489431.597255,45369.096637,45371.874548,2777.911,POST,/api/pipeline,True,,1622,87,200,4
1790489428.866594,1790489431.640538,45369.143887,45371.917831,2773.944,POST,/api/pipeline,True,,1620,88,200,4
1790489428.878966,1790489431.652168,45369.156259,45371.929461,2773.202,POST,/api/pipeline,True,,1620,89,200,4
1790489428.931265,1790489431.707826,45369.208558,45371.985119,2776.561,POST,/api/pipeline,True,,1622,90,200,4
1790489428.933556,1790489431.709729,45369.210849,45371.987022,2776.172,POST,/api/pipeline,True,,1622,91,200,4
1790489428.951638,1790489431.728842,45369.228931,45372.006134,2777.204,POST,/api/pipeline,True,,1622,92,200,4
1790489428.9867,1790489431.760676,45369.263992,45372.037969,2773.976,POST,/api/pipeline,True,,1622,93,200,4
1790489429.013466,1790489431.786306,45369.290759,45372.063599,2772.84,POST,/api/pipeline,True,,1621,94,200,4
1790489429.038618,1790489431.813831,45369.315912,45372.091124,2775.212,POST,/api/pipeline,True,,1622,95,200,4
1790489429.067616,1790489431.839637,45369.344909,45372.116929,2772.021,POST,/api/pipeline,True,,1622,96,200,4
1790489429.095802,1790489431.868415,45369.373095,45372.145708,2772.613,POST,/api/pipeline,True,,1622,97,200,4
1790489429.121322,1790489431.89442,45369.398615,45372.171713,2773.098,POST,/api/pipeline,True,,1621,98,200,4
1790489429.1473,1790489431.920794,45369.424593,45372.198087,2773.493,POST,/api/pipeline,True,,1621,99,200,4
1790489429.197088,1790489431.969588,45369.474381,45372.246881,2772.5,POST,/api/pipeline,True,,1622,0,200,4
1790489429.206758,1790489431.980929,45369.484051,45372.258222,2774.171,POST,/api/pipeline,True,,1621,1,200,4
1790489429.251205,1790489432.026911,45369.528498,45372.304204,2775.706,POST,/api/pipeline,True,,1622,2,200,4
1790489429.264629,1790489432.035579,45369.541922,45372.312872,2770.95,POST,/api/pipeline,True,,1622,3,200,4
1790489429.308167,1790489432.079987,45369.58546,45372.35728,2771.82,POST,/api/pipeline,True,,1622,4,200,4
1790489429.317336,1790489432.090377,45369.594628,45372.367669,2773.041,POST,/api/pipeline,True,,1622,5,200,4
1790489429.357384,1790489432.128633,45369.634677,45372.405926,2771.249,POST,/api/pipeline,True,,1620,6,200,4
1790489429.376854,1790489432.14931,45369.654148,45372.426603,2772.456,POST,/api/pipeline,True,,1619,7,200,4
1790489429.409067,1790489432.183564,45369.686361,45372.460857,2774.496,POST,/api/pipeline,True,,1622,8,200,4
1790489429.436588,1790489432.210007,45369.713881,45372.4873,2773.419,POST,/api/pipeline,True,,1621,9,200,4
1790489429.465734,1790489432.242292,45369.743027,45372.519585,2776.558,POST,/api/pipeline,True,,1621,10,200,4
1790489429.495627,1790489432.271473,45369.772919,45372.548766,2775.846,POST,/api/pipeline,True,,1620,11,200,4
1790489429.524365,1790489432.296693,45369.801658,45372.573986,2772.328,POST,/api/pipeline,True,,1622,12,200,4
1790489429.553002,1790489432.325592,45369.830294,45372.602885,2772.591,POST,/api/pipeline,True,,1621,13,200,4
1790489429.578021,1790489432.348969,45369.855314,45372.626261,2770.948,POST,/api/pipeline,True,,1621,14,200,4
1790489429.604628,1790489432.380004,45369.881921,45372.657297,2775.376,POST,/api/pipeline,True,,1621,15,200,4
1790489429.631129,1790489432.408671,45369.908422,45372.685964,2777.542,POST,/api/pipeline,True,,1621,16,200,4
1790489429.658906,1790489432.43308,45369.936199,45372.710373,2774.174,POST,/api/pipeline,True,,1622,17,200,4
1790489429.683821,1790489432.459109,45369.961114,45372.736402,2775.287,POST,/api/pipeline,True,,1622,18,200,4
1790489429.718755,1790489432.491775,45369.996048,45372.769068,2773.02,POST,/api/pipeline,True,,1622,19,200,4
1790489429.738321,1790489432.512187,45370.015614,45372.78948,2773.866,POST,/api/pipeline,True,,1621,20,200,4
1790489429.774377,1790489432.546415,45370.05167,45372.823708,2772.038,POST,/api/pipeline,True,,1621,21,200,4
1790489429.794197,1790489432.570535,45370.07149,45372.847828,2776.338,POST,/api/pipeline,True,,1622,22,200,4
1790489429.82102,1790489432.593619,45370.098313,45372.870912,2772.599,POST,/api/pipeline,True,,1620,23,200,4
1790489429.85232,1790489432.626005,45370.129613,45372.903298,2773.685,POST,/api/pipeline,True,,1622,24,200,4
1790489429.88256,1790489432.658705,45370.159853,45372.935998,2776.145,POST,/api/pipeline,True,,1621,25,200,4
1790489429.942496,1790489432.72001,45370.219789,45372.997302,2777.513,POST,/api/pipeline,True,,1621,27,200,4
1790489429.944972,1790489432.722529,45370.222265,45372.999822,2777.557,POST,/api/pipeline,True,,1622,26,200,4
1790489430.003494,1790489432.775604,45370.280787,45373.052897,2772.11,POST,/api/pipeline,True,,1622,28,200,4
1790489430.008654,1790489432.783409,45370.285947,45373.060702,2774.755,POST,/api/pipeline,True,,1622,30,200,4
1790489430.005086,1790489432.784108,45370.282379,45373.061401,2779.022,POST,/api/pipeline,True,,1622,29,200,4
1790489430.055876,1790489432.829396,45370.333169,45373.106689,2773.52,POST,/api/pipeline,True,,1621,31,200,4
1790489430.068352,1790489432.843087,45370.345645,45373.12038,2774.736,POST,/api/pipeline,True,,1622,32,200,4
1790489430.098769,1790489432.870165,45370.376061,45373.147458,2771.397,POST,/api/pipeline,True,,1621,33,200,4
1790489430.126704,1790489432.902012,45370.403997,45373.179305,2775.308,POST,/api/pipeline,True,,1622,34,200,4
1790489430.151551,1790489432.928997,45370.428844,45373.20629,2777.446,POST,/api/pipeline,True,,1618,35,200,4
1790489430.207881,1790489432.9872,45370.485174,45373.264492,2779.319,POST,/api/pipeline,True,,1622,36,200,4
1790489430.211559,1790489432.988485,45370.488852,45373.265778,2776.926,POST,/api/pipeline,True,,1622,37,200,4
1790489430.237202,1790489433.012232,45370.514495,45373.289525,2775.029,POST,/api/pipeline,True,,1622,38,200,4
1790489430.268935,1790489433.041834,45370.546228,45373.319127,2772.898,POST,/api/pipeline,True,,1622,39,200,4
1790489430.294974,1790489433.069852,45370.572267,45373.347145,2774.878,POST,/api/pipeline,True,,1622,40,200,4
1790489430.321089,1790489433.096333,45370.598382,45373.373626,2775.244,POST,/api/pipeline,True,,1622,41,200,4
1790489430.349889,1790489433.121488,45370.627182,45373.398781,2771.599,POST,/api/pipeline,True,,1620,42,200,4
1790489430.377977,1790489433.150908,45370.65527,45373.428201,2772.931,POST,/api/pipeline,True,,1620,43,200,4
1790489430.403466,1790489433.180982,45370.680759,45373.458275,2777.516,POST,/api/pipeline,True,,1622,44,200,4
1790489430.432842,1790489433.205797,45370.710134,45373.483089,2772.955,POST,/api/pipeline,True,,1622,45,200,4
1790489430.461046,1790489433.232661,45370.738339,45373.509954,2771.615,POST,/api/pipeline,True,,1622,46,200,4
1790489430.487365,1790489433.260325,45370.764658,45373.537617,2772.96,POST,/api/pipeline,True,,1622,47,200,4
1790489430.515258,1790489433.286982,45370.792551,45373.564275,2771.724,POST,/api/pipeline,True,,1621,48,200,4
1790489430.541388,1790489433.314918,45370.818681,45373.592211,2773.53,POST,/api/pipeline,True,,1622,49,200,4
1790489430.568145,1790489433.342064,45370.845438,45373.619357,2773.919,POST,/api/pipeline,True,,1620,50,200,4
1790489430.596785,1790489433.372692,45370.874077,45373.649984,2775.907,POST,/api/pipeline,True,,1621,51,200,4
1790489430.623181,1790489433.399455,45370.900474,45373.676748,2776.274,POST,/api/pipeline,True,,1622,52,200,4
1790489430.655624,1790489433.428158,45370.932917,45373.705451,2772.534,POST,/api/pipeline,True,,1620,53,200,4
1790489430.681209,1790489433.45392,45370.958502,45373.731213,2772.711,POST,/api/pipeline,True,,1621,54,200,4
1790489430.712951,1790489433.489248,45370.990244,45373.766541,2776.297,POST,/api/pipeline,True,,1620,55,200,4
1790489430.734286,1790489433.512647,45371.011579,45373.78994,2778.36,POST,/api/pipeline,True,,1622,56,200,4
1790489430.766526,1790489433.53967,45371.043819,45373.816962,2773.143,POST,/api/pipeline,True,,1622,57,200,4
1790489430.795861,1790489433.567265,45371.073154,45373.844558,2771.404,POST,/api/pipeline,True,,1622,58,200,4
1790489430.819787,1790489433.598172,45371.09708,45373.875465,2778.385,POST,/api/pipeline,True,,1622,59,200,4
1790489430.849647,1790489433.622418,45371.12694,45373.899712,2772.771,POST,/api/pipeline,True,,1622,60,200,4
1790489430.876736,1790489433.6489,45371.154029,45373.926193,2772.164,POST,/api/pipeline,True,,1622,61,200,4
1790489430.900587,1790489433.676286,45371.17788,45373.953579,2775.699,POST,/api/pipeline,True,,1622,62,200,4
1790489430.927896,1790489433.700801,45371.205189,45373.978094,2772.905,POST,/api/pipeline,True,,1621,63,200,4
1790489430.957273,1790489433.730491,45371.234566,45374.007784,2773.218,POST,/api/pipeline,True,,1622,64,200,4
1790489430.983207,1790489433.758343,45371.2605,45374.035636,2775.136,POST,/api/pipeline,True,,1622,65,200,4
1790489431.017426,1790489433.79329,45371.29472,45374.070583,2775.863,POST,/api/pipeline,True,,1622,66,200,4
1790489431.03839,1790489433.812527,45371.315683,45374.08982,2774.137,POST,/api/pipeline,True,,1622,67,200,4
1790489431.078077,1790489433.8505,45371.35537,45374.127793,2772.423,POST,/api/pipeline,True,,1621,68,200,4
1790489431.097853,1790489433.870553,45371.375146,45374.147846,2772.701,POST,/api/pipeline,True,,1622,69,200,4
1790489431.129073,1790489433.902442,45371.406366,45374.179735,2773.369,POST,/api/pipeline,True,,1621,70,200,4
1790489431.151742,1790489433.923972,45371.429035,45374.201265,2772.229,POST,/api/pipeline,True,,1622,71,200,4
1790489431.182119,1790489433.955623,45371.459412,45374.232916,2773.504,POST,/api/pipeline,True,,1621,72,200,4
1790489431.205297,1790489433.978522,45371.48259,45374.255815,2773.226,POST,/api/pipeline,True,,1621,73,200,4
1790489431.235564,1790489434.010009,45371.512857,45374.287302,2774.445,POST,/api/pipeline,True,,1622,74,200,4
1790489431.265233,1790489434.038296,45371.542526,45374.31559,2773.064,POST,/api/pipeline,True,,1622,75,200,4
1790489431.292367,1790489434.068648,45371.56966,45374.345941,2776.281,POST,/api/pipeline,True,,1621,76,200,4
1790489431.320728,1790489434.092612,45371.598021,45374.369905,2771.884,POST,/api/pipeline,True,,1622,77,200,4
1790489431.349736,1790489434.12144,45371.627029,45374.398733,2771.704,POST,/api/pipeline,True,,1621,78,200,4
1790489431.371663,1790489434.146578,45371.648956,45374.423871,2774.915,POST,/api/pipeline,True,,1621,79,200,4
1790489431.400719,1790489434.17388,45371.678012,45374.451173,2773.161,POST,/api/pipeline,True,,1622,80,200,4
1790489431.429153,1790489434.204881,45371.706446,45374.482174,2775.728,POST,/api/pipeline,True,,1622,81,200,4
1790489431.454242,1790489434.227601,45371.731536,45374.504894,2773.359,POST,/api/pipeline,True,,1622,82,200,4
1790489431.484688,1790489434.257545,45371.761981,45374.534838,2772.857,POST,/api/pipeline,True,,1621,83,200,4
1790489431.508794,1790489434.283592,45371.786087,45374.560885,2774.797,POST,/api/pipeline,True,,1621,84,200,4
1790489431.539513,1790489434.313979,45371.816806,45374.591272,2774.466,POST,/api/pipeline,True,,1622,85,200,4
1790489431.563871,1790489434.337652,45371.841164,45374.614945,2773.781,POST,/api/pipeline,True,,1622,86,200,4
1790489431.597512,1790489434.372725,45371.874805,45374.650018,2775.213,POST,/api/pipeline,True,,1622,87,200,4
1790489431.640828,1790489434.415353,45371.918121,45374.692646,2774.525,POST,/api/pipeline,True,,1622,88,200,4
1790489431.652416,1790489434.431474,45371.929708,45374.708767,2779.058,POST,/api/pipeline,True,,1619,89,200,4
1790489431.70815,1790489434.482906,45371.985443,45374.760199,2774.756,POST,/api/pipeline,True,,1622,90,200,4
1790489431.710479,1790489434.484683,45371.987772,45374.761975,2774.203,POST,/api/pipeline,True,,1622,91,200,4
1790489431.729139,1790489434.502003,45372.006432,45374.779296,2772.864,POST,/api/pipeline,True,,1622,92,200,4
1790489431.760857,1790489434.532243,45372.03815,45374.809536,2771.386,POST,/api/pipeline,True,,1622,93,200,4
1790489431.786511,1790489434.559689,45372.063804,45374.836982,2773.178,POST,/api/pipeline,True,,1622,94,200,4
1790489431.814058,1790489434.588292,45372.091351,45374.865585,2774.234,POST,/api/pipeline,True,,1622,95,200,4
1790489431.839931,1790489434.612379,45372.117223,45374.889672,2772.448,POST,/api/pipeline,True,,1621,96,200,4
1790489431.868638,1790489434.640094,45372.14593,45374.917387,2771.456,POST,/api/pipeline,True,,1622,97,200,4
1790489431.894644,1790489434.668338,45372.171937,45374.945631,2773.693,POST,/api/pipeline,True,,1621,98,200,4
1790489431.921016,1790489434.69436,45372.198309,45374.971653,2773.344,POST,/api/pipeline,True,,1621,99,200,4
1790489431.969827,1790489434.744386,45372.24712,45375.021679,2774.559,POST,/api/pipeline,True,,1620,0,200,4
1790489431.981156,1790489434.752896,45372.258449,45375.030188,2771.739,POST,/api/pipeline,True,,1621,1,200,4
1790489432.027156,1790489434.798055,45372.304449,45375.075348,2770.899,POST,/api/pipeline,True,,1620,2,200,4
1790489432.035799,1790489434.811373,45372.313092,45375.088666,2775.574,POST,/api/pipeline,True,,1621,3,200,4
1790489432.080234,1790489434.852134,45372.357527,45375.129427,2771.901,POST,/api/pipeline,True,,1621,4,200,4
1790489432.090645,1790489434.862085,45372.367938,45375.139378,2771.44,POST,/api/pipeline,True,,1622,5,200,4
1790489432.128864,1790489434.901586,45372.406157,45375.178879,2772.722,POST,/api/pipeline,True,,1621,6,200,4
1790489432.149528,1790489434.927484,45372.426821,45375.204777,2777.956,POST,/api/pipeline,True,,1622,7,200,4
1790489432.183787,1790489434.960694,45372.46108,45375.237987,2776.907,POST,/api/pipeline,True,,1621,8,200,4
1790489432.210234,1790489434.985536,45372.487527,45375.262829,2775.302,POST,/api/pipeline,True,,1618,9,200,4
1790489432.242516,1790489435.017638,45372.519809,45375.294931,2775.121,POST,/api/pipeline,True,,1622,10,200,4
1790489432.271746,1790489435.046399,45372.549039,45375.323692,2774.653,POST,/api/pipeline,True,,1621,11,200,4
1790489432.296975,1790489435.069419,45372.574269,45375.346712,2772.443,POST,/api/pipeline,True,,1621,12,200,4
1790489432.325819,1790489435.097835,45372.603112,45375.375128,2772.016,POST,/api/pipeline,True,,1620,13,200,4
1790489432.349365,1790489435.13082,45372.626658,45375.408112,2781.455,POST,/api/pipeline,True,,1622,14,200,4
1790489432.380263,1790489435.151858,45372.657555,45375.429151,2771.596,POST,/api/pipeline,True,,1621,15,200,4
1790489432.408956,1790489435.180557,45372.686249,45375.45785,2771.601,POST,/api/pipeline,True,,1622,16,200,4
1790489432.43332,1790489435.209179,45372.710613,45375.486472,2775.859,POST,/api/pipeline,True,,1619,17,200,4
1790489432.459345,1790489435.230565,45372.736638,45375.507857,2771.22,POST,/api/pipeline,True,,1621,18,200,4
1790489432.491986,1790489435.265975,45372.769279,45375.543268,2773.989,POST,/api/pipeline,True,,1622,19,200,4
1790489432.512456,1790489435.287345,45372.789749,45375.564638,2774.889,POST,/api/pipeline,True,,1619,20,200,4
1790489432.546641,1790489435.318148,45372.823934,45375.595441,2771.507,POST,/api/pipeline,True,,1622,21,200,4
1790489432.570754,1790489435.344307,45372.848047,45375.621601,2773.554,POST,/api/pipeline,True,,1622,22,200,4
1790489432.593846,1790489435.367898,45372.871139,45375.645191,2774.052,POST,/api/pipeline,True,,1622,23,200,4
1790489432.626242,1790489435.401312,45372.903535,45375.678605,2775.07,POST,/api/pipeline,True,,1621,24,200,4
1790489432.659091,1790489435.430977,45372.936383,45375.70827,2771.886,POST,/api/pipeline,True,,1620,25,200,4
1790489432.720273,1790489435.499665,45372.997565,45375.776958,2779.393,POST,/api/pipeline,True,,1622,27,200,4
1790489432.722714,1790489435.501494,45373.000007,45375.778787,2778.78,POST,/api/pipeline,True,,1621,26,200,4
1790489432.775863,1790489435.559733,45373.053156,45375.837026,2783.87,POST,/api/pipeline,True,,1621,28,200,4
1790489432.784323,1790489435.563647,45373.061616,45375.84094,2779.323,POST,/api/pipeline,True,,1620,30,200,4
1790489432.78512,1790489435.564814,45373.062413,45375.842107,2779.694,POST,/api/pipeline,True,,1622,29,200,4
1790489432.829601,1790489435.601798,45373.106894,45375.879091,2772.197,POST,/api/pipeline,True,,1620,31,200,4
1790489432.843289,1790489435.619242,45373.120583,45375.896535,2775.952,POST,/api/pipeline,True,,1622,32,200,4
1790489432.870391,1790489435.643988,45373.147684,45375.921282,2773.597,POST,/api/pipeline,True,,1622,33,200,4
1790489432.90226,1790489435.679492,45373.179553,45375.956785,2777.232,POST,/api/pipeline,True,,1621,34,200,4
1790489432.929236,1790489435.703219,45373.206529,45375.980512,2773.983,POST,/api/pipeline,True,,1621,35,200,4
1790489432.987454,1790489435.761474,45373.264747,45376.038767,2774.02,POST,/api/pipeline,True,,1622,36,200,4
1790489432.99037,1790489435.76433,45373.267663,45376.041622,2773.96,POST,/api/pipeline,True,,1621,37,200,4
1790489433.012572,1790489435.786813,45373.289864,45376.064106,2774.241,POST,/api/pipeline,True,,1622,38,200,4
1790489433.042056,1790489435.820894,45373.319349,45376.098186,2778.838,POST,/api/pipeline,True,,1621,39,200,4
1790489433.070169,1790489435.844836,45373.347462,45376.122129,2774.668,POST,/api/pipeline,True,,1622,40,200,4
1790489433.096572,1790489435.870164,45373.373865,45376.147457,2773.593,POST,/api/pipeline,True,,1622,41,200,4
1790489433.121709,1790489435.897239,45373.399002,45376.174532,2775.53,POST,/api/pipeline,True,,1622,42,200,4
1790489433.151129,1790489435.924963,45373.428422,45376.202256,2773.835,POST,/api/pipeline,True,,1622,43,200,4
1790489433.18126,1790489435.95431,45373.458553,45376.231603,2773.05,POST,/api/pipeline,True,,1622,44,200,4
1790489433.206095,1790489435.978067,45373.483388,45376.25536,2771.972,POST,/api/pipeline,True,,1620,45,200,4
1790489433.232885,1790489436.005801,45373.510178,45376.283094,2772.916,POST,/api/pipeline,True,,1621,46,200,4
1790489433.260551,1790489436.033209,45373.537844,45376.310502,2772.658,POST,/api/pipeline,True,,1621,47,200,4
1790489433.287231,1790489436.060287,45373.564524,45376.33758,2773.056,POST,/api/pipeline,True,,1622,48,200,4
1790489433.315159,1790489436.088093,45373.592452,45376.365386,2772.934,POST,/api/pipeline,True,,1622,49,200,4
1790489433.342307,1790489436.119444,45373.6196,45376.396737,2777.137,POST,/api/pipeline,True,,1620,50,200,4
1790489433.373003,1790489436.147501,45373.650296,45376.424794,2774.499,POST,/api/pipeline,True,,1620,51,200,4
1790489433.399695,1790489436.172988,45373.676988,45376.450281,2773.293,POST,/api/pipeline,True,,1621,52,200,4
1790489433.428407,1790489436.206264,45373.705699,45376.483557,2777.858,POST,/api/pipeline,True,,1621,53,200,4
1790489433.454166,1790489436.229553,45373.731458,45376.506846,2775.388,POST,/api/pipeline,True,,1622,54,200,4
1790489433.489554,1790489436.259584,45373.766847,45376.536877,2770.03,POST,/api/pipeline,True,,1622,55,200,4
1790489433.512869,1790489436.285564,45373.790162,45376.562857,2772.695,POST,/api/pipeline,True,,1622,56,200,4
1790489433.539938,1790489436.315244,45373.817231,45376.592537,2775.306,POST,/api/pipeline,True,,1621,57,200,4
1790489433.567488,1790489436.343591,45373.844781,45376.620884,2776.103,POST,/api/pipeline,True,,1621,58,200,4
1790489433.598388,1790489436.369993,45373.875681,45376.647286,2771.605,POST,/api/pipeline,True,,1619,59,200,4
1790489433.622644,1790489436.395343,45373.899937,45376.672636,2772.699,POST,/api/pipeline,True,,1621,60,200,4
1790489433.64912,1790489436.422282,45373.926413,45376.699575,2773.162,POST,/api/pipeline,True,,1621,61,200,4
1790489433.676514,1790489436.449723,45373.953807,45376.727016,2773.21,POST,/api/pipeline,True,,1621,62,200,4
1790489433.701024,1790489436.475571,45373.978316,45376.752863,2774.547,POST,/api/pipeline,True,,1621,63,200,4
1790489433.730711,1790489436.503086,45374.008004,45376.780379,2772.376,POST,/api/pipeline,True,,1622,64,200,4
1790489433.758567,1790489436.532328,45374.03586,45376.809621,2773.761,POST,/api/pipeline,True,,1622,65,200,4
1790489433.79352,1790489436.56787,45374.070813,45376.845163,2774.35,POST,/api/pipeline,True,,1621,66,200,4
1790489433.812756,1790489436.58969,45374.090049,45376.866983,2776.934,POST,/api/pipeline,True,,1620,67,200,4
1790489433.850708,1790489436.622289,45374.128001,45376.899582,2771.581,POST,/api/pipeline,True,,1622,68,200,4
1790489433.870857,1790489436.643602,45374.14815,45376.920895,2772.745,POST,/api/pipeline,True,,1621,69,200,4
1790489433.902664,1790489436.675929,45374.179957,45376.953222,2773.265,POST,/api/pipeline,True,,1622,70,200,4
1790489433.924171,1790489436.696602,45374.201464,45376.973895,2772.431,POST,/api/pipeline,True,,1619,71,200,4
1790489433.955909,1790489436.728555,45374.233202,45377.005848,2772.646,POST,/api/pipeline,True,,1622,72,200,4
1790489433.978746,1790489436.752543,45374.256039,45377.029836,2773.797,POST,/api/pipeline,True,,1621,73,200,4
1790489434.010288,1790489436.790357,45374.287581,45377.06765,2780.068,POST,/api/pipeline,True,,1622,74,200,4
1790489434.038542,1790489436.813804,45374.315834,45377.091097,2775.262,POST,/api/pipeline,True,,1621,75,200,4
1790489434.068951,1790489436.842515,45374.346244,45377.119808,2773.564,POST,/api/pipeline,True,,1621,76,200,4
1790489434.09285,1790489436.86653,45374.370143,45377.143823,2773.68,POST,/api/pipeline,True,,1622,77,200,4
1790489434.121665,1790489436.895136,45374.398958,45377.172429,2773.471,POST,/api/pipeline,True,,1622,78,200,4
1790489434.146937,1790489436.920436,45374.42423,45377.197729,2773.499,POST,/api/pipeline,True,,1622,79,200,4
1790489434.174141,1790489436.947247,45374.451434,45377.22454,2773.106,POST,/api/pipeline,True,,1622,80,200,4
1790489434.2051,1790489436.975834,45374.482393,45377.253127,2770.734,POST,/api/pipeline,True,,1622,81,200,4
1790489434.227822,1790489437.005941,45374.505115,45377.283235,2778.12,POST,/api/pipeline,True,,1622,82,200,4
1790489434.257787,1790489437.036234,45374.53508,45377.313527,2778.447,POST,/api/pipeline,True,,1622,83,200,4
1790489434.283841,1790489437.057708,45374.561134,45377.335,2773.866,POST,/api/pipeline,True,,1620,84,200,4
1790489434.314219,1790489437.091079,45374.591511,45377.368372,2776.86,POST,/api/pipeline,True,,1621,85,200,4
1790489434.337979,1790489437.113177,45374.615272,45377.390469,2775.198,POST,/api/pipeline,True,,1621,86,200,4
1790489434.373008,1790489437.149552,45374.650301,45377.426845,2776.544,POST,/api/pipeline,True,,1621,87,200,4
1790489434.415595,1790489437.189155,45374.692888,45377.466448,2773.56,POST,/api/pipeline,True,,1619,88,200,4
1790489434.431707,1790489437.204444,45374.709,45377.481737,2772.737,POST,/api/pipeline,True,,1622,89,200,4
1790489434.483178,1790489437.260129,45374.760471,45377.537422,2776.951,POST,/api/pipeline,True,,1622,90,200,4
1790489434.484861,1790489437.261451,45374.762154,45377.538744,2776.59,POST,/api/pipeline,True,,1622,91,200,4
1790489434.502224,1790489437.276833,45374.779517,45377.554126,2774.609,POST,/api/pipeline,True,,1621,92,200,4
1790489434.532485,1790489437.309147,45374.809777,45377.58644,2776.662,POST,/api/pipeline,True,,1621,93,200,4
1790489434.559941,1790489437.33161,45374.837233,45377.608903,2771.669,POST,/api/pipeline,True,,1621,94,200,4
1790489434.588547,1790489437.360937,45374.86584,45377.63823,2772.39,POST,/api/pipeline,True,,1621,95,200,4
1790489434.61261,1790489437.387269,45374.889903,45377.664562,2774.659,POST,/api/pipeline,True,,1622,96,200,4
1790489434.640313,1790489437.413222,45374.917606,45377.690515,2772.909,POST,/api/pipeline,True,,1622,97,200,4
1790489434.668603,1790489437.441586,45374.945895,45377.718879,2772.984,POST,/api/pipeline,True,,1621,98,200,4
1790489434.69459,1790489437.467479,45374.971883,45377.744772,2772.889,POST,/api/pipeline,True,,1621,99,200,4
1790489434.744625,1790489437.517001,45375.021918,45377.794294,2772.376,POST,/api/pipeline,True,,1622,0,200,4
1790489434.753117,1790489437.527253,45375.03041,45377.804546,2774.137,POST,/api/pipeline,True,,1622,1,200,4
1790489434.798274,1790489437.571066,45375.075567,45377.848359,2772.793,POST,/api/pipeline,True,,1619,2,200,4
1790489434.811597,1790489437.585247,45375.08889,45377.86254,2773.65,POST,/api/pipeline,True,,1622,3,200,4
1790489434.85234,1790489437.626001,45375.129633,45377.903295,2773.661,POST,/api/pipeline,True,,1622,4,200,4
1790489434.862289,1790489437.644559,45375.139582,45377.921852,2782.27,POST,/api/pipeline,True,,1622,5,200,4
1790489434.9018,1790489437.676419,45375.179093,45377.953712,2774.619,POST,/api/pipeline,True,,1622,6,200,4
1790489434.927699,1790489437.702649,45375.204992,45377.979942,2774.95,POST,/api/pipeline,True,,1622,7,200,4
1790489434.960907,1790489437.734317,45375.238201,45378.01161,2773.41,POST,/api/pipeline,True,,1622,8,200,4
1790489434.985759,1790489437.761478,45375.263051,45378.038771,2775.72,POST,/api/pipeline,True,,1622,9,200,4
1790489435.01787,1790489437.792054,45375.295163,45378.069347,2774.184,POST,/api/pipeline,True,,1622,10,200,4
1790489435.046691,1790489437.819919,45375.323984,45378.097212,2773.228,POST,/api/pipeline,True,,1620,11,200,4
1790489435.069646,1790489437.847539,45375.346939,45378.124832,2777.893,POST,/api/pipeline,True,,1621,12,200,4
1790489435.098062,1790489437.870265,45375.375355,45378.147559,2772.204,POST,/api/pipeline,True,,1621,13,200,4
1790489435.131146,1790489437.906296,45375.408438,45378.183588,2775.15,POST,/api/pipeline,True,,1621,14,200,4
1790489435.152078,1790489437.926521,45375.429371,45378.203814,2774.443,POST,/api/pipeline,True,,1622,15,200,4
1790489435.180806,1790489437.958986,45375.458099,45378.236279,2778.18,POST,/api/pipeline,True,,1621,16,200,4
1790489435.209413,1790489437.983337,45375.486706,45378.26063,2773.924,POST,/api/pipeline,True,,1622,17,200,4
1790489435.230899,1790489438.002907,45375.508191,45378.2802,2772.008,POST,/api/pipeline,True,,1621,18,200,4
1790489435.266356,1790489438.039948,45375.543649,45378.317241,2773.592,POST,/api/pipeline,True,,1621,19,200,4
1790489435.287573,1790489438.059639,45375.564866,45378.336932,2772.066,POST,/api/pipeline,True,,1621,20,200,4
1790489435.318401,1790489438.093096,45375.595694,45378.370389,2774.696,POST,/api/pipeline,True,,1620,21,200,4
1790489435.344512,1790489438.118159,45375.621805,45378.395452,2773.647,POST,/api/pipeline,True,,1622,22,200,4
1790489435.368119,1790489438.141241,45375.645412,45378.418533,2773.122,POST,/api/pipeline,True,,1622,23,200,4
1790489435.401545,1790489438.177652,45375.678838,45378.454945,2776.107,POST,/api/pipeline,True,,1621,24,200,4
1790489435.431224,1790489438.207446,45375.708517,45378.484739,2776.222,POST,/api/pipeline,True,,1622,25,200,4
1790489435.49989,1790489438.276882,45375.777183,45378.554175,2776.992,POST,/api/pipeline,True,,1622,27,200,4
1790489435.501676,1790489438.281343,45375.778969,45378.558637,2779.668,POST,/api/pipeline,True,,1622,26,200,4
1790489435.559982,1790489438.338599,45375.837275,45378.615892,2778.617,POST,/api/pipeline,True,,1621,28,200,4
1790489435.563853,1790489438.341173,45375.841146,45378.618465,2777.319,POST,/api/pipeline,True,,1620,30,200,4
1790489435.56532,1790489438.343042,45375.842613,45378.620335,2777.722,POST,/api/pipeline,True,,1622,29,200,4
1790489435.602034,1790489438.377131,45375.879327,45378.654424,2775.098,POST,/api/pipeline,True,,1622,31,200,4
1790489435.619464,1790489438.397956,45375.896757,45378.675249,2778.492,POST,/api/pipeline,True,,1621,32,200,4
1790489435.644232,1790489438.417723,45375.921525,45378.695016,2773.491,POST,/api/pipeline,True,,1622,33,200,4
1790489435.679722,1790489438.452081,45375.957015,45378.729374,2772.359,POST,/api/pipeline,True,,1621,34,200,4
1790489435.703456,1790489438.476725,45375.980749,45378.754018,2773.269,POST,/api/pipeline,True,,1622,35,200,4
1790489435.761707,1790489438.53564,45376.039,45378.812933,2773.933,POST,/api/pipeline,True,,1621,36,200,4
1790489435.764529,1790489438.537106,45376.041823,45378.814399,2772.576,POST,/api/pipeline,True,,1622,37,200,4
1790489435.787061,1790489438.560909,45376.064354,45378.838202,2773.848,POST,/api/pipeline,True,,1622,38,200,4
1790489435.821108,1790489438.595401,45376.098401,45378.872694,2774.293,POST,/api/pipeline,True,,1622,39,200,4
1790489435.845079,1790489438.618044,45376.122372,45378.895337,2772.965,POST,/api/pipeline,True,,1621,40,200,4
1790489435.870394,1790489438.643507,45376.147687,45378.920799,2773.113,POST,/api/pipeline,True,,1622,41,200,4
1790489435.897506,1790489438.673149,45376.174799,45378.950441,2775.642,POST,/api/pipeline,True,,1621,42,200,4
1790489435.92516,1790489438.695969,45376.202453,45378.973262,2770.809,POST,/api/pipeline,True,,1622,43,200,4
1790489435.954547,1790489438.727398,45376.23184,45379.004691,2772.851,POST,/api/pipeline,True,,1620,44,200,4
1790489435.978323,1790489438.752227,45376.255617,45379.02952,2773.903,POST,/api/pipeline,True,,1621,45,200,4
1790489436.006049,1790489438.778344,45376.283342,45379.055637,2772.295,POST,/api/pipeline,True,,1622,46,200,4
1790489436.033431,1790489438.806262,45376.310724,45379.083555,2772.831,POST,/api/pipeline,True,,1621,47,200,4
1790489436.060513,1790489438.837281,45376.337806,45379.114574,2776.768,POST,/api/pipeline,True,,1621,48,200,4
1790489436.088333,1790489438.866418,45376.365626,45379.143711,2778.085,POST,/api/pipeline,True,,1621,49,200,4
1790489436.119725,1790489438.891388,45376.397018,45379.168681,2771.662,POST,/api/pipeline,True,,1621,50,200,4
1790489436.147727,1790489438.920687,45376.42502,45379.19798,2772.96,POST,/api/pipeline,True,,1622,51,200,4
1790489436.173278,1790489438.949509,45376.450571,45379.226801,2776.231,POST,/api/pipeline,True,,1622,52,200,4
1790489436.206543,1790489438.980984,45376.483837,45379.258277,2774.441,POST,/api/pipeline,True,,1621,53,200,4
1790489436.229787,1790489439.003954,45376.50708,45379.281247,2774.167,POST,/api/pipeline,True,,1622,54,200,4
1790489436.259788,1790489439.032496,45376.537081,45379.309789,2772.708,POST,/api/pipeline,True,,1621,55,200,4
1790489436.285781,1790489439.062123,45376.563074,45379.339416,2776.341,POST,/api/pipeline,True,,1621,56,200,4
1790489436.315574,1790489439.088149,45376.592867,45379.365442,2772.575,POST,/api/pipeline,True,,1622,57,200,4
1790489436.343888,1790489439.11595,45376.621181,45379.393243,2772.062,POST,/api/pipeline,True,,1622,58,200,4
1790489436.370248,1790489439.142693,45376.647541,45379.419986,2772.445,POST,/api/pipeline,True,,1622,59,200,4
1790489436.395587,1790489439.169026,45376.67288,45379.446318,2773.439,POST,/api/pipeline,True,,1622,60,200,4
1790489436.422509,1790489439.195752,45376.699802,45379.473045,2773.243,POST,/api/pipeline,True,,1622,61,200,4
1790489436.450054,1790489439.22191,45376.727347,45379.499203,2771.856,POST,/api/pipeline,True,,1621,62,200,4
1790489436.475823,1790489439.251745,45376.753116,45379.529038,2775.922,POST,/api/pipeline,True,,1622,63,200,4
1790489436.503304,1790489439.275837,45376.780598,45379.55313,2772.533,POST,/api/pipeline,True,,1622,64,200,4
1790489436.532577,1790489439.309248,45376.80987,45379.586541,2776.671,POST,/api/pipeline,True,,1620,65,200,4
1790489436.568104,1790489439.341649,45376.845397,45379.618942,2773.545,POST,/api/pipeline,True,,1622,66,200,4
1790489436.589917,1790489439.363759,45376.86721,45379.641052,2773.843,POST,/api/pipeline,True,,1622,67,200,4
1790489436.622524,1790489439.394163,45376.899817,45379.671456,2771.64,POST,/api/pipeline,True,,1620,68,200,4
1790489436.64384,1790489439.41734,45376.921132,45379.694633,2773.5,POST,/api/pipeline,True,,1621,69,200,4
1790489436.676162,1790489439.448091,45376.953455,45379.725384,2771.929,POST,/api/pipeline,True,,1622,70,200,4
1790489436.696825,1790489439.471105,45376.974117,45379.748397,2774.28,POST,/api/pipeline,True,,1622,71,200,4
1790489436.72878,1790489439.509721,45377.006073,45379.787014,2780.941,POST,/api/pipeline,True,,1620,72,200,4
1790489436.75284,1790489439.530797,45377.030133,45379.80809,2777.957,POST,/api/pipeline,True,,1621,73,200,4
1790489436.79058,1790489439.562701,45377.067873,45379.839993,2772.121,POST,/api/pipeline,True,,1621,74,200,4
1790489436.814038,1790489439.588826,45377.09133,45379.866119,2774.789,POST,/api/pipeline,True,,1621,75,200,4
1790489436.842752,1790489439.616652,45377.120045,45379.893944,2773.899,POST,/api/pipeline,True,,1622,76,200,4
1790489436.866855,1790489439.640196,45377.144148,45379.917489,2773.341,POST,/api/pipeline,True,,1620,77,200,4
1790489436.895374,1790489439.669326,45377.172666,45379.946619,2773.952,POST,/api/pipeline,True,,1620,78,200,4
1790489436.920674,1790489439.694165,45377.197967,45379.971458,2773.491,POST,/api/pipeline,True,,1621,79,200,4
1790489436.947484,1790489439.722217,45377.224777,45379.99951,2774.733,POST,/api/pipeline,True,,1622,80,200,4
1790489436.976072,1790489439.755677,45377.253365,45380.03297,2779.605,POST,/api/pipeline,True,,1622,81,200,4
1790489437.006177,1790489439.77848,45377.28347,45380.055773,2772.303,POST,/api/pipeline,True,,1621,82,200,4
1790489437.036472,1790489439.809911,45377.313765,45380.087205,2773.439,POST,/api/pipeline,True,,1622,83,200,4
1790489437.057987,1790489439.831407,45377.33528,45380.1087,2773.42,POST,/api/pipeline,True,,1622,84,200,4
1790489437.091319,1790489439.867471,45377.368612,45380.144764,2776.152,POST,/api/pipeline,True,,1622,85,200,4
1790489437.113412,1790489439.886581,45377.390705,45380.163874,2773.169,POST,/api/pipeline,True,,1621,86,200,4
1790489437.149772,1790489439.924921,45377.427065,45380.202214,2775.149,POST,/api/pipeline,True,,1622,87,200,4
1790489437.189402,1790489439.963295,45377.466695,45380.240588,2773.892,POST,/api/pipeline,True,,1621,88,200,4
1790489437.204676,1790489439.982602,45377.481969,45380.259895,2777.926,POST,/api/pipeline,True,,1621,89,200,4
1790489437.262145,1790489440.039319,45377.539438,45380.316612,2777.174,POST,/api/pipeline,True,,1620,91,200,4
1790489437.260368,1790489440.041232,45377.537661,45380.318525,2780.864,POST,/api/pipeline,True,,1621,90,200,4
1790489437.277086,1790489440.050429,45377.554379,45380.327722,2773.343,POST,/api/pipeline,True,,1622,92,200,4
1790489437.309391,1790489440.081117,45377.586684,45380.35841,2771.726,POST,/api/pipeline,True,,1622,93,200,4
1790489437.331934,1790489440.104852,45377.609227,45380.382145,2772.918,POST,/api/pipeline,True,,1622,94,200,4
1790489437.361154,1790489440.135387,45377.638446,45380.41268,2774.234,POST,/api/pipeline,True,,1621,95,200,4
1790489437.387514,1790489440.160029,45377.664807,45380.437322,2772.515,POST,/api/pipeline,True,,1621,96,200,4
1790489437.413452,1790489440.185846,45377.690745,45380.463139,2772.394,POST,/api/pipeline,True,,1622,97,200,4
1790489437.441889,1790489440.215327,45377.719182,45380.49262,2773.438,POST,/api/pipeline,True,,1622,98,200,4
1790489437.46774,1790489440.245173,45377.745033,45380.522466,2777.433,POST,/api/pipeline,True,,1621,99,200,4
1790489437.517235,1790489440.29089,45377.794528,45380.568183,2773.655,POST,/api/pipeline,True,,1621,0,200,4
1790489437.527474,1790489440.303682,45377.804767,45380.580975,2776.208,POST,/api/pipeline,True,,1621,1,200,4
1790489437.57129,1790489440.34463,45377.848582,45380.621923,2773.341,POST,/api/pipeline,True,,1621,2,200,4
1790489437.585464,1790489440.361979,45377.862757,45380.639272,2776.515,POST,/api/pipeline,True,,1621,3,200,4
1790489437.626256,1790489440.397833,45377.903548,45380.675126,2771.577,POST,/api/pipeline,True,,1622,4,200,4
1790489437.644817,1790489440.4212,45377.92211,45380.698493,2776.383,POST,/api/pipeline,True,,1622,5,200,4
1790489437.676651,1790489440.451177,45377.953944,45380.72847,2774.525,POST,/api/pipeline,True,,1622,6,200,4
1790489437.702982,1790489440.476443,45377.980275,45380.753736,2773.46,POST,/api/pipeline,True,,1621,7,200,4
1790489437.734539,1790489440.509349,45378.011832,45380.786642,2774.81,POST,/api/pipeline,True,,1621,8,200,4
1790489437.761696,1790489440.536237,45378.038989,45380.81353,2774.54,POST,/api/pipeline,True,,1622,9,200,4
1790489437.792287,1790489440.568334,45378.06958,45380.845627,2776.047,POST,/api/pipeline,True,,1620,10,200,4
1790489437.820142,1790489440.594209,45378.097435,45380.871502,2774.067,POST,/api/pipeline,True,,1622,11,200,4
1790489437.84779,1790489440.624664,45378.125082,45380.901957,2776.874,POST,/api/pipeline,True,,1621,12,200,4
1790489437.870502,1790489440.645215,45378.147795,45380.922508,2774.713,POST,/api/pipeline,True,,1622,13,200,4
1790489437.90652,1790489440.682539,45378.183813,45380.959832,2776.019,POST,/api/pipeline,True,,1622,14,200,4
1790489437.926735,1790489440.699968,45378.204028,45380.977261,2773.233,POST,/api/pipeline,True,,1621,15,200,4
1790489437.959239,1790489440.735288,45378.236532,45381.012581,2776.049,POST,/api/pipeline,True,,1621,16,200,4
1790489437.983578,1790489440.760269,45378.260871,45381.037562,2776.69,POST,/api/pipeline,True,,1621,17,200,4
1790489438.003142,1790489440.776529,45378.280435,45381.053822,2773.388,POST,/api/pipeline,True,,1622,18,200,4
1790489438.04023,1790489440.811293,45378.317523,45381.088586,2771.063,POST,/api/pipeline,True,,1621,19,200,4
1790489438.059898,1790489440.835187,45378.337191,45381.11248,2775.289,POST,/api/pipeline,True,,1622,20,200,4
1790489438.09333,1790489440.867384,45378.370623,45381.144677,2774.054,POST,/api/pipeline,True,,1622,21,200,4
1790489438.118372,1790489440.894632,45378.395665,45381.171925,2776.26,POST,/api/pipeline,True,,1622,22,200,4
1790489438.141457,1790489440.914039,45378.41875,45381.191332,2772.582,POST,/api/pipeline,True,,1622,23,200,4
1790489438.177895,1790489440.951626,45378.455187,45381.228918,2773.731,POST,/api/pipeline,True,,1622,24,200,4
1790489438.207723,1790489440.980593,45378.485016,45381.257886,2772.87,POST,/api/pipeline,True,,1622,25,200,4
1790489438.277122,1790489441.053291,45378.554414,45381.330584,2776.169,POST,/api/pipeline,True,,1621,27,200,4
1790489438.281544,1790489441.055236,45378.558837,45381.332529,2773.692,POST,/api/pipeline,True,,1622,26,200,4
1790489438.341422,1790489441.117101,45378.618715,45381.394394,2775.679,POST,/api/pipeline,True,,1622,30,200,4
1790489438.338961,1790489441.120755,45378.616254,45381.398048,2781.794,POST,/api/pipeline,True,,1621,28,200,4
1790489438.343252,1790489441.122058,45378.620544,45381.399351,2778.807,POST,/api/pipeline,True,,1622,29,200,4
1790489438.377368,1790489441.149108,45378.654661,45381.426401,2771.74,POST,/api/pipeline,True,,1622,31,200,4
1790489438.398173,1790489441.169526,45378.675466,45381.446819,2771.353,POST,/api/pipeline,True,,1622,32,200,4
1790489438.417957,1790489441.192135,45378.69525,45381.469428,2774.178,POST,/api/pipeline,True,,1620,33,200,4
1790489438.452318,1790489441.22774,45378.729611,45381.505033,2775.421,POST,/api/pipeline,True,,1622,34,200,4
1790489438.476945,1790489441.249881,45378.754238,45381.527174,2772.936,POST,/api/pipeline,True,,1622,35,200,4
1790489438.535853,1790489441.311511,45378.813146,45381.588804,2775.658,POST,/api/pipeline,True,,1622,36,200,4
1790489438.537267,1790489441.313046,45378.81456,45381.590339,2775.779,POST,/api/pipeline,True,,1622,37,200,4
1790489438.561141,1790489441.335221,45378.838434,45381.612514,2774.079,POST,/api/pipeline,True,,1622,38,200,4
1790489438.595612,1790489441.371207,45378.872905,45381.6485,2775.595,POST,/api/pipeline,True,,1620,39,200,4
1790489438.618268,1790489441.395284,45378.895561,45381.672577,2777.016,POST,/api/pipeline,True,,1622,40,200,4
1790489438.643748,1790489441.415741,45378.921041,45381.693034,2771.994,POST,/api/pipeline,True,,1621,41,200,4
1790489438.673431,1790489441.44724,45378.950724,45381.724533,2773.809,POST,/api/pipeline,True,,1621,42,200,4
1790489438.696225,1790489441.47106,45378.973517,45381.748352,2774.835,POST,/api/pipeline,True,,1621,43,200,4
1790489438.72763,1790489441.502058,45379.004923,45381.779351,2774.428,POST,/api/pipeline,True,,1622,44,200,4
1790489438.752465,1790489441.525447,45379.029758,45381.80274,2772.982,POST,/api/pipeline,True,,1622,45,200,4
1790489438.778568,1790489441.553539,45379.055861,45381.830832,2774.971,POST,/api/pipeline,True,,1621,46,200,4
1790489438.806494,1790489441.584207,45379.083787,45381.8615,2777.714,POST,/api/pipeline,True,,1622,47,200,4
1790489438.837503,1790489441.609772,45379.114796,45381.887065,2772.269,POST,/api/pipeline,True,,1620,48,200,4
1790489438.866687,1790489441.639214,45379.14398,45381.916507,2772.527,POST,/api/pipeline,True,,1622,49,200,4
1790489438.891657,1790489441.669014,45379.16895,45381.946306,2777.356,POST,/api/pipeline,True,,1620,50,200,4
1790489438.920919,1790489441.697712,45379.198211,45381.975005,2776.793,POST,/api/pipeline,True,,1621,51,200,4
1790489438.949795,1790489441.724549,45379.227088,45382.001841,2774.753,POST,/api/pipeline,True,,1622,52,200,4
1790489438.981218,1790489441.752563,45379.25851,45382.029856,2771.346,POST,/api/pipeline,True,,1620,53,200,4
1790489439.004195,1790489441.77941,45379.281488,45382.056703,2775.215,POST,/api/pipeline,True,,1622,54,200,4
1790489439.032682,1790489441.807213,45379.309974,45382.084505,2774.531,POST,/api/pipeline,True,,1619,55,200,4
1790489439.062364,1790489441.834229,45379.339657,45382.111523,2771.865,POST,/api/pipeline,True,,1622,56,200,4
1790489439.088377,1790489441.861985,45379.36567,45382.139279,2773.608,POST,/api/pipeline,True,,1621,57,200,4
1790489439.116208,1790489441.887457,45379.393501,45382.16475,2771.249,POST,/api/pipeline,True,,1619,58,200,4
1790489439.143011,1790489441.914625,45379.420304,45382.191918,2771.614,POST,/api/pipeline,True,,1621,59,200,4
1790489439.169321,1790489441.943248,45379.446614,45382.22054,2773.926,POST,/api/pipeline,True,,1622,60,200,4
1790489439.196051,1790489441.974263,45379.473344,45382.251556,2778.212,POST,/api/pipeline,True,,1621,61,200,4
1790489439.222235,1790489441.995933,45379.499528,45382.273226,2773.698,POST,/api/pipeline,True,,1622,62,200,4
1790489439.252036,1790489442.026133,45379.529329,45382.303426,2774.097,POST,/api/pipeline,True,,1621,63,200,4
1790489439.276062,1790489442.051193,45379.553355,45382.328486,2775.13,POST,/api/pipeline,True,,1622,64,200,4
1790489439.309536,1790489442.082912,45379.586829,45382.360205,2773.376,POST,/api/pipeline,True,,1622,65,200,4
1790489439.341871,1790489442.112795,45379.619164,45382.390088,2770.923,POST,/api/pipeline,True,,1622,66,200,4
1790489439.364046,1790489442.13575,45379.641339,45382.413043,2771.704,POST,/api/pipeline,True,,1622,67,200,4
1790489439.394403,1790489442.166479,45379.671696,45382.443772,2772.077,POST,/api/pipeline,True,,1622,68,200,4
1790489439.417587,1790489442.189903,45379.69488,45382.467196,2772.316,POST,/api/pipeline,True,,1622,69,200,4
1790489439.448373,1790489442.226285,45379.725666,45382.503578,2777.912,POST,/api/pipeline,True,,1622,70,200,4
1790489439.471358,1790489442.248699,45379.748651,45382.525991,2777.341,POST,/api/pipeline,True,,1621,71,200,4
1790489439.509951,1790489442.281222,45379.787245,45382.558515,2771.271,POST,/api/pipeline,True,,1622,72,200,4
1790489439.531051,1790489442.30599,45379.808344,45382.583283,2774.939,POST,/api/pipeline,True,,1621,73,200,4
1790489439.56306,1790489442.334539,45379.840353,45382.611832,2771.479,POST,/api/pipeline,True,,1622,74,200,4
1790489439.589101,1790489442.363283,45379.866393,45382.640576,2774.182,POST,/api/pipeline,True,,1621,75,200,4
1790489439.616891,1790489442.389742,45379.894184,45382.667035,2772.851,POST,/api/pipeline,True,,1622,76,200,4
1790489439.640463,1790489442.415453,45379.917756,45382.692746,2774.99,POST,/api/pipeline,True,,1620,77,200,4
1790489439.669577,1790489442.443886,45379.94687,45382.721179,2774.31,POST,/api/pipeline,True,,1621,78,200,4
1790489439.694413,1790489442.471702,45379.971705,45382.748995,2777.29,POST,/api/pipeline,True,,1620,79,200,4
1790489439.722491,1790489442.498015,45379.999784,45382.775308,2775.524,POST,/api/pipeline,True,,1621,80,200,4
1790489439.755985,1790489442.53001,45380.033278,45382.807303,2774.025,POST,/api/pipeline,True,,1621,81,200,4
1790489439.778717,1790489442.55109,45380.05601,45382.828383,2772.373,POST,/api/pipeline,True,,1621,82,200,4
1790489439.810152,1790489442.588045,45380.087445,45382.865337,2777.892,POST,/api/pipeline,True,,1622,83,200,4
1790489439.831667,1790489442.605306,45380.10896,45382.882599,2773.639,POST,/api/pipeline,True,,1622,84,200,4
1790489439.8677,1790489442.642055,45380.144993,45382.919348,2774.355,POST,/api/pipeline,True,,1622,85,200,4
1790489439.886866,1790489442.658074,45380.164159,45382.935367,2771.208,POST,/api/pipeline,True,,1622,86,200,4
1790489439.925143,1790489442.706625,45380.202436,45382.983918,2781.481,POST,/api/pipeline,True,,1622,87,200,4
1790489439.963546,1790489442.740913,45380.240839,45383.018206,2777.368,POST,/api/pipeline,True,,1622,88,200,4
1790489439.982923,1790489442.756592,45380.260216,45383.033885,2773.669,POST,/api/pipeline,True,,1621,89,200,4
1790489440.04149,1790489442.814899,45380.318783,45383.092192,2773.409,POST,/api/pipeline,True,,1622,91,200,4
1790489440.042287,1790489442.816482,45380.31958,45383.093775,2774.195,POST,/api/pipeline,True,,1622,90,200,4
1790489440.050699,1790489442.823542,45380.327992,45383.100835,2772.843,POST,/api/pipeline,True,,1621,92,200,4
1790489440.081329,1790489442.854623,45380.358622,45383.131916,2773.294,POST,/api/pipeline,True,,1622,93,200,4
1790489440.105205,1790489442.878386,45380.382498,45383.155679,2773.18,POST,/api/pipeline,True,,1621,94,200,4
1790489440.135594,1790489442.905968,45380.412887,45383.183261,2770.374,POST,/api/pipeline,True,,1622,95,200,4
1790489440.160244,1790489442.933862,45380.437537,45383.211155,2773.618,POST,/api/pipeline,True,,1622,96,200,4
1790489440.186074,1790489442.965405,45380.463367,45383.242698,2779.331,POST,/api/pipeline,True,,1620,97,200,4
1790489440.215623,1790489442.991693,45380.492916,45383.268986,2776.07,POST,/api/pipeline,True,,1622,98,200,4
1790489440.245466,1790489443.019969,45380.522759,45383.297262,2774.504,POST,/api/pipeline,True,,1622,99,200,4
1790489440.291117,1790489443.062535,45380.56841,45383.339828,2771.418,POST,/api/pipeline,True,,1622,0,200,4
1790489440.30391,1790489443.078343,45380.581203,45383.355636,2774.432,POST,/api/pipeline,True,,1621,1,200,4
1790489440.344854,1790489443.116684,45380.622147,45383.393977,2771.829,POST,/api/pipeline,True,,1621,2,200,4
1790489440.36219,1790489443.135916,45380.639483,45383.413209,2773.726,POST,/api/pipeline,True,,1621,3,200,4
1790489440.398096,1790489443.169556,45380.675389,45383.446849,2771.46,POST,/api/pipeline,True,,1621,4,200,4
1790489440.421506,1790489443.194414,45380.698799,45383.471707,2772.908,POST,/api/pipeline,True,,1619,5,200,4
1790489440.451435,1790489443.227571,45380.728728,45383.504864,2776.136,POST,/api/pipeline,True,,1622,6,200,4
1790489440.476693,1790489443.283426,45380.753986,45383.560719,2806.733,POST,/api/pipeline,True,,1619,7,200,4
1790489440.509558,1790489443.286592,45380.786851,45383.563885,2777.034,POST,/api/pipeline,True,,1620,8,200,4
1790489440.536474,1790489443.310998,45380.813767,45383.588291,2774.524,POST,/api/pipeline,True,,1621,9,200,4
1790489440.568558,1790489443.344919,45380.845851,45383.622212,2776.361,POST,/api/pipeline,True,,1621,10,200,4
1790489440.594435,1790489443.366219,45380.871728,45383.643512,2771.783,POST,/api/pipeline,True,,1622,11,200,4
1790489440.624931,1790489443.400002,45380.902224,45383.677294,2775.071,POST,/api/pipeline,True,,1622,12,200,4
1790489440.645447,1790489443.42059,45380.92274,45383.697883,2775.142,POST,/api/pipeline,True,,1621,13,200,4
1790489440.68277,1790489443.454556,45380.960063,45383.731849,2771.786,POST,/api/pipeline,True,,1619,14,200,4
1790489440.700275,1790489443.478802,45380.977568,45383.756095,2778.526,POST,/api/pipeline,True,,1621,15,200,4
1790489440.73552,1790489443.508272,45381.012813,45383.785565,2772.752,POST,/api/pipeline,True,,1620,16,200,4
1790489440.760494,1790489443.531341,45381.037787,45383.808634,2770.846,POST,/api/pipeline,True,,1622,17,200,4
1790489440.776763,1790489443.552821,45381.054056,45383.830114,2776.057,POST,/api/pipeline,True,,1622,18,200,4
1790489440.811529,1790489443.585952,45381.088822,45383.863245,2774.423,POST,/api/pipeline,True,,1622,19,200,4
1790489440.835423,1790489443.61092,45381.112716,45383.888213,2775.497,POST,/api/pipeline,True,,1622,20,200,4
1790489440.86764,1790489443.640344,45381.144933,45383.917637,2772.705,POST,/api/pipeline,True,,1621,21,200,4
1790489440.894945,1790489443.669583,45381.172238,45383.946876,2774.638,POST,/api/pipeline,True,,1622,22,200,4
1790489440.914284,1790489443.688313,45381.191577,45383.965606,2774.029,POST,/api/pipeline,True,,1622,23,200,4
1790489440.951917,1790489443.725003,45381.22921,45384.002296,2773.087,POST,/api/pipeline,True,,1622,24,200,4
1790489440.980831,1790489443.753689,45381.258124,45384.030982,2772.858,POST,/api/pipeline,True,,1622,25,200,4
1790489441.053557,1790489443.827942,45381.33085,45384.105235,2774.385,POST,/api/pipeline,True,,1621,27,200,4
1790489441.055463,1790489443.829698,45381.332756,45384.106991,2774.235,POST,/api/pipeline,True,,1621,26,200,4
1790489441.117382,1790489443.895301,45381.394675,45384.172593,2777.918,POST,/api/pipeline,True,,1622,30,200,4
1790489441.120973,1790489443.89666,45381.398266,45384.173953,2775.687,POST,/api/pipeline,True,,1622,28,200,4
1790489441.122802,1790489443.89847,45381.400096,45384.175763,2775.668,POST,/api/pipeline,True,,1620,29,200,4
1790489441.149351,1790489443.923331,45381.426643,45384.200624,2773.98,POST,/api/pipeline,True,,1622,31,200,4
1790489441.169774,1790489443.944666,45381.447067,45384.221959,2774.892,POST,/api/pipeline,True,,1622,32,200,4
1790489441.192376,1790489443.965919,45381.469669,45384.243212,2773.543,POST,/api/pipeline,True,,1622,33,200,4
1790489441.227975,1790489443.99926,45381.505268,45384.276554,2771.286,POST,/api/pipeline,True,,1622,34,200,4
1790489441.250133,1790489444.024249,45381.527426,45384.301542,2774.116,POST,/api/pipeline,True,,1622,35,200,4
1790489441.311734,1790489444.087959,45381.589027,45384.365252,2776.225,POST,/api/pipeline,True,,1622,36,200,4
1790489441.313224,1790489444.089855,45381.590517,45384.367148,2776.631,POST,/api/pipeline,True,,1621,37,200,4
1790489441.335466,1790489444.111074,45381.612759,45384.388367,2775.608,POST,/api/pipeline,True,,1622,38,200,4
1790489441.371428,1790489444.145678,45381.648721,45384.42297,2774.249,POST,/api/pipeline,True,,1621,39,200,4
1790489441.395506,1790489444.169725,45381.672799,45384.447018,2774.219,POST,/api/pipeline,True,,1621,40,200,4
1790489441.415987,1790489444.190177,45381.69328,45384.467469,2774.189,POST,/api/pipeline,True,,1622,41,200,4
1790489441.447497,1790489444.220439,45381.724791,45384.497732,2772.942,POST,/api/pipeline,True,,1622,42,200,4
1790489441.471323,1790489444.24256,45381.748616,45384.519853,2771.237,POST,/api/pipeline,True,,1621,43,200,4
1790489441.50229,1790489444.274188,45381.779583,45384.551481,2771.898,POST,/api/pipeline,True,,1622,44,200,4
1790489441.525687,1790489444.302949,45381.80298,45384.580242,2777.262,POST,/api/pipeline,True,,1621,45,200,4
1790489441.553758,1790489444.327192,45381.831051,45384.604485,2773.434,POST,/api/pipeline,True,,1622,46,200,4
1790489441.584489,1790489444.35986,45381.861782,45384.637153,2775.371,POST,/api/pipeline,True,,1622,47,200,4
1790489441.610032,1790489444.385623,45381.887325,45384.662916,2775.592,POST,/api/pipeline,True,,1622,48,200,4
1790489441.639442,1790489444.414031,45381.916735,45384.691324,2774.589,POST,/api/pipeline,True,,1620,49,200,4
1790489441.669347,1790489444.444818,45381.946639,45384.722111,2775.472,POST,/api/pipeline,True,,1619,50,200,4
1790489441.697949,1790489444.472408,45381.975243,45384.749701,2774.459,POST,/api/pipeline,True,,1622,51,200,4
1790489441.724791,1790489444.498199,45382.002084,45384.775491,2773.407,POST,/api/pipeline,True,,1621,52,200,4
1790489441.752828,1790489444.525423,45382.030121,45384.802716,2772.595,POST,/api/pipeline,True,,1622,53,200,4
1790489441.779652,1790489444.553045,45382.056945,45384.830338,2773.393,POST,/api/pipeline,True,,1622,54,200,4
1790489441.807446,1790489444.58073,45382.084739,45384.858023,2773.284,POST,/api/pipeline,True,,1621,55,200,4
1790489441.834484,1790489444.605989,45382.111777,45384.883282,2771.505,POST,/api/pipeline,True,,1622,56,200,4
1790489441.862242,1790489444.632867,45382.139534,45384.910159,2770.625,POST,/api/pipeline,True,,1622,57,200,4
1790489441.887729,1790489444.66209,45382.165022,45384.939382,2774.361,POST,/api/pipeline,True,,1621,58,200,4
1790489441.915015,1790489444.68902,45382.192308,45384.966313,2774.005,POST,/api/pipeline,True,,1622,59,200,4
1790489441.943555,1790489444.716227,45382.220848,45384.99352,2772.672,POST,/api/pipeline,True,,1621,60,200,4
1790489441.974584,1790489444.747516,45382.251877,45385.024809,2772.932,POST,/api/pipeline,True,,1619,61,200,4
1790489441.99617,1790489444.771896,45382.273463,45385.049189,2775.726,POST,/api/pipeline,True,,1622,62,200,4
1790489442.026408,1790489444.801874,45382.303701,45385.079167,2775.466,POST,/api/pipeline,True,,1622,63,200,4
1790489442.051423,1790489444.828356,45382.328715,45385.105649,2776.934,POST,/api/pipeline,True,,1622,64,200,4
1790489442.083163,1790489444.856736,45382.360456,45385.134029,2773.573,POST,/api/pipeline,True,,1622,65,200,4
1790489442.113021,1790489444.885995,45382.390314,45385.163288,2772.973,POST,/api/pipeline,True,,1620,66,200,4
1790489442.136118,1790489444.910351,45382.413411,45385.187643,2774.233,POST,/api/pipeline,True,,1621,67,200,4
1790489442.166677,1790489444.941617,45382.44397,45385.21891,2774.94,POST,/api/pipeline,True,,1622,68,200,4
1790489442.190133,1790489444.963986,45382.467426,45385.241279,2773.853,POST,/api/pipeline,True,,1621,69,200,4
1790489442.226511,1790489444.999765,45382.503804,45385.277058,2773.254,POST,/api/pipeline,True,,1622,70,200,4
1790489442.249122,1790489445.0229,45382.526415,45385.300192,2773.777,POST,/api/pipeline,True,,1621,71,200,4
1790489442.281479,1790489445.056096,45382.558771,45385.333389,2774.617,POST,/api/pipeline,True,,1621,72,200,4
1790489442.306216,1790489445.081811,45382.583508,45385.359104,2775.596,POST,/api/pipeline,True,,1620,73,200,4
1790489442.334769,1790489445.10839,45382.612062,45385.385682,2773.621,POST,/api/pipeline,True,,1619,74,200,4
1790489442.363514,1790489445.135116,45382.640807,45385.412409,2771.602,POST,/api/pipeline,True,,1622,75,200,4
1790489442.389984,1790489445.165049,45382.667277,45385.442342,2775.066,POST,/api/pipeline,True,,1622,76,200,4
1790489442.415734,1790489445.192572,45382.693027,45385.469865,2776.838,POST,/api/pipeline,True,,1621,77,200,4
1790489442.444184,1790489445.217367,45382.721477,45385.49466,2773.183,POST,/api/pipeline,True,,1622,78,200,4
1790489442.471989,1790489445.246252,45382.749282,45385.523545,2774.263,POST,/api/pipeline,True,,1622,79,200,4
1790489442.498398,1790489445.270401,45382.775691,45385.547694,2772.003,POST,/api/pipeline,True,,1622,80,200,4
1790489442.530236,1790489445.305978,45382.807529,45385.583271,2775.741,POST,/api/pipeline,True,,1621,81,200,4
1790489442.551353,1790489445.324317,45382.828646,45385.60161,2772.964,POST,/api/pipeline,True,,1622,82,200,4
1790489442.588265,1790489445.35987,45382.865558,45385.637163,2771.605,POST,/api/pipeline,True,,1621,83,200,4
1790489442.605587,1790489445.378344,45382.882879,45385.655637,2772.757,POST,/api/pipeline,True,,1620,84,200,4
1790489442.642293,1790489445.422562,45382.919586,45385.699854,2780.269,POST,/api/pipeline,True,,1622,85,200,4
1790489442.658309,1790489445.431875,45382.935602,45385.709168,2773.565,POST,/api/pipeline,True,,1622,86,200,4
1790489442.706975,1790489445.481459,45382.984268,45385.758752,2774.484,POST,/api/pipeline,True,,1621,87,200,4
1790489442.741183,1790489445.513518,45383.018476,45385.79081,2772.334,POST,/api/pipeline,True,,1621,88,200,4
1790489442.756825,1790489445.528517,45383.034117,45385.805809,2771.692,POST,/api/pipeline,True,,1621,89,200,4
1790489442.815152,1790489445.587931,45383.092445,45385.865224,2772.779,POST,/api/pipeline,True,,1622,91,200,4
1790489442.816651,1790489445.589854,45383.093944,45385.867147,2773.203,POST,/api/pipeline,True,,1621,90,200,4
1790489442.823778,1790489445.59788,45383.101071,45385.875173,2774.102,POST,/api/pipeline,True,,1622,92,200,4
1790489442.854984,1790489445.626274,45383.132277,45385.903567,2771.29,POST,/api/pipeline,True,,1622,93,200,4
1790489442.878726,1790489445.651783,45383.156019,45385.929076,2773.057,POST,/api/pipeline,True,,1622,94,200,4
1790489442.906196,1790489445.680646,45383.183489,45385.957939,2774.451,POST,/api/pipeline,True,,1622,95,200,4
1790489442.934094,1790489445.710456,45383.211387,45385.987749,2776.362,POST,/api/pipeline,True,,1622,96,200,4
1790489442.96564,1790489445.740657,45383.242933,45386.01795,2775.017,POST,/api/pipeline,True,,1621,97,200,4
1790489442.991977,1790489445.76468,45383.26927,45386.041973,2772.703,POST,/api/pipeline,True,,1621,98,200,4
1790489443.020222,1790489445.794041,45383.297515,45386.071333,2773.819,POST,/api/pipeline,True,,1622,99,200,4
1790489443.062765,1790489445.836886,45383.340058,45386.114179,2774.121,POST,/api/pipeline,True,,1622,0,200,4
1790489443.07857,1790489445.852711,45383.355863,45386.130004,2774.141,POST,/api/pipeline,True,,1622,1,200,4
1790489443.116905,1790489445.888244,45383.394198,45386.165537,2771.339,POST,/api/pipeline,True,,1622,2,200,4
1790489443.136166,1790489445.910409,45383.413459,45386.187702,2774.243,POST,/api/pipeline,True,,1622,3,200,4
1790489443.169787,1790489445.947337,45383.447081,45386.22463,2777.55,POST,/api/pipeline,True,,1621,4,200,4
1790489443.194637,1790489445.968133,45383.47193,45386.245426,2773.496,POST,/api/pipeline,True,,1622,5,200,4
1790489443.227839,1790489446.005821,45383.505131,45386.283114,2777.983,POST,/api/pipeline,True,,1622,6,200,4
1790489443.283654,1790489446.060975,45383.560947,45386.338268,2777.321,POST,/api/pipeline,True,,1620,7,200,4
1790489443.286819,1790489446.0646,45383.564112,45386.341893,2777.781,POST,/api/pipeline,True,,1621,8,200,4
1790489443.311241,1790489446.085182,45383.588534,45386.362475,2773.94,POST,/api/pipeline,True,,1622,9,200,4
1790489443.345132,1790489446.121754,45383.622425,45386.399047,2776.622,POST,/api/pipeline,True,,1622,10,200,4
1790489443.366449,1790489446.139114,45383.643742,45386.416407,2772.665,POST,/api/pipeline,True,,1622,11,200,4
1790489443.400281,1790489446.173829,45383.677574,45386.451122,2773.548,POST,/api/pipeline,True,,1621,12,200,4
1790489443.420871,1790489446.19758,45383.698163,45386.474872,2776.709,POST,/api/pipeline,True,,1621,13,200,4
1790489443.454973,1790489446.226916,45383.732266,45386.504209,2771.942,POST,/api/pipeline,True,,1622,14,200,4
1790489443.47909,1790489446.250503,45383.756383,45386.527796,2771.412,POST,/api/pipeline,True,,1621,15,200,4
1790489443.508547,1790489446.28124,45383.78584,45386.558533,2772.692,POST,/api/pipeline,True,,1621,16,200,4
1790489443.53169,1790489446.302802,45383.808983,45386.580095,2771.112,POST,/api/pipeline,True,,1622,17,200,4
1790489443.553031,1790489446.324442,45383.830324,45386.601735,2771.412,POST,/api/pipeline,True,,1621,18,200,4
1790489443.586175,1790489446.360389,45383.863468,45386.637682,2774.214,POST,/api/pipeline,True,,1622,19,200,4
1790489443.611167,1790489446.385414,45383.88846,45386.662707,2774.247,POST,/api/pipeline,True,,1621,20,200,4
1790489443.640624,1790489446.414043,45383.917917,45386.691336,2773.418,POST,/api/pipeline,True,,1622,21,200,4
1790489443.669813,1790489446.444253,45383.947106,45386.721546,2774.44,POST,/api/pipeline,True,,1620,22,200,4
1790489443.688562,1790489446.462364,45383.965855,45386.739657,2773.802,POST,/api/pipeline,True,,1622,23,200,4
1790489443.725241,1790489446.49824,45384.002534,45386.775533,2772.999,POST,/api/pipeline,True,,1620,24,200,4
1790489443.753926,1790489446.528973,45384.031219,45386.806266,2775.047,POST,/api/pipeline,True,,1621,25,200,4
1790489443.82818,1790489446.601967,45384.105473,45386.87926,2773.787,POST,/api/pipeline,True,,1621,27,200,4
1790489443.829876,1790489446.60371,45384.107169,45386.881003,2773.834,POST,/api/pipeline,True,,1621,26,200,4
1790489443.897245,1790489446.67359,45384.174538,45386.950884,2776.345,POST,/api/pipeline,True,,1621,28,200,4
1790489443.898661,1790489446.675666,45384.175954,45386.952959,2777.006,POST,/api/pipeline,True,,1622,29,200,4
1790489443.895505,1790489446.677502,45384.172798,45386.954795,2781.997,POST,/api/pipeline,True,,1621,30,200,4
1790489443.923629,1790489446.695845,45384.200922,45386.973138,2772.216,POST,/api/pipeline,True,,1620,31,200,4
1790489443.944915,1790489446.720284,45384.222207,45386.997577,2775.37,POST,/api/pipeline,True,,1622,32,200,4
1790489443.966179,1790489446.738844,45384.243472,45387.016137,2772.665,POST,/api/pipeline,True,,1622,33,200,4
1790489443.999511,1790489446.773802,45384.276804,45387.051095,2774.291,POST,/api/pipeline,True,,1621,34,200,4
1790489444.024511,1790489446.798019,45384.301804,45387.075312,2773.508,POST,/api/pipeline,True,,1622,35,200,4
1790489444.088324,1790489446.863706,45384.365617,45387.140999,2775.382,POST,/api/pipeline,True,,1622,36,200,4
1790489444.090038,1790489446.865956,45384.367331,45387.143249,2775.918,POST,/api/pipeline,True,,1620,37,200,4
1790489444.111321,1790489446.885219,45384.388614,45387.162512,2773.898,POST,/api/pipeline,True,,1622,38,200,4
1790489444.1459,1790489446.921082,45384.423193,45387.198375,2775.182,POST,/api/pipeline,True,,1620,39,200,4
1790489444.169948,1790489446.944014,45384.447241,45387.221307,2774.066,POST,/api/pipeline,True,,1622,40,200,4
1790489444.190477,1790489446.962482,45384.46777,45387.239775,2772.005,POST,/api/pipeline,True,,1622,41,200,4
1790489444.220692,1790489446.993816,45384.497985,45387.271109,2773.124,POST,/api/pipeline,True,,1620,42,200,4
1790489444.242772,1790489447.020357,45384.520064,45387.29765,2777.586,POST,/api/pipeline,True,,1622,43,200,4
1790489444.274414,1790489447.048051,45384.551707,45387.325344,2773.637,POST,/api/pipeline,True,,1622,44,200,4
1790489444.303181,1790489447.077683,45384.580474,45387.354976,2774.502,POST,/api/pipeline,True,,1620,45,200,4
1790489444.32741,1790489447.103281,45384.604704,45387.380574,2775.87,POST,/api/pipeline,True,,1621,46,200,4
1790489444.360139,1790489447.133023,45384.637432,45387.410316,2772.884,POST,/api/pipeline,True,,1621,47,200,4
1790489444.38589,1790489447.161933,45384.663184,45387.439226,2776.042,POST,/api/pipeline,True,,1622,48,200,4
1790489444.414346,1790489447.190793,45384.691638,45387.468085,2776.447,POST,/api/pipeline,True,,1619,49,200,4
1790489444.445123,1790489447.216964,45384.722416,45387.494257,2771.841,POST,/api/pipeline,True,,1622,50,200,4
1790489444.472639,1790489447.245011,45384.749932,45387.522304,2772.372,POST,/api/pipeline,True,,1622,51,200,4
1790489444.49845,1790489447.271516,45384.775743,45387.548809,2773.066,POST,/api/pipeline,True,,1622,52,200,4
1790489444.525729,1790489447.302885,45384.803022,45387.580178,2777.156,POST,/api/pipeline,True,,1622,53,200,4
1790489444.553298,1790489447.326186,45384.830591,45387.603479,2772.888,POST,/api/pipeline,True,,1622,54,200,4
1790489444.580937,1790489447.35275,45384.85823,45387.630043,2771.813,POST,/api/pipeline,True,,1622,55,200,4
1790489444.60627,1790489447.381533,45384.883563,45387.658826,2775.263,POST,/api/pipeline,True,,1621,56,200,4
1790489444.633093,1790489447.407618,45384.910386,45387.68491,2774.525,POST,/api/pipeline,True,,1620,57,200,4
1790489444.662302,1790489447.434352,45384.939595,45387.711645,2772.05,POST,/api/pipeline,True,,1622,58,200,4
1790489444.689269,1790489447.463859,45384.966562,45387.741152,2774.59,POST,/api/pipeline,True,,1620,59,200,4
1790489444.716488,1790489447.492649,45384.993781,45387.769941,2776.16,POST,/api/pipeline,True,,1622,60,200,4
1790489444.747792,1790489447.522464,45385.025084,45387.799756,2774.672,POST,/api/pipeline,True,,1621,61,200,4
1790489444.772129,1790489447.546271,45385.049422,45387.823564,2774.142,POST,/api/pipeline,True,,1622,62,200,4
1790489444.802124,1790489447.575576,45385.079417,45387.852869,2773.452,POST,/api/pipeline,True,,1621,63,200,4
1790489444.828609,1790489447.604049,45385.105901,45387.881342,2775.44,POST,/api/pipeline,True,,1621,64,200,4
1790489444.857025,1790489447.629567,45385.134318,45387.90686,2772.542,POST,/api/pipeline,True,,1618,65,200,4
1790489444.886228,1790489447.65807,45385.163521,45387.935362,2771.842,POST,/api/pipeline,True,,1622,66,200,4
1790489444.910609,1790489447.684878,45385.187902,45387.962171,2774.269,POST,/api/pipeline,True,,1622,67,200,4
1790489444.941793,1790489447.715306,45385.219086,45387.992599,2773.513,POST,/api/pipeline,True,,1620,68,200,4
1790489444.964184,1790489447.736052,45385.241477,45388.013345,2771.868,POST,/api/pipeline,True,,1621,69,200,4
1790489444.999976,1790489447.773254,45385.277269,45388.050547,2773.278,POST,/api/pipeline,True,,1622,70,200,4
1790489445.023237,1790489447.797507,45385.30053,45388.0748,2774.271,POST,/api/pipeline,True,,1621,71,200,4
1790489445.05637,1790489447.828439,45385.333662,45388.105731,2772.069,POST,/api/pipeline,True,,1622,72,200,4
1790489445.082042,1790489447.855373,45385.359335,45388.132666,2773.331,POST,/api/pipeline,True,,1621,73,200,4
1790489445.108629,1790489447.883259,45385.385922,45388.160552,2774.629,POST,/api/pipeline,True,,1622,74,200,4
1790489445.13535,1790489447.909574,45385.412643,45388.186867,2774.223,POST,/api/pipeline,True,,1621,75,200,4
1790489445.165293,1790489447.938162,45385.442586,45388.215455,2772.869,POST,/api/pipeline,True,,1621,76,200,4
1790489445.192807,1790489447.96418,45385.4701,45388.241473,2771.373,POST,/api/pipeline,True,,1622,77,200,4
1790489445.217662,1790489448.001486,45385.494955,45388.278779,2783.824,POST,/api/pipeline,True,,1622,78,200,4
1790489445.246511,1790489448.022346,45385.523804,45388.299639,2775.835,POST,/api/pipeline,True,,1622,79,200,4
1790489445.270601,1790489448.0443,45385.547894,45388.321593,2773.699,POST,/api/pipeline,True,,1621,80,200,4
1790489445.306199,1790489448.079994,45385.583492,45388.357287,2773.795,POST,/api/pipeline,True,,1621,81,200,4
1790489445.324548,1790489448.099359,45385.601841,45388.376651,2774.81,POST,/api/pipeline,True,,1620,82,200,4
1790489445.36009,1790489448.133586,45385.637384,45388.410879,2773.495,POST,/api/pipeline,True,,1621,83,200,4
1790489445.378583,1790489448.151804,45385.655876,45388.429097,2773.221,POST,/api/pipeline,True,,1622,84,200,4
1790489445.422909,1790489448.198067,45385.700202,45388.475361,2775.159,POST,/api/pipeline,True,,1622,85,200,4
1790489445.432123,1790489448.20694,45385.709416,45388.484233,2774.817,POST,/api/pipeline,True,,1622,86,200,4
1790489445.481706,1790489448.256049,45385.758999,45388.533342,2774.343,POST,/api/pipeline,True,,1620,87,200,4
1790489445.513752,1790489448.287125,45385.791045,45388.564418,2773.373,POST,/api/pipeline,True,,1622,88,200,4
1790489445.528798,1790489448.302379,45385.806091,45388.579672,2773.581,POST,/api/pipeline,True,,1622,89,200,4
1790489445.588334,1790489448.363681,45385.865627,45388.640974,2775.347,POST,/api/pipeline,True,,1622,91,200,4
1790489445.590041,1790489448.365231,45385.867334,45388.642524,2775.19,POST,/api/pipeline,True,,1622,90,200,4
1790489445.598202,1790489448.369634,45385.875494,45388.646927,2771.432,POST,/api/pipeline,True,,1622,92,200,4
1790489445.626472,1790489448.399375,45385.903765,45388.676668,2772.903,POST,/api/pipeline,True,,1621,93,200,4
1790489445.651997,1790489448.426024,45385.92929,45388.703317,2774.027,POST,/api/pipeline,True,,1622,94,200,4
1790489445.68087,1790489448.456761,45385.958163,45388.734054,2775.891,POST,/api/pipeline,True,,1622,95,200,4
1790489445.710697,1790489448.485576,45385.98799,45388.762869,2774.88,POST,/api/pipeline,True,,1620,96,200,4
1790489445.740888,1790489448.514288,45386.018181,45388.791581,2773.399,POST,/api/pipeline,True,,1622,97,200,4
1790489445.764919,1790489448.538167,45386.042211,45388.815459,2773.248,POST,/api/pipeline,True,,1622,98,200,4
1790489445.794262,1790489448.568441,45386.071555,45388.845734,2774.179,POST,/api/pipeline,True,,1620,99,200,4
1790489445.837118,1790489448.609483,45386.114411,45388.886776,2772.365,POST,/api/pipeline,True,,1622,0,200,4
1790489445.852968,1790489448.627845,45386.130261,45388.905138,2774.877,POST,/api/pipeline,True,,1621,1,200,4
1790489445.888499,1790489448.671707,45386.165792,45388.949,2783.208,POST,/api/pipeline,True,,1621,2,200,4
1790489445.910621,1790489448.684072,45386.187915,45388.961365,2773.451,POST,/api/pipeline,True,,1622,3,200,4
1790489445.947579,1790489448.722956,45386.224872,45389.000249,2775.377,POST,/api/pipeline,True,,1622,4,200,4
1790489445.968365,1790489448.742183,45386.245658,45389.019475,2773.817,POST,/api/pipeline,True,,1622,5,200,4
1790489446.006065,1790489448.781058,45386.283358,45389.058351,2774.993,POST,/api/pipeline,True,,1622,6,200,4
1790489446.061227,1790489448.839347,45386.33852,45389.11664,2778.12,POST,/api/pipeline,True,,1622,7,200,4
1790489446.064813,1790489448.841598,45386.342106,45389.11889,2776.784,POST,/api/pipeline,True,,1622,8,200,4
1790489446.08541,1790489448.857089,45386.362703,45389.134382,2771.679,POST,/api/pipeline,True,,1622,9,200,4
1790489446.121981,1790489448.896628,45386.399274,45389.173921,2774.647,POST,/api/pipeline,True,,1621,10,200,4
1790489446.139412,1790489448.915135,45386.416705,45389.192428,2775.724,POST,/api/pipeline,True,,1622,11,200,4
1790489446.17407,1790489448.948761,45386.451363,45389.226054,2774.691,POST,/api/pipeline,True,,1619,12,200,4
1790489446.19783,1790489448.96963,45386.475123,45389.246923,2771.8,POST,/api/pipeline,True,,1621,13,200,4
1790489446.227161,1790489449.00142,45386.504454,45389.278712,2774.258,POST,/api/pipeline,True,,1621,14,200,4
1790489446.250741,1790489449.023335,45386.528034,45389.300628,2772.593,POST,/api/pipeline,True,,1622,15,200,4
1790489446.28148,1790489449.057027,45386.558773,45389.33432,2775.547,POST,/api/pipeline,True,,1621,16,200,4
1790489446.303054,1790489449.077419,45386.580347,45389.354712,2774.365,POST,/api/pipeline,True,,1620,17,200,4
1790489446.324665,1790489449.0962,45386.601958,45389.373492,2771.535,POST,/api/pipeline,True,,1621,18,200,4
1790489446.360642,1790489449.132398,45386.637935,45389.409691,2771.756,POST,/api/pipeline,True,,1620,19,200,4
1790489446.385649,1790489449.161074,45386.662942,45389.438367,2775.426,POST,/api/pipeline,True,,1622,20,200,4
1790489446.414304,1790489449.187362,45386.691597,45389.464655,2773.058,POST,/api/pipeline,True,,1621,21,200,4
1790489446.444489,1790489449.216487,45386.721782,45389.49378,2771.997,POST,/api/pipeline,True,,1622,22,200,4
1790489446.462606,1790489449.235388,45386.739899,45389.512681,2772.782,POST,/api/pipeline,True,,1621,23,200,4
1790489446.49851,1790489449.276112,45386.775802,45389.553405,2777.603,POST,/api/pipeline,True,,1622,24,200,4
1790489446.529209,1790489449.302439,45386.806502,45389.579732,2773.23,POST,/api/pipeline,True,,1622,25,200,4
1790489446.602202,1790489449.378247,45386.879495,45389.65554,2776.045,POST,/api/pipeline,True,,1622,27,200,4
1790489446.60389,1790489449.379656,45386.881183,45389.656949,2775.765,POST,/api/pipeline,True,,1620,26,200,4
1790489446.673965,1790489449.451079,45386.951258,45389.728372,2777.114,POST,/api/pipeline,True,,1620,28,200,4
1790489446.677639,1790489449.452654,45386.954932,45389.729946,2775.014,POST,/api/pipeline,True,,1620,30,200,4
1790489446.675865,1790489449.454461,45386.953158,45389.731754,2778.596,POST,/api/pipeline,True,,1618,29,200,4
1790489446.696099,1790489449.470125,45386.973392,45389.747418,2774.027,POST,/api/pipeline,True,,1622,31,200,4
1790489446.720538,1790489449.492398,45386.997831,45389.769691,2771.86,POST,/api/pipeline,True,,1622,32,200,4
1790489446.739063,1790489449.512814,45387.016356,45389.790107,2773.751,POST,/api/pipeline,True,,1622,33,200,4
1790489446.774054,1790489449.546921,45387.051347,45389.824214,2772.867,POST,/api/pipeline,True,,1622,34,200,4
1790489446.79829,1790489449.572418,45387.075582,45389.849711,2774.129,POST,/api/pipeline,True,,1622,35,200,4
1790489446.863958,1790489449.640062,45387.141251,45389.917355,2776.104,POST,/api/pipeline,True,,1620,36,200,4
1790489446.866147,1790489449.642369,45387.14344,45389.919661,2776.221,POST,/api/pipeline,True,,1622,37,200,4
1790489446.885446,1790489449.659809,45387.162739,45389.937102,2774.363,POST,/api/pipeline,True,,1622,38,200,4
1790489446.921303,1790489449.696957,45387.198596,45389.97425,2775.654,POST,/api/pipeline,True,,1621,39,200,4
1790489446.944248,1790489449.719441,45387.221541,45389.996734,2775.193,POST,/api/pipeline,True,,1622,40,200,4
1790489446.962715,1790489449.73842,45387.240008,45390.015713,2775.705,POST,/api/pipeline,True,,1622,41,200,4
1790489446.994052,1790489449.766457,45387.271344,45390.04375,2772.405,POST,/api/pipeline,True,,1621,42,200,4
1790489447.02062,1790489449.79601,45387.297913,45390.073303,2775.391,POST,/api/pipeline,True,,1622,43,200,4
1790489447.048284,1790489449.823837,45387.325577,45390.10113,2775.553,POST,/api/pipeline,True,,1622,44,200,4
1790489447.077906,1790489449.85334,45387.355199,45390.130633,2775.434,POST,/api/pipeline,True,,1621,45,200,4
1790489447.103529,1790489449.878572,45387.380822,45390.155865,2775.043,POST,/api/pipeline,True,,1620,46,200,4
1790489447.13327,1790489449.90832,45387.410563,45390.185614,2775.05,POST,/api/pipeline,True,,1622,47,200,4
1790489447.162158,1790489449.937057,45387.439451,45390.21435,2774.9,POST,/api/pipeline,True,,1621,48,200,4
1790489447.191099,1790489449.965513,45387.468392,45390.242806,2774.414,POST,/api/pipeline,True,,1622,49,200,4
1790489447.217197,1790489449.991052,45387.494489,45390.268345,2773.856,POST,/api/pipeline,True,,1622,50,200,4
1790489447.245239,1790489450.024509,45387.522532,45390.301803,2779.27,POST,/api/pipeline,True,,1622,51,200,4
1790489447.271775,1790489450.044384,45387.549068,45390.321677,2772.609,POST,/api/pipeline,True,,1622,52,200,4
1790489447.303142,1790489450.074942,45387.580435,45390.352235,2771.8,POST,/api/pipeline,True,,1621,53,200,4
1790489447.326484,1790489450.101462,45387.603776,45390.378755,2774.979,POST,/api/pipeline,True,,1622,54,200,4
1790489447.352964,1790489450.126365,45387.630257,45390.403658,2773.402,POST,/api/pipeline,True,,1622,55,200,4
1790489447.381832,1790489450.155467,45387.659125,45390.43276,2773.635,POST,/api/pipeline,True,,1622,56,200,4
1790489447.407876,1790489450.185827,45387.685169,45390.46312,2777.952,POST,/api/pipeline,True,,1621,57,200,4
1790489447.434583,1790489450.209843,45387.711876,45390.487136,2775.26,POST,/api/pipeline,True,,1622,58,200,4
1790489447.464109,1790489450.241226,45387.741401,45390.518519,2777.117,POST,/api/pipeline,True,,1621,59,200,4
1790489447.492929,1790489450.264746,45387.770222,45390.542039,2771.816,POST,/api/pipeline,True,,1622,60,200,4
1790489447.523017,1790489450.29392,45387.80031,45390.571213,2770.902,POST,/api/pipeline,True,,1622,61,200,4
1790489447.546493,1790489450.322317,45387.823785,45390.59961,2775.825,POST,/api/pipeline,True,,1622,62,200,4
1790489447.575816,1790489450.348716,45387.853109,45390.626009,2772.899,POST,/api/pipeline,True,,1622,63,200,4
1790489447.604272,1790489450.377146,45387.881565,45390.654439,2772.873,POST,/api/pipeline,True,,1622,64,200,4
1790489447.629867,1790489450.405904,45387.90716,45390.683197,2776.037,POST,/api/pipeline,True,,1620,65,200,4
1790489447.658334,1790489450.431149,45387.935627,45390.708442,2772.814,POST,/api/pipeline,True,,1622,66,200,4
1790489447.6851,1790489450.4572,45387.962393,45390.734493,2772.1,POST,/api/pipeline,True,,1622,67,200,4
1790489447.715481,1790489450.48874,45387.992773,45390.766033,2773.26,POST,/api/pipeline,True,,1622,68,200,4
1790489447.73628,1790489450.507822,45388.013573,45390.785115,2771.542,POST,/api/pipeline,True,,1621,69,200,4
1790489447.773472,1790489450.547658,45388.050765,45390.824951,2774.186,POST,/api/pipeline,True,,1620,70,200,4
1790489447.797725,1790489450.571505,45388.075018,45390.848798,2773.779,POST,/api/pipeline,True,,1622,71,200,4
1790489447.828676,1790489450.601582,45388.105969,45390.878875,2772.906,POST,/api/pipeline,True,,1620,72,200,4
1790489447.855594,1790489450.629991,45388.132887,45390.907284,2774.396,POST,/api/pipeline,True,,1622,73,200,4
1790489447.883525,1790489450.660542,45388.160818,45390.937835,2777.017,POST,/api/pipeline,True,,1621,74,200,4
1790489447.909824,1790489450.683135,45388.187116,45390.960427,2773.311,POST,/api/pipeline,True,,1621,75,200,4
1790489447.938415,1790489450.71933,45388.215708,45390.996623,2780.915,POST,/api/pipeline,True,,1619,76,200,4
1790489447.964399,1790489450.74054,45388.241692,45391.017833,2776.14,POST,/api/pipeline,True,,1621,77,200,4
1790489448.001775,1790489450.776997,45388.279068,45391.05429,2775.222,POST,/api/pipeline,True,,1622,78,200,4
1790489448.022636,1790489450.800479,45388.29993,45391.077773,2777.843,POST,/api/pipeline,True,,1622,79,200,4
1790489448.044531,1790489450.819043,45388.321824,45391.096336,2774.512,POST,/api/pipeline,True,,1622,80,200,4
1790489448.080218,1790489450.852764,45388.357511,45391.130057,2772.547,POST,/api/pipeline,True,,1622,81,200,4
1790489448.099745,1790489450.873024,45388.377038,45391.150317,2773.278,POST,/api/pipeline,True,,1622,82,200,4
1790489448.133871,1790489450.906977,45388.411164,45391.18427,2773.106,POST,/api/pipeline,True,,1621,83,200,4
1790489448.152035,1790489450.92536,45388.429328,45391.202653,2773.325,POST,/api/pipeline,True,,1622,84,200,4
1790489448.198296,1790489450.972178,45388.475589,45391.249471,2773.882,POST,/api/pipeline,True,,1622,85,200,4
1790489448.207216,1790489450.980417,45388.484508,45391.25771,2773.201,POST,/api/pipeline,True,,1622,86,200,4
1790489448.256287,1790489451.02977,45388.53358,45391.307063,2773.483,POST,/api/pipeline,True,,1622,87,200,4
1790489448.287385,1790489451.059055,45388.564678,45391.336348,2771.67,POST,/api/pipeline,True,,1619,88,200,4
1790489448.302604,1790489451.080557,45388.579897,45391.35785,2777.953,POST,/api/pipeline,True,,1621,89,200,4
1790489448.363964,1790489451.137544,45388.641257,45391.414837,2773.58,POST,/api/pipeline,True,,1622,91,200,4
1790489448.365951,1790489451.141755,45388.643244,45391.419048,2775.804,POST,/api/pipeline,True,,1621,90,200,4
1790489448.369832,1790489451.144922,45388.647125,45391.422215,2775.091,POST,/api/pipeline,True,,1622,92,200,4
1790489448.399552,1790489451.170478,45388.676844,45391.447771,2770.926,POST,/api/pipeline,True,,1621,93,200,4
1790489448.426232,1790489451.202562,45388.703524,45391.479855,2776.331,POST,/api/pipeline,True,,1620,94,200,4
1790489448.456968,1790489451.230423,45388.734261,45391.507716,2773.456,POST,/api/pipeline,True,,1620,95,200,4
1790489448.485792,1790489451.257683,45388.763085,45391.534976,2771.89,POST,/api/pipeline,True,,1620,96,200,4
1790489448.51452,1790489451.290884,45388.791813,45391.568177,2776.364,POST,/api/pipeline,True,,1621,97,200,4
1790489448.538393,1790489451.311092,45388.815686,45391.588385,2772.699,POST,/api/pipeline,True,,1622,98,200,4
1790489448.568668,1790489451.344472,45388.845961,45391.621765,2775.804,POST,/api/pipeline,True,,1621,99,200,4
1790489448.609708,1790489451.392871,45388.887001,45391.670164,2783.163,POST,/api/pipeline,True,,1621,0,200,4
1790489448.628068,1790489451.400817,45388.905361,45391.67811,2772.748,POST,/api/pipeline,True,,1622,1,200,4
1790489448.671961,1790489451.445454,45388.949254,45391.722747,2773.493,POST,/api/pipeline,True,,1622,2,200,4
1790489448.684263,1790489451.458669,45388.961556,45391.735962,2774.406,POST,/api/pipeline,True,,1622,3,200,4
1790489448.723262,1790489451.495067,45389.000555,45391.77236,2771.805,POST,/api/pipeline,True,,1621,4,200,4
1790489448.742438,1790489451.515442,45389.019731,45391.792735,2773.004,POST,/api/pipeline,True,,1622,5,200,4
1790489448.781276,1790489451.558429,45389.058568,45391.835721,2777.153,POST,/api/pipeline,True,,1621,6,200,4
1790489448.839625,1790489451.617358,45389.116917,45391.894651,2777.734,POST,/api/pipeline,True,,1622,7,200,4
1790489448.841887,1790489451.618566,45389.11918,45391.895859,2776.679,POST,/api/pipeline,True,,1621,8,200,4
1790489448.85732,1790489451.632207,45389.134613,45391.9095,2774.887,POST,/api/pipeline,True,,1622,9,200,4
1790489448.896869,1790489451.674502,45389.174162,45391.951795,2777.633,POST,/api/pipeline,True,,1621,10,200,4
1790489448.915435,1790489451.691435,45389.192728,45391.968728,2776.0,POST,/api/pipeline,True,,1622,11,200,4
1790489448.94903,1790489451.721681,45389.226323,45391.998974,2772.651,POST,/api/pipeline,True,,1622,12,200,4
1790489448.969867,1790489451.742416,45389.24716,45392.019709,2772.548,POST,/api/pipeline,True,,1622,13,200,4
1790489449.001679,1790489451.775541,45389.278972,45392.052834,2773.862,POST,/api/pipeline,True,,1622,14,200,4
1790489449.023568,1790489451.803805,45389.300861,45392.081098,2780.236,POST,/api/pipeline,True,,1620,15,200,4
1790489449.057276,1790489451.829352,45389.334569,45392.106645,2772.076,POST,/api/pipeline,True,,1621,16,200,4
1790489449.077651,1790489451.856014,45389.354944,45392.133307,2778.363,POST,/api/pipeline,True,,1621,17,200,4
1790489449.096437,1790489451.868771,45389.37373,45392.146064,2772.334,POST,/api/pipeline,True,,1622,18,200,4
1790489449.132631,1790489451.905875,45389.409924,45392.183168,2773.244,POST,/api/pipeline,True,,1622,19,200,4
1790489449.161332,1790489451.935935,45389.438625,45392.213228,2774.604,POST,/api/pipeline,True,,1620,20,200,4
1790489449.187711,1790489451.961664,45389.465004,45392.238957,2773.953,POST,/api/pipeline,True,,1622,21,200,4
1790489449.216734,1790489451.994377,45389.494027,45392.27167,2777.643,POST,/api/pipeline,True,,1621,22,200,4
1790489449.235629,1790489452.009691,45389.512922,45392.286984,2774.062,POST,/api/pipeline,True,,1621,23,200,4
1790489449.276468,1790489452.050982,45389.553761,45392.328275,2774.513,POST,/api/pipeline,True,,1622,24,200,4
1790489449.302681,1790489452.075586,45389.579974,45392.352879,2772.905,POST,/api/pipeline,True,,1620,25,200,4
1790489449.378484,1790489452.152403,45389.655777,45392.429696,2773.919,POST,/api/pipeline,True,,1622,27,200,4
1790489449.380296,1790489452.153634,45389.657589,45392.430927,2773.338,POST,/api/pipeline,True,,1621,26,200,4
1790489449.451327,1790489452.227624,45389.72862,45392.504917,2776.297,POST,/api/pipeline,True,,1622,28,200,4
1790489449.452835,1790489452.230202,45389.730127,45392.507495,2777.367,POST,/api/pipeline,True,,1622,30,200,4
1790489449.454667,1790489452.231491,45389.73196,45392.508784,2776.824,POST,/api/pipeline,True,,1622,29,200,4
1790489449.470432,1790489452.244815,45389.747725,45392.522108,2774.383,POST,/api/pipeline,True,,1621,31,200,4
1790489449.492622,1790489452.264819,45389.769915,45392.542112,2772.198,POST,/api/pipeline,True,,1622,32,200,4
1790489449.513017,1790489452.291438,45389.79031,45392.568731,2778.421,POST,/api/pipeline,True,,1622,33,200,4
1790489449.547235,1790489452.31881,45389.824528,45392.596103,2771.575,POST,/api/pipeline,True,,1622,34,200,4
1790489449.572652,1790489452.345858,45389.849945,45392.623151,2773.206,POST,/api/pipeline,True,,1621,35,200,4
1790489449.640346,1790489452.416811,45389.917639,45392.694105,2776.465,POST,/api/pipeline,True,,1621,36,200,4
1790489449.642603,1790489452.418185,45389.919896,45392.695478,2775.583,POST,/api/pipeline,True,,1622,37,200,4
1790489449.660024,1790489452.437155,45389.937317,45392.714449,2777.131,POST,/api/pipeline,True,,1621,38,200,4
1790489449.697175,1790489452.470707,45389.974467,45392.748,2773.532,POST,/api/pipeline,True,,1622,39,200,4
1790489449.719673,1790489452.491936,45389.996966,45392.769229,2772.263,POST,/api/pipeline,True,,1621,40,200,4
1790489449.738673,1790489452.517256,45390.015965,45392.794548,2778.583,POST,/api/pipeline,True,,1621,41,200,4
1790489449.766664,1790489452.539127,45390.043957,45392.81642,2772.463,POST,/api/pipeline,True,,1621,42,200,4
1790489449.796265,1790489452.569937,45390.073558,45392.84723,2773.673,POST,/api/pipeline,True,,1622,43,200,4
1790489449.824053,1790489452.596844,45390.101346,45392.874138,2772.792,POST,/api/pipeline,True,,1621,44,200,4
1790489449.853563,1790489452.628941,45390.130856,45392.906234,2775.378,POST,/api/pipeline,True,,1621,45,200,4
1790489449.87896,1790489452.654802,45390.156253,45392.932095,2775.842,POST,/api/pipeline,True,,1622,46,200,4
1790489449.908553,1790489452.683027,45390.185846,45392.96032,2774.474,POST,/api/pipeline,True,,1620,47,200,4
1790489449.937275,1790489452.709509,45390.214568,45392.986802,2772.233,POST,/api/pipeline,True,,1621,48,200,4
1790489449.965859,1790489452.75003,45390.243152,45393.027323,2784.171,POST,/api/pipeline,True,,1622,49,200,4
1790489449.991274,1790489452.761874,45390.268567,45393.039167,2770.601,POST,/api/pipeline,True,,1621,50,200,4
1790489450.024776,1790489452.804826,45390.302068,45393.082119,2780.051,POST,/api/pipeline,True,,1621,51,200,4
1790489450.044635,1790489452.820063,45390.321928,45393.097356,2775.428,POST,/api/pipeline,True,,1622,52,200,4
1790489450.075237,1790489452.847121,45390.35253,45393.124414,2771.884,POST,/api/pipeline,True,,1620,53,200,4
1790489450.101737,1790489452.87412,45390.37903,45393.151413,2772.383,POST,/api/pipeline,True,,1622,54,200,4
1790489450.126597,1790489452.903976,45390.40389,45393.181269,2777.38,POST,/api/pipeline,True,,1621,55,200,4
1790489450.155763,1790489452.928485,45390.433056,45393.205778,2772.722,POST,/api/pipeline,True,,1621,56,200,4
1790489450.18614,1790489452.963474,45390.463432,45393.240767,2777.335,POST,/api/pipeline,True,,1622,57,200,4
1790489450.210086,1790489452.983594,45390.487379,45393.260887,2773.509,POST,/api/pipeline,True,,1622,58,200,4
1790489450.241456,1790489453.012413,45390.518749,45393.289706,2770.957,POST,/api/pipeline,True,,1622,59,200,4
1790489450.264966,1790489453.041897,45390.542259,45393.31919,2776.931,POST,/api/pipeline,True,,1622,60,200,4
1790489450.29424,1790489453.066833,45390.571532,45393.344126,2772.593,POST,/api/pipeline,True,,1622,61,200,4
1790489450.322562,1790489453.096427,45390.599855,45393.373721,2773.865,POST,/api/pipeline,True,,1622,62,200,4
1790489450.34895,1790489453.124572,45390.626243,45393.401865,2775.621,POST,/api/pipeline,True,,1622,63,200,4
1790489450.377399,1790489453.153033,45390.654692,45393.430326,2775.634,POST,/api/pipeline,True,,1621,64,200,4
1790489450.406134,1790489453.179032,45390.683427,45393.456325,2772.898,POST,/api/pipeline,True,,1622,65,200,4
1790489450.431441,1790489453.204702,45390.708733,45393.481995,2773.261,POST,/api/pipeline,True,,1622,66,200,4
1790489450.457494,1790489453.231158,45390.734787,45393.50845,2773.663,POST,/api/pipeline,True,,1622,67,200,4
1790489450.48898,1790489453.263644,45390.766272,45393.540937,2774.664,POST,/api/pipeline,True,,1622,68,200,4
1790489450.508031,1790489453.281412,45390.785324,45393.558705,2773.381,POST,/api/pipeline,True,,1622,69,200,4
1790489450.547947,1790489453.322401,45390.825239,45393.599693,2774.454,POST,/api/pipeline,True,,1620,70,200,4
1790489450.571745,1790489453.344376,45390.849038,45393.621669,2772.631,POST,/api/pipeline,True,,1621,71,200,4
1790489450.601823,1790489453.377728,45390.879116,45393.655021,2775.905,POST,/api/pipeline,True,,1621,72,200,4
1790489450.63025,1790489453.403569,45390.907542,45393.680862,2773.32,POST,/api/pipeline,True,,1622,73,200,4
1790489450.66082,1790489453.43645,45390.938113,45393.713743,2775.63,POST,/api/pipeline,True,,1621,74,200,4
1790489450.683389,1790489453.458318,45390.960682,45393.735611,2774.929,POST,/api/pipeline,True,,1622,75,200,4
1790489450.719555,1790489453.495525,45390.996848,45393.772818,2775.97,POST,/api/pipeline,True,,1621,76,200,4
1790489450.740765,1790489453.517592,45391.018058,45393.794885,2776.827,POST,/api/pipeline,True,,1621,77,200,4
1790489450.777217,1790489453.548724,45391.05451,45393.826017,2771.506,POST,/api/pipeline,True,,1621,78,200,4
1790489450.800718,1790489453.571633,45391.07801,45393.848926,2770.916,POST,/api/pipeline,True,,1622,79,200,4
1790489450.819287,1790489453.590399,45391.09658,45393.867692,2771.112,POST,/api/pipeline,True,,1622,80,200,4
1790489450.852992,1790489453.625043,45391.130285,45393.902336,2772.051,POST,/api/pipeline,True,,1622,81,200,4
1790489450.87326,1790489453.645239,45391.150553,45393.922532,2771.98,POST,/api/pipeline,True,,1622,82,200,4
1790489450.907228,1790489453.681396,45391.18452,45393.958688,2774.168,POST,/api/pipeline,True,,1622,83,200,4
1790489450.925597,1790489453.698507,45391.202891,45393.9758,2772.91,POST,/api/pipeline,True,,1621,84,200,4
1790489450.972431,1790489453.747034,45391.249723,45394.024326,2774.603,POST,/api/pipeline,True,,1620,85,200,4
1790489450.980634,1790489453.751426,45391.257927,45394.028719,2770.792,POST,/api/pipeline,True,,1622,86,200,4
1790489451.030048,1790489453.80196,45391.307341,45394.079253,2771.913,POST,/api/pipeline,True,,1622,87,200,4
1790489451.059291,1790489453.833295,45391.336583,45394.110587,2774.004,POST,/api/pipeline,True,,1621,88,200,4
1790489451.080806,1790489453.861949,45391.358099,45394.139242,2781.142,POST,/api/pipeline,True,,1621,89,200,4
1790489451.137906,1790489453.911031,45391.415199,45394.188323,2773.124,POST,/api/pipeline,True,,1622,91,200,4
1790489451.141959,1790489453.920595,45391.419252,45394.197888,2778.636,POST,/api/pipeline,True,,1622,90,200,4
1790489451.145101,1790489453.922191,45391.422393,45394.199484,2777.09,POST,/api/pipeline,True,,1622,92,200,4
1790489451.170713,1790489453.944298,45391.448006,45394.221591,2773.585,POST,/api/pipeline,True,,1621,93,200,4
1790489451.202842,1790489453.975389,45391.480134,45394.252682,2772.547,POST,/api/pipeline,True,,1622,94,200,4
1790489451.230674,1790489454.00754,45391.507967,45394.284833,2776.866,POST,/api/pipeline,True,,1621,95,200,4
1790489451.257912,1790489454.029967,45391.535205,45394.30726,2772.055,POST,/api/pipeline,True,,1622,96,200,4
1790489451.291123,1790489454.062367,45391.568416,45394.33966,2771.244,POST,/api/pipeline,True,,1622,97,200,4
1790489451.311331,1790489454.08618,45391.588624,45394.363473,2774.849,POST,/api/pipeline,True,,1621,98,200,4
1790489451.3447,1790489454.118227,45391.621993,45394.39552,2773.528,POST,/api/pipeline,True,,1622,99,200,4
1790489451.393101,1790489454.166437,45391.670394,45394.44373,2773.335,POST,/api/pipeline,True,,1621,0,200,4
1790489451.401055,1790489454.176401,45391.678348,45394.453694,2775.346,POST,/api/pipeline,True,,1620,1,200,4
1790489451.445705,1790489454.218918,45391.722998,45394.49621,2773.212,POST,/api/pipeline,True,,1622,2,200,4
1790489451.459021,1790489454.23454,45391.736314,45394.511833,2775.519,POST,/api/pipeline,True,,1622,3,200,4
1790489451.49539,1790489454.268403,45391.772683,45394.545696,2773.014,POST,/api/pipeline,True,,1622,4,200,4
1790489451.515681,1790489454.287317,45391.792974,45394.564609,2771.635,POST,/api/pipeline,True,,1620,5,200,4
1790489451.558641,1790489454.332572,45391.835934,45394.609865,2773.931,POST,/api/pipeline,True,,1620,6,200,4
1790489451.617584,1790489454.392367,45391.894877,45394.66966,2774.783,POST,/api/pipeline,True,,1617,7,200,4
1790489451.61922,1790489454.394199,45391.896513,45394.671492,2774.979,POST,/api/pipeline,True,,1622,8,200,4
1790489451.632454,1790489454.410219,45391.909747,45394.687512,2777.765,POST,/api/pipeline,True,,1622,9,200,4
1790489451.674741,1790489454.447825,45391.952033,45394.725118,2773.085,POST,/api/pipeline,True,,1621,10,200,4
1790489451.69171,1790489454.463289,45391.969003,45394.740582,2771.579,POST,/api/pipeline,True,,1621,11,200,4
1790489451.721957,1790489454.493913,45391.99925,45394.771206,2771.956,POST,/api/pipeline,True,,1621,12,200,4
1790489451.742654,1790489454.52193,45392.019947,45394.799223,2779.275,POST,/api/pipeline,True,,1622,13,200,4
1790489451.775767,1790489454.547622,45392.05306,45394.824915,2771.855,POST,/api/pipeline,True,,1622,14,200,4
1790489451.804033,1790489454.575604,45392.081326,45394.852897,2771.571,POST,/api/pipeline,True,,1622,15,200,4
1790489451.829597,1790489454.601269,45392.10689,45394.878562,2771.672,POST,/api/pipeline,True,,1621,16,200,4
1790489451.856216,1790489454.628997,45392.13351,45394.90629,2772.781,POST,/api/pipeline,True,,1622,17,200,4
1790489451.869027,1790489454.640746,45392.14632,45394.918039,2771.719,POST,/api/pipeline,True,,1621,18,200,4
1790489451.906129,1790489454.681241,45392.183422,45394.958534,2775.111,POST,/api/pipeline,True,,1620,19,200,4
1790489451.936155,1790489454.710326,45392.213448,45394.987619,2774.171,POST,/api/pipeline,True,,1620,20,200,4
1790489451.961897,1790489454.733847,45392.23919,45395.01114,2771.95,POST,/api/pipeline,True,,1621,21,200,4
1790489451.994591,1790489454.768643,45392.271883,45395.045936,2774.053,POST,/api/pipeline,True,,1622,22,200,4
1790489452.009976,1790489454.78304,45392.287269,45395.060333,2773.064,POST,/api/pipeline,True,,1621,23,200,4
1790489452.051199,1790489454.826577,45392.328492,45395.10387,2775.378,POST,/api/pipeline,True,,1622,24,200,4
1790489452.075815,1790489454.84857,45392.353108,45395.125863,2772.755,POST,/api/pipeline,True,,1622,25,200,4
1790489452.152634,1790489454.927128,45392.429927,45395.204421,2774.494,POST,/api/pipeline,True,,1621,27,200,4
1790489452.154259,1790489454.928352,45392.431552,45395.205645,2774.093,POST,/api/pipeline,True,,1622,26,200,4
1790489452.227904,1790489455.004537,45392.505197,45395.28183,2776.634,POST,/api/pipeline,True,,1622,28,200,4
1790489452.230459,1790489455.007097,45392.507752,45395.284389,2776.637,POST,/api/pipeline,True,,1622,30,200,4
1790489452.232121,1790489455.009701,45392.509414,45395.286994,2777.58,POST,/api/pipeline,True,,1622,29,200,4
1790489452.245043,1790489455.027419,45392.522335,45395.304711,2782.376,POST,/api/pipeline,True,,1622,31,200,4
1790489452.265044,1790489455.037194,45392.542337,45395.314486,2772.15,POST,/api/pipeline,True,,1620,32,200,4
1790489452.291651,1790489455.065064,45392.568944,45395.342357,2773.413,POST,/api/pipeline,True,,1621,33,200,4
1790489452.319078,1790489455.092107,45392.596371,45395.3694,2773.029,POST,/api/pipeline,True,,1622,34,200,4
1790489452.346077,1790489455.118504,45392.62337,45395.395797,2772.428,POST,/api/pipeline,True,,1621,35,200,4
1790489452.417043,1790489455.190607,45392.694337,45395.4679,2773.564,POST,/api/pipeline,True,,1620,36,200,4
1790489452.418937,1790489455.192854,45392.69623,45395.470147,2773.917,POST,/api/pipeline,True,,1622,37,200,4
1790489452.437411,1790489455.211338,45392.714703,45395.488631,2773.927,POST,/api/pipeline,True,,1621,38,200,4
1790489452.471139,1790489455.245521,45392.748432,45395.522814,2774.382,POST,/api/pipeline,True,,1622,39,200,4
1790489452.492177,1790489455.263596,45392.76947,45395.540889,2771.419,POST,/api/pipeline,True,,1622,40,200,4
1790489452.517519,1790489455.290564,45392.794811,45395.567857,2773.046,POST,/api/pipeline,True,,1620,41,200,4
1790489452.539308,1790489455.313148,45392.816601,45395.590441,2773.84,POST,/api/pipeline,True,,1622,42,200,4
1790489452.570163,1790489455.347491,45392.847456,45395.624783,2777.327,POST,/api/pipeline,True,,1622,43,200,4
1790489452.59704,1790489455.371621,45392.874333,45395.648914,2774.581,POST,/api/pipeline,True,,1621,44,200,4
1790489452.629157,1790489455.401091,45392.90645,45395.678384,2771.934,POST,/api/pipeline,True,,1621,45,200,4
1790489452.655077,1790489455.429178,45392.93237,45395.706471,2774.101,POST,/api/pipeline,True,,1622,46,200,4
1790489452.683258,1790489455.460724,45392.960551,45395.738017,2777.466,POST,/api/pipeline,True,,1621,47,200,4
1790489452.709758,1790489455.481275,45392.987051,45395.758568,2771.517,POST,/api/pipeline,True,,1622,48,200,4
1790489452.750292,1790489455.523585,45393.027585,45395.800878,2773.294,POST,/api/pipeline,True,,1621,49,200,4
1790489452.762092,1790489455.538326,45393.039385,45395.815619,2776.234,POST,/api/pipeline,True,,1622,50,200,4
1790489452.80512,1790489455.579521,45393.082413,45395.856814,2774.401,POST,/api/pipeline,True,,1622,51,200,4
1790489452.820349,1790489455.593017,45393.097641,45395.87031,2772.668,POST,/api/pipeline,True,,1621,52,200,4
1790489452.847352,1790489455.622001,45393.124645,45395.899294,2774.649,POST,/api/pipeline,True,,1622,53,200,4
1790489452.874415,1790489455.672716,45393.151708,45395.950009,2798.301,POST,/api/pipeline,True,,1621,54,200,4
