start_ts,end_ts,start_mono,end_mono,response_time_ms,request_type,name,success,exception,response_length,user,http_status,stages_logged
1790489191.928494,1790489194.705734,45132.205787,45134.983026,2777.239,POST,/api/pipeline,True,,1622,0,200,4
1790489191.985023,1790489194.758985,45132.262315,45135.036277,2773.962,POST,/api/pipeline,True,,1620,1,200,4
1790489192.040045,1790489194.813461,45132.317338,45135.090754,2773.416,POST,/api/pipeline,True,,1622,2,200,4
1790489192.095234,1790489194.871241,45132.372527,45135.148534,2776.007,POST,/api/pipeline,True,,1622,3,200,4
1790489192.150208,1790489194.925017,45132.427501,45135.202309,2774.808,POST,/api/pipeline,True,,1621,4,200,4
1790489192.20586,1790489194.983776,45132.483153,45135.261069,2777.916,POST,/api/pipeline,True,,1621,5,200,4
1790489192.261194,1790489195.047757,45132.538486,45135.32505,2786.563,POST,/api/pipeline,True,,1622,6,200,4
1790489192.316356,1790489195.091851,45132.593649,45135.369144,2775.495,POST,/api/pipeline,True,,1620,7,200,4
1790489192.371145,1790489195.14537,45132.648438,45135.422663,2774.225,POST,/api/pipeline,True,,1621,8,200,4
1790489192.426832,1790489195.202837,45132.704125,45135.480129,2776.004,POST,/api/pipeline,True,,1621,9,200,4
1790489192.481328,1790489195.257425,45132.758621,45135.534718,2776.097,POST,/api/pipeline,True,,1621,10,200,4
1790489192.536914,1790489195.313506,45132.814207,45135.590799,2776.592,POST,/api/pipeline,True,,1621,11,200,4
1790489192.591647,1790489195.368559,45132.86894,45135.645851,2776.911,POST,/api/pipeline,True,,1621,12,200,4
1790489192.647111,1790489195.423666,45132.924404,45135.700959,2776.555,POST,/api/pipeline,True,,1622,13,200,4
1790489192.70256,1790489195.482273,45132.979853,45135.759566,2779.713,POST,/api/pipeline,True,,1622,14,200,4
1790489192.758272,1790489195.534004,45133.035565,45135.811297,2775.732,POST,/api/pipeline,True,,1622,15,200,4
1790489192.812977,1790489195.589498,45133.09027,45135.866791,2776.521,POST,/api/pipeline,True,,1622,16,200,4
1790489192.868591,1790489195.643457,45133.145884,45135.92075,2774.866,POST,/api/pipeline,True,,1620,17,200,4
1790489192.924736,1790489195.699862,45133.202029,45135.977155,2775.126,POST,/api/pipeline,True,,1622,18,200,4
1790489192.978516,1790489195.750673,45133.255809,45136.027966,2772.156,POST,/api/pipeline,True,,1621,19,200,4
1790489193.033818,1790489195.807294,45133.311111,45136.084587,2773.475,POST,/api/pipeline,True,,1621,20,200,4
1790489193.089405,1790489195.862699,45133.366698,45136.139992,2773.294,POST,/api/pipeline,True,,1621,21,200,4
1790489193.144205,1790489195.918766,45133.421498,45136.196058,2774.56,POST,/api/pipeline,True,,1622,22,200,4
1790489193.199142,1790489195.973415,45133.476435,45136.250708,2774.273,POST,/api/pipeline,True,,1621,23,200,4
1790489193.25451,1790489196.029351,45133.531803,45136.306644,2774.841,POST,/api/pipeline,True,,1620,24,200,4
1790489193.310096,1790489196.084832,45133.587389,45136.362125,2774.736,POST,/api/pipeline,True,,1620,25,200,4
1790489193.365797,1790489196.141373,45133.64309,45136.418666,2775.576,POST,/api/pipeline,True,,1621,26,200,4
1790489193.420421,1790489196.210058,45133.697714,45136.487351,2789.637,POST,/api/pipeline,True,,1621,27,200,4
1790489193.475513,1790489196.267839,45133.752805,45136.545132,2792.326,POST,/api/pipeline,True,,1622,28,200,4
1790489193.530945,1790489196.308791,45133.808238,45136.586084,2777.846,POST,/api/pipeline,True,,1619,29,200,4
1790489193.585986,1790489196.362994,45133.863279,45136.640287,2777.008,POST,/api/pipeline,True,,1622,30,200,4
1790489193.640995,1790489196.41753,45133.918288,45136.694823,2776.535,POST,/api/pipeline,True,,1621,31,200,4
1790489193.696783,1790489196.473789,45133.974075,45136.751082,2777.007,POST,/api/pipeline,True,,1621,32,200,4
1790489193.752225,1790489196.530023,45134.029518,45136.807315,2777.797,POST,/api/pipeline,True,,1622,33,200,4
1790489193.807097,1790489196.583582,45134.084389,45136.860875,2776.486,POST,/api/pipeline,True,,1622,34,200,4
1790489193.863048,1790489196.638646,45134.140341,45136.915939,2775.598,POST,/api/pipeline,True,,1622,35,200,4
1790489193.938916,1790489196.714484,45134.216209,45136.991777,2775.569,POST,/api/pipeline,True,,1621,36,200,4
1790489193.973141,1790489196.747761,45134.250434,45137.025054,2774.62,POST,/api/pipeline,True,,1621,37,200,4
1790489194.027965,1790489196.800672,45134.305257,45137.077965,2772.707,POST,/api/pipeline,True,,1622,38,200,4
1790489194.083809,1790489196.859426,45134.361102,45137.136719,2775.617,POST,/api/pipeline,True,,1620,39,200,4
1790489194.138533,1790489196.912514,45134.415826,45137.189807,2773.98,POST,/api/pipeline,True,,1622,40,200,4
1790489194.19446,1790489196.969732,45134.471753,45137.247025,2775.272,POST,/api/pipeline,True,,1622,41,200,4
1790489194.248995,1790489197.025071,45134.526287,45137.302364,2776.076,POST,/api/pipeline,True,,1621,42,200,4
1790489194.303884,1790489197.080346,45134.581177,45137.357639,2776.462,POST,/api/pipeline,True,,1621,43,200,4
1790489194.359963,1790489197.138704,45134.637256,45137.415996,2778.741,POST,/api/pipeline,True,,1621,44,200,4
1790489194.415125,1790489197.191179,45134.692418,45137.468471,2776.053,POST,/api/pipeline,True,,1622,45,200,4
1790489194.470021,1790489197.246447,45134.747314,45137.52374,2776.426,POST,/api/pipeline,True,,1621,46,200,4
1790489194.525189,1790489197.29884,45134.802482,45137.576133,2773.651,POST,/api/pipeline,True,,1622,47,200,4
1790489194.58082,1790489197.357533,45134.858113,45137.634826,2776.713,POST,/api/pipeline,True,,1622,48,200,4
1790489194.635268,1790489197.410995,45134.912561,45137.688288,2775.727,POST,/api/pipeline,True,,1621,49,200,4
1790489194.706043,1790489197.480315,45134.983336,45137.757608,2774.273,POST,/api/pipeline,True,,1622,0,200,4
1790489194.759239,1790489197.53208,45135.036532,45137.809373,2772.841,POST,/api/pipeline,True,,1621,1,200,4
1790489194.813697,1790489197.590378,45135.09099,45137.867671,2776.681,POST,/api/pipeline,True,,1622,2,200,4
1790489194.871519,1790489197.643952,45135.148812,45137.921245,2772.433,POST,/api/pipeline,True,,1622,3,200,4
1790489194.925262,1790489197.700628,45135.202555,45137.977921,2775.367,POST,/api/pipeline,True,,1620,4,200,4
1790489194.984021,1790489197.766347,45135.261314,45138.04364,2782.326,POST,/api/pipeline,True,,1621,5,200,4
1790489195.048007,1790489197.82051,45135.3253,45138.097804,2772.504,POST,/api/pipeline,True,,1622,6,200,4
1790489195.092128,1790489197.863984,45135.369421,45138.141277,2771.856,POST,/api/pipeline,True,,1622,7,200,4
1790489195.145581,1790489197.919873,45135.422874,45138.197166,2774.292,POST,/api/pipeline,True,,1622,8,200,4
1790489195.203104,1790489197.97723,45135.480397,45138.254523,2774.126,POST,/api/pipeline,True,,1622,9,200,4
1790489195.257642,1790489198.030448,45135.534934,45138.307741,2772.807,POST,/api/pipeline,True,,1622,10,200,4
1790489195.313725,1790489198.089451,45135.591018,45138.366743,2775.726,POST,/api/pipeline,True,,1622,11,200,4
1790489195.369077,1790489198.141272,45135.64637,45138.418565,2772.195,POST,/api/pipeline,True,,1622,12,200,4
1790489195.4239,1790489198.199802,45135.701193,45138.477095,2775.903,POST,/api/pipeline,True,,1621,13,200,4
1790489195.482512,1790489198.255255,45135.759805,45138.532548,2772.743,POST,/api/pipeline,True,,1621,14,200,4
1790489195.534206,1790489198.30772,45135.811499,45138.585013,2773.514,POST,/api/pipeline,True,,1621,15,200,4
1790489195.589675,1790489198.361506,45135.866968,45138.638799,2771.831,POST,/api/pipeline,True,,1622,16,200,4
1790489195.64368,1790489198.417313,45135.920973,45138.694606,2773.633,POST,/api/pipeline,True,,1622,17,200,4
1790489195.700083,1790489198.472129,45135.977375,45138.749422,2772.046,POST,/api/pipeline,True,,1622,18,200,4
1790489195.750945,1790489198.523411,45136.028238,45138.800704,2772.466,POST,/api/pipeline,True,,1622,19,200,4
1790489195.80748,1790489198.578401,45136.084773,45138.855694,2770.921,POST,/api/pipeline,True,,1622,20,200,4
1790489195.862981,1790489198.636064,45136.140274,45138.913357,2773.084,POST,/api/pipeline,True,,1620,21,200,4
1790489195.918962,1790489198.69028,45136.196255,45138.967573,2771.318,POST,/api/pipeline,True,,1622,22,200,4
1790489195.973591,1790489198.747475,45136.250884,45139.024768,2773.884,POST,/api/pipeline,True,,1622,23,200,4
1790489196.029576,1790489198.800496,45136.306869,45139.077789,2770.92,POST,/api/pipeline,True,,1620,24,200,4
1790489196.085018,1790489198.859136,45136.362311,45139.136429,2774.118,POST,/api/pipeline,True,,1622,25,200,4
1790489196.141605,1790489198.918052,45136.418898,45139.195345,2776.447,POST,/api/pipeline,True,,1620,26,200,4
1790489196.210281,1790489198.984063,45136.487574,45139.261356,2773.781,POST,/api/pipeline,True,,1621,27,200,4
1790489196.268055,1790489199.041405,45136.545348,45139.318698,2773.351,POST,/api/pipeline,True,,1622,28,200,4
1790489196.309019,1790489199.080502,45136.586312,45139.357795,2771.483,POST,/api/pipeline,True,,1620,29,200,4
1790489196.363206,1790489199.137163,45136.6405,45139.414456,2773.957,POST,/api/pipeline,True,,1621,30,200,4
1790489196.417756,1790489199.190045,45136.695049,45139.467338,2772.289,POST,/api/pipeline,True,,1621,31,200,4
1790489196.474024,1790489199.246931,45136.751316,45139.524224,2772.908,POST,/api/pipeline,True,,1622,32,200,4
1790489196.530249,1790489199.301924,45136.807542,45139.579216,2771.674,POST,/api/pipeline,True,,1621,33,200,4
1790489196.583804,1790489199.35622,45136.861097,45139.633513,2772.416,POST,/api/pipeline,True,,1620,34,200,4
1790489196.638961,1790489199.410675,45136.916254,45139.687968,2771.714,POST,/api/pipeline,True,,1621,35,200,4
1790489196.714725,1790489199.496656,45136.992017,45139.773948,2781.931,POST,/api/pipeline,True,,1622,36,200,4
1790489196.747979,1790489199.51831,45137.025272,45139.795603,2770.331,POST,/api/pipeline,True,,1622,37,200,4
1790489196.800889,1790489199.577381,45137.078182,45139.854674,2776.491,POST,/api/pipeline,True,,1621,38,200,4
1790489196.859668,1790489199.631396,45137.13696,45139.908689,2771.728,POST,/api/pipeline,True,,1622,39,200,4
1790489196.912754,1790489199.68691,45137.190047,45139.964203,2774.157,POST,/api/pipeline,True,,1621,40,200,4
1790489196.969955,1790489199.744544,45137.247248,45140.021837,2774.589,POST,/api/pipeline,True,,1621,41,200,4
1790489197.025311,1790489199.799468,45137.302604,45140.076761,2774.157,POST,/api/pipeline,True,,1622,42,200,4
1790489197.080602,1790489199.85703,45137.357895,45140.134322,2776.427,POST,/api/pipeline,True,,1622,43,200,4
1790489197.139038,1790489199.910395,45137.416331,45140.187688,2771.357,POST,/api/pipeline,True,,1622,44,200,4
1790489197.191389,1790489199.965592,45137.468682,45140.242885,2774.204,POST,/api/pipeline,True,,1622,45,200,4
1790489197.246662,1790489200.017989,45137.523955,45140.295282,2771.327,POST,/api/pipeline,True,,1621,46,200,4
1790489197.299073,1790489200.073787,45137.576366,45140.35108,2774.715,POST,/api/pipeline,True,,1622,47,200,4
1790489197.357752,1790489200.129194,45137.635045,45140.406487,2771.442,POST,/api/pipeline,True,,1622,48,200,4
1790489197.411255,1790489200.183283,45137.688548,45140.460576,2772.028,POST,/api/pipeline,True,,1622,49,200,4
1790489197.480547,1790489200.252089,45137.75784,45140.529382,2771.542,POST,/api/pipeline,True,,1621,0,200,4
1790489197.532292,1790489200.305798,45137.809585,45140.583091,2773.506,POST,/api/pipeline,True,,1622,1,200,4
1790489197.590625,1790489200.363041,45137.867917,45140.640334,2772.416,POST,/api/pipeline,True,,1622,2,200,4
1790489197.644194,1790489200.421044,45137.921486,45140.698337,2776.851,POST,/api/pipeline,True,,1622,3,200,4
1790489197.700914,1790489200.47578,45137.978207,45140.753072,2774.865,POST,/api/pipeline,True,,1621,4,200,4
1790489197.766581,1790489200.538165,45138.043874,45140.815458,2771.584,POST,/api/pipeline,True,,1622,5,200,4
1790489197.82074,1790489200.595937,45138.098033,45140.873229,2775.196,POST,/api/pipeline,True,,1622,6,200,4
1790489197.864217,1790489200.63806,45138.14151,45140.915353,2773.842,POST,/api/pipeline,True,,1622,7,200,4
1790489197.920098,1790489200.693296,45138.197391,45140.970589,2773.198,POST,/api/pipeline,True,,1621,8,200,4
1790489197.977446,1790489200.750182,45138.254739,45141.027475,2772.736,POST,/api/pipeline,True,,1621,9,200,4
1790489198.030719,1790489200.807642,45138.308011,45141.084934,2776.923,POST,/api/pipeline,True,,1622,10,200,4
1790489198.089693,1790489200.861127,45138.366986,45141.13842,2771.434,POST,/api/pipeline,True,,1621,11,200,4
1790489198.141523,1790489200.918432,45138.418815,45141.195724,2776.909,POST,/api/pipeline,True,,1621,12,200,4
1790489198.200034,1790489200.97402,45138.477327,45141.251313,2773.986,POST,/api/pipeline,True,,1621,13,200,4
1790489198.255515,1790489201.027526,45138.532808,45141.304819,2772.011,POST,/api/pipeline,True,,1622,14,200,4
1790489198.307946,1790489201.081206,45138.585239,45141.358498,2773.259,POST,/api/pipeline,True,,1622,15,200,4
1790489198.361728,1790489201.135682,45138.639021,45141.412974,2773.953,POST,/api/pipeline,True,,1621,16,200,4
1790489198.417547,1790489201.191034,45138.694839,45141.468326,2773.487,POST,/api/pipeline,True,,1622,17,200,4
1790489198.472378,1790489201.244377,45138.74967,45141.52167,2772.0,POST,/api/pipeline,True,,1622,18,200,4
1790489198.523624,1790489201.296624,45138.800917,45141.573917,2773.0,POST,/api/pipeline,True,,1622,19,200,4
1790489198.57862,1790489201.351089,45138.855913,45141.628382,2772.469,POST,/api/pipeline,True,,1621,20,200,4
1790489198.636301,1790489201.409129,45138.913594,45141.686422,2772.828,POST,/api/pipeline,True,,1622,21,200,4
1790489198.690533,1790489201.464453,45138.967825,45141.741745,2773.92,POST,/api/pipeline,True,,1621,22,200,4
1790489198.747679,1790489201.517841,45139.024972,45141.795134,2770.162,POST,/api/pipeline,True,,1619,23,200,4
1790489198.800734,1790489201.577415,45139.078026,45141.854708,2776.681,POST,/api/pipeline,True,,1622,24,200,4
1790489198.859381,1790489201.635189,45139.136673,45141.912481,2775.808,POST,/api/pipeline,True,,1622,25,200,4
1790489198.918271,1790489201.689694,45139.195564,45141.966987,2771.424,POST,/api/pipeline,True,,1621,26,200,4
1790489198.984284,1790489201.75793,45139.261577,45142.035223,2773.646,POST,/api/pipeline,True,,1622,27,200,4
1790489199.041821,1790489201.814647,45139.319114,45142.09194,2772.826,POST,/api/pipeline,True,,1621,28,200,4
1790489199.080742,1790489201.855117,45139.358035,45142.13241,2774.375,POST,/api/pipeline,True,,1621,29,200,4
1790489199.137378,1790489201.908162,45139.41467,45142.185454,2770.784,POST,/api/pipeline,True,,1621,30,200,4
1790489199.190285,1790489201.96247,45139.467578,45142.239763,2772.185,POST,/api/pipeline,True,,1622,31,200,4
1790489199.247197,1790489202.020328,45139.52449,45142.297621,2773.131,POST,/api/pipeline,True,,1622,32,200,4
1790489199.302291,1790489202.074891,45139.579583,45142.352184,2772.6,POST,/api/pipeline,True,,1622,33,200,4
1790489199.356476,1790489202.129247,45139.633768,45142.406539,2772.771,POST,/api/pipeline,True,,1622,34,200,4
1790489199.411058,1790489202.184032,45139.688351,45142.461325,2772.974,POST,/api/pipeline,True,,1622,35,200,4
1790489199.496957,1790489202.271521,45139.77425,45142.548814,2774.564,POST,/api/pipeline,True,,1622,36,200,4
1790489199.518548,1790489202.294203,45139.795841,45142.571496,2775.655,POST,/api/pipeline,True,,1621,37,200,4
1790489199.577622,1790489202.35145,45139.854915,45142.628743,2773.829,POST,/api/pipeline,True,,1621,38,200,4
1790489199.631633,1790489202.40472,45139.908926,45142.682013,2773.087,POST,/api/pipeline,True,,1620,39,200,4
1790489199.68719,1790489202.461895,45139.964483,45142.739188,2774.706,POST,/api/pipeline,True,,1622,40,200,4
1790489199.744772,1790489202.519495,45140.022065,45142.796788,2774.723,POST,/api/pipeline,True,,1621,41,200,4
1790489199.799711,1790489202.575169,45140.077004,45142.852462,2775.458,POST,/api/pipeline,True,,1621,42,200,4
1790489199.857339,1790489202.628723,45140.134632,45142.906015,2771.384,POST,/api/pipeline,True,,1621,43,200,4
1790489199.91065,1790489202.685971,45140.187943,45142.963264,2775.321,POST,/api/pipeline,True,,1622,44,200,4
1790489199.965833,1790489202.744168,45140.243126,45143.021461,2778.335,POST,/api/pipeline,True,,1622,45,200,4
1790489200.018228,1790489202.802074,45140.295521,45143.079367,2783.846,POST,/api/pipeline,True,,1621,46,200,4
1790489200.074029,1790489202.847431,45140.351322,45143.124724,2773.402,POST,/api/pipeline,True,,1622,47,200,4
1790489200.129416,1790489202.901842,45140.406709,45143.179135,2772.426,POST,/api/pipeline,True,,1622,48,200,4
1790489200.183516,1790489202.954229,45140.460809,45143.231522,2770.713,POST,/api/pipeline,True,,1622,49,200,4
1790489200.252352,1790489203.023664,45140.529645,45143.300957,2771.312,POST,/api/pipeline,True,,1620,0,200,4
1790489200.305988,1790489203.078691,45140.583281,45143.355984,2772.703,POST,/api/pipeline,True,,1620,1,200,4
1790489200.363265,1790489203.137407,45140.640558,45143.4147,2774.142,POST,/api/pipeline,True,,1622,2,200,4
1790489200.421363,1790489203.19532,45140.698656,45143.472613,2773.958,POST,/api/pipeline,True,,1621,3,200,4
1790489200.476049,1790489203.249561,45140.753342,45143.526854,2773.512,POST,/api/pipeline,True,,1622,4,200,4
1790489200.538383,1790489203.310445,45140.815676,45143.587737,2772.062,POST,/api/pipeline,True,,1622,5,200,4
1790489200.59618,1790489203.36818,45140.873473,45143.645473,2772.0,POST,/api/pipeline,True,,1622,6,200,4
1790489200.638279,1790489203.411357,45140.915572,45143.68865,2773.077,POST,/api/pipeline,True,,1622,7,200,4
1790489200.693553,1790489203.468419,45140.970846,45143.745712,2774.866,POST,/api/pipeline,True,,1621,8,200,4
1790489200.750411,1790489203.525932,45141.027703,45143.803225,2775.522,POST,/api/pipeline,True,,1621,9,200,4
1790489200.807869,1790489203.579192,45141.085162,45143.856485,2771.323,POST,/api/pipeline,True,,1621,10,200,4
1790489200.861373,1790489203.636908,45141.138665,45143.9142,2775.535,POST,/api/pipeline,True,,1622,11,200,4
1790489200.91872,1790489203.69224,45141.196013,45143.969533,2773.519,POST,/api/pipeline,True,,1621,12,200,4
1790489200.974283,1790489203.747505,45141.251576,45144.024798,2773.222,POST,/api/pipeline,True,,1620,13,200,4
1790489201.027778,1790489203.800071,45141.305071,45144.077364,2772.294,POST,/api/pipeline,True,,1621,14,200,4
1790489201.081431,1790489203.854558,45141.358724,45144.131851,2773.128,POST,/api/pipeline,True,,1622,15,200,4
1790489201.135914,1790489203.913913,45141.413207,45144.191206,2777.999,POST,/api/pipeline,True,,1621,16,200,4
1790489201.191273,1790489203.966034,45141.468566,45144.243327,2774.761,POST,/api/pipeline,True,,1621,17,200,4
1790489201.244595,1790489204.016908,45141.521888,45144.294201,2772.313,POST,/api/pipeline,True,,1622,18,200,4
1790489201.296832,1790489204.070492,45141.574125,45144.347785,2773.66,POST,/api/pipeline,True,,1620,19,200,4
1790489201.351293,1790489204.123989,45141.628586,45144.401282,2772.696,POST,/api/pipeline,True,,1622,20,200,4
1790489201.409412,1790489204.18491,45141.686705,45144.462203,2775.498,POST,/api/pipeline,True,,1621,21,200,4
1790489201.464751,1790489204.241646,45141.742045,45144.518939,2776.894,POST,/api/pipeline,True,,1622,22,200,4
1790489201.518023,1790489204.293292,45141.795316,45144.570585,2775.269,POST,/api/pipeline,True,,1621,23,200,4
1790489201.577668,1790489204.353385,45141.854961,45144.630678,2775.717,POST,/api/pipeline,True,,1622,24,200,4
1790489201.63542,1790489204.407555,45141.912713,45144.684848,2772.135,POST,/api/pipeline,True,,1621,25,200,4
1790489201.689899,1790489204.461083,45141.967192,45144.738376,2771.184,POST,/api/pipeline,True,,1622,26,200,4
1790489201.758169,1790489204.531111,45142.035462,45144.808404,2772.942,POST,/api/pipeline,True,,1622,27,200,4
1790489201.815004,1790489204.588428,45142.092297,45144.86572,2773.423,POST,/api/pipeline,True,,1622,28,200,4
1790489201.855405,1790489204.626513,45142.132697,45144.903806,2771.108,POST,/api/pipeline,True,,1622,29,200,4
1790489201.908386,1790489204.681559,45142.185679,45144.958852,2773.173,POST,/api/pipeline,True,,1622,30,200,4
1790489201.962692,1790489204.733956,45142.239985,45145.011249,2771.264,POST,/api/pipeline,True,,1622,31,200,4
1790489202.020576,1790489204.793436,45142.297869,45145.070729,2772.861,POST,/api/pipeline,True,,1622,32,200,4
1790489202.07514,1790489204.847613,45142.352433,45145.124906,2772.473,POST,/api/pipeline,True,,1622,33,200,4
1790489202.129483,1790489204.904333,45142.406775,45145.181626,2774.85,POST,/api/pipeline,True,,1622,34,200,4
1790489202.184254,1790489204.956644,45142.461547,45145.233937,2772.39,POST,/api/pipeline,True,,1622,35,200,4
1790489202.271769,1790489205.043989,45142.549062,45145.321282,2772.22,POST,/api/pipeline,True,,1621,36,200,4
1790489202.294476,1790489205.068764,45142.571769,45145.346057,2774.288,POST,/api/pipeline,True,,1622,37,200,4
1790489202.351861,1790489205.122825,45142.629154,45145.400118,2770.964,POST,/api/pipeline,True,,1622,38,200,4
1790489202.404959,1790489205.180303,45142.682252,45145.457596,2775.344,POST,/api/pipeline,True,,1621,39,200,4
1790489202.462108,1790489205.234659,45142.739401,45145.511952,2772.551,POST,/api/pipeline,True,,1622,40,200,4
1790489202.519717,1790489205.292697,45142.79701,45145.56999,2772.98,POST,/api/pipeline,True,,1621,41,200,4
1790489202.57543,1790489205.347815,45142.852723,45145.625108,2772.384,POST,/api/pipeline,True,,1622,42,200,4
1790489202.629003,1790489205.405011,45142.906296,45145.682304,2776.008,POST,/api/pipeline,True,,1622,43,200,4
1790489202.686234,1790489205.457808,45142.963527,45145.735101,2771.574,POST,/api/pipeline,True,,1622,44,200,4
1790489202.744429,1790489205.517524,45143.021722,45145.794816,2773.094,POST,/api/pipeline,True,,1620,45,200,4
1790489202.802305,1790489205.576672,45143.079598,45145.853965,2774.367,POST,/api/pipeline,True,,1621,46,200,4
1790489202.847662,1790489205.62084,45143.124955,45145.898133,2773.178,POST,/api/pipeline,True,,1622,47,200,4
1790489202.902114,1790489205.674091,45143.179407,45145.951384,2771.977,POST,/api/pipeline,True,,1620,48,200,4
1790489202.954462,1790489205.727512,45143.231755,45146.004805,2773.05,POST,/api/pipeline,True,,1622,49,200,4
1790489203.023918,1790489205.79744,45143.301211,45146.074733,2773.522,POST,/api/pipeline,True,,1622,0,200,4
1790489203.078971,1790489205.851702,45143.356264,45146.128995,2772.731,POST,/api/pipeline,True,,1621,1,200,4
1790489203.13763,1790489205.910336,45143.414923,45146.187629,2772.706,POST,/api/pipeline,True,,1621,2,200,4
1790489203.195552,1790489205.968747,45143.472845,45146.24604,2773.195,POST,/api/pipeline,True,,1621,3,200,4
1790489203.249791,1790489206.022035,45143.527084,45146.299329,2772.245,POST,/api/pipeline,True,,1622,4,200,4
1790489203.310668,1790489206.080771,45143.587961,45146.358064,2770.103,POST,/api/pipeline,True,,1621,5,200,4
1790489203.368384,1790489206.138534,45143.645677,45146.415827,2770.15,POST,/api/pipeline,True,,1621,6,200,4
1790489203.411606,1790489206.186034,45143.688899,45146.463327,2774.428,POST,/api/pipeline,True,,1622,7,200,4
1790489203.468687,1790489206.241533,45143.74598,45146.518826,2772.845,POST,/api/pipeline,True,,1620,8,200,4
1790489203.526155,1790489206.298418,45143.803448,45146.575711,2772.264,POST,/api/pipeline,True,,1622,9,200,4
1790489203.579413,1790489206.355047,45143.856706,45146.632339,2775.633,POST,/api/pipeline,True,,1622,10,200,4
1790489203.637151,1790489206.409873,45143.914444,45146.687166,2772.722,POST,/api/pipeline,True,,1621,11,200,4
1790489203.692484,1790489206.467114,45143.969777,45146.744407,2774.63,POST,/api/pipeline,True,,1621,12,200,4
1790489203.747779,1790489206.52164,45144.025073,45146.798933,2773.86,POST,/api/pipeline,True,,1621,13,200,4
1790489203.800314,1790489206.573725,45144.077606,45146.851017,2773.411,POST,/api/pipeline,True,,1621,14,200,4
1790489203.854862,1790489206.631252,45144.132155,45146.908545,2776.39,POST,/api/pipeline,True,,1621,15,200,4
1790489203.914136,1790489206.687882,45144.191429,45146.965175,2773.745,POST,/api/pipeline,True,,1621,16,200,4
1790489203.966278,1790489206.739685,45144.243571,45147.016978,2773.407,POST,/api/pipeline,True,,1620,17,200,4
1790489204.017151,1790489206.788597,45144.294444,45147.06589,2771.446,POST,/api/pipeline,True,,1622,18,200,4
1790489204.070728,1790489206.841208,45144.348021,45147.118501,2770.48,POST,/api/pipeline,True,,1622,19,200,4
1790489204.124217,1790489206.894259,45144.40151,45147.171552,2770.042,POST,/api/pipeline,True,,1622,20,200,4
1790489204.185112,1790489206.958189,45144.462406,45147.235482,2773.076,POST,/api/pipeline,True,,1622,21,200,4
1790489204.24187,1790489207.012463,45144.519163,45147.289756,2770.593,POST,/api/pipeline,True,,1621,22,200,4
1790489204.293512,1790489207.070123,45144.570805,45147.347416,2776.611,POST,/api/pipeline,True,,1621,23,200,4
1790489204.353815,1790489207.125576,45144.631108,45147.402869,2771.761,POST,/api/pipeline,True,,1619,24,200,4
1790489204.407777,1790489207.180041,45144.68507,45147.457334,2772.264,POST,/api/pipeline,True,,1622,25,200,4
1790489204.461299,1790489207.235073,45144.738592,45147.512366,2773.774,POST,/api/pipeline,True,,1622,26,200,4
1790489204.531337,1790489207.305962,45144.80863,45147.583255,2774.625,POST,/api/pipeline,True,,1621,27,200,4
1790489204.588665,1790489207.360321,45144.865958,45147.637614,2771.656,POST,/api/pipeline,True,,1622,28,200,4
1790489204.626752,1790489207.399343,45144.904045,45147.676636,2772.591,POST,/api/pipeline,True,,1622,29,200,4
1790489204.68179,1790489207.453646,45144.959083,45147.730939,2771.856,POST,/api/pipeline,True,,1622,30,200,4
1790489204.734176,1790489207.509942,45145.011469,45147.787235,2775.765,POST,/api/pipeline,True,,1622,31,200,4
1790489204.793658,1790489207.566334,45145.070951,45147.843626,2772.675,POST,/api/pipeline,True,,1621,32,200,4
1790489204.84783,1790489207.622199,45145.125123,45147.899492,2774.369,POST,/api/pipeline,True,,1622,33,200,4
1790489204.904554,1790489207.676744,45145.181847,45147.954036,2772.189,POST,/api/pipeline,True,,1622,34,200,4
1790489204.956852,1790489207.72984,45145.234145,45148.007133,2772.988,POST,/api/pipeline,True,,1622,35,200,4
1790489205.044327,1790489207.81898,45145.321619,45148.096273,2774.653,POST,/api/pipeline,True,,1620,36,200,4
1790489205.068986,1790489207.841331,45145.346279,45148.118624,2772.345,POST,/api/pipeline,True,,1621,37,200,4
1790489205.123175,1790489207.89883,45145.400467,45148.176123,2775.655,POST,/api/pipeline,True,,1622,38,200,4
1790489205.180657,1790489207.956678,45145.457949,45148.233971,2776.022,POST,/api/pipeline,True,,1622,39,200,4
1790489205.235056,1790489208.008659,45145.512349,45148.285952,2773.603,POST,/api/pipeline,True,,1621,40,200,4
1790489205.292935,1790489208.069017,45145.570228,45148.346309,2776.082,POST,/api/pipeline,True,,1621,41,200,4
1790489205.348046,1790489208.122313,45145.625339,45148.399605,2774.267,POST,/api/pipeline,True,,1622,42,200,4
1790489205.405322,1790489208.18089,45145.682615,45148.458183,2775.568,POST,/api/pipeline,True,,1621,43,200,4
1790489205.458015,1790489208.232706,45145.735309,45148.509999,2774.691,POST,/api/pipeline,True,,1621,44,200,4
1790489205.51775,1790489208.291348,45145.795043,45148.56864,2773.598,POST,/api/pipeline,True,,1620,45,200,4
1790489205.576908,1790489208.350223,45145.854201,45148.627516,2773.315,POST,/api/pipeline,True,,1620,46,200,4
1790489205.621061,1790489208.392409,45145.898354,45148.669702,2771.348,POST,/api/pipeline,True,,1622,47,200,4
1790489205.674324,1790489208.447453,45145.951616,45148.724746,2773.129,POST,/api/pipeline,True,,1622,48,200,4
1790489205.727757,1790489208.501627,45146.00505,45148.778919,2773.87,POST,/api/pipeline,True,,1622,49,200,4
1790489205.797667,1790489208.571215,45146.07496,45148.848508,2773.548,POST,/api/pipeline,True,,1622,0,200,4
1790489205.851971,1790489208.624399,45146.129264,45148.901692,2772.428,POST,/api/pipeline,True,,1621,1,200,4
1790489205.910572,1790489208.684802,45146.187865,45148.962094,2774.23,POST,/api/pipeline,True,,1622,2,200,4
1790489205.968981,1790489208.740017,45146.246274,45149.01731,2771.036,POST,/api/pipeline,True,,1622,3,200,4
1790489206.022286,1790489208.794524,45146.299579,45149.071817,2772.238,POST,/api/pipeline,True,,1622,4,200,4
1790489206.080982,1790489208.853062,45146.358275,45149.130355,2772.08,POST,/api/pipeline,True,,1619,5,200,4
1790489206.138764,1790489208.910337,45146.416057,45149.18763,2771.573,POST,/api/pipeline,True,,1622,6,200,4
1790489206.18626,1790489208.960107,45146.463553,45149.2374,2773.847,POST,/api/pipeline,True,,1622,7,200,4
1790489206.24175,1790489209.01768,45146.519043,45149.294973,2775.93,POST,/api/pipeline,True,,1620,8,200,4
1790489206.29864,1790489209.072784,45146.575933,45149.350077,2774.144,POST,/api/pipeline,True,,1622,9,200,4
1790489206.355308,1790489209.131885,45146.6326,45149.409177,2776.577,POST,/api/pipeline,True,,1622,10,200,4
1790489206.410114,1790489209.183321,45146.687407,45149.460614,2773.206,POST,/api/pipeline,True,,1622,11,200,4
1790489206.467366,1790489209.242254,45146.744659,45149.519547,2774.888,POST,/api/pipeline,True,,1622,12,200,4
1790489206.521896,1790489209.293494,45146.799189,45149.570787,2771.598,POST,/api/pipeline,True,,1621,13,200,4
1790489206.573976,1790489209.348725,45146.851269,45149.626018,2774.749,POST,/api/pipeline,True,,1621,14,200,4
1790489206.631476,1790489209.407175,45146.908769,45149.684468,2775.699,POST,/api/pipeline,True,,1621,15,200,4
1790489206.688102,1790489209.459731,45146.965395,45149.737024,2771.629,POST,/api/pipeline,True,,1620,16,200,4
1790489206.739926,1790489209.514313,45147.017219,45149.791606,2774.387,POST,/api/pipeline,True,,1622,17,200,4
1790489206.78882,1790489209.559891,45147.066113,45149.837183,2771.07,POST,/api/pipeline,True,,1621,18,200,4
1790489206.841436,1790489209.615546,45147.118729,45149.892839,2774.11,POST,/api/pipeline,True,,1620,19,200,4
1790489206.894464,1790489209.666305,45147.171757,45149.943597,2771.84,POST,/api/pipeline,True,,1621,20,200,4
1790489206.9584,1790489209.730971,45147.235693,45150.008264,2772.571,POST,/api/pipeline,True,,1622,21,200,4
1790489207.012697,1790489209.787538,45147.28999,45150.064831,2774.84,POST,/api/pipeline,True,,1622,22,200,4
1790489207.070366,1790489209.845367,45147.347659,45150.12266,2775.001,POST,/api/pipeline,True,,1622,23,200,4
1790489207.125803,1790489209.898138,45147.403096,45150.175431,2772.335,POST,/api/pipeline,True,,1621,24,200,4
1790489207.180277,1790489209.956111,45147.45757,45150.233404,2775.834,POST,/api/pipeline,True,,1622,25,200,4
1790489207.235354,1790489210.007602,45147.512647,45150.284895,2772.248,POST,/api/pipeline,True,,1621,26,200,4
1790489207.30619,1790489210.079718,45147.583483,45150.357011,2773.527,POST,/api/pipeline,True,,1621,27,200,4
1790489207.360571,1790489210.131427,45147.637864,45150.40872,2770.856,POST,/api/pipeline,True,,1621,28,200,4
1790489207.399598,1790489210.172297,45147.676891,45150.449589,2772.698,POST,/api/pipeline,True,,1621,29,200,4
1790489207.453882,1790489210.226056,45147.731175,45150.503349,2772.174,POST,/api/pipeline,True,,1621,30,200,4
1790489207.51017,1790489210.284719,45147.787462,45150.562012,2774.549,POST,/api/pipeline,True,,1621,31,200,4
1790489207.56657,1790489210.343613,45147.843862,45150.620906,2777.043,POST,/api/pipeline,True,,1622,32,200,4
1790489207.622419,1790489210.394298,45147.899713,45150.671591,2771.879,POST,/api/pipeline,True,,1621,33,200,4
1790489207.676969,1790489210.448005,45147.954262,45150.725298,2771.036,POST,/api/pipeline,True,,1622,34,200,4
1790489207.730066,1790489210.503431,45148.007359,45150.780724,2773.364,POST,/api/pipeline,True,,1622,35,200,4
1790489207.819247,1790489210.59148,45148.09654,45150.868774,2772.234,POST,/api/pipeline,True,,1622,36,200,4
1790489207.841548,1790489210.614289,45148.118841,45150.891582,2772.741,POST,/api/pipeline,True,,1622,37,200,4
1790489207.899058,1790489210.672812,45148.176351,45150.950105,2773.754,POST,/api/pipeline,True,,1622,38,200,4
1790489207.957045,1790489210.730847,45148.234338,45151.00814,2773.802,POST,/api/pipeline,True,,1622,39,200,4
1790489208.008906,1790489210.786527,45148.286199,45151.06382,2777.621,POST,/api/pipeline,True,,1621,40,200,4
1790489208.069287,1790489210.840799,45148.34658,45151.118092,2771.512,POST,/api/pipeline,True,,1622,41,200,4
1790489208.122534,1790489210.899298,45148.399827,45151.176591,2776.764,POST,/api/pipeline,True,,1622,42,200,4
1790489208.181125,1790489210.953383,45148.458418,45151.230676,2772.258,POST,/api/pipeline,True,,1621,43,200,4
1790489208.232929,1790489211.007161,45148.510222,45151.284454,2774.232,POST,/api/pipeline,True,,1621,44,200,4
1790489208.291617,1790489211.066247,45148.56891,45151.34354,2774.63,POST,/api/pipeline,True,,1621,45,200,4
1790489208.350451,1790489211.124335,45148.627744,45151.401628,2773.884,POST,/api/pipeline,True,,1621,46,200,4
1790489208.392638,1790489211.165129,45148.669931,45151.442422,2772.491,POST,/api/pipeline,True,,1622,47,200,4
1790489208.44771,1790489211.221871,45148.725002,45151.499164,2774.161,POST,/api/pipeline,True,,1621,48,200,4
1790489208.501891,1790489211.272645,45148.779184,45151.549938,2770.753,POST,/api/pipeline,True,,1622,49,200,4
1790489208.571534,1790489211.342826,45148.848827,45151.620119,2771.292,POST,/api/pipeline,True,,1622,0,200,4
1790489208.624606,1790489211.397218,45148.901899,45151.674512,2772.613,POST,/api/pipeline,True,,1621,1,200,4
1790489208.68506,1790489211.457251,45148.962353,45151.734544,2772.191,POST,/api/pipeline,True,,1621,2,200,4
1790489208.740259,1790489211.512849,45149.017552,45151.790142,2772.59,POST,/api/pipeline,True,,1622,3,200,4
1790489208.794754,1790489211.567347,45149.072047,45151.84464,2772.592,POST,/api/pipeline,True,,1622,4,200,4
1790489208.853275,1790489211.626228,45149.130568,45151.903521,2772.953,POST,/api/pipeline,True,,1621,5,200,4
1790489208.910546,1790489211.683439,45149.187839,45151.960732,2772.893,POST,/api/pipeline,True,,1622,6,200,4
1790489208.960325,1790489211.734941,45149.237618,45152.012234,2774.616,POST,/api/pipeline,True,,1622,7,200,4
1790489209.017907,1790489211.791558,45149.2952,45152.068851,2773.651,POST,/api/pipeline,True,,1621,8,200,4
1790489209.073015,1790489211.849211,45149.350308,45152.126504,2776.196,POST,/api/pipeline,True,,1621,9,200,4
1790489209.132168,1790489211.903897,45149.409461,45152.18119,2771.729,POST,/api/pipeline,True,,1622,10,200,4
1790489209.183583,1790489211.958369,45149.460876,45152.235662,2774.786,POST,/api/pipeline,True,,1622,11,200,4
1790489209.242494,1790489212.015475,45149.519787,45152.292768,2772.981,POST,/api/pipeline,True,,1620,12,200,4
1790489209.293766,1790489212.068774,45149.571059,45152.346066,2775.008,POST,/api/pipeline,True,,1622,13,200,4
1790489209.348961,1790489212.124305,45149.626254,45152.401598,2775.344,POST,/api/pipeline,True,,1622,14,200,4
1790489209.407414,1790489212.179184,45149.684707,45152.456477,2771.77,POST,/api/pipeline,True,,1621,15,200,4
1790489209.459955,1790489212.233162,45149.737248,45152.510455,2773.207,POST,/api/pipeline,True,,1622,16,200,4
1790489209.51454,1790489212.28551,45149.791833,45152.562803,2770.97,POST,/api/pipeline,True,,1621,17,200,4
1790489209.560103,1790489212.331305,45149.837396,45152.608597,2771.201,POST,/api/pipeline,True,,1621,18,200,4
1790489209.61591,1790489212.386899,45149.893202,45152.664192,2770.99,POST,/api/pipeline,True,,1621,19,200,4
1790489209.666734,1790489212.439974,45149.944027,45152.717267,2773.239,POST,/api/pipeline,True,,1620,20,200,4
1790489209.731193,1790489212.505244,45150.008486,45152.782537,2774.051,POST,/api/pipeline,True,,1620,21,200,4
1790489209.787936,1790489212.5646,45150.065229,45152.841893,2776.664,POST,/api/pipeline,True,,1622,22,200,4
1790489209.845596,1790489212.616426,45150.122889,45152.893719,2770.829,POST,/api/pipeline,True,,1621,23,200,4
1790489209.898356,1790489212.671982,45150.175649,45152.949275,2773.626,POST,/api/pipeline,True,,1622,24,200,4
1790489209.956334,1790489212.729605,45150.233627,45153.006898,2773.271,POST,/api/pipeline,True,,1622,25,200,4
1790489210.007842,1790489212.781066,45150.285135,45153.05836,2773.224,POST,/api/pipeline,True,,1622,26,200,4
1790489210.079932,1790489212.852699,45150.357225,45153.129992,2772.767,POST,/api/pipeline,True,,1620,27,200,4
1790489210.131638,1790489212.904388,45150.408931,45153.181681,2772.75,POST,/api/pipeline,True,,1621,28,200,4
1790489210.172537,1790489212.945983,45150.44983,45153.223276,2773.446,POST,/api/pipeline,True,,1621,29,200,4
1790489210.226334,1790489213.001442,45150.503627,45153.278735,2775.108,POST,/api/pipeline,True,,1622,30,200,4
1790489210.284989,1790489213.060709,45150.562282,45153.338002,2775.721,POST,/api/pipeline,True,,1622,31,200,4
1790489210.343891,1790489213.12295,45150.621183,45153.400243,2779.06,POST,/api/pipeline,True,,1621,32,200,4
1790489210.394533,1790489213.167511,45150.671826,45153.444805,2772.979,POST,/api/pipeline,True,,1621,33,200,4
1790489210.448213,1790489213.222322,45150.725506,45153.499614,2774.109,POST,/api/pipeline,True,,1621,34,200,4
1790489210.50367,1790489213.275263,45150.780963,45153.552556,2771.593,POST,/api/pipeline,True,,1621,35,200,4
1790489210.591695,1790489213.363941,45150.868987,45153.641233,2772.246,POST,/api/pipeline,True,,1622,36,200,4
1790489210.614495,1790489213.387759,45150.891788,45153.665052,2773.264,POST,/api/pipeline,True,,1622,37,200,4
1790489210.673032,1790489213.446189,45150.950324,45153.723482,2773.157,POST,/api/pipeline,True,,1621,38,200,4
1790489210.7311,1790489213.504474,45151.008392,45153.781767,2773.374,POST,/api/pipeline,True,,1622,39,200,4
1790489210.786752,1790489213.560423,45151.064045,45153.837716,2773.671,POST,/api/pipeline,True,,1622,40,200,4
1790489210.841045,1790489213.616544,45151.118338,45153.893837,2775.499,POST,/api/pipeline,True,,1621,41,200,4
1790489210.89953,1790489213.671558,45151.176823,45153.948851,2772.028,POST,/api/pipeline,True,,1621,42,200,4
1790489210.953606,1790489213.725193,45151.230899,45154.002486,2771.587,POST,/api/pipeline,True,,1621,43,200,4
1790489211.007415,1790489213.780528,45151.284708,45154.057821,2773.113,POST,/api/pipeline,True,,1622,44,200,4
1790489211.066469,1790489213.838589,45151.343762,45154.115882,2772.12,POST,/api/pipeline,True,,1622,45,200,4
1790489211.124563,1790489213.896769,45151.401856,45154.174062,2772.205,POST,/api/pipeline,True,,1622,46,200,4
1790489211.165345,1790489213.938647,45151.442638,45154.21594,2773.302,POST,/api/pipeline,True,,1622,47,200,4
1790489211.222185,1790489213.994016,45151.499478,45154.271309,2771.831,POST,/api/pipeline,True,,1622,48,200,4
1790489211.272862,1790489214.045401,45151.550155,45154.322694,2772.538,POST,/api/pipeline,True,,1621,49,200,4
1790489211.343094,1790489214.115769,45151.620387,45154.393062,2772.676,POST,/api/pipeline,True,,1621,0,200,4
1790489211.397554,1790489214.170499,45151.674847,45154.447791,2772.944,POST,/api/pipeline,True,,1621,1,200,4
1790489211.457468,1790489214.229861,45151.734761,45154.507154,2772.392,POST,/api/pipeline,True,,1620,2,200,4
1790489211.513077,1790489214.287097,45151.79037,45154.56439,2774.02,POST,/api/pipeline,True,,1621,3,200,4
1790489211.567582,1790489214.34201,45151.844875,45154.619303,2774.428,POST,/api/pipeline,True,,1621,4,200,4
1790489211.626448,1790489214.400105,45151.90374,45154.677398,2773.658,POST,/api/pipeline,True,,1622,5,200,4
1790489211.683647,1790489214.457973,45151.96094,45154.735266,2774.326,POST,/api/pipeline,True,,1622,6,200,4
1790489211.735209,1790489214.510415,45152.012502,45154.787708,2775.206,POST,/api/pipeline,True,,1621,7,200,4
1790489211.79179,1790489214.564713,45152.069083,45154.842006,2772.923,POST,/api/pipeline,True,,1622,8,200,4
1790489211.8495,1790489214.623426,45152.126794,45154.900719,2773.926,POST,/api/pipeline,True,,1622,9,200,4
1790489211.904084,1790489214.675126,45152.181377,45154.952419,2771.042,POST,/api/pipeline,True,,1622,10,200,4
1790489211.958601,1790489214.732172,45152.235893,45155.009464,2773.571,POST,/api/pipeline,True,,1621,11,200,4
1790489212.015747,1790489214.785712,45152.29304,45155.063005,2769.965,POST,/api/pipeline,True,,1622,12,200,4
1790489212.06907,1790489214.844646,45152.346363,45155.121939,2775.576,POST,/api/pipeline,True,,1622,13,200,4
1790489212.124629,1790489214.898865,45152.401922,45155.176158,2774.236,POST,/api/pipeline,True,,1621,14,200,4
1790489212.179425,1790489214.951406,45152.456718,45155.228699,2771.981,POST,/api/pipeline,True,,1622,15,200,4
1790489212.233397,1790489215.005467,45152.510689,45155.28276,2772.071,POST,/api/pipeline,True,,1622,16,200,4
1790489212.285732,1790489215.058865,45152.563025,45155.336158,2773.134,POST,/api/pipeline,True,,1621,17,200,4
1790489212.331528,1790489215.105378,45152.608822,45155.382671,2773.849,POST,/api/pipeline,True,,1621,18,200,4
1790489212.387172,1790489215.158702,45152.664464,45155.435995,2771.531,POST,/api/pipeline,True,,1621,19,200,4
1790489212.4402,1790489215.212522,45152.717493,45155.489815,2772.322,POST,/api/pipeline,True,,1622,20,200,4
1790489212.505476,1790489215.280524,45152.782769,45155.557817,2775.048,POST,/api/pipeline,True,,1621,21,200,4
1790489212.564849,1790489215.335584,45152.842143,45155.612877,2770.735,POST,/api/pipeline,True,,1620,22,200,4
1790489212.616646,1790489215.389567,45152.893939,45155.66686,2772.921,POST,/api/pipeline,True,,1621,23,200,4
1790489212.672195,1790489215.446639,45152.949488,45155.723932,2774.444,POST,/api/pipeline,True,,1622,24,200,4
1790489212.729841,1790489215.500971,45153.007134,45155.778264,2771.13,POST,/api/pipeline,True,,1622,25,200,4
1790489212.78129,1790489215.555016,45153.058583,45155.832309,2773.726,POST,/api/pipeline,True,,1622,26,200,4
1790489212.852918,1790489215.625266,45153.130211,45155.902559,2772.348,POST,/api/pipeline,True,,1621,27,200,4
1790489212.904616,1790489215.679356,45153.181909,45155.956649,2774.74,POST,/api/pipeline,True,,1621,28,200,4
1790489212.94622,1790489215.720787,45153.223513,45155.99808,2774.566,POST,/api/pipeline,True,,1621,29,200,4
1790489213.001749,1790489215.774348,45153.279042,45156.051642,2772.6,POST,/api/pipeline,True,,1621,30,200,4
1790489213.060932,1790489215.84955,45153.338225,45156.126843,2788.617,POST,/api/pipeline,True,,1621,31,200,4
1790489213.123175,1790489215.898379,45153.400468,45156.175672,2775.204,POST,/api/pipeline,True,,1622,32,200,4
1790489213.167731,1790489215.940142,45153.445023,45156.217434,2772.411,POST,/api/pipeline,True,,1621,33,200,4
1790489213.222542,1790489215.99387,45153.499835,45156.271163,2771.328,POST,/api/pipeline,True,,1621,34,200,4
1790489213.275521,1790489216.048559,45153.552814,45156.325852,2773.038,POST,/api/pipeline,True,,1619,35,200,4
1790489213.364166,1790489216.137499,45153.641459,45156.414792,2773.333,POST,/api/pipeline,True,,1622,36,200,4
1790489213.387997,1790489216.160642,45153.66529,45156.437935,2772.645,POST,/api/pipeline,True,,1622,37,200,4
1790489213.446502,1790489216.218857,45153.723795,45156.49615,2772.355,POST,/api/pipeline,True,,1622,38,200,4
1790489213.504689,1790489216.277059,45153.781982,45156.554352,2772.369,POST,/api/pipeline,True,,1621,39,200,4
1790489213.560643,1790489216.334977,45153.837936,45156.61227,2774.333,POST,/api/pipeline,True,,1622,40,200,4
1790489213.616759,1790489216.38999,45153.894052,45156.667283,2773.231,POST,/api/pipeline,True,,1621,41,200,4
1790489213.671777,1790489216.443435,45153.94907,45156.720728,2771.658,POST,/api/pipeline,True,,1622,42,200,4
1790489213.725395,1790489216.498364,45154.002688,45156.775657,2772.969,POST,/api/pipeline,True,,1622,43,200,4
1790489213.780759,1790489216.55345,45154.058052,45156.830743,2772.691,POST,/api/pipeline,True,,1620,44,200,4
1790489213.838884,1790489216.610956,45154.116177,45156.888249,2772.072,POST,/api/pipeline,True,,1621,45,200,4
1790489213.897015,1790489216.669939,45154.174308,45156.947232,2772.924,POST,/api/pipeline,True,,1622,46,200,4
1790489213.938976,1790489216.712659,45154.216269,45156.989952,2773.683,POST,/api/pipeline,True,,1622,47,200,4
1790489213.994252,1790489216.766069,45154.271545,45157.043362,2771.817,POST,/api/pipeline,True,,1622,48,200,4
1790489214.04568,1790489216.819262,45154.322973,45157.096555,2773.582,POST,/api/pipeline,True,,1621,49,200,4
1790489214.11599,1790489216.889133,45154.393283,45157.166426,2773.143,POST,/api/pipeline,True,,1622,0,200,4
1790489214.170738,1790489216.943434,45154.448031,45157.220727,2772.696,POST,/api/pipeline,True,,1622,1,200,4
1790489214.230074,1790489217.00333,45154.507367,45157.280623,2773.256,POST,/api/pipeline,True,,1622,2,200,4
1790489214.287316,1790489217.060739,45154.564609,45157.338032,2773.423,POST,/api/pipeline,True,,1622,3,200,4
1790489214.342249,1790489217.116699,45154.619541,45157.393992,2774.451,POST,/api/pipeline,True,,1622,4,200,4
1790489214.400325,1790489217.176882,45154.677618,45157.454175,2776.556,POST,/api/pipeline,True,,1622,5,200,4
1790489214.458199,1790489217.230554,45154.735492,45157.507846,2772.355,POST,/api/pipeline,True,,1620,6,200,4
1790489214.510654,1790489217.283341,45154.787947,45157.560634,2772.686,POST,/api/pipeline,True,,1622,7,200,4
1790489214.564932,1790489217.339047,45154.842225,45157.61634,2774.115,POST,/api/pipeline,True,,1620,8,200,4
1790489214.623719,1790489217.396597,45154.901012,45157.67389,2772.878,POST,/api/pipeline,True,,1620,9,200,4
1790489214.67531,1790489217.449287,45154.952603,45157.72658,2773.977,POST,/api/pipeline,True,,1622,10,200,4
1790489214.732422,1790489217.50504,45155.009715,45157.782333,2772.618,POST,/api/pipeline,True,,1622,11,200,4
1790489214.785893,1790489217.560783,45155.063186,45157.838076,2774.889,POST,/api/pipeline,True,,1621,12,200,4
1790489214.844858,1790489217.618659,45155.122151,45157.895952,2773.801,POST,/api/pipeline,True,,1622,13,200,4
1790489214.89913,1790489217.671672,45155.176423,45157.948965,2772.542,POST,/api/pipeline,True,,1622,14,200,4
1790489214.951638,1790489217.724223,45155.228931,45158.001516,2772.586,POST,/api/pipeline,True,,1622,15,200,4
1790489215.005744,1790489217.77702,45155.283037,45158.054312,2771.276,POST,/api/pipeline,True,,1622,16,200,4
1790489215.059095,1790489217.832351,45155.336388,45158.109644,2773.256,POST,/api/pipeline,True,,1622,17,200,4
1790489215.1056,1790489217.877455,45155.382893,45158.154748,2771.856,POST,/api/pipeline,True,,1621,18,200,4
1790489215.159011,1790489217.929976,45155.436304,45158.20727,2770.966,POST,/api/pipeline,True,,1619,19,200,4
1790489215.21278,1790489217.984504,45155.490072,45158.261797,2771.724,POST,/api/pipeline,True,,1622,20,200,4
1790489215.280747,1790489218.053623,45155.55804,45158.330916,2772.876,POST,/api/pipeline,True,,1622,21,200,4
1790489215.33581,1790489218.107567,45155.613103,45158.38486,2771.757,POST,/api/pipeline,True,,1621,22,200,4
1790489215.389793,1790489218.16511,45155.667086,45158.442403,2775.317,POST,/api/pipeline,True,,1622,23,200,4
1790489215.446967,1790489218.219741,45155.72426,45158.497033,2772.774,POST,/api/pipeline,True,,1622,24,200,4
1790489215.501216,1790489218.273733,45155.778509,45158.551026,2772.517,POST,/api/pipeline,True,,1622,25,200,4
1790489215.555273,1790489218.327039,45155.832565,45158.604331,2771.766,POST,/api/pipeline,True,,1622,26,200,4
1790489215.625495,1790489218.39778,45155.902788,45158.675073,2772.285,POST,/api/pipeline,True,,1622,27,200,4
1790489215.679608,1790489218.454341,45155.956901,45158.731634,2774.733,POST,/api/pipeline,True,,1622,28,200,4
1790489215.721029,1790489218.49236,45155.998322,45158.769654,2771.331,POST,/api/pipeline,True,,1620,29,200,4
1790489215.774588,1790489218.547255,45156.051881,45158.824548,2772.667,POST,/api/pipeline,True,,1622,30,200,4
1790489215.849787,1790489218.621765,45156.12708,45158.899058,2771.978,POST,/api/pipeline,True,,1621,31,200,4
1790489215.898615,1790489218.671365,45156.175908,45158.948658,2772.75,POST,/api/pipeline,True,,1620,32,200,4
1790489215.940372,1790489218.712317,45156.217665,45158.98961,2771.945,POST,/api/pipeline,True,,1622,33,200,4
1790489215.99411,1790489218.770682,45156.271403,45159.047975,2776.572,POST,/api/pipeline,True,,1620,34,200,4
1790489216.048818,1790489218.821918,45156.326111,45159.09921,2773.1,POST,/api/pipeline,True,,1622,35,200,4
1790489216.137734,1790489218.910035,45156.415027,45159.187328,2772.301,POST,/api/pipeline,True,,1620,36,200,4
1790489216.160842,1790489218.933053,45156.438135,45159.210346,2772.211,POST,/api/pipeline,True,,1621,37,200,4
1790489216.219105,1790489218.990279,45156.496398,45159.267572,2771.174,POST,/api/pipeline,True,,1622,38,200,4
1790489216.277268,1790489219.050616,45156.554561,45159.327909,2773.348,POST,/api/pipeline,True,,1622,39,200,4
1790489216.335208,1790489219.10797,45156.612501,45159.385263,2772.762,POST,/api/pipeline,True,,1621,40,200,4
1790489216.390223,1790489219.161835,45156.667516,45159.439128,2771.613,POST,/api/pipeline,True,,1622,41,200,4
1790489216.443686,1790489219.216611,45156.720979,45159.493904,2772.925,POST,/api/pipeline,True,,1622,42,200,4
1790489216.498596,1790489219.273911,45156.775889,45159.551204,2775.315,POST,/api/pipeline,True,,1621,43,200,4
1790489216.553692,1790489219.327135,45156.830985,45159.604428,2773.443,POST,/api/pipeline,True,,1622,44,200,4
1790489216.611212,1790489219.385958,45156.888505,45159.663251,2774.747,POST,/api/pipeline,True,,1622,45,200,4
1790489216.670189,1790489219.443973,45156.947482,45159.721266,2773.783,POST,/api/pipeline,True,,1619,46,200,4
1790489216.71289,1790489219.484739,45156.990183,45159.762032,2771.849,POST,/api/pipeline,True,,1622,47,200,4
1790489216.766302,1790489219.537992,45157.043595,45159.815285,2771.69,POST,/api/pipeline,True,,1622,48,200,4
1790489216.819631,1790489219.59083,45157.096924,45159.868122,2771.198,POST,/api/pipeline,True,,1622,49,200,4
1790489216.889399,1790489219.662965,45157.166692,45159.940258,2773.566,POST,/api/pipeline,True,,1622,0,200,4
1790489216.943625,1790489219.716038,45157.220918,45159.993331,2772.414,POST,/api/pipeline,True,,1622,1,200,4
1790489217.003573,1790489219.776533,45157.280866,45160.053826,2772.961,POST,/api/pipeline,True,,1622,2,200,4
1790489217.060968,1790489219.834208,45157.338261,45160.111501,2773.24,POST,/api/pipeline,True,,1622,3,200,4
1790489217.116936,1790489219.892776,45157.394229,45160.170068,2775.839,POST,/api/pipeline,True,,1621,4,200,4
1790489217.177111,1790489219.948947,45157.454404,45160.22624,2771.836,POST,/api/pipeline,True,,1621,5,200,4
1790489217.2309,1790489220.004174,45157.508193,45160.281467,2773.274,POST,/api/pipeline,True,,1622,6,200,4
1790489217.283555,1790489220.055934,45157.560848,45160.333227,2772.379,POST,/api/pipeline,True,,1621,7,200,4
1790489217.339266,1790489220.112257,45157.616559,45160.38955,2772.991,POST,/api/pipeline,True,,1621,8,200,4
1790489217.396823,1790489220.169975,45157.674116,45160.447268,2773.152,POST,/api/pipeline,True,,1622,9,200,4
1790489217.449526,1790489220.223455,45157.726819,45160.500747,2773.928,POST,/api/pipeline,True,,1622,10,200,4
1790489217.505275,1790489220.281462,45157.782568,45160.558755,2776.187,POST,/api/pipeline,True,,1621,11,200,4
1790489217.561042,1790489220.336023,45157.838335,45160.613316,2774.981,POST,/api/pipeline,True,,1622,12,200,4
1790489217.619044,1790489220.389927,45157.896337,45160.66722,2770.883,POST,/api/pipeline,True,,1622,13,200,4
1790489217.671943,1790489220.44764,45157.949236,45160.724933,2775.697,POST,/api/pipeline,True,,1620,14,200,4
1790489217.724483,1790489220.498203,45158.001777,45160.775496,2773.72,POST,/api/pipeline,True,,1621,15,200,4
1790489217.777267,1790489220.550526,45158.054559,45160.827819,2773.26,POST,/api/pipeline,True,,1621,16,200,4
1790489217.832579,1790489220.605741,45158.109872,45160.883034,2773.162,POST,/api/pipeline,True,,1622,17,200,4
1790489217.877663,1790489220.648582,45158.154956,45160.925875,2770.919,POST,/api/pipeline,True,,1621,18,200,4
1790489217.930193,1790489220.705007,45158.207486,45160.9823,2774.814,POST,/api/pipeline,True,,1621,19,200,4
1790489217.984925,1790489220.758874,45158.262218,45161.036167,2773.949,POST,/api/pipeline,True,,1621,20,200,4
1790489218.053867,1790489220.825439,45158.33116,45161.102733,2771.572,POST,/api/pipeline,True,,1622,21,200,4
1790489218.107814,1790489220.883271,45158.385107,45161.160564,2775.457,POST,/api/pipeline,True,,1621,22,200,4
1790489218.165341,1790489220.938581,45158.442634,45161.215874,2773.239,POST,/api/pipeline,True,,1622,23,200,4
1790489218.220002,1790489220.991272,45158.497295,45161.268565,2771.27,POST,/api/pipeline,True,,1622,24,200,4
1790489218.273956,1790489221.046266,45158.551248,45161.323559,2772.311,POST,/api/pipeline,True,,1622,25,200,4
1790489218.32726,1790489221.103503,45158.604553,45161.380796,2776.242,POST,/api/pipeline,True,,1622,26,200,4
1790489218.397996,1790489221.170957,45158.675289,45161.44825,2772.961,POST,/api/pipeline,True,,1621,27,200,4
1790489218.454612,1790489221.229064,45158.731905,45161.506357,2774.452,POST,/api/pipeline,True,,1621,28,200,4
1790489218.492625,1790489221.26566,45158.769918,45161.542953,2773.035,POST,/api/pipeline,True,,1622,29,200,4
1790489218.547495,1790489221.320126,45158.824788,45161.597419,2772.631,POST,/api/pipeline,True,,1622,30,200,4
1790489218.622016,1790489221.395792,45158.899309,45161.673085,2773.776,POST,/api/pipeline,True,,1621,31,200,4
1790489218.671591,1790489221.444757,45158.948884,45161.72205,2773.166,POST,/api/pipeline,True,,1621,32,200,4
1790489218.712582,1790489221.486004,45158.989875,45161.763297,2773.422,POST,/api/pipeline,True,,1621,33,200,4
1790489218.771185,1790489221.543199,45159.048478,45161.820492,2772.014,POST,/api/pipeline,True,,1622,34,200,4
1790489218.822134,1790489221.596105,45159.099427,45161.873398,2773.971,POST,/api/pipeline,True,,1619,35,200,4
1790489218.910269,1790489221.683311,45159.187562,45161.960604,2773.042,POST,/api/pipeline,True,,1622,36,200,4
1790489218.933236,1790489221.705062,45159.210529,45161.982355,2771.826,POST,/api/pipeline,True,,1622,37,200,4
1790489218.990507,1790489221.76416,45159.2678,45162.041453,2773.652,POST,/api/pipeline,True,,1620,38,200,4
1790489219.050948,1790489221.822114,45159.328241,45162.099407,2771.166,POST,/api/pipeline,True,,1621,39,200,4
1790489219.108194,1790489221.880534,45159.385487,45162.157827,2772.34,POST,/api/pipeline,True,,1622,40,200,4
1790489219.162081,1790489221.938036,45159.439375,45162.215329,2775.954,POST,/api/pipeline,True,,1621,41,200,4
1790489219.217055,1790489221.990916,45159.494348,45162.268208,2773.86,POST,/api/pipeline,True,,1620,42,200,4
1790489219.274121,1790489222.047337,45159.551413,45162.32463,2773.217,POST,/api/pipeline,True,,1622,43,200,4
1790489219.327367,1790489222.102682,45159.60466,45162.379975,2775.314,POST,/api/pipeline,True,,1622,44,200,4
1790489219.386214,1790489222.159404,45159.663507,45162.436697,2773.19,POST,/api/pipeline,True,,1622,45,200,4
1790489219.444192,1790489222.216188,45159.721485,45162.493481,2771.996,POST,/api/pipeline,True,,1621,46,200,4
1790489219.484973,1790489222.255926,45159.762266,45162.533219,2770.953,POST,/api/pipeline,True,,1621,47,200,4
1790489219.538218,1790489222.313814,45159.815511,45162.591107,2775.596,POST,/api/pipeline,True,,1621,48,200,4
1790489219.59111,1790489222.36545,45159.868403,45162.642743,2774.34,POST,/api/pipeline,True,,1622,49,200,4
1790489219.663206,1790489222.434247,45159.940499,45162.71154,2771.041,POST,/api/pipeline,True,,1622,0,200,4
1790489219.716228,1790489222.488984,45159.993521,45162.766277,2772.756,POST,/api/pipeline,True,,1621,1,200,4
1790489219.776749,1790489222.546659,45160.054042,45162.823952,2769.91,POST,/api/pipeline,True,,1621,2,200,4
1790489219.834502,1790489222.605467,45160.111795,45162.88276,2770.965,POST,/api/pipeline,True,,1622,3,200,4
1790489219.892988,1790489222.664176,45160.170281,45162.941469,2771.189,POST,/api/pipeline,True,,1621,4,200,4
1790489219.949211,1790489222.721875,45160.226504,45162.999169,2772.664,POST,/api/pipeline,True,,1622,5,200,4
1790489220.004462,1790489222.779363,45160.281755,45163.056655,2774.901,POST,/api/pipeline,True,,1622,6,200,4
1790489220.056144,1790489222.830167,45160.333437,45163.10746,2774.023,POST,/api/pipeline,True,,1621,7,200,4
1790489220.112474,1790489222.886636,45160.389767,45163.163929,2774.162,POST,/api/pipeline,True,,1621,8,200,4
1790489220.170205,1790489222.941413,45160.447498,45163.218706,2771.208,POST,/api/pipeline,True,,1622,9,200,4
1790489220.223695,1790489223.000062,45160.500988,45163.277355,2776.367,POST,/api/pipeline,True,,1621,10,200,4
1790489220.281698,1790489223.053064,45160.55899,45163.330357,2771.366,POST,/api/pipeline,True,,1622,11,200,4
1790489220.336291,1790489223.107953,45160.613584,45163.385246,2771.662,POST,/api/pipeline,True,,1622,12,200,4
1790489220.390156,1790489223.166589,45160.667449,45163.443882,2776.433,POST,/api/pipeline,True,,1622,13,200,4
1790489220.447871,1790489223.219526,45160.725164,45163.496818,2771.654,POST,/api/pipeline,True,,1621,14,200,4
1790489220.498436,1790489223.271775,45160.775729,45163.549068,2773.339,POST,/api/pipeline,True,,1622,15,200,4
1790489220.550984,1790489223.325403,45160.828277,45163.602696,2774.419,POST,/api/pipeline,True,,1620,16,200,4
1790489220.605993,1790489223.380894,45160.883286,45163.658187,2774.901,POST,/api/pipeline,True,,1622,17,200,4
1790489220.648822,1790489223.422298,45160.926115,45163.699591,2773.476,POST,/api/pipeline,True,,1622,18,200,4
1790489220.705241,1790489223.479448,45160.982534,45163.75674,2774.206,POST,/api/pipeline,True,,1621,19,200,4
1790489220.759125,1790489223.532577,45161.036419,45163.80987,2773.451,POST,/api/pipeline,True,,1619,20,200,4
1790489220.825783,1790489223.598839,45161.103076,45163.876131,2773.056,POST,/api/pipeline,True,,1622,21,200,4
1790489220.883539,1790489223.656204,45161.160832,45163.933497,2772.665,POST,/api/pipeline,True,,1620,22,200,4
1790489220.938941,1790489223.713557,45161.216234,45163.99085,2774.616,POST,/api/pipeline,True,,1621,23,200,4
1790489220.991478,1790489223.76549,45161.268771,45164.042783,2774.012,POST,/api/pipeline,True,,1622,24,200,4
1790489221.046525,1790489223.820194,45161.323818,45164.097487,2773.668,POST,/api/pipeline,True,,1621,25,200,4
1790489221.103721,1790489223.877264,45161.381013,45164.154557,2773.543,POST,/api/pipeline,True,,1622,26,200,4
1790489221.171379,1790489223.945791,45161.448671,45164.223083,2774.412,POST,/api/pipeline,True,,1622,27,200,4
1790489221.229281,1790489224.00359,45161.506574,45164.280883,2774.309,POST,/api/pipeline,True,,1621,28,200,4
1790489221.265894,1790489224.038376,45161.543187,45164.315669,2772.482,POST,/api/pipeline,True,,1621,29,200,4
1790489221.32036,1790489224.092935,45161.597653,45164.370228,2772.575,POST,/api/pipeline,True,,1622,30,200,4
1790489221.396051,1790489224.168947,45161.673344,45164.44624,2772.896,POST,/api/pipeline,True,,1622,31,200,4
1790489221.444971,1790489224.216021,45161.722264,45164.493314,2771.05,POST,/api/pipeline,True,,1622,32,200,4
1790489221.486241,1790489224.259757,45161.763534,45164.53705,2773.516,POST,/api/pipeline,True,,1622,33,200,4
1790489221.54342,1790489224.314627,45161.820713,45164.59192,2771.207,POST,/api/pipeline,True,,1622,34,200,4
1790489221.596326,1790489224.37035,45161.873619,45164.647643,2774.024,POST,/api/pipeline,True,,1622,35,200,4
1790489221.683645,1790489224.45484,45161.960938,45164.732133,2771.194,POST,/api/pipeline,True,,1622,36,200,4
1790489221.705293,1790489224.480371,45161.982586,45164.757664,2775.078,POST,/api/pipeline,True,,1621,37,200,4
1790489221.764433,1790489224.538295,45162.041726,45164.815588,2773.862,POST,/api/pipeline,True,,1619,38,200,4
1790489221.822343,1790489224.597075,45162.099636,45164.874368,2774.732,POST,/api/pipeline,True,,1621,39,200,4
1790489221.880774,1790489224.656182,45162.158068,45164.933475,2775.408,POST,/api/pipeline,True,,1622,40,200,4
1790489221.93829,1790489224.714998,45162.215583,45164.992291,2776.708,POST,/api/pipeline,True,,1621,41,200,4
1790489221.991215,1790489224.763569,45162.268508,45165.040862,2772.354,POST,/api/pipeline,True,,1621,42,200,4
1790489222.04757,1790489224.821824,45162.324862,45165.099117,2774.254,POST,/api/pipeline,True,,1622,43,200,4
1790489222.102992,1790489224.877949,45162.380285,45165.155242,2774.957,POST,/api/pipeline,True,,1622,44,200,4
1790489222.159612,1790489224.931084,45162.436906,45165.208377,2771.471,POST,/api/pipeline,True,,1620,45,200,4
1790489222.216403,1790489224.990021,45162.493697,45165.267314,2773.617,POST,/api/pipeline,True,,1622,46,200,4
1790489222.256263,1790489225.034363,45162.533556,45165.311656,2778.099,POST,/api/pipeline,True,,1622,47,200,4
1790489222.314032,1790489225.085454,45162.591325,45165.362747,2771.422,POST,/api/pipeline,True,,1622,48,200,4
1790489222.365669,1790489225.137665,45162.642962,45165.414958,2771.996,POST,/api/pipeline,True,,1622,49,200,4
1790489222.434513,1790489225.206553,45162.711806,45165.483846,2772.04,POST,/api/pipeline,True,,1621,0,200,4
1790489222.489199,1790489225.259623,45162.766492,45165.536916,2770.424,POST,/api/pipeline,True,,1620,1,200,4
1790489222.546985,1790489225.318416,45162.824279,45165.595709,2771.431,POST,/api/pipeline,True,,1622,2,200,4
1790489222.605677,1790489225.376615,45162.88297,45165.653908,2770.938,POST,/api/pipeline,True,,1621,3,200,4
1790489222.664388,1790489225.435804,45162.941681,45165.713097,2771.415,POST,/api/pipeline,True,,1621,4,200,4
1790489222.722109,1790489225.495664,45162.999402,45165.772957,2773.555,POST,/api/pipeline,True,,1622,5,200,4
1790489222.779641,1790489225.553221,45163.056934,45165.830514,2773.58,POST,/api/pipeline,True,,1622,6,200,4
1790489222.8304,1790489225.605584,45163.107693,45165.882877,2775.183,POST,/api/pipeline,True,,1621,7,200,4
1790489222.886952,1790489225.660269,45163.164245,45165.937562,2773.317,POST,/api/pipeline,True,,1620,8,200,4
1790489222.941662,1790489225.717895,45163.218954,45165.995188,2776.233,POST,/api/pipeline,True,,1620,9,200,4
1790489223.000325,1790489225.771662,45163.277619,45166.048955,2771.337,POST,/api/pipeline,True,,1619,10,200,4
1790489223.053275,1790489225.82658,45163.330568,45166.103873,2773.305,POST,/api/pipeline,True,,1622,11,200,4
1790489223.108181,1790489225.884096,45163.385474,45166.161389,2775.915,POST,/api/pipeline,True,,1622,12,200,4
1790489223.166905,1790489225.93783,45163.444198,45166.215123,2770.925,POST,/api/pipeline,True,,1621,13,200,4
1790489223.219759,1790489225.991015,45163.497052,45166.268308,2771.257,POST,/api/pipeline,True,,1622,14,200,4
1790489223.272014,1790489226.045323,45163.549307,45166.322616,2773.309,POST,/api/pipeline,True,,1621,15,200,4
1790489223.325625,1790489226.098577,45163.602918,45166.37587,2772.952,POST,/api/pipeline,True,,1621,16,200,4
1790489223.381127,1790489226.152663,45163.65842,45166.429956,2771.536,POST,/api/pipeline,True,,1622,17,200,4
1790489223.422539,1790489226.196741,45163.699832,45166.474034,2774.203,POST,/api/pipeline,True,,1622,18,200,4
1790489223.47976,1790489226.251965,45163.757053,45166.529258,2772.205,POST,/api/pipeline,True,,1621,19,200,4
1790489223.532793,1790489226.307947,45163.810087,45166.58524,2775.153,POST,/api/pipeline,True,,1621,20,200,4
1790489223.599134,1790489226.371221,45163.876427,45166.648514,2772.086,POST,/api/pipeline,True,,1622,21,200,4
1790489223.656423,1790489226.432552,45163.933716,45166.709845,2776.129,POST,/api/pipeline,True,,1622,22,200,4
1790489223.713786,1790489226.486695,45163.991079,45166.763988,2772.909,POST,/api/pipeline,True,,1622,23,200,4
1790489223.765722,1790489226.538608,45164.043015,45166.815901,2772.886,POST,/api/pipeline,True,,1622,24,200,4
1790489223.820664,1790489226.594811,45164.097957,45166.872104,2774.147,POST,/api/pipeline,True,,1622,25,200,4
1790489223.877536,1790489226.649174,45164.154829,45166.926468,2771.639,POST,/api/pipeline,True,,1621,26,200,4
1790489223.946025,1790489226.721004,45164.223318,45166.998297,2774.979,POST,/api/pipeline,True,,1622,27,200,4
1790489224.003847,1790489226.77617,45164.28114,45167.053463,2772.323,POST,/api/pipeline,True,,1621,28,200,4
1790489224.038611,1790489226.810997,45164.315904,45167.08829,2772.386,POST,/api/pipeline,True,,1622,29,200,4
1790489224.09315,1790489226.865029,45164.370443,45167.142322,2771.879,POST,/api/pipeline,True,,1620,30,200,4
1790489224.169185,1790489226.941981,45164.446478,45167.219274,2772.796,POST,/api/pipeline,True,,1621,31,200,4
1790489224.216234,1790489226.988388,45164.493528,45167.265681,2772.153,POST,/api/pipeline,True,,1621,32,200,4
1790489224.259976,1790489227.032582,45164.537269,45167.309875,2772.606,POST,/api/pipeline,True,,1620,33,200,4
1790489224.314897,1790489227.089628,45164.59219,45167.366921,2774.731,POST,/api/pipeline,True,,1621,34,200,4
1790489224.37057,1790489227.142498,45164.647863,45167.419791,2771.928,POST,/api/pipeline,True,,1621,35,200,4
1790489224.455052,1790489227.227779,45164.732345,45167.505072,2772.726,POST,/api/pipeline,True,,1622,36,200,4
1790489224.480588,1790489227.254683,45164.757881,45167.531976,2774.095,POST,/api/pipeline,True,,1622,37,200,4
1790489224.538522,1790489227.312475,45164.815815,45167.589768,2773.953,POST,/api/pipeline,True,,1619,38,200,4
1790489224.597302,1790489227.369568,45164.874595,45167.646861,2772.266,POST,/api/pipeline,True,,1622,39,200,4
1790489224.656406,1790489227.427483,45164.933699,45167.704776,2771.077,POST,/api/pipeline,True,,1622,40,200,4
1790489224.715223,1790489227.485932,45164.992516,45167.763225,2770.709,POST,/api/pipeline,True,,1621,41,200,4
1790489224.763798,1790489227.538571,45165.04109,45167.815864,2774.774,POST,/api/pipeline,True,,1622,42,200,4
1790489224.822051,1790489227.596342,45165.099344,45167.873635,2774.291,POST,/api/pipeline,True,,1621,43,200,4
1790489224.878179,1790489227.649457,45165.155471,45167.926749,2771.278,POST,/api/pipeline,True,,1621,44,200,4
1790489224.931313,1790489227.703574,45165.208606,45167.980868,2772.262,POST,/api/pipeline,True,,1622,45,200,4
1790489224.990252,1790489227.76206,45165.267545,45168.039353,2771.808,POST,/api/pipeline,True,,1621,46,200,4
1790489225.035338,1790489227.81143,45165.312631,45168.088723,2776.092,POST,/api/pipeline,True,,1622,47,200,4
1790489225.085704,1790489227.856762,45165.362997,45168.134055,2771.058,POST,/api/pipeline,True,,1622,48,200,4
1790489225.137865,1790489227.912003,45165.415158,45168.189296,2774.138,POST,/api/pipeline,True,,1622,49,200,4
1790489225.206779,1790489227.978565,45165.484072,45168.255858,2771.786,POST,/api/pipeline,True,,1622,0,200,4
1790489225.259809,1790489228.032191,45165.537102,45168.309484,2772.382,POST,/api/pipeline,True,,1621,1,200,4
1790489225.318601,1790489228.089322,45165.595895,45168.366615,2770.721,POST,/api/pipeline,True,,1622,2,200,4
1790489225.376851,1790489228.149042,45165.654144,45168.426335,2772.191,POST,/api/pipeline,True,,1621,3,200,4
1790489225.436035,1790489228.206344,45165.713329,45168.483637,2770.308,POST,/api/pipeline,True,,1621,4,200,4
1790489225.495877,1790489228.268977,45165.77317,45168.54627,2773.1,POST,/api/pipeline,True,,1622,5,200,4
1790489225.553438,1790489228.324623,45165.830731,45168.601916,2771.185,POST,/api/pipeline,True,,1620,6,200,4
1790489225.605803,1790489228.37762,45165.883096,45168.654913,2771.817,POST,/api/pipeline,True,,1621,7,200,4
1790489225.660477,1790489228.433552,45165.93777,45168.710845,2773.075,POST,/api/pipeline,True,,1622,8,200,4
1790489225.718161,1790489228.489631,45165.995454,45168.766924,2771.47,POST,/api/pipeline,True,,1621,9,200,4
1790489225.771889,1790489228.543323,45166.049183,45168.820616,2771.433,POST,/api/pipeline,True,,1621,10,200,4
1790489225.826852,1790489228.600308,45166.104144,45168.877601,2773.456,POST,/api/pipeline,True,,1622,11,200,4
1790489225.884354,1790489228.65608,45166.161647,45168.933373,2771.726,POST,/api/pipeline,True,,1621,12,200,4
1790489225.938055,1790489228.707887,45166.215348,45168.985179,2769.832,POST,/api/pipeline,True,,1621,13,200,4
1790489225.991263,1790489228.762753,45166.268556,45169.040046,2771.49,POST,/api/pipeline,True,,1622,14,200,4
1790489226.045566,1790489228.815902,45166.322859,45169.093195,2770.336,POST,/api/pipeline,True,,1621,15,200,4
1790489226.098873,1790489228.872032,45166.376166,45169.149325,2773.159,POST,/api/pipeline,True,,1622,16,200,4
1790489226.152857,1790489228.92484,45166.43015,45169.202133,2771.983,POST,/api/pipeline,True,,1622,17,200,4
1790489226.19695,1790489228.968769,45166.474244,45169.246062,2771.819,POST,/api/pipeline,True,,1621,18,200,4
1790489226.252189,1790489229.022517,45166.529482,45169.29981,2770.328,POST,/api/pipeline,True,,1620,19,200,4
1790489226.30814,1790489229.081183,45166.585433,45169.358476,2773.042,POST,/api/pipeline,True,,1621,20,200,4
1790489226.371443,1790489229.142131,45166.648736,45169.419424,2770.688,POST,/api/pipeline,True,,1621,21,200,4
1790489226.432773,1790489229.203513,45166.710066,45169.480806,2770.74,POST,/api/pipeline,True,,1621,22,200,4
1790489226.487062,1790489229.258923,45166.764355,45169.536216,2771.861,POST,/api/pipeline,True,,1621,23,200,4
1790489226.538912,1790489229.31132,45166.816205,45169.588613,2772.409,POST,/api/pipeline,True,,1621,24,200,4
1790489226.59509,1790489229.367275,45166.872383,45169.644568,2772.185,POST,/api/pipeline,True,,1622,25,200,4
1790489226.649385,1790489229.422993,45166.926678,45169.700286,2773.608,POST,/api/pipeline,True,,1621,26,200,4
1790489226.721233,1790489229.494946,45166.998526,45169.77224,2773.714,POST,/api/pipeline,True,,1622,27,200,4
1790489226.776402,1790489229.548574,45167.053695,45169.825867,2772.172,POST,/api/pipeline,True,,1622,28,200,4
1790489226.811252,1790489229.583617,45167.088545,45169.86091,2772.365,POST,/api/pipeline,True,,1622,29,200,4
1790489226.865259,1790489229.639143,45167.142552,45169.916435,2773.884,POST,/api/pipeline,True,,1622,30,200,4
1790489226.942211,1790489229.713746,45167.219504,45169.991038,2771.535,POST,/api/pipeline,True,,1619,31,200,4
1790489226.988612,1790489229.760777,45167.265905,45170.03807,2772.165,POST,/api/pipeline,True,,1621,32,200,4
1790489227.03281,1790489229.805355,45167.310103,45170.082647,2772.544,POST,/api/pipeline,True,,1621,33,200,4
1790489227.090072,1790489229.86278,45167.367365,45170.140073,2772.708,POST,/api/pipeline,True,,1622,34,200,4
1790489227.142718,1790489229.91517,45167.420011,45170.192463,2772.452,POST,/api/pipeline,True,,1621,35,200,4
1790489227.227988,1790489229.999725,45167.505281,45170.277017,2771.736,POST,/api/pipeline,True,,1622,36,200,4
1790489227.255016,1790489230.030902,45167.532307,45170.308193,2775.886,POST,/api/pipeline,True,,1622,37,200,4
1790489227.312686,1790489230.082871,45167.58998,45170.360165,2770.185,POST,/api/pipeline,True,,1622,38,200,4
1790489227.369769,1790489230.141293,45167.647062,45170.418586,2771.524,POST,/api/pipeline,True,,1622,39,200,4
1790489227.42778,1790489230.1988,45167.705073,45170.476092,2771.019,POST,/api/pipeline,True,,1622,40,200,4
1790489227.486153,1790489230.256217,45167.763446,45170.53351,2770.064,POST,/api/pipeline,True,,1622,41,200,4
1790489227.538877,1790489230.313015,45167.816169,45170.590308,2774.139,POST,/api/pipeline,True,,1622,42,200,4
1790489227.596553,1790489230.369829,45167.873846,45170.647122,2773.276,POST,/api/pipeline,True,,1622,43,200,4
1790489227.649674,1790489230.421926,45167.926967,45170.699219,2772.252,POST,/api/pipeline,True,,1622,44,200,4
1790489227.703783,1790489230.476568,45167.981076,45170.753861,2772.785,POST,/api/pipeline,True,,1620,45,200,4
1790489227.762283,1790489230.535458,45168.039576,45170.812751,2773.175,POST,/api/pipeline,True,,1622,46,200,4
1790489227.811666,1790489230.582589,45168.088959,45170.859882,2770.923,POST,/api/pipeline,True,,1622,47,200,4
1790489227.857044,1790489230.629954,45168.134336,45170.907247,2772.911,POST,/api/pipeline,True,,1622,48,200,4
1790489227.912214,1790489230.684084,45168.189507,45170.961377,2771.87,POST,/api/pipeline,True,,1622,49,200,4
1790489227.978941,1790489230.751489,45168.256235,45171.028782,2772.548,POST,/api/pipeline,True,,1622,0,200,4
1790489228.032403,1790489230.804271,45168.309696,45171.081563,2771.867,POST,/api/pipeline,True,,1621,1,200,4
1790489228.089504,1790489230.85956,45168.366797,45171.136853,2770.056,POST,/api/pipeline,True,,1622,2,200,4
1790489228.149342,1790489230.918774,45168.426635,45171.196067,2769.432,POST,/api/pipeline,True,,1622,3,200,4
1790489228.206548,1790489230.977746,45168.483841,45171.255039,2771.198,POST,/api/pipeline,True,,1621,4,200,4
1790489228.269303,1790489231.040813,45168.546596,45171.318106,2771.51,POST,/api/pipeline,True,,1621,5,200,4
1790489228.324812,1790489231.095805,45168.602105,45171.373098,2770.993,POST,/api/pipeline,True,,1622,6,200,4
1790489228.377819,1790489231.14801,45168.655112,45171.425303,2770.191,POST,/api/pipeline,True,,1622,7,200,4
1790489228.433813,1790489231.20682,45168.711106,45171.484113,2773.008,POST,/api/pipeline,True,,1621,8,200,4
1790489228.48984,1790489231.261138,45168.767133,45171.538431,2771.298,POST,/api/pipeline,True,,1621,9,200,4
1790489228.543579,1790489231.314902,45168.820872,45171.592194,2771.322,POST,/api/pipeline,True,,1621,10,200,4
1790489228.600545,1790489231.372506,45168.877838,45171.649799,2771.961,POST,/api/pipeline,True,,1622,11,200,4
1790489228.656281,1790489231.429176,45168.933574,45171.706469,2772.895,POST,/api/pipeline,True,,1621,12,200,4
1790489228.708083,1790489231.480476,45168.985376,45171.757769,2772.393,POST,/api/pipeline,True,,1622,13,200,4
1790489228.762965,1790489231.533918,45169.040258,45171.811211,2770.953,POST,/api/pipeline,True,,1621,14,200,4
1790489228.816098,1790489231.590508,45169.093391,45171.867801,2774.41,POST,/api/pipeline,True,,1622,15,200,4
1790489228.872246,1790489231.64298,45169.149539,45171.920272,2770.733,POST,/api/pipeline,True,,1622,16,200,4
1790489228.92514,1790489231.696843,45169.202433,45171.974136,2771.703,POST,/api/pipeline,True,,1622,17,200,4
1790489228.96898,1790489231.742287,45169.246273,45172.01958,2773.307,POST,/api/pipeline,True,,1621,18,200,4
1790489229.022729,1790489231.795911,45169.300022,45172.073204,2773.182,POST,/api/pipeline,True,,1622,19,200,4
1790489229.081401,1790489231.851547,45169.358694,45172.12884,2770.146,POST,/api/pipeline,True,,1620,20,200,4
1790489229.14233,1790489231.910924,45169.419623,45172.188217,2768.594,POST,/api/pipeline,True,,1621,21,200,4
1790489229.203721,1790489231.975626,45169.481013,45172.252919,2771.905,POST,/api/pipeline,True,,1622,22,200,4
1790489229.259135,1790489232.029133,45169.536428,45172.306426,2769.998,POST,/api/pipeline,True,,1621,23,200,4
1790489229.311509,1790489232.082301,45169.588802,45172.359594,2770.792,POST,/api/pipeline,True,,1622,24,200,4
1790489229.36749,1790489232.139593,45169.644783,45172.416886,2772.103,POST,/api/pipeline,True,,1620,25,200,4
1790489229.423205,1790489232.19402,45169.700498,45172.471313,2770.815,POST,/api/pipeline,True,,1621,26,200,4
1790489229.495176,1790489232.265809,45169.772469,45172.543102,2770.633,POST,/api/pipeline,True,,1621,27,200,4
1790489229.54879,1790489232.323079,45169.826083,45172.600372,2774.289,POST,/api/pipeline,True,,1622,28,200,4
1790489229.58389,1790489232.356272,45169.861183,45172.633565,2772.382,POST,/api/pipeline,True,,1622,29,200,4
1790489229.639381,1790489232.413076,45169.916674,45172.690369,2773.695,POST,/api/pipeline,True,,1622,30,200,4
1790489229.713972,1790489232.485427,45169.991265,45172.76272,2771.455,POST,/api/pipeline,True,,1622,31,200,4
1790489229.761019,1790489232.530477,45170.038312,45172.807769,2769.457,POST,/api/pipeline,True,,1622,32,200,4
1790489229.805567,1790489232.579267,45170.08286,45172.85656,2773.7,POST,/api/pipeline,True,,1622,33,200,4
1790489229.863,1790489232.636271,45170.140293,45172.913564,2773.271,POST,/api/pipeline,True,,1622,34,200,4
1790489229.915395,1790489232.688,45170.192689,45172.965293,2772.605,POST,/api/pipeline,True,,1621,35,200,4
1790489229.999965,1790489232.774678,45170.277258,45173.051971,2774.713,POST,/api/pipeline,True,,1621,36,200,4
1790489230.031786,1790489232.804188,45170.309079,45173.081481,2772.402,POST,/api/pipeline,True,,1622,37,200,4
1790489230.083101,1790489232.857911,45170.360394,45173.135204,2774.81,POST,/api/pipeline,True,,1620,38,200,4
1790489230.141515,1790489232.912521,45170.418808,45173.189814,2771.006,POST,/api/pipeline,True,,1620,39,200,4
1790489230.199051,1790489232.972599,45170.476344,45173.249892,2773.548,POST,/api/pipeline,True,,1622,40,200,4
1790489230.256444,1790489233.030313,45170.533737,45173.307606,2773.869,POST,/api/pipeline,True,,1622,41,200,4
1790489230.313216,1790489233.088551,45170.590509,45173.365844,2775.336,POST,/api/pipeline,True,,1620,42,200,4
1790489230.370035,1790489233.141674,45170.647328,45173.418967,2771.639,POST,/api/pipeline,True,,1621,43,200,4
1790489230.422148,1790489233.195154,45170.699442,45173.472447,2773.005,POST,/api/pipeline,True,,1621,44,200,4
1790489230.47684,1790489233.25295,45170.754132,45173.530243,2776.11,POST,/api/pipeline,True,,1619,45,200,4
1790489230.535685,1790489233.306242,45170.812978,45173.583535,2770.557,POST,/api/pipeline,True,,1622,46,200,4
1790489230.582898,1790489233.355032,45170.860191,45173.632325,2772.134,POST,/api/pipeline,True,,1619,47,200,4
1790489230.630193,1790489233.402978,45170.907486,45173.680271,2772.785,POST,/api/pipeline,True,,1621,48,200,4
1790489230.6843,1790489233.456213,45170.961594,45173.733506,2771.913,POST,/api/pipeline,True,,1621,49,200,4
1790489230.751856,1790489233.522892,45171.029149,45173.800185,2771.036,POST,/api/pipeline,True,,1622,0,200,4
1790489230.804458,1790489233.577144,45171.081751,45173.854437,2772.687,POST,/api/pipeline,True,,1622,1,200,4
1790489230.859789,1790489233.632176,45171.137082,45173.909469,2772.387,POST,/api/pipeline,True,,1622,2,200,4
1790489230.919019,1790489233.6901,45171.196312,45173.967393,2771.081,POST,/api/pipeline,True,,1622,3,200,4
1790489230.977968,1790489233.748833,45171.255261,45174.026126,2770.865,POST,/api/pipeline,True,,1622,4,200,4
1790489231.041059,1790489233.814399,45171.318352,45174.091692,2773.34,POST,/api/pipeline,True,,1621,5,200,4
1790489231.096035,1790489233.869918,45171.373328,45174.147211,2773.884,POST,/api/pipeline,True,,1621,6,200,4
1790489231.148249,1790489233.924354,45171.425542,45174.201647,2776.105,POST,/api/pipeline,True,,1621,7,200,4
1790489231.207043,1790489233.981073,45171.484336,45174.258366,2774.029,POST,/api/pipeline,True,,1622,8,200,4
1790489231.261367,1790489234.033695,45171.53866,45174.310988,2772.328,POST,/api/pipeline,True,,1620,9,200,4
1790489231.315169,1790489234.089224,45171.592462,45174.366517,2774.055,POST,/api/pipeline,True,,1620,10,200,4
1790489231.372725,1790489234.148192,45171.650018,45174.425485,2775.467,POST,/api/pipeline,True,,1622,11,200,4
1790489231.429394,1790489234.202044,45171.706687,45174.479337,2772.65,POST,/api/pipeline,True,,1621,12,200,4
1790489231.480707,1790489234.253582,45171.758,45174.530875,2772.875,POST,/api/pipeline,True,,1622,13,200,4
1790489231.534148,1790489234.306684,45171.81144,45174.583977,2772.537,POST,/api/pipeline,True,,1622,14,200,4
1790489231.590719,1790489234.362292,45171.868011,45174.639585,2771.574,POST,/api/pipeline,True,,1622,15,200,4
1790489231.643219,1790489234.41708,45171.920512,45174.694373,2773.861,POST,/api/pipeline,True,,1622,16,200,4
1790489231.697067,1790489234.470412,45171.97436,45174.747706,2773.345,POST,/api/pipeline,True,,1622,17,200,4
1790489231.742525,1790489234.513782,45172.019818,45174.791075,2771.257,POST,/api/pipeline,True,,1620,18,200,4
1790489231.796154,1790489234.572656,45172.073447,45174.849949,2776.502,POST,/api/pipeline,True,,1621,19,200,4
1790489231.851767,1790489234.623563,45172.12906,45174.900856,2771.796,POST,/api/pipeline,True,,1621,20,200,4
1790489231.911168,1790489234.684649,45172.188461,45174.961942,2773.481,POST,/api/pipeline,True,,1622,21,200,4
1790489231.975878,1790489234.747526,45172.253171,45175.024819,2771.648,POST,/api/pipeline,True,,1622,22,200,4
1790489232.029403,1790489234.802532,45172.306696,45175.079825,2773.13,POST,/api/pipeline,True,,1622,23,200,4
1790489232.082536,1790489234.854704,45172.359829,45175.131997,2772.168,POST,/api/pipeline,True,,1622,24,200,4
1790489232.139853,1790489234.914316,45172.417146,45175.191609,2774.462,POST,/api/pipeline,True,,1622,25,200,4
1790489232.194258,1790489234.966173,45172.471551,45175.243466,2771.915,POST,/api/pipeline,True,,1622,26,200,4
1790489232.266026,1790489235.040011,45172.54332,45175.317304,2773.985,POST,/api/pipeline,True,,1622,27,200,4
1790489232.323297,1790489235.097889,45172.600589,45175.375182,2774.593,POST,/api/pipeline,True,,1621,28,200,4
1790489232.356489,1790489235.129702,45172.633782,45175.406995,2773.213,POST,/api/pipeline,True,,1621,29,200,4
1790489232.413298,1790489235.18922,45172.69059,45175.466513,2775.923,POST,/api/pipeline,True,,1622,30,200,4
1790489232.485665,1790489235.259267,45172.762958,45175.53656,2773.602,POST,/api/pipeline,True,,1622,31,200,4
1790489232.530692,1790489235.303222,45172.807985,45175.580515,2772.53,POST,/api/pipeline,True,,1622,32,200,4
1790489232.579481,1790489235.353676,45172.856774,45175.630969,2774.195,POST,/api/pipeline,True,,1621,33,200,4
1790489232.636497,1790489235.410165,45172.91379,45175.687458,2773.668,POST,/api/pipeline,True,,1621,34,200,4
1790489232.688225,1790489235.460899,45172.965518,45175.738192,2772.674,POST,/api/pipeline,True,,1621,35,200,4
1790489232.775015,1790489235.548006,45173.052308,45175.825299,2772.991,POST,/api/pipeline,True,,1622,36,200,4
1790489232.804421,1790489235.575964,45173.081714,45175.853257,2771.543,POST,/api/pipeline,True,,1622,37,200,4
1790489232.858174,1790489235.63139,45173.135467,45175.908683,2773.216,POST,/api/pipeline,True,,1622,38,200,4
1790489232.912752,1790489235.685617,45173.190045,45175.96291,2772.865,POST,/api/pipeline,True,,1621,39,200,4
1790489232.972818,1790489235.744949,45173.250111,45176.022242,2772.131,POST,/api/pipeline,True,,1622,40,200,4
1790489233.030565,1790489235.805526,45173.307858,45176.082819,2774.961,POST,/api/pipeline,True,,1622,41,200,4
1790489233.088774,1790489235.860311,45173.366067,45176.137604,2771.537,POST,/api/pipeline,True,,1622,42,200,4
1790489233.141889,1790489235.913547,45173.419182,45176.19084,2771.658,POST,/api/pipeline,True,,1622,43,200,4
1790489233.195429,1790489235.970221,45173.472722,45176.247514,2774.792,POST,/api/pipeline,True,,1622,44,200,4
1790489233.253189,1790489236.025021,45173.530482,45176.302314,2771.832,POST,/api/pipeline,True,,1622,45,200,4
1790489233.306477,1790489236.078919,45173.58377,45176.356212,2772.442,POST,/api/pipeline,True,,1621,46,200,4
1790489233.355275,1790489236.127296,45173.632567,45176.404589,2772.022,POST,/api/pipeline,True,,1621,47,200,4
1790489233.403218,1790489236.174074,45173.680511,45176.451367,2770.856,POST,/api/pipeline,True,,1621,48,200,4
1790489233.45643,1790489236.228123,45173.733723,45176.505416,2771.693,POST,/api/pipeline,True,,1622,49,200,4
1790489233.523165,1790489236.295177,45173.800458,45176.57247,2772.013,POST,/api/pipeline,True,,1622,0,200,4
1790489233.577349,1790489236.355411,45173.854642,45176.632704,2778.063,POST,/api/pipeline,True,,1621,1,200,4
1790489233.632397,1790489236.403483,45173.90969,45176.680776,2771.086,POST,/api/pipeline,True,,1622,2,200,4
1790489233.690324,1790489236.462311,45173.967617,45176.739604,2771.988,POST,/api/pipeline,True,,1621,3,200,4
1790489233.749043,1790489236.519955,45174.026336,45176.797248,2770.911,POST,/api/pipeline,True,,1622,4,200,4
1790489233.81462,1790489236.589531,45174.091913,45176.866824,2774.911,POST,/api/pipeline,True,,1622,5,200,4
1790489233.870155,1790489236.643327,45174.147448,45176.920619,2773.172,POST,/api/pipeline,True,,1622,6,200,4
1790489233.924578,1790489236.697396,45174.201871,45176.974689,2772.818,POST,/api/pipeline,True,,1622,7,200,4
1790489233.981313,1790489236.756446,45174.258606,45177.033739,2775.134,POST,/api/pipeline,True,,1622,8,200,4
1790489234.033958,1790489236.80911,45174.311251,45177.086403,2775.152,POST,/api/pipeline,True,,1622,9,200,4
1790489234.089465,1790489236.86547,45174.366758,45177.142763,2776.005,POST,/api/pipeline,True,,1622,10,200,4
1790489234.148425,1790489236.922073,45174.425718,45177.199366,2773.647,POST,/api/pipeline,True,,1621,11,200,4
1790489234.202279,1790489236.975489,45174.479572,45177.252782,2773.21,POST,/api/pipeline,True,,1621,12,200,4
1790489234.253822,1790489237.027531,45174.531115,45177.304824,2773.709,POST,/api/pipeline,True,,1622,13,200,4
1790489234.307034,1790489237.081201,45174.584327,45177.358494,2774.167,POST,/api/pipeline,True,,1622,14,200,4
1790489234.362518,1790489237.136276,45174.639811,45177.413569,2773.759,POST,/api/pipeline,True,,1621,15,200,4
1790489234.417325,1790489237.188808,45174.694618,45177.466101,2771.483,POST,/api/pipeline,True,,1621,16,200,4
1790489234.470624,1790489237.242429,45174.747917,45177.519722,2771.806,POST,/api/pipeline,True,,1622,17,200,4
1790489234.514005,1790489237.289574,45174.791298,45177.566868,2775.569,POST,/api/pipeline,True,,1621,18,200,4
1790489234.572892,1790489237.343884,45174.850186,45177.621177,2770.992,POST,/api/pipeline,True,,1621,19,200,4
1790489234.623773,1790489237.398349,45174.901066,45177.675642,2774.576,POST,/api/pipeline,True,,1622,20,200,4
1790489234.684888,1790489237.457816,45174.962181,45177.735109,2772.927,POST,/api/pipeline,True,,1621,21,200,4
1790489234.747756,1790489237.520783,45175.025049,45177.798076,2773.027,POST,/api/pipeline,True,,1618,22,200,4
1790489234.803082,1790489237.575772,45175.080375,45177.853065,2772.69,POST,/api/pipeline,True,,1622,23,200,4
1790489234.855017,1790489237.631841,45175.13231,45177.909134,2776.823,POST,/api/pipeline,True,,1622,24,200,4
1790489234.914552,1790489237.686922,45175.191844,45177.964215,2772.37,POST,/api/pipeline,True,,1622,25,200,4
1790489234.966397,1790489237.739911,45175.24369,45178.017204,2773.514,POST,/api/pipeline,True,,1619,26,200,4
1790489235.040255,1790489237.81435,45175.317548,45178.091643,2774.095,POST,/api/pipeline,True,,1621,27,200,4
1790489235.098104,1790489237.87173,45175.375398,45178.149023,2773.626,POST,/api/pipeline,True,,1622,28,200,4
1790489235.129926,1790489237.905499,45175.407219,45178.182792,2775.573,POST,/api/pipeline,True,,1622,29,200,4
1790489235.189454,1790489237.962404,45175.466747,45178.239697,2772.951,POST,/api/pipeline,True,,1622,30,200,4
1790489235.259509,1790489238.030385,45175.536802,45178.307678,2770.876,POST,/api/pipeline,True,,1622,31,200,4
1790489235.30359,1790489238.075181,45175.580882,45178.352474,2771.591,POST,/api/pipeline,True,,1622,32,200,4
1790489235.353899,1790489238.126381,45175.631192,45178.403674,2772.482,POST,/api/pipeline,True,,1621,33,200,4
1790489235.41038,1790489238.181719,45175.687673,45178.459012,2771.339,POST,/api/pipeline,True,,1622,34,200,4
1790489235.461111,1790489238.232488,45175.738404,45178.509781,2771.377,POST,/api/pipeline,True,,1622,35,200,4
1790489235.548232,1790489238.321151,45175.825525,45178.598444,2772.92,POST,/api/pipeline,True,,1621,36,200,4
1790489235.576204,1790489238.35115,45175.853497,45178.628443,2774.946,POST,/api/pipeline,True,,1622,37,200,4
1790489235.631692,1790489238.404371,45175.908985,45178.681663,2772.678,POST,/api/pipeline,True,,1622,38,200,4
1790489235.685846,1790489238.457724,45175.963139,45178.735017,2771.878,POST,/api/pipeline,True,,1621,39,200,4
1790489235.745166,1790489238.521862,45176.022459,45178.799155,2776.696,POST,/api/pipeline,True,,1621,40,200,4
1790489235.805764,1790489238.578294,45176.083057,45178.855587,2772.529,POST,/api/pipeline,True,,1622,41,200,4
1790489235.860533,1790489238.631907,45176.137826,45178.909199,2771.374,POST,/api/pipeline,True,,1622,42,200,4
1790489235.913772,1790489238.688462,45176.191065,45178.965754,2774.69,POST,/api/pipeline,True,,1622,43,200,4
1790489235.970501,1790489238.746653,45176.247794,45179.023946,2776.152,POST,/api/pipeline,True,,1621,44,200,4
1790489236.025273,1790489238.799888,45176.302566,45179.077181,2774.615,POST,/api/pipeline,True,,1622,45,200,4
1790489236.079179,1790489238.853804,45176.356472,45179.131097,2774.625,POST,/api/pipeline,True,,1621,46,200,4
1790489236.127562,1790489238.900229,45176.404854,45179.177522,2772.667,POST,/api/pipeline,True,,1621,47,200,4
1790489236.174309,1790489238.947271,45176.451602,45179.224564,2772.962,POST,/api/pipeline,True,,1622,48,200,4
1790489236.22836,1790489239.001796,45176.505653,45179.279089,2773.435,POST,/api/pipeline,True,,1621,49,200,4
1790489236.295417,1790489239.07201,45176.57271,45179.349303,2776.593,POST,/api/pipeline,True,,1622,0,200,4
1790489236.355655,1790489239.128637,45176.632949,45179.40593,2772.981,POST,/api/pipeline,True,,1620,1,200,4
1790489236.403715,1790489239.176527,45176.681008,45179.45382,2772.812,POST,/api/pipeline,True,,1622,2,200,4
1790489236.462559,1790489239.235827,45176.739852,45179.51312,2773.269,POST,/api/pipeline,True,,1622,3,200,4
1790489236.520157,1790489239.293099,45176.79745,45179.570392,2772.942,POST,/api/pipeline,True,,1622,4,200,4
1790489236.589756,1790489239.361617,45176.867049,45179.63891,2771.861,POST,/api/pipeline,True,,1622,5,200,4
1790489236.643589,1790489239.41554,45176.920882,45179.692832,2771.95,POST,/api/pipeline,True,,1621,6,200,4
1790489236.697613,1790489239.473814,45176.974906,45179.751107,2776.201,POST,/api/pipeline,True,,1622,7,200,4
1790489236.756676,1790489239.527469,45177.033968,45179.804762,2770.794,POST,/api/pipeline,True,,1621,8,200,4
1790489236.809352,1790489239.583642,45177.086645,45179.860934,2774.29,POST,/api/pipeline,True,,1620,9,200,4
1790489236.865684,1790489239.638167,45177.142977,45179.91546,2772.483,POST,/api/pipeline,True,,1621,10,200,4
1790489236.922289,1790489239.695614,45177.199582,45179.972907,2773.325,POST,/api/pipeline,True,,1622,11,200,4
1790489236.975741,1790489239.747392,45177.253034,45180.024685,2771.651,POST,/api/pipeline,True,,1622,12,200,4
1790489237.027763,1790489239.80131,45177.305056,45180.078603,2773.547,POST,/api/pipeline,True,,1622,13,200,4
1790489237.081487,1790489239.856768,45177.35878,45180.134061,2775.28,POST,/api/pipeline,True,,1622,14,200,4
1790489237.13654,1790489239.91051,45177.413833,45180.187802,2773.97,POST,/api/pipeline,True,,1622,15,200,4
1790489237.18908,1790489239.961359,45177.466373,45180.238652,2772.28,POST,/api/pipeline,True,,1621,16,200,4
1790489237.24269,1790489240.014748,45177.519983,45180.292041,2772.058,POST,/api/pipeline,True,,1622,17,200,4
1790489237.28981,1790489240.061738,45177.567103,45180.339031,2771.928,POST,/api/pipeline,True,,1622,18,200,4
1790489237.344108,1790489240.119787,45177.621401,45180.39708,2775.679,POST,/api/pipeline,True,,1621,19,200,4
1790489237.398593,1790489240.173956,45177.675886,45180.451249,2775.363,POST,/api/pipeline,True,,1622,20,200,4
1790489237.458066,1790489240.235191,45177.735358,45180.512484,2777.126,POST,/api/pipeline,True,,1622,21,200,4
1790489237.521015,1790489240.293538,45177.798308,45180.570831,2772.523,POST,/api/pipeline,True,,1622,22,200,4
1790489237.576081,1790489240.349566,45177.853373,45180.626859,2773.485,POST,/api/pipeline,True,,1620,23,200,4
1790489237.632093,1790489240.406453,45177.909387,45180.683746,2774.36,POST,/api/pipeline,True,,1619,24,200,4
1790489237.687144,1790489240.458019,45177.964437,45180.735312,2770.875,POST,/api/pipeline,True,,1621,25,200,4
1790489237.740132,1790489240.511716,45178.017425,45180.789009,2771.584,POST,/api/pipeline,True,,1621,26,200,4
1790489237.814582,1790489240.5876,45178.091874,45180.864893,2773.019,POST,/api/pipeline,True,,1622,27,200,4
1790489237.871949,1790489240.645694,45178.149242,45180.922987,2773.745,POST,/api/pipeline,True,,1622,28,200,4
1790489237.905725,1790489240.679595,45178.183018,45180.956888,2773.87,POST,/api/pipeline,True,,1621,29,200,4
1790489237.96263,1790489240.737618,45178.239922,45181.014911,2774.988,POST,/api/pipeline,True,,1620,30,200,4
1790489238.030648,1790489240.804297,45178.307941,45181.08159,2773.649,POST,/api/pipeline,True,,1622,31,200,4
1790489238.075406,1790489240.846549,45178.352698,45181.123842,2771.143,POST,/api/pipeline,True,,1621,32,200,4
1790489238.126608,1790489240.901251,45178.403901,45181.178543,2774.642,POST,/api/pipeline,True,,1622,33,200,4
1790489238.18195,1790489240.954284,45178.459243,45181.231577,2772.335,POST,/api/pipeline,True,,1619,34,200,4
1790489238.232706,1790489241.004221,45178.509999,45181.281514,2771.515,POST,/api/pipeline,True,,1621,35,200,4
1790489238.321379,1790489241.094357,45178.598672,45181.37165,2772.978,POST,/api/pipeline,True,,1622,36,200,4
1790489238.351407,1790489241.122483,45178.6287,45181.399776,2771.076,POST,/api/pipeline,True,,1622,37,200,4
1790489238.404609,1790489241.176224,45178.681902,45181.453517,2771.615,POST,/api/pipeline,True,,1622,38,200,4
1790489238.457967,1790489241.230543,45178.73526,45181.507836,2772.576,POST,/api/pipeline,True,,1620,39,200,4
1790489238.522081,1790489241.294071,45178.799375,45181.571364,2771.99,POST,/api/pipeline,True,,1622,40,200,4
1790489238.578544,1790489241.354902,45178.855837,45181.632195,2776.358,POST,/api/pipeline,True,,1621,41,200,4
1790489238.632117,1790489241.406024,45178.90941,45181.683316,2773.907,POST,/api/pipeline,True,,1622,42,200,4
1790489238.688687,1790489241.461007,45178.96598,45181.7383,2772.32,POST,/api/pipeline,True,,1621,43,200,4
1790489238.747027,1790489241.51932,45179.02432,45181.796612,2772.293,POST,/api/pipeline,True,,1622,44,200,4
1790489238.800093,1790489241.571269,45179.077386,45181.848562,2771.176,POST,/api/pipeline,True,,1622,45,200,4
1790489238.854083,1790489241.626006,45179.131376,45181.903299,2771.924,POST,/api/pipeline,True,,1622,46,200,4
1790489238.9005,1790489241.673285,45179.177793,45181.950578,2772.785,POST,/api/pipeline,True,,1622,47,200,4
1790489238.947497,1790489241.719267,45179.22479,45181.99656,2771.77,POST,/api/pipeline,True,,1621,48,200,4
1790489239.002036,1790489241.7754,45179.279329,45182.052693,2773.364,POST,/api/pipeline,True,,1622,49,200,4
1790489239.072243,1790489241.846641,45179.349536,45182.123933,2774.398,POST,/api/pipeline,True,,1622,0,200,4
1790489239.128851,1790489241.901394,45179.406144,45182.178686,2772.543,POST,/api/pipeline,True,,1622,1,200,4
1790489239.176765,1790489241.951702,45179.454058,45182.228995,2774.936,POST,/api/pipeline,True,,1619,2,200,4
1790489239.236055,1790489242.009635,45179.513348,45182.286928,2773.58,POST,/api/pipeline,True,,1621,3,200,4
1790489239.29332,1790489242.069339,45179.570613,45182.346632,2776.019,POST,/api/pipeline,True,,1622,4,200,4
1790489239.361836,1790489242.134573,45179.63913,45182.411866,2772.737,POST,/api/pipeline,True,,1621,5,200,4
1790489239.415781,1790489242.191317,45179.693074,45182.468609,2775.536,POST,/api/pipeline,True,,1622,6,200,4
1790489239.474047,1790489242.245512,45179.75134,45182.522805,2771.465,POST,/api/pipeline,True,,1622,7,200,4
1790489239.527691,1790489242.303017,45179.804984,45182.58031,2775.326,POST,/api/pipeline,True,,1620,8,200,4
1790489239.583925,1790489242.356132,45179.861218,45182.633425,2772.206,POST,/api/pipeline,True,,1621,9,200,4
1790489239.638384,1790489242.412602,45179.915677,45182.689895,2774.218,POST,/api/pipeline,True,,1621,10,200,4
1790489239.695843,1790489242.468329,45179.973136,45182.745622,2772.486,POST,/api/pipeline,True,,1621,11,200,4
1790489239.747646,1790489242.521064,45180.024939,45182.798357,2773.418,POST,/api/pipeline,True,,1621,12,200,4
1790489239.801511,1790489242.575714,45180.078803,45182.853006,2774.203,POST,/api/pipeline,True,,1622,13,200,4
1790489239.85707,1790489242.630168,45180.134363,45182.907461,2773.098,POST,/api/pipeline,True,,1622,14,200,4
1790489239.910856,1790489242.684618,45180.188149,45182.961911,2773.762,POST,/api/pipeline,True,,1622,15,200,4
1790489239.961596,1790489242.733437,45180.238889,45183.01073,2771.841,POST,/api/pipeline,True,,1621,16,200,4
1790489240.015012,1790489242.786634,45180.292305,45183.063927,2771.622,POST,/api/pipeline,True,,1620,17,200,4
1790489240.06195,1790489242.836326,45180.339243,45183.113619,2774.376,POST,/api/pipeline,True,,1621,18,200,4
1790489240.120012,1790489242.893583,45180.397305,45183.170876,2773.571,POST,/api/pipeline,True,,1622,19,200,4
1790489240.174177,1790489242.951349,45180.45147,45183.228642,2777.172,POST,/api/pipeline,True,,1622,20,200,4
1790489240.235461,1790489243.009194,45180.512754,45183.286487,2773.733,POST,/api/pipeline,True,,1622,21,200,4
1790489240.293783,1790489243.068774,45180.571076,45183.346067,2774.991,POST,/api/pipeline,True,,1622,22,200,4
1790489240.349818,1790489243.122633,45180.627111,45183.399926,2772.815,POST,/api/pipeline,True,,1622,23,200,4
1790489240.406672,1790489243.179466,45180.683964,45183.456758,2772.794,POST,/api/pipeline,True,,1621,24,200,4
1790489240.458225,1790489243.231557,45180.735518,45183.50885,2773.333,POST,/api/pipeline,True,,1622,25,200,4
1790489240.511972,1790489243.286019,45180.789265,45183.563311,2774.046,POST,/api/pipeline,True,,1622,26,200,4
1790489240.587897,1790489243.362251,45180.86519,45183.639544,2774.354,POST,/api/pipeline,True,,1620,27,200,4
1790489240.645934,1790489243.420417,45180.923227,45183.69771,2774.483,POST,/api/pipeline,True,,1622,28,200,4
1790489240.679834,1790489243.455171,45180.957127,45183.732464,2775.337,POST,/api/pipeline,True,,1622,29,200,4
1790489240.737839,1790489243.510308,45181.015132,45183.787601,2772.47,POST,/api/pipeline,True,,1621,30,200,4
1790489240.804545,1790489243.57588,45181.081838,45183.853173,2771.335,POST,/api/pipeline,True,,1622,31,200,4
1790489240.846758,1790489243.620865,45181.12405,45183.898157,2774.107,POST,/api/pipeline,True,,1622,32,200,4
1790489240.901467,1790489243.672815,45181.17876,45183.950108,2771.348,POST,/api/pipeline,True,,1621,33,200,4
1790489240.954511,1790489243.726934,45181.231804,45184.004227,2772.423,POST,/api/pipeline,True,,1622,34,200,4
1790489241.004451,1790489243.776016,45181.281743,45184.053309,2771.566,POST,/api/pipeline,True,,1622,35,200,4
1790489241.094598,1790489243.865969,45181.371891,45184.143261,2771.371,POST,/api/pipeline,True,,1622,36,200,4
1790489241.122717,1790489243.894536,45181.40001,45184.171829,2771.819,POST,/api/pipeline,True,,1622,37,200,4
1790489241.176487,1790489243.949021,45181.45378,45184.226314,2772.534,POST,/api/pipeline,True,,1620,38,200,4
1790489241.230778,1790489244.00398,45181.508071,45184.281273,2773.202,POST,/api/pipeline,True,,1622,39,200,4
1790489241.294298,1790489244.070972,45181.571591,45184.348265,2776.674,POST,/api/pipeline,True,,1621,40,200,4
1790489241.355213,1790489244.128854,45181.632506,45184.406146,2773.641,POST,/api/pipeline,True,,1622,41,200,4
1790489241.40634,1790489244.178831,45181.683633,45184.456124,2772.491,POST,/api/pipeline,True,,1621,42,200,4
1790489241.461227,1790489244.239408,45181.73852,45184.516701,2778.181,POST,/api/pipeline,True,,1621,43,200,4
1790489241.519569,1790489244.29318,45181.796862,45184.570473,2773.611,POST,/api/pipeline,True,,1620,44,200,4
1790489241.571487,1790489244.346184,45181.848779,45184.623477,2774.697,POST,/api/pipeline,True,,1620,45,200,4
1790489241.626249,1790489244.400171,45181.903542,45184.677463,2773.921,POST,/api/pipeline,True,,1621,46,200,4
1790489241.673511,1790489244.445641,45181.950804,45184.722934,2772.13,POST,/api/pipeline,True,,1622,47,200,4
1790489241.719475,1790489244.492396,45181.996767,45184.769689,2772.922,POST,/api/pipeline,True,,1621,48,200,4
1790489241.775612,1790489244.549939,45182.052905,45184.827232,2774.327,POST,/api/pipeline,True,,1622,49,200,4
1790489241.847043,1790489244.620443,45182.124336,45184.897736,2773.4,POST,/api/pipeline,True,,1621,0,200,4
1790489241.901606,1790489244.674271,45182.178898,45184.951564,2772.666,POST,/api/pipeline,True,,1622,1,200,4
1790489241.95194,1790489244.726362,45182.229233,45185.003655,2774.422,POST,/api/pipeline,True,,1621,2,200,4
1790489242.00991,1790489244.782341,45182.287203,45185.059634,2772.431,POST,/api/pipeline,True,,1622,3,200,4
1790489242.069549,1790489244.840769,45182.346842,45185.118061,2771.22,POST,/api/pipeline,True,,1622,4,200,4
1790489242.134916,1790489244.908907,45182.412209,45185.1862,2773.991,POST,/api/pipeline,True,,1621,5,200,4
1790489242.191621,1790489244.964018,45182.468914,45185.241311,2772.397,POST,/api/pipeline,True,,1621,6,200,4
1790489242.245723,1790489245.019523,45182.523016,45185.296816,2773.799,POST,/api/pipeline,True,,1622,7,200,4
1790489242.303255,1790489245.075591,45182.580548,45185.352884,2772.336,POST,/api/pipeline,True,,1622,8,200,4
1790489242.356376,1790489245.131184,45182.633669,45185.408477,2774.809,POST,/api/pipeline,True,,1618,9,200,4
1790489242.41286,1790489245.186689,45182.690152,45185.463982,2773.829,POST,/api/pipeline,True,,1620,10,200,4
1790489242.468571,1790489245.241333,45182.745863,45185.518626,2772.762,POST,/api/pipeline,True,,1621,11,200,4
1790489242.521307,1790489245.294485,45182.7986,45185.571778,2773.178,POST,/api/pipeline,True,,1621,12,200,4
1790489242.575943,1790489245.349097,45182.853235,45185.62639,2773.155,POST,/api/pipeline,True,,1621,13,200,4
1790489242.630537,1790489245.402892,45182.90783,45185.680185,2772.355,POST,/api/pipeline,True,,1619,14,200,4
1790489242.684851,1790489245.456298,45182.962144,45185.733591,2771.447,POST,/api/pipeline,True,,1622,15,200,4
1790489242.733691,1790489245.50455,45183.010984,45185.781843,2770.859,POST,/api/pipeline,True,,1621,16,200,4
1790489242.787103,1790489245.563924,45183.064396,45185.841216,2776.821,POST,/api/pipeline,True,,1622,17,200,4
1790489242.836548,1790489245.610022,45183.113841,45185.887315,2773.474,POST,/api/pipeline,True,,1622,18,200,4
1790489242.893845,1790489245.668705,45183.171138,45185.945998,2774.86,POST,/api/pipeline,True,,1621,19,200,4
1790489242.951583,1790489245.727017,45183.228876,45186.00431,2775.433,POST,/api/pipeline,True,,1622,20,200,4
1790489243.009433,1790489245.787224,45183.286726,45186.064517,2777.791,POST,/api/pipeline,True,,1621,21,200,4
1790489243.069007,1790489245.840502,45183.3463,45186.117795,2771.494,POST,/api/pipeline,True,,1622,22,200,4
1790489243.122935,1790489245.897994,45183.400228,45186.175286,2775.059,POST,/api/pipeline,True,,1622,23,200,4
1790489243.17968,1790489245.949858,45183.456973,45186.227151,2770.177,POST,/api/pipeline,True,,1622,24,200,4
1790489243.23178,1790489246.004827,45183.509073,45186.28212,2773.046,POST,/api/pipeline,True,,1621,25,200,4
1790489243.286244,1790489246.057664,45183.563537,45186.334957,2771.42,POST,/api/pipeline,True,,1622,26,200,4
1790489243.362482,1790489246.137177,45183.639775,45186.41447,2774.695,POST,/api/pipeline,True,,1622,27,200,4
1790489243.420665,1790489246.194915,45183.697958,45186.472208,2774.25,POST,/api/pipeline,True,,1622,28,200,4
1790489243.455435,1790489246.22875,45183.732728,45186.506043,2773.315,POST,/api/pipeline,True,,1621,29,200,4
1790489243.510533,1790489246.284332,45183.787826,45186.561625,2773.799,POST,/api/pipeline,True,,1621,30,200,4
1790489243.576111,1790489246.348155,45183.853404,45186.625448,2772.045,POST,/api/pipeline,True,,1621,31,200,4
1790489243.62111,1790489246.394888,45183.898403,45186.672181,2773.777,POST,/api/pipeline,True,,1621,32,200,4
1790489243.67306,1790489246.447178,45183.950353,45186.724471,2774.118,POST,/api/pipeline,True,,1621,33,200,4
1790489243.727186,1790489246.499929,45184.004479,45186.777222,2772.743,POST,/api/pipeline,True,,1621,34,200,4
1790489243.776229,1790489246.548417,45184.053522,45186.825709,2772.187,POST,/api/pipeline,True,,1622,35,200,4
1790489243.866204,1790489246.639753,45184.143497,45186.917046,2773.549,POST,/api/pipeline,True,,1622,36,200,4
1790489243.894757,1790489246.668072,45184.17205,45186.945365,2773.315,POST,/api/pipeline,True,,1620,37,200,4
1790489243.94925,1790489246.721601,45184.226542,45186.998893,2772.351,POST,/api/pipeline,True,,1622,38,200,4
1790489244.004228,1790489246.776111,45184.281521,45187.053404,2771.883,POST,/api/pipeline,True,,1621,39,200,4
1790489244.071228,1790489246.844586,45184.348521,45187.121879,2773.357,POST,/api/pipeline,True,,1622,40,200,4
1790489244.129074,1790489246.901436,45184.406367,45187.178729,2772.362,POST,/api/pipeline,True,,1621,41,200,4
1790489244.17909,1790489246.958052,45184.456383,45187.235345,2778.961,POST,/api/pipeline,True,,1622,42,200,4
1790489244.239619,1790489247.012603,45184.516912,45187.289896,2772.984,POST,/api/pipeline,True,,1622,43,200,4
1790489244.293425,1790489247.065308,45184.570718,45187.342601,2771.884,POST,/api/pipeline,True,,1621,44,200,4
1790489244.346421,1790489247.119557,45184.623714,45187.39685,2773.136,POST,/api/pipeline,True,,1621,45,200,4
1790489244.40045,1790489247.174531,45184.677743,45187.451824,2774.081,POST,/api/pipeline,True,,1622,46,200,4
1790489244.445871,1790489247.21942,45184.723164,45187.496713,2773.55,POST,/api/pipeline,True,,1619,47,200,4
1790489244.492695,1790489247.267635,45184.769988,45187.544928,2774.941,POST,/api/pipeline,True,,1622,48,200,4
1790489244.550156,1790489247.321502,45184.827449,45187.598795,2771.346,POST,/api/pipeline,True,,1622,49,200,4
1790489244.62071,1790489247.39272,45184.898003,45187.670013,2772.01,POST,/api/pipeline,True,,1622,0,200,4
1790489244.674504,1790489247.449668,45184.951797,45187.726961,2775.164,POST,/api/pipeline,True,,1622,1,200,4
1790489244.726591,1790489247.500426,45185.003884,45187.777719,2773.835,POST,/api/pipeline,True,,1622,2,200,4
1790489244.782687,1790489247.555064,45185.05998,45187.832357,2772.376,POST,/api/pipeline,True,,1622,3,200,4
1790489244.840973,1790489247.612942,45185.118266,45187.890235,2771.968,POST,/api/pipeline,True,,1620,4,200,4
1790489244.909137,1790489247.683383,45185.18643,45187.960676,2774.246,POST,/api/pipeline,True,,1622,5,200,4
1790489244.96433,1790489247.737141,45185.241623,45188.014434,2772.811,POST,/api/pipeline,True,,1621,6,200,4
1790489245.019743,1790489247.793546,45185.297036,45188.070839,2773.803,POST,/api/pipeline,True,,1622,7,200,4
1790489245.075847,1790489247.848531,45185.35314,45188.125824,2772.684,POST,/api/pipeline,True,,1621,8,200,4
1790489245.131419,1790489247.907915,45185.408711,45188.185208,2776.496,POST,/api/pipeline,True,,1621,9,200,4
1790489245.187168,1790489247.960113,45185.464461,45188.237406,2772.945,POST,/api/pipeline,True,,1622,10,200,4
1790489245.24157,1790489248.013983,45185.518863,45188.291276,2772.412,POST,/api/pipeline,True,,1622,11,200,4
1790489245.294741,1790489248.067409,45185.572034,45188.344702,2772.668,POST,/api/pipeline,True,,1620,12,200,4
1790489245.349478,1790489248.120287,45185.626771,45188.39758,2770.809,POST,/api/pipeline,True,,1622,13,200,4
1790489245.40316,1790489248.17396,45185.680453,45188.451253,2770.8,POST,/api/pipeline,True,,1622,14,200,4
1790489245.456524,1790489248.22875,45185.733818,45188.506043,2772.226,POST,/api/pipeline,True,,1622,15,200,4
1790489245.50478,1790489248.281024,45185.782073,45188.558317,2776.244,POST,/api/pipeline,True,,1622,16,200,4
1790489245.564153,1790489248.336674,45185.841446,45188.613967,2772.521,POST,/api/pipeline,True,,1621,17,200,4
1790489245.610252,1790489248.385067,45185.887545,45188.66236,2774.815,POST,/api/pipeline,True,,1622,18,200,4
1790489245.668938,1790489248.443922,45185.946232,45188.721215,2774.983,POST,/api/pipeline,True,,1620,19,200,4
1790489245.727334,1790489248.502846,45186.004627,45188.780139,2775.512,POST,/api/pipeline,True,,1622,20,200,4
1790489245.787471,1790489248.561352,45186.064764,45188.838645,2773.881,POST,/api/pipeline,True,,1621,21,200,4
1790489245.840728,1790489248.614572,45186.118021,45188.891865,2773.844,POST,/api/pipeline,True,,1620,22,200,4
1790489245.898219,1790489248.670225,45186.175512,45188.947518,2772.006,POST,/api/pipeline,True,,1621,23,200,4
1790489245.950083,1790489248.723778,45186.227376,45189.001071,2773.695,POST,/api/pipeline,True,,1622,24,200,4
1790489246.005085,1790489248.777198,45186.282377,45189.054491,2772.114,POST,/api/pipeline,True,,1621,25,200,4
1790489246.057883,1790489248.830516,45186.335176,45189.107809,2772.633,POST,/api/pipeline,True,,1621,26,200,4
1790489246.137399,1790489248.911805,45186.414692,45189.189098,2774.406,POST,/api/pipeline,True,,1622,27,200,4
1790489246.195234,1790489248.969267,45186.472527,45189.246559,2774.033,POST,/api/pipeline,True,,1621,28,200,4
1790489246.229007,1790489249.003584,45186.5063,45189.280877,2774.577,POST,/api/pipeline,True,,1621,29,200,4
1790489246.284554,1790489249.05822,45186.561847,45189.335513,2773.666,POST,/api/pipeline,True,,1622,30,200,4
1790489246.348385,1790489249.120475,45186.625678,45189.397768,2772.09,POST,/api/pipeline,True,,1621,31,200,4
1790489246.395116,1790489249.166897,45186.672409,45189.44419,2771.782,POST,/api/pipeline,True,,1621,32,200,4
1790489246.447405,1790489249.220948,45186.724698,45189.49824,2773.542,POST,/api/pipeline,True,,1621,33,200,4
1790489246.500163,1790489249.273812,45186.777456,45189.551105,2773.65,POST,/api/pipeline,True,,1622,34,200,4
1790489246.54865,1790489249.320205,45186.825943,45189.597498,2771.555,POST,/api/pipeline,True,,1620,35,200,4
1790489246.639999,1790489249.412111,45186.917292,45189.689404,2772.112,POST,/api/pipeline,True,,1621,36,200,4
1790489246.668298,1790489249.440074,45186.94559,45189.717367,2771.776,POST,/api/pipeline,True,,1621,37,200,4
1790489246.721838,1790489249.494448,45186.999131,45189.771741,2772.61,POST,/api/pipeline,True,,1621,38,200,4
1790489246.776362,1790489249.55143,45187.053654,45189.828722,2775.068,POST,/api/pipeline,True,,1620,39,200,4
1790489246.844844,1790489249.61609,45187.122137,45189.893383,2771.247,POST,/api/pipeline,True,,1622,40,200,4
1790489246.901639,1790489249.675802,45187.178932,45189.953095,2774.163,POST,/api/pipeline,True,,1621,41,200,4
1790489246.958275,1790489249.731553,45187.235567,45190.008846,2773.278,POST,/api/pipeline,True,,1622,42,200,4
1790489247.01282,1790489249.788672,45187.290113,45190.065965,2775.852,POST,/api/pipeline,True,,1622,43,200,4
1790489247.065567,1790489249.837745,45187.34286,45190.115038,2772.178,POST,/api/pipeline,True,,1621,44,200,4
1790489247.119801,1790489249.893114,45187.397094,45190.170407,2773.313,POST,/api/pipeline,True,,1622,45,200,4
1790489247.174799,1790489249.947776,45187.452092,45190.225069,2772.977,POST,/api/pipeline,True,,1622,46,200,4
1790489247.219666,1790489249.99334,45187.496959,45190.270633,2773.673,POST,/api/pipeline,True,,1622,47,200,4
1790489247.267881,1790489250.038198,45187.545174,45190.315492,2770.317,POST,/api/pipeline,True,,1621,48,200,4
1790489247.321711,1790489250.095225,45187.599004,45190.372518,2773.515,POST,/api/pipeline,True,,1622,49,200,4
1790489247.392952,1790489250.168622,45187.670245,45190.445914,2775.669,POST,/api/pipeline,True,,1622,0,200,4
1790489247.449896,1790489250.221428,45187.727189,45190.498721,2771.532,POST,/api/pipeline,True,,1621,1,200,4
1790489247.500655,1790489250.274685,45187.777948,45190.551978,2774.029,POST,/api/pipeline,True,,1622,2,200,4
1790489247.555309,1790489250.329252,45187.832602,45190.606545,2773.943,POST,/api/pipeline,True,,1622,3,200,4
1790489247.613169,1790489250.38774,45187.890461,45190.665032,2774.571,POST,/api/pipeline,True,,1621,4,200,4
1790489247.68361,1790489250.4557,45187.960903,45190.732993,2772.089,POST,/api/pipeline,True,,1621,5,200,4
1790489247.73737,1790489250.511087,45188.014663,45190.788379,2773.717,POST,/api/pipeline,True,,1621,6,200,4
1790489247.793759,1790489250.570642,45188.071052,45190.847935,2776.883,POST,/api/pipeline,True,,1622,7,200,4
1790489247.848756,1790489250.623544,45188.126049,45190.900837,2774.788,POST,/api/pipeline,True,,1621,8,200,4
1790489247.908196,1790489250.682092,45188.185489,45190.959385,2773.896,POST,/api/pipeline,True,,1622,9,200,4
1790489247.960468,1790489250.732361,45188.237761,45191.009653,2771.893,POST,/api/pipeline,True,,1621,10,200,4
1790489248.014242,1790489250.786914,45188.291534,45191.064206,2772.672,POST,/api/pipeline,True,,1622,11,200,4
1790489248.067697,1790489250.83919,45188.344989,45191.116483,2771.494,POST,/api/pipeline,True,,1622,12,200,4
1790489248.120478,1790489250.892813,45188.397771,45191.170106,2772.335,POST,/api/pipeline,True,,1620,13,200,4
1790489248.174179,1790489250.951275,45188.451472,45191.228568,2777.096,POST,/api/pipeline,True,,1622,14,200,4
1790489248.228976,1790489251.002973,45188.50627,45191.280266,2773.996,POST,/api/pipeline,True,,1622,15,200,4
1790489248.281247,1790489251.05435,45188.558539,45191.331643,2773.104,POST,/api/pipeline,True,,1621,16,200,4
1790489248.336902,1790489251.108276,45188.614195,45191.385569,2771.374,POST,/api/pipeline,True,,1621,17,200,4
1790489248.385298,1790489251.159558,45188.662591,45191.436851,2774.26,POST,/api/pipeline,True,,1622,18,200,4
1790489248.444147,1790489251.218535,45188.721439,45191.495828,2774.388,POST,/api/pipeline,True,,1621,19,200,4
1790489248.503095,1790489251.27667,45188.780388,45191.553963,2773.575,POST,/api/pipeline,True,,1621,20,200,4
1790489248.561585,1790489251.334551,45188.838878,45191.611844,2772.966,POST,/api/pipeline,True,,1622,21,200,4
1790489248.614892,1790489251.388535,45188.892185,45191.665828,2773.642,POST,/api/pipeline,True,,1621,22,200,4
1790489248.670461,1790489251.442098,45188.947754,45191.719391,2771.637,POST,/api/pipeline,True,,1621,23,200,4
1790489248.724014,1790489251.495293,45189.001307,45191.772586,2771.279,POST,/api/pipeline,True,,1621,24,200,4
1790489248.777424,1790489251.548316,45189.054716,45191.825609,2770.892,POST,/api/pipeline,True,,1621,25,200,4
1790489248.83077,1790489251.602681,45189.108063,45191.879974,2771.911,POST,/api/pipeline,True,,1622,26,200,4
1790489248.912033,1790489251.714538,45189.189326,45191.991831,2802.505,POST,/api/pipeline,True,,1622,27,200,4
