start_ts,end_ts,start_mono,end_mono,response_time_ms,request_type,name,success,exception,response_length,user,http_status,stages_logged
1790488885.67684,1790488888.453082,44825.954133,44828.730375,2776.242,POST,/api/pipeline,True,,1622,0,200,4
1790488885.732402,1790488888.508971,44826.009695,44828.786264,2776.569,POST,/api/pipeline,True,,1622,1,200,4
1790488885.787736,1790488888.561705,44826.065029,44828.838998,2773.969,POST,/api/pipeline,True,,1622,2,200,4
1790488885.843173,1790488888.616763,44826.120465,44828.894056,2773.59,POST,/api/pipeline,True,,1622,3,200,4
1790488885.899961,1790488888.67556,44826.177254,44828.952853,2775.6,POST,/api/pipeline,True,,1621,4,200,4
1790488885.954357,1790488888.734339,44826.23165,44829.011632,2779.983,POST,/api/pipeline,True,,1622,5,200,4
1790488886.008877,1790488888.784664,44826.28617,44829.061957,2775.787,POST,/api/pipeline,True,,1622,6,200,4
1790488886.064385,1790488888.841229,44826.341678,44829.118522,2776.844,POST,/api/pipeline,True,,1622,7,200,4
1790488886.11903,1790488888.895204,44826.396323,44829.172497,2776.174,POST,/api/pipeline,True,,1622,8,200,4
1790488886.1747,1790488888.950038,44826.451993,44829.227331,2775.338,POST,/api/pipeline,True,,1622,9,200,4
1790488886.229538,1790488889.004373,44826.506831,44829.281666,2774.835,POST,/api/pipeline,True,,1621,10,200,4
1790488886.285129,1790488889.060063,44826.562422,44829.337356,2774.934,POST,/api/pipeline,True,,1621,11,200,4
1790488886.340086,1790488889.117082,44826.617378,44829.394375,2776.996,POST,/api/pipeline,True,,1621,12,200,4
1790488886.395462,1790488889.170764,44826.672755,44829.448057,2775.302,POST,/api/pipeline,True,,1619,13,200,4
1790488886.451252,1790488889.227905,44826.728545,44829.505198,2776.653,POST,/api/pipeline,True,,1621,14,200,4
1790488886.506386,1790488889.283587,44826.783679,44829.560879,2777.2,POST,/api/pipeline,True,,1622,15,200,4
1790488886.561325,1790488889.337194,44826.838617,44829.614487,2775.869,POST,/api/pipeline,True,,1620,16,200,4
1790488886.61675,1790488889.38884,44826.894043,44829.666133,2772.09,POST,/api/pipeline,True,,1622,17,200,4
1790488886.672797,1790488889.448835,44826.95009,44829.726128,2776.038,POST,/api/pipeline,True,,1622,18,200,4
1790488886.727433,1790488889.502146,44827.004726,44829.779439,2774.713,POST,/api/pipeline,True,,1622,19,200,4
1790488886.781944,1790488889.559738,44827.059237,44829.837031,2777.794,POST,/api/pipeline,True,,1622,20,200,4
1790488886.837789,1790488889.613632,44827.115082,44829.890925,2775.843,POST,/api/pipeline,True,,1622,21,200,4
1790488886.892588,1790488889.667684,44827.169881,44829.944977,2775.096,POST,/api/pipeline,True,,1621,22,200,4
1790488886.950672,1790488889.72597,44827.227965,44830.003263,2775.298,POST,/api/pipeline,True,,1622,23,200,4
1790488887.003929,1790488889.778202,44827.281222,44830.055495,2774.273,POST,/api/pipeline,True,,1620,24,200,4
1790488887.058281,1790488889.833984,44827.335574,44830.111277,2775.703,POST,/api/pipeline,True,,1621,25,200,4
1790488887.113629,1790488889.891806,44827.390921,44830.169099,2778.177,POST,/api/pipeline,True,,1622,26,200,4
1790488887.16907,1790488889.957885,44827.446362,44830.235178,2788.815,POST,/api/pipeline,True,,1620,27,200,4
1790488887.223948,1790488890.015739,44827.501241,44830.293032,2791.791,POST,/api/pipeline,True,,1621,28,200,4
1790488887.279485,1790488890.056925,44827.556778,44830.334218,2777.44,POST,/api/pipeline,True,,1622,29,200,4
1790488887.334418,1790488890.110359,44827.611711,44830.387652,2775.941,POST,/api/pipeline,True,,1622,30,200,4
1790488887.389526,1790488890.166449,44827.666819,44830.443742,2776.923,POST,/api/pipeline,True,,1621,31,200,4
1790488887.444861,1790488890.219187,44827.722154,44830.49648,2774.326,POST,/api/pipeline,True,,1622,32,200,4
1790488887.500868,1790488890.274156,44827.77816,44830.551449,2773.289,POST,/api/pipeline,True,,1622,33,200,4
1790488887.555252,1790488890.332947,44827.832545,44830.61024,2777.695,POST,/api/pipeline,True,,1622,34,200,4
1790488887.610508,1790488890.390304,44827.887801,44830.667597,2779.796,POST,/api/pipeline,True,,1622,35,200,4
1790488887.689544,1790488890.465507,44827.966837,44830.7428,2775.963,POST,/api/pipeline,True,,1622,36,200,4
1790488887.720967,1790488890.49742,44827.99826,44830.774713,2776.453,POST,/api/pipeline,True,,1622,37,200,4
1790488887.776261,1790488890.550095,44828.053554,44830.827388,2773.834,POST,/api/pipeline,True,,1622,38,200,4
1790488887.831802,1790488890.608772,44828.109095,44830.886065,2776.97,POST,/api/pipeline,True,,1621,39,200,4
1790488887.887909,1790488890.665764,44828.165202,44830.943057,2777.855,POST,/api/pipeline,True,,1622,40,200,4
1790488887.942492,1790488890.717729,44828.219784,44830.995022,2775.238,POST,/api/pipeline,True,,1622,41,200,4
1790488887.997074,1790488890.773671,44828.274367,44831.050964,2776.597,POST,/api/pipeline,True,,1622,42,200,4
1790488888.053396,1790488890.827311,44828.330689,44831.104604,2773.915,POST,/api/pipeline,True,,1621,43,200,4
1790488888.107556,1790488890.882969,44828.384849,44831.160262,2775.412,POST,/api/pipeline,True,,1621,44,200,4
1790488888.163038,1790488890.939741,44828.440331,44831.217033,2776.703,POST,/api/pipeline,True,,1622,45,200,4
1790488888.219682,1790488890.997284,44828.496974,44831.274577,2777.602,POST,/api/pipeline,True,,1622,46,200,4
1790488888.273351,1790488891.050806,44828.550644,44831.328099,2777.456,POST,/api/pipeline,True,,1622,47,200,4
1790488888.329115,1790488891.105226,44828.606408,44831.382519,2776.111,POST,/api/pipeline,True,,1620,48,200,4
1790488888.383896,1790488891.159741,44828.661189,44831.437034,2775.845,POST,/api/pipeline,True,,1622,49,200,4
1790488888.45345,1790488891.226447,44828.730743,44831.503739,2772.996,POST,/api/pipeline,True,,1622,0,200,4
1790488888.509221,1790488891.28166,44828.786514,44831.558953,2772.439,POST,/api/pipeline,True,,1621,1,200,4
1790488888.561982,1790488891.336689,44828.839275,44831.613981,2774.707,POST,/api/pipeline,True,,1620,2,200,4
1790488888.616991,1790488891.391332,44828.894284,44831.668625,2774.341,POST,/api/pipeline,True,,1622,3,200,4
1790488888.675875,1790488891.450474,44828.953168,44831.727767,2774.599,POST,/api/pipeline,True,,1622,4,200,4
1790488888.734565,1790488891.505401,44829.011858,44831.782694,2770.836,POST,/api/pipeline,True,,1622,5,200,4
1790488888.784883,1790488891.558656,44829.062176,44831.835948,2773.772,POST,/api/pipeline,True,,1622,6,200,4
1790488888.841539,1790488891.613435,44829.118832,44831.890728,2771.896,POST,/api/pipeline,True,,1620,7,200,4
1790488888.895424,1790488891.66888,44829.172717,44831.946173,2773.456,POST,/api/pipeline,True,,1621,8,200,4
1790488888.950264,1790488891.723144,44829.227557,44832.000437,2772.88,POST,/api/pipeline,True,,1622,9,200,4
1790488889.004625,1790488891.780163,44829.281918,44832.057456,2775.538,POST,/api/pipeline,True,,1621,10,200,4
1790488889.0603,1790488891.833583,44829.337593,44832.110876,2773.283,POST,/api/pipeline,True,,1622,11,200,4
1790488889.117298,1790488891.889101,44829.394591,44832.166394,2771.803,POST,/api/pipeline,True,,1621,12,200,4
1790488889.171032,1790488891.946951,44829.448325,44832.224244,2775.919,POST,/api/pipeline,True,,1622,13,200,4
1790488889.228139,1790488892.003589,44829.505432,44832.280882,2775.45,POST,/api/pipeline,True,,1622,14,200,4
1790488889.283868,1790488892.056193,44829.561161,44832.333486,2772.325,POST,/api/pipeline,True,,1622,15,200,4
1790488889.337552,1790488892.109848,44829.614845,44832.387141,2772.297,POST,/api/pipeline,True,,1620,16,200,4
1790488889.389071,1790488892.164385,44829.666364,44832.441678,2775.314,POST,/api/pipeline,True,,1621,17,200,4
1790488889.449062,1790488892.221758,44829.726355,44832.499051,2772.696,POST,/api/pipeline,True,,1621,18,200,4
1790488889.502394,1790488892.275886,44829.779687,44832.553178,2773.491,POST,/api/pipeline,True,,1622,19,200,4
1790488889.55996,1790488892.333294,44829.837253,44832.610587,2773.334,POST,/api/pipeline,True,,1622,20,200,4
1790488889.613993,1790488892.386683,44829.891285,44832.663976,2772.691,POST,/api/pipeline,True,,1622,21,200,4
1790488889.667949,1790488892.439964,44829.945242,44832.717257,2772.015,POST,/api/pipeline,True,,1622,22,200,4
1790488889.726188,1790488892.498657,44830.003481,44832.77595,2772.469,POST,/api/pipeline,True,,1622,23,200,4
1790488889.778419,1790488892.555677,44830.055711,44832.83297,2777.259,POST,/api/pipeline,True,,1621,24,200,4
1790488889.834217,1790488892.608873,44830.111509,44832.886166,2774.657,POST,/api/pipeline,True,,1622,25,200,4
1790488889.892081,1790488892.665859,44830.169374,44832.943152,2773.778,POST,/api/pipeline,True,,1622,26,200,4
1790488889.958112,1790488892.732193,44830.235405,44833.009486,2774.081,POST,/api/pipeline,True,,1622,27,200,4
1790488890.015993,1790488892.79062,44830.293286,44833.067913,2774.626,POST,/api/pipeline,True,,1621,28,200,4
1790488890.057131,1790488892.828811,44830.334424,44833.106104,2771.68,POST,/api/pipeline,True,,1622,29,200,4
1790488890.11064,1790488892.882814,44830.387933,44833.160107,2772.174,POST,/api/pipeline,True,,1621,30,200,4
1790488890.166698,1790488892.937601,44830.443991,44833.214894,2770.903,POST,/api/pipeline,True,,1621,31,200,4
1790488890.21946,1790488892.992596,44830.496754,44833.26989,2773.136,POST,/api/pipeline,True,,1622,32,200,4
1790488890.274369,1790488893.050586,44830.551662,44833.327879,2776.217,POST,/api/pipeline,True,,1621,33,200,4
1790488890.333217,1790488893.111003,44830.610509,44833.388296,2777.786,POST,/api/pipeline,True,,1622,34,200,4
1790488890.390657,1790488893.162788,44830.66795,44833.44008,2772.13,POST,/api/pipeline,True,,1622,35,200,4
1790488890.465731,1790488893.239868,44830.743024,44833.517161,2774.137,POST,/api/pipeline,True,,1620,36,200,4
1790488890.497677,1790488893.269215,44830.774969,44833.546508,2771.538,POST,/api/pipeline,True,,1622,37,200,4
1790488890.550323,1790488893.322636,44830.827616,44833.599929,2772.313,POST,/api/pipeline,True,,1622,38,200,4
1790488890.60903,1790488893.381325,44830.886323,44833.658618,2772.295,POST,/api/pipeline,True,,1622,39,200,4
1790488890.665998,1790488893.439538,44830.943291,44833.716831,2773.54,POST,/api/pipeline,True,,1622,40,200,4
1790488890.717957,1790488893.491733,44830.99525,44833.769026,2773.776,POST,/api/pipeline,True,,1622,41,200,4
1790488890.773929,1790488893.545644,44831.051222,44833.822936,2771.714,POST,/api/pipeline,True,,1622,42,200,4
1790488890.827532,1790488893.601846,44831.104825,44833.879139,2774.314,POST,/api/pipeline,True,,1622,43,200,4
1790488890.883193,1790488893.657145,44831.160486,44833.934438,2773.952,POST,/api/pipeline,True,,1622,44,200,4
1790488890.939977,1790488893.715456,44831.21727,44833.992749,2775.479,POST,/api/pipeline,True,,1621,45,200,4
1790488890.997523,1790488893.770514,44831.274816,44834.047807,2772.991,POST,/api/pipeline,True,,1622,46,200,4
1790488891.051077,1790488893.824205,44831.32837,44834.101498,2773.128,POST,/api/pipeline,True,,1622,47,200,4
1790488891.105447,1790488893.877982,44831.382739,44834.155275,2772.536,POST,/api/pipeline,True,,1621,48,200,4
1790488891.15997,1790488893.929992,44831.437263,44834.207285,2770.022,POST,/api/pipeline,True,,1621,49,200,4
1790488891.22666,1790488894.000327,44831.503953,44834.27762,2773.667,POST,/api/pipeline,True,,1622,0,200,4
1790488891.281885,1790488894.057106,44831.559178,44834.334399,2775.221,POST,/api/pipeline,True,,1620,1,200,4
1790488891.337012,1790488894.109238,44831.614305,44834.386531,2772.226,POST,/api/pipeline,True,,1619,2,200,4
1790488891.391563,1790488894.165052,44831.668856,44834.442344,2773.488,POST,/api/pipeline,True,,1621,3,200,4
1790488891.450701,1790488894.224252,44831.727993,44834.501545,2773.551,POST,/api/pipeline,True,,1621,4,200,4
1790488891.505627,1790488894.277627,44831.78292,44834.55492,2771.999,POST,/api/pipeline,True,,1620,5,200,4
1790488891.558995,1790488894.33057,44831.836288,44834.607863,2771.576,POST,/api/pipeline,True,,1621,6,200,4
1790488891.613672,1790488894.388443,44831.890965,44834.665736,2774.771,POST,/api/pipeline,True,,1622,7,200,4
1790488891.669218,1790488894.441049,44831.946511,44834.718342,2771.831,POST,/api/pipeline,True,,1622,8,200,4
1790488891.723405,1790488894.498068,44832.000698,44834.775361,2774.663,POST,/api/pipeline,True,,1622,9,200,4
1790488891.780419,1790488894.552616,44832.057712,44834.829909,2772.196,POST,/api/pipeline,True,,1621,10,200,4
1790488891.833818,1790488894.60568,44832.111111,44834.882972,2771.861,POST,/api/pipeline,True,,1621,11,200,4
1790488891.8893,1790488894.66335,44832.166593,44834.940643,2774.051,POST,/api/pipeline,True,,1621,12,200,4
1790488891.947172,1790488894.721875,44832.224465,44834.999168,2774.703,POST,/api/pipeline,True,,1622,13,200,4
1790488892.00388,1790488894.776543,44832.281173,44835.053836,2772.664,POST,/api/pipeline,True,,1622,14,200,4
1790488892.056465,1790488894.829198,44832.333758,44835.10649,2772.733,POST,/api/pipeline,True,,1622,15,200,4
1790488892.110098,1790488894.883483,44832.387391,44835.160775,2773.385,POST,/api/pipeline,True,,1622,16,200,4
1790488892.164617,1790488894.940859,44832.44191,44835.218152,2776.242,POST,/api/pipeline,True,,1621,17,200,4
1790488892.221982,1790488894.993277,44832.499275,44835.27057,2771.295,POST,/api/pipeline,True,,1621,18,200,4
1790488892.276242,1790488895.05479,44832.553534,44835.332082,2778.548,POST,/api/pipeline,True,,1622,19,200,4
1790488892.333515,1790488895.104094,44832.610808,44835.381386,2770.579,POST,/api/pipeline,True,,1622,20,200,4
1790488892.387055,1790488895.159125,44832.664348,44835.436418,2772.07,POST,/api/pipeline,True,,1622,21,200,4
1790488892.440276,1790488895.212538,44832.717569,44835.48983,2772.262,POST,/api/pipeline,True,,1622,22,200,4
1790488892.499,1790488895.273399,44832.776293,44835.550692,2774.399,POST,/api/pipeline,True,,1621,23,200,4
1790488892.555899,1790488895.327787,44832.833192,44835.60508,2771.888,POST,/api/pipeline,True,,1622,24,200,4
1790488892.609207,1790488895.382862,44832.8865,44835.660155,2773.654,POST,/api/pipeline,True,,1622,25,200,4
1790488892.666083,1790488895.439483,44832.943376,44835.716776,2773.4,POST,/api/pipeline,True,,1621,26,200,4
1790488892.732453,1790488895.507144,44833.009745,44835.784437,2774.691,POST,/api/pipeline,True,,1622,27,200,4
1790488892.790948,1790488895.56528,44833.068241,44835.842573,2774.332,POST,/api/pipeline,True,,1622,28,200,4
1790488892.82903,1790488895.600852,44833.106323,44835.878145,2771.822,POST,/api/pipeline,True,,1622,29,200,4
1790488892.883084,1790488895.655707,44833.160377,44835.933,2772.623,POST,/api/pipeline,True,,1622,30,200,4
1790488892.93781,1790488895.71324,44833.215103,44835.990533,2775.43,POST,/api/pipeline,True,,1621,31,200,4
1790488892.992823,1790488895.768496,44833.270116,44836.045789,2775.673,POST,/api/pipeline,True,,1621,32,200,4
1790488893.050908,1790488895.827366,44833.328201,44836.104659,2776.458,POST,/api/pipeline,True,,1621,33,200,4
1790488893.111278,1790488895.884659,44833.388571,44836.161952,2773.382,POST,/api/pipeline,True,,1622,34,200,4
1790488893.16306,1790488895.937191,44833.440353,44836.214484,2774.131,POST,/api/pipeline,True,,1621,35,200,4
1790488893.240197,1790488896.010836,44833.517489,44836.288129,2770.639,POST,/api/pipeline,True,,1621,36,200,4
1790488893.269497,1790488896.039837,44833.546791,44836.31713,2770.339,POST,/api/pipeline,True,,1622,37,200,4
1790488893.32293,1790488896.096846,44833.600223,44836.374139,2773.916,POST,/api/pipeline,True,,1621,38,200,4
1790488893.38154,1790488896.155929,44833.658833,44836.433222,2774.389,POST,/api/pipeline,True,,1622,39,200,4
1790488893.43977,1790488896.21297,44833.717063,44836.490263,2773.2,POST,/api/pipeline,True,,1622,40,200,4
1790488893.491976,1790488896.265905,44833.769269,44836.543198,2773.929,POST,/api/pipeline,True,,1622,41,200,4
1790488893.545864,1790488896.322422,44833.823157,44836.599715,2776.558,POST,/api/pipeline,True,,1621,42,200,4
1790488893.602082,1790488896.375587,44833.879374,44836.65288,2773.505,POST,/api/pipeline,True,,1619,43,200,4
1790488893.657408,1790488896.436249,44833.934701,44836.713542,2778.841,POST,/api/pipeline,True,,1622,44,200,4
1790488893.715703,1790488896.489153,44833.992997,44836.766446,2773.45,POST,/api/pipeline,True,,1621,45,200,4
1790488893.770761,1790488896.542525,44834.048054,44836.819817,2771.764,POST,/api/pipeline,True,,1622,46,200,4
1790488893.824466,1790488896.597399,44834.101759,44836.874692,2772.933,POST,/api/pipeline,True,,1622,47,200,4
1790488893.878213,1790488896.650574,44834.155506,44836.927867,2772.361,POST,/api/pipeline,True,,1622,48,200,4
1790488893.930221,1790488896.702301,44834.207513,44836.979594,2772.081,POST,/api/pipeline,True,,1622,49,200,4
1790488894.000556,1790488896.774041,44834.277849,44837.051334,2773.485,POST,/api/pipeline,True,,1622,0,200,4
1790488894.057321,1790488896.829061,44834.334614,44837.106354,2771.739,POST,/api/pipeline,True,,1622,1,200,4
1790488894.1095,1790488896.886398,44834.386792,44837.163691,2776.898,POST,/api/pipeline,True,,1622,2,200,4
1790488894.165286,1790488896.940622,44834.442579,44837.217915,2775.335,POST,/api/pipeline,True,,1621,3,200,4
1790488894.224488,1790488896.996262,44834.501781,44837.273555,2771.775,POST,/api/pipeline,True,,1621,4,200,4
1790488894.277892,1790488897.048466,44834.555185,44837.325759,2770.574,POST,/api/pipeline,True,,1621,5,200,4
1790488894.330903,1790488897.104528,44834.608195,44837.381821,2773.626,POST,/api/pipeline,True,,1621,6,200,4
1790488894.388662,1790488897.159503,44834.665955,44837.436796,2770.841,POST,/api/pipeline,True,,1621,7,200,4
1790488894.441268,1790488897.21416,44834.71856,44837.491453,2772.893,POST,/api/pipeline,True,,1622,8,200,4
1790488894.498351,1790488897.272202,44834.775643,44837.549495,2773.851,POST,/api/pipeline,True,,1622,9,200,4
1790488894.552894,1790488897.324263,44834.830187,44837.601556,2771.369,POST,/api/pipeline,True,,1622,10,200,4
1790488894.605918,1790488897.379396,44834.883211,44837.656689,2773.478,POST,/api/pipeline,True,,1622,11,200,4
1790488894.663562,1790488897.436224,44834.940855,44837.713517,2772.662,POST,/api/pipeline,True,,1621,12,200,4
1790488894.722134,1790488897.495009,44834.999426,44837.772301,2772.875,POST,/api/pipeline,True,,1621,13,200,4
1790488894.776793,1790488897.550268,44835.054087,44837.827561,2773.475,POST,/api/pipeline,True,,1622,14,200,4
1790488894.82946,1790488897.603232,44835.106753,44837.880524,2773.772,POST,/api/pipeline,True,,1621,15,200,4
1790488894.883778,1790488897.657741,44835.16107,44837.935034,2773.963,POST,/api/pipeline,True,,1621,16,200,4
1790488894.941114,1790488897.714912,44835.218407,44837.992205,2773.798,POST,/api/pipeline,True,,1621,17,200,4
1790488894.993525,1790488897.772796,44835.270818,44838.050088,2779.271,POST,/api/pipeline,True,,1620,18,200,4
1790488895.055127,1790488897.827472,44835.33242,44838.104765,2772.345,POST,/api/pipeline,True,,1620,19,200,4
1790488895.104335,1790488897.878163,44835.381628,44838.155456,2773.828,POST,/api/pipeline,True,,1621,20,200,4
1790488895.159367,1790488897.930996,44835.43666,44838.208289,2771.629,POST,/api/pipeline,True,,1621,21,200,4
1790488895.212763,1790488897.984768,44835.490056,44838.262061,2772.006,POST,/api/pipeline,True,,1621,22,200,4
1790488895.273629,1790488898.044835,44835.550922,44838.322128,2771.206,POST,/api/pipeline,True,,1619,23,200,4
1790488895.32802,1790488898.101892,44835.605313,44838.379185,2773.872,POST,/api/pipeline,True,,1622,24,200,4
1790488895.383094,1790488898.15703,44835.660387,44838.434323,2773.936,POST,/api/pipeline,True,,1621,25,200,4
1790488895.439759,1790488898.2111,44835.717052,44838.488393,2771.341,POST,/api/pipeline,True,,1622,26,200,4
1790488895.50746,1790488898.282164,44835.784753,44838.559457,2774.704,POST,/api/pipeline,True,,1621,27,200,4
1790488895.565507,1790488898.340586,44835.8428,44838.617879,2775.079,POST,/api/pipeline,True,,1622,28,200,4
1790488895.601087,1790488898.373412,44835.87838,44838.650705,2772.325,POST,/api/pipeline,True,,1618,29,200,4
1790488895.655966,1790488898.431511,44835.933259,44838.708804,2775.545,POST,/api/pipeline,True,,1622,30,200,4
1790488895.713452,1790488898.487446,44835.990745,44838.764739,2773.994,POST,/api/pipeline,True,,1622,31,200,4
1790488895.768732,1790488898.541381,44836.046024,44838.818674,2772.65,POST,/api/pipeline,True,,1620,32,200,4
1790488895.827595,1790488898.600908,44836.104888,44838.878201,2773.313,POST,/api/pipeline,True,,1622,33,200,4
1790488895.884878,1790488898.659596,44836.162171,44838.936889,2774.719,POST,/api/pipeline,True,,1622,34,200,4
1790488895.937479,1790488898.710705,44836.214772,44838.987998,2773.226,POST,/api/pipeline,True,,1621,35,200,4
1790488896.011128,1790488898.783398,44836.288421,44839.060691,2772.27,POST,/api/pipeline,True,,1622,36,200,4
1790488896.040058,1790488898.813521,44836.317351,44839.090814,2773.463,POST,/api/pipeline,True,,1622,37,200,4
1790488896.097119,1790488898.871932,44836.374412,44839.149225,2774.812,POST,/api/pipeline,True,,1620,38,200,4
1790488896.156141,1790488898.929622,44836.433434,44839.206915,2773.481,POST,/api/pipeline,True,,1621,39,200,4
1790488896.21321,1790488898.986287,44836.490503,44839.26358,2773.077,POST,/api/pipeline,True,,1622,40,200,4
1790488896.266143,1790488899.039666,44836.543435,44839.316959,2773.523,POST,/api/pipeline,True,,1621,41,200,4
1790488896.322663,1790488899.096599,44836.599956,44839.373892,2773.936,POST,/api/pipeline,True,,1620,42,200,4
1790488896.375802,1790488899.153167,44836.653095,44839.43046,2777.365,POST,/api/pipeline,True,,1622,43,200,4
1790488896.436538,1790488899.210135,44836.713831,44839.487428,2773.598,POST,/api/pipeline,True,,1621,44,200,4
1790488896.489412,1790488899.260833,44836.766705,44839.538126,2771.421,POST,/api/pipeline,True,,1622,45,200,4
1790488896.54277,1790488899.315834,44836.820063,44839.593127,2773.064,POST,/api/pipeline,True,,1621,46,200,4
1790488896.597646,1790488899.369761,44836.874939,44839.647054,2772.115,POST,/api/pipeline,True,,1621,47,200,4
1790488896.650893,1790488899.423077,44836.928186,44839.70037,2772.184,POST,/api/pipeline,True,,1622,48,200,4
1790488896.702538,1790488899.477812,44836.979831,44839.755105,2775.274,POST,/api/pipeline,True,,1622,49,200,4
1790488896.774258,1790488899.547324,44837.051551,44839.824617,2773.066,POST,/api/pipeline,True,,1622,0,200,4
1790488896.829291,1790488899.604063,44837.106584,44839.881356,2774.772,POST,/api/pipeline,True,,1622,1,200,4
1790488896.886684,1790488899.659292,44837.163977,44839.936585,2772.609,POST,/api/pipeline,True,,1622,2,200,4
1790488896.940844,1790488899.715688,44837.218137,44839.992981,2774.845,POST,/api/pipeline,True,,1622,3,200,4
1790488896.9965,1790488899.770861,44837.273793,44840.048154,2774.361,POST,/api/pipeline,True,,1622,4,200,4
1790488897.048797,1790488899.82291,44837.326089,44840.100203,2774.114,POST,/api/pipeline,True,,1622,5,200,4
1790488897.104751,1790488899.877945,44837.382044,44840.155238,2773.194,POST,/api/pipeline,True,,1621,6,200,4
1790488897.159736,1790488899.933097,44837.437029,44840.21039,2773.36,POST,/api/pipeline,True,,1621,7,200,4
1790488897.214394,1790488899.98995,44837.491687,44840.267243,2775.557,POST,/api/pipeline,True,,1622,8,200,4
1790488897.272443,1790488900.043043,44837.549735,44840.320336,2770.601,POST,/api/pipeline,True,,1621,9,200,4
1790488897.324509,1790488900.099047,44837.601802,44840.37634,2774.538,POST,/api/pipeline,True,,1622,10,200,4
1790488897.379634,1790488900.150896,44837.656927,44840.428189,2771.261,POST,/api/pipeline,True,,1622,11,200,4
1790488897.436425,1790488900.209091,44837.713718,44840.486384,2772.666,POST,/api/pipeline,True,,1621,12,200,4
1790488897.495271,1790488900.267406,44837.772564,44840.544698,2772.134,POST,/api/pipeline,True,,1621,13,200,4
1790488897.550516,1790488900.324923,44837.82781,44840.602216,2774.406,POST,/api/pipeline,True,,1622,14,200,4
1790488897.603528,1790488900.376374,44837.880821,44840.653668,2772.847,POST,/api/pipeline,True,,1622,15,200,4
1790488897.65797,1790488900.431737,44837.935263,44840.70903,2773.767,POST,/api/pipeline,True,,1622,16,200,4
1790488897.715186,1790488900.489911,44837.992479,44840.767204,2774.725,POST,/api/pipeline,True,,1622,17,200,4
1790488897.773018,1790488900.546637,44838.050311,44840.82393,2773.619,POST,/api/pipeline,True,,1622,18,200,4
1790488897.827715,1790488900.598524,44838.105008,44840.875817,2770.809,POST,/api/pipeline,True,,1622,19,200,4
1790488897.8784,1790488900.651578,44838.155693,44840.928871,2773.178,POST,/api/pipeline,True,,1622,20,200,4
1790488897.931255,1790488900.704415,44838.208547,44840.981707,2773.16,POST,/api/pipeline,True,,1622,21,200,4
1790488897.984999,1790488900.758368,44838.262292,44841.035661,2773.369,POST,/api/pipeline,True,,1621,22,200,4
1790488898.045087,1790488900.818436,44838.322379,44841.095729,2773.349,POST,/api/pipeline,True,,1622,23,200,4
1790488898.102102,1790488900.877961,44838.379395,44841.155254,2775.859,POST,/api/pipeline,True,,1620,24,200,4
1790488898.157258,1790488900.928864,44838.434551,44841.206157,2771.607,POST,/api/pipeline,True,,1621,25,200,4
1790488898.211332,1790488900.982878,44838.488624,44841.260171,2771.547,POST,/api/pipeline,True,,1622,26,200,4
1790488898.282403,1790488901.056469,44838.559696,44841.333762,2774.066,POST,/api/pipeline,True,,1620,27,200,4
1790488898.340817,1790488901.113476,44838.61811,44841.390769,2772.66,POST,/api/pipeline,True,,1621,28,200,4
1790488898.37365,1790488901.148266,44838.650942,44841.425559,2774.617,POST,/api/pipeline,True,,1621,29,200,4
1790488898.431829,1790488901.20593,44838.709122,44841.483223,2774.1,POST,/api/pipeline,True,,1621,30,200,4
1790488898.487642,1790488901.259702,44838.764935,44841.536995,2772.06,POST,/api/pipeline,True,,1620,31,200,4
1790488898.54162,1790488901.314536,44838.818913,44841.591829,2772.916,POST,/api/pipeline,True,,1622,32,200,4
1790488898.601204,1790488901.375713,44838.878497,44841.653006,2774.509,POST,/api/pipeline,True,,1621,33,200,4
1790488898.659823,1790488901.432069,44838.937116,44841.709362,2772.246,POST,/api/pipeline,True,,1619,34,200,4
1790488898.711121,1790488901.485332,44838.988413,44841.762624,2774.211,POST,/api/pipeline,True,,1622,35,200,4
1790488898.783669,1790488901.556461,44839.060962,44841.833754,2772.792,POST,/api/pipeline,True,,1622,36,200,4
1790488898.813751,1790488901.588176,44839.091044,44841.865469,2774.424,POST,/api/pipeline,True,,1621,37,200,4
1790488898.872172,1790488901.647766,44839.149465,44841.925059,2775.594,POST,/api/pipeline,True,,1619,38,200,4
1790488898.929964,1790488901.702787,44839.207256,44841.980079,2772.823,POST,/api/pipeline,True,,1621,39,200,4
1790488898.986566,1790488901.75802,44839.263858,44842.035313,2771.455,POST,/api/pipeline,True,,1622,40,200,4
1790488899.039919,1790488901.814651,44839.317212,44842.091944,2774.732,POST,/api/pipeline,True,,1621,41,200,4
1790488899.096872,1790488901.867955,44839.374165,44842.145248,2771.083,POST,/api/pipeline,True,,1620,42,200,4
1790488899.15342,1790488901.92751,44839.430713,44842.204803,2774.09,POST,/api/pipeline,True,,1622,43,200,4
1790488899.210397,1790488901.982566,44839.48769,44842.259859,2772.169,POST,/api/pipeline,True,,1622,44,200,4
1790488899.261064,1790488902.034404,44839.538357,44842.311697,2773.34,POST,/api/pipeline,True,,1621,45,200,4
1790488899.316099,1790488902.088529,44839.593392,44842.365822,2772.43,POST,/api/pipeline,True,,1620,46,200,4
1790488899.370052,1790488902.141339,44839.647345,44842.418632,2771.287,POST,/api/pipeline,True,,1622,47,200,4
1790488899.423325,1790488902.199538,44839.700618,44842.476831,2776.213,POST,/api/pipeline,True,,1620,48,200,4
1790488899.47806,1790488902.250564,44839.755353,44842.527857,2772.505,POST,/api/pipeline,True,,1622,49,200,4
1790488899.547556,1790488902.320329,44839.824849,44842.597621,2772.773,POST,/api/pipeline,True,,1620,0,200,4
1790488899.604283,1790488902.377863,44839.881576,44842.655156,2773.58,POST,/api/pipeline,True,,1622,1,200,4
1790488899.659546,1790488902.434207,44839.936839,44842.7115,2774.661,POST,/api/pipeline,True,,1622,2,200,4
1790488899.71592,1790488902.489995,44839.993213,44842.767288,2774.075,POST,/api/pipeline,True,,1620,3,200,4
1790488899.771149,1790488902.543285,44840.048442,44842.820578,2772.136,POST,/api/pipeline,True,,1621,4,200,4
1790488899.823168,1790488902.596864,44840.10046,44842.874156,2773.696,POST,/api/pipeline,True,,1622,5,200,4
1790488899.878174,1790488902.65128,44840.155467,44842.928573,2773.107,POST,/api/pipeline,True,,1620,6,200,4
1790488899.933336,1790488902.70887,44840.210629,44842.986163,2775.534,POST,/api/pipeline,True,,1621,7,200,4
1790488899.990184,1790488902.761045,44840.267476,44843.038338,2770.861,POST,/api/pipeline,True,,1622,8,200,4
1790488900.043276,1790488902.81548,44840.320569,44843.092773,2772.205,POST,/api/pipeline,True,,1621,9,200,4
1790488900.099307,1790488902.872052,44840.376599,44843.149345,2772.745,POST,/api/pipeline,True,,1622,10,200,4
1790488900.151128,1790488902.925185,44840.428421,44843.202479,2774.057,POST,/api/pipeline,True,,1622,11,200,4
1790488900.209305,1790488902.98213,44840.486597,44843.259423,2772.825,POST,/api/pipeline,True,,1621,12,200,4
1790488900.267659,1790488903.042537,44840.544952,44843.319829,2774.877,POST,/api/pipeline,True,,1618,13,200,4
1790488900.325159,1790488903.097866,44840.602452,44843.375159,2772.707,POST,/api/pipeline,True,,1621,14,200,4
1790488900.376608,1790488903.150408,44840.653901,44843.427701,2773.799,POST,/api/pipeline,True,,1622,15,200,4
1790488900.431996,1790488903.205918,44840.709289,44843.483211,2773.922,POST,/api/pipeline,True,,1622,16,200,4
1790488900.490137,1790488903.263992,44840.76743,44843.541285,2773.856,POST,/api/pipeline,True,,1622,17,200,4
1790488900.546911,1790488903.317431,44840.824204,44843.594724,2770.521,POST,/api/pipeline,True,,1621,18,200,4
1790488900.598747,1790488903.375885,44840.87604,44843.653178,2777.138,POST,/api/pipeline,True,,1621,19,200,4
1790488900.651796,1790488903.425204,44840.929089,44843.702497,2773.408,POST,/api/pipeline,True,,1621,20,200,4
1790488900.704714,1790488903.478059,44840.982006,44843.755351,2773.345,POST,/api/pipeline,True,,1622,21,200,4
1790488900.758619,1790488903.532788,44841.035912,44843.810081,2774.169,POST,/api/pipeline,True,,1621,22,200,4
1790488900.81891,1790488903.592755,44841.096203,44843.870048,2773.845,POST,/api/pipeline,True,,1622,23,200,4
1790488900.878197,1790488903.64898,44841.15549,44843.926273,2770.783,POST,/api/pipeline,True,,1622,24,200,4
1790488900.929127,1790488903.702328,44841.20642,44843.979621,2773.201,POST,/api/pipeline,True,,1621,25,200,4
1790488900.98312,1790488903.756576,44841.260413,44844.033869,2773.455,POST,/api/pipeline,True,,1622,26,200,4
1790488901.056735,1790488903.828458,44841.334028,44844.105751,2771.723,POST,/api/pipeline,True,,1622,27,200,4
1790488901.113702,1790488903.888043,44841.390995,44844.165336,2774.341,POST,/api/pipeline,True,,1621,28,200,4
1790488901.148524,1790488903.92295,44841.425817,44844.200243,2774.426,POST,/api/pipeline,True,,1622,29,200,4
1790488901.206248,1790488903.97795,44841.483541,44844.255243,2771.703,POST,/api/pipeline,True,,1621,30,200,4
1790488901.259947,1790488904.036041,44841.53724,44844.313334,2776.094,POST,/api/pipeline,True,,1621,31,200,4
1790488901.314792,1790488904.087161,44841.592085,44844.364454,2772.369,POST,/api/pipeline,True,,1622,32,200,4
1790488901.375961,1790488904.149445,44841.653254,44844.426738,2773.484,POST,/api/pipeline,True,,1622,33,200,4
1790488901.432304,1790488904.204032,44841.709597,44844.481325,2771.728,POST,/api/pipeline,True,,1622,34,200,4
1790488901.485608,1790488904.257975,44841.762901,44844.535268,2772.367,POST,/api/pipeline,True,,1622,35,200,4
1790488901.55677,1790488904.327914,44841.834063,44844.605206,2771.143,POST,/api/pipeline,True,,1621,36,200,4
1790488901.588399,1790488904.363941,44841.865692,44844.641234,2775.542,POST,/api/pipeline,True,,1621,37,200,4
1790488901.648009,1790488904.422137,44841.925302,44844.69943,2774.128,POST,/api/pipeline,True,,1622,38,200,4
1790488901.70316,1790488904.476362,44841.980453,44844.753655,2773.202,POST,/api/pipeline,True,,1622,39,200,4
1790488901.758258,1790488904.531913,44842.035551,44844.809206,2773.654,POST,/api/pipeline,True,,1621,40,200,4
1790488901.814986,1790488904.587204,44842.092279,44844.864497,2772.218,POST,/api/pipeline,True,,1622,41,200,4
1790488901.868184,1790488904.64033,44842.145477,44844.917623,2772.146,POST,/api/pipeline,True,,1622,42,200,4
1790488901.927734,1790488904.700345,44842.205027,44844.977638,2772.611,POST,/api/pipeline,True,,1619,43,200,4
1790488901.982927,1790488904.755576,44842.260219,44845.032869,2772.65,POST,/api/pipeline,True,,1622,44,200,4
1790488902.034655,1790488904.809036,44842.311948,44845.086328,2774.381,POST,/api/pipeline,True,,1622,45,200,4
1790488902.08878,1790488904.862688,44842.366073,44845.139981,2773.908,POST,/api/pipeline,True,,1622,46,200,4
1790488902.141573,1790488904.916378,44842.418867,44845.193671,2774.805,POST,/api/pipeline,True,,1621,47,200,4
1790488902.199771,1790488904.973599,44842.477064,44845.250892,2773.828,POST,/api/pipeline,True,,1622,48,200,4
1790488902.250934,1790488905.027183,44842.528227,44845.304476,2776.249,POST,/api/pipeline,True,,1622,49,200,4
1790488902.320602,1790488905.093893,44842.597895,44845.371186,2773.291,POST,/api/pipeline,True,,1619,0,200,4
1790488902.378206,1790488905.151734,44842.655499,44845.429026,2773.528,POST,/api/pipeline,True,,1622,1,200,4
1790488902.434479,1790488905.211191,44842.711772,44845.488484,2776.711,POST,/api/pipeline,True,,1621,2,200,4
1790488902.490257,1790488905.261982,44842.76755,44845.539275,2771.725,POST,/api/pipeline,True,,1620,3,200,4
1790488902.54354,1790488905.315156,44842.820833,44845.592448,2771.615,POST,/api/pipeline,True,,1620,4,200,4
1790488902.597108,1790488905.369737,44842.874401,44845.64703,2772.629,POST,/api/pipeline,True,,1621,5,200,4
1790488902.651508,1790488905.424889,44842.928801,44845.702182,2773.381,POST,/api/pipeline,True,,1621,6,200,4
1790488902.709083,1790488905.480334,44842.986376,44845.757627,2771.251,POST,/api/pipeline,True,,1622,7,200,4
1790488902.761279,1790488905.533848,44843.038572,44845.811141,2772.569,POST,/api/pipeline,True,,1622,8,200,4
1790488902.815712,1790488905.591149,44843.093005,44845.868442,2775.437,POST,/api/pipeline,True,,1622,9,200,4
1790488902.872284,1790488905.643389,44843.149577,44845.920682,2771.105,POST,/api/pipeline,True,,1621,10,200,4
1790488902.925426,1790488905.698633,44843.202719,44845.975926,2773.207,POST,/api/pipeline,True,,1621,11,200,4
1790488902.982379,1790488905.75702,44843.259672,44846.034312,2774.64,POST,/api/pipeline,True,,1620,12,200,4
1790488903.042923,1790488905.816544,44843.320216,44846.093837,2773.621,POST,/api/pipeline,True,,1621,13,200,4
1790488903.098107,1790488905.870358,44843.3754,44846.147651,2772.25,POST,/api/pipeline,True,,1621,14,200,4
1790488903.15075,1790488905.924556,44843.428043,44846.201849,2773.806,POST,/api/pipeline,True,,1622,15,200,4
1790488903.206158,1790488905.981061,44843.483451,44846.258354,2774.904,POST,/api/pipeline,True,,1621,16,200,4
1790488903.264313,1790488906.035817,44843.541606,44846.31311,2771.504,POST,/api/pipeline,True,,1622,17,200,4
1790488903.317651,1790488906.089941,44843.594944,44846.367234,2772.29,POST,/api/pipeline,True,,1621,18,200,4
1790488903.376112,1790488906.149573,44843.653405,44846.426866,2773.461,POST,/api/pipeline,True,,1621,19,200,4
1790488903.425425,1790488906.196925,44843.702718,44846.474218,2771.5,POST,/api/pipeline,True,,1621,20,200,4
1790488903.478286,1790488906.251542,44843.755579,44846.528835,2773.256,POST,/api/pipeline,True,,1622,21,200,4
1790488903.533037,1790488906.305799,44843.81033,44846.583092,2772.762,POST,/api/pipeline,True,,1622,22,200,4
1790488903.593002,1790488906.366215,44843.870295,44846.643508,2773.213,POST,/api/pipeline,True,,1621,23,200,4
1790488903.649273,1790488906.420339,44843.926566,44846.697632,2771.066,POST,/api/pipeline,True,,1622,24,200,4
1790488903.702639,1790488906.475497,44843.979932,44846.75279,2772.858,POST,/api/pipeline,True,,1622,25,200,4
1790488903.756815,1790488906.528913,44844.034108,44846.806205,2772.097,POST,/api/pipeline,True,,1622,26,200,4
1790488903.828684,1790488906.601375,44844.105977,44846.878668,2772.691,POST,/api/pipeline,True,,1621,27,200,4
1790488903.888355,1790488906.659949,44844.165649,44846.937242,2771.594,POST,/api/pipeline,True,,1622,28,200,4
1790488903.923192,1790488906.696126,44844.200485,44846.973419,2772.934,POST,/api/pipeline,True,,1621,29,200,4
1790488903.978213,1790488906.753085,44844.255505,44847.030377,2774.872,POST,/api/pipeline,True,,1621,30,200,4
1790488904.036348,1790488906.810648,44844.313641,44847.087941,2774.3,POST,/api/pipeline,True,,1622,31,200,4
1790488904.087419,1790488906.862171,44844.364711,44847.139464,2774.753,POST,/api/pipeline,True,,1621,32,200,4
1790488904.149676,1790488906.92467,44844.426969,44847.201962,2774.994,POST,/api/pipeline,True,,1622,33,200,4
1790488904.204277,1790488906.977028,44844.48157,44847.254321,2772.751,POST,/api/pipeline,True,,1619,34,200,4
1790488904.258214,1790488907.031046,44844.535507,44847.308338,2772.832,POST,/api/pipeline,True,,1622,35,200,4
1790488904.328199,1790488907.10052,44844.605492,44847.377813,2772.321,POST,/api/pipeline,True,,1622,36,200,4
1790488904.364169,1790488907.138969,44844.641461,44847.416262,2774.801,POST,/api/pipeline,True,,1622,37,200,4
1790488904.422361,1790488907.196629,44844.699654,44847.473921,2774.268,POST,/api/pipeline,True,,1622,38,200,4
1790488904.476588,1790488907.249901,44844.75388,44847.527194,2773.313,POST,/api/pipeline,True,,1622,39,200,4
1790488904.532172,1790488907.305747,44844.809464,44847.583039,2773.575,POST,/api/pipeline,True,,1621,40,200,4
1790488904.587448,1790488907.358122,44844.864741,44847.635415,2770.674,POST,/api/pipeline,True,,1622,41,200,4
1790488904.640553,1790488907.411483,44844.917846,44847.688776,2770.93,POST,/api/pipeline,True,,1621,42,200,4
1790488904.70056,1790488907.47234,44844.977853,44847.749633,2771.78,POST,/api/pipeline,True,,1622,43,200,4
1790488904.755815,1790488907.527126,44845.033108,44847.804419,2771.311,POST,/api/pipeline,True,,1622,44,200,4
1790488904.809297,1790488907.582064,44845.08659,44847.859357,2772.767,POST,/api/pipeline,True,,1620,45,200,4
1790488904.86309,1790488907.636827,44845.140382,44847.914119,2773.737,POST,/api/pipeline,True,,1621,46,200,4
1790488904.916612,1790488907.691103,44845.193905,44847.968396,2774.491,POST,/api/pipeline,True,,1622,47,200,4
1790488904.97383,1790488907.748121,44845.251124,44848.025414,2774.291,POST,/api/pipeline,True,,1622,48,200,4
1790488905.027519,1790488907.799943,44845.304812,44848.077236,2772.423,POST,/api/pipeline,True,,1622,49,200,4
1790488905.09412,1790488907.868043,44845.371413,44848.145336,2773.923,POST,/api/pipeline,True,,1622,0,200,4
1790488905.152039,1790488907.926017,44845.429331,44848.20331,2773.978,POST,/api/pipeline,True,,1622,1,200,4
1790488905.21142,1790488907.983829,44845.488713,44848.261123,2772.41,POST,/api/pipeline,True,,1622,2,200,4
1790488905.262222,1790488908.03632,44845.539515,44848.313613,2774.099,POST,/api/pipeline,True,,1619,3,200,4
1790488905.3154,1790488908.088022,44845.592693,44848.365315,2772.622,POST,/api/pipeline,True,,1620,4,200,4
1790488905.370013,1790488908.143144,44845.647306,44848.420437,2773.131,POST,/api/pipeline,True,,1622,5,200,4
1790488905.425132,1790488908.199643,44845.702425,44848.476936,2774.512,POST,/api/pipeline,True,,1622,6,200,4
1790488905.480597,1790488908.252969,44845.75789,44848.530262,2772.372,POST,/api/pipeline,True,,1622,7,200,4
1790488905.534082,1790488908.307571,44845.811376,44848.584864,2773.489,POST,/api/pipeline,True,,1621,8,200,4
1790488905.591402,1790488908.365108,44845.868695,44848.642401,2773.706,POST,/api/pipeline,True,,1621,9,200,4
1790488905.643636,1790488908.419688,44845.920928,44848.696981,2776.052,POST,/api/pipeline,True,,1622,10,200,4
1790488905.698981,1790488908.476735,44845.976274,44848.754028,2777.754,POST,/api/pipeline,True,,1622,11,200,4
1790488905.75732,1790488908.533576,44846.034613,44848.810869,2776.256,POST,/api/pipeline,True,,1621,12,200,4
1790488905.81678,1790488908.588538,44846.094073,44848.865831,2771.758,POST,/api/pipeline,True,,1621,13,200,4
1790488905.870588,1790488908.643356,44846.147881,44848.920649,2772.768,POST,/api/pipeline,True,,1622,14,200,4
1790488905.924784,1790488908.698129,44846.202077,44848.975422,2773.344,POST,/api/pipeline,True,,1620,15,200,4
1790488905.981284,1790488908.753623,44846.258577,44849.030916,2772.339,POST,/api/pipeline,True,,1622,16,200,4
1790488906.036125,1790488908.807868,44846.313418,44849.085161,2771.743,POST,/api/pipeline,True,,1622,17,200,4
1790488906.090178,1790488908.863786,44846.367471,44849.141079,2773.608,POST,/api/pipeline,True,,1622,18,200,4
1790488906.149786,1790488908.921983,44846.427079,44849.199276,2772.197,POST,/api/pipeline,True,,1622,19,200,4
1790488906.197154,1790488908.969609,44846.474447,44849.246902,2772.455,POST,/api/pipeline,True,,1621,20,200,4
1790488906.25178,1790488909.023447,44846.529073,44849.30074,2771.667,POST,/api/pipeline,True,,1622,21,200,4
1790488906.306033,1790488909.081846,44846.583326,44849.359139,2775.813,POST,/api/pipeline,True,,1622,22,200,4
1790488906.366484,1790488909.140183,44846.643777,44849.417476,2773.699,POST,/api/pipeline,True,,1622,23,200,4
1790488906.42055,1790488909.193658,44846.697843,44849.470951,2773.108,POST,/api/pipeline,True,,1621,24,200,4
1790488906.475744,1790488909.247486,44846.753036,44849.524779,2771.742,POST,/api/pipeline,True,,1621,25,200,4
1790488906.529148,1790488909.301008,44846.806441,44849.5783,2771.859,POST,/api/pipeline,True,,1622,26,200,4
1790488906.601593,1790488909.373499,44846.878886,44849.650792,2771.906,POST,/api/pipeline,True,,1621,27,200,4
1790488906.660175,1790488909.430572,44846.937468,44849.707865,2770.396,POST,/api/pipeline,True,,1620,28,200,4
1790488906.696355,1790488909.470404,44846.973647,44849.747696,2774.049,POST,/api/pipeline,True,,1621,29,200,4
1790488906.753363,1790488909.527343,44847.030656,44849.804636,2773.98,POST,/api/pipeline,True,,1621,30,200,4
1790488906.810993,1790488909.584587,44847.088286,44849.861879,2773.593,POST,/api/pipeline,True,,1621,31,200,4
1790488906.862442,1790488909.639547,44847.139735,44849.91684,2777.105,POST,/api/pipeline,True,,1622,32,200,4
1790488906.92491,1790488909.69913,44847.202203,44849.976423,2774.221,POST,/api/pipeline,True,,1621,33,200,4
1790488906.977268,1790488909.749657,44847.254561,44850.02695,2772.389,POST,/api/pipeline,True,,1622,34,200,4
1790488907.031301,1790488909.805484,44847.308594,44850.082776,2774.182,POST,/api/pipeline,True,,1622,35,200,4
1790488907.100733,1790488909.872026,44847.378026,44850.149319,2771.293,POST,/api/pipeline,True,,1622,36,200,4
1790488907.139205,1790488909.913583,44847.416497,44850.190876,2774.378,POST,/api/pipeline,True,,1622,37,200,4
1790488907.19687,1790488909.968388,44847.474162,44850.245681,2771.519,POST,/api/pipeline,True,,1621,38,200,4
1790488907.25033,1790488910.023955,44847.527623,44850.301248,2773.625,POST,/api/pipeline,True,,1621,39,200,4
1790488907.30608,1790488910.078481,44847.583372,44850.355773,2772.401,POST,/api/pipeline,True,,1621,40,200,4
1790488907.358364,1790488910.131587,44847.635657,44850.408879,2773.223,POST,/api/pipeline,True,,1622,41,200,4
1790488907.41175,1790488910.18552,44847.689043,44850.462813,2773.77,POST,/api/pipeline,True,,1622,42,200,4
1790488907.472554,1790488910.244385,44847.749847,44850.521678,2771.831,POST,/api/pipeline,True,,1621,43,200,4
1790488907.527365,1790488910.302381,44847.804658,44850.579673,2775.015,POST,/api/pipeline,True,,1622,44,200,4
1790488907.582327,1790488910.356265,44847.85962,44850.633558,2773.938,POST,/api/pipeline,True,,1620,45,200,4
1790488907.637148,1790488910.409453,44847.914441,44850.686746,2772.305,POST,/api/pipeline,True,,1622,46,200,4
1790488907.691344,1790488910.464076,44847.968636,44850.741369,2772.732,POST,/api/pipeline,True,,1622,47,200,4
1790488907.748351,1790488910.520902,44848.025643,44850.798194,2772.551,POST,/api/pipeline,True,,1622,48,200,4
1790488907.80015,1790488910.571807,44848.077444,44850.8491,2771.656,POST,/api/pipeline,True,,1621,49,200,4
1790488907.868378,1790488910.639186,44848.145671,44850.916479,2770.808,POST,/api/pipeline,True,,1621,0,200,4
1790488907.92624,1790488910.699919,44848.203533,44850.977212,2773.678,POST,/api/pipeline,True,,1622,1,200,4
1790488907.984062,1790488910.758368,44848.261355,44851.035661,2774.306,POST,/api/pipeline,True,,1621,2,200,4
1790488908.036581,1790488910.808393,44848.313874,44851.085686,2771.812,POST,/api/pipeline,True,,1621,3,200,4
1790488908.088287,1790488910.861978,44848.36558,44851.139271,2773.691,POST,/api/pipeline,True,,1621,4,200,4
1790488908.14338,1790488910.91594,44848.420673,44851.193233,2772.56,POST,/api/pipeline,True,,1621,5,200,4
1790488908.199923,1790488910.973245,44848.477216,44851.250538,2773.323,POST,/api/pipeline,True,,1622,6,200,4
1790488908.253214,1790488911.025867,44848.530507,44851.30316,2772.653,POST,/api/pipeline,True,,1622,7,200,4
1790488908.307791,1790488911.08338,44848.585084,44851.360672,2775.588,POST,/api/pipeline,True,,1622,8,200,4
1790488908.365408,1790488911.138418,44848.642701,44851.415711,2773.01,POST,/api/pipeline,True,,1621,9,200,4
1790488908.419958,1790488911.191922,44848.697251,44851.469215,2771.964,POST,/api/pipeline,True,,1621,10,200,4
1790488908.476973,1790488911.250077,44848.754265,44851.52737,2773.104,POST,/api/pipeline,True,,1622,11,200,4
1790488908.533844,1790488911.307938,44848.811137,44851.585231,2774.093,POST,/api/pipeline,True,,1621,12,200,4
1790488908.588776,1790488911.365567,44848.866069,44851.64286,2776.792,POST,/api/pipeline,True,,1622,13,200,4
1790488908.643584,1790488911.417701,44848.920877,44851.694994,2774.117,POST,/api/pipeline,True,,1621,14,200,4
1790488908.698349,1790488911.473848,44848.975642,44851.751141,2775.498,POST,/api/pipeline,True,,1621,15,200,4
1790488908.753858,1790488911.527171,44849.031151,44851.804464,2773.313,POST,/api/pipeline,True,,1620,16,200,4
1790488908.808141,1790488911.582354,44849.085434,44851.859647,2774.213,POST,/api/pipeline,True,,1621,17,200,4
1790488908.864022,1790488911.636341,44849.141315,44851.913634,2772.319,POST,/api/pipeline,True,,1621,18,200,4
1790488908.922204,1790488911.694143,44849.199497,44851.971436,2771.939,POST,/api/pipeline,True,,1620,19,200,4
1790488908.969905,1790488911.741891,44849.247198,44852.019184,2771.986,POST,/api/pipeline,True,,1621,20,200,4
1790488909.023714,1790488911.795761,44849.301007,44852.073054,2772.047,POST,/api/pipeline,True,,1621,21,200,4
1790488909.082067,1790488911.856194,44849.35936,44852.133486,2774.126,POST,/api/pipeline,True,,1622,22,200,4
1790488909.140421,1790488911.914352,44849.417714,44852.191644,2773.93,POST,/api/pipeline,True,,1622,23,200,4
1790488909.193894,1790488911.966435,44849.471187,44852.243728,2772.541,POST,/api/pipeline,True,,1622,24,200,4
1790488909.247736,1790488912.018433,44849.525029,44852.295725,2770.696,POST,/api/pipeline,True,,1622,25,200,4
1790488909.301252,1790488912.073907,44849.578545,44852.3512,2772.655,POST,/api/pipeline,True,,1621,26,200,4
1790488909.373734,1790488912.145072,44849.651027,44852.422365,2771.337,POST,/api/pipeline,True,,1621,27,200,4
1790488909.430885,1790488912.203334,44849.708178,44852.480627,2772.449,POST,/api/pipeline,True,,1622,28,200,4
1790488909.470632,1790488912.245204,44849.747925,44852.522497,2774.573,POST,/api/pipeline,True,,1621,29,200,4
1790488909.527647,1790488912.302947,44849.80494,44852.580239,2775.299,POST,/api/pipeline,True,,1621,30,200,4
1790488909.585011,1790488912.357941,44849.862304,44852.635234,2772.93,POST,/api/pipeline,True,,1621,31,200,4
1790488909.639827,1790488912.41765,44849.917119,44852.694943,2777.824,POST,/api/pipeline,True,,1622,32,200,4
1790488909.699431,1790488912.470798,44849.976724,44852.74809,2771.367,POST,/api/pipeline,True,,1621,33,200,4
1790488909.749885,1790488912.524514,44850.027178,44852.801807,2774.629,POST,/api/pipeline,True,,1622,34,200,4
1790488909.805718,1790488912.577342,44850.083011,44852.854635,2771.623,POST,/api/pipeline,True,,1621,35,200,4
1790488909.872245,1790488912.646027,44850.149538,44852.92332,2773.782,POST,/api/pipeline,True,,1622,36,200,4
1790488909.913811,1790488912.686416,44850.191104,44852.963709,2772.605,POST,/api/pipeline,True,,1622,37,200,4
1790488909.968662,1790488912.744761,44850.245955,44853.022054,2776.099,POST,/api/pipeline,True,,1621,38,200,4
1790488910.024282,1790488912.797412,44850.301575,44853.074704,2773.129,POST,/api/pipeline,True,,1622,39,200,4
1790488910.078731,1790488912.849544,44850.356024,44853.126837,2770.813,POST,/api/pipeline,True,,1621,40,200,4
1790488910.131851,1790488912.904479,44850.409143,44853.181771,2772.628,POST,/api/pipeline,True,,1622,41,200,4
1790488910.185778,1790488912.958043,44850.463071,44853.235336,2772.265,POST,/api/pipeline,True,,1622,42,200,4
1790488910.244633,1790488913.018191,44850.521925,44853.295483,2773.558,POST,/api/pipeline,True,,1622,43,200,4
1790488910.302626,1790488913.077287,44850.579919,44853.354581,2774.661,POST,/api/pipeline,True,,1622,44,200,4
1790488910.356504,1790488913.127071,44850.633797,44853.404364,2770.567,POST,/api/pipeline,True,,1622,45,200,4
1790488910.409672,1790488913.184085,44850.686964,44853.461378,2774.414,POST,/api/pipeline,True,,1622,46,200,4
1790488910.464359,1790488913.237796,44850.741651,44853.515089,2773.437,POST,/api/pipeline,True,,1621,47,200,4
1790488910.521137,1790488913.291942,44850.79843,44853.569235,2770.805,POST,/api/pipeline,True,,1622,48,200,4
1790488910.572022,1790488913.344263,44850.849315,44853.621556,2772.241,POST,/api/pipeline,True,,1622,49,200,4
1790488910.639422,1790488913.410536,44850.916715,44853.687829,2771.113,POST,/api/pipeline,True,,1622,0,200,4
1790488910.700146,1790488913.47464,44850.977439,44853.751933,2774.494,POST,/api/pipeline,True,,1622,1,200,4
1790488910.758591,1790488913.530099,44851.035885,44853.807392,2771.508,POST,/api/pipeline,True,,1621,2,200,4
1790488910.808618,1790488913.580318,44851.085911,44853.857611,2771.701,POST,/api/pipeline,True,,1622,3,200,4
1790488910.86228,1790488913.634607,44851.139573,44853.9119,2772.327,POST,/api/pipeline,True,,1620,4,200,4
1790488910.916179,1790488913.688524,44851.193472,44853.965817,2772.344,POST,/api/pipeline,True,,1622,5,200,4
1790488910.973464,1790488913.74614,44851.250757,44854.023433,2772.676,POST,/api/pipeline,True,,1622,6,200,4
1790488911.026183,1790488913.800264,44851.303476,44854.077557,2774.081,POST,/api/pipeline,True,,1622,7,200,4
1790488911.083601,1790488913.857831,44851.360894,44854.135124,2774.23,POST,/api/pipeline,True,,1621,8,200,4
1790488911.138684,1790488913.909699,44851.415977,44854.186992,2771.015,POST,/api/pipeline,True,,1621,9,200,4
1790488911.192153,1790488913.964324,44851.469446,44854.241617,2772.17,POST,/api/pipeline,True,,1622,10,200,4
1790488911.250298,1790488914.022193,44851.527591,44854.299486,2771.895,POST,/api/pipeline,True,,1621,11,200,4
1790488911.308166,1790488914.081931,44851.585459,44854.359224,2773.764,POST,/api/pipeline,True,,1622,12,200,4
1790488911.365802,1790488914.137679,44851.643095,44854.414972,2771.877,POST,/api/pipeline,True,,1621,13,200,4
1790488911.417952,1790488914.192202,44851.695244,44854.469495,2774.251,POST,/api/pipeline,True,,1622,14,200,4
1790488911.474118,1790488914.245871,44851.751411,44854.523163,2771.752,POST,/api/pipeline,True,,1621,15,200,4
1790488911.527414,1790488914.300449,44851.804707,44854.577742,2773.035,POST,/api/pipeline,True,,1622,16,200,4
1790488911.582632,1790488914.354631,44851.859924,44854.631924,2772.0,POST,/api/pipeline,True,,1622,17,200,4
1790488911.636576,1790488914.408077,44851.913869,44854.68537,2771.502,POST,/api/pipeline,True,,1622,18,200,4
1790488911.694359,1790488914.466515,44851.971652,44854.743808,2772.156,POST,/api/pipeline,True,,1622,19,200,4
1790488911.742138,1790488914.514027,44852.019431,44854.79132,2771.889,POST,/api/pipeline,True,,1622,20,200,4
1790488911.796019,1790488914.571413,44852.073312,44854.848705,2775.393,POST,/api/pipeline,True,,1622,21,200,4
1790488911.856447,1790488914.629411,44852.133739,44854.906704,2772.965,POST,/api/pipeline,True,,1622,22,200,4
1790488911.914616,1790488914.688036,44852.191909,44854.965329,2773.42,POST,/api/pipeline,True,,1622,23,200,4
1790488911.966652,1790488914.739329,44852.243945,44855.016622,2772.677,POST,/api/pipeline,True,,1622,24,200,4
1790488912.018733,1790488914.791918,44852.296026,44855.06921,2773.184,POST,/api/pipeline,True,,1621,25,200,4
1790488912.074153,1790488914.845233,44852.351446,44855.122526,2771.081,POST,/api/pipeline,True,,1622,26,200,4
1790488912.145308,1790488914.920679,44852.422601,44855.197972,2775.371,POST,/api/pipeline,True,,1622,27,200,4
1790488912.203573,1790488914.978139,44852.480866,44855.255432,2774.566,POST,/api/pipeline,True,,1622,28,200,4
1790488912.245457,1790488915.019976,44852.52275,44855.297269,2774.519,POST,/api/pipeline,True,,1622,29,200,4
1790488912.303287,1790488915.078173,44852.58058,44855.355466,2774.886,POST,/api/pipeline,True,,1621,30,200,4
1790488912.358201,1790488915.136752,44852.635494,44855.414045,2778.551,POST,/api/pipeline,True,,1622,31,200,4
1790488912.417925,1790488915.191727,44852.695218,44855.46902,2773.801,POST,/api/pipeline,True,,1621,32,200,4
1790488912.471064,1790488915.243955,44852.748357,44855.521248,2772.891,POST,/api/pipeline,True,,1621,33,200,4
1790488912.524751,1790488915.298324,44852.802044,44855.575617,2773.573,POST,/api/pipeline,True,,1622,34,200,4
1790488912.577574,1790488915.351815,44852.854867,44855.629108,2774.241,POST,/api/pipeline,True,,1622,35,200,4
1790488912.64626,1790488915.417943,44852.923553,44855.695236,2771.683,POST,/api/pipeline,True,,1620,36,200,4
1790488912.686665,1790488915.461094,44852.963958,44855.738387,2774.429,POST,/api/pipeline,True,,1622,37,200,4
1790488912.744987,1790488915.516428,44853.02228,44855.793721,2771.441,POST,/api/pipeline,True,,1622,38,200,4
1790488912.797649,1790488915.570102,44853.074942,44855.847395,2772.452,POST,/api/pipeline,True,,1622,39,200,4
1790488912.849768,1790488915.622327,44853.127061,44855.89962,2772.559,POST,/api/pipeline,True,,1622,40,200,4
1790488912.904722,1790488915.677961,44853.182016,44855.955254,2773.238,POST,/api/pipeline,True,,1620,41,200,4
1790488912.95828,1790488915.732961,44853.235573,44856.010254,2774.681,POST,/api/pipeline,True,,1622,42,200,4
1790488913.01848,1790488915.792854,44853.295773,44856.070147,2774.374,POST,/api/pipeline,True,,1622,43,200,4
1790488913.077508,1790488915.850372,44853.354801,44856.127664,2772.863,POST,/api/pipeline,True,,1622,44,200,4
1790488913.127321,1790488915.90037,44853.404613,44856.177663,2773.049,POST,/api/pipeline,True,,1622,45,200,4
1790488913.184327,1790488915.958907,44853.46162,44856.2362,2774.58,POST,/api/pipeline,True,,1621,46,200,4
1790488913.238139,1790488916.009846,44853.515432,44856.287139,2771.707,POST,/api/pipeline,True,,1622,47,200,4
1790488913.292189,1790488916.063599,44853.569482,44856.340892,2771.41,POST,/api/pipeline,True,,1622,48,200,4
1790488913.344479,1790488916.117216,44853.621772,44856.394509,2772.737,POST,/api/pipeline,True,,1622,49,200,4
1790488913.410763,1790488916.181761,44853.688056,44856.459054,2770.998,POST,/api/pipeline,True,,1621,0,200,4
1790488913.474986,1790488916.248819,44853.752279,44856.526112,2773.833,POST,/api/pipeline,True,,1622,1,200,4
1790488913.530367,1790488916.303249,44853.80766,44856.580542,2772.882,POST,/api/pipeline,True,,1620,2,200,4
1790488913.58054,1790488916.353761,44853.857833,44856.631054,2773.221,POST,/api/pipeline,True,,1622,3,200,4
1790488913.634857,1790488916.405797,44853.91215,44856.68309,2770.94,POST,/api/pipeline,True,,1622,4,200,4
1790488913.688881,1790488916.462247,44853.966174,44856.73954,2773.366,POST,/api/pipeline,True,,1622,5,200,4
1790488913.746365,1790488916.521744,44854.023657,44856.799037,2775.38,POST,/api/pipeline,True,,1622,6,200,4
1790488913.800488,1790488916.573904,44854.077781,44856.851196,2773.416,POST,/api/pipeline,True,,1622,7,200,4
1790488913.858068,1790488916.629793,44854.135362,44856.907086,2771.725,POST,/api/pipeline,True,,1622,8,200,4
1790488913.909927,1790488916.682335,44854.18722,44856.959628,2772.407,POST,/api/pipeline,True,,1622,9,200,4
1790488913.964581,1790488916.736107,44854.241874,44857.0134,2771.526,POST,/api/pipeline,True,,1622,10,200,4
1790488914.022418,1790488916.796326,44854.299711,44857.073619,2773.909,POST,/api/pipeline,True,,1622,11,200,4
1790488914.082157,1790488916.854527,44854.35945,44857.13182,2772.37,POST,/api/pipeline,True,,1622,12,200,4
1790488914.137908,1790488916.912437,44854.415201,44857.18973,2774.53,POST,/api/pipeline,True,,1622,13,200,4
1790488914.19249,1790488916.96435,44854.469783,44857.241643,2771.861,POST,/api/pipeline,True,,1622,14,200,4
1790488914.246161,1790488917.019265,44854.523454,44857.296558,2773.103,POST,/api/pipeline,True,,1622,15,200,4
1790488914.300701,1790488917.072434,44854.577994,44857.349727,2771.733,POST,/api/pipeline,True,,1620,16,200,4
1790488914.354968,1790488917.124847,44854.632261,44857.40214,2769.879,POST,/api/pipeline,True,,1622,17,200,4
1790488914.408303,1790488917.182382,44854.685596,44857.459674,2774.079,POST,/api/pipeline,True,,1621,18,200,4
1790488914.466742,1790488917.240726,44854.744035,44857.518019,2773.984,POST,/api/pipeline,True,,1622,19,200,4
1790488914.514285,1790488917.28848,44854.791578,44857.565773,2774.195,POST,/api/pipeline,True,,1621,20,200,4
1790488914.571737,1790488917.346111,44854.849029,44857.623404,2774.375,POST,/api/pipeline,True,,1622,21,200,4
1790488914.629696,1790488917.40511,44854.906989,44857.682403,2775.415,POST,/api/pipeline,True,,1621,22,200,4
1790488914.688275,1790488917.460119,44854.965568,44857.737412,2771.844,POST,/api/pipeline,True,,1622,23,200,4
1790488914.739532,1790488917.512394,44855.016825,44857.789687,2772.863,POST,/api/pipeline,True,,1622,24,200,4
1790488914.792141,1790488917.56487,44855.069434,44857.842163,2772.73,POST,/api/pipeline,True,,1622,25,200,4
1790488914.845454,1790488917.620688,44855.122747,44857.897981,2775.234,POST,/api/pipeline,True,,1621,26,200,4
1790488914.920916,1790488917.694381,44855.198209,44857.971674,2773.465,POST,/api/pipeline,True,,1621,27,200,4
1790488914.978369,1790488917.751805,44855.255662,44858.029098,2773.436,POST,/api/pipeline,True,,1622,28,200,4
1790488915.020247,1790488917.794299,44855.29754,44858.071592,2774.052,POST,/api/pipeline,True,,1620,29,200,4
1790488915.078431,1790488917.852493,44855.355724,44858.129786,2774.062,POST,/api/pipeline,True,,1622,30,200,4
1790488915.137028,1790488917.909864,44855.414321,44858.187157,2772.835,POST,/api/pipeline,True,,1622,31,200,4
1790488915.192004,1790488917.966179,44855.469297,44858.243472,2774.175,POST,/api/pipeline,True,,1621,32,200,4
1790488915.244217,1790488918.019775,44855.52151,44858.297068,2775.558,POST,/api/pipeline,True,,1622,33,200,4
1790488915.29856,1790488918.071283,44855.575853,44858.348576,2772.724,POST,/api/pipeline,True,,1621,34,200,4
1790488915.352078,1790488918.125751,44855.629371,44858.403044,2773.673,POST,/api/pipeline,True,,1621,35,200,4
1790488915.418163,1790488918.189813,44855.695456,44858.467106,2771.65,POST,/api/pipeline,True,,1622,36,200,4
1790488915.461336,1790488918.235448,44855.738629,44858.512741,2774.112,POST,/api/pipeline,True,,1621,37,200,4
1790488915.516703,1790488918.287711,44855.793996,44858.565004,2771.009,POST,/api/pipeline,True,,1621,38,200,4
1790488915.570332,1790488918.341948,44855.847625,44858.619241,2771.616,POST,/api/pipeline,True,,1621,39,200,4
1790488915.62261,1790488918.396338,44855.899903,44858.67363,2773.727,POST,/api/pipeline,True,,1621,40,200,4
1790488915.67821,1790488918.452975,44855.955503,44858.730267,2774.764,POST,/api/pipeline,True,,1622,41,200,4
1790488915.733208,1790488918.514884,44856.010501,44858.792177,2781.676,POST,/api/pipeline,True,,1622,42,200,4
1790488915.793115,1790488918.566973,44856.070407,44858.844265,2773.858,POST,/api/pipeline,True,,1621,43,200,4
1790488915.850587,1790488918.621746,44856.12788,44858.899039,2771.159,POST,/api/pipeline,True,,1622,44,200,4
1790488915.900601,1790488918.676088,44856.177893,44858.953381,2775.487,POST,/api/pipeline,True,,1622,45,200,4
1790488915.959193,1790488918.730431,44856.236486,44859.007724,2771.238,POST,/api/pipeline,True,,1621,46,200,4
1790488916.010106,1790488918.783113,44856.287399,44859.060405,2773.007,POST,/api/pipeline,True,,1621,47,200,4
1790488916.06383,1790488918.845187,44856.341123,44859.12248,2781.357,POST,/api/pipeline,True,,1621,48,200,4
1790488916.117421,1790488918.889005,44856.394714,44859.166298,2771.583,POST,/api/pipeline,True,,1622,49,200,4
1790488916.181961,1790488918.952287,44856.459253,44859.22958,2770.326,POST,/api/pipeline,True,,1622,0,200,4
1790488916.24903,1790488919.018899,44856.526323,44859.296192,2769.869,POST,/api/pipeline,True,,1622,1,200,4
1790488916.303483,1790488919.075406,44856.580776,44859.352699,2771.923,POST,/api/pipeline,True,,1622,2,200,4
1790488916.353985,1790488919.125834,44856.631278,44859.403127,2771.849,POST,/api/pipeline,True,,1621,3,200,4
1790488916.406019,1790488919.182666,44856.683312,44859.459959,2776.647,POST,/api/pipeline,True,,1621,4,200,4
1790488916.462467,1790488919.239552,44856.73976,44859.516845,2777.085,POST,/api/pipeline,True,,1622,5,200,4
1790488916.521981,1790488919.293551,44856.799274,44859.570844,2771.57,POST,/api/pipeline,True,,1620,6,200,4
1790488916.574137,1790488919.347755,44856.85143,44859.625048,2773.618,POST,/api/pipeline,True,,1620,7,200,4
1790488916.630027,1790488919.404334,44856.90732,44859.681627,2774.307,POST,/api/pipeline,True,,1621,8,200,4
1790488916.682566,1790488919.456284,44856.959859,44859.733577,2773.718,POST,/api/pipeline,True,,1622,9,200,4
1790488916.736354,1790488919.511395,44857.013647,44859.788688,2775.041,POST,/api/pipeline,True,,1622,10,200,4
1790488916.796572,1790488919.569559,44857.073861,44859.846848,2772.987,POST,/api/pipeline,True,,1622,11,200,4
1790488916.854743,1790488919.62813,44857.132037,44859.905423,2773.386,POST,/api/pipeline,True,,1622,12,200,4
1790488916.91267,1790488919.682902,44857.189963,44859.960195,2770.232,POST,/api/pipeline,True,,1622,13,200,4
1790488916.964578,1790488919.737734,44857.241871,44860.015027,2773.156,POST,/api/pipeline,True,,1622,14,200,4
1790488917.019701,1790488919.792097,44857.296994,44860.06939,2772.396,POST,/api/pipeline,True,,1622,15,200,4
1790488917.072654,1790488919.845108,44857.349948,44860.122401,2772.454,POST,/api/pipeline,True,,1621,16,200,4
1790488917.12508,1790488919.899759,44857.402373,44860.177052,2774.678,POST,/api/pipeline,True,,1622,17,200,4
1790488917.18259,1790488919.958451,44857.459883,44860.235744,2775.861,POST,/api/pipeline,True,,1622,18,200,4
1790488917.240975,1790488920.012789,44857.518268,44860.290082,2771.813,POST,/api/pipeline,True,,1622,19,200,4
1790488917.288746,1790488920.063042,44857.566039,44860.340335,2774.296,POST,/api/pipeline,True,,1620,20,200,4
1790488917.346417,1790488920.121822,44857.62371,44860.399115,2775.405,POST,/api/pipeline,True,,1622,21,200,4
1790488917.405346,1790488920.179341,44857.682639,44860.456633,2773.994,POST,/api/pipeline,True,,1622,22,200,4
1790488917.460337,1790488920.230412,44857.73763,44860.507705,2770.075,POST,/api/pipeline,True,,1622,23,200,4
1790488917.512634,1790488920.285422,44857.789927,44860.562714,2772.788,POST,/api/pipeline,True,,1620,24,200,4
1790488917.565201,1790488920.338822,44857.842494,44860.616115,2773.621,POST,/api/pipeline,True,,1622,25,200,4
1790488917.620917,1790488920.397324,44857.89821,44860.674617,2776.407,POST,/api/pipeline,True,,1621,26,200,4
1790488917.694645,1790488920.467308,44857.971938,44860.744601,2772.664,POST,/api/pipeline,True,,1622,27,200,4
1790488917.752037,1790488920.525517,44858.02933,44860.80281,2773.48,POST,/api/pipeline,True,,1621,28,200,4
1790488917.794587,1790488920.565764,44858.07188,44860.843057,2771.177,POST,/api/pipeline,True,,1622,29,200,4
1790488917.852725,1790488920.623834,44858.130018,44860.901127,2771.109,POST,/api/pipeline,True,,1622,30,200,4
1790488917.910085,1790488920.683274,44858.187378,44860.960567,2773.189,POST,/api/pipeline,True,,1622,31,200,4
1790488917.966461,1790488920.738331,44858.243754,44861.015624,2771.869,POST,/api/pipeline,True,,1620,32,200,4
1790488918.020066,1790488920.792001,44858.297359,44861.069294,2771.935,POST,/api/pipeline,True,,1622,33,200,4
1790488918.071517,1790488920.844176,44858.34881,44861.121469,2772.659,POST,/api/pipeline,True,,1621,34,200,4
1790488918.12599,1790488920.897335,44858.403283,44861.174628,2771.345,POST,/api/pipeline,True,,1622,35,200,4
1790488918.190037,1790488920.961185,44858.46733,44861.238477,2771.147,POST,/api/pipeline,True,,1620,36,200,4
1790488918.235681,1790488921.008397,44858.512974,44861.28569,2772.716,POST,/api/pipeline,True,,1621,37,200,4
1790488918.288002,1790488921.060175,44858.565295,44861.337468,2772.173,POST,/api/pipeline,True,,1622,38,200,4
1790488918.342168,1790488921.116518,44858.619461,44861.393811,2774.35,POST,/api/pipeline,True,,1621,39,200,4
1790488918.396619,1790488921.175186,44858.673912,44861.452479,2778.567,POST,/api/pipeline,True,,1622,40,200,4
1790488918.453224,1790488921.233399,44858.730517,44861.510692,2780.175,POST,/api/pipeline,True,,1621,41,200,4
1790488918.515129,1790488921.288141,44858.792422,44861.565434,2773.013,POST,/api/pipeline,True,,1622,42,200,4
1790488918.567317,1790488921.340169,44858.84461,44861.617462,2772.852,POST,/api/pipeline,True,,1621,43,200,4
1790488918.621972,1790488921.394596,44858.899264,44861.671889,2772.624,POST,/api/pipeline,True,,1622,44,200,4
1790488918.676317,1790488921.449007,44858.95361,44861.726299,2772.689,POST,/api/pipeline,True,,1621,45,200,4
1790488918.730681,1790488921.502948,44859.007974,44861.78024,2772.267,POST,/api/pipeline,True,,1622,46,200,4
1790488918.783354,1790488921.560842,44859.060647,44861.838135,2777.487,POST,/api/pipeline,True,,1621,47,200,4
1790488918.845442,1790488921.618399,44859.122735,44861.895692,2772.957,POST,/api/pipeline,True,,1622,48,200,4
1790488918.889218,1790488921.66073,44859.166511,44861.938023,2771.512,POST,/api/pipeline,True,,1622,49,200,4
1790488918.952638,1790488921.722972,44859.22993,44862.000265,2770.335,POST,/api/pipeline,True,,1622,0,200,4
1790488919.01912,1790488921.79128,44859.296412,44862.068572,2772.16,POST,/api/pipeline,True,,1621,1,200,4
1790488919.075628,1790488921.847089,44859.352921,44862.124382,2771.461,POST,/api/pipeline,True,,1622,2,200,4
1790488919.126068,1790488921.899523,44859.403361,44862.176816,2773.455,POST,/api/pipeline,True,,1622,3,200,4
1790488919.183288,1790488921.958786,44859.460503,44862.236002,2775.498,POST,/api/pipeline,True,,1622,4,200,4
1790488919.239856,1790488922.011138,44859.517149,44862.288431,2771.282,POST,/api/pipeline,True,,1621,5,200,4
1790488919.293815,1790488922.065433,44859.571108,44862.342726,2771.618,POST,/api/pipeline,True,,1622,6,200,4
1790488919.347981,1790488922.122599,44859.625274,44862.399892,2774.618,POST,/api/pipeline,True,,1621,7,200,4
1790488919.404554,1790488922.175523,44859.681847,44862.452816,2770.969,POST,/api/pipeline,True,,1620,8,200,4
1790488919.456521,1790488922.230118,44859.733814,44862.507411,2773.597,POST,/api/pipeline,True,,1621,9,200,4
1790488919.511671,1790488922.288517,44859.788964,44862.56581,2776.846,POST,/api/pipeline,True,,1621,10,200,4
1790488919.569787,1790488922.341956,44859.84708,44862.619249,2772.169,POST,/api/pipeline,True,,1621,11,200,4
1790488919.62836,1790488922.402266,44859.905653,44862.679559,2773.906,POST,/api/pipeline,True,,1622,12,200,4
1790488919.683144,1790488922.455375,44859.960436,44862.732668,2772.232,POST,/api/pipeline,True,,1621,13,200,4
1790488919.737967,1790488922.512409,44860.01526,44862.789702,2774.443,POST,/api/pipeline,True,,1621,14,200,4
1790488919.792332,1790488922.563538,44860.069625,44862.840831,2771.206,POST,/api/pipeline,True,,1622,15,200,4
1790488919.845402,1790488922.618851,44860.122695,44862.896144,2773.449,POST,/api/pipeline,True,,1622,16,200,4
1790488919.90002,1790488922.67417,44860.177313,44862.951463,2774.15,POST,/api/pipeline,True,,1621,17,200,4
1790488919.958665,1790488922.732004,44860.235958,44863.009297,2773.339,POST,/api/pipeline,True,,1622,18,200,4
1790488920.013087,1790488922.78705,44860.29038,44863.064343,2773.963,POST,/api/pipeline,True,,1622,19,200,4
1790488920.063299,1790488922.838656,44860.340591,44863.115949,2775.357,POST,/api/pipeline,True,,1622,20,200,4
1790488920.122096,1790488922.898469,44860.399388,44863.175762,2776.374,POST,/api/pipeline,True,,1620,21,200,4
1790488920.179577,1790488922.951485,44860.45687,44863.228778,2771.907,POST,/api/pipeline,True,,1620,22,200,4
1790488920.230633,1790488923.003212,44860.507926,44863.280505,2772.579,POST,/api/pipeline,True,,1620,23,200,4
1790488920.285645,1790488923.056539,44860.562938,44863.333832,2770.894,POST,/api/pipeline,True,,1621,24,200,4
1790488920.339108,1790488923.117482,44860.616401,44863.394775,2778.374,POST,/api/pipeline,True,,1622,25,200,4
1790488920.397579,1790488923.169481,44860.674871,44863.446774,2771.902,POST,/api/pipeline,True,,1620,26,200,4
1790488920.467651,1790488923.241315,44860.744944,44863.518608,2773.664,POST,/api/pipeline,True,,1621,27,200,4
1790488920.52576,1790488923.299241,44860.803053,44863.576534,2773.481,POST,/api/pipeline,True,,1622,28,200,4
1790488920.565986,1790488923.339995,44860.843279,44863.617288,2774.008,POST,/api/pipeline,True,,1622,29,200,4
1790488920.624068,1790488923.398532,44860.901361,44863.675825,2774.464,POST,/api/pipeline,True,,1622,30,200,4
1790488920.683512,1790488923.458025,44860.960805,44863.735317,2774.512,POST,/api/pipeline,True,,1620,31,200,4
1790488920.738581,1790488923.514942,44861.015874,44863.792234,2776.361,POST,/api/pipeline,True,,1622,32,200,4
1790488920.792243,1790488923.564924,44861.069536,44863.842217,2772.681,POST,/api/pipeline,True,,1621,33,200,4
1790488920.844424,1790488923.619198,44861.121716,44863.896491,2774.775,POST,/api/pipeline,True,,1622,34,200,4
1790488920.897581,1790488923.671769,44861.174874,44863.949062,2774.188,POST,/api/pipeline,True,,1622,35,200,4
1790488920.961416,1790488923.733463,44861.238709,44864.010756,2772.047,POST,/api/pipeline,True,,1622,36,200,4
1790488921.008653,1790488923.779613,44861.285946,44864.056906,2770.96,POST,/api/pipeline,True,,1621,37,200,4
1790488921.060414,1790488923.83304,44861.337707,44864.110333,2772.626,POST,/api/pipeline,True,,1622,38,200,4
1790488921.116834,1790488923.890837,44861.394126,44864.168129,2774.003,POST,/api/pipeline,True,,1622,39,200,4
1790488921.175471,1790488923.948608,44861.452764,44864.225901,2773.137,POST,/api/pipeline,True,,1620,40,200,4
1790488921.23362,1790488924.00659,44861.510913,44864.283883,2772.969,POST,/api/pipeline,True,,1621,41,200,4
1790488921.288355,1790488924.060267,44861.565648,44864.33756,2771.912,POST,/api/pipeline,True,,1621,42,200,4
1790488921.340402,1790488924.112292,44861.617695,44864.389585,2771.89,POST,/api/pipeline,True,,1618,43,200,4
1790488921.395036,1790488924.167375,44861.672328,44864.444667,2772.339,POST,/api/pipeline,True,,1622,44,200,4
1790488921.449229,1790488924.220754,44861.726522,44864.498047,2771.525,POST,/api/pipeline,True,,1621,45,200,4
1790488921.503229,1790488924.275149,44861.780522,44864.552442,2771.92,POST,/api/pipeline,True,,1621,46,200,4
1790488921.561076,1790488924.334277,44861.838369,44864.61157,2773.201,POST,/api/pipeline,True,,1620,47,200,4
1790488921.618678,1790488924.390605,44861.895971,44864.667898,2771.928,POST,/api/pipeline,True,,1621,48,200,4
1790488921.660986,1790488924.434489,44861.938279,44864.711781,2773.503,POST,/api/pipeline,True,,1622,49,200,4
1790488921.723238,1790488924.494496,44862.000531,44864.771789,2771.259,POST,/api/pipeline,True,,1620,0,200,4
1790488921.791519,1790488924.565577,44862.068812,44864.842869,2774.058,POST,/api/pipeline,True,,1621,1,200,4
1790488921.847343,1790488924.619947,44862.124636,44864.89724,2772.603,POST,/api/pipeline,True,,1622,2,200,4
1790488921.899854,1790488924.674851,44862.177146,44864.952144,2774.997,POST,/api/pipeline,True,,1622,3,200,4
1790488921.959144,1790488924.731089,44862.236437,44865.008382,2771.945,POST,/api/pipeline,True,,1622,4,200,4
1790488922.01138,1790488924.78349,44862.288673,44865.060783,2772.11,POST,/api/pipeline,True,,1621,5,200,4
1790488922.065655,1790488924.839271,44862.342948,44865.116564,2773.617,POST,/api/pipeline,True,,1621,6,200,4
1790488922.122918,1790488924.893514,44862.400211,44865.170807,2770.596,POST,/api/pipeline,True,,1621,7,200,4
1790488922.175743,1790488924.950065,44862.453036,44865.227358,2774.322,POST,/api/pipeline,True,,1622,8,200,4
1790488922.230366,1790488925.005395,44862.507658,44865.282688,2775.03,POST,/api/pipeline,True,,1622,9,200,4
1790488922.288813,1790488925.059656,44862.566106,44865.336949,2770.842,POST,/api/pipeline,True,,1622,10,200,4
1790488922.342168,1790488925.118458,44862.619461,44865.395751,2776.289,POST,/api/pipeline,True,,1620,11,200,4
1790488922.402484,1790488925.173295,44862.679777,44865.450588,2770.811,POST,/api/pipeline,True,,1622,12,200,4
1790488922.455609,1790488925.230495,44862.732901,44865.507788,2774.887,POST,/api/pipeline,True,,1622,13,200,4
1790488922.512662,1790488925.285335,44862.789955,44865.562628,2772.673,POST,/api/pipeline,True,,1621,14,200,4
1790488922.563763,1790488925.336191,44862.841056,44865.613484,2772.428,POST,/api/pipeline,True,,1622,15,200,4
1790488922.619163,1790488925.392771,44862.896456,44865.670064,2773.608,POST,/api/pipeline,True,,1622,16,200,4
1790488922.674405,1790488925.44884,44862.951698,44865.726133,2774.434,POST,/api/pipeline,True,,1621,17,200,4
1790488922.73222,1790488925.505571,44863.009513,44865.782864,2773.35,POST,/api/pipeline,True,,1622,18,200,4
1790488922.787304,1790488925.562594,44863.064597,44865.839887,2775.291,POST,/api/pipeline,True,,1621,19,200,4
1790488922.839072,1790488925.618279,44863.116365,44865.895572,2779.207,POST,/api/pipeline,True,,1622,20,200,4
1790488922.898836,1790488925.670854,44863.176128,44865.948146,2772.018,POST,/api/pipeline,True,,1619,21,200,4
1790488922.95172,1790488925.723827,44863.229013,44866.001119,2772.107,POST,/api/pipeline,True,,1622,22,200,4
1790488923.003487,1790488925.777093,44863.28078,44866.054386,2773.606,POST,/api/pipeline,True,,1622,23,200,4
1790488923.056738,1790488925.832493,44863.334031,44866.109786,2775.755,POST,/api/pipeline,True,,1622,24,200,4
1790488923.117772,1790488925.892322,44863.395065,44866.169615,2774.55,POST,/api/pipeline,True,,1622,25,200,4
1790488923.169722,1790488925.943668,44863.447015,44866.220961,2773.946,POST,/api/pipeline,True,,1622,26,200,4
1790488923.241538,1790488926.016263,44863.518831,44866.293556,2774.724,POST,/api/pipeline,True,,1622,27,200,4
1790488923.299484,1790488926.073457,44863.576777,44866.35075,2773.974,POST,/api/pipeline,True,,1622,28,200,4
1790488923.340216,1790488926.11241,44863.617509,44866.389703,2772.193,POST,/api/pipeline,True,,1621,29,200,4
1790488923.39876,1790488926.173227,44863.676052,44866.450519,2774.467,POST,/api/pipeline,True,,1621,30,200,4
1790488923.458246,1790488926.230166,44863.735539,44866.507459,2771.92,POST,/api/pipeline,True,,1620,31,200,4
1790488923.515178,1790488926.287213,44863.792471,44866.564506,2772.035,POST,/api/pipeline,True,,1622,32,200,4
1790488923.565163,1790488926.337806,44863.842456,44866.615099,2772.644,POST,/api/pipeline,True,,1621,33,200,4
1790488923.619441,1790488926.390522,44863.896734,44866.667815,2771.081,POST,/api/pipeline,True,,1622,34,200,4
1790488923.672001,1790488926.442044,44863.949294,44866.719337,2770.043,POST,/api/pipeline,True,,1622,35,200,4
1790488923.733678,1790488926.505077,44864.010971,44866.78237,2771.399,POST,/api/pipeline,True,,1620,36,200,4
1790488923.779844,1790488926.551986,44864.057137,44866.829279,2772.142,POST,/api/pipeline,True,,1622,37,200,4
1790488923.833303,1790488926.605088,44864.110596,44866.882381,2771.785,POST,/api/pipeline,True,,1621,38,200,4
1790488923.891159,1790488926.662856,44864.168452,44866.940149,2771.697,POST,/api/pipeline,True,,1622,39,200,4
1790488923.948837,1790488926.721484,44864.22613,44866.998777,2772.647,POST,/api/pipeline,True,,1622,40,200,4
1790488924.006948,1790488926.779487,44864.284241,44867.05678,2772.539,POST,/api/pipeline,True,,1621,41,200,4
1790488924.060501,1790488926.832546,44864.337794,44867.10984,2772.046,POST,/api/pipeline,True,,1621,42,200,4
1790488924.112506,1790488926.885741,44864.389799,44867.163034,2773.236,POST,/api/pipeline,True,,1622,43,200,4
1790488924.167667,1790488926.938936,44864.444959,44867.216229,2771.269,POST,/api/pipeline,True,,1622,44,200,4
1790488924.220986,1790488926.994061,44864.498279,44867.271354,2773.075,POST,/api/pipeline,True,,1622,45,200,4
1790488924.275386,1790488927.047509,44864.552679,44867.324802,2772.123,POST,/api/pipeline,True,,1622,46,200,4
1790488924.334504,1790488927.10721,44864.611797,44867.384502,2772.705,POST,/api/pipeline,True,,1621,47,200,4
1790488924.390906,1790488927.164787,44864.668199,44867.44208,2773.881,POST,/api/pipeline,True,,1621,48,200,4
1790488924.434765,1790488927.2078,44864.712058,44867.485093,2773.035,POST,/api/pipeline,True,,1621,49,200,4
1790488924.494713,1790488927.265965,44864.772006,44867.543258,2771.252,POST,/api/pipeline,True,,1622,0,200,4
1790488924.565811,1790488927.338486,44864.843104,44867.615779,2772.674,POST,/api/pipeline,True,,1622,1,200,4
1790488924.620187,1790488927.395246,44864.89748,44867.672539,2775.059,POST,/api/pipeline,True,,1622,2,200,4
1790488924.675115,1790488927.449674,44864.952408,44867.726967,2774.559,POST,/api/pipeline,True,,1622,3,200,4
1790488924.73137,1790488927.504233,44865.008663,44867.781526,2772.863,POST,/api/pipeline,True,,1621,4,200,4
1790488924.783713,1790488927.557687,44865.061006,44867.83498,2773.974,POST,/api/pipeline,True,,1622,5,200,4
1790488924.8395,1790488927.611798,44865.116793,44867.88909,2772.298,POST,/api/pipeline,True,,1622,6,200,4
1790488924.893737,1790488927.669197,44865.17103,44867.94649,2775.46,POST,/api/pipeline,True,,1622,7,200,4
1790488924.950292,1790488927.724367,44865.227584,44868.00166,2774.075,POST,/api/pipeline,True,,1622,8,200,4
1790488925.005657,1790488927.778469,44865.28295,44868.055762,2772.812,POST,/api/pipeline,True,,1622,9,200,4
1790488925.059878,1790488927.832508,44865.337171,44868.109801,2772.63,POST,/api/pipeline,True,,1621,10,200,4
1790488925.118697,1790488927.891083,44865.39599,44868.168376,2772.386,POST,/api/pipeline,True,,1622,11,200,4
1790488925.173553,1790488927.946745,44865.450846,44868.224038,2773.192,POST,/api/pipeline,True,,1622,12,200,4
1790488925.230722,1790488928.004405,44865.508015,44868.281698,2773.682,POST,/api/pipeline,True,,1621,13,200,4
1790488925.285617,1790488928.05681,44865.56291,44868.334103,2771.194,POST,/api/pipeline,True,,1619,14,200,4
1790488925.336447,1790488928.111641,44865.61374,44868.388934,2775.194,POST,/api/pipeline,True,,1620,15,200,4
1790488925.393013,1790488928.165988,44865.670306,44868.443281,2772.975,POST,/api/pipeline,True,,1622,16,200,4
1790488925.449052,1790488928.22049,44865.726345,44868.497782,2771.437,POST,/api/pipeline,True,,1622,17,200,4
1790488925.50578,1790488928.278536,44865.783073,44868.555829,2772.756,POST,/api/pipeline,True,,1621,18,200,4
1790488925.562949,1790488928.337767,44865.840242,44868.61506,2774.818,POST,/api/pipeline,True,,1622,19,200,4
1790488925.618624,1790488928.393749,44865.895917,44868.671042,2775.125,POST,/api/pipeline,True,,1621,20,200,4
1790488925.67116,1790488928.442898,44865.948452,44868.720191,2771.738,POST,/api/pipeline,True,,1622,21,200,4
1790488925.72408,1790488928.497146,44866.001373,44868.774439,2773.067,POST,/api/pipeline,True,,1622,22,200,4
1790488925.777447,1790488928.550439,44866.05474,44868.827732,2772.992,POST,/api/pipeline,True,,1621,23,200,4
1790488925.832718,1790488928.608648,44866.110011,44868.885941,2775.929,POST,/api/pipeline,True,,1620,24,200,4
1790488925.892574,1790488928.6669,44866.169867,44868.944193,2774.326,POST,/api/pipeline,True,,1622,25,200,4
1790488925.943904,1790488928.718617,44866.221197,44868.99591,2774.713,POST,/api/pipeline,True,,1622,26,200,4
1790488926.016525,1790488928.790944,44866.293818,44869.068237,2774.419,POST,/api/pipeline,True,,1621,27,200,4
1790488926.073681,1790488928.844965,44866.350974,44869.122258,2771.285,POST,/api/pipeline,True,,1622,28,200,4
1790488926.112645,1790488928.884682,44866.389938,44869.161975,2772.037,POST,/api/pipeline,True,,1621,29,200,4
1790488926.173568,1790488928.946997,44866.45086,44869.22429,2773.429,POST,/api/pipeline,True,,1621,30,200,4
1790488926.230381,1790488929.004239,44866.507674,44869.281532,2773.859,POST,/api/pipeline,True,,1622,31,200,4
1790488926.287448,1790488929.058954,44866.564741,44869.336247,2771.506,POST,/api/pipeline,True,,1621,32,200,4
1790488926.338047,1790488929.109498,44866.61534,44869.386791,2771.452,POST,/api/pipeline,True,,1622,33,200,4
1790488926.39076,1790488929.163157,44866.668053,44869.44045,2772.397,POST,/api/pipeline,True,,1620,34,200,4
1790488926.44227,1790488929.215243,44866.719562,44869.492536,2772.974,POST,/api/pipeline,True,,1620,35,200,4
1790488926.505299,1790488929.276517,44866.782592,44869.55381,2771.218,POST,/api/pipeline,True,,1622,36,200,4
1790488926.552214,1790488929.322697,44866.829507,44869.599991,2770.483,POST,/api/pipeline,True,,1621,37,200,4
1790488926.605309,1790488929.380028,44866.882602,44869.657322,2774.719,POST,/api/pipeline,True,,1621,38,200,4
1790488926.663086,1790488929.436853,44866.940379,44869.714146,2773.767,POST,/api/pipeline,True,,1622,39,200,4
1790488926.721718,1790488929.495587,44866.999011,44869.77288,2773.869,POST,/api/pipeline,True,,1620,40,200,4
1790488926.779708,1790488929.553121,44867.057001,44869.830414,2773.414,POST,/api/pipeline,True,,1622,41,200,4
1790488926.832778,1790488929.604125,44867.110071,44869.881418,2771.347,POST,/api/pipeline,True,,1621,42,200,4
1790488926.885967,1790488929.656954,44867.16326,44869.934247,2770.987,POST,/api/pipeline,True,,1622,43,200,4
1790488926.939235,1790488929.712694,44867.216528,44869.989987,2773.459,POST,/api/pipeline,True,,1622,44,200,4
1790488926.994381,1790488929.765993,44867.271674,44870.043286,2771.612,POST,/api/pipeline,True,,1622,45,200,4
1790488927.047756,1790488929.8209,44867.325049,44870.098193,2773.143,POST,/api/pipeline,True,,1621,46,200,4
1790488927.107435,1790488929.882064,44867.384727,44870.159357,2774.629,POST,/api/pipeline,True,,1621,47,200,4
1790488927.165026,1790488929.937434,44867.442319,44870.214727,2772.409,POST,/api/pipeline,True,,1622,48,200,4
1790488927.208018,1790488929.980387,44867.48531,44870.25768,2772.369,POST,/api/pipeline,True,,1622,49,200,4
1790488927.266191,1790488930.044853,44867.543484,44870.322146,2778.662,POST,/api/pipeline,True,,1621,0,200,4
1790488927.338719,1790488930.11229,44867.616012,44870.389583,2773.571,POST,/api/pipeline,True,,1621,1,200,4
1790488927.395474,1790488930.169863,44867.672767,44870.447156,2774.389,POST,/api/pipeline,True,,1621,2,200,4
1790488927.449909,1790488930.221577,44867.727202,44870.49887,2771.668,POST,/api/pipeline,True,,1622,3,200,4
1790488927.504452,1790488930.276241,44867.781744,44870.553534,2771.79,POST,/api/pipeline,True,,1622,4,200,4
1790488927.5579,1790488930.328832,44867.835193,44870.606125,2770.932,POST,/api/pipeline,True,,1620,5,200,4
1790488927.61203,1790488930.387295,44867.889323,44870.664588,2775.265,POST,/api/pipeline,True,,1622,6,200,4
1790488927.669422,1790488930.444581,44867.946715,44870.721874,2775.159,POST,/api/pipeline,True,,1621,7,200,4
1790488927.724626,1790488930.497648,44868.00192,44870.774941,2773.021,POST,/api/pipeline,True,,1621,8,200,4
1790488927.778723,1790488930.551808,44868.056016,44870.829101,2773.085,POST,/api/pipeline,True,,1620,9,200,4
1790488927.83273,1790488930.605551,44868.110023,44870.882844,2772.82,POST,/api/pipeline,True,,1622,10,200,4
1790488927.891314,1790488930.663582,44868.168607,44870.940875,2772.268,POST,/api/pipeline,True,,1622,11,200,4
1790488927.946997,1790488930.721968,44868.22429,44870.999261,2774.971,POST,/api/pipeline,True,,1622,12,200,4
1790488928.004662,1790488930.776152,44868.281955,44871.053445,2771.49,POST,/api/pipeline,True,,1621,13,200,4
1790488928.057048,1790488930.829559,44868.33434,44871.106852,2772.511,POST,/api/pipeline,True,,1622,14,200,4
1790488928.111897,1790488930.88786,44868.389189,44871.165153,2775.964,POST,/api/pipeline,True,,1621,15,200,4
1790488928.16621,1790488930.938279,44868.443503,44871.215572,2772.069,POST,/api/pipeline,True,,1622,16,200,4
1790488928.220716,1790488930.99384,44868.498009,44871.271133,2773.124,POST,/api/pipeline,True,,1620,17,200,4
1790488928.278743,1790488931.052206,44868.556036,44871.329498,2773.463,POST,/api/pipeline,True,,1622,18,200,4
1790488928.338001,1790488931.111215,44868.615294,44871.388508,2773.214,POST,/api/pipeline,True,,1621,19,200,4
1790488928.394031,1790488931.168695,44868.671324,44871.445988,2774.664,POST,/api/pipeline,True,,1622,20,200,4
1790488928.443148,1790488931.214887,44868.720441,44871.49218,2771.739,POST,/api/pipeline,True,,1622,21,200,4
1790488928.497439,1790488931.270603,44868.774732,44871.547896,2773.164,POST,/api/pipeline,True,,1622,22,200,4
1790488928.55072,1790488931.323213,44868.828013,44871.600505,2772.493,POST,/api/pipeline,True,,1622,23,200,4
1790488928.608878,1790488931.381799,44868.886171,44871.659092,2772.921,POST,/api/pipeline,True,,1621,24,200,4
1790488928.667133,1790488931.439312,44868.944426,44871.716605,2772.18,POST,/api/pipeline,True,,1622,25,200,4
1790488928.718964,1790488931.492136,44868.996257,44871.769428,2773.171,POST,/api/pipeline,True,,1620,26,200,4
1790488928.791193,1790488931.563245,44869.068485,44871.840538,2772.052,POST,/api/pipeline,True,,1622,27,200,4
1790488928.84518,1790488931.61675,44869.122473,44871.894044,2771.57,POST,/api/pipeline,True,,1622,28,200,4
1790488928.884923,1790488931.658105,44869.162216,44871.935398,2773.182,POST,/api/pipeline,True,,1622,29,200,4
1790488928.947242,1790488931.721159,44869.224535,44871.998452,2773.917,POST,/api/pipeline,True,,1621,30,200,4
1790488929.004483,1790488931.777695,44869.281776,44872.054988,2773.212,POST,/api/pipeline,True,,1622,31,200,4
1790488929.059198,1790488931.831089,44869.336491,44872.108382,2771.891,POST,/api/pipeline,True,,1620,32,200,4
1790488929.109745,1790488931.882681,44869.387038,44872.159974,2772.936,POST,/api/pipeline,True,,1622,33,200,4
1790488929.163394,1790488931.935863,44869.440687,44872.213156,2772.468,POST,/api/pipeline,True,,1621,34,200,4
1790488929.215477,1790488931.988959,44869.49277,44872.266252,2773.482,POST,/api/pipeline,True,,1622,35,200,4
1790488929.276789,1790488932.050168,44869.554082,44872.327461,2773.379,POST,/api/pipeline,True,,1622,36,200,4
1790488929.323,1790488932.095214,44869.600293,44872.372507,2772.214,POST,/api/pipeline,True,,1620,37,200,4
1790488929.380238,1790488932.154405,44869.657531,44872.431698,2774.167,POST,/api/pipeline,True,,1621,38,200,4
1790488929.437073,1790488932.21229,44869.714366,44872.489583,2775.217,POST,/api/pipeline,True,,1622,39,200,4
1790488929.495827,1790488932.270202,44869.77312,44872.547495,2774.375,POST,/api/pipeline,True,,1622,40,200,4
1790488929.553342,1790488932.3257,44869.830635,44872.602993,2772.358,POST,/api/pipeline,True,,1621,41,200,4
1790488929.604347,1790488932.379048,44869.88164,44872.656341,2774.7,POST,/api/pipeline,True,,1622,42,200,4
1790488929.657241,1790488932.430826,44869.934534,44872.708119,2773.585,POST,/api/pipeline,True,,1622,43,200,4
1790488929.712949,1790488932.484092,44869.990242,44872.761385,2771.143,POST,/api/pipeline,True,,1621,44,200,4
1790488929.766229,1790488932.538548,44870.043522,44872.815841,2772.319,POST,/api/pipeline,True,,1622,45,200,4
1790488929.821115,1790488932.593208,44870.098408,44872.8705,2772.093,POST,/api/pipeline,True,,1620,46,200,4
1790488929.882293,1790488932.654094,44870.159586,44872.931387,2771.801,POST,/api/pipeline,True,,1619,47,200,4
1790488929.937663,1790488932.711918,44870.214956,44872.989211,2774.255,POST,/api/pipeline,True,,1621,48,200,4
1790488929.980626,1790488932.754399,44870.257919,44873.031692,2773.773,POST,/api/pipeline,True,,1621,49,200,4
1790488930.045202,1790488932.817319,44870.322495,44873.094612,2772.117,POST,/api/pipeline,True,,1622,0,200,4
1790488930.112514,1790488932.887728,44870.389807,44873.165021,2775.214,POST,/api/pipeline,True,,1622,1,200,4
1790488930.170095,1790488932.94225,44870.447388,44873.219542,2772.155,POST,/api/pipeline,True,,1621,2,200,4
1790488930.221799,1790488932.994448,44870.499092,44873.271741,2772.649,POST,/api/pipeline,True,,1622,3,200,4
1790488930.276476,1790488933.048028,44870.553768,44873.325321,2771.553,POST,/api/pipeline,True,,1622,4,200,4
1790488930.32905,1790488933.103385,44870.606343,44873.380678,2774.335,POST,/api/pipeline,True,,1621,5,200,4
1790488930.387545,1790488933.160948,44870.664838,44873.43824,2773.403,POST,/api/pipeline,True,,1622,6,200,4
1790488930.4448,1790488933.216224,44870.722093,44873.493517,2771.423,POST,/api/pipeline,True,,1620,7,200,4
1790488930.49789,1790488933.271116,44870.775183,44873.548409,2773.226,POST,/api/pipeline,True,,1621,8,200,4
1790488930.552106,1790488933.323666,44870.829399,44873.600959,2771.56,POST,/api/pipeline,True,,1621,9,200,4
1790488930.605806,1790488933.378948,44870.883099,44873.656241,2773.143,POST,/api/pipeline,True,,1622,10,200,4
1790488930.6638,1790488933.440901,44870.941093,44873.718194,2777.102,POST,/api/pipeline,True,,1621,11,200,4
1790488930.722194,1790488933.494684,44870.999487,44873.771976,2772.489,POST,/api/pipeline,True,,1622,12,200,4
1790488930.776381,1790488933.547439,44871.053674,44873.824732,2771.059,POST,/api/pipeline,True,,1621,13,200,4
1790488930.829783,1790488933.605692,44871.107076,44873.882984,2775.909,POST,/api/pipeline,True,,1622,14,200,4
1790488930.888146,1790488933.658938,44871.165439,44873.936231,2770.792,POST,/api/pipeline,True,,1622,15,200,4
1790488930.938501,1790488933.715414,44871.215794,44873.992707,2776.913,POST,/api/pipeline,True,,1621,16,200,4
1790488930.99407,1790488933.765763,44871.271362,44874.043055,2771.693,POST,/api/pipeline,True,,1622,17,200,4
1790488931.052458,1790488933.825498,44871.329751,44874.102791,2773.04,POST,/api/pipeline,True,,1622,18,200,4
1790488931.111438,1790488933.884756,44871.388731,44874.162049,2773.318,POST,/api/pipeline,True,,1622,19,200,4
1790488931.168936,1790488933.941856,44871.446229,44874.219149,2772.92,POST,/api/pipeline,True,,1620,20,200,4
1790488931.215131,1790488933.989324,44871.492424,44874.266617,2774.193,POST,/api/pipeline,True,,1621,21,200,4
1790488931.270959,1790488934.043025,44871.548252,44874.320318,2772.066,POST,/api/pipeline,True,,1621,22,200,4
1790488931.323443,1790488934.098443,44871.600736,44874.375735,2774.999,POST,/api/pipeline,True,,1622,23,200,4
1790488931.382009,1790488934.155942,44871.659302,44874.433235,2773.933,POST,/api/pipeline,True,,1622,24,200,4
1790488931.439546,1790488934.210182,44871.716839,44874.487475,2770.635,POST,/api/pipeline,True,,1620,25,200,4
1790488931.492409,1790488934.265496,44871.769701,44874.542788,2773.087,POST,/api/pipeline,True,,1622,26,200,4
1790488931.563483,1790488934.335202,44871.840776,44874.612495,2771.718,POST,/api/pipeline,True,,1621,27,200,4
1790488931.616969,1790488934.390473,44871.894262,44874.667766,2773.504,POST,/api/pipeline,True,,1621,28,200,4
1790488931.658351,1790488934.431197,44871.935643,44874.70849,2772.847,POST,/api/pipeline,True,,1622,29,200,4
1790488931.721384,1790488934.493939,44871.998677,44874.771232,2772.555,POST,/api/pipeline,True,,1622,30,200,4
1790488931.777928,1790488934.550626,44872.055221,44874.827919,2772.698,POST,/api/pipeline,True,,1622,31,200,4
1790488931.831323,1790488934.603375,44872.108616,44874.880668,2772.052,POST,/api/pipeline,True,,1622,32,200,4
1790488931.883036,1790488934.65658,44872.160329,44874.933873,2773.544,POST,/api/pipeline,True,,1621,33,200,4
1790488931.936109,1790488934.710255,44872.213402,44874.987548,2774.146,POST,/api/pipeline,True,,1620,34,200,4
1790488931.989221,1790488934.767333,44872.266514,44875.044626,2778.112,POST,/api/pipeline,True,,1622,35,200,4
1790488932.05041,1790488934.822058,44872.327703,44875.099351,2771.648,POST,/api/pipeline,True,,1622,36,200,4
1790488932.095446,1790488934.871156,44872.372739,44875.148449,2775.71,POST,/api/pipeline,True,,1620,37,200,4
1790488932.154638,1790488934.929322,44872.431931,44875.206614,2774.684,POST,/api/pipeline,True,,1621,38,200,4
1790488932.212519,1790488934.987534,44872.489812,44875.264827,2775.015,POST,/api/pipeline,True,,1622,39,200,4
1790488932.270422,1790488935.044922,44872.547715,44875.322215,2774.499,POST,/api/pipeline,True,,1621,40,200,4
1790488932.32596,1790488935.097519,44872.603253,44875.374812,2771.559,POST,/api/pipeline,True,,1622,41,200,4
1790488932.379293,1790488935.150179,44872.656586,44875.427472,2770.886,POST,/api/pipeline,True,,1622,42,200,4
1790488932.431101,1790488935.203471,44872.708394,44875.480764,2772.37,POST,/api/pipeline,True,,1620,43,200,4
1790488932.484358,1790488935.256813,44872.761651,44875.534106,2772.455,POST,/api/pipeline,True,,1621,44,200,4
1790488932.538864,1790488935.310949,44872.816157,44875.588242,2772.085,POST,/api/pipeline,True,,1621,45,200,4
1790488932.593442,1790488935.365703,44872.870735,44875.642996,2772.261,POST,/api/pipeline,True,,1622,46,200,4
1790488932.654365,1790488935.427272,44872.931658,44875.704565,2772.906,POST,/api/pipeline,True,,1620,47,200,4
1790488932.712144,1790488935.485821,44872.989437,44875.763114,2773.677,POST,/api/pipeline,True,,1622,48,200,4
1790488932.754644,1790488935.527272,44873.031936,44875.804565,2772.629,POST,/api/pipeline,True,,1622,49,200,4
1790488932.817527,1790488935.589005,44873.09482,44875.866298,2771.478,POST,/api/pipeline,True,,1622,0,200,4
1790488932.887952,1790488935.660319,44873.165245,44875.937612,2772.367,POST,/api/pipeline,True,,1622,1,200,4
1790488932.942484,1790488935.716774,44873.219777,44875.994067,2774.29,POST,/api/pipeline,True,,1622,2,200,4
1790488932.99468,1790488935.767533,44873.271973,44876.044826,2772.853,POST,/api/pipeline,True,,1622,3,200,4
1790488933.048271,1790488935.821743,44873.325565,44876.099036,2773.472,POST,/api/pipeline,True,,1622,4,200,4
1790488933.103634,1790488935.876513,44873.380927,44876.153806,2772.879,POST,/api/pipeline,True,,1620,5,200,4
1790488933.161179,1790488935.936274,44873.438472,44876.213567,2775.095,POST,/api/pipeline,True,,1622,6,200,4
1790488933.216463,1790488935.989916,44873.493756,44876.267209,2773.453,POST,/api/pipeline,True,,1622,7,200,4
1790488933.271493,1790488936.044605,44873.548786,44876.321898,2773.113,POST,/api/pipeline,True,,1622,8,200,4
1790488933.323939,1790488936.103254,44873.601232,44876.380547,2779.315,POST,/api/pipeline,True,,1622,9,200,4
1790488933.379219,1790488936.156426,44873.656512,44876.433719,2777.207,POST,/api/pipeline,True,,1620,10,200,4
1790488933.441139,1790488936.21405,44873.718432,44876.491343,2772.911,POST,/api/pipeline,True,,1620,11,200,4
1790488933.495038,1790488936.26778,44873.772331,44876.545073,2772.742,POST,/api/pipeline,True,,1621,12,200,4
1790488933.547683,1790488936.323454,44873.824976,44876.600747,2775.77,POST,/api/pipeline,True,,1622,13,200,4
1790488933.605917,1790488936.377771,44873.88321,44876.655064,2771.854,POST,/api/pipeline,True,,1622,14,200,4
1790488933.659181,1790488936.430347,44873.936474,44876.70764,2771.166,POST,/api/pipeline,True,,1622,15,200,4
1790488933.715657,1790488936.487243,44873.99295,44876.764536,2771.586,POST,/api/pipeline,True,,1622,16,200,4
1790488933.766093,1790488936.542003,44874.043386,44876.819296,2775.909,POST,/api/pipeline,True,,1622,17,200,4
1790488933.825716,1790488936.59829,44874.103008,44876.875583,2772.575,POST,/api/pipeline,True,,1621,18,200,4
1790488933.884976,1790488936.65661,44874.162269,44876.933903,2771.634,POST,/api/pipeline,True,,1622,19,200,4
1790488933.942164,1790488936.714424,44874.219457,44876.991716,2772.26,POST,/api/pipeline,True,,1622,20,200,4
1790488933.989582,1790488936.761747,44874.266874,44877.03904,2772.165,POST,/api/pipeline,True,,1622,21,200,4
1790488934.043304,1790488936.813818,44874.320597,44877.091111,2770.514,POST,/api/pipeline,True,,1620,22,200,4
1790488934.098658,1790488936.872721,44874.375951,44877.150014,2774.063,POST,/api/pipeline,True,,1622,23,200,4
1790488934.156158,1790488936.930319,44874.433451,44877.207612,2774.161,POST,/api/pipeline,True,,1621,24,200,4
1790488934.210412,1790488936.987433,44874.487705,44877.264726,2777.021,POST,/api/pipeline,True,,1622,25,200,4
1790488934.265744,1790488937.038446,44874.543037,44877.315739,2772.702,POST,/api/pipeline,True,,1622,26,200,4
1790488934.335462,1790488937.108402,44874.612755,44877.385695,2772.941,POST,/api/pipeline,True,,1621,27,200,4
1790488934.390736,1790488937.165057,44874.668029,44877.44235,2774.321,POST,/api/pipeline,True,,1621,28,200,4
1790488934.431448,1790488937.204317,44874.708741,44877.48161,2772.869,POST,/api/pipeline,True,,1622,29,200,4
1790488934.494141,1790488937.266659,44874.771434,44877.543952,2772.519,POST,/api/pipeline,True,,1621,30,200,4
1790488934.551009,1790488937.323678,44874.828302,44877.600971,2772.669,POST,/api/pipeline,True,,1622,31,200,4
1790488934.603588,1790488937.375638,44874.880881,44877.652931,2772.05,POST,/api/pipeline,True,,1622,32,200,4
1790488934.656826,1790488937.431359,44874.934119,44877.708652,2774.533,POST,/api/pipeline,True,,1622,33,200,4
1790488934.710496,1790488937.485738,44874.987789,44877.763031,2775.242,POST,/api/pipeline,True,,1622,34,200,4
1790488934.767623,1790488937.540414,44875.044916,44877.817707,2772.791,POST,/api/pipeline,True,,1619,35,200,4
1790488934.822339,1790488937.593601,44875.099632,44877.870894,2771.262,POST,/api/pipeline,True,,1620,36,200,4
1790488934.871395,1790488937.645388,44875.148688,44877.922681,2773.993,POST,/api/pipeline,True,,1622,37,200,4
1790488934.929545,1790488937.705571,44875.206838,44877.982864,2776.026,POST,/api/pipeline,True,,1620,38,200,4
1790488934.987766,1790488937.76158,44875.265059,44878.038874,2773.815,POST,/api/pipeline,True,,1619,39,200,4
1790488935.0452,1790488937.819325,44875.322493,44878.096618,2774.125,POST,/api/pipeline,True,,1620,40,200,4
1790488935.097746,1790488937.870596,44875.375039,44878.147889,2772.851,POST,/api/pipeline,True,,1621,41,200,4
1790488935.150465,1790488937.923989,44875.427758,44878.201282,2773.524,POST,/api/pipeline,True,,1622,42,200,4
1790488935.203715,1790488937.976612,44875.481008,44878.253905,2772.897,POST,/api/pipeline,True,,1622,43,200,4
1790488935.25705,1790488938.030465,44875.534343,44878.307758,2773.415,POST,/api/pipeline,True,,1622,44,200,4
1790488935.311191,1790488938.085891,44875.588484,44878.363184,2774.7,POST,/api/pipeline,True,,1621,45,200,4
1790488935.365945,1790488938.13849,44875.643238,44878.415783,2772.545,POST,/api/pipeline,True,,1620,46,200,4
1790488935.427591,1790488938.198847,44875.704884,44878.47614,2771.256,POST,/api/pipeline,True,,1620,47,200,4
1790488935.486049,1790488938.257334,44875.763342,44878.534627,2771.285,POST,/api/pipeline,True,,1621,48,200,4
1790488935.527606,1790488938.299529,44875.804899,44878.576822,2771.923,POST,/api/pipeline,True,,1622,49,200,4
1790488935.589222,1790488938.36124,44875.866515,44878.638533,2772.018,POST,/api/pipeline,True,,1622,0,200,4
1790488935.66054,1790488938.434097,44875.937833,44878.71139,2773.557,POST,/api/pipeline,True,,1621,1,200,4
1790488935.717013,1790488938.48913,44875.994306,44878.766422,2772.117,POST,/api/pipeline,True,,1620,2,200,4
1790488935.767779,1790488938.5416,44876.045072,44878.818892,2773.82,POST,/api/pipeline,True,,1622,3,200,4
1790488935.82198,1790488938.595548,44876.099273,44878.872841,2773.568,POST,/api/pipeline,True,,1622,4,200,4
1790488935.876752,1790488938.651094,44876.154045,44878.928387,2774.342,POST,/api/pipeline,True,,1622,5,200,4
1790488935.936499,1790488938.708943,44876.213792,44878.986236,2772.444,POST,/api/pipeline,True,,1622,6,200,4
1790488935.990154,1790488938.762898,44876.267447,44879.040191,2772.744,POST,/api/pipeline,True,,1621,7,200,4
1790488936.044872,1790488938.821271,44876.322165,44879.098564,2776.399,POST,/api/pipeline,True,,1622,8,200,4
1790488936.103533,1790488938.874038,44876.380826,44879.151331,2770.505,POST,/api/pipeline,True,,1622,9,200,4
1790488936.156666,1790488938.932267,44876.433958,44879.20956,2775.602,POST,/api/pipeline,True,,1622,10,200,4
1790488936.214382,1790488938.986837,44876.491675,44879.26413,2772.455,POST,/api/pipeline,True,,1622,11,200,4
1790488936.268078,1790488939.041972,44876.545371,44879.319265,2773.894,POST,/api/pipeline,True,,1621,12,200,4
1790488936.323715,1790488939.096771,44876.601007,44879.374064,2773.056,POST,/api/pipeline,True,,1621,13,200,4
1790488936.378023,1790488939.149994,44876.655316,44879.427287,2771.971,POST,/api/pipeline,True,,1620,14,200,4
1790488936.43061,1790488939.208216,44876.707902,44879.485509,2777.607,POST,/api/pipeline,True,,1622,15,200,4
1790488936.487566,1790488939.260824,44876.764859,44879.538116,2773.258,POST,/api/pipeline,True,,1622,16,200,4
1790488936.542245,1790488939.316002,44876.819538,44879.593295,2773.757,POST,/api/pipeline,True,,1621,17,200,4
1790488936.598505,1790488939.371721,44876.875798,44879.649014,2773.216,POST,/api/pipeline,True,,1622,18,200,4
1790488936.656825,1790488939.429451,44876.934118,44879.706744,2772.626,POST,/api/pipeline,True,,1621,19,200,4
1790488936.714655,1790488939.488501,44876.991947,44879.765794,2773.846,POST,/api/pipeline,True,,1620,20,200,4
1790488936.762069,1790488939.533762,44877.039361,44879.811054,2771.693,POST,/api/pipeline,True,,1622,21,200,4
1790488936.814068,1790488939.588528,44877.091361,44879.865821,2774.46,POST,/api/pipeline,True,,1622,22,200,4
1790488936.872941,1790488939.646378,44877.150234,44879.923671,2773.437,POST,/api/pipeline,True,,1622,23,200,4
1790488936.930527,1790488939.703315,44877.20782,44879.980608,2772.788,POST,/api/pipeline,True,,1622,24,200,4
1790488936.987655,1790488939.761819,44877.264948,44880.039111,2774.164,POST,/api/pipeline,True,,1620,25,200,4
1790488937.038706,1790488939.811829,44877.315998,44880.089122,2773.124,POST,/api/pipeline,True,,1622,26,200,4
1790488937.108654,1790488939.882203,44877.385947,44880.159495,2773.549,POST,/api/pipeline,True,,1621,27,200,4
1790488937.165333,1790488939.937686,44877.442626,44880.214979,2772.352,POST,/api/pipeline,True,,1621,28,200,4
1790488937.204554,1790488939.981517,44877.481847,44880.25881,2776.962,POST,/api/pipeline,True,,1621,29,200,4
1790488937.267039,1790488940.043136,44877.544332,44880.320429,2776.097,POST,/api/pipeline,True,,1622,30,200,4
1790488937.323898,1790488940.096266,44877.601191,44880.373559,2772.367,POST,/api/pipeline,True,,1622,31,200,4
1790488937.375851,1790488940.149333,44877.653144,44880.426626,2773.482,POST,/api/pipeline,True,,1621,32,200,4
1790488937.431619,1790488940.203961,44877.708911,44880.481254,2772.342,POST,/api/pipeline,True,,1620,33,200,4
1790488937.48597,1790488940.258041,44877.763263,44880.535334,2772.072,POST,/api/pipeline,True,,1621,34,200,4
1790488937.540654,1790488940.312174,44877.817947,44880.589467,2771.52,POST,/api/pipeline,True,,1621,35,200,4
1790488937.593884,1790488940.36488,44877.871177,44880.642173,2770.996,POST,/api/pipeline,True,,1622,36,200,4
1790488937.645602,1790488940.421743,44877.922894,44880.699036,2776.141,POST,/api/pipeline,True,,1620,37,200,4
1790488937.705798,1790488940.480388,44877.983091,44880.757681,2774.591,POST,/api/pipeline,True,,1622,38,200,4
1790488937.761832,1790488940.538626,44878.039125,44880.815919,2776.794,POST,/api/pipeline,True,,1621,39,200,4
1790488937.819697,1790488940.590801,44878.096989,44880.868094,2771.104,POST,/api/pipeline,True,,1621,40,200,4
1790488937.870889,1790488940.643825,44878.148182,44880.921118,2772.936,POST,/api/pipeline,True,,1619,41,200,4
1790488937.924247,1790488940.698571,44878.20154,44880.975864,2774.324,POST,/api/pipeline,True,,1621,42,200,4
1790488937.976871,1790488940.749515,44878.254165,44881.026808,2772.644,POST,/api/pipeline,True,,1621,43,200,4
1790488938.030794,1790488940.806778,44878.308087,44881.084071,2775.984,POST,/api/pipeline,True,,1621,44,200,4
1790488938.086166,1790488940.858651,44878.363459,44881.135944,2772.485,POST,/api/pipeline,True,,1622,45,200,4
1790488938.138741,1790488940.912618,44878.416034,44881.189911,2773.877,POST,/api/pipeline,True,,1622,46,200,4
1790488938.19906,1790488940.969985,44878.476353,44881.247278,2770.926,POST,/api/pipeline,True,,1622,47,200,4
1790488938.257547,1790488941.029958,44878.53484,44881.307251,2772.411,POST,/api/pipeline,True,,1622,48,200,4
1790488938.299767,1790488941.071697,44878.57706,44881.34899,2771.929,POST,/api/pipeline,True,,1622,49,200,4
1790488938.361474,1790488941.133261,44878.638767,44881.410554,2771.787,POST,/api/pipeline,True,,1622,0,200,4
1790488938.434334,1790488941.20725,44878.711627,44881.484543,2772.916,POST,/api/pipeline,True,,1622,1,200,4
1790488938.489363,1790488941.261086,44878.766656,44881.538379,2771.723,POST,/api/pipeline,True,,1621,2,200,4
1790488938.541825,1790488941.314647,44878.819118,44881.59194,2772.822,POST,/api/pipeline,True,,1622,3,200,4
1790488938.595795,1790488941.369935,44878.873088,44881.647227,2774.14,POST,/api/pipeline,True,,1622,4,200,4
1790488938.651364,1790488941.427063,44878.928657,44881.704357,2775.699,POST,/api/pipeline,True,,1621,5,200,4
1790488938.709165,1790488941.482146,44878.986458,44881.759439,2772.981,POST,/api/pipeline,True,,1622,6,200,4
1790488938.763123,1790488941.537698,44879.040416,44881.814991,2774.575,POST,/api/pipeline,True,,1621,7,200,4
1790488938.821506,1790488941.592603,44879.098799,44881.869895,2771.097,POST,/api/pipeline,True,,1622,8,200,4
1790488938.874262,1790488941.650083,44879.151555,44881.927376,2775.82,POST,/api/pipeline,True,,1621,9,200,4
1790488938.932494,1790488941.708773,44879.209787,44881.986066,2776.279,POST,/api/pipeline,True,,1621,10,200,4
1790488938.987111,1790488941.759566,44879.264404,44882.036859,2772.455,POST,/api/pipeline,True,,1622,11,200,4
1790488939.042242,1790488941.817142,44879.319535,44882.094435,2774.9,POST,/api/pipeline,True,,1622,12,200,4
1790488939.097028,1790488941.869057,44879.374322,44882.146351,2772.029,POST,/api/pipeline,True,,1622,13,200,4
1790488939.150277,1790488941.927466,44879.42757,44882.204759,2777.19,POST,/api/pipeline,True,,1622,14,200,4
1790488939.208519,1790488941.98017,44879.485812,44882.257463,2771.651,POST,/api/pipeline,True,,1622,15,200,4
1790488939.261133,1790488942.033774,44879.538426,44882.311067,2772.641,POST,/api/pipeline,True,,1622,16,200,4
1790488939.316277,1790488942.09134,44879.59357,44882.368633,2775.063,POST,/api/pipeline,True,,1621,17,200,4
1790488939.371945,1790488942.144441,44879.649238,44882.421734,2772.496,POST,/api/pipeline,True,,1622,18,200,4
1790488939.429672,1790488942.203999,44879.706965,44882.481292,2774.327,POST,/api/pipeline,True,,1622,19,200,4
1790488939.488739,1790488942.261665,44879.766032,44882.538958,2772.926,POST,/api/pipeline,True,,1621,20,200,4
1790488939.534029,1790488942.307214,44879.811322,44882.584507,2773.185,POST,/api/pipeline,True,,1621,21,200,4
1790488939.588771,1790488942.360422,44879.866064,44882.637715,2771.651,POST,/api/pipeline,True,,1621,22,200,4
1790488939.6466,1790488942.418189,44879.923893,44882.695482,2771.59,POST,/api/pipeline,True,,1621,23,200,4
1790488939.703521,1790488942.477036,44879.980814,44882.754329,2773.515,POST,/api/pipeline,True,,1621,24,200,4
1790488939.762054,1790488942.534945,44880.039347,44882.812237,2772.891,POST,/api/pipeline,True,,1622,25,200,4
1790488939.812103,1790488942.584194,44880.089396,44882.861487,2772.091,POST,/api/pipeline,True,,1622,26,200,4
1790488939.882502,1790488942.656178,44880.159795,44882.933471,2773.676,POST,/api/pipeline,True,,1622,27,200,4
1790488939.937925,1790488942.715448,44880.215218,44882.992741,2777.523,POST,/api/pipeline,True,,1622,28,200,4
1790488939.981798,1790488942.754989,44880.259091,44883.032281,2773.191,POST,/api/pipeline,True,,1621,29,200,4
1790488940.043395,1790488942.812944,44880.320688,44883.090237,2769.549,POST,/api/pipeline,True,,1620,30,200,4
1790488940.096486,1790488942.87058,44880.373779,44883.147873,2774.093,POST,/api/pipeline,True,,1622,31,200,4
1790488940.149554,1790488942.921665,44880.426847,44883.198958,2772.11,POST,/api/pipeline,True,,1621,32,200,4
1790488940.204258,1790488942.976401,44880.481551,44883.253694,2772.144,POST,/api/pipeline,True,,1621,33,200,4
1790488940.258262,1790488943.029877,44880.535555,44883.30717,2771.615,POST,/api/pipeline,True,,1622,34,200,4
1790488940.312436,1790488943.085109,44880.589729,44883.362402,2772.673,POST,/api/pipeline,True,,1622,35,200,4
1790488940.365118,1790488943.13978,44880.64241,44883.417073,2774.663,POST,/api/pipeline,True,,1621,36,200,4
1790488940.421973,1790488943.194128,44880.699266,44883.471421,2772.155,POST,/api/pipeline,True,,1621,37,200,4
1790488940.48062,1790488943.254644,44880.757913,44883.531937,2774.024,POST,/api/pipeline,True,,1622,38,200,4
1790488940.538963,1790488943.310514,44880.816255,44883.587807,2771.552,POST,/api/pipeline,True,,1621,39,200,4
1790488940.591039,1790488943.364155,44880.868332,44883.641448,2773.116,POST,/api/pipeline,True,,1622,40,200,4
1790488940.64404,1790488943.417848,44880.921333,44883.69514,2773.808,POST,/api/pipeline,True,,1622,41,200,4
1790488940.69889,1790488943.470211,44880.976183,44883.747504,2771.321,POST,/api/pipeline,True,,1621,42,200,4
1790488940.749721,1790488943.523848,44881.027014,44883.801141,2774.127,POST,/api/pipeline,True,,1622,43,200,4
1790488940.807014,1790488943.578351,44881.084307,44883.855644,2771.338,POST,/api/pipeline,True,,1621,44,200,4
1790488940.859054,1790488943.631001,44881.136347,44883.908294,2771.947,POST,/api/pipeline,True,,1622,45,200,4
1790488940.912864,1790488943.685081,44881.190157,44883.962374,2772.218,POST,/api/pipeline,True,,1622,46,200,4
1790488940.970203,1790488943.744134,44881.247496,44884.021427,2773.931,POST,/api/pipeline,True,,1622,47,200,4
1790488941.030208,1790488943.803976,44881.307501,44884.081269,2773.768,POST,/api/pipeline,True,,1622,48,200,4
1790488941.071941,1790488943.844376,44881.349233,44884.121668,2772.435,POST,/api/pipeline,True,,1621,49,200,4
1790488941.133488,1790488943.904081,44881.410781,44884.181374,2770.593,POST,/api/pipeline,True,,1622,0,200,4
1790488941.20747,1790488943.978638,44881.484763,44884.255931,2771.168,POST,/api/pipeline,True,,1621,1,200,4
1790488941.261334,1790488944.033166,44881.538627,44884.310459,2771.832,POST,/api/pipeline,True,,1621,2,200,4
1790488941.314999,1790488944.089587,44881.592292,44884.36688,2774.589,POST,/api/pipeline,True,,1621,3,200,4
1790488941.370174,1790488944.144778,44881.647467,44884.422071,2774.604,POST,/api/pipeline,True,,1620,4,200,4
1790488941.4274,1790488944.202824,44881.704692,44884.480117,2775.425,POST,/api/pipeline,True,,1622,5,200,4
1790488941.48238,1790488944.257507,44881.759673,44884.5348,2775.127,POST,/api/pipeline,True,,1621,6,200,4
1790488941.537948,1790488944.310768,44881.815241,44884.588061,2772.82,POST,/api/pipeline,True,,1622,7,200,4
1790488941.592839,1790488944.367562,44881.870131,44884.644854,2774.723,POST,/api/pipeline,True,,1622,8,200,4
1790488941.650315,1790488944.425423,44881.927608,44884.702716,2775.108,POST,/api/pipeline,True,,1620,9,200,4
1790488941.70903,1790488944.483125,44881.986322,44884.760418,2774.095,POST,/api/pipeline,True,,1622,10,200,4
1790488941.759792,1790488944.535213,44882.037085,44884.812505,2775.42,POST,/api/pipeline,True,,1622,11,200,4
1790488941.81742,1790488944.588431,44882.094712,44884.865724,2771.012,POST,/api/pipeline,True,,1621,12,200,4
1790488941.869299,1790488944.644507,44882.146592,44884.9218,2775.208,POST,/api/pipeline,True,,1622,13,200,4
1790488941.927696,1790488944.698584,44882.204988,44884.975877,2770.889,POST,/api/pipeline,True,,1622,14,200,4
1790488941.980403,1790488944.752318,44882.257696,44885.029611,2771.914,POST,/api/pipeline,True,,1622,15,200,4
1790488942.034009,1790488944.811999,44882.311303,44885.089292,2777.989,POST,/api/pipeline,True,,1622,16,200,4
1790488942.091645,1790488944.862671,44882.368937,44885.139963,2771.026,POST,/api/pipeline,True,,1621,17,200,4
1790488942.14466,1790488944.917876,44882.421953,44885.195169,2773.216,POST,/api/pipeline,True,,1622,18,200,4
1790488942.204215,1790488944.977433,44882.481507,44885.254726,2773.219,POST,/api/pipeline,True,,1620,19,200,4
1790488942.26191,1790488945.038407,44882.539203,44885.315699,2776.496,POST,/api/pipeline,True,,1621,20,200,4
1790488942.307451,1790488945.079922,44882.584744,44885.357215,2772.471,POST,/api/pipeline,True,,1621,21,200,4
1790488942.360642,1790488945.133446,44882.637935,44885.410739,2772.804,POST,/api/pipeline,True,,1621,22,200,4
1790488942.418431,1790488945.191048,44882.695724,44885.468341,2772.617,POST,/api/pipeline,True,,1622,23,200,4
1790488942.477256,1790488945.249676,44882.754549,44885.526969,2772.42,POST,/api/pipeline,True,,1622,24,200,4
1790488942.535235,1790488945.307334,44882.812528,44885.584627,2772.099,POST,/api/pipeline,True,,1621,25,200,4
1790488942.584439,1790488945.357297,44882.861732,44885.63459,2772.858,POST,/api/pipeline,True,,1622,26,200,4
1790488942.656414,1790488945.432577,44882.933706,44885.70987,2776.164,POST,/api/pipeline,True,,1621,27,200,4
