start_ts,end_ts,start_mono,end_mono,response_time_ms,request_type,name,success,exception,response_length,user,http_status,stages_logged
1790488987.784364,1790488990.562072,44928.061656,44930.839365,2777.708,POST,/api/pipeline,True,,1622,0,200,4
1790488987.840615,1790488990.618071,44928.117908,44930.895363,2777.456,POST,/api/pipeline,True,,1621,1,200,4
1790488987.895554,1790488990.671105,44928.172847,44930.948398,2775.551,POST,/api/pipeline,True,,1622,2,200,4
1790488987.951054,1790488990.728825,44928.228347,44931.006118,2777.771,POST,/api/pipeline,True,,1621,3,200,4
1790488988.005952,1790488990.787061,44928.283245,44931.064354,2781.109,POST,/api/pipeline,True,,1620,4,200,4
1790488988.061466,1790488990.839384,44928.338759,44931.116677,2777.918,POST,/api/pipeline,True,,1622,5,200,4
1790488988.117172,1790488990.89393,44928.394465,44931.171223,2776.758,POST,/api/pipeline,True,,1622,6,200,4
1790488988.172277,1790488990.949249,44928.44957,44931.226541,2776.971,POST,/api/pipeline,True,,1622,7,200,4
1790488988.226988,1790488991.001395,44928.50428,44931.278688,2774.408,POST,/api/pipeline,True,,1622,8,200,4
1790488988.282536,1790488991.059339,44928.559828,44931.336632,2776.803,POST,/api/pipeline,True,,1622,9,200,4
1790488988.336976,1790488991.11039,44928.614269,44931.387683,2773.414,POST,/api/pipeline,True,,1620,10,200,4
1790488988.392573,1790488991.169444,44928.669866,44931.446737,2776.87,POST,/api/pipeline,True,,1622,11,200,4
1790488988.447577,1790488991.223298,44928.72487,44931.500591,2775.721,POST,/api/pipeline,True,,1622,12,200,4
1790488988.502747,1790488991.277001,44928.78004,44931.554294,2774.254,POST,/api/pipeline,True,,1620,13,200,4
1790488988.558317,1790488991.33236,44928.83561,44931.609653,2774.042,POST,/api/pipeline,True,,1621,14,200,4
1790488988.614027,1790488991.39057,44928.89132,44931.667863,2776.543,POST,/api/pipeline,True,,1621,15,200,4
1790488988.668617,1790488991.443479,44928.945911,44931.720772,2774.861,POST,/api/pipeline,True,,1622,16,200,4
1790488988.724383,1790488991.50117,44929.001676,44931.778463,2776.787,POST,/api/pipeline,True,,1622,17,200,4
1790488988.781991,1790488991.557958,44929.059284,44931.835251,2775.966,POST,/api/pipeline,True,,1621,18,200,4
1790488988.834611,1790488991.611542,44929.111904,44931.888835,2776.931,POST,/api/pipeline,True,,1622,19,200,4
1790488988.889484,1790488991.665468,44929.166777,44931.942761,2775.984,POST,/api/pipeline,True,,1619,20,200,4
1790488988.945659,1790488991.722591,44929.222952,44931.999884,2776.932,POST,/api/pipeline,True,,1621,21,200,4
1790488988.999879,1790488991.77518,44929.277172,44932.052472,2775.301,POST,/api/pipeline,True,,1622,22,200,4
1790488989.055777,1790488991.834428,44929.33307,44932.111721,2778.651,POST,/api/pipeline,True,,1621,23,200,4
1790488989.110743,1790488991.886199,44929.388036,44932.163492,2775.456,POST,/api/pipeline,True,,1622,24,200,4
1790488989.16546,1790488991.939786,44929.442753,44932.21708,2774.327,POST,/api/pipeline,True,,1622,25,200,4
1790488989.220975,1790488991.998021,44929.498268,44932.275314,2777.046,POST,/api/pipeline,True,,1621,26,200,4
1790488989.276144,1790488992.066355,44929.553437,44932.343648,2790.211,POST,/api/pipeline,True,,1622,27,200,4
1790488989.331477,1790488992.122396,44929.60877,44932.399689,2790.919,POST,/api/pipeline,True,,1621,28,200,4
1790488989.387185,1790488992.161075,44929.664478,44932.438368,2773.89,POST,/api/pipeline,True,,1622,29,200,4
1790488989.441614,1790488992.215632,44929.718907,44932.492925,2774.018,POST,/api/pipeline,True,,1622,30,200,4
1790488989.498208,1790488992.275055,44929.775501,44932.552348,2776.847,POST,/api/pipeline,True,,1622,31,200,4
1790488989.552533,1790488992.329768,44929.829826,44932.607061,2777.235,POST,/api/pipeline,True,,1622,32,200,4
1790488989.607377,1790488992.382564,44929.88467,44932.659856,2775.186,POST,/api/pipeline,True,,1622,33,200,4
1790488989.663017,1790488992.437677,44929.94031,44932.71497,2774.66,POST,/api/pipeline,True,,1620,34,200,4
1790488989.718408,1790488992.492163,44929.9957,44932.769456,2773.756,POST,/api/pipeline,True,,1622,35,200,4
1790488989.793515,1790488992.567601,44930.070808,44932.844894,2774.086,POST,/api/pipeline,True,,1620,36,200,4
1790488989.828816,1790488992.603612,44930.106109,44932.880905,2774.796,POST,/api/pipeline,True,,1620,37,200,4
1790488989.88366,1790488992.658287,44930.160953,44932.93558,2774.627,POST,/api/pipeline,True,,1621,38,200,4
1790488989.939659,1790488992.716292,44930.216952,44932.993584,2776.632,POST,/api/pipeline,True,,1622,39,200,4
1790488989.994195,1790488992.770299,44930.271488,44933.047592,2776.104,POST,/api/pipeline,True,,1621,40,200,4
1790488990.050199,1790488992.825704,44930.327492,44933.102997,2775.505,POST,/api/pipeline,True,,1620,41,200,4
1790488990.104814,1790488992.884352,44930.382107,44933.161645,2779.538,POST,/api/pipeline,True,,1620,42,200,4
1790488990.15976,1790488992.934479,44930.437053,44933.211772,2774.719,POST,/api/pipeline,True,,1621,43,200,4
1790488990.215168,1790488992.99236,44930.492461,44933.269653,2777.191,POST,/api/pipeline,True,,1620,44,200,4
1790488990.270636,1790488993.045454,44930.547929,44933.322747,2774.818,POST,/api/pipeline,True,,1622,45,200,4
1790488990.326137,1790488993.100329,44930.60343,44933.377622,2774.192,POST,/api/pipeline,True,,1621,46,200,4
1790488990.380811,1790488993.158011,44930.658104,44933.435304,2777.2,POST,/api/pipeline,True,,1622,47,200,4
1790488990.436685,1790488993.210928,44930.713978,44933.488221,2774.244,POST,/api/pipeline,True,,1621,48,200,4
1790488990.491039,1790488993.267479,44930.768332,44933.544772,2776.44,POST,/api/pipeline,True,,1621,49,200,4
1790488990.562373,1790488993.337461,44930.839666,44933.614753,2775.087,POST,/api/pipeline,True,,1622,0,200,4
1790488990.618336,1790488993.39155,44930.895629,44933.668842,2773.214,POST,/api/pipeline,True,,1622,1,200,4
1790488990.671365,1790488993.445974,44930.948658,44933.723267,2774.609,POST,/api/pipeline,True,,1622,2,200,4
1790488990.729038,1790488993.503001,44931.006332,44933.780294,2773.962,POST,/api/pipeline,True,,1622,3,200,4
1790488990.7873,1790488993.559815,44931.064593,44933.837108,2772.515,POST,/api/pipeline,True,,1621,4,200,4
1790488990.839607,1790488993.611439,44931.1169,44933.888732,2771.832,POST,/api/pipeline,True,,1622,5,200,4
1790488990.894145,1790488993.667226,44931.171438,44933.944519,2773.081,POST,/api/pipeline,True,,1622,6,200,4
1790488990.949479,1790488993.72136,44931.226772,44933.998653,2771.881,POST,/api/pipeline,True,,1622,7,200,4
1790488991.001611,1790488993.77461,44931.278905,44934.051903,2772.998,POST,/api/pipeline,True,,1620,8,200,4
1790488991.059555,1790488993.831196,44931.336848,44934.108489,2771.641,POST,/api/pipeline,True,,1622,9,200,4
1790488991.11062,1790488993.889455,44931.387913,44934.166748,2778.835,POST,/api/pipeline,True,,1622,10,200,4
1790488991.169663,1790488993.945866,44931.446956,44934.223159,2776.202,POST,/api/pipeline,True,,1621,11,200,4
1790488991.22355,1790488993.995066,44931.500843,44934.272359,2771.515,POST,/api/pipeline,True,,1621,12,200,4
1790488991.277242,1790488994.053421,44931.554535,44934.330714,2776.18,POST,/api/pipeline,True,,1622,13,200,4
1790488991.332652,1790488994.107274,44931.609945,44934.384567,2774.623,POST,/api/pipeline,True,,1622,14,200,4
1790488991.390885,1790488994.161727,44931.668178,44934.43902,2770.842,POST,/api/pipeline,True,,1622,15,200,4
1790488991.443685,1790488994.218285,44931.720977,44934.495578,2774.6,POST,/api/pipeline,True,,1622,16,200,4
1790488991.501391,1790488994.275793,44931.778684,44934.553086,2774.403,POST,/api/pipeline,True,,1621,17,200,4
1790488991.558169,1790488994.32996,44931.835462,44934.607253,2771.791,POST,/api/pipeline,True,,1621,18,200,4
1790488991.611791,1790488994.383588,44931.889084,44934.660881,2771.797,POST,/api/pipeline,True,,1622,19,200,4
1790488991.665688,1790488994.440282,44931.942981,44934.717575,2774.594,POST,/api/pipeline,True,,1622,20,200,4
1790488991.722916,1790488994.494331,44932.000209,44934.771624,2771.414,POST,/api/pipeline,True,,1622,21,200,4
1790488991.775422,1790488994.551373,44932.052715,44934.828666,2775.951,POST,/api/pipeline,True,,1621,22,200,4
1790488991.834663,1790488994.609233,44932.111956,44934.886526,2774.569,POST,/api/pipeline,True,,1622,23,200,4
1790488991.886423,1790488994.658478,44932.163716,44934.935771,2772.055,POST,/api/pipeline,True,,1620,24,200,4
1790488991.940018,1790488994.716422,44932.217311,44934.993715,2776.403,POST,/api/pipeline,True,,1622,25,200,4
1790488991.9983,1790488994.769835,44932.275593,44935.047128,2771.535,POST,/api/pipeline,True,,1622,26,200,4
1790488992.066599,1790488994.840676,44932.343892,44935.117969,2774.078,POST,/api/pipeline,True,,1622,27,200,4
1790488992.122724,1790488994.896693,44932.400017,44935.173986,2773.969,POST,/api/pipeline,True,,1621,28,200,4
1790488992.161297,1790488994.935144,44932.43859,44935.212437,2773.847,POST,/api/pipeline,True,,1621,29,200,4
1790488992.215853,1790488994.991299,44932.493146,44935.268592,2775.447,POST,/api/pipeline,True,,1622,30,200,4
1790488992.275294,1790488995.051544,44932.552587,44935.328837,2776.25,POST,/api/pipeline,True,,1622,31,200,4
1790488992.330115,1790488995.102877,44932.607407,44935.38017,2772.763,POST,/api/pipeline,True,,1622,32,200,4
1790488992.382959,1790488995.155904,44932.660252,44935.433197,2772.945,POST,/api/pipeline,True,,1621,33,200,4
1790488992.437917,1790488995.210912,44932.71521,44935.488205,2772.996,POST,/api/pipeline,True,,1620,34,200,4
1790488992.492373,1790488995.262644,44932.769666,44935.539937,2770.271,POST,/api/pipeline,True,,1622,35,200,4
1790488992.567791,1790488995.339194,44932.845084,44935.616487,2771.403,POST,/api/pipeline,True,,1621,36,200,4
1790488992.603833,1790488995.378028,44932.881126,44935.655321,2774.195,POST,/api/pipeline,True,,1622,37,200,4
1790488992.658521,1790488995.432922,44932.935814,44935.710215,2774.401,POST,/api/pipeline,True,,1622,38,200,4
1790488992.716551,1790488995.489928,44932.993843,44935.767221,2773.378,POST,/api/pipeline,True,,1622,39,200,4
1790488992.770559,1790488995.543566,44933.047852,44935.820859,2773.007,POST,/api/pipeline,True,,1622,40,200,4
1790488992.825945,1790488995.601691,44933.103237,44935.878984,2775.747,POST,/api/pipeline,True,,1622,41,200,4
1790488992.88459,1790488995.656195,44933.161883,44935.933488,2771.604,POST,/api/pipeline,True,,1622,42,200,4
1790488992.934713,1790488995.709399,44933.212006,44935.986692,2774.686,POST,/api/pipeline,True,,1620,43,200,4
1790488992.992611,1790488995.765175,44933.269904,44936.042468,2772.564,POST,/api/pipeline,True,,1622,44,200,4
1790488993.045745,1790488995.819043,44933.323038,44936.096336,2773.298,POST,/api/pipeline,True,,1622,45,200,4
1790488993.100576,1790488995.876031,44933.377869,44936.153324,2775.455,POST,/api/pipeline,True,,1622,46,200,4
1790488993.158237,1790488995.929487,44933.43553,44936.20678,2771.25,POST,/api/pipeline,True,,1622,47,200,4
1790488993.211152,1790488995.985046,44933.488444,44936.262339,2773.895,POST,/api/pipeline,True,,1621,48,200,4
1790488993.267704,1790488996.039567,44933.544997,44936.316859,2771.863,POST,/api/pipeline,True,,1620,49,200,4
1790488993.337696,1790488996.11045,44933.614989,44936.387743,2772.754,POST,/api/pipeline,True,,1622,0,200,4
1790488993.39182,1790488996.164844,44933.669113,44936.442137,2773.023,POST,/api/pipeline,True,,1622,1,200,4
1790488993.44621,1790488996.219408,44933.723503,44936.496701,2773.198,POST,/api/pipeline,True,,1621,2,200,4
1790488993.503207,1790488996.276817,44933.7805,44936.55411,2773.61,POST,/api/pipeline,True,,1622,3,200,4
1790488993.560061,1790488996.331653,44933.837354,44936.608946,2771.593,POST,/api/pipeline,True,,1622,4,200,4
1790488993.611688,1790488996.386206,44933.888981,44936.663499,2774.518,POST,/api/pipeline,True,,1621,5,200,4
1790488993.667435,1790488996.439204,44933.944728,44936.716497,2771.769,POST,/api/pipeline,True,,1620,6,200,4
1790488993.72157,1790488996.493869,44933.998863,44936.771162,2772.298,POST,/api/pipeline,True,,1622,7,200,4
1790488993.774886,1790488996.548379,44934.052179,44936.825671,2773.493,POST,/api/pipeline,True,,1621,8,200,4
1790488993.83141,1790488996.604525,44934.108703,44936.881818,2773.115,POST,/api/pipeline,True,,1621,9,200,4
1790488993.889681,1790488996.663116,44934.166974,44936.940409,2773.434,POST,/api/pipeline,True,,1622,10,200,4
1790488993.946076,1790488996.717218,44934.223369,44936.994511,2771.142,POST,/api/pipeline,True,,1621,11,200,4
1790488993.995306,1790488996.771325,44934.272599,44937.048618,2776.019,POST,/api/pipeline,True,,1620,12,200,4
1790488994.05369,1790488996.826418,44934.330983,44937.103711,2772.728,POST,/api/pipeline,True,,1621,13,200,4
1790488994.107531,1790488996.880167,44934.384824,44937.15746,2772.636,POST,/api/pipeline,True,,1622,14,200,4
1790488994.161991,1790488996.935361,44934.439284,44937.212653,2773.369,POST,/api/pipeline,True,,1622,15,200,4
1790488994.218534,1790488996.994371,44934.495827,44937.271664,2775.837,POST,/api/pipeline,True,,1621,16,200,4
1790488994.276039,1790488997.048713,44934.553332,44937.326006,2772.674,POST,/api/pipeline,True,,1621,17,200,4
1790488994.330194,1790488997.102331,44934.607487,44937.379624,2772.136,POST,/api/pipeline,True,,1622,18,200,4
1790488994.383848,1790488997.157041,44934.661141,44937.434334,2773.193,POST,/api/pipeline,True,,1622,19,200,4
1790488994.440511,1790488997.216953,44934.717804,44937.494246,2776.442,POST,/api/pipeline,True,,1621,20,200,4
1790488994.494566,1790488997.267175,44934.771859,44937.544468,2772.609,POST,/api/pipeline,True,,1622,21,200,4
1790488994.551607,1790488997.325279,44934.8289,44937.602572,2773.672,POST,/api/pipeline,True,,1622,22,200,4
1790488994.609469,1790488997.3832,44934.886762,44937.660493,2773.73,POST,/api/pipeline,True,,1622,23,200,4
1790488994.658684,1790488997.433,44934.935977,44937.710293,2774.317,POST,/api/pipeline,True,,1621,24,200,4
1790488994.716706,1790488997.488348,44934.993999,44937.765641,2771.642,POST,/api/pipeline,True,,1622,25,200,4
1790488994.770079,1790488997.541516,44935.047372,44937.818809,2771.437,POST,/api/pipeline,True,,1622,26,200,4
1790488994.840932,1790488997.614529,44935.118225,44937.891822,2773.597,POST,/api/pipeline,True,,1622,27,200,4
1790488994.896927,1790488997.66857,44935.17422,44937.945863,2771.643,POST,/api/pipeline,True,,1621,28,200,4
1790488994.935363,1790488997.707514,44935.212656,44937.984807,2772.151,POST,/api/pipeline,True,,1622,29,200,4
1790488994.991505,1790488997.765207,44935.268798,44938.0425,2773.702,POST,/api/pipeline,True,,1620,30,200,4
1790488995.051819,1790488997.823145,44935.329112,44938.100438,2771.326,POST,/api/pipeline,True,,1622,31,200,4
1790488995.103149,1790488997.875754,44935.380442,44938.153047,2772.605,POST,/api/pipeline,True,,1622,32,200,4
1790488995.156134,1790488997.930022,44935.433427,44938.207315,2773.888,POST,/api/pipeline,True,,1622,33,200,4
1790488995.211191,1790488997.985242,44935.488484,44938.262535,2774.051,POST,/api/pipeline,True,,1621,34,200,4
1790488995.263007,1790488998.0352,44935.540299,44938.312493,2772.193,POST,/api/pipeline,True,,1621,35,200,4
1790488995.339412,1790488998.111419,44935.616705,44938.388712,2772.008,POST,/api/pipeline,True,,1622,36,200,4
1790488995.378261,1790488998.15134,44935.655554,44938.428633,2773.08,POST,/api/pipeline,True,,1621,37,200,4
1790488995.433153,1790488998.208464,44935.710446,44938.485757,2775.311,POST,/api/pipeline,True,,1622,38,200,4
1790488995.490211,1790488998.262552,44935.767504,44938.539845,2772.341,POST,/api/pipeline,True,,1622,39,200,4
1790488995.54386,1790488998.317944,44935.821153,44938.595236,2774.083,POST,/api/pipeline,True,,1621,40,200,4
1790488995.601926,1790488998.377393,44935.879219,44938.654686,2775.467,POST,/api/pipeline,True,,1622,41,200,4
1790488995.656435,1790488998.427381,44935.933728,44938.704674,2770.946,POST,/api/pipeline,True,,1622,42,200,4
1790488995.709625,1790488998.48697,44935.986917,44938.764263,2777.345,POST,/api/pipeline,True,,1622,43,200,4
1790488995.765481,1790488998.538341,44936.042774,44938.815633,2772.86,POST,/api/pipeline,True,,1622,44,200,4
1790488995.819278,1790488998.594029,44936.09657,44938.871322,2774.752,POST,/api/pipeline,True,,1620,45,200,4
1790488995.876263,1790488998.648341,44936.153556,44938.925634,2772.078,POST,/api/pipeline,True,,1621,46,200,4
1790488995.929746,1790488998.70346,44936.207039,44938.980753,2773.714,POST,/api/pipeline,True,,1622,47,200,4
1790488995.985284,1790488998.757934,44936.262577,44939.035227,2772.65,POST,/api/pipeline,True,,1621,48,200,4
1790488996.039857,1790488998.814323,44936.31715,44939.091616,2774.467,POST,/api/pipeline,True,,1622,49,200,4
1790488996.110686,1790488998.883971,44936.387979,44939.161264,2773.285,POST,/api/pipeline,True,,1622,0,200,4
1790488996.165085,1790488998.93895,44936.442378,44939.216243,2773.864,POST,/api/pipeline,True,,1622,1,200,4
1790488996.219647,1790488998.992798,44936.49694,44939.270091,2773.15,POST,/api/pipeline,True,,1621,2,200,4
1790488996.277046,1790488999.053228,44936.554339,44939.330521,2776.182,POST,/api/pipeline,True,,1621,3,200,4
1790488996.331918,1790488999.105051,44936.609211,44939.382344,2773.133,POST,/api/pipeline,True,,1622,4,200,4
1790488996.386466,1790488999.158212,44936.663759,44939.435505,2771.747,POST,/api/pipeline,True,,1622,5,200,4
1790488996.439448,1790488999.212228,44936.716741,44939.489521,2772.78,POST,/api/pipeline,True,,1621,6,200,4
1790488996.494146,1790488999.267798,44936.771439,44939.545091,2773.652,POST,/api/pipeline,True,,1622,7,200,4
1790488996.548649,1790488999.319165,44936.825941,44939.596457,2770.516,POST,/api/pipeline,True,,1622,8,200,4
1790488996.604738,1790488999.378942,44936.882031,44939.656235,2774.205,POST,/api/pipeline,True,,1622,9,200,4
1790488996.66339,1790488999.438127,44936.940683,44939.71542,2774.737,POST,/api/pipeline,True,,1622,10,200,4
1790488996.717442,1790488999.488891,44936.994735,44939.766184,2771.449,POST,/api/pipeline,True,,1622,11,200,4
1790488996.771565,1790488999.544981,44937.048858,44939.822274,2773.416,POST,/api/pipeline,True,,1622,12,200,4
1790488996.826663,1790488999.600195,44937.103955,44939.877488,2773.532,POST,/api/pipeline,True,,1621,13,200,4
1790488996.880453,1790488999.654498,44937.157746,44939.931791,2774.045,POST,/api/pipeline,True,,1622,14,200,4
1790488996.935743,1790488999.710811,44937.213036,44939.988104,2775.069,POST,/api/pipeline,True,,1622,15,200,4
1790488996.994721,1790488999.768613,44937.272014,44940.045906,2773.892,POST,/api/pipeline,True,,1622,16,200,4
1790488997.049029,1790488999.821672,44937.326322,44940.098965,2772.642,POST,/api/pipeline,True,,1622,17,200,4
1790488997.102657,1790488999.874865,44937.37995,44940.152158,2772.208,POST,/api/pipeline,True,,1621,18,200,4
1790488997.157279,1790488999.933539,44937.434571,44940.210831,2776.26,POST,/api/pipeline,True,,1621,19,200,4
1790488997.217224,1790488999.990478,44937.494517,44940.267771,2773.253,POST,/api/pipeline,True,,1621,20,200,4
1790488997.267403,1790489000.040169,44937.544696,44940.317461,2772.765,POST,/api/pipeline,True,,1622,21,200,4
1790488997.325505,1790489000.0993,44937.602798,44940.376593,2773.795,POST,/api/pipeline,True,,1622,22,200,4
1790488997.383439,1790489000.157495,44937.660732,44940.434788,2774.056,POST,/api/pipeline,True,,1620,23,200,4
1790488997.433236,1790489000.207115,44937.710529,44940.484408,2773.879,POST,/api/pipeline,True,,1621,24,200,4
1790488997.488592,1790489000.259337,44937.765885,44940.53663,2770.746,POST,/api/pipeline,True,,1621,25,200,4
1790488997.541756,1790489000.32212,44937.819049,44940.599413,2780.364,POST,/api/pipeline,True,,1622,26,200,4
1790488997.614886,1790489000.38647,44937.892179,44940.663763,2771.584,POST,/api/pipeline,True,,1622,27,200,4
1790488997.668801,1790489000.441453,44937.946094,44940.718746,2772.652,POST,/api/pipeline,True,,1621,28,200,4
1790488997.707839,1790489000.478853,44937.985132,44940.756145,2771.014,POST,/api/pipeline,True,,1621,29,200,4
1790488997.765417,1790489000.538336,44938.04271,44940.815629,2772.919,POST,/api/pipeline,True,,1622,30,200,4
1790488997.823389,1790489000.59648,44938.100682,44940.873773,2773.091,POST,/api/pipeline,True,,1621,31,200,4
1790488997.876032,1790489000.648873,44938.153325,44940.926166,2772.841,POST,/api/pipeline,True,,1619,32,200,4
1790488997.930286,1790489000.704596,44938.207579,44940.981888,2774.309,POST,/api/pipeline,True,,1622,33,200,4
1790488997.985536,1790489000.756889,44938.262829,44941.034182,2771.353,POST,/api/pipeline,True,,1622,34,200,4
1790488998.035446,1790489000.808323,44938.312739,44941.085616,2772.877,POST,/api/pipeline,True,,1622,35,200,4
1790488998.111653,1790489000.882874,44938.388946,44941.160167,2771.221,POST,/api/pipeline,True,,1622,36,200,4
1790488998.151573,1790489000.925366,44938.428866,44941.202659,2773.793,POST,/api/pipeline,True,,1622,37,200,4
1790488998.208691,1790489000.983076,44938.485984,44941.260369,2774.385,POST,/api/pipeline,True,,1622,38,200,4
1790488998.262879,1790489001.036139,44938.540172,44941.313432,2773.26,POST,/api/pipeline,True,,1622,39,200,4
1790488998.318174,1790489001.094134,44938.595467,44941.371426,2775.959,POST,/api/pipeline,True,,1622,40,200,4
1790488998.37762,1790489001.149868,44938.654913,44941.427161,2772.247,POST,/api/pipeline,True,,1621,41,200,4
1790488998.42762,1790489001.203137,44938.704913,44941.48043,2775.517,POST,/api/pipeline,True,,1622,42,200,4
1790488998.487226,1790489001.261827,44938.764519,44941.53912,2774.601,POST,/api/pipeline,True,,1622,43,200,4
1790488998.538604,1790489001.313063,44938.815897,44941.590356,2774.459,POST,/api/pipeline,True,,1622,44,200,4
1790488998.594293,1790489001.367381,44938.871586,44941.644674,2773.088,POST,/api/pipeline,True,,1622,45,200,4
1790488998.648576,1790489001.42162,44938.925869,44941.698913,2773.044,POST,/api/pipeline,True,,1621,46,200,4
1790488998.703675,1790489001.478216,44938.980967,44941.755509,2774.541,POST,/api/pipeline,True,,1622,47,200,4
1790488998.758185,1790489001.530854,44939.035478,44941.808147,2772.669,POST,/api/pipeline,True,,1622,48,200,4
1790488998.814577,1790489001.585768,44939.09187,44941.863061,2771.191,POST,/api/pipeline,True,,1621,49,200,4
1790488998.884196,1790489001.657472,44939.161489,44941.934765,2773.276,POST,/api/pipeline,True,,1622,0,200,4
1790488998.939193,1790489001.711726,44939.216486,44941.989019,2772.533,POST,/api/pipeline,True,,1621,1,200,4
1790488998.993064,1790489001.768775,44939.270357,44942.046068,2775.711,POST,/api/pipeline,True,,1621,2,200,4
1790488999.053495,1790489001.825838,44939.330788,44942.103131,2772.344,POST,/api/pipeline,True,,1622,3,200,4
1790488999.105296,1790489001.879363,44939.382589,44942.156655,2774.066,POST,/api/pipeline,True,,1622,4,200,4
1790488999.158437,1790489001.931196,44939.43573,44942.208489,2772.759,POST,/api/pipeline,True,,1622,5,200,4
1790488999.212462,1790489001.986464,44939.489755,44942.263757,2774.001,POST,/api/pipeline,True,,1622,6,200,4
1790488999.268078,1790489002.039891,44939.545371,44942.317184,2771.812,POST,/api/pipeline,True,,1622,7,200,4
1790488999.319432,1790489002.097291,44939.596724,44942.374584,2777.859,POST,/api/pipeline,True,,1621,8,200,4
1790488999.379188,1790489002.156614,44939.656481,44942.433907,2777.425,POST,/api/pipeline,True,,1622,9,200,4
1790488999.4384,1790489002.210486,44939.715693,44942.487779,2772.086,POST,/api/pipeline,True,,1622,10,200,4
1790488999.489123,1790489002.262389,44939.766416,44942.539682,2773.266,POST,/api/pipeline,True,,1622,11,200,4
1790488999.545215,1790489002.318193,44939.822507,44942.595486,2772.978,POST,/api/pipeline,True,,1622,12,200,4
1790488999.600439,1790489002.373462,44939.877732,44942.650755,2773.024,POST,/api/pipeline,True,,1621,13,200,4
1790488999.654743,1790489002.427045,44939.932036,44942.704338,2772.302,POST,/api/pipeline,True,,1622,14,200,4
1790488999.711041,1790489002.483947,44939.988334,44942.76124,2772.906,POST,/api/pipeline,True,,1622,15,200,4
1790488999.768833,1790489002.541402,44940.046126,44942.818695,2772.569,POST,/api/pipeline,True,,1622,16,200,4
1790488999.821921,1790489002.592752,44940.099214,44942.870045,2770.831,POST,/api/pipeline,True,,1621,17,200,4
1790488999.87512,1790489002.647824,44940.152413,44942.925117,2772.705,POST,/api/pipeline,True,,1621,18,200,4
1790488999.93376,1790489002.70765,44940.211053,44942.984943,2773.89,POST,/api/pipeline,True,,1622,19,200,4
1790488999.990714,1790489002.764568,44940.268006,44943.041861,2773.854,POST,/api/pipeline,True,,1620,20,200,4
1790489000.040391,1790489002.81518,44940.317684,44943.092473,2774.789,POST,/api/pipeline,True,,1622,21,200,4
1790489000.099538,1790489002.873614,44940.376831,44943.150907,2774.076,POST,/api/pipeline,True,,1622,22,200,4
1790489000.157722,1790489002.931664,44940.435015,44943.208957,2773.942,POST,/api/pipeline,True,,1621,23,200,4
1790489000.20733,1790489002.981712,44940.484623,44943.259005,2774.382,POST,/api/pipeline,True,,1622,24,200,4
1790489000.25956,1790489003.033785,44940.536853,44943.311078,2774.225,POST,/api/pipeline,True,,1621,25,200,4
1790489000.322342,1790489003.09368,44940.599635,44943.370973,2771.338,POST,/api/pipeline,True,,1619,26,200,4
1790489000.386712,1790489003.159578,44940.664005,44943.436871,2772.866,POST,/api/pipeline,True,,1622,27,200,4
1790489000.44172,1790489003.215943,44940.719013,44943.493236,2774.223,POST,/api/pipeline,True,,1622,28,200,4
1790489000.4791,1790489003.255215,44940.756393,44943.532508,2776.116,POST,/api/pipeline,True,,1621,29,200,4
1790489000.538563,1790489003.315264,44940.815856,44943.592556,2776.701,POST,/api/pipeline,True,,1622,30,200,4
1790489000.596778,1790489003.368282,44940.874071,44943.645575,2771.504,POST,/api/pipeline,True,,1618,31,200,4
1790489000.64913,1790489003.424746,44940.926423,44943.702039,2775.616,POST,/api/pipeline,True,,1620,32,200,4
1790489000.7049,1790489003.475058,44940.982193,44943.752351,2770.158,POST,/api/pipeline,True,,1621,33,200,4
1790489000.757124,1790489003.531716,44941.034417,44943.809009,2774.592,POST,/api/pipeline,True,,1621,34,200,4
1790489000.808557,1790489003.581537,44941.08585,44943.85883,2772.98,POST,/api/pipeline,True,,1622,35,200,4
1790489000.883097,1790489003.654359,44941.16039,44943.931652,2771.262,POST,/api/pipeline,True,,1622,36,200,4
1790489000.92559,1790489003.698379,44941.202883,44943.975672,2772.789,POST,/api/pipeline,True,,1622,37,200,4
1790489000.983308,1790489003.756015,44941.260601,44944.033308,2772.707,POST,/api/pipeline,True,,1622,38,200,4
1790489001.036419,1790489003.809536,44941.313712,44944.08683,2773.117,POST,/api/pipeline,True,,1621,39,200,4
1790489001.094347,1790489003.868185,44941.37164,44944.145478,2773.838,POST,/api/pipeline,True,,1621,40,200,4
1790489001.150096,1790489003.921606,44941.427389,44944.198899,2771.51,POST,/api/pipeline,True,,1622,41,200,4
1790489001.203438,1790489003.97882,44941.480731,44944.256113,2775.382,POST,/api/pipeline,True,,1621,42,200,4
1790489001.262059,1790489004.035245,44941.539352,44944.312538,2773.186,POST,/api/pipeline,True,,1620,43,200,4
1790489001.31329,1790489004.086186,44941.590583,44944.363479,2772.896,POST,/api/pipeline,True,,1622,44,200,4
1790489001.367618,1790489004.139458,44941.644911,44944.416751,2771.84,POST,/api/pipeline,True,,1620,45,200,4
1790489001.42187,1790489004.194378,44941.699163,44944.471671,2772.507,POST,/api/pipeline,True,,1621,46,200,4
1790489001.478443,1790489004.251504,44941.755736,44944.528797,2773.061,POST,/api/pipeline,True,,1621,47,200,4
1790489001.531126,1790489004.304288,44941.808419,44944.581581,2773.162,POST,/api/pipeline,True,,1622,48,200,4
1790489001.586009,1790489004.360037,44941.863302,44944.63733,2774.028,POST,/api/pipeline,True,,1622,49,200,4
1790489001.65773,1790489004.430437,44941.935023,44944.70773,2772.707,POST,/api/pipeline,True,,1622,0,200,4
1790489001.711961,1790489004.484266,44941.989253,44944.761558,2772.305,POST,/api/pipeline,True,,1622,1,200,4
1790489001.769013,1790489004.543073,44942.046306,44944.820366,2774.06,POST,/api/pipeline,True,,1622,2,200,4
1790489001.826052,1790489004.601011,44942.103345,44944.878304,2774.959,POST,/api/pipeline,True,,1620,3,200,4
1790489001.879751,1790489004.651443,44942.157044,44944.928736,2771.692,POST,/api/pipeline,True,,1617,4,200,4
1790489001.931414,1790489004.705795,44942.208707,44944.983088,2774.381,POST,/api/pipeline,True,,1622,5,200,4
1790489001.986695,1790489004.758329,44942.263988,44945.035622,2771.634,POST,/api/pipeline,True,,1622,6,200,4
1790489002.04019,1790489004.814419,44942.317483,44945.091712,2774.229,POST,/api/pipeline,True,,1621,7,200,4
1790489002.097578,1790489004.873475,44942.374871,44945.150768,2775.897,POST,/api/pipeline,True,,1620,8,200,4
1790489002.156837,1790489004.928381,44942.43413,44945.205674,2771.544,POST,/api/pipeline,True,,1621,9,200,4
1790489002.210731,1790489004.981867,44942.488024,44945.25916,2771.136,POST,/api/pipeline,True,,1620,10,200,4
1790489002.262732,1790489005.042799,44942.540024,44945.320091,2780.067,POST,/api/pipeline,True,,1621,11,200,4
1790489002.318411,1790489005.092118,44942.595704,44945.369411,2773.707,POST,/api/pipeline,True,,1620,12,200,4
1790489002.373715,1790489005.145928,44942.651008,44945.423221,2772.212,POST,/api/pipeline,True,,1622,13,200,4
1790489002.427295,1790489005.20076,44942.704588,44945.478053,2773.465,POST,/api/pipeline,True,,1619,14,200,4
1790489002.484168,1790489005.258428,44942.761461,44945.535721,2774.26,POST,/api/pipeline,True,,1622,15,200,4
1790489002.541626,1790489005.315825,44942.818919,44945.593118,2774.199,POST,/api/pipeline,True,,1621,16,200,4
1790489002.59298,1790489005.366049,44942.870273,44945.643342,2773.069,POST,/api/pipeline,True,,1620,17,200,4
1790489002.64807,1790489005.421108,44942.925363,44945.698401,2773.039,POST,/api/pipeline,True,,1621,18,200,4
1790489002.707873,1790489005.481556,44942.985166,44945.758849,2773.683,POST,/api/pipeline,True,,1621,19,200,4
1790489002.764858,1790489005.536211,44943.04215,44945.813503,2771.353,POST,/api/pipeline,True,,1622,20,200,4
1790489002.815385,1790489005.587587,44943.092678,44945.86488,2772.202,POST,/api/pipeline,True,,1622,21,200,4
1790489002.873835,1790489005.64703,44943.151128,44945.924323,2773.195,POST,/api/pipeline,True,,1621,22,200,4
1790489002.931897,1790489005.704306,44943.20919,44945.981599,2772.409,POST,/api/pipeline,True,,1621,23,200,4
1790489002.98191,1790489005.753541,44943.259203,44946.030834,2771.631,POST,/api/pipeline,True,,1622,24,200,4
1790489003.034029,1790489005.807107,44943.311323,44946.0844,2773.078,POST,/api/pipeline,True,,1619,25,200,4
1790489003.093907,1790489005.865071,44943.3712,44946.142363,2771.164,POST,/api/pipeline,True,,1622,26,200,4
1790489003.159799,1790489005.931979,44943.437092,44946.209272,2772.179,POST,/api/pipeline,True,,1621,27,200,4
1790489003.216222,1790489005.989305,44943.493515,44946.266598,2773.084,POST,/api/pipeline,True,,1619,28,200,4
1790489003.255476,1790489006.030895,44943.532769,44946.308188,2775.419,POST,/api/pipeline,True,,1622,29,200,4
1790489003.3155,1790489006.089666,44943.592793,44946.366959,2774.166,POST,/api/pipeline,True,,1622,30,200,4
1790489003.368628,1790489006.141827,44943.64592,44946.41912,2773.2,POST,/api/pipeline,True,,1622,31,200,4
1790489003.425044,1790489006.196773,44943.702337,44946.474066,2771.729,POST,/api/pipeline,True,,1621,32,200,4
1790489003.47528,1790489006.250452,44943.752573,44946.527745,2775.173,POST,/api/pipeline,True,,1622,33,200,4
1790489003.531997,1790489006.305294,44943.80929,44946.582587,2773.297,POST,/api/pipeline,True,,1622,34,200,4
1790489003.581766,1790489006.354629,44943.859059,44946.631922,2772.863,POST,/api/pipeline,True,,1620,35,200,4
1790489003.654599,1790489006.427646,44943.931892,44946.704939,2773.047,POST,/api/pipeline,True,,1621,36,200,4
1790489003.698616,1790489006.472051,44943.975909,44946.749344,2773.436,POST,/api/pipeline,True,,1621,37,200,4
1790489003.756266,1790489006.529688,44944.033559,44946.80698,2773.422,POST,/api/pipeline,True,,1622,38,200,4
1790489003.809742,1790489006.582546,44944.087035,44946.859839,2772.804,POST,/api/pipeline,True,,1622,39,200,4
1790489003.868422,1790489006.641492,44944.145715,44946.918785,2773.07,POST,/api/pipeline,True,,1619,40,200,4
1790489003.921838,1790489006.695128,44944.199131,44946.972421,2773.29,POST,/api/pipeline,True,,1621,41,200,4
1790489003.979043,1790489006.751452,44944.256336,44947.028745,2772.409,POST,/api/pipeline,True,,1622,42,200,4
1790489004.035478,1790489006.808415,44944.312771,44947.085708,2772.937,POST,/api/pipeline,True,,1621,43,200,4
1790489004.086425,1790489006.858287,44944.363718,44947.135579,2771.862,POST,/api/pipeline,True,,1621,44,200,4
1790489004.139696,1790489006.913735,44944.416989,44947.191028,2774.039,POST,/api/pipeline,True,,1620,45,200,4
1790489004.194629,1790489006.967061,44944.471922,44947.244354,2772.433,POST,/api/pipeline,True,,1622,46,200,4
1790489004.251731,1790489007.024314,44944.529024,44947.301607,2772.583,POST,/api/pipeline,True,,1620,47,200,4
1790489004.304549,1790489007.078949,44944.581841,44947.356242,2774.401,POST,/api/pipeline,True,,1622,48,200,4
1790489004.360276,1790489007.132059,44944.637569,44947.409352,2771.783,POST,/api/pipeline,True,,1622,49,200,4
1790489004.430715,1790489007.202291,44944.708008,44947.479584,2771.576,POST,/api/pipeline,True,,1620,0,200,4
1790489004.484489,1790489007.256628,44944.761782,44947.533921,2772.138,POST,/api/pipeline,True,,1621,1,200,4
1790489004.543319,1790489007.316839,44944.820612,44947.594132,2773.52,POST,/api/pipeline,True,,1621,2,200,4
1790489004.601233,1790489007.373738,44944.878526,44947.651031,2772.505,POST,/api/pipeline,True,,1620,3,200,4
1790489004.651664,1790489007.42401,44944.928957,44947.701303,2772.346,POST,/api/pipeline,True,,1620,4,200,4
1790489004.706039,1790489007.478025,44944.983333,44947.755318,2771.986,POST,/api/pipeline,True,,1622,5,200,4
1790489004.758567,1790489007.533033,44945.03586,44947.810326,2774.465,POST,/api/pipeline,True,,1621,6,200,4
1790489004.814689,1790489007.589808,44945.091982,44947.867101,2775.118,POST,/api/pipeline,True,,1620,7,200,4
1790489004.873714,1790489007.647062,44945.151007,44947.924354,2773.348,POST,/api/pipeline,True,,1621,8,200,4
1790489004.928595,1790489007.7006,44945.205888,44947.977893,2772.005,POST,/api/pipeline,True,,1622,9,200,4
1790489004.982092,1790489007.759254,44945.259385,44948.036546,2777.161,POST,/api/pipeline,True,,1622,10,200,4
1790489005.043193,1790489007.817116,44945.320486,44948.094409,2773.922,POST,/api/pipeline,True,,1619,11,200,4
1790489005.092377,1790489007.86706,44945.36967,44948.144353,2774.684,POST,/api/pipeline,True,,1622,12,200,4
1790489005.146353,1790489007.919646,44945.423646,44948.196939,2773.293,POST,/api/pipeline,True,,1622,13,200,4
1790489005.20099,1790489007.974263,44945.478283,44948.251556,2773.273,POST,/api/pipeline,True,,1622,14,200,4
1790489005.258645,1790489008.03131,44945.535938,44948.308602,2772.665,POST,/api/pipeline,True,,1621,15,200,4
1790489005.316051,1790489008.08868,44945.593343,44948.365973,2772.63,POST,/api/pipeline,True,,1622,16,200,4
1790489005.366296,1790489008.13993,44945.643589,44948.417222,2773.633,POST,/api/pipeline,True,,1622,17,200,4
1790489005.421332,1790489008.191863,44945.698625,44948.469156,2770.531,POST,/api/pipeline,True,,1622,18,200,4
1790489005.481778,1790489008.25634,44945.759071,44948.533633,2774.562,POST,/api/pipeline,True,,1621,19,200,4
1790489005.536439,1790489008.308983,44945.813732,44948.586276,2772.543,POST,/api/pipeline,True,,1620,20,200,4
1790489005.58783,1790489008.361197,44945.865123,44948.63849,2773.366,POST,/api/pipeline,True,,1622,21,200,4
1790489005.647294,1790489008.423033,44945.924587,44948.700326,2775.739,POST,/api/pipeline,True,,1622,22,200,4
1790489005.704538,1790489008.476653,44945.981831,44948.753946,2772.114,POST,/api/pipeline,True,,1621,23,200,4
1790489005.753763,1790489008.525889,44946.031056,44948.803182,2772.126,POST,/api/pipeline,True,,1621,24,200,4
1790489005.807369,1790489008.579551,44946.084661,44948.856843,2772.182,POST,/api/pipeline,True,,1620,25,200,4
1790489005.865295,1790489008.637807,44946.142588,44948.9151,2772.511,POST,/api/pipeline,True,,1622,26,200,4
1790489005.932196,1790489008.705515,44946.209489,44948.982808,2773.319,POST,/api/pipeline,True,,1622,27,200,4
1790489005.989542,1790489008.763588,44946.266835,44949.040881,2774.046,POST,/api/pipeline,True,,1622,28,200,4
1790489006.03114,1790489008.805604,44946.308433,44949.082897,2774.463,POST,/api/pipeline,True,,1622,29,200,4
1790489006.08991,1790489008.86224,44946.367203,44949.139533,2772.33,POST,/api/pipeline,True,,1622,30,200,4
1790489006.142059,1790489008.916216,44946.419352,44949.193509,2774.157,POST,/api/pipeline,True,,1621,31,200,4
1790489006.197021,1790489008.968559,44946.474314,44949.245852,2771.537,POST,/api/pipeline,True,,1620,32,200,4
1790489006.250686,1790489009.024374,44946.527979,44949.301667,2773.688,POST,/api/pipeline,True,,1622,33,200,4
1790489006.305526,1790489009.077209,44946.582819,44949.354502,2771.684,POST,/api/pipeline,True,,1622,34,200,4
1790489006.354994,1790489009.128419,44946.632287,44949.405712,2773.425,POST,/api/pipeline,True,,1621,35,200,4
1790489006.427872,1790489009.200399,44946.705165,44949.477692,2772.527,POST,/api/pipeline,True,,1621,36,200,4
1790489006.472278,1790489009.246264,44946.749571,44949.523557,2773.986,POST,/api/pipeline,True,,1622,37,200,4
1790489006.529965,1790489009.300834,44946.807259,44949.578127,2770.868,POST,/api/pipeline,True,,1622,38,200,4
1790489006.582865,1790489009.359648,44946.860158,44949.636941,2776.784,POST,/api/pipeline,True,,1620,39,200,4
1790489006.64181,1790489009.415427,44946.919103,44949.69272,2773.617,POST,/api/pipeline,True,,1622,40,200,4
1790489006.695364,1790489009.47004,44946.972657,44949.747333,2774.676,POST,/api/pipeline,True,,1622,41,200,4
1790489006.751689,1790489009.525913,44947.028982,44949.803206,2774.224,POST,/api/pipeline,True,,1620,42,200,4
1790489006.80867,1790489009.579643,44947.085962,44949.856936,2770.974,POST,/api/pipeline,True,,1622,43,200,4
1790489006.858523,1790489009.633024,44947.135816,44949.910317,2774.501,POST,/api/pipeline,True,,1622,44,200,4
1790489006.914081,1790489009.685288,44947.191374,44949.962581,2771.207,POST,/api/pipeline,True,,1621,45,200,4
1790489006.967331,1790489009.740898,44947.244624,44950.018191,2773.567,POST,/api/pipeline,True,,1621,46,200,4
1790489007.024549,1790489009.799494,44947.301842,44950.076787,2774.945,POST,/api/pipeline,True,,1622,47,200,4
1790489007.079231,1790489009.852699,44947.356524,44950.129992,2773.468,POST,/api/pipeline,True,,1622,48,200,4
1790489007.132272,1790489009.90701,44947.409565,44950.184303,2774.738,POST,/api/pipeline,True,,1622,49,200,4
1790489007.202517,1790489009.975261,44947.47981,44950.252554,2772.745,POST,/api/pipeline,True,,1622,0,200,4
1790489007.256847,1790489010.02905,44947.53414,44950.306343,2772.203,POST,/api/pipeline,True,,1622,1,200,4
1790489007.317069,1790489010.090563,44947.594362,44950.367855,2773.494,POST,/api/pipeline,True,,1622,2,200,4
1790489007.373963,1790489010.144402,44947.651256,44950.421695,2770.438,POST,/api/pipeline,True,,1622,3,200,4
1790489007.424239,1790489010.196547,44947.701532,44950.47384,2772.309,POST,/api/pipeline,True,,1622,4,200,4
1790489007.478255,1790489010.249974,44947.755547,44950.527267,2771.72,POST,/api/pipeline,True,,1622,5,200,4
1790489007.533278,1790489010.305588,44947.810571,44950.582881,2772.31,POST,/api/pipeline,True,,1621,6,200,4
1790489007.59002,1790489010.364307,44947.867313,44950.6416,2774.287,POST,/api/pipeline,True,,1621,7,200,4
1790489007.647338,1790489010.417876,44947.924631,44950.695169,2770.539,POST,/api/pipeline,True,,1620,8,200,4
1790489007.700819,1790489010.476732,44947.978112,44950.754025,2775.913,POST,/api/pipeline,True,,1622,9,200,4
1790489007.759485,1790489010.534469,44948.036778,44950.811762,2774.983,POST,/api/pipeline,True,,1622,10,200,4
1790489007.817358,1790489010.589763,44948.094651,44950.867056,2772.405,POST,/api/pipeline,True,,1622,11,200,4
1790489007.867372,1790489010.639225,44948.144664,44950.916518,2771.854,POST,/api/pipeline,True,,1620,12,200,4
1790489007.919869,1790489010.692753,44948.197162,44950.970046,2772.884,POST,/api/pipeline,True,,1622,13,200,4
1790489007.974493,1790489010.745968,44948.251786,44951.023261,2771.475,POST,/api/pipeline,True,,1619,14,200,4
1790489008.031537,1790489010.804887,44948.308829,44951.08218,2773.351,POST,/api/pipeline,True,,1622,15,200,4
1790489008.088917,1790489010.862148,44948.36621,44951.139441,2773.231,POST,/api/pipeline,True,,1621,16,200,4
1790489008.140182,1790489010.912925,44948.417475,44951.190217,2772.742,POST,/api/pipeline,True,,1621,17,200,4
1790489008.192074,1790489010.966408,44948.469367,44951.243702,2774.334,POST,/api/pipeline,True,,1622,18,200,4
1790489008.25656,1790489011.026225,44948.533853,44951.303518,2769.665,POST,/api/pipeline,True,,1621,19,200,4
1790489008.309211,1790489011.083661,44948.586504,44951.360954,2774.45,POST,/api/pipeline,True,,1619,20,200,4
1790489008.361429,1790489011.137905,44948.638722,44951.415198,2776.477,POST,/api/pipeline,True,,1620,21,200,4
1790489008.423301,1790489011.19675,44948.700594,44951.474042,2773.449,POST,/api/pipeline,True,,1622,22,200,4
1790489008.476886,1790489011.249294,44948.754179,44951.526587,2772.408,POST,/api/pipeline,True,,1622,23,200,4
1790489008.526096,1790489011.297302,44948.803389,44951.574594,2771.206,POST,/api/pipeline,True,,1622,24,200,4
1790489008.57983,1790489011.351542,44948.857123,44951.628835,2771.713,POST,/api/pipeline,True,,1622,25,200,4
1790489008.638028,1790489011.41001,44948.915321,44951.687302,2771.982,POST,/api/pipeline,True,,1622,26,200,4
1790489008.705787,1790489011.48055,44948.98308,44951.757843,2774.762,POST,/api/pipeline,True,,1621,27,200,4
1790489008.763858,1790489011.538078,44949.041151,44951.815371,2774.22,POST,/api/pipeline,True,,1621,28,200,4
1790489008.805836,1790489011.579299,44949.083129,44951.856592,2773.463,POST,/api/pipeline,True,,1620,29,200,4
1790489008.862462,1790489011.639426,44949.139755,44951.916719,2776.964,POST,/api/pipeline,True,,1622,30,200,4
1790489008.916475,1790489011.687365,44949.193768,44951.964658,2770.89,POST,/api/pipeline,True,,1621,31,200,4
1790489008.968803,1790489011.745898,44949.246096,44952.023191,2777.096,POST,/api/pipeline,True,,1621,32,200,4
1790489009.024626,1790489011.795455,44949.301919,44952.072748,2770.828,POST,/api/pipeline,True,,1621,33,200,4
1790489009.077416,1790489011.849741,44949.354709,44952.127033,2772.324,POST,/api/pipeline,True,,1621,34,200,4
1790489009.128717,1790489011.90281,44949.40601,44952.180103,2774.094,POST,/api/pipeline,True,,1622,35,200,4
1790489009.200623,1790489011.972956,44949.477916,44952.250249,2772.333,POST,/api/pipeline,True,,1622,36,200,4
1790489009.246481,1790489012.019524,44949.523774,44952.296817,2773.043,POST,/api/pipeline,True,,1622,37,200,4
1790489009.301065,1790489012.076834,44949.578358,44952.354127,2775.768,POST,/api/pipeline,True,,1621,38,200,4
1790489009.359874,1790489012.134647,44949.637167,44952.41194,2774.773,POST,/api/pipeline,True,,1621,39,200,4
1790489009.415657,1790489012.191368,44949.69295,44952.468661,2775.712,POST,/api/pipeline,True,,1622,40,200,4
1790489009.47027,1790489012.244251,44949.747563,44952.521544,2773.98,POST,/api/pipeline,True,,1621,41,200,4
1790489009.526179,1790489012.298883,44949.803472,44952.576176,2772.704,POST,/api/pipeline,True,,1622,42,200,4
1790489009.579892,1790489012.34965,44949.857185,44952.626943,2769.758,POST,/api/pipeline,True,,1621,43,200,4
1790489009.633261,1790489012.404511,44949.910554,44952.681804,2771.25,POST,/api/pipeline,True,,1622,44,200,4
1790489009.685522,1790489012.45925,44949.962815,44952.736543,2773.728,POST,/api/pipeline,True,,1621,45,200,4
1790489009.741134,1790489012.516326,44950.018427,44952.793619,2775.193,POST,/api/pipeline,True,,1622,46,200,4
1790489009.799733,1790489012.573337,44950.077026,44952.85063,2773.604,POST,/api/pipeline,True,,1622,47,200,4
1790489009.852954,1790489012.625891,44950.130247,44952.903184,2772.938,POST,/api/pipeline,True,,1621,48,200,4
1790489009.907274,1790489012.680361,44950.184566,44952.957654,2773.087,POST,/api/pipeline,True,,1622,49,200,4
1790489009.975494,1790489012.755701,44950.252787,44953.032994,2780.207,POST,/api/pipeline,True,,1622,0,200,4
1790489010.029296,1790489012.80718,44950.306589,44953.084473,2777.884,POST,/api/pipeline,True,,1622,1,200,4
1790489010.090945,1790489012.863313,44950.368237,44953.140606,2772.369,POST,/api/pipeline,True,,1622,2,200,4
1790489010.144624,1790489012.9162,44950.421917,44953.193493,2771.576,POST,/api/pipeline,True,,1621,3,200,4
1790489010.196771,1790489012.970022,44950.474064,44953.247315,2773.251,POST,/api/pipeline,True,,1622,4,200,4
1790489010.250268,1790489013.024629,44950.52756,44953.301921,2774.361,POST,/api/pipeline,True,,1622,5,200,4
1790489010.305884,1790489013.082396,44950.583177,44953.359689,2776.511,POST,/api/pipeline,True,,1622,6,200,4
1790489010.364538,1790489013.136717,44950.641831,44953.41401,2772.18,POST,/api/pipeline,True,,1621,7,200,4
1790489010.418108,1790489013.192963,44950.695401,44953.470256,2774.855,POST,/api/pipeline,True,,1622,8,200,4
1790489010.476944,1790489013.248423,44950.754237,44953.525716,2771.479,POST,/api/pipeline,True,,1621,9,200,4
1790489010.534704,1790489013.30723,44950.811998,44953.584523,2772.525,POST,/api/pipeline,True,,1622,10,200,4
1790489010.590023,1790489013.362695,44950.867316,44953.639988,2772.672,POST,/api/pipeline,True,,1622,11,200,4
1790489010.639467,1790489013.411345,44950.91676,44953.688638,2771.878,POST,/api/pipeline,True,,1622,12,200,4
1790489010.692981,1790489013.464967,44950.970273,44953.74226,2771.987,POST,/api/pipeline,True,,1622,13,200,4
1790489010.746212,1790489013.518416,44951.023504,44953.795709,2772.205,POST,/api/pipeline,True,,1621,14,200,4
1790489010.805111,1790489013.577526,44951.082404,44953.854819,2772.415,POST,/api/pipeline,True,,1622,15,200,4
1790489010.862376,1790489013.635908,44951.139669,44953.913201,2773.532,POST,/api/pipeline,True,,1621,16,200,4
1790489010.913204,1790489013.685943,44951.190497,44953.963236,2772.739,POST,/api/pipeline,True,,1621,17,200,4
1790489010.966657,1790489013.74093,44951.24395,44954.018223,2774.273,POST,/api/pipeline,True,,1622,18,200,4
1790489011.026488,1790489013.799637,44951.303781,44954.07693,2773.149,POST,/api/pipeline,True,,1622,19,200,4
1790489011.0839,1790489013.857766,44951.361193,44954.135059,2773.866,POST,/api/pipeline,True,,1622,20,200,4
1790489011.13817,1790489013.912635,44951.415463,44954.189928,2774.465,POST,/api/pipeline,True,,1622,21,200,4
1790489011.197026,1790489013.971525,44951.474319,44954.248818,2774.5,POST,/api/pipeline,True,,1622,22,200,4
1790489011.249519,1790489014.021601,44951.526812,44954.298894,2772.082,POST,/api/pipeline,True,,1622,23,200,4
1790489011.297503,1790489014.069556,44951.574796,44954.346849,2772.053,POST,/api/pipeline,True,,1622,24,200,4
1790489011.351774,1790489014.124337,44951.629067,44954.401631,2772.564,POST,/api/pipeline,True,,1620,25,200,4
1790489011.410231,1790489014.18172,44951.687524,44954.459014,2771.489,POST,/api/pipeline,True,,1622,26,200,4
1790489011.480784,1790489014.253602,44951.758077,44954.530895,2772.818,POST,/api/pipeline,True,,1622,27,200,4
1790489011.538318,1790489014.310921,44951.815611,44954.588214,2772.603,POST,/api/pipeline,True,,1622,28,200,4
1790489011.579532,1790489014.355814,44951.856825,44954.633107,2776.282,POST,/api/pipeline,True,,1621,29,200,4
1790489011.639673,1790489014.413659,44951.916966,44954.690952,2773.986,POST,/api/pipeline,True,,1622,30,200,4
1790489011.687605,1790489014.463117,44951.964898,44954.740409,2775.511,POST,/api/pipeline,True,,1622,31,200,4
1790489011.746244,1790489014.520333,44952.023537,44954.797626,2774.089,POST,/api/pipeline,True,,1622,32,200,4
1790489011.795804,1790489014.568008,44952.073097,44954.845301,2772.204,POST,/api/pipeline,True,,1621,33,200,4
1790489011.849971,1790489014.621166,44952.127264,44954.898459,2771.195,POST,/api/pipeline,True,,1621,34,200,4
1790489011.903051,1790489014.674966,44952.180344,44954.952259,2771.916,POST,/api/pipeline,True,,1622,35,200,4
1790489011.973186,1790489014.745516,44952.250479,44955.022809,2772.33,POST,/api/pipeline,True,,1622,36,200,4
1790489012.019786,1790489014.792742,44952.297079,44955.070035,2772.956,POST,/api/pipeline,True,,1622,37,200,4
1790489012.077058,1790489014.851649,44952.354351,44955.128942,2774.591,POST,/api/pipeline,True,,1622,38,200,4
1790489012.134959,1790489014.909536,44952.412252,44955.186829,2774.577,POST,/api/pipeline,True,,1622,39,200,4
1790489012.191611,1790489014.96266,44952.468904,44955.239953,2771.049,POST,/api/pipeline,True,,1621,40,200,4
1790489012.244495,1790489015.018659,44952.521788,44955.295952,2774.164,POST,/api/pipeline,True,,1621,41,200,4
1790489012.299148,1790489015.074148,44952.57644,44955.351441,2775.0,POST,/api/pipeline,True,,1621,42,200,4
1790489012.349857,1790489015.127573,44952.62715,44955.404866,2777.716,POST,/api/pipeline,True,,1620,43,200,4
1790489012.404741,1790489015.177785,44952.682033,44955.455078,2773.045,POST,/api/pipeline,True,,1621,44,200,4
1790489012.45948,1790489015.234293,44952.736773,44955.511586,2774.813,POST,/api/pipeline,True,,1622,45,200,4
1790489012.516541,1790489015.291213,44952.793834,44955.568506,2774.672,POST,/api/pipeline,True,,1622,46,200,4
1790489012.573589,1790489015.348426,44952.850882,44955.625719,2774.837,POST,/api/pipeline,True,,1622,47,200,4
1790489012.626142,1790489015.401377,44952.903435,44955.67867,2775.235,POST,/api/pipeline,True,,1622,48,200,4
1790489012.680676,1790489015.455437,44952.957968,44955.732729,2774.761,POST,/api/pipeline,True,,1622,49,200,4
1790489012.755928,1790489015.527138,44953.033221,44955.804431,2771.21,POST,/api/pipeline,True,,1622,0,200,4
1790489012.807422,1790489015.582353,44953.084715,44955.859646,2774.93,POST,/api/pipeline,True,,1622,1,200,4
1790489012.863576,1790489015.636126,44953.140869,44955.913419,2772.55,POST,/api/pipeline,True,,1622,2,200,4
1790489012.916427,1790489015.689292,44953.19372,44955.966585,2772.865,POST,/api/pipeline,True,,1622,3,200,4
1790489012.970254,1790489015.743718,44953.247547,44956.021011,2773.464,POST,/api/pipeline,True,,1621,4,200,4
1790489013.025027,1790489015.798908,44953.302319,44956.076201,2773.881,POST,/api/pipeline,True,,1622,5,200,4
1790489013.082697,1790489015.856407,44953.35999,44956.1337,2773.71,POST,/api/pipeline,True,,1620,6,200,4
1790489013.138075,1790489015.911341,44953.415368,44956.188634,2773.266,POST,/api/pipeline,True,,1622,7,200,4
1790489013.193237,1790489015.968401,44953.470529,44956.245694,2775.165,POST,/api/pipeline,True,,1621,8,200,4
1790489013.248646,1790489016.021656,44953.525939,44956.298949,2773.01,POST,/api/pipeline,True,,1621,9,200,4
1790489013.307489,1790489016.082619,44953.584782,44956.359912,2775.13,POST,/api/pipeline,True,,1622,10,200,4
1790489013.363103,1790489016.137891,44953.640396,44956.415184,2774.788,POST,/api/pipeline,True,,1622,11,200,4
1790489013.411558,1790489016.183479,44953.688851,44956.460772,2771.921,POST,/api/pipeline,True,,1621,12,200,4
1790489013.465206,1790489016.237177,44953.742499,44956.514469,2771.97,POST,/api/pipeline,True,,1621,13,200,4
1790489013.518656,1790489016.289456,44953.795949,44956.566749,2770.8,POST,/api/pipeline,True,,1622,14,200,4
1790489013.57787,1790489016.350819,44953.855163,44956.628111,2772.948,POST,/api/pipeline,True,,1622,15,200,4
1790489013.636132,1790489016.408488,44953.913425,44956.685781,2772.356,POST,/api/pipeline,True,,1621,16,200,4
1790489013.686178,1790489016.45941,44953.963471,44956.736703,2773.232,POST,/api/pipeline,True,,1622,17,200,4
1790489013.741176,1790489016.512818,44954.018469,44956.790111,2771.643,POST,/api/pipeline,True,,1621,18,200,4
1790489013.799857,1790489016.573014,44954.07715,44956.850307,2773.156,POST,/api/pipeline,True,,1622,19,200,4
1790489013.858017,1790489016.630562,44954.13531,44956.907855,2772.544,POST,/api/pipeline,True,,1622,20,200,4
1790489013.912905,1790489016.688945,44954.190198,44956.966238,2776.04,POST,/api/pipeline,True,,1622,21,200,4
1790489013.971748,1790489016.742419,44954.249041,44957.019712,2770.671,POST,/api/pipeline,True,,1622,22,200,4
1790489014.021852,1790489016.79293,44954.299145,44957.070223,2771.078,POST,/api/pipeline,True,,1622,23,200,4
1790489014.0698,1790489016.843205,44954.347093,44957.120498,2773.405,POST,/api/pipeline,True,,1622,24,200,4
1790489014.124578,1790489016.897764,44954.401871,44957.175057,2773.186,POST,/api/pipeline,True,,1622,25,200,4
1790489014.181941,1790489016.955067,44954.459234,44957.23236,2773.126,POST,/api/pipeline,True,,1622,26,200,4
1790489014.253795,1790489017.026604,44954.531088,44957.303897,2772.809,POST,/api/pipeline,True,,1622,27,200,4
1790489014.311146,1790489017.084022,44954.588439,44957.361315,2772.876,POST,/api/pipeline,True,,1622,28,200,4
1790489014.356059,1790489017.131079,44954.633351,44957.408372,2775.02,POST,/api/pipeline,True,,1621,29,200,4
1790489014.41394,1790489017.185866,44954.691233,44957.463159,2771.927,POST,/api/pipeline,True,,1622,30,200,4
1790489014.463353,1790489017.237219,44954.740645,44957.514512,2773.866,POST,/api/pipeline,True,,1621,31,200,4
1790489014.52065,1790489017.293425,44954.797943,44957.570718,2772.775,POST,/api/pipeline,True,,1622,32,200,4
1790489014.568255,1790489017.339651,44954.845548,44957.616944,2771.396,POST,/api/pipeline,True,,1622,33,200,4
1790489014.621405,1790489017.392176,44954.898698,44957.669469,2770.771,POST,/api/pipeline,True,,1622,34,200,4
1790489014.675333,1790489017.446617,44954.952627,44957.72391,2771.284,POST,/api/pipeline,True,,1622,35,200,4
1790489014.74574,1790489017.518517,44955.023033,44957.795809,2772.777,POST,/api/pipeline,True,,1620,36,200,4
1790489014.792992,1790489017.566849,44955.070285,44957.844143,2773.858,POST,/api/pipeline,True,,1622,37,200,4
1790489014.851889,1790489017.624411,44955.129182,44957.901704,2772.522,POST,/api/pipeline,True,,1621,38,200,4
1790489014.90976,1790489017.682372,44955.187053,44957.959665,2772.612,POST,/api/pipeline,True,,1621,39,200,4
1790489014.963023,1790489017.739516,44955.240316,44958.016809,2776.493,POST,/api/pipeline,True,,1622,40,200,4
1790489015.019063,1790489017.792674,44955.296356,44958.069967,2773.611,POST,/api/pipeline,True,,1622,41,200,4
1790489015.074393,1790489017.846409,44955.351686,44958.123702,2772.016,POST,/api/pipeline,True,,1621,42,200,4
1790489015.127802,1790489017.902044,44955.405095,44958.179337,2774.242,POST,/api/pipeline,True,,1622,43,200,4
1790489015.178015,1790489017.951093,44955.455308,44958.228386,2773.077,POST,/api/pipeline,True,,1621,44,200,4
1790489015.234528,1790489018.009793,44955.511821,44958.287086,2775.265,POST,/api/pipeline,True,,1621,45,200,4
1790489015.291426,1790489018.069227,44955.568719,44958.34652,2777.801,POST,/api/pipeline,True,,1621,46,200,4
1790489015.348716,1790489018.119562,44955.626009,44958.396855,2770.846,POST,/api/pipeline,True,,1621,47,200,4
1790489015.401607,1790489018.174563,44955.6789,44958.451856,2772.956,POST,/api/pipeline,True,,1622,48,200,4
1790489015.45574,1790489018.229032,44955.733033,44958.506325,2773.292,POST,/api/pipeline,True,,1621,49,200,4
1790489015.527374,1790489018.300905,44955.804667,44958.578198,2773.531,POST,/api/pipeline,True,,1621,0,200,4
1790489015.582579,1790489018.355565,44955.859872,44958.632858,2772.986,POST,/api/pipeline,True,,1622,1,200,4
1790489015.636421,1790489018.409137,44955.913714,44958.68643,2772.716,POST,/api/pipeline,True,,1622,2,200,4
1790489015.689526,1790489018.461877,44955.966819,44958.73917,2772.351,POST,/api/pipeline,True,,1622,3,200,4
1790489015.743954,1790489018.517636,44956.021247,44958.794929,2773.682,POST,/api/pipeline,True,,1622,4,200,4
1790489015.79919,1790489018.57207,44956.076483,44958.849362,2772.879,POST,/api/pipeline,True,,1621,5,200,4
1790489015.856636,1790489018.632802,44956.133929,44958.910095,2776.165,POST,/api/pipeline,True,,1622,6,200,4
1790489015.911565,1790489018.686041,44956.188858,44958.963334,2774.476,POST,/api/pipeline,True,,1621,7,200,4
1790489015.968623,1790489018.740238,44956.245916,44959.017531,2771.615,POST,/api/pipeline,True,,1621,8,200,4
1790489016.021918,1790489018.794355,44956.29921,44959.071648,2772.437,POST,/api/pipeline,True,,1622,9,200,4
1790489016.082954,1790489018.856212,44956.360247,44959.133505,2773.258,POST,/api/pipeline,True,,1622,10,200,4
1790489016.138138,1790489018.911505,44956.415431,44959.188798,2773.368,POST,/api/pipeline,True,,1622,11,200,4
1790489016.183716,1790489018.955942,44956.461009,44959.233235,2772.225,POST,/api/pipeline,True,,1619,12,200,4
1790489016.237413,1790489019.012695,44956.514705,44959.289988,2775.282,POST,/api/pipeline,True,,1622,13,200,4
1790489016.28967,1790489019.065388,44956.566963,44959.342681,2775.719,POST,/api/pipeline,True,,1620,14,200,4
1790489016.351055,1790489019.123842,44956.628348,44959.401135,2772.787,POST,/api/pipeline,True,,1622,15,200,4
1790489016.408738,1790489019.181611,44956.686031,44959.458904,2772.874,POST,/api/pipeline,True,,1620,16,200,4
1790489016.459652,1790489019.231711,44956.736945,44959.509004,2772.06,POST,/api/pipeline,True,,1622,17,200,4
1790489016.513054,1790489019.286154,44956.790347,44959.563447,2773.1,POST,/api/pipeline,True,,1622,18,200,4
1790489016.573222,1790489019.34504,44956.850515,44959.622333,2771.817,POST,/api/pipeline,True,,1621,19,200,4
1790489016.630847,1790489019.403585,44956.90814,44959.680879,2772.739,POST,/api/pipeline,True,,1622,20,200,4
1790489016.689211,1790489019.462551,44956.966504,44959.739844,2773.34,POST,/api/pipeline,True,,1622,21,200,4
1790489016.742656,1790489019.514012,44957.019949,44959.791305,2771.355,POST,/api/pipeline,True,,1621,22,200,4
1790489016.793155,1790489019.563993,44957.070449,44959.841286,2770.837,POST,/api/pipeline,True,,1622,23,200,4
1790489016.843474,1790489019.615781,44957.120766,44959.893074,2772.307,POST,/api/pipeline,True,,1622,24,200,4
1790489016.897989,1790489019.671619,44957.175282,44959.948912,2773.63,POST,/api/pipeline,True,,1622,25,200,4
1790489016.955302,1790489019.729558,44957.232595,44960.00685,2774.255,POST,/api/pipeline,True,,1622,26,200,4
1790489017.026921,1790489019.800101,44957.304214,44960.077394,2773.18,POST,/api/pipeline,True,,1621,27,200,4
1790489017.084263,1790489019.856445,44957.361556,44960.133738,2772.182,POST,/api/pipeline,True,,1621,28,200,4
1790489017.13132,1790489019.905005,44957.408613,44960.182297,2773.684,POST,/api/pipeline,True,,1621,29,200,4
1790489017.186093,1790489019.957856,44957.463386,44960.235149,2771.763,POST,/api/pipeline,True,,1621,30,200,4
1790489017.237456,1790489020.011185,44957.514749,44960.288478,2773.729,POST,/api/pipeline,True,,1621,31,200,4
1790489017.293653,1790489020.065023,44957.570946,44960.342317,2771.371,POST,/api/pipeline,True,,1622,32,200,4
1790489017.339928,1790489020.111174,44957.617221,44960.388467,2771.246,POST,/api/pipeline,True,,1621,33,200,4
1790489017.392393,1790489020.165425,44957.669686,44960.442718,2773.031,POST,/api/pipeline,True,,1622,34,200,4
1790489017.446917,1790489020.222,44957.724209,44960.499293,2775.084,POST,/api/pipeline,True,,1621,35,200,4
1790489017.518758,1790489020.293186,44957.796051,44960.570479,2774.428,POST,/api/pipeline,True,,1622,36,200,4
1790489017.567049,1790489020.337743,44957.844342,44960.615036,2770.694,POST,/api/pipeline,True,,1621,37,200,4
1790489017.624651,1790489020.395942,44957.901944,44960.673235,2771.292,POST,/api/pipeline,True,,1622,38,200,4
1790489017.682587,1790489020.456265,44957.95988,44960.733558,2773.677,POST,/api/pipeline,True,,1622,39,200,4
1790489017.739826,1790489020.510562,44958.017119,44960.787855,2770.736,POST,/api/pipeline,True,,1620,40,200,4
1790489017.792904,1790489020.56539,44958.070197,44960.842683,2772.486,POST,/api/pipeline,True,,1620,41,200,4
1790489017.846698,1790489020.620758,44958.123991,44960.89805,2774.059,POST,/api/pipeline,True,,1622,42,200,4
1790489017.902263,1790489020.67291,44958.179556,44960.950203,2770.647,POST,/api/pipeline,True,,1620,43,200,4
1790489017.951335,1790489020.725176,44958.228628,44961.002469,2773.841,POST,/api/pipeline,True,,1622,44,200,4
1790489018.010048,1790489020.784349,44958.287341,44961.061642,2774.301,POST,/api/pipeline,True,,1622,45,200,4
1790489018.069464,1790489020.842228,44958.346757,44961.119521,2772.764,POST,/api/pipeline,True,,1622,46,200,4
1790489018.119805,1790489020.893036,44958.397098,44961.170329,2773.231,POST,/api/pipeline,True,,1621,47,200,4
1790489018.174893,1790489020.948582,44958.452186,44961.225875,2773.688,POST,/api/pipeline,True,,1621,48,200,4
1790489018.229259,1790489021.00213,44958.506552,44961.279423,2772.871,POST,/api/pipeline,True,,1622,49,200,4
1790489018.301147,1790489021.073624,44958.57844,44961.350917,2772.477,POST,/api/pipeline,True,,1621,0,200,4
1790489018.355838,1790489021.129678,44958.633131,44961.406971,2773.841,POST,/api/pipeline,True,,1621,1,200,4
1790489018.409357,1790489021.18205,44958.68665,44961.459343,2772.693,POST,/api/pipeline,True,,1621,2,200,4
1790489018.462115,1790489021.235794,44958.739408,44961.513087,2773.679,POST,/api/pipeline,True,,1620,3,200,4
1790489018.517889,1790489021.290515,44958.795182,44961.567808,2772.626,POST,/api/pipeline,True,,1621,4,200,4
1790489018.572576,1790489021.350338,44958.849868,44961.62763,2777.762,POST,/api/pipeline,True,,1622,5,200,4
1790489018.633025,1790489021.405019,44958.910318,44961.682312,2771.995,POST,/api/pipeline,True,,1622,6,200,4
1790489018.686263,1790489021.457335,44958.963556,44961.734628,2771.072,POST,/api/pipeline,True,,1622,7,200,4
1790489018.740448,1790489021.51311,44959.017741,44961.790403,2772.663,POST,/api/pipeline,True,,1620,8,200,4
1790489018.794593,1790489021.567318,44959.071886,44961.844611,2772.724,POST,/api/pipeline,True,,1622,9,200,4
1790489018.856475,1790489021.630023,44959.133767,44961.907315,2773.548,POST,/api/pipeline,True,,1621,10,200,4
1790489018.911741,1790489021.68502,44959.189034,44961.962313,2773.279,POST,/api/pipeline,True,,1621,11,200,4
1790489018.956159,1790489021.729859,44959.233452,44962.007152,2773.7,POST,/api/pipeline,True,,1622,12,200,4
1790489019.01294,1790489021.783396,44959.290233,44962.060689,2770.456,POST,/api/pipeline,True,,1620,13,200,4
1790489019.065607,1790489021.837465,44959.3429,44962.114758,2771.858,POST,/api/pipeline,True,,1622,14,200,4
1790489019.124062,1790489021.896622,44959.401355,44962.173915,2772.56,POST,/api/pipeline,True,,1620,15,200,4
1790489019.181842,1790489021.954353,44959.459135,44962.231646,2772.511,POST,/api/pipeline,True,,1622,16,200,4
1790489019.231967,1790489022.004803,44959.509261,44962.282096,2772.835,POST,/api/pipeline,True,,1622,17,200,4
1790489019.286378,1790489022.059657,44959.563671,44962.33695,2773.279,POST,/api/pipeline,True,,1622,18,200,4
1790489019.345273,1790489022.119314,44959.622565,44962.396607,2774.042,POST,/api/pipeline,True,,1621,19,200,4
1790489019.403859,1790489022.17801,44959.681152,44962.455303,2774.151,POST,/api/pipeline,True,,1621,20,200,4
1790489019.462937,1790489022.235337,44959.74023,44962.51263,2772.4,POST,/api/pipeline,True,,1621,21,200,4
1790489019.514308,1790489022.287662,44959.791601,44962.564955,2773.354,POST,/api/pipeline,True,,1621,22,200,4
1790489019.564218,1790489022.335577,44959.841511,44962.61287,2771.359,POST,/api/pipeline,True,,1622,23,200,4
1790489019.616081,1790489022.389784,44959.893374,44962.667077,2773.704,POST,/api/pipeline,True,,1621,24,200,4
1790489019.671842,1790489022.447918,44959.949135,44962.725211,2776.076,POST,/api/pipeline,True,,1622,25,200,4
1790489019.729811,1790489022.500818,44960.007104,44962.778111,2771.008,POST,/api/pipeline,True,,1622,26,200,4
1790489019.800317,1790489022.572867,44960.07761,44962.85016,2772.55,POST,/api/pipeline,True,,1619,27,200,4
1790489019.856754,1790489022.631171,44960.134047,44962.908464,2774.417,POST,/api/pipeline,True,,1621,28,200,4
1790489019.905234,1790489022.676222,44960.182527,44962.953515,2770.988,POST,/api/pipeline,True,,1621,29,200,4
1790489019.95809,1790489022.730409,44960.235383,44963.007702,2772.319,POST,/api/pipeline,True,,1622,30,200,4
1790489020.011431,1790489022.782256,44960.288725,44963.059549,2770.825,POST,/api/pipeline,True,,1622,31,200,4
1790489020.065271,1790489022.837408,44960.342563,44963.1147,2772.137,POST,/api/pipeline,True,,1622,32,200,4
1790489020.111422,1790489022.884134,44960.388715,44963.161427,2772.712,POST,/api/pipeline,True,,1621,33,200,4
1790489020.16566,1790489022.939003,44960.442953,44963.216296,2773.343,POST,/api/pipeline,True,,1621,34,200,4
1790489020.222224,1790489022.995492,44960.499518,44963.272785,2773.268,POST,/api/pipeline,True,,1622,35,200,4
1790489020.29343,1790489023.066132,44960.570723,44963.343425,2772.702,POST,/api/pipeline,True,,1617,36,200,4
1790489020.337944,1790489023.11035,44960.615237,44963.387643,2772.406,POST,/api/pipeline,True,,1622,37,200,4
1790489020.396159,1790489023.167815,44960.673452,44963.445108,2771.656,POST,/api/pipeline,True,,1622,38,200,4
1790489020.456465,1790489023.229061,44960.733758,44963.506354,2772.595,POST,/api/pipeline,True,,1619,39,200,4
1790489020.510931,1790489023.283207,44960.788224,44963.560499,2772.276,POST,/api/pipeline,True,,1620,40,200,4
1790489020.565627,1790489023.342622,44960.84292,44963.619915,2776.995,POST,/api/pipeline,True,,1620,41,200,4
1790489020.620996,1790489023.392787,44960.898289,44963.670079,2771.79,POST,/api/pipeline,True,,1622,42,200,4
1790489020.673113,1790489023.44577,44960.950405,44963.723063,2772.657,POST,/api/pipeline,True,,1622,43,200,4
1790489020.7254,1790489023.500459,44961.002693,44963.777752,2775.059,POST,/api/pipeline,True,,1622,44,200,4
1790489020.784559,1790489023.557558,44961.061852,44963.834851,2772.999,POST,/api/pipeline,True,,1621,45,200,4
1790489020.842452,1790489023.614274,44961.119745,44963.891567,2771.822,POST,/api/pipeline,True,,1622,46,200,4
1790489020.893271,1790489023.666492,44961.170564,44963.943784,2773.22,POST,/api/pipeline,True,,1621,47,200,4
1790489020.948827,1790489023.721897,44961.22612,44963.99919,2773.069,POST,/api/pipeline,True,,1622,48,200,4
1790489021.002414,1790489023.775944,44961.279706,44964.053237,2773.531,POST,/api/pipeline,True,,1622,49,200,4
1790489021.073849,1790489023.848412,44961.351142,44964.125705,2774.563,POST,/api/pipeline,True,,1622,0,200,4
1790489021.12999,1790489023.902197,44961.407283,44964.17949,2772.207,POST,/api/pipeline,True,,1622,1,200,4
1790489021.182295,1790489023.955771,44961.459588,44964.233064,2773.476,POST,/api/pipeline,True,,1622,2,200,4
1790489021.236029,1790489024.009086,44961.513322,44964.286379,2773.057,POST,/api/pipeline,True,,1622,3,200,4
1790489021.290773,1790489024.066321,44961.568066,44964.343614,2775.548,POST,/api/pipeline,True,,1622,4,200,4
1790489021.350619,1790489024.123886,44961.627912,44964.401179,2773.267,POST,/api/pipeline,True,,1622,5,200,4
1790489021.405239,1790489024.179092,44961.682532,44964.456385,2773.853,POST,/api/pipeline,True,,1622,6,200,4
1790489021.457564,1790489024.231581,44961.734857,44964.508874,2774.017,POST,/api/pipeline,True,,1622,7,200,4
1790489021.513326,1790489024.285518,44961.790619,44964.562811,2772.192,POST,/api/pipeline,True,,1621,8,200,4
1790489021.567563,1790489024.341389,44961.844856,44964.618682,2773.826,POST,/api/pipeline,True,,1622,9,200,4
1790489021.630301,1790489024.402686,44961.907594,44964.679979,2772.385,POST,/api/pipeline,True,,1622,10,200,4
1790489021.685371,1790489024.458217,44961.962664,44964.73551,2772.846,POST,/api/pipeline,True,,1622,11,200,4
1790489021.730079,1790489024.501953,44962.007372,44964.779246,2771.875,POST,/api/pipeline,True,,1621,12,200,4
1790489021.783685,1790489024.554839,44962.060978,44964.832132,2771.154,POST,/api/pipeline,True,,1622,13,200,4
1790489021.837692,1790489024.609948,44962.114985,44964.887241,2772.256,POST,/api/pipeline,True,,1621,14,200,4
1790489021.896843,1790489024.670144,44962.174136,44964.947436,2773.3,POST,/api/pipeline,True,,1622,15,200,4
1790489021.954584,1790489024.727921,44962.231877,44965.005214,2773.337,POST,/api/pipeline,True,,1622,16,200,4
1790489022.005061,1790489024.777045,44962.282354,44965.054338,2771.985,POST,/api/pipeline,True,,1620,17,200,4
1790489022.059891,1790489024.831434,44962.337184,44965.108727,2771.543,POST,/api/pipeline,True,,1622,18,200,4
1790489022.119571,1790489024.890588,44962.396864,44965.167881,2771.017,POST,/api/pipeline,True,,1620,19,200,4
1790489022.178238,1790489024.95193,44962.455531,44965.229222,2773.691,POST,/api/pipeline,True,,1622,20,200,4
1790489022.23556,1790489025.007246,44962.512853,44965.284539,2771.686,POST,/api/pipeline,True,,1622,21,200,4
1790489022.287914,1790489025.061204,44962.565207,44965.338497,2773.29,POST,/api/pipeline,True,,1621,22,200,4
1790489022.335803,1790489025.108696,44962.613096,44965.385989,2772.894,POST,/api/pipeline,True,,1621,23,200,4
1790489022.390019,1790489025.166076,44962.667312,44965.443369,2776.057,POST,/api/pipeline,True,,1622,24,200,4
1790489022.448139,1790489025.21992,44962.725432,44965.497213,2771.781,POST,/api/pipeline,True,,1620,25,200,4
1790489022.501033,1790489025.273244,44962.778326,44965.550537,2772.211,POST,/api/pipeline,True,,1622,26,200,4
1790489022.57309,1790489025.347354,44962.850383,44965.624647,2774.264,POST,/api/pipeline,True,,1620,27,200,4
1790489022.631451,1790489025.404929,44962.908744,44965.682222,2773.478,POST,/api/pipeline,True,,1621,28,200,4
1790489022.676462,1790489025.449915,44962.953755,44965.727207,2773.452,POST,/api/pipeline,True,,1620,29,200,4
1790489022.730744,1790489025.502795,44963.008036,44965.780088,2772.052,POST,/api/pipeline,True,,1621,30,200,4
1790489022.782479,1790489025.555603,44963.059772,44965.832896,2773.124,POST,/api/pipeline,True,,1622,31,200,4
1790489022.837694,1790489025.609983,44963.114987,44965.887276,2772.289,POST,/api/pipeline,True,,1621,32,200,4
1790489022.88438,1790489025.657773,44963.161673,44965.935066,2773.393,POST,/api/pipeline,True,,1622,33,200,4
1790489022.939236,1790489025.713713,44963.216529,44965.991006,2774.477,POST,/api/pipeline,True,,1621,34,200,4
1790489022.995714,1790489025.767356,44963.273007,44966.044649,2771.642,POST,/api/pipeline,True,,1622,35,200,4
1790489023.0664,1790489025.839188,44963.343693,44966.116481,2772.788,POST,/api/pipeline,True,,1622,36,200,4
1790489023.110577,1790489025.883562,44963.38787,44966.160855,2772.985,POST,/api/pipeline,True,,1622,37,200,4
1790489023.168029,1790489025.941361,44963.445322,44966.218654,2773.332,POST,/api/pipeline,True,,1622,38,200,4
1790489023.229295,1790489026.002144,44963.506588,44966.279437,2772.85,POST,/api/pipeline,True,,1622,39,200,4
1790489023.283451,1790489026.06119,44963.560744,44966.338483,2777.739,POST,/api/pipeline,True,,1621,40,200,4
1790489023.342973,1790489026.11382,44963.620266,44966.391113,2770.848,POST,/api/pipeline,True,,1621,41,200,4
1790489023.393025,1790489026.164813,44963.670318,44966.442106,2771.788,POST,/api/pipeline,True,,1622,42,200,4
1790489023.446004,1790489026.2187,44963.723297,44966.495993,2772.696,POST,/api/pipeline,True,,1622,43,200,4
1790489023.500684,1790489026.272407,44963.777977,44966.5497,2771.723,POST,/api/pipeline,True,,1620,44,200,4
1790489023.557759,1790489026.330707,44963.835052,44966.608,2772.948,POST,/api/pipeline,True,,1622,45,200,4
1790489023.614501,1790489026.387319,44963.891794,44966.664612,2772.818,POST,/api/pipeline,True,,1622,46,200,4
1790489023.666731,1790489026.440567,44963.944024,44966.71786,2773.836,POST,/api/pipeline,True,,1622,47,200,4
1790489023.722131,1790489026.494115,44963.999424,44966.771408,2771.984,POST,/api/pipeline,True,,1622,48,200,4
1790489023.776238,1790489026.548849,44964.053531,44966.826142,2772.611,POST,/api/pipeline,True,,1622,49,200,4
1790489023.84868,1790489026.621434,44964.125972,44966.898727,2772.754,POST,/api/pipeline,True,,1621,0,200,4
1790489023.902438,1790489026.675492,44964.179731,44966.952785,2773.054,POST,/api/pipeline,True,,1622,1,200,4
1790489023.956017,1790489026.727925,44964.23331,44967.005218,2771.908,POST,/api/pipeline,True,,1620,2,200,4
1790489024.009327,1790489026.783316,44964.28662,44967.060609,2773.989,POST,/api/pipeline,True,,1621,3,200,4
1790489024.066548,1790489026.842113,44964.343841,44967.119406,2775.565,POST,/api/pipeline,True,,1622,4,200,4
1790489024.124124,1790489026.894227,44964.401417,44967.17152,2770.103,POST,/api/pipeline,True,,1622,5,200,4
1790489024.179318,1790489026.949873,44964.456611,44967.227166,2770.555,POST,/api/pipeline,True,,1622,6,200,4
1790489024.23182,1790489027.004406,44964.509113,44967.281699,2772.586,POST,/api/pipeline,True,,1621,7,200,4
1790489024.285746,1790489027.059001,44964.563039,44967.336294,2773.255,POST,/api/pipeline,True,,1622,8,200,4
1790489024.341632,1790489027.114359,44964.618925,44967.391652,2772.727,POST,/api/pipeline,True,,1622,9,200,4
1790489024.403023,1790489027.177164,44964.680316,44967.454457,2774.142,POST,/api/pipeline,True,,1620,10,200,4
1790489024.458455,1790489027.231059,44964.735748,44967.508352,2772.605,POST,/api/pipeline,True,,1619,11,200,4
1790489024.502183,1790489027.274451,44964.779476,44967.551744,2772.268,POST,/api/pipeline,True,,1621,12,200,4
1790489024.555049,1790489027.328906,44964.832342,44967.606199,2773.857,POST,/api/pipeline,True,,1622,13,200,4
1790489024.610182,1790489027.381763,44964.887474,44967.659056,2771.581,POST,/api/pipeline,True,,1621,14,200,4
1790489024.670371,1790489027.444042,44964.947664,44967.721335,2773.671,POST,/api/pipeline,True,,1622,15,200,4
1790489024.728146,1790489027.501041,44965.005439,44967.778334,2772.895,POST,/api/pipeline,True,,1622,16,200,4
1790489024.777256,1790489027.549103,44965.054549,44967.826396,2771.847,POST,/api/pipeline,True,,1622,17,200,4
1790489024.831697,1790489027.603669,44965.10899,44967.880962,2771.972,POST,/api/pipeline,True,,1620,18,200,4
1790489024.890976,1790489027.66258,44965.168268,44967.939873,2771.604,POST,/api/pipeline,True,,1621,19,200,4
1790489024.952161,1790489027.725382,44965.229454,44968.002675,2773.221,POST,/api/pipeline,True,,1622,20,200,4
1790489025.007504,1790489027.779585,44965.284797,44968.056878,2772.081,POST,/api/pipeline,True,,1621,21,200,4
1790489025.061432,1790489027.833488,44965.338725,44968.110781,2772.056,POST,/api/pipeline,True,,1621,22,200,4
1790489025.108962,1790489027.883737,44965.386255,44968.16103,2774.775,POST,/api/pipeline,True,,1621,23,200,4
1790489025.166297,1790489027.937386,44965.44359,44968.214678,2771.089,POST,/api/pipeline,True,,1621,24,200,4
1790489025.220144,1790489027.991682,44965.497437,44968.268975,2771.539,POST,/api/pipeline,True,,1621,25,200,4
1790489025.273537,1790489028.048521,44965.550829,44968.325813,2774.984,POST,/api/pipeline,True,,1622,26,200,4
1790489025.347601,1790489028.121629,44965.624894,44968.398922,2774.028,POST,/api/pipeline,True,,1622,27,200,4
1790489025.405161,1790489028.179557,44965.682454,44968.45685,2774.396,POST,/api/pipeline,True,,1622,28,200,4
1790489025.450222,1790489028.221829,44965.727515,44968.499122,2771.608,POST,/api/pipeline,True,,1622,29,200,4
1790489025.503052,1790489028.274637,44965.780345,44968.551931,2771.586,POST,/api/pipeline,True,,1622,30,200,4
1790489025.555818,1790489028.327721,44965.833111,44968.605014,2771.903,POST,/api/pipeline,True,,1622,31,200,4
1790489025.610209,1790489028.383074,44965.887502,44968.660367,2772.865,POST,/api/pipeline,True,,1622,32,200,4
1790489025.658041,1790489028.430949,44965.935334,44968.708242,2772.908,POST,/api/pipeline,True,,1621,33,200,4
1790489025.713948,1790489028.485871,44965.991241,44968.763164,2771.923,POST,/api/pipeline,True,,1622,34,200,4
1790489025.767579,1790489028.540572,44966.044872,44968.817865,2772.993,POST,/api/pipeline,True,,1621,35,200,4
1790489025.839448,1790489028.611787,44966.116741,44968.88908,2772.339,POST,/api/pipeline,True,,1621,36,200,4
1790489025.883774,1790489028.657678,44966.161067,44968.934971,2773.905,POST,/api/pipeline,True,,1621,37,200,4
1790489025.941624,1790489028.713737,44966.218917,44968.99103,2772.113,POST,/api/pipeline,True,,1621,38,200,4
1790489026.002408,1790489028.777268,44966.279701,44969.054561,2774.861,POST,/api/pipeline,True,,1621,39,200,4
1790489026.061454,1790489028.835788,44966.338747,44969.113081,2774.333,POST,/api/pipeline,True,,1622,40,200,4
1790489026.114061,1790489028.888569,44966.391354,44969.165862,2774.508,POST,/api/pipeline,True,,1621,41,200,4
1790489026.165055,1790489028.937759,44966.442348,44969.215052,2772.704,POST,/api/pipeline,True,,1622,42,200,4
1790489026.219038,1790489028.989665,44966.496331,44969.266958,2770.627,POST,/api/pipeline,True,,1622,43,200,4
1790489026.272639,1790489029.045015,44966.549932,44969.322307,2772.376,POST,/api/pipeline,True,,1621,44,200,4
1790489026.331095,1790489029.103716,44966.608388,44969.381008,2772.62,POST,/api/pipeline,True,,1622,45,200,4
1790489026.387547,1790489029.159877,44966.664839,44969.43717,2772.33,POST,/api/pipeline,True,,1621,46,200,4
1790489026.440803,1790489029.211968,44966.718096,44969.489261,2771.165,POST,/api/pipeline,True,,1622,47,200,4
1790489026.494342,1790489029.267702,44966.771635,44969.544995,2773.36,POST,/api/pipeline,True,,1621,48,200,4
1790489026.549091,1790489029.322387,44966.826384,44969.59968,2773.296,POST,/api/pipeline,True,,1619,49,200,4
1790489026.621724,1790489029.393891,44966.899017,44969.671184,2772.167,POST,/api/pipeline,True,,1622,0,200,4
1790489026.675736,1790489029.447389,44966.953029,44969.724682,2771.654,POST,/api/pipeline,True,,1621,1,200,4
1790489026.728238,1790489029.502863,44967.005531,44969.780156,2774.625,POST,/api/pipeline,True,,1621,2,200,4
1790489026.783553,1790489029.558161,44967.060846,44969.835454,2774.607,POST,/api/pipeline,True,,1622,3,200,4
1790489026.842331,1790489029.616511,44967.119624,44969.893804,2774.18,POST,/api/pipeline,True,,1622,4,200,4
1790489026.894461,1790489029.667991,44967.171754,44969.945284,2773.53,POST,/api/pipeline,True,,1622,5,200,4
1790489026.950134,1790489029.723354,44967.227427,44970.000647,2773.219,POST,/api/pipeline,True,,1621,6,200,4
1790489027.004669,1790489029.777699,44967.281962,44970.054992,2773.03,POST,/api/pipeline,True,,1622,7,200,4
1790489027.059238,1790489029.83258,44967.336531,44970.109873,2773.342,POST,/api/pipeline,True,,1621,8,200,4
1790489027.114654,1790489029.888241,44967.391947,44970.165534,2773.587,POST,/api/pipeline,True,,1621,9,200,4
1790489027.177394,1790489029.947881,44967.454687,44970.225174,2770.487,POST,/api/pipeline,True,,1622,10,200,4
1790489027.231315,1790489030.005033,44967.508608,44970.282326,2773.718,POST,/api/pipeline,True,,1622,11,200,4
1790489027.274728,1790489030.047227,44967.55202,44970.32452,2772.499,POST,/api/pipeline,True,,1622,12,200,4
1790489027.329131,1790489030.102202,44967.606424,44970.379495,2773.071,POST,/api/pipeline,True,,1621,13,200,4
1790489027.381991,1790489030.155227,44967.659285,44970.43252,2773.235,POST,/api/pipeline,True,,1622,14,200,4
1790489027.44427,1790489030.216418,44967.721563,44970.493711,2772.148,POST,/api/pipeline,True,,1621,15,200,4
1790489027.501273,1790489030.274578,44967.778566,44970.551871,2773.305,POST,/api/pipeline,True,,1621,16,200,4
1790489027.549318,1790489030.321776,44967.826611,44970.599069,2772.458,POST,/api/pipeline,True,,1620,17,200,4
1790489027.6039,1790489030.37659,44967.881193,44970.653883,2772.69,POST,/api/pipeline,True,,1621,18,200,4
1790489027.66315,1790489030.435575,44967.940443,44970.712869,2772.425,POST,/api/pipeline,True,,1621,19,200,4
1790489027.725603,1790489030.497875,44968.002896,44970.775168,2772.271,POST,/api/pipeline,True,,1622,20,200,4
1790489027.77982,1790489030.552113,44968.057114,44970.829406,2772.293,POST,/api/pipeline,True,,1621,21,200,4
1790489027.833823,1790489030.605295,44968.111116,44970.882588,2771.472,POST,/api/pipeline,True,,1622,22,200,4
1790489027.883992,1790489030.656028,44968.161285,44970.933321,2772.036,POST,/api/pipeline,True,,1621,23,200,4
1790489027.937624,1790489030.71001,44968.214917,44970.987303,2772.385,POST,/api/pipeline,True,,1622,24,200,4
1790489027.991968,1790489030.766482,44968.269261,44971.043775,2774.514,POST,/api/pipeline,True,,1622,25,200,4
1790489028.048832,1790489030.822635,44968.326125,44971.099928,2773.803,POST,/api/pipeline,True,,1620,26,200,4
1790489028.121887,1790489030.895324,44968.39918,44971.172617,2773.437,POST,/api/pipeline,True,,1622,27,200,4
1790489028.179788,1790489030.952603,44968.457081,44971.229896,2772.815,POST,/api/pipeline,True,,1622,28,200,4
1790489028.222052,1790489030.993448,44968.499344,44971.270741,2771.396,POST,/api/pipeline,True,,1620,29,200,4
1790489028.275023,1790489031.047005,44968.552316,44971.324298,2771.982,POST,/api/pipeline,True,,1622,30,200,4
1790489028.327943,1790489031.101083,44968.605237,44971.378376,2773.14,POST,/api/pipeline,True,,1622,31,200,4
1790489028.383312,1790489031.154175,44968.660605,44971.431468,2770.862,POST,/api/pipeline,True,,1621,32,200,4
1790489028.431242,1790489031.204557,44968.708535,44971.48185,2773.316,POST,/api/pipeline,True,,1621,33,200,4
1790489028.486117,1790489031.258673,44968.76341,44971.535966,2772.556,POST,/api/pipeline,True,,1622,34,200,4
1790489028.540809,1790489031.313427,44968.818102,44971.59072,2772.618,POST,/api/pipeline,True,,1622,35,200,4
1790489028.612074,1790489031.384084,44968.889367,44971.661377,2772.01,POST,/api/pipeline,True,,1622,36,200,4
1790489028.657908,1790489031.430603,44968.935201,44971.707895,2772.695,POST,/api/pipeline,True,,1622,37,200,4
1790489028.714009,1790489031.48576,44968.991302,44971.763053,2771.751,POST,/api/pipeline,True,,1622,38,200,4
1790489028.777601,1790489031.553396,44969.054894,44971.830689,2775.795,POST,/api/pipeline,True,,1622,39,200,4
1790489028.836077,1790489031.610574,44969.11337,44971.887867,2774.496,POST,/api/pipeline,True,,1622,40,200,4
1790489028.888804,1790489031.664361,44969.166097,44971.941654,2775.556,POST,/api/pipeline,True,,1621,41,200,4
1790489028.938004,1790489031.709862,44969.215297,44971.987155,2771.858,POST,/api/pipeline,True,,1621,42,200,4
1790489028.989877,1790489031.763891,44969.26717,44972.041184,2774.014,POST,/api/pipeline,True,,1622,43,200,4
1790489029.045265,1790489031.817209,44969.322558,44972.094501,2771.944,POST,/api/pipeline,True,,1621,44,200,4
1790489029.103933,1790489031.8773,44969.381225,44972.154593,2773.367,POST,/api/pipeline,True,,1622,45,200,4
1790489029.160086,1790489031.933859,44969.437379,44972.211152,2773.773,POST,/api/pipeline,True,,1620,46,200,4
1790489029.212192,1790489031.985804,44969.489485,44972.263097,2773.611,POST,/api/pipeline,True,,1621,47,200,4
1790489029.267945,1790489032.03998,44969.545238,44972.317273,2772.035,POST,/api/pipeline,True,,1621,48,200,4
1790489029.322741,1790489032.098797,44969.600034,44972.37609,2776.056,POST,/api/pipeline,True,,1621,49,200,4
1790489029.3941,1790489032.165245,44969.671393,44972.442538,2771.145,POST,/api/pipeline,True,,1620,0,200,4
1790489029.447624,1790489032.221791,44969.724917,44972.499083,2774.166,POST,/api/pipeline,True,,1622,1,200,4
1790489029.503112,1790489032.277019,44969.780405,44972.554312,2773.907,POST,/api/pipeline,True,,1622,2,200,4
1790489029.558423,1790489032.334473,44969.835716,44972.611765,2776.05,POST,/api/pipeline,True,,1621,3,200,4
1790489029.616743,1790489032.389307,44969.894036,44972.666599,2772.564,POST,/api/pipeline,True,,1622,4,200,4
1790489029.66823,1790489032.443035,44969.945522,44972.720328,2774.805,POST,/api/pipeline,True,,1620,5,200,4
1790489029.723594,1790489032.496528,44970.000887,44972.773821,2772.934,POST,/api/pipeline,True,,1621,6,200,4
1790489029.77792,1790489032.550934,44970.055213,44972.828227,2773.014,POST,/api/pipeline,True,,1621,7,200,4
1790489029.832818,1790489032.606272,44970.110111,44972.883566,2773.454,POST,/api/pipeline,True,,1622,8,200,4
1790489029.888477,1790489032.660834,44970.16577,44972.938127,2772.356,POST,/api/pipeline,True,,1622,9,200,4
1790489029.948105,1790489032.720767,44970.225398,44972.99806,2772.662,POST,/api/pipeline,True,,1621,10,200,4
1790489030.005361,1790489032.779176,44970.282654,44973.056469,2773.815,POST,/api/pipeline,True,,1622,11,200,4
1790489030.047505,1790489032.820658,44970.324798,44973.097951,2773.153,POST,/api/pipeline,True,,1621,12,200,4
1790489030.10244,1790489032.888446,44970.379733,44973.165739,2786.006,POST,/api/pipeline,True,,1620,13,200,4
1790489030.155463,1790489032.926968,44970.432756,44973.204261,2771.506,POST,/api/pipeline,True,,1621,14,200,4
1790489030.216656,1790489032.990545,44970.49395,44973.267838,2773.889,POST,/api/pipeline,True,,1621,15,200,4
1790489030.27491,1790489033.048588,44970.552203,44973.325881,2773.678,POST,/api/pipeline,True,,1619,16,200,4
1790489030.322031,1790489033.094998,44970.599323,44973.372291,2772.968,POST,/api/pipeline,True,,1620,17,200,4
1790489030.37684,1790489033.148658,44970.654133,44973.425951,2771.818,POST,/api/pipeline,True,,1622,18,200,4
1790489030.435811,1790489033.209169,44970.713103,44973.486462,2773.359,POST,/api/pipeline,True,,1621,19,200,4
1790489030.498105,1790489033.271172,44970.775398,44973.548465,2773.066,POST,/api/pipeline,True,,1622,20,200,4
1790489030.552346,1790489033.324862,44970.829639,44973.602154,2772.516,POST,/api/pipeline,True,,1622,21,200,4
1790489030.605587,1790489033.377641,44970.88288,44973.654934,2772.054,POST,/api/pipeline,True,,1622,22,200,4
1790489030.656303,1790489033.428691,44970.933596,44973.705984,2772.389,POST,/api/pipeline,True,,1622,23,200,4
1790489030.710227,1790489033.490153,44970.98752,44973.767446,2779.925,POST,/api/pipeline,True,,1622,24,200,4
1790489030.766893,1790489033.541005,44971.044186,44973.818298,2774.111,POST,/api/pipeline,True,,1621,25,200,4
1790489030.822913,1790489033.595676,44971.100206,44973.872969,2772.763,POST,/api/pipeline,True,,1622,26,200,4
1790489030.895559,1790489033.670228,44971.172852,44973.947521,2774.67,POST,/api/pipeline,True,,1622,27,200,4
1790489030.952829,1790489033.725188,44971.230122,44974.002481,2772.359,POST,/api/pipeline,True,,1622,28,200,4
1790489030.993695,1790489033.767099,44971.270988,44974.044392,2773.404,POST,/api/pipeline,True,,1621,29,200,4
1790489031.047269,1790489033.819466,44971.324562,44974.096759,2772.197,POST,/api/pipeline,True,,1621,30,200,4
1790489031.101314,1790489033.872445,44971.378607,44974.149738,2771.131,POST,/api/pipeline,True,,1621,31,200,4
1790489031.154387,1790489033.924556,44971.43168,44974.201849,2770.169,POST,/api/pipeline,True,,1622,32,200,4
1790489031.204788,1790489033.976891,44971.482081,44974.254184,2772.103,POST,/api/pipeline,True,,1621,33,200,4
1790489031.258986,1790489034.03154,44971.536279,44974.308833,2772.554,POST,/api/pipeline,True,,1622,34,200,4
1790489031.313673,1790489034.085824,44971.590966,44974.363117,2772.152,POST,/api/pipeline,True,,1622,35,200,4
1790489031.384317,1790489034.157149,44971.66161,44974.434442,2772.831,POST,/api/pipeline,True,,1622,36,200,4
1790489031.430949,1790489034.203526,44971.708242,44974.480819,2772.576,POST,/api/pipeline,True,,1621,37,200,4
1790489031.485983,1790489034.257965,44971.763276,44974.535258,2771.982,POST,/api/pipeline,True,,1622,38,200,4
1790489031.553632,1790489034.328565,44971.830925,44974.605858,2774.933,POST,/api/pipeline,True,,1622,39,200,4
1790489031.610893,1790489034.382438,44971.888186,44974.659731,2771.545,POST,/api/pipeline,True,,1622,40,200,4
1790489031.6646,1790489034.437143,44971.941893,44974.714435,2772.543,POST,/api/pipeline,True,,1622,41,200,4
1790489031.71011,1790489034.482146,44971.987403,44974.759439,2772.036,POST,/api/pipeline,True,,1622,42,200,4
1790489031.764128,1790489034.53495,44972.041421,44974.812243,2770.822,POST,/api/pipeline,True,,1622,43,200,4
1790489031.817477,1790489034.591354,44972.09477,44974.868647,2773.876,POST,/api/pipeline,True,,1621,44,200,4
1790489031.877519,1790489034.650349,44972.154812,44974.927642,2772.83,POST,/api/pipeline,True,,1622,45,200,4
1790489031.934075,1790489034.705492,44972.211368,44974.982784,2771.417,POST,/api/pipeline,True,,1622,46,200,4
1790489031.986032,1790489034.758081,44972.263325,44975.035374,2772.049,POST,/api/pipeline,True,,1621,47,200,4
1790489032.040237,1790489034.816772,44972.31753,44975.094065,2776.535,POST,/api/pipeline,True,,1621,48,200,4
1790489032.099143,1790489034.872269,44972.376435,44975.149562,2773.127,POST,/api/pipeline,True,,1621,49,200,4
1790489032.165451,1790489034.937734,44972.442744,44975.215027,2772.283,POST,/api/pipeline,True,,1618,0,200,4
1790489032.222098,1790489034.994811,44972.499391,44975.272103,2772.712,POST,/api/pipeline,True,,1622,1,200,4
1790489032.277259,1790489035.051975,44972.554551,44975.329268,2774.717,POST,/api/pipeline,True,,1622,2,200,4
1790489032.334968,1790489035.109774,44972.61226,44975.387066,2774.806,POST,/api/pipeline,True,,1622,3,200,4
1790489032.389568,1790489035.161825,44972.666861,44975.439118,2772.258,POST,/api/pipeline,True,,1621,4,200,4
1790489032.443278,1790489035.214204,44972.720571,44975.491497,2770.926,POST,/api/pipeline,True,,1622,5,200,4
1790489032.496789,1790489035.269402,44972.774082,44975.546695,2772.613,POST,/api/pipeline,True,,1622,6,200,4
1790489032.551166,1790489035.326103,44972.828459,44975.603396,2774.938,POST,/api/pipeline,True,,1621,7,200,4
1790489032.606516,1790489035.3785,44972.883809,44975.655793,2771.984,POST,/api/pipeline,True,,1618,8,200,4
1790489032.661075,1790489035.434426,44972.938368,44975.711719,2773.351,POST,/api/pipeline,True,,1622,9,200,4
1790489032.720995,1790489035.494047,44972.998289,44975.77134,2773.052,POST,/api/pipeline,True,,1622,10,200,4
1790489032.779436,1790489035.551883,44973.056729,44975.829176,2772.448,POST,/api/pipeline,True,,1622,11,200,4
1790489032.820882,1790489035.605801,44973.098175,44975.883094,2784.919,POST,/api/pipeline,True,,1622,12,200,4
1790489032.888694,1790489035.664665,44973.165987,44975.941958,2775.971,POST,/api/pipeline,True,,1622,13,200,4
1790489032.927202,1790489035.699299,44973.204495,44975.976591,2772.097,POST,/api/pipeline,True,,1621,14,200,4
1790489032.990782,1790489035.764954,44973.268074,44976.042247,2774.172,POST,/api/pipeline,True,,1622,15,200,4
1790489033.048864,1790489035.82508,44973.326156,44976.102373,2776.217,POST,/api/pipeline,True,,1621,16,200,4
1790489033.095297,1790489035.86725,44973.37259,44976.144543,2771.953,POST,/api/pipeline,True,,1622,17,200,4
1790489033.148896,1790489035.926128,44973.426188,44976.20342,2777.232,POST,/api/pipeline,True,,1622,18,200,4
1790489033.209409,1790489035.98043,44973.486702,44976.257723,2771.022,POST,/api/pipeline,True,,1622,19,200,4
1790489033.271417,1790489036.04294,44973.54871,44976.320233,2771.523,POST,/api/pipeline,True,,1622,20,200,4
1790489033.325086,1790489036.097828,44973.602379,44976.375121,2772.742,POST,/api/pipeline,True,,1622,21,200,4
1790489033.378036,1790489036.14954,44973.655329,44976.426833,2771.504,POST,/api/pipeline,True,,1622,22,200,4
1790489033.428931,1790489036.207639,44973.706224,44976.484931,2778.707,POST,/api/pipeline,True,,1620,23,200,4
1790489033.490363,1790489036.261027,44973.767656,44976.53832,2770.664,POST,/api/pipeline,True,,1622,24,200,4
1790489033.541243,1790489036.314284,44973.818536,44976.591577,2773.041,POST,/api/pipeline,True,,1622,25,200,4
1790489033.595906,1790489036.368243,44973.873199,44976.645536,2772.337,POST,/api/pipeline,True,,1620,26,200,4
1790489033.670464,1790489036.442888,44973.947757,44976.720181,2772.423,POST,/api/pipeline,True,,1620,27,200,4
1790489033.725413,1790489036.500677,44974.002706,44976.77797,2775.264,POST,/api/pipeline,True,,1621,28,200,4
1790489033.767372,1790489036.539573,44974.044666,44976.816867,2772.201,POST,/api/pipeline,True,,1622,29,200,4
1790489033.819692,1790489036.592213,44974.096986,44976.869507,2772.521,POST,/api/pipeline,True,,1622,30,200,4
1790489033.872697,1790489036.644855,44974.14999,44976.922148,2772.159,POST,/api/pipeline,True,,1621,31,200,4
1790489033.924771,1790489036.696197,44974.202064,44976.97349,2771.427,POST,/api/pipeline,True,,1621,32,200,4
1790489033.977111,1790489036.748934,44974.254404,44977.026227,2771.823,POST,/api/pipeline,True,,1622,33,200,4
1790489034.031812,1790489036.805425,44974.309105,44977.082718,2773.613,POST,/api/pipeline,True,,1621,34,200,4
1790489034.086059,1790489036.857621,44974.363352,44977.134914,2771.562,POST,/api/pipeline,True,,1622,35,200,4
1790489034.157402,1790489036.928965,44974.434695,44977.206258,2771.563,POST,/api/pipeline,True,,1622,36,200,4
1790489034.203739,1790489036.976123,44974.481032,44977.253416,2772.384,POST,/api/pipeline,True,,1622,37,200,4
1790489034.258184,1790489037.034565,44974.535477,44977.311858,2776.381,POST,/api/pipeline,True,,1622,38,200,4
1790489034.328841,1790489037.100126,44974.606134,44977.377418,2771.285,POST,/api/pipeline,True,,1622,39,200,4
1790489034.382669,1790489037.157356,44974.659962,44977.434649,2774.687,POST,/api/pipeline,True,,1620,40,200,4
1790489034.437375,1790489037.209309,44974.714668,44977.486601,2771.934,POST,/api/pipeline,True,,1620,41,200,4
1790489034.482379,1790489037.253824,44974.759672,44977.531117,2771.445,POST,/api/pipeline,True,,1622,42,200,4
1790489034.535234,1790489037.309902,44974.812528,44977.587195,2774.668,POST,/api/pipeline,True,,1622,43,200,4
1790489034.591598,1790489037.368793,44974.868891,44977.646087,2777.195,POST,/api/pipeline,True,,1621,44,200,4
1790489034.650563,1790489037.423696,44974.927856,44977.700989,2773.133,POST,/api/pipeline,True,,1622,45,200,4
1790489034.705707,1790489037.47612,44974.983,44977.753413,2770.413,POST,/api/pipeline,True,,1622,46,200,4
1790489034.758316,1790489037.534366,44975.035609,44977.811659,2776.049,POST,/api/pipeline,True,,1621,47,200,4
1790489034.817005,1790489037.592992,44975.094298,44977.870284,2775.986,POST,/api/pipeline,True,,1621,48,200,4
1790489034.872568,1790489037.64491,44975.149861,44977.922202,2772.341,POST,/api/pipeline,True,,1620,49,200,4
1790489034.937942,1790489037.708803,44975.215235,44977.986096,2770.861,POST,/api/pipeline,True,,1621,0,200,4
1790489034.995094,1790489037.767341,44975.272387,44978.044634,2772.247,POST,/api/pipeline,True,,1621,1,200,4
1790489035.052228,1790489037.825277,44975.329521,44978.10257,2773.048,POST,/api/pipeline,True,,1622,2,200,4
1790489035.110056,1790489037.89643,44975.387349,44978.173722,2786.373,POST,/api/pipeline,True,,1622,3,200,4
1790489035.16211,1790489037.936101,44975.439403,44978.213394,2773.991,POST,/api/pipeline,True,,1622,4,200,4
1790489035.21443,1790489037.987973,44975.491723,44978.265266,2773.543,POST,/api/pipeline,True,,1622,5,200,4
1790489035.269626,1790489038.042969,44975.546919,44978.320262,2773.343,POST,/api/pipeline,True,,1622,6,200,4
1790489035.326329,1790489038.098031,44975.603622,44978.375324,2771.702,POST,/api/pipeline,True,,1622,7,200,4
1790489035.378772,1790489038.15286,44975.656065,44978.430153,2774.088,POST,/api/pipeline,True,,1622,8,200,4
1790489035.434677,1790489038.207367,44975.71197,44978.48466,2772.69,POST,/api/pipeline,True,,1622,9,200,4
1790489035.494289,1790489038.26634,44975.771582,44978.543634,2772.051,POST,/api/pipeline,True,,1621,10,200,4
1790489035.552101,1790489038.324144,44975.829394,44978.601437,2772.043,POST,/api/pipeline,True,,1622,11,200,4
1790489035.606011,1790489038.383914,44975.883304,44978.661207,2777.903,POST,/api/pipeline,True,,1620,12,200,4
1790489035.664887,1790489038.437341,44975.94218,44978.714634,2772.454,POST,/api/pipeline,True,,1622,13,200,4
1790489035.699525,1790489038.471982,44975.976818,44978.749275,2772.457,POST,/api/pipeline,True,,1621,14,200,4
1790489035.765305,1790489038.537294,44976.042597,44978.814587,2771.99,POST,/api/pipeline,True,,1622,15,200,4
1790489035.825309,1790489038.596733,44976.102602,44978.874026,2771.424,POST,/api/pipeline,True,,1622,16,200,4
1790489035.867489,1790489038.641788,44976.144782,44978.919081,2774.299,POST,/api/pipeline,True,,1622,17,200,4
1790489035.926414,1790489038.699725,44976.203707,44978.977018,2773.311,POST,/api/pipeline,True,,1622,18,200,4
1790489035.980634,1790489038.755399,44976.257928,44979.032693,2774.765,POST,/api/pipeline,True,,1622,19,200,4
1790489036.043294,1790489038.814828,44976.320587,44979.092121,2771.533,POST,/api/pipeline,True,,1622,20,200,4
1790489036.098209,1790489038.872048,44976.375501,44979.149341,2773.84,POST,/api/pipeline,True,,1621,21,200,4
1790489036.149795,1790489038.925352,44976.427088,44979.202645,2775.557,POST,/api/pipeline,True,,1622,22,200,4
1790489036.207868,1790489038.98077,44976.485161,44979.258063,2772.901,POST,/api/pipeline,True,,1622,23,200,4
1790489036.261295,1790489039.032148,44976.538588,44979.309441,2770.854,POST,/api/pipeline,True,,1622,24,200,4
1790489036.314523,1790489039.085282,44976.591816,44979.362574,2770.758,POST,/api/pipeline,True,,1621,25,200,4
1790489036.368494,1790489039.141056,44976.645786,44979.418348,2772.562,POST,/api/pipeline,True,,1620,26,200,4
1790489036.44318,1790489039.217461,44976.720473,44979.494754,2774.281,POST,/api/pipeline,True,,1621,27,200,4
1790489036.500911,1790489039.276008,44976.778204,44979.553301,2775.097,POST,/api/pipeline,True,,1621,28,200,4
1790489036.539821,1790489039.313528,44976.817114,44979.590821,2773.708,POST,/api/pipeline,True,,1622,29,200,4
1790489036.592443,1790489039.365939,44976.869736,44979.643232,2773.496,POST,/api/pipeline,True,,1622,30,200,4
1790489036.645119,1790489039.418242,44976.922412,44979.695535,2773.123,POST,/api/pipeline,True,,1622,31,200,4
1790489036.696424,1790489039.468006,44976.973717,44979.745299,2771.582,POST,/api/pipeline,True,,1621,32,200,4
1790489036.749156,1790489039.521795,44977.026449,44979.799088,2772.64,POST,/api/pipeline,True,,1622,33,200,4
1790489036.805679,1790489039.58173,44977.082971,44979.859023,2776.051,POST,/api/pipeline,True,,1621,34,200,4
1790489036.857858,1790489039.631233,44977.135152,44979.908526,2773.374,POST,/api/pipeline,True,,1622,35,200,4
1790489036.929207,1790489039.699302,44977.2065,44979.976595,2770.095,POST,/api/pipeline,True,,1622,36,200,4
1790489036.976331,1790489039.750484,44977.253623,44980.027777,2774.154,POST,/api/pipeline,True,,1621,37,200,4
1790489037.034883,1790489039.805364,44977.312176,44980.082657,2770.481,POST,/api/pipeline,True,,1622,38,200,4
1790489037.10035,1790489039.873633,44977.377643,44980.150926,2773.283,POST,/api/pipeline,True,,1622,39,200,4
1790489037.157575,1790489039.9301,44977.434868,44980.207393,2772.525,POST,/api/pipeline,True,,1622,40,200,4
1790489037.209532,1790489039.982584,44977.486825,44980.259877,2773.052,POST,/api/pipeline,True,,1622,41,200,4
1790489037.254048,1790489040.024349,44977.531341,44980.301642,2770.301,POST,/api/pipeline,True,,1621,42,200,4
1790489037.310123,1790489040.085333,44977.587417,44980.362626,2775.209,POST,/api/pipeline,True,,1622,43,200,4
1790489037.369025,1790489040.143248,44977.646319,44980.420541,2774.223,POST,/api/pipeline,True,,1622,44,200,4
1790489037.423913,1790489040.195397,44977.701206,44980.47269,2771.483,POST,/api/pipeline,True,,1622,45,200,4
1790489037.476342,1790489040.251384,44977.753635,44980.528677,2775.042,POST,/api/pipeline,True,,1621,46,200,4
1790489037.534714,1790489040.308939,44977.812007,44980.586232,2774.225,POST,/api/pipeline,True,,1621,47,200,4
1790489037.593226,1790489040.368835,44977.870519,44980.646128,2775.61,POST,/api/pipeline,True,,1622,48,200,4
1790489037.645138,1790489040.416643,44977.922431,44980.693936,2771.505,POST,/api/pipeline,True,,1622,49,200,4
1790489037.709038,1790489040.481168,44977.986331,44980.758461,2772.13,POST,/api/pipeline,True,,1622,0,200,4
1790489037.767581,1790489040.540543,44978.044874,44980.817836,2772.963,POST,/api/pipeline,True,,1620,1,200,4
1790489037.825517,1790489040.614141,44978.10281,44980.891434,2788.623,POST,/api/pipeline,True,,1620,2,200,4
1790489037.896769,1790489040.672112,44978.174062,44980.949405,2775.344,POST,/api/pipeline,True,,1622,3,200,4
1790489037.936347,1790489040.707196,44978.213639,44980.984489,2770.85,POST,/api/pipeline,True,,1621,4,200,4
1790489037.988207,1790489040.763026,44978.265499,44981.040319,2774.82,POST,/api/pipeline,True,,1621,5,200,4
1790489038.043225,1790489040.815631,44978.320518,44981.092924,2772.406,POST,/api/pipeline,True,,1621,6,200,4
1790489038.098267,1790489040.874273,44978.37556,44981.151566,2776.006,POST,/api/pipeline,True,,1622,7,200,4
1790489038.153153,1790489040.925174,44978.430446,44981.202467,2772.021,POST,/api/pipeline,True,,1621,8,200,4
1790489038.207631,1790489040.980783,44978.484924,44981.258075,2773.151,POST,/api/pipeline,True,,1621,9,200,4
1790489038.266594,1790489041.038493,44978.543887,44981.315786,2771.899,POST,/api/pipeline,True,,1622,10,200,4
1790489038.324373,1790489041.099337,44978.601666,44981.37663,2774.964,POST,/api/pipeline,True,,1622,11,200,4
1790489038.384123,1790489041.156319,44978.661416,44981.433612,2772.196,POST,/api/pipeline,True,,1621,12,200,4
1790489038.437572,1790489041.208912,44978.714865,44981.486205,2771.34,POST,/api/pipeline,True,,1622,13,200,4
1790489038.472211,1790489041.244354,44978.749504,44981.521647,2772.142,POST,/api/pipeline,True,,1621,14,200,4
1790489038.537523,1790489041.309632,44978.814816,44981.586925,2772.109,POST,/api/pipeline,True,,1622,15,200,4
1790489038.596964,1790489041.368521,44978.874257,44981.645814,2771.557,POST,/api/pipeline,True,,1621,16,200,4
1790489038.642039,1790489041.416104,44978.919331,44981.693397,2774.066,POST,/api/pipeline,True,,1622,17,200,4
1790489038.699956,1790489041.471149,44978.977249,44981.748442,2771.193,POST,/api/pipeline,True,,1622,18,200,4
1790489038.755618,1790489041.528904,44979.032911,44981.806197,2773.287,POST,/api/pipeline,True,,1622,19,200,4
1790489038.815081,1790489041.587585,44979.092375,44981.864878,2772.503,POST,/api/pipeline,True,,1622,20,200,4
1790489038.872268,1790489041.64489,44979.149561,44981.922183,2772.622,POST,/api/pipeline,True,,1622,21,200,4
1790489038.925644,1790489041.700282,44979.202937,44981.977575,2774.638,POST,/api/pipeline,True,,1621,22,200,4
1790489038.981028,1790489041.754411,44979.25832,44982.031703,2773.383,POST,/api/pipeline,True,,1622,23,200,4
1790489039.032411,1790489041.806303,44979.309704,44982.083596,2773.892,POST,/api/pipeline,True,,1622,24,200,4
1790489039.085552,1790489041.859593,44979.362844,44982.136886,2774.041,POST,/api/pipeline,True,,1621,25,200,4
1790489039.141303,1790489041.912662,44979.418596,44982.189955,2771.359,POST,/api/pipeline,True,,1622,26,200,4
1790489039.217701,1790489041.99367,44979.494994,44982.270963,2775.969,POST,/api/pipeline,True,,1622,27,200,4
1790489039.276253,1790489042.049325,44979.553546,44982.326618,2773.072,POST,/api/pipeline,True,,1621,28,200,4
1790489039.313787,1790489042.087148,44979.59108,44982.364441,2773.361,POST,/api/pipeline,True,,1622,29,200,4
1790489039.36617,1790489042.139999,44979.643463,44982.417292,2773.829,POST,/api/pipeline,True,,1622,30,200,4
1790489039.418452,1790489042.190347,44979.695745,44982.46764,2771.895,POST,/api/pipeline,True,,1622,31,200,4
1790489039.468243,1790489042.24032,44979.745536,44982.517613,2772.077,POST,/api/pipeline,True,,1620,32,200,4
1790489039.522016,1790489042.299277,44979.799308,44982.57657,2777.262,POST,/api/pipeline,True,,1622,33,200,4
1790489039.582031,1790489042.355935,44979.859324,44982.633228,2773.904,POST,/api/pipeline,True,,1620,34,200,4
1790489039.631484,1790489042.403229,44979.908777,44982.680522,2771.746,POST,/api/pipeline,True,,1622,35,200,4
1790489039.699495,1790489042.470516,44979.976788,44982.747809,2771.021,POST,/api/pipeline,True,,1622,36,200,4
1790489039.750729,1790489042.524796,44980.028021,44982.802088,2774.067,POST,/api/pipeline,True,,1621,37,200,4
1790489039.805542,1790489042.574359,44980.082835,44982.851652,2768.817,POST,/api/pipeline,True,,1622,38,200,4
1790489039.87384,1790489042.645428,44980.151133,44982.922721,2771.587,POST,/api/pipeline,True,,1621,39,200,4
1790489039.930302,1790489042.701108,44980.207595,44982.978401,2770.806,POST,/api/pipeline,True,,1622,40,200,4
1790489039.982891,1790489042.754617,44980.260184,44983.03191,2771.726,POST,/api/pipeline,True,,1621,41,200,4
1790489040.024626,1790489042.795897,44980.301919,44983.07319,2771.271,POST,/api/pipeline,True,,1622,42,200,4
1790489040.085682,1790489042.857897,44980.362974,44983.135189,2772.215,POST,/api/pipeline,True,,1622,43,200,4
1790489040.143467,1790489042.912988,44980.42076,44983.190281,2769.521,POST,/api/pipeline,True,,1622,44,200,4
1790489040.195611,1790489042.968081,44980.472903,44983.245374,2772.471,POST,/api/pipeline,True,,1622,45,200,4
1790489040.251702,1790489043.022824,44980.528994,44983.300117,2771.123,POST,/api/pipeline,True,,1622,46,200,4
1790489040.309153,1790489043.083511,44980.586446,44983.360804,2774.358,POST,/api/pipeline,True,,1622,47,200,4
1790489040.369063,1790489043.139012,44980.646356,44983.416305,2769.949,POST,/api/pipeline,True,,1622,48,200,4
1790489040.416852,1790489043.1872,44980.694146,44983.464493,2770.348,POST,/api/pipeline,True,,1622,49,200,4
1790489040.481377,1790489043.251563,44980.758669,44983.528856,2770.186,POST,/api/pipeline,True,,1622,0,200,4
1790489040.540749,1790489043.311859,44980.818042,44983.589152,2771.11,POST,/api/pipeline,True,,1622,1,200,4
1790489040.614411,1790489043.388146,44980.891704,44983.665439,2773.735,POST,/api/pipeline,True,,1619,2,200,4
1790489040.67233,1790489043.443683,44980.949623,44983.720976,2771.352,POST,/api/pipeline,True,,1622,3,200,4
1790489040.707425,1790489043.48094,44980.984718,44983.758233,2773.515,POST,/api/pipeline,True,,1622,4,200,4
1790489040.763267,1790489043.533287,44981.04056,44983.81058,2770.02,POST,/api/pipeline,True,,1621,5,200,4
1790489040.81586,1790489043.594651,44981.093153,44983.871944,2778.791,POST,/api/pipeline,True,,1621,6,200,4
1790489040.87462,1790489043.646871,44981.151913,44983.924164,2772.251,POST,/api/pipeline,True,,1621,7,200,4
1790489040.925434,1790489043.698542,44981.202727,44983.975835,2773.108,POST,/api/pipeline,True,,1622,8,200,4
1790489040.98103,1790489043.756497,44981.258323,44984.03379,2775.467,POST,/api/pipeline,True,,1621,9,200,4
1790489041.038755,1790489043.810423,44981.316048,44984.087716,2771.669,POST,/api/pipeline,True,,1622,10,200,4
1790489041.09959,1790489043.87229,44981.376882,44984.149583,2772.7,POST,/api/pipeline,True,,1622,11,200,4
1790489041.156535,1790489043.929691,44981.433828,44984.206984,2773.157,POST,/api/pipeline,True,,1622,12,200,4
1790489041.209133,1790489043.982051,44981.486426,44984.259344,2772.918,POST,/api/pipeline,True,,1620,13,200,4
1790489041.244576,1790489044.016634,44981.521869,44984.293927,2772.058,POST,/api/pipeline,True,,1622,14,200,4
1790489041.309858,1790489044.081306,44981.587151,44984.358599,2771.448,POST,/api/pipeline,True,,1621,15,200,4
1790489041.368753,1790489044.139884,44981.646046,44984.417177,2771.131,POST,/api/pipeline,True,,1621,16,200,4
1790489041.416385,1790489044.189169,44981.693678,44984.466462,2772.784,POST,/api/pipeline,True,,1622,17,200,4
1790489041.471368,1790489044.245326,44981.748661,44984.522619,2773.958,POST,/api/pipeline,True,,1622,18,200,4
1790489041.529138,1790489044.301889,44981.806431,44984.579182,2772.751,POST,/api/pipeline,True,,1622,19,200,4
1790489041.587793,1790489044.359579,44981.865086,44984.636872,2771.786,POST,/api/pipeline,True,,1622,20,200,4
1790489041.645117,1790489044.418237,44981.922409,44984.69553,2773.121,POST,/api/pipeline,True,,1622,21,200,4
1790489041.700522,1790489044.473066,44981.977815,44984.750359,2772.544,POST,/api/pipeline,True,,1622,22,200,4
1790489041.754673,1790489044.527047,44982.031967,44984.80434,2772.374,POST,/api/pipeline,True,,1620,23,200,4
1790489041.806524,1790489044.579022,44982.083817,44984.856315,2772.498,POST,/api/pipeline,True,,1622,24,200,4
1790489041.859822,1790489044.631776,44982.137115,44984.909069,2771.954,POST,/api/pipeline,True,,1621,25,200,4
1790489041.912869,1790489044.685001,44982.190162,44984.962294,2772.133,POST,/api/pipeline,True,,1621,26,200,4
1790489041.993915,1790489044.765985,44982.271208,44985.043278,2772.07,POST,/api/pipeline,True,,1622,27,200,4
1790489042.04958,1790489044.823025,44982.326873,44985.100318,2773.446,POST,/api/pipeline,True,,1622,28,200,4
1790489042.087581,1790489044.859183,44982.364874,44985.136476,2771.602,POST,/api/pipeline,True,,1622,29,200,4
1790489042.140229,1790489044.914504,44982.417522,44985.191797,2774.275,POST,/api/pipeline,True,,1622,30,200,4
1790489042.190565,1790489044.961635,44982.467858,44985.238928,2771.07,POST,/api/pipeline,True,,1621,31,200,4
1790489042.240554,1790489045.013009,44982.517847,44985.290302,2772.455,POST,/api/pipeline,True,,1622,32,200,4
1790489042.29953,1790489045.071784,44982.576823,44985.349077,2772.254,POST,/api/pipeline,True,,1622,33,200,4
1790489042.356136,1790489045.126335,44982.633429,44985.403628,2770.199,POST,/api/pipeline,True,,1621,34,200,4
1790489042.403479,1790489045.175231,44982.680772,44985.452523,2771.752,POST,/api/pipeline,True,,1622,35,200,4
1790489042.470749,1790489045.24459,44982.748042,44985.521883,2773.841,POST,/api/pipeline,True,,1621,36,200,4
1790489042.52509,1790489045.295746,44982.802383,44985.573039,2770.656,POST,/api/pipeline,True,,1622,37,200,4
1790489042.574546,1790489045.344945,44982.851839,44985.622238,2770.399,POST,/api/pipeline,True,,1622,38,200,4
1790489042.64566,1790489045.416913,44982.922953,44985.694206,2771.253,POST,/api/pipeline,True,,1620,39,200,4
1790489042.701303,1790489045.473984,44982.978596,44985.751277,2772.681,POST,/api/pipeline,True,,1622,40,200,4
1790489042.75488,1790489045.526574,44983.032173,44985.803867,2771.694,POST,/api/pipeline,True,,1621,41,200,4
1790489042.796093,1790489045.56705,44983.073386,44985.844342,2770.956,POST,/api/pipeline,True,,1622,42,200,4
1790489042.858084,1790489045.627634,44983.135377,44985.904927,2769.55,POST,/api/pipeline,True,,1621,43,200,4
1790489042.913164,1790489045.684198,44983.190458,44985.961491,2771.034,POST,/api/pipeline,True,,1621,44,200,4
1790489042.968274,1790489045.739653,44983.245567,44986.016946,2771.379,POST,/api/pipeline,True,,1620,45,200,4
1790489043.023044,1790489045.793345,44983.300337,44986.070638,2770.301,POST,/api/pipeline,True,,1620,46,200,4
1790489043.083707,1790489045.853128,44983.361,44986.130421,2769.422,POST,/api/pipeline,True,,1622,47,200,4
1790489043.139203,1790489045.911124,44983.416496,44986.188417,2771.921,POST,/api/pipeline,True,,1622,48,200,4
1790489043.187387,1790489045.958071,44983.46468,44986.235364,2770.684,POST,/api/pipeline,True,,1621,49,200,4
1790489043.251757,1790489046.021671,44983.52905,44986.298964,2769.914,POST,/api/pipeline,True,,1621,0,200,4
1790489043.312057,1790489046.081196,44983.589349,44986.358489,2769.14,POST,/api/pipeline,True,,1622,1,200,4
1790489043.388348,1790489046.160112,44983.66564,44986.437405,2771.764,POST,/api/pipeline,True,,1621,2,200,4
1790489043.443888,1790489046.217288,44983.721181,44986.494582,2773.401,POST,/api/pipeline,True,,1622,3,200,4
1790489043.481168,1790489046.25298,44983.758461,44986.530273,2771.813,POST,/api/pipeline,True,,1621,4,200,4
1790489043.533499,1790489046.307177,44983.810792,44986.58447,2773.678,POST,/api/pipeline,True,,1622,5,200,4
1790489043.594997,1790489046.365689,44983.87229,44986.642982,2770.692,POST,/api/pipeline,True,,1621,6,200,4
1790489043.647172,1790489046.424402,44983.924465,44986.701695,2777.23,POST,/api/pipeline,True,,1621,7,200,4
1790489043.698774,1790489046.472562,44983.976068,44986.749855,2773.787,POST,/api/pipeline,True,,1622,8,200,4
1790489043.756731,1790489046.531052,44984.034023,44986.808345,2774.322,POST,/api/pipeline,True,,1621,9,200,4
1790489043.8109,1790489046.583513,44984.088193,44986.860806,2772.613,POST,/api/pipeline,True,,1622,10,200,4
1790489043.872531,1790489046.645321,44984.149824,44986.922615,2772.791,POST,/api/pipeline,True,,1619,11,200,4
1790489043.929941,1790489046.702471,44984.207234,44986.979764,2772.53,POST,/api/pipeline,True,,1621,12,200,4
1790489043.982325,1790489046.755347,44984.259618,44987.03264,2773.022,POST,/api/pipeline,True,,1621,13,200,4
1790489044.016894,1790489046.789515,44984.294187,44987.066808,2772.621,POST,/api/pipeline,True,,1622,14,200,4
1790489044.081539,1790489046.853702,44984.358832,44987.130995,2772.163,POST,/api/pipeline,True,,1622,15,200,4
1790489044.140115,1790489046.911009,44984.417408,44987.188302,2770.894,POST,/api/pipeline,True,,1622,16,200,4
1790489044.189415,1790489046.961885,44984.466708,44987.239178,2772.47,POST,/api/pipeline,True,,1622,17,200,4
1790489044.245547,1790489047.018397,44984.52284,44987.29569,2772.851,POST,/api/pipeline,True,,1621,18,200,4
1790489044.302105,1790489047.075962,44984.579398,44987.353255,2773.857,POST,/api/pipeline,True,,1621,19,200,4
1790489044.359823,1790489047.134271,44984.637116,44987.411564,2774.448,POST,/api/pipeline,True,,1622,20,200,4
1790489044.418477,1790489047.19317,44984.69577,44987.470463,2774.693,POST,/api/pipeline,True,,1622,21,200,4
1790489044.473373,1790489047.24542,44984.750666,44987.522713,2772.047,POST,/api/pipeline,True,,1621,22,200,4
1790489044.527408,1790489047.298392,44984.804701,44987.575685,2770.985,POST,/api/pipeline,True,,1622,23,200,4
1790489044.579241,1790489047.351426,44984.856534,44987.628719,2772.185,POST,/api/pipeline,True,,1622,24,200,4
1790489044.632011,1790489047.404564,44984.909304,44987.681857,2772.552,POST,/api/pipeline,True,,1621,25,200,4
1790489044.685186,1790489047.457824,44984.962478,44987.735117,2772.638,POST,/api/pipeline,True,,1622,26,200,4
1790489044.76618,1790489047.562442,44985.043473,44987.839735,2796.262,POST,/api/pipeline,True,,1621,27,200,4
