start_ts,end_ts,start_mono,end_mono,response_time_ms,request_type,name,success,exception,response_length,user,http_status,stages_logged
1790489089.877989,1790489092.652527,45030.155282,45032.92982,2774.539,POST,/api/pipeline,True,,1621,0,200,4
1790489089.934319,1790489092.708395,45030.211612,45032.985688,2774.076,POST,/api/pipeline,True,,1621,1,200,4
1790489089.989796,1790489092.76283,45030.267089,45033.040123,2773.034,POST,/api/pipeline,True,,1621,2,200,4
1790489090.044549,1790489092.817799,45030.321842,45033.095092,2773.25,POST,/api/pipeline,True,,1622,3,200,4
1790489090.099477,1790489092.87576,45030.37677,45033.153053,2776.283,POST,/api/pipeline,True,,1621,4,200,4
1790489090.155147,1790489092.931419,45030.43244,45033.208712,2776.272,POST,/api/pipeline,True,,1621,5,200,4
1790489090.210606,1790489092.985216,45030.487899,45033.262509,2774.61,POST,/api/pipeline,True,,1621,6,200,4
1790489090.265874,1790489093.042316,45030.543167,45033.319609,2776.443,POST,/api/pipeline,True,,1622,7,200,4
1790489090.321127,1790489093.094941,45030.59842,45033.372233,2773.813,POST,/api/pipeline,True,,1622,8,200,4
1790489090.376273,1790489093.151241,45030.653566,45033.428534,2774.968,POST,/api/pipeline,True,,1621,9,200,4
1790489090.431225,1790489093.205363,45030.708518,45033.482656,2774.138,POST,/api/pipeline,True,,1621,10,200,4
1790489090.486571,1790489093.259045,45030.763864,45033.536338,2772.474,POST,/api/pipeline,True,,1622,11,200,4
1790489090.540971,1790489093.311858,45030.818264,45033.589151,2770.887,POST,/api/pipeline,True,,1620,12,200,4
1790489090.596536,1790489093.369594,45030.873829,45033.646886,2773.058,POST,/api/pipeline,True,,1620,13,200,4
1790489090.651428,1790489093.422677,45030.92872,45033.69997,2771.249,POST,/api/pipeline,True,,1621,14,200,4
1790489090.707128,1790489093.481068,45030.984421,45033.758361,2773.94,POST,/api/pipeline,True,,1622,15,200,4
1790489090.761891,1790489093.534277,45031.039184,45033.81157,2772.386,POST,/api/pipeline,True,,1621,16,200,4
1790489090.817812,1790489093.592368,45031.095105,45033.869661,2774.556,POST,/api/pipeline,True,,1622,17,200,4
1790489090.873831,1790489093.650337,45031.151124,45033.927629,2776.506,POST,/api/pipeline,True,,1621,18,200,4
1790489090.928526,1790489093.703183,45031.205819,45033.980476,2774.657,POST,/api/pipeline,True,,1622,19,200,4
1790489090.983126,1790489093.757838,45031.260419,45034.035131,2774.712,POST,/api/pipeline,True,,1621,20,200,4
1790489091.038548,1790489093.812873,45031.315841,45034.090166,2774.325,POST,/api/pipeline,True,,1620,21,200,4
1790489091.094077,1790489093.87097,45031.37137,45034.148263,2776.893,POST,/api/pipeline,True,,1622,22,200,4
1790489091.148735,1790489093.926383,45031.426028,45034.203676,2777.648,POST,/api/pipeline,True,,1621,23,200,4
1790489091.204803,1790489093.980007,45031.482096,45034.2573,2775.205,POST,/api/pipeline,True,,1620,24,200,4
1790489091.259378,1790489094.035016,45031.536671,45034.312308,2775.638,POST,/api/pipeline,True,,1622,25,200,4
1790489091.314934,1790489094.089586,45031.592227,45034.366879,2774.653,POST,/api/pipeline,True,,1620,26,200,4
1790489091.369906,1790489094.144548,45031.647199,45034.421841,2774.642,POST,/api/pipeline,True,,1621,27,200,4
1790489091.425255,1790489094.219712,45031.702548,45034.497005,2794.457,POST,/api/pipeline,True,,1622,28,200,4
1790489091.480396,1790489094.254941,45031.757689,45034.532234,2774.545,POST,/api/pipeline,True,,1621,29,200,4
1790489091.536092,1790489094.312592,45031.813385,45034.589885,2776.5,POST,/api/pipeline,True,,1622,30,200,4
1790489091.590478,1790489094.366438,45031.867771,45034.643731,2775.96,POST,/api/pipeline,True,,1622,31,200,4
1790489091.645819,1790489094.420685,45031.923112,45034.697978,2774.866,POST,/api/pipeline,True,,1622,32,200,4
1790489091.701542,1790489094.479404,45031.978835,45034.756697,2777.862,POST,/api/pipeline,True,,1621,33,200,4
1790489091.756302,1790489094.533484,45032.033595,45034.810777,2777.182,POST,/api/pipeline,True,,1622,34,200,4
1790489091.811668,1790489094.588123,45032.088961,45034.865416,2776.455,POST,/api/pipeline,True,,1622,35,200,4
1790489091.887199,1790489094.67735,45032.164492,45034.954642,2790.15,POST,/api/pipeline,True,,1622,36,200,4
1790489091.922204,1790489094.698286,45032.199497,45034.975579,2776.082,POST,/api/pipeline,True,,1622,37,200,4
1790489091.977743,1790489094.752235,45032.255036,45035.029528,2774.492,POST,/api/pipeline,True,,1622,38,200,4
1790489092.03315,1790489094.809782,45032.310443,45035.087074,2776.632,POST,/api/pipeline,True,,1622,39,200,4
1790489092.087845,1790489094.865082,45032.365138,45035.142375,2777.237,POST,/api/pipeline,True,,1622,40,200,4
1790489092.14326,1790489094.921905,45032.420553,45035.199198,2778.645,POST,/api/pipeline,True,,1621,41,200,4
1790489092.19837,1790489094.975338,45032.475662,45035.252631,2776.968,POST,/api/pipeline,True,,1620,42,200,4
1790489092.253641,1790489095.031573,45032.530934,45035.308866,2777.932,POST,/api/pipeline,True,,1621,43,200,4
1790489092.308576,1790489095.081997,45032.585868,45035.35929,2773.422,POST,/api/pipeline,True,,1622,44,200,4
1790489092.364464,1790489095.140134,45032.641757,45035.417427,2775.671,POST,/api/pipeline,True,,1621,45,200,4
1790489092.419795,1790489095.192397,45032.697088,45035.46969,2772.602,POST,/api/pipeline,True,,1620,46,200,4
1790489092.474082,1790489095.247514,45032.751375,45035.524806,2773.432,POST,/api/pipeline,True,,1622,47,200,4
1790489092.530196,1790489095.305502,45032.80749,45035.582796,2775.306,POST,/api/pipeline,True,,1621,48,200,4
1790489092.585563,1790489095.363215,45032.862856,45035.640508,2777.652,POST,/api/pipeline,True,,1621,49,200,4
1790489092.652821,1790489095.426991,45032.930114,45035.704284,2774.17,POST,/api/pipeline,True,,1621,0,200,4
1790489092.708659,1790489095.480882,45032.985952,45035.758175,2772.224,POST,/api/pipeline,True,,1621,1,200,4
1790489092.763082,1790489095.537137,45033.040375,45035.81443,2774.055,POST,/api/pipeline,True,,1621,2,200,4
1790489092.818033,1790489095.594374,45033.095325,45035.871667,2776.341,POST,/api/pipeline,True,,1619,3,200,4
1790489092.875995,1790489095.652028,45033.153289,45035.929321,2776.032,POST,/api/pipeline,True,,1622,4,200,4
1790489092.931669,1790489095.70352,45033.208962,45035.980813,2771.851,POST,/api/pipeline,True,,1622,5,200,4
1790489092.985455,1790489095.759743,45033.262748,45036.037036,2774.289,POST,/api/pipeline,True,,1621,6,200,4
1790489093.042582,1790489095.813783,45033.319875,45036.091076,2771.201,POST,/api/pipeline,True,,1621,7,200,4
1790489093.095196,1790489095.871361,45033.372489,45036.148655,2776.166,POST,/api/pipeline,True,,1622,8,200,4
1790489093.151481,1790489095.923583,45033.428774,45036.200876,2772.102,POST,/api/pipeline,True,,1621,9,200,4
1790489093.205609,1790489095.978184,45033.482902,45036.255477,2772.575,POST,/api/pipeline,True,,1620,10,200,4
1790489093.259278,1790489096.030601,45033.53657,45036.307893,2771.323,POST,/api/pipeline,True,,1622,11,200,4
1790489093.312087,1790489096.086593,45033.58938,45036.363886,2774.506,POST,/api/pipeline,True,,1621,12,200,4
1790489093.369835,1790489096.141071,45033.647128,45036.418364,2771.236,POST,/api/pipeline,True,,1620,13,200,4
1790489093.423028,1790489096.198354,45033.70032,45036.475646,2775.326,POST,/api/pipeline,True,,1622,14,200,4
1790489093.481303,1790489096.252509,45033.758596,45036.529802,2771.206,POST,/api/pipeline,True,,1621,15,200,4
1790489093.534514,1790489096.307736,45033.811807,45036.585029,2773.223,POST,/api/pipeline,True,,1620,16,200,4
1790489093.592581,1790489096.367074,45033.869874,45036.644367,2774.493,POST,/api/pipeline,True,,1621,17,200,4
1790489093.650694,1790489096.424475,45033.927986,45036.701767,2773.781,POST,/api/pipeline,True,,1622,18,200,4
1790489093.703385,1790489096.476026,45033.980677,45036.753319,2772.641,POST,/api/pipeline,True,,1622,19,200,4
1790489093.758101,1790489096.53111,45034.035394,45036.808403,2773.009,POST,/api/pipeline,True,,1622,20,200,4
1790489093.813122,1790489096.588701,45034.090415,45036.865993,2775.578,POST,/api/pipeline,True,,1620,21,200,4
1790489093.871245,1790489096.645992,45034.148538,45036.923285,2774.746,POST,/api/pipeline,True,,1622,22,200,4
1790489093.926625,1790489096.698229,45034.203918,45036.975522,2771.604,POST,/api/pipeline,True,,1621,23,200,4
1790489093.980246,1790489096.755073,45034.257539,45037.032366,2774.827,POST,/api/pipeline,True,,1622,24,200,4
1790489094.03527,1790489096.809498,45034.312563,45037.086791,2774.228,POST,/api/pipeline,True,,1622,25,200,4
1790489094.089816,1790489096.862359,45034.367109,45037.139652,2772.543,POST,/api/pipeline,True,,1621,26,200,4
1790489094.144819,1790489096.916005,45034.422111,45037.193298,2771.186,POST,/api/pipeline,True,,1622,27,200,4
1790489094.219939,1790489096.993341,45034.497232,45037.270634,2773.403,POST,/api/pipeline,True,,1622,28,200,4
1790489094.255165,1790489097.02913,45034.532458,45037.306423,2773.965,POST,/api/pipeline,True,,1622,29,200,4
1790489094.312821,1790489097.084329,45034.590114,45037.361622,2771.508,POST,/api/pipeline,True,,1621,30,200,4
1790489094.366625,1790489097.141416,45034.643918,45037.418709,2774.791,POST,/api/pipeline,True,,1621,31,200,4
1790489094.420937,1790489097.195796,45034.69823,45037.473089,2774.859,POST,/api/pipeline,True,,1621,32,200,4
1790489094.479636,1790489097.251886,45034.756929,45037.529179,2772.25,POST,/api/pipeline,True,,1622,33,200,4
1790489094.53371,1790489097.306185,45034.811002,45037.583478,2772.475,POST,/api/pipeline,True,,1622,34,200,4
1790489094.588355,1790489097.361248,45034.865647,45037.638541,2772.893,POST,/api/pipeline,True,,1622,35,200,4
1790489094.677626,1790489097.449339,45034.954919,45037.726632,2771.713,POST,/api/pipeline,True,,1622,36,200,4
1790489094.698512,1790489097.470539,45034.975805,45037.747832,2772.027,POST,/api/pipeline,True,,1621,37,200,4
1790489094.752438,1790489097.525327,45035.029731,45037.80262,2772.888,POST,/api/pipeline,True,,1621,38,200,4
1790489094.810003,1790489097.58375,45035.087296,45037.861043,2773.747,POST,/api/pipeline,True,,1622,39,200,4
1790489094.865329,1790489097.640414,45035.142621,45037.917707,2775.086,POST,/api/pipeline,True,,1622,40,200,4
1790489094.922123,1790489097.693138,45035.199416,45037.970431,2771.015,POST,/api/pipeline,True,,1622,41,200,4
1790489094.975626,1790489097.74657,45035.252919,45038.023863,2770.944,POST,/api/pipeline,True,,1622,42,200,4
1790489095.032506,1790489097.809361,45035.309798,45038.086654,2776.856,POST,/api/pipeline,True,,1621,43,200,4
1790489095.082253,1790489097.855171,45035.359546,45038.132464,2772.918,POST,/api/pipeline,True,,1620,44,200,4
1790489095.140368,1790489097.912481,45035.417661,45038.189774,2772.113,POST,/api/pipeline,True,,1622,45,200,4
1790489095.192622,1790489097.965543,45035.469915,45038.242836,2772.921,POST,/api/pipeline,True,,1622,46,200,4
1790489095.247777,1790489098.02314,45035.52507,45038.300433,2775.363,POST,/api/pipeline,True,,1622,47,200,4
1790489095.305724,1790489098.079236,45035.583018,45038.356529,2773.511,POST,/api/pipeline,True,,1621,48,200,4
1790489095.363506,1790489098.134249,45035.640798,45038.411542,2770.743,POST,/api/pipeline,True,,1622,49,200,4
1790489095.427231,1790489098.199471,45035.704524,45038.476764,2772.241,POST,/api/pipeline,True,,1622,0,200,4
1790489095.48111,1790489098.25445,45035.758403,45038.531743,2773.34,POST,/api/pipeline,True,,1622,1,200,4
1790489095.537344,1790489098.312196,45035.814637,45038.589489,2774.852,POST,/api/pipeline,True,,1621,2,200,4
1790489095.594601,1790489098.369631,45035.871894,45038.646924,2775.03,POST,/api/pipeline,True,,1620,3,200,4
1790489095.652256,1790489098.424714,45035.92955,45038.702007,2772.457,POST,/api/pipeline,True,,1621,4,200,4
1790489095.703777,1790489098.477681,45035.98107,45038.754974,2773.904,POST,/api/pipeline,True,,1621,5,200,4
1790489095.759973,1790489098.531324,45036.037266,45038.808617,2771.351,POST,/api/pipeline,True,,1622,6,200,4
1790489095.813987,1790489098.591668,45036.09128,45038.868962,2777.682,POST,/api/pipeline,True,,1622,7,200,4
1790489095.8716,1790489098.644008,45036.148893,45038.921301,2772.408,POST,/api/pipeline,True,,1622,8,200,4
1790489095.923813,1790489098.69624,45036.201105,45038.973533,2772.428,POST,/api/pipeline,True,,1621,9,200,4
1790489095.978432,1790489098.750014,45036.255725,45039.027307,2771.582,POST,/api/pipeline,True,,1622,10,200,4
1790489096.030941,1790489098.804801,45036.308234,45039.082094,2773.86,POST,/api/pipeline,True,,1621,11,200,4
1790489096.086933,1790489098.858507,45036.364226,45039.1358,2771.574,POST,/api/pipeline,True,,1621,12,200,4
1790489096.141407,1790489098.914799,45036.4187,45039.192092,2773.391,POST,/api/pipeline,True,,1621,13,200,4
1790489096.198614,1790489098.969914,45036.475907,45039.247207,2771.3,POST,/api/pipeline,True,,1622,14,200,4
1790489096.252736,1790489099.027332,45036.530029,45039.304624,2774.596,POST,/api/pipeline,True,,1622,15,200,4
1790489096.30797,1790489099.084532,45036.585263,45039.361825,2776.562,POST,/api/pipeline,True,,1622,16,200,4
1790489096.367297,1790489099.141927,45036.64459,45039.41922,2774.63,POST,/api/pipeline,True,,1622,17,200,4
1790489096.424783,1790489099.196417,45036.702076,45039.47371,2771.634,POST,/api/pipeline,True,,1621,18,200,4
1790489096.476244,1790489099.248352,45036.753537,45039.525644,2772.107,POST,/api/pipeline,True,,1620,19,200,4
1790489096.531325,1790489099.306498,45036.808618,45039.583791,2775.173,POST,/api/pipeline,True,,1621,20,200,4
1790489096.588916,1790489099.363679,45036.866209,45039.640972,2774.762,POST,/api/pipeline,True,,1621,21,200,4
1790489096.646298,1790489099.418202,45036.923591,45039.695495,2771.904,POST,/api/pipeline,True,,1620,22,200,4
1790489096.69846,1790489099.475387,45036.975753,45039.75268,2776.927,POST,/api/pipeline,True,,1621,23,200,4
1790489096.755346,1790489099.5297,45037.032639,45039.806992,2774.354,POST,/api/pipeline,True,,1622,24,200,4
1790489096.809749,1790489099.582218,45037.087042,45039.859511,2772.469,POST,/api/pipeline,True,,1622,25,200,4
1790489096.862581,1790489099.635196,45037.139873,45039.912489,2772.615,POST,/api/pipeline,True,,1620,26,200,4
1790489096.916238,1790489099.689245,45037.193531,45039.966538,2773.007,POST,/api/pipeline,True,,1622,27,200,4
1790489096.993575,1790489099.76636,45037.270868,45040.043653,2772.785,POST,/api/pipeline,True,,1622,28,200,4
1790489097.029459,1790489099.803111,45037.306751,45040.080404,2773.652,POST,/api/pipeline,True,,1620,29,200,4
1790489097.084555,1790489099.860332,45037.361848,45040.137625,2775.777,POST,/api/pipeline,True,,1620,30,200,4
1790489097.141646,1790489099.914477,45037.418939,45040.19177,2772.831,POST,/api/pipeline,True,,1621,31,200,4
1790489097.196093,1790489099.971117,45037.473386,45040.24841,2775.024,POST,/api/pipeline,True,,1620,32,200,4
1790489097.252128,1790489100.025369,45037.529421,45040.302662,2773.241,POST,/api/pipeline,True,,1622,33,200,4
1790489097.306429,1790489100.081149,45037.583722,45040.358441,2774.719,POST,/api/pipeline,True,,1622,34,200,4
1790489097.361485,1790489100.133795,45037.638777,45040.411088,2772.311,POST,/api/pipeline,True,,1622,35,200,4
1790489097.449572,1790489100.222344,45037.726865,45040.499637,2772.772,POST,/api/pipeline,True,,1622,36,200,4
1790489097.470756,1790489100.244148,45037.748049,45040.521441,2773.392,POST,/api/pipeline,True,,1622,37,200,4
1790489097.525554,1790489100.298082,45037.802847,45040.575375,2772.528,POST,/api/pipeline,True,,1621,38,200,4
1790489097.58397,1790489100.357248,45037.861263,45040.634541,2773.278,POST,/api/pipeline,True,,1622,39,200,4
1790489097.640715,1790489100.412493,45037.918008,45040.689786,2771.778,POST,/api/pipeline,True,,1622,40,200,4
1790489097.693365,1790489100.466189,45037.970658,45040.743482,2772.824,POST,/api/pipeline,True,,1621,41,200,4
1790489097.746894,1790489100.520279,45038.024187,45040.797572,2773.385,POST,/api/pipeline,True,,1622,42,200,4
1790489097.809624,1790489100.581563,45038.086917,45040.858856,2771.939,POST,/api/pipeline,True,,1621,43,200,4
1790489097.855381,1790489100.628513,45038.132675,45040.905806,2773.132,POST,/api/pipeline,True,,1622,44,200,4
1790489097.912784,1790489100.685343,45038.190077,45040.962636,2772.559,POST,/api/pipeline,True,,1621,45,200,4
1790489097.965777,1790489100.740551,45038.24307,45041.017844,2774.774,POST,/api/pipeline,True,,1619,46,200,4
1790489098.023414,1790489100.800167,45038.300707,45041.07746,2776.753,POST,/api/pipeline,True,,1618,47,200,4
1790489098.079474,1790489100.853233,45038.356768,45041.130526,2773.759,POST,/api/pipeline,True,,1619,48,200,4
1790489098.134486,1790489100.905659,45038.411779,45041.182952,2771.173,POST,/api/pipeline,True,,1621,49,200,4
1790489098.199703,1790489100.971551,45038.476996,45041.248844,2771.848,POST,/api/pipeline,True,,1622,0,200,4
1790489098.254679,1790489101.029589,45038.531972,45041.306882,2774.91,POST,/api/pipeline,True,,1622,1,200,4
1790489098.312413,1790489101.087095,45038.589706,45041.364388,2774.683,POST,/api/pipeline,True,,1622,2,200,4
1790489098.36986,1790489101.145,45038.647152,45041.422293,2775.141,POST,/api/pipeline,True,,1621,3,200,4
1790489098.424935,1790489101.195404,45038.702228,45041.472697,2770.469,POST,/api/pipeline,True,,1621,4,200,4
1790489098.477911,1790489101.249576,45038.755204,45041.526869,2771.665,POST,/api/pipeline,True,,1621,5,200,4
1790489098.531529,1790489101.307798,45038.808822,45041.585091,2776.269,POST,/api/pipeline,True,,1622,6,200,4
1790489098.591876,1790489101.365233,45038.869169,45041.642526,2773.357,POST,/api/pipeline,True,,1621,7,200,4
1790489098.644244,1790489101.417695,45038.921537,45041.694988,2773.451,POST,/api/pipeline,True,,1622,8,200,4
1790489098.696474,1790489101.469584,45038.973767,45041.746876,2773.109,POST,/api/pipeline,True,,1621,9,200,4
1790489098.75027,1790489101.524542,45039.027563,45041.801835,2774.272,POST,/api/pipeline,True,,1621,10,200,4
1790489098.805079,1790489101.576986,45039.082372,45041.854278,2771.907,POST,/api/pipeline,True,,1621,11,200,4
1790489098.85872,1790489101.629994,45039.136013,45041.907287,2771.274,POST,/api/pipeline,True,,1621,12,200,4
1790489098.915039,1790489101.685361,45039.192332,45041.962654,2770.322,POST,/api/pipeline,True,,1621,13,200,4
1790489098.970113,1790489101.746294,45039.247406,45042.023586,2776.181,POST,/api/pipeline,True,,1622,14,200,4
1790489099.027578,1790489101.800814,45039.304871,45042.078107,2773.236,POST,/api/pipeline,True,,1622,15,200,4
1790489099.084742,1790489101.860151,45039.362035,45042.137444,2775.409,POST,/api/pipeline,True,,1619,16,200,4
1790489099.142281,1790489101.915123,45039.419574,45042.192415,2772.842,POST,/api/pipeline,True,,1622,17,200,4
1790489099.196656,1790489101.967601,45039.473949,45042.244894,2770.945,POST,/api/pipeline,True,,1622,18,200,4
1790489099.248624,1790489102.022072,45039.525917,45042.299365,2773.449,POST,/api/pipeline,True,,1621,19,200,4
1790489099.306718,1790489102.080537,45039.584011,45042.35783,2773.819,POST,/api/pipeline,True,,1622,20,200,4
1790489099.3639,1790489102.138005,45039.641193,45042.415298,2774.105,POST,/api/pipeline,True,,1621,21,200,4
1790489099.418443,1790489102.192166,45039.695736,45042.469459,2773.723,POST,/api/pipeline,True,,1621,22,200,4
1790489099.475626,1790489102.250064,45039.752919,45042.527357,2774.438,POST,/api/pipeline,True,,1621,23,200,4
1790489099.529965,1790489102.302569,45039.807258,45042.579862,2772.604,POST,/api/pipeline,True,,1619,24,200,4
1790489099.582453,1790489102.356601,45039.859746,45042.633894,2774.148,POST,/api/pipeline,True,,1622,25,200,4
1790489099.635452,1790489102.407437,45039.912745,45042.68473,2771.985,POST,/api/pipeline,True,,1622,26,200,4
1790489099.689482,1790489102.4621,45039.966775,45042.739393,2772.618,POST,/api/pipeline,True,,1622,27,200,4
1790489099.766588,1790489102.539232,45040.043881,45042.816525,2772.644,POST,/api/pipeline,True,,1622,28,200,4
1790489099.803348,1790489102.577662,45040.08064,45042.854955,2774.315,POST,/api/pipeline,True,,1620,29,200,4
1790489099.860558,1790489102.632593,45040.137851,45042.909886,2772.035,POST,/api/pipeline,True,,1621,30,200,4
1790489099.914711,1790489102.686573,45040.192004,45042.963866,2771.861,POST,/api/pipeline,True,,1622,31,200,4
1790489099.971339,1790489102.744481,45040.248631,45043.021774,2773.143,POST,/api/pipeline,True,,1622,32,200,4
1790489100.025632,1790489102.798895,45040.302925,45043.076188,2773.263,POST,/api/pipeline,True,,1621,33,200,4
1790489100.081408,1790489102.853686,45040.358701,45043.130979,2772.277,POST,/api/pipeline,True,,1622,34,200,4
1790489100.134033,1790489102.907254,45040.411326,45043.184547,2773.222,POST,/api/pipeline,True,,1622,35,200,4
1790489100.222587,1790489102.995996,45040.499879,45043.273288,2773.409,POST,/api/pipeline,True,,1622,36,200,4
1790489100.244391,1790489103.016296,45040.521684,45043.293589,2771.905,POST,/api/pipeline,True,,1622,37,200,4
1790489100.298332,1790489103.07083,45040.575625,45043.348122,2772.498,POST,/api/pipeline,True,,1620,38,200,4
1790489100.357474,1790489103.129278,45040.634767,45043.406571,2771.805,POST,/api/pipeline,True,,1621,39,200,4
1790489100.412725,1790489103.184222,45040.690018,45043.461515,2771.497,POST,/api/pipeline,True,,1622,40,200,4
1790489100.46643,1790489103.238411,45040.743723,45043.515704,2771.981,POST,/api/pipeline,True,,1622,41,200,4
1790489100.520519,1790489103.296582,45040.797811,45043.573875,2776.063,POST,/api/pipeline,True,,1622,42,200,4
1790489100.581858,1790489103.353832,45040.859151,45043.631125,2771.974,POST,/api/pipeline,True,,1620,43,200,4
1790489100.628718,1790489103.401592,45040.906011,45043.678885,2772.874,POST,/api/pipeline,True,,1621,44,200,4
1790489100.685641,1790489103.4605,45040.962934,45043.737794,2774.86,POST,/api/pipeline,True,,1621,45,200,4
1790489100.740793,1790489103.518435,45041.018087,45043.795729,2777.642,POST,/api/pipeline,True,,1622,46,200,4
1790489100.800389,1790489103.572136,45041.077681,45043.849429,2771.747,POST,/api/pipeline,True,,1622,47,200,4
1790489100.853466,1790489103.625956,45041.130759,45043.903249,2772.489,POST,/api/pipeline,True,,1621,48,200,4
1790489100.905885,1790489103.678952,45041.183178,45043.956244,2773.067,POST,/api/pipeline,True,,1621,49,200,4
1790489100.97176,1790489103.745613,45041.249053,45044.022906,2773.854,POST,/api/pipeline,True,,1622,0,200,4
1790489101.029822,1790489103.803186,45041.307115,45044.080479,2773.364,POST,/api/pipeline,True,,1622,1,200,4
1790489101.087315,1790489103.861939,45041.364608,45044.139232,2774.624,POST,/api/pipeline,True,,1621,2,200,4
1790489101.145197,1790489103.917574,45041.42249,45044.194867,2772.377,POST,/api/pipeline,True,,1622,3,200,4
1790489101.195603,1790489103.966589,45041.472896,45044.243882,2770.987,POST,/api/pipeline,True,,1622,4,200,4
1790489101.249799,1790489104.023712,45041.527092,45044.301005,2773.913,POST,/api/pipeline,True,,1622,5,200,4
1790489101.308048,1790489104.082974,45041.585341,45044.360267,2774.926,POST,/api/pipeline,True,,1622,6,200,4
1790489101.365452,1790489104.136377,45041.642745,45044.41367,2770.925,POST,/api/pipeline,True,,1620,7,200,4
1790489101.417958,1790489104.191071,45041.695251,45044.468364,2773.113,POST,/api/pipeline,True,,1620,8,200,4
1790489101.469906,1790489104.242804,45041.747199,45044.520097,2772.898,POST,/api/pipeline,True,,1621,9,200,4
1790489101.52483,1790489104.296557,45041.802123,45044.57385,2771.727,POST,/api/pipeline,True,,1621,10,200,4
1790489101.577216,1790489104.351426,45041.854509,45044.628719,2774.21,POST,/api/pipeline,True,,1620,11,200,4
1790489101.630229,1790489104.40432,45041.907522,45044.681612,2774.09,POST,/api/pipeline,True,,1621,12,200,4
1790489101.685608,1790489104.463214,45041.962901,45044.740507,2777.606,POST,/api/pipeline,True,,1620,13,200,4
1790489101.746531,1790489104.520486,45042.023824,45044.797779,2773.956,POST,/api/pipeline,True,,1621,14,200,4
1790489101.801079,1790489104.578971,45042.078372,45044.856264,2777.893,POST,/api/pipeline,True,,1620,15,200,4
1790489101.860376,1790489104.636888,45042.137669,45044.914181,2776.512,POST,/api/pipeline,True,,1621,16,200,4
1790489101.915401,1790489104.687,45042.192693,45044.964293,2771.6,POST,/api/pipeline,True,,1621,17,200,4
1790489101.967858,1790489104.739475,45042.245151,45045.016768,2771.617,POST,/api/pipeline,True,,1622,18,200,4
1790489102.02229,1790489104.793802,45042.299583,45045.071095,2771.512,POST,/api/pipeline,True,,1621,19,200,4
1790489102.080754,1790489104.852359,45042.358047,45045.129652,2771.605,POST,/api/pipeline,True,,1620,20,200,4
1790489102.138239,1790489104.910395,45042.415532,45045.187688,2772.156,POST,/api/pipeline,True,,1620,21,200,4
1790489102.192409,1790489104.967989,45042.469702,45045.245282,2775.58,POST,/api/pipeline,True,,1622,22,200,4
1790489102.250802,1790489105.027733,45042.528094,45045.305026,2776.932,POST,/api/pipeline,True,,1622,23,200,4
1790489102.302907,1790489105.076546,45042.5802,45045.353839,2773.64,POST,/api/pipeline,True,,1622,24,200,4
1790489102.356825,1790489105.130566,45042.634118,45045.407859,2773.741,POST,/api/pipeline,True,,1622,25,200,4
1790489102.407774,1790489105.180779,45042.685067,45045.458072,2773.006,POST,/api/pipeline,True,,1620,26,200,4
1790489102.462323,1790489105.234128,45042.739616,45045.511421,2771.804,POST,/api/pipeline,True,,1621,27,200,4
1790489102.539478,1790489105.312865,45042.816771,45045.590158,2773.387,POST,/api/pipeline,True,,1621,28,200,4
1790489102.577904,1790489105.351136,45042.855197,45045.628429,2773.232,POST,/api/pipeline,True,,1621,29,200,4
1790489102.632813,1790489105.404049,45042.910106,45045.681342,2771.236,POST,/api/pipeline,True,,1622,30,200,4
1790489102.686771,1790489105.461864,45042.964064,45045.739157,2775.092,POST,/api/pipeline,True,,1620,31,200,4
1790489102.74474,1790489105.51888,45043.022033,45045.796173,2774.139,POST,/api/pipeline,True,,1622,32,200,4
1790489102.799118,1790489105.572735,45043.076411,45045.850028,2773.617,POST,/api/pipeline,True,,1622,33,200,4
1790489102.853913,1790489105.626979,45043.131205,45045.904272,2773.066,POST,/api/pipeline,True,,1622,34,200,4
1790489102.907504,1790489105.679365,45043.184797,45045.956658,2771.861,POST,/api/pipeline,True,,1621,35,200,4
1790489102.99622,1790489105.767471,45043.273513,45046.044764,2771.251,POST,/api/pipeline,True,,1622,36,200,4
1790489103.016553,1790489105.787239,45043.293846,45046.064532,2770.686,POST,/api/pipeline,True,,1617,37,200,4
1790489103.071105,1790489105.845448,45043.348398,45046.122741,2774.342,POST,/api/pipeline,True,,1622,38,200,4
1790489103.129528,1790489105.903347,45043.406821,45046.180639,2773.819,POST,/api/pipeline,True,,1621,39,200,4
1790489103.184445,1790489105.956628,45043.461738,45046.233921,2772.184,POST,/api/pipeline,True,,1622,40,200,4
1790489103.238667,1790489106.014926,45043.515959,45046.292219,2776.26,POST,/api/pipeline,True,,1621,41,200,4
1790489103.296806,1790489106.070024,45043.574099,45046.347317,2773.218,POST,/api/pipeline,True,,1622,42,200,4
1790489103.354047,1790489106.128627,45043.63134,45046.40592,2774.58,POST,/api/pipeline,True,,1621,43,200,4
1790489103.401792,1790489106.17578,45043.679085,45046.453073,2773.988,POST,/api/pipeline,True,,1622,44,200,4
1790489103.460726,1790489106.234438,45043.738019,45046.511731,2773.712,POST,/api/pipeline,True,,1622,45,200,4
1790489103.518691,1790489106.292127,45043.795984,45046.56942,2773.436,POST,/api/pipeline,True,,1622,46,200,4
1790489103.572363,1790489106.344526,45043.849656,45046.621819,2772.163,POST,/api/pipeline,True,,1620,47,200,4
1790489103.626191,1790489106.398288,45043.903484,45046.675581,2772.097,POST,/api/pipeline,True,,1621,48,200,4
1790489103.679204,1790489106.450473,45043.956497,45046.727766,2771.268,POST,/api/pipeline,True,,1621,49,200,4
1790489103.745825,1790489106.518649,45044.023118,45046.795942,2772.825,POST,/api/pipeline,True,,1622,0,200,4
1790489103.803399,1790489106.5767,45044.080692,45046.853993,2773.301,POST,/api/pipeline,True,,1620,1,200,4
1790489103.862162,1790489106.634165,45044.139454,45046.911458,2772.004,POST,/api/pipeline,True,,1621,2,200,4
1790489103.917747,1790489106.689189,45044.19504,45046.966482,2771.442,POST,/api/pipeline,True,,1622,3,200,4
1790489103.966929,1790489106.741057,45044.244222,45047.01835,2774.128,POST,/api/pipeline,True,,1622,4,200,4
1790489104.023968,1790489106.800096,45044.30126,45047.077389,2776.128,POST,/api/pipeline,True,,1620,5,200,4
1790489104.08327,1790489106.853952,45044.360563,45047.131246,2770.682,POST,/api/pipeline,True,,1622,6,200,4
1790489104.136594,1790489106.913701,45044.413887,45047.190994,2777.107,POST,/api/pipeline,True,,1622,7,200,4
1790489104.191347,1790489106.961185,45044.46864,45047.238478,2769.838,POST,/api/pipeline,True,,1621,8,200,4
1790489104.243082,1790489107.015935,45044.520375,45047.293228,2772.853,POST,/api/pipeline,True,,1621,9,200,4
1790489104.296791,1790489107.069991,45044.574084,45047.347284,2773.2,POST,/api/pipeline,True,,1622,10,200,4
1790489104.351676,1790489107.124451,45044.628969,45047.401744,2772.775,POST,/api/pipeline,True,,1622,11,200,4
1790489104.404578,1790489107.177637,45044.681871,45047.45493,2773.059,POST,/api/pipeline,True,,1622,12,200,4
1790489104.463442,1790489107.23607,45044.740735,45047.513363,2772.628,POST,/api/pipeline,True,,1622,13,200,4
1790489104.52071,1790489107.294009,45044.798003,45047.571302,2773.299,POST,/api/pipeline,True,,1621,14,200,4
1790489104.579244,1790489107.35267,45044.856537,45047.629963,2773.426,POST,/api/pipeline,True,,1622,15,200,4
1790489104.637146,1790489107.410914,45044.914439,45047.688207,2773.768,POST,/api/pipeline,True,,1622,16,200,4
1790489104.687243,1790489107.459573,45044.964536,45047.736865,2772.33,POST,/api/pipeline,True,,1621,17,200,4
1790489104.739711,1790489107.512814,45045.017004,45047.790107,2773.104,POST,/api/pipeline,True,,1621,18,200,4
1790489104.794038,1790489107.566067,45045.071331,45047.843359,2772.029,POST,/api/pipeline,True,,1622,19,200,4
1790489104.852571,1790489107.625316,45045.129864,45047.902609,2772.745,POST,/api/pipeline,True,,1622,20,200,4
1790489104.910609,1790489107.683081,45045.187902,45047.960374,2772.472,POST,/api/pipeline,True,,1621,21,200,4
1790489104.968229,1790489107.740795,45045.245521,45048.018088,2772.567,POST,/api/pipeline,True,,1619,22,200,4
1790489105.028607,1790489107.805766,45045.3059,45048.083059,2777.159,POST,/api/pipeline,True,,1622,23,200,4
1790489105.076781,1790489107.848996,45045.354074,45048.126288,2772.215,POST,/api/pipeline,True,,1622,24,200,4
1790489105.130843,1790489107.903393,45045.408136,45048.180686,2772.55,POST,/api/pipeline,True,,1621,25,200,4
1790489105.18107,1790489107.952976,45045.458363,45048.230269,2771.906,POST,/api/pipeline,True,,1622,26,200,4
1790489105.234357,1790489108.005526,45045.51165,45048.282819,2771.169,POST,/api/pipeline,True,,1621,27,200,4
1790489105.31309,1790489108.086286,45045.590383,45048.363579,2773.196,POST,/api/pipeline,True,,1622,28,200,4
1790489105.351388,1790489108.122089,45045.628681,45048.399382,2770.702,POST,/api/pipeline,True,,1622,29,200,4
1790489105.404276,1790489108.178964,45045.681569,45048.456257,2774.688,POST,/api/pipeline,True,,1621,30,200,4
1790489105.462076,1790489108.23583,45045.739369,45048.513123,2773.753,POST,/api/pipeline,True,,1620,31,200,4
1790489105.519202,1790489108.29429,45045.796495,45048.571583,2775.088,POST,/api/pipeline,True,,1620,32,200,4
1790489105.572965,1790489108.345374,45045.850258,45048.622667,2772.409,POST,/api/pipeline,True,,1620,33,200,4
1790489105.627194,1790489108.398039,45045.904487,45048.675332,2770.845,POST,/api/pipeline,True,,1622,34,200,4
1790489105.679563,1790489108.452235,45045.956856,45048.729528,2772.673,POST,/api/pipeline,True,,1619,35,200,4
1790489105.767703,1790489108.541735,45046.044996,45048.819028,2774.032,POST,/api/pipeline,True,,1622,36,200,4
1790489105.787472,1790489108.561266,45046.064766,45048.838559,2773.793,POST,/api/pipeline,True,,1620,37,200,4
1790489105.845708,1790489108.620071,45046.123001,45048.897364,2774.363,POST,/api/pipeline,True,,1621,38,200,4
1790489105.903589,1790489108.675095,45046.180881,45048.952387,2771.506,POST,/api/pipeline,True,,1622,39,200,4
1790489105.956848,1790489108.732749,45046.234141,45049.010043,2775.902,POST,/api/pipeline,True,,1621,40,200,4
1790489106.015212,1790489108.790098,45046.292505,45049.067391,2774.886,POST,/api/pipeline,True,,1621,41,200,4
1790489106.07026,1790489108.844691,45046.347553,45049.121984,2774.431,POST,/api/pipeline,True,,1621,42,200,4
1790489106.128869,1790489108.901961,45046.406162,45049.179254,2773.092,POST,/api/pipeline,True,,1621,43,200,4
1790489106.175978,1790489108.947358,45046.453271,45049.224651,2771.38,POST,/api/pipeline,True,,1622,44,200,4
1790489106.234645,1790489109.008381,45046.511938,45049.285674,2773.736,POST,/api/pipeline,True,,1621,45,200,4
1790489106.292356,1790489109.06502,45046.569649,45049.342313,2772.664,POST,/api/pipeline,True,,1622,46,200,4
1790489106.344756,1790489109.11826,45046.622049,45049.395553,2773.504,POST,/api/pipeline,True,,1622,47,200,4
1790489106.398551,1790489109.17138,45046.675843,45049.448673,2772.83,POST,/api/pipeline,True,,1620,48,200,4
1790489106.450716,1790489109.225312,45046.728008,45049.502605,2774.596,POST,/api/pipeline,True,,1621,49,200,4
1790489106.518995,1790489109.291631,45046.796288,45049.568924,2772.636,POST,/api/pipeline,True,,1622,0,200,4
1790489106.576917,1790489109.34976,45046.85421,45049.627053,2772.843,POST,/api/pipeline,True,,1622,1,200,4
1790489106.634399,1790489109.407236,45046.911692,45049.684529,2772.837,POST,/api/pipeline,True,,1622,2,200,4
1790489106.689409,1790489109.462433,45046.966702,45049.739726,2773.024,POST,/api/pipeline,True,,1622,3,200,4
1790489106.7413,1790489109.516806,45047.018593,45049.794099,2775.506,POST,/api/pipeline,True,,1621,4,200,4
1790489106.80032,1790489109.572426,45047.077613,45049.849719,2772.106,POST,/api/pipeline,True,,1620,5,200,4
1790489106.854176,1790489109.631448,45047.131469,45049.908741,2777.272,POST,/api/pipeline,True,,1622,6,200,4
1790489106.913939,1790489109.686177,45047.191232,45049.96347,2772.238,POST,/api/pipeline,True,,1622,7,200,4
1790489106.961401,1790489109.734591,45047.238694,45050.011884,2773.19,POST,/api/pipeline,True,,1621,8,200,4
1790489107.016258,1790489109.788516,45047.293551,45050.065809,2772.257,POST,/api/pipeline,True,,1620,9,200,4
1790489107.070251,1790489109.844682,45047.347544,45050.121974,2774.431,POST,/api/pipeline,True,,1621,10,200,4
1790489107.124704,1790489109.895958,45047.401997,45050.173251,2771.255,POST,/api/pipeline,True,,1622,11,200,4
1790489107.177868,1790489109.949893,45047.455161,45050.227186,2772.025,POST,/api/pipeline,True,,1621,12,200,4
1790489107.236285,1790489110.00953,45047.513578,45050.286823,2773.245,POST,/api/pipeline,True,,1622,13,200,4
1790489107.29423,1790489110.067284,45047.571523,45050.344577,2773.054,POST,/api/pipeline,True,,1621,14,200,4
1790489107.352879,1790489110.125978,45047.630172,45050.403271,2773.099,POST,/api/pipeline,True,,1622,15,200,4
1790489107.41118,1790489110.183577,45047.688473,45050.460869,2772.397,POST,/api/pipeline,True,,1621,16,200,4
1790489107.459885,1790489110.230806,45047.737177,45050.508099,2770.922,POST,/api/pipeline,True,,1622,17,200,4
1790489107.513039,1790489110.284521,45047.790332,45050.561814,2771.482,POST,/api/pipeline,True,,1622,18,200,4
1790489107.566387,1790489110.338382,45047.84368,45050.615676,2771.996,POST,/api/pipeline,True,,1622,19,200,4
1790489107.62553,1790489110.396803,45047.902823,45050.674096,2771.273,POST,/api/pipeline,True,,1622,20,200,4
1790489107.683303,1790489110.455341,45047.960596,45050.732634,2772.038,POST,/api/pipeline,True,,1622,21,200,4
1790489107.741047,1790489110.512651,45048.01834,45050.789944,2771.604,POST,/api/pipeline,True,,1620,22,200,4
1790489107.806007,1790489110.577483,45048.0833,45050.854776,2771.476,POST,/api/pipeline,True,,1621,23,200,4
1790489107.849226,1790489110.621927,45048.126519,45050.89922,2772.702,POST,/api/pipeline,True,,1622,24,200,4
1790489107.903639,1790489110.6764,45048.180932,45050.953693,2772.76,POST,/api/pipeline,True,,1622,25,200,4
1790489107.953197,1790489110.724292,45048.23049,45051.001585,2771.095,POST,/api/pipeline,True,,1621,26,200,4
1790489108.005751,1790489110.778699,45048.283044,45051.055992,2772.948,POST,/api/pipeline,True,,1621,27,200,4
1790489108.086517,1790489110.86015,45048.36381,45051.137443,2773.633,POST,/api/pipeline,True,,1621,28,200,4
1790489108.122313,1790489110.896126,45048.399606,45051.173419,2773.813,POST,/api/pipeline,True,,1621,29,200,4
1790489108.179222,1790489110.950637,45048.456515,45051.22793,2771.415,POST,/api/pipeline,True,,1622,30,200,4
1790489108.236034,1790489111.009922,45048.513327,45051.287215,2773.888,POST,/api/pipeline,True,,1622,31,200,4
1790489108.294519,1790489111.067468,45048.571812,45051.344761,2772.949,POST,/api/pipeline,True,,1622,32,200,4
1790489108.345599,1790489111.11857,45048.622892,45051.395863,2772.971,POST,/api/pipeline,True,,1622,33,200,4
1790489108.398273,1790489111.170623,45048.675566,45051.447916,2772.35,POST,/api/pipeline,True,,1622,34,200,4
1790489108.452498,1790489111.227845,45048.729791,45051.505138,2775.347,POST,/api/pipeline,True,,1622,35,200,4
1790489108.541976,1790489111.316995,45048.819269,45051.594288,2775.019,POST,/api/pipeline,True,,1622,36,200,4
1790489108.561569,1790489111.334844,45048.838862,45051.612137,2773.274,POST,/api/pipeline,True,,1620,37,200,4
1790489108.620297,1790489111.392929,45048.89759,45051.670222,2772.631,POST,/api/pipeline,True,,1622,38,200,4
1790489108.6754,1790489111.450381,45048.952693,45051.727673,2774.98,POST,/api/pipeline,True,,1622,39,200,4
1790489108.732996,1790489111.508341,45049.010288,45051.785634,2775.346,POST,/api/pipeline,True,,1622,40,200,4
1790489108.790321,1790489111.562492,45049.067614,45051.839785,2772.171,POST,/api/pipeline,True,,1620,41,200,4
1790489108.844934,1790489111.620481,45049.122227,45051.897774,2775.547,POST,/api/pipeline,True,,1621,42,200,4
1790489108.902251,1790489111.675338,45049.179544,45051.95263,2773.087,POST,/api/pipeline,True,,1622,43,200,4
1790489108.947584,1790489111.720084,45049.224877,45051.997378,2772.5,POST,/api/pipeline,True,,1621,44,200,4
1790489109.008619,1790489111.78121,45049.285912,45052.058503,2772.591,POST,/api/pipeline,True,,1622,45,200,4
1790489109.065252,1790489111.839114,45049.342545,45052.116407,2773.862,POST,/api/pipeline,True,,1621,46,200,4
1790489109.118484,1790489111.890054,45049.395776,45052.167347,2771.571,POST,/api/pipeline,True,,1622,47,200,4
1790489109.171707,1790489111.944573,45049.449,45052.221866,2772.866,POST,/api/pipeline,True,,1622,48,200,4
1790489109.225554,1790489111.997154,45049.502848,45052.274447,2771.6,POST,/api/pipeline,True,,1622,49,200,4
1790489109.291841,1790489112.063745,45049.569133,45052.341038,2771.904,POST,/api/pipeline,True,,1622,0,200,4
1790489109.349968,1790489112.121256,45049.627261,45052.398549,2771.288,POST,/api/pipeline,True,,1621,1,200,4
1790489109.407498,1790489112.179762,45049.684791,45052.457055,2772.263,POST,/api/pipeline,True,,1622,2,200,4
1790489109.462661,1790489112.23739,45049.739954,45052.514683,2774.729,POST,/api/pipeline,True,,1622,3,200,4
1790489109.517058,1790489112.290471,45049.794351,45052.567764,2773.413,POST,/api/pipeline,True,,1622,4,200,4
1790489109.572651,1790489112.349138,45049.849944,45052.626431,2776.488,POST,/api/pipeline,True,,1622,5,200,4
1790489109.631677,1790489112.403591,45049.90897,45052.680884,2771.914,POST,/api/pipeline,True,,1622,6,200,4
1790489109.686416,1790489112.458903,45049.963709,45052.736196,2772.486,POST,/api/pipeline,True,,1622,7,200,4
1790489109.734927,1790489112.507146,45050.01222,45052.784439,2772.218,POST,/api/pipeline,True,,1622,8,200,4
1790489109.788766,1790489112.564571,45050.066059,45052.841864,2775.805,POST,/api/pipeline,True,,1621,9,200,4
1790489109.844992,1790489112.617745,45050.122285,45052.895038,2772.753,POST,/api/pipeline,True,,1619,10,200,4
1790489109.896193,1790489112.670052,45050.173486,45052.947345,2773.86,POST,/api/pipeline,True,,1621,11,200,4
1790489109.950107,1790489112.725501,45050.2274,45053.002794,2775.394,POST,/api/pipeline,True,,1621,12,200,4
1790489110.009758,1790489112.783427,45050.287052,45053.06072,2773.669,POST,/api/pipeline,True,,1622,13,200,4
1790489110.067511,1790489112.841186,45050.344804,45053.118479,2773.675,POST,/api/pipeline,True,,1622,14,200,4
1790489110.126217,1790489112.89958,45050.40351,45053.176873,2773.363,POST,/api/pipeline,True,,1621,15,200,4
1790489110.183836,1790489112.957719,45050.461129,45053.235011,2773.882,POST,/api/pipeline,True,,1621,16,200,4
1790489110.231054,1790489113.003062,45050.508347,45053.280355,2772.007,POST,/api/pipeline,True,,1622,17,200,4
1790489110.284778,1790489113.056998,45050.562071,45053.334291,2772.22,POST,/api/pipeline,True,,1622,18,200,4
1790489110.338607,1790489113.110987,45050.6159,45053.38828,2772.379,POST,/api/pipeline,True,,1622,19,200,4
1790489110.397025,1790489113.169547,45050.674318,45053.44684,2772.521,POST,/api/pipeline,True,,1622,20,200,4
1790489110.455603,1790489113.22733,45050.732896,45053.504624,2771.728,POST,/api/pipeline,True,,1621,21,200,4
1790489110.512866,1790489113.285975,45050.790159,45053.563268,2773.11,POST,/api/pipeline,True,,1621,22,200,4
1790489110.577851,1790489113.350859,45050.855144,45053.628152,2773.009,POST,/api/pipeline,True,,1622,23,200,4
1790489110.622172,1790489113.395609,45050.899465,45053.672902,2773.437,POST,/api/pipeline,True,,1621,24,200,4
1790489110.676642,1790489113.449617,45050.953935,45053.72691,2772.975,POST,/api/pipeline,True,,1621,25,200,4
1790489110.72452,1790489113.498005,45051.001814,45053.775298,2773.484,POST,/api/pipeline,True,,1621,26,200,4
1790489110.779015,1790489113.551715,45051.056308,45053.829008,2772.7,POST,/api/pipeline,True,,1622,27,200,4
1790489110.860382,1790489113.63305,45051.137675,45053.910343,2772.668,POST,/api/pipeline,True,,1622,28,200,4
1790489110.896362,1790489113.668737,45051.173655,45053.94603,2772.375,POST,/api/pipeline,True,,1621,29,200,4
1790489110.950966,1790489113.722374,45051.228259,45053.999667,2771.408,POST,/api/pipeline,True,,1622,30,200,4
1790489111.010174,1790489113.783547,45051.287467,45054.06084,2773.373,POST,/api/pipeline,True,,1621,31,200,4
1790489111.067719,1790489113.841578,45051.345012,45054.118871,2773.859,POST,/api/pipeline,True,,1622,32,200,4
1790489111.118868,1790489113.892932,45051.396161,45054.170225,2774.064,POST,/api/pipeline,True,,1620,33,200,4
1790489111.170976,1790489113.946893,45051.448268,45054.224185,2775.917,POST,/api/pipeline,True,,1621,34,200,4
1790489111.22813,1790489114.000924,45051.505423,45054.278217,2772.794,POST,/api/pipeline,True,,1621,35,200,4
1790489111.317223,1790489114.090301,45051.594516,45054.367594,2773.078,POST,/api/pipeline,True,,1622,36,200,4
1790489111.335061,1790489114.105592,45051.612354,45054.382886,2770.531,POST,/api/pipeline,True,,1622,37,200,4
1790489111.39316,1790489114.16623,45051.670453,45054.443523,2773.07,POST,/api/pipeline,True,,1622,38,200,4
1790489111.450661,1790489114.223688,45051.727954,45054.500981,2773.028,POST,/api/pipeline,True,,1621,39,200,4
1790489111.50857,1790489114.281568,45051.785863,45054.558861,2772.998,POST,/api/pipeline,True,,1620,40,200,4
1790489111.562734,1790489114.341283,45051.840027,45054.618576,2778.549,POST,/api/pipeline,True,,1621,41,200,4
1790489111.62072,1790489114.394429,45051.898013,45054.671722,2773.709,POST,/api/pipeline,True,,1622,42,200,4
1790489111.6756,1790489114.447606,45051.952893,45054.724899,2772.006,POST,/api/pipeline,True,,1621,43,200,4
1790489111.720313,1790489114.49361,45051.997606,45054.770903,2773.297,POST,/api/pipeline,True,,1622,44,200,4
1790489111.78144,1790489114.556159,45052.058733,45054.833452,2774.719,POST,/api/pipeline,True,,1622,45,200,4
1790489111.839345,1790489114.611243,45052.116637,45054.888537,2771.899,POST,/api/pipeline,True,,1622,46,200,4
1790489111.890322,1790489114.663053,45052.167615,45054.940346,2772.731,POST,/api/pipeline,True,,1621,47,200,4
1790489111.944821,1790489114.72083,45052.222114,45054.998123,2776.01,POST,/api/pipeline,True,,1622,48,200,4
1790489111.997428,1790489114.774099,45052.274721,45055.051392,2776.671,POST,/api/pipeline,True,,1620,49,200,4
1790489112.064015,1790489114.837535,45052.341307,45055.114828,2773.52,POST,/api/pipeline,True,,1622,0,200,4
1790489112.121483,1790489114.898461,45052.398776,45055.175754,2776.978,POST,/api/pipeline,True,,1621,1,200,4
1790489112.179986,1790489114.95595,45052.457279,45055.233243,2775.964,POST,/api/pipeline,True,,1619,2,200,4
1790489112.237614,1790489115.009027,45052.514907,45055.28632,2771.413,POST,/api/pipeline,True,,1622,3,200,4
1790489112.29076,1790489115.066019,45052.568053,45055.343312,2775.259,POST,/api/pipeline,True,,1622,4,200,4
1790489112.349382,1790489115.123672,45052.626675,45055.400965,2774.29,POST,/api/pipeline,True,,1622,5,200,4
1790489112.403811,1790489115.176598,45052.681104,45055.453891,2772.787,POST,/api/pipeline,True,,1622,6,200,4
1790489112.459135,1790489115.23038,45052.736427,45055.507673,2771.245,POST,/api/pipeline,True,,1622,7,200,4
1790489112.507385,1790489115.280689,45052.784678,45055.557982,2773.304,POST,/api/pipeline,True,,1621,8,200,4
1790489112.564855,1790489115.339043,45052.842148,45055.616336,2774.188,POST,/api/pipeline,True,,1620,9,200,4
1790489112.618002,1790489115.389805,45052.895295,45055.667098,2771.803,POST,/api/pipeline,True,,1622,10,200,4
1790489112.670287,1790489115.445895,45052.947579,45055.723187,2775.608,POST,/api/pipeline,True,,1621,11,200,4
1790489112.725771,1790489115.498411,45053.003064,45055.775704,2772.64,POST,/api/pipeline,True,,1622,12,200,4
1790489112.78365,1790489115.557429,45053.060943,45055.834722,2773.779,POST,/api/pipeline,True,,1622,13,200,4
1790489112.841417,1790489115.615393,45053.11871,45055.892686,2773.976,POST,/api/pipeline,True,,1619,14,200,4
1790489112.899879,1790489115.674602,45053.177172,45055.951895,2774.723,POST,/api/pipeline,True,,1622,15,200,4
1790489112.957998,1790489115.733804,45053.235291,45056.011097,2775.806,POST,/api/pipeline,True,,1622,16,200,4
1790489113.003337,1790489115.775928,45053.28063,45056.053222,2772.591,POST,/api/pipeline,True,,1622,17,200,4
1790489113.057337,1790489115.828861,45053.334629,45056.106154,2771.524,POST,/api/pipeline,True,,1622,18,200,4
1790489113.111221,1790489115.883266,45053.388514,45056.160559,2772.045,POST,/api/pipeline,True,,1620,19,200,4
1790489113.16978,1790489115.941047,45053.447073,45056.21834,2771.267,POST,/api/pipeline,True,,1621,20,200,4
1790489113.227552,1790489115.999199,45053.504845,45056.276492,2771.647,POST,/api/pipeline,True,,1622,21,200,4
1790489113.286193,1790489116.057414,45053.563486,45056.334707,2771.22,POST,/api/pipeline,True,,1622,22,200,4
1790489113.351271,1790489116.122863,45053.628564,45056.400156,2771.592,POST,/api/pipeline,True,,1622,23,200,4
1790489113.395852,1790489116.167684,45053.673145,45056.444977,2771.832,POST,/api/pipeline,True,,1622,24,200,4
1790489113.449861,1790489116.221716,45053.727154,45056.499009,2771.855,POST,/api/pipeline,True,,1622,25,200,4
1790489113.498234,1790489116.269407,45053.775527,45056.546699,2771.172,POST,/api/pipeline,True,,1621,26,200,4
1790489113.551937,1790489116.324181,45053.82923,45056.601474,2772.244,POST,/api/pipeline,True,,1620,27,200,4
1790489113.633279,1790489116.405862,45053.910572,45056.683155,2772.583,POST,/api/pipeline,True,,1621,28,200,4
1790489113.668968,1790489116.441416,45053.946261,45056.718709,2772.449,POST,/api/pipeline,True,,1621,29,200,4
1790489113.722609,1790489116.494414,45053.999902,45056.771707,2771.805,POST,/api/pipeline,True,,1621,30,200,4
1790489113.783771,1790489116.557699,45054.061064,45056.834992,2773.927,POST,/api/pipeline,True,,1621,31,200,4
1790489113.841949,1790489116.61478,45054.119242,45056.892072,2772.83,POST,/api/pipeline,True,,1622,32,200,4
1790489113.893157,1790489116.66565,45054.17045,45056.942943,2772.493,POST,/api/pipeline,True,,1619,33,200,4
1790489113.947182,1790489116.719632,45054.224475,45056.996925,2772.45,POST,/api/pipeline,True,,1621,34,200,4
1790489114.001195,1790489116.773559,45054.278488,45057.050852,2772.364,POST,/api/pipeline,True,,1622,35,200,4
1790489114.090518,1790489116.861769,45054.367811,45057.139062,2771.251,POST,/api/pipeline,True,,1620,36,200,4
1790489114.105805,1790489116.880427,45054.383097,45057.15772,2774.623,POST,/api/pipeline,True,,1618,37,200,4
1790489114.166447,1790489116.940501,45054.44374,45057.217794,2774.054,POST,/api/pipeline,True,,1622,38,200,4
1790489114.223941,1790489116.995247,45054.501233,45057.27254,2771.307,POST,/api/pipeline,True,,1622,39,200,4
1790489114.281815,1790489117.056829,45054.559108,45057.334122,2775.014,POST,/api/pipeline,True,,1621,40,200,4
1790489114.341578,1790489117.114823,45054.618871,45057.392116,2773.245,POST,/api/pipeline,True,,1622,41,200,4
1790489114.394802,1790489117.166896,45054.672095,45057.444189,2772.094,POST,/api/pipeline,True,,1622,42,200,4
1790489114.447885,1790489117.22187,45054.725178,45057.499163,2773.985,POST,/api/pipeline,True,,1621,43,200,4
1790489114.493831,1790489117.266063,45054.771124,45057.543356,2772.232,POST,/api/pipeline,True,,1622,44,200,4
1790489114.556381,1790489117.329047,45054.833674,45057.60634,2772.666,POST,/api/pipeline,True,,1622,45,200,4
1790489114.611479,1790489117.38315,45054.888772,45057.660443,2771.671,POST,/api/pipeline,True,,1621,46,200,4
1790489114.663294,1790489117.437713,45054.940587,45057.715006,2774.419,POST,/api/pipeline,True,,1622,47,200,4
1790489114.721097,1790489117.492955,45054.99839,45057.770248,2771.858,POST,/api/pipeline,True,,1622,48,200,4
1790489114.774358,1790489117.545893,45055.051651,45057.823186,2771.535,POST,/api/pipeline,True,,1620,49,200,4
1790489114.837776,1790489117.614144,45055.115069,45057.891437,2776.368,POST,/api/pipeline,True,,1621,0,200,4
1790489114.898705,1790489117.672113,45055.175998,45057.949406,2773.408,POST,/api/pipeline,True,,1620,1,200,4
1790489114.956164,1790489117.729736,45055.233458,45058.007029,2773.571,POST,/api/pipeline,True,,1620,2,200,4
1790489115.009269,1790489117.782181,45055.286562,45058.059474,2772.912,POST,/api/pipeline,True,,1622,3,200,4
1790489115.066313,1790489117.841017,45055.343606,45058.118309,2774.704,POST,/api/pipeline,True,,1622,4,200,4
1790489115.124027,1790489117.894839,45055.40132,45058.172131,2770.811,POST,/api/pipeline,True,,1622,5,200,4
1790489115.176819,1790489117.949521,45055.454112,45058.226814,2772.702,POST,/api/pipeline,True,,1620,6,200,4
1790489115.230606,1790489118.003424,45055.507899,45058.280717,2772.818,POST,/api/pipeline,True,,1622,7,200,4
1790489115.280928,1790489118.057102,45055.55822,45058.334395,2776.175,POST,/api/pipeline,True,,1622,8,200,4
1790489115.339283,1790489118.110643,45055.616576,45058.387936,2771.36,POST,/api/pipeline,True,,1622,9,200,4
1790489115.390021,1790489118.163745,45055.667314,45058.441038,2773.724,POST,/api/pipeline,True,,1620,10,200,4
1790489115.446155,1790489118.218217,45055.723448,45058.495509,2772.061,POST,/api/pipeline,True,,1622,11,200,4
1790489115.498603,1790489118.271361,45055.775896,45058.548654,2772.759,POST,/api/pipeline,True,,1622,12,200,4
1790489115.55764,1790489118.331277,45055.834933,45058.60857,2773.638,POST,/api/pipeline,True,,1621,13,200,4
1790489115.615636,1790489118.388755,45055.892929,45058.666048,2773.119,POST,/api/pipeline,True,,1620,14,200,4
1790489115.674921,1790489118.450238,45055.952214,45058.727531,2775.317,POST,/api/pipeline,True,,1621,15,200,4
1790489115.734051,1790489118.507405,45056.011344,45058.784698,2773.354,POST,/api/pipeline,True,,1621,16,200,4
1790489115.776165,1790489118.547643,45056.053458,45058.824936,2771.478,POST,/api/pipeline,True,,1622,17,200,4
1790489115.829107,1790489118.600801,45056.106399,45058.878094,2771.694,POST,/api/pipeline,True,,1621,18,200,4
1790489115.883517,1790489118.659068,45056.16081,45058.936361,2775.552,POST,/api/pipeline,True,,1622,19,200,4
1790489115.941323,1790489118.714,45056.218616,45058.991293,2772.678,POST,/api/pipeline,True,,1622,20,200,4
1790489115.999449,1790489118.773405,45056.276742,45059.050698,2773.956,POST,/api/pipeline,True,,1620,21,200,4
1790489116.057672,1790489118.83152,45056.334965,45059.108812,2773.848,POST,/api/pipeline,True,,1622,22,200,4
1790489116.123104,1790489118.895475,45056.400397,45059.172768,2772.371,POST,/api/pipeline,True,,1622,23,200,4
1790489116.16791,1790489118.941653,45056.445203,45059.218946,2773.743,POST,/api/pipeline,True,,1621,24,200,4
1790489116.22198,1790489118.995084,45056.499273,45059.272377,2773.104,POST,/api/pipeline,True,,1622,25,200,4
1790489116.269637,1790489119.043027,45056.54693,45059.32032,2773.39,POST,/api/pipeline,True,,1622,26,200,4
1790489116.324405,1790489119.096635,45056.601698,45059.373928,2772.23,POST,/api/pipeline,True,,1622,27,200,4
1790489116.406088,1790489119.1787,45056.683381,45059.455993,2772.613,POST,/api/pipeline,True,,1621,28,200,4
1790489116.441645,1790489119.213192,45056.718938,45059.490485,2771.546,POST,/api/pipeline,True,,1620,29,200,4
1790489116.494672,1790489119.267323,45056.771965,45059.544616,2772.651,POST,/api/pipeline,True,,1621,30,200,4
1790489116.557923,1790489119.330392,45056.835215,45059.607685,2772.47,POST,/api/pipeline,True,,1621,31,200,4
1790489116.615008,1790489119.387151,45056.892301,45059.664444,2772.143,POST,/api/pipeline,True,,1621,32,200,4
1790489116.665881,1790489119.437599,45056.943174,45059.714892,2771.718,POST,/api/pipeline,True,,1619,33,200,4
1790489116.719893,1790489119.495718,45056.997186,45059.77301,2775.824,POST,/api/pipeline,True,,1622,34,200,4
1790489116.773805,1790489119.546355,45057.051098,45059.823648,2772.55,POST,/api/pipeline,True,,1622,35,200,4
1790489116.861986,1790489119.634268,45057.139279,45059.911561,2772.282,POST,/api/pipeline,True,,1621,36,200,4
1790489116.880696,1790489119.657156,45057.157989,45059.934448,2776.46,POST,/api/pipeline,True,,1622,37,200,4
1790489116.940721,1790489119.714553,45057.218013,45059.991846,2773.832,POST,/api/pipeline,True,,1622,38,200,4
1790489116.995549,1790489119.767504,45057.272842,45060.044797,2771.955,POST,/api/pipeline,True,,1622,39,200,4
1790489117.057127,1790489119.831765,45057.33442,45060.109058,2774.638,POST,/api/pipeline,True,,1622,40,200,4
1790489117.115106,1790489119.885926,45057.392399,45060.163219,2770.821,POST,/api/pipeline,True,,1622,41,200,4
1790489117.167181,1790489119.941224,45057.444474,45060.218517,2774.043,POST,/api/pipeline,True,,1622,42,200,4
1790489117.222154,1790489119.994432,45057.499447,45060.271725,2772.277,POST,/api/pipeline,True,,1622,43,200,4
1790489117.266298,1790489120.038316,45057.543591,45060.315609,2772.018,POST,/api/pipeline,True,,1621,44,200,4
1790489117.329263,1790489120.101019,45057.606556,45060.378311,2771.756,POST,/api/pipeline,True,,1622,45,200,4
1790489117.383378,1790489120.155151,45057.660671,45060.432444,2771.773,POST,/api/pipeline,True,,1620,46,200,4
1790489117.437944,1790489120.212485,45057.715237,45060.489778,2774.541,POST,/api/pipeline,True,,1622,47,200,4
1790489117.493174,1790489120.265081,45057.770467,45060.542374,2771.907,POST,/api/pipeline,True,,1621,48,200,4
1790489117.546114,1790489120.317842,45057.823407,45060.595134,2771.727,POST,/api/pipeline,True,,1621,49,200,4
1790489117.614383,1790489120.389594,45057.891676,45060.666886,2775.211,POST,/api/pipeline,True,,1622,0,200,4
1790489117.672357,1790489120.448559,45057.94965,45060.725852,2776.202,POST,/api/pipeline,True,,1622,1,200,4
1790489117.729959,1790489120.501886,45058.007252,45060.779179,2771.927,POST,/api/pipeline,True,,1622,2,200,4
1790489117.782425,1790489120.557919,45058.059718,45060.835212,2775.494,POST,/api/pipeline,True,,1619,3,200,4
1790489117.841309,1790489120.613223,45058.118602,45060.890516,2771.914,POST,/api/pipeline,True,,1621,4,200,4
1790489117.895112,1790489120.666199,45058.172405,45060.943492,2771.087,POST,/api/pipeline,True,,1622,5,200,4
1790489117.949852,1790489120.722831,45058.227144,45061.000124,2772.98,POST,/api/pipeline,True,,1621,6,200,4
1790489118.003674,1790489120.776736,45058.280967,45061.054029,2773.062,POST,/api/pipeline,True,,1622,7,200,4
1790489118.057456,1790489120.830835,45058.334749,45061.108128,2773.38,POST,/api/pipeline,True,,1622,8,200,4
1790489118.110972,1790489120.885154,45058.388265,45061.162447,2774.181,POST,/api/pipeline,True,,1621,9,200,4
1790489118.164005,1790489120.939455,45058.441298,45061.216748,2775.449,POST,/api/pipeline,True,,1622,10,200,4
1790489118.218455,1790489120.991379,45058.495748,45061.268672,2772.924,POST,/api/pipeline,True,,1621,11,200,4
1790489118.271595,1790489121.044609,45058.548888,45061.321902,2773.014,POST,/api/pipeline,True,,1622,12,200,4
1790489118.331494,1790489121.104509,45058.608787,45061.381802,2773.015,POST,/api/pipeline,True,,1622,13,200,4
1790489118.388977,1790489121.161911,45058.66627,45061.439205,2772.934,POST,/api/pipeline,True,,1622,14,200,4
1790489118.45047,1790489121.224884,45058.727763,45061.502176,2774.413,POST,/api/pipeline,True,,1621,15,200,4
1790489118.507726,1790489121.281575,45058.785019,45061.558867,2773.848,POST,/api/pipeline,True,,1621,16,200,4
1790489118.547879,1790489121.319242,45058.825171,45061.596535,2771.364,POST,/api/pipeline,True,,1622,17,200,4
1790489118.601077,1790489121.376204,45058.878369,45061.653496,2775.127,POST,/api/pipeline,True,,1622,18,200,4
1790489118.65933,1790489121.433078,45058.936623,45061.710371,2773.748,POST,/api/pipeline,True,,1622,19,200,4
1790489118.714226,1790489121.491424,45058.991519,45061.768717,2777.198,POST,/api/pipeline,True,,1622,20,200,4
1790489118.773688,1790489121.548938,45059.050981,45061.826231,2775.25,POST,/api/pipeline,True,,1621,21,200,4
1790489118.831783,1790489121.603616,45059.109076,45061.88091,2771.834,POST,/api/pipeline,True,,1620,22,200,4
1790489118.89571,1790489121.668614,45059.173003,45061.945907,2772.904,POST,/api/pipeline,True,,1622,23,200,4
1790489118.941883,1790489121.713845,45059.219176,45061.991138,2771.963,POST,/api/pipeline,True,,1622,24,200,4
1790489118.995316,1790489121.766313,45059.272609,45062.043606,2770.996,POST,/api/pipeline,True,,1621,25,200,4
1790489119.04331,1790489121.814573,45059.320603,45062.091866,2771.263,POST,/api/pipeline,True,,1622,26,200,4
1790489119.096857,1790489121.868545,45059.37415,45062.145838,2771.689,POST,/api/pipeline,True,,1622,27,200,4
1790489119.179044,1790489121.952593,45059.456337,45062.229886,2773.549,POST,/api/pipeline,True,,1622,28,200,4
1790489119.213428,1790489121.986684,45059.490721,45062.263977,2773.256,POST,/api/pipeline,True,,1622,29,200,4
1790489119.26761,1790489122.04096,45059.544903,45062.318253,2773.35,POST,/api/pipeline,True,,1620,30,200,4
1790489119.330626,1790489122.103073,45059.607919,45062.380366,2772.447,POST,/api/pipeline,True,,1622,31,200,4
1790489119.38737,1790489122.160625,45059.664663,45062.437918,2773.255,POST,/api/pipeline,True,,1622,32,200,4
1790489119.437802,1790489122.212643,45059.715095,45062.489936,2774.842,POST,/api/pipeline,True,,1621,33,200,4
1790489119.49602,1790489122.267048,45059.773313,45062.544341,2771.029,POST,/api/pipeline,True,,1621,34,200,4
1790489119.546608,1790489122.321017,45059.823901,45062.59831,2774.409,POST,/api/pipeline,True,,1622,35,200,4
1790489119.634489,1790489122.406137,45059.911781,45062.68343,2771.648,POST,/api/pipeline,True,,1620,36,200,4
1790489119.657413,1790489122.430062,45059.934705,45062.707354,2772.649,POST,/api/pipeline,True,,1622,37,200,4
1790489119.714882,1790489122.486913,45059.992175,45062.764206,2772.031,POST,/api/pipeline,True,,1622,38,200,4
1790489119.767753,1790489122.540325,45060.045046,45062.817617,2772.572,POST,/api/pipeline,True,,1621,39,200,4
1790489119.831998,1790489122.6033,45060.109291,45062.880593,2771.302,POST,/api/pipeline,True,,1621,40,200,4
1790489119.886143,1790489122.661861,45060.163436,45062.939154,2775.718,POST,/api/pipeline,True,,1621,41,200,4
1790489119.941481,1790489122.713325,45060.218774,45062.990618,2771.844,POST,/api/pipeline,True,,1622,42,200,4
1790489119.994664,1790489122.765916,45060.271957,45063.043209,2771.252,POST,/api/pipeline,True,,1621,43,200,4
1790489120.038601,1790489122.810401,45060.315894,45063.087694,2771.799,POST,/api/pipeline,True,,1622,44,200,4
1790489120.101236,1790489122.874107,45060.378529,45063.1514,2772.871,POST,/api/pipeline,True,,1622,45,200,4
1790489120.155384,1790489122.93136,45060.432677,45063.208652,2775.975,POST,/api/pipeline,True,,1622,46,200,4
1790489120.212714,1790489122.98337,45060.490007,45063.260663,2770.656,POST,/api/pipeline,True,,1621,47,200,4
1790489120.265297,1790489123.035619,45060.54259,45063.312912,2770.322,POST,/api/pipeline,True,,1621,48,200,4
1790489120.31806,1790489123.089398,45060.595353,45063.366691,2771.338,POST,/api/pipeline,True,,1622,49,200,4
1790489120.389836,1790489123.166133,45060.667129,45063.443426,2776.298,POST,/api/pipeline,True,,1622,0,200,4
1790489120.448806,1790489123.219769,45060.726099,45063.497062,2770.963,POST,/api/pipeline,True,,1622,1,200,4
1790489120.502111,1790489123.27724,45060.779404,45063.554533,2775.129,POST,/api/pipeline,True,,1622,2,200,4
1790489120.558179,1790489123.33112,45060.835472,45063.608413,2772.941,POST,/api/pipeline,True,,1622,3,200,4
1790489120.613453,1790489123.3844,45060.890746,45063.661693,2770.947,POST,/api/pipeline,True,,1621,4,200,4
1790489120.666437,1790489123.43992,45060.94373,45063.717213,2773.483,POST,/api/pipeline,True,,1620,5,200,4
1790489120.723113,1790489123.495294,45061.000406,45063.772587,2772.181,POST,/api/pipeline,True,,1622,6,200,4
1790489120.776967,1790489123.549643,45061.05426,45063.826936,2772.676,POST,/api/pipeline,True,,1621,7,200,4
1790489120.831109,1790489123.602987,45061.108402,45063.88028,2771.878,POST,/api/pipeline,True,,1621,8,200,4
1790489120.885387,1790489123.659391,45061.16268,45063.936684,2774.004,POST,/api/pipeline,True,,1622,9,200,4
1790489120.939763,1790489123.713071,45061.217056,45063.990364,2773.308,POST,/api/pipeline,True,,1621,10,200,4
1790489120.991611,1790489123.764704,45061.268904,45064.041997,2773.093,POST,/api/pipeline,True,,1621,11,200,4
1790489121.044855,1790489123.818242,45061.322148,45064.095535,2773.387,POST,/api/pipeline,True,,1622,12,200,4
1790489121.104724,1790489123.879697,45061.382017,45064.15699,2774.973,POST,/api/pipeline,True,,1622,13,200,4
1790489121.162138,1790489123.93506,45061.439431,45064.212353,2772.922,POST,/api/pipeline,True,,1621,14,200,4
1790489121.225116,1790489123.99918,45061.502408,45064.276473,2774.065,POST,/api/pipeline,True,,1622,15,200,4
1790489121.281847,1790489124.056859,45061.55914,45064.334152,2775.012,POST,/api/pipeline,True,,1621,16,200,4
1790489121.319496,1790489124.093126,45061.596789,45064.370419,2773.63,POST,/api/pipeline,True,,1622,17,200,4
1790489121.376521,1790489124.151671,45061.653814,45064.428964,2775.15,POST,/api/pipeline,True,,1621,18,200,4
1790489121.433301,1790489124.20738,45061.710594,45064.484673,2774.079,POST,/api/pipeline,True,,1621,19,200,4
1790489121.491645,1790489124.265912,45061.768938,45064.543205,2774.267,POST,/api/pipeline,True,,1621,20,200,4
1790489121.549178,1790489124.324751,45061.826471,45064.602044,2775.573,POST,/api/pipeline,True,,1620,21,200,4
1790489121.603838,1790489124.375441,45061.881131,45064.652734,2771.603,POST,/api/pipeline,True,,1621,22,200,4
1790489121.668884,1790489124.441053,45061.946177,45064.718346,2772.169,POST,/api/pipeline,True,,1622,23,200,4
1790489121.714061,1790489124.48465,45061.991354,45064.761943,2770.589,POST,/api/pipeline,True,,1622,24,200,4
1790489121.766533,1790489124.538004,45062.043826,45064.815297,2771.471,POST,/api/pipeline,True,,1622,25,200,4
1790489121.814931,1790489124.587072,45062.092222,45064.864362,2772.14,POST,/api/pipeline,True,,1622,26,200,4
1790489121.868767,1790489124.64148,45062.146061,45064.918773,2772.712,POST,/api/pipeline,True,,1622,27,200,4
1790489121.95288,1790489124.72587,45062.230174,45065.003163,2772.989,POST,/api/pipeline,True,,1621,28,200,4
1790489121.987027,1790489124.760569,45062.26432,45065.037862,2773.542,POST,/api/pipeline,True,,1621,29,200,4
1790489122.041218,1790489124.813442,45062.31851,45065.090734,2772.224,POST,/api/pipeline,True,,1622,30,200,4
1790489122.103306,1790489124.877062,45062.380599,45065.154355,2773.756,POST,/api/pipeline,True,,1621,31,200,4
1790489122.160909,1790489124.935368,45062.438202,45065.212661,2774.459,POST,/api/pipeline,True,,1621,32,200,4
1790489122.212866,1790489124.98498,45062.490159,45065.262273,2772.114,POST,/api/pipeline,True,,1621,33,200,4
1790489122.267287,1790489125.043369,45062.544579,45065.320662,2776.083,POST,/api/pipeline,True,,1621,34,200,4
1790489122.321304,1790489125.093966,45062.598597,45065.371259,2772.663,POST,/api/pipeline,True,,1619,35,200,4
1790489122.406459,1790489125.178891,45062.683753,45065.456184,2772.432,POST,/api/pipeline,True,,1622,36,200,4
1790489122.430277,1790489125.204062,45062.70757,45065.481356,2773.785,POST,/api/pipeline,True,,1621,37,200,4
1790489122.487192,1790489125.259364,45062.764485,45065.536657,2772.172,POST,/api/pipeline,True,,1622,38,200,4
1790489122.540611,1790489125.312773,45062.817904,45065.590066,2772.162,POST,/api/pipeline,True,,1622,39,200,4
1790489122.60353,1790489125.377477,45062.880823,45065.65477,2773.946,POST,/api/pipeline,True,,1622,40,200,4
1790489122.662088,1790489125.435098,45062.939382,45065.712391,2773.01,POST,/api/pipeline,True,,1622,41,200,4
1790489122.713555,1790489125.486136,45062.990848,45065.763429,2772.581,POST,/api/pipeline,True,,1622,42,200,4
1790489122.766164,1790489125.538929,45063.043457,45065.816221,2772.765,POST,/api/pipeline,True,,1622,43,200,4
1790489122.810622,1790489125.582667,45063.087914,45065.85996,2772.046,POST,/api/pipeline,True,,1622,44,200,4
1790489122.874341,1790489125.647798,45063.151634,45065.925091,2773.456,POST,/api/pipeline,True,,1621,45,200,4
1790489122.9316,1790489125.702972,45063.208892,45065.980265,2771.373,POST,/api/pipeline,True,,1622,46,200,4
1790489122.983603,1790489125.756385,45063.260896,45066.033678,2772.782,POST,/api/pipeline,True,,1622,47,200,4
1790489123.035862,1790489125.808916,45063.313155,45066.086209,2773.053,POST,/api/pipeline,True,,1622,48,200,4
1790489123.089644,1790489125.862218,45063.366937,45066.139511,2772.574,POST,/api/pipeline,True,,1622,49,200,4
1790489123.166365,1790489125.938252,45063.443658,45066.215545,2771.887,POST,/api/pipeline,True,,1621,0,200,4
1790489123.220016,1790489125.995299,45063.497308,45066.272592,2775.283,POST,/api/pipeline,True,,1620,1,200,4
1790489123.277478,1790489126.04954,45063.554771,45066.326833,2772.062,POST,/api/pipeline,True,,1622,2,200,4
1790489123.331426,1790489126.102833,45063.608719,45066.380126,2771.407,POST,/api/pipeline,True,,1621,3,200,4
1790489123.384709,1790489126.162817,45063.662002,45066.44011,2778.108,POST,/api/pipeline,True,,1621,4,200,4
1790489123.440213,1790489126.213934,45063.717506,45066.491227,2773.72,POST,/api/pipeline,True,,1621,5,200,4
1790489123.495565,1790489126.266772,45063.772858,45066.544065,2771.207,POST,/api/pipeline,True,,1622,6,200,4
1790489123.549881,1790489126.322423,45063.827174,45066.599716,2772.543,POST,/api/pipeline,True,,1622,7,200,4
1790489123.603258,1790489126.377016,45063.880551,45066.654309,2773.758,POST,/api/pipeline,True,,1622,8,200,4
1790489123.659654,1790489126.431426,45063.936947,45066.708718,2771.772,POST,/api/pipeline,True,,1620,9,200,4
1790489123.713321,1790489126.485659,45063.990614,45066.762952,2772.338,POST,/api/pipeline,True,,1621,10,200,4
1790489123.76493,1790489126.539614,45064.042223,45066.816907,2774.684,POST,/api/pipeline,True,,1622,11,200,4
1790489123.818458,1790489126.592978,45064.095751,45066.870272,2774.52,POST,/api/pipeline,True,,1621,12,200,4
1790489123.879921,1790489126.652526,45064.157214,45066.929819,2772.605,POST,/api/pipeline,True,,1622,13,200,4
1790489123.93529,1790489126.710556,45064.212583,45066.987849,2775.265,POST,/api/pipeline,True,,1622,14,200,4
1790489123.999419,1790489126.774031,45064.276712,45067.051324,2774.612,POST,/api/pipeline,True,,1621,15,200,4
1790489124.05712,1790489126.829028,45064.334413,45067.106321,2771.909,POST,/api/pipeline,True,,1621,16,200,4
1790489124.093393,1790489126.868586,45064.370685,45067.145878,2775.193,POST,/api/pipeline,True,,1620,17,200,4
1790489124.151907,1790489126.927582,45064.4292,45067.204875,2775.675,POST,/api/pipeline,True,,1622,18,200,4
1790489124.207619,1790489126.981283,45064.484912,45067.258576,2773.664,POST,/api/pipeline,True,,1622,19,200,4
1790489124.266133,1790489127.038688,45064.543426,45067.315982,2772.555,POST,/api/pipeline,True,,1622,20,200,4
1790489124.324996,1790489127.095875,45064.602289,45067.373168,2770.879,POST,/api/pipeline,True,,1622,21,200,4
1790489124.375687,1790489127.148455,45064.65298,45067.425748,2772.768,POST,/api/pipeline,True,,1620,22,200,4
1790489124.441288,1790489127.213405,45064.718581,45067.490698,2772.117,POST,/api/pipeline,True,,1622,23,200,4
1790489124.484875,1790489127.256202,45064.762168,45067.533494,2771.327,POST,/api/pipeline,True,,1622,24,200,4
1790489124.538226,1790489127.311102,45064.815519,45067.588395,2772.876,POST,/api/pipeline,True,,1622,25,200,4
1790489124.587315,1790489127.359385,45064.864608,45067.636678,2772.07,POST,/api/pipeline,True,,1622,26,200,4
1790489124.64171,1790489127.413484,45064.919002,45067.690777,2771.775,POST,/api/pipeline,True,,1622,27,200,4
1790489124.726101,1790489127.500855,45065.003394,45067.778148,2774.754,POST,/api/pipeline,True,,1622,28,200,4
1790489124.760816,1790489127.533031,45065.038109,45067.810324,2772.216,POST,/api/pipeline,True,,1621,29,200,4
1790489124.813801,1790489127.587356,45065.091094,45067.864649,2773.556,POST,/api/pipeline,True,,1622,30,200,4
1790489124.877397,1790489127.650889,45065.154689,45067.928182,2773.492,POST,/api/pipeline,True,,1622,31,200,4
1790489124.935647,1790489127.708363,45065.21294,45067.985656,2772.716,POST,/api/pipeline,True,,1622,32,200,4
1790489124.985203,1790489127.760617,45065.262495,45068.03791,2775.414,POST,/api/pipeline,True,,1619,33,200,4
1790489125.043665,1790489127.813945,45065.320958,45068.091238,2770.28,POST,/api/pipeline,True,,1621,34,200,4
1790489125.094193,1790489127.866643,45065.371485,45068.143936,2772.45,POST,/api/pipeline,True,,1622,35,200,4
1790489125.17913,1790489127.95092,45065.456423,45068.228213,2771.79,POST,/api/pipeline,True,,1622,36,200,4
1790489125.204296,1790489127.979077,45065.481589,45068.25637,2774.781,POST,/api/pipeline,True,,1622,37,200,4
1790489125.259685,1790489128.030797,45065.536977,45068.308089,2771.112,POST,/api/pipeline,True,,1622,38,200,4
1790489125.313027,1790489128.086355,45065.590319,45068.363648,2773.328,POST,/api/pipeline,True,,1622,39,200,4
1790489125.377701,1790489128.151732,45065.654993,45068.429025,2774.031,POST,/api/pipeline,True,,1622,40,200,4
1790489125.435327,1790489128.207163,45065.712619,45068.484456,2771.837,POST,/api/pipeline,True,,1621,41,200,4
1790489125.486367,1790489128.260329,45065.763661,45068.537622,2773.961,POST,/api/pipeline,True,,1622,42,200,4
1790489125.53922,1790489128.314674,45065.816513,45068.591967,2775.453,POST,/api/pipeline,True,,1622,43,200,4
1790489125.583003,1790489128.354568,45065.860296,45068.631861,2771.565,POST,/api/pipeline,True,,1621,44,200,4
1790489125.648012,1790489128.421632,45065.925304,45068.698924,2773.62,POST,/api/pipeline,True,,1620,45,200,4
1790489125.703223,1790489128.476428,45065.980516,45068.753721,2773.205,POST,/api/pipeline,True,,1622,46,200,4
1790489125.756721,1790489128.530869,45066.034014,45068.808162,2774.148,POST,/api/pipeline,True,,1621,47,200,4
1790489125.809134,1790489128.581344,45066.086427,45068.858637,2772.21,POST,/api/pipeline,True,,1621,48,200,4
1790489125.862433,1790489128.635903,45066.139726,45068.913196,2773.47,POST,/api/pipeline,True,,1621,49,200,4
1790489125.938477,1790489128.712449,45066.21577,45068.989741,2773.971,POST,/api/pipeline,True,,1621,0,200,4
1790489125.995585,1790489128.769319,45066.272878,45069.046612,2773.733,POST,/api/pipeline,True,,1622,1,200,4
1790489126.049793,1790489128.820905,45066.327087,45069.098198,2771.111,POST,/api/pipeline,True,,1622,2,200,4
1790489126.103063,1790489128.879776,45066.380355,45069.157069,2776.713,POST,/api/pipeline,True,,1620,3,200,4
1790489126.163054,1790489128.936054,45066.440347,45069.213347,2773.0,POST,/api/pipeline,True,,1621,4,200,4
1790489126.21418,1790489128.988279,45066.491473,45069.265572,2774.1,POST,/api/pipeline,True,,1622,5,200,4
1790489126.267037,1790489129.041052,45066.54433,45069.318345,2774.015,POST,/api/pipeline,True,,1622,6,200,4
1790489126.32265,1790489129.095762,45066.599943,45069.373055,2773.112,POST,/api/pipeline,True,,1620,7,200,4
1790489126.377249,1790489129.150455,45066.654542,45069.427748,2773.206,POST,/api/pipeline,True,,1621,8,200,4
1790489126.43172,1790489129.203384,45066.709013,45069.480677,2771.663,POST,/api/pipeline,True,,1622,9,200,4
1790489126.485886,1790489129.258539,45066.763179,45069.535833,2772.653,POST,/api/pipeline,True,,1622,10,200,4
1790489126.539849,1790489129.311731,45066.817142,45069.589024,2771.882,POST,/api/pipeline,True,,1621,11,200,4
1790489126.593186,1790489129.366166,45066.870479,45069.643459,2772.98,POST,/api/pipeline,True,,1622,12,200,4
1790489126.652739,1790489129.425598,45066.930032,45069.702891,2772.859,POST,/api/pipeline,True,,1622,13,200,4
1790489126.710881,1790489129.483486,45066.988174,45069.760779,2772.606,POST,/api/pipeline,True,,1622,14,200,4
1790489126.774316,1790489129.546957,45067.051609,45069.824249,2772.64,POST,/api/pipeline,True,,1621,15,200,4
1790489126.829262,1790489129.601268,45067.106555,45069.878561,2772.007,POST,/api/pipeline,True,,1622,16,200,4
1790489126.868888,1790489129.644448,45067.146181,45069.921741,2775.559,POST,/api/pipeline,True,,1622,17,200,4
1790489126.927842,1790489129.69934,45067.205135,45069.976632,2771.497,POST,/api/pipeline,True,,1621,18,200,4
1790489126.981508,1790489129.75454,45067.258801,45070.031833,2773.032,POST,/api/pipeline,True,,1622,19,200,4
1790489127.039026,1790489129.812067,45067.316319,45070.08936,2773.041,POST,/api/pipeline,True,,1621,20,200,4
1790489127.096096,1790489129.869078,45067.37339,45070.146371,2772.982,POST,/api/pipeline,True,,1622,21,200,4
1790489127.148686,1790489129.92162,45067.425979,45070.198913,2772.933,POST,/api/pipeline,True,,1621,22,200,4
1790489127.213624,1790489129.98628,45067.490916,45070.263573,2772.656,POST,/api/pipeline,True,,1622,23,200,4
1790489127.256428,1790489130.028606,45067.533721,45070.305899,2772.178,POST,/api/pipeline,True,,1620,24,200,4
1790489127.311411,1790489130.083877,45067.588704,45070.36117,2772.467,POST,/api/pipeline,True,,1622,25,200,4
1790489127.359626,1790489130.132262,45067.636919,45070.409555,2772.636,POST,/api/pipeline,True,,1621,26,200,4
1790489127.413724,1790489130.186113,45067.691017,45070.463406,2772.389,POST,/api/pipeline,True,,1621,27,200,4
1790489127.501078,1790489130.275783,45067.778371,45070.553075,2774.705,POST,/api/pipeline,True,,1621,28,200,4
1790489127.53331,1790489130.305992,45067.810602,45070.583285,2772.682,POST,/api/pipeline,True,,1622,29,200,4
1790489127.587588,1790489130.35855,45067.864881,45070.635843,2770.962,POST,/api/pipeline,True,,1622,30,200,4
1790489127.651168,1790489130.425954,45067.928461,45070.703247,2774.786,POST,/api/pipeline,True,,1622,31,200,4
1790489127.708576,1790489130.480174,45067.98587,45070.757467,2771.598,POST,/api/pipeline,True,,1622,32,200,4
1790489127.760841,1790489130.533608,45068.038133,45070.810901,2772.767,POST,/api/pipeline,True,,1621,33,200,4
1790489127.814176,1790489130.588482,45068.091468,45070.865775,2774.307,POST,/api/pipeline,True,,1622,34,200,4
1790489127.866976,1790489130.63979,45068.144268,45070.917083,2772.814,POST,/api/pipeline,True,,1621,35,200,4
1790489127.951162,1790489130.723309,45068.228455,45071.000602,2772.147,POST,/api/pipeline,True,,1620,36,200,4
1790489127.979297,1790489130.750339,45068.25659,45071.027632,2771.042,POST,/api/pipeline,True,,1622,37,200,4
1790489128.03108,1790489130.804771,45068.308372,45071.082064,2773.692,POST,/api/pipeline,True,,1622,38,200,4
1790489128.086616,1790489130.860593,45068.363909,45071.137886,2773.977,POST,/api/pipeline,True,,1622,39,200,4
1790489128.151977,1790489130.92737,45068.42927,45071.204663,2775.393,POST,/api/pipeline,True,,1622,40,200,4
1790489128.207398,1790489130.977934,45068.484691,45071.255227,2770.536,POST,/api/pipeline,True,,1622,41,200,4
1790489128.260577,1790489131.03288,45068.53787,45071.310173,2772.303,POST,/api/pipeline,True,,1622,42,200,4
1790489128.314997,1790489131.086071,45068.59229,45071.363364,2771.073,POST,/api/pipeline,True,,1622,43,200,4
1790489128.354889,1790489131.127341,45068.632182,45071.404633,2772.451,POST,/api/pipeline,True,,1622,44,200,4
1790489128.421861,1790489131.193194,45068.699154,45071.470487,2771.333,POST,/api/pipeline,True,,1622,45,200,4
1790489128.476682,1790489131.248763,45068.753975,45071.526056,2772.081,POST,/api/pipeline,True,,1621,46,200,4
1790489128.531112,1790489131.300158,45068.808405,45071.577451,2769.046,POST,/api/pipeline,True,,1622,47,200,4
1790489128.581559,1790489131.353016,45068.858852,45071.630309,2771.456,POST,/api/pipeline,True,,1621,48,200,4
1790489128.636179,1790489131.410097,45068.913472,45071.68739,2773.918,POST,/api/pipeline,True,,1620,49,200,4
1790489128.71267,1790489131.486612,45068.989962,45071.763905,2773.943,POST,/api/pipeline,True,,1621,0,200,4
1790489128.769547,1790489131.543567,45069.04684,45071.82086,2774.02,POST,/api/pipeline,True,,1622,1,200,4
1790489128.82113,1790489131.596443,45069.098423,45071.873736,2775.313,POST,/api/pipeline,True,,1622,2,200,4
1790489128.880012,1790489131.654482,45069.157305,45071.931775,2774.47,POST,/api/pipeline,True,,1620,3,200,4
1790489128.936285,1790489131.709363,45069.213578,45071.986656,2773.078,POST,/api/pipeline,True,,1621,4,200,4
1790489128.988519,1790489131.762276,45069.265812,45072.039568,2773.756,POST,/api/pipeline,True,,1622,5,200,4
1790489129.041293,1790489131.81394,45069.318586,45072.091233,2772.647,POST,/api/pipeline,True,,1621,6,200,4
1790489129.095996,1790489131.871324,45069.373289,45072.148617,2775.328,POST,/api/pipeline,True,,1622,7,200,4
1790489129.150708,1790489131.923497,45069.428001,45072.20079,2772.788,POST,/api/pipeline,True,,1622,8,200,4
1790489129.203646,1790489131.979882,45069.480938,45072.257174,2776.236,POST,/api/pipeline,True,,1621,9,200,4
1790489129.258789,1790489132.031124,45069.536082,45072.308416,2772.335,POST,/api/pipeline,True,,1622,10,200,4
1790489129.311964,1790489132.084348,45069.589257,45072.361641,2772.384,POST,/api/pipeline,True,,1622,11,200,4
1790489129.366431,1790489132.138542,45069.643724,45072.415835,2772.111,POST,/api/pipeline,True,,1620,12,200,4
1790489129.425823,1790489132.197855,45069.703116,45072.475148,2772.032,POST,/api/pipeline,True,,1621,13,200,4
1790489129.483727,1790489132.256238,45069.76102,45072.533531,2772.51,POST,/api/pipeline,True,,1622,14,200,4
1790489129.547197,1790489132.319876,45069.82449,45072.597169,2772.679,POST,/api/pipeline,True,,1622,15,200,4
1790489129.601602,1790489132.374844,45069.878895,45072.652136,2773.242,POST,/api/pipeline,True,,1622,16,200,4
1790489129.6447,1790489132.418957,45069.921993,45072.69625,2774.257,POST,/api/pipeline,True,,1621,17,200,4
1790489129.699657,1790489132.473056,45069.97695,45072.750349,2773.399,POST,/api/pipeline,True,,1622,18,200,4
1790489129.754774,1790489132.528552,45070.032067,45072.805845,2773.779,POST,/api/pipeline,True,,1622,19,200,4
1790489129.812284,1790489132.58569,45070.089577,45072.862983,2773.405,POST,/api/pipeline,True,,1622,20,200,4
1790489129.8693,1790489132.643729,45070.146593,45072.921022,2774.429,POST,/api/pipeline,True,,1622,21,200,4
1790489129.921845,1790489132.698365,45070.199138,45072.975658,2776.52,POST,/api/pipeline,True,,1622,22,200,4
1790489129.986507,1790489132.757412,45070.2638,45073.034705,2770.904,POST,/api/pipeline,True,,1622,23,200,4
1790489130.028829,1790489132.801587,45070.306122,45073.07888,2772.758,POST,/api/pipeline,True,,1622,24,200,4
1790489130.084114,1790489132.856343,45070.361407,45073.133636,2772.229,POST,/api/pipeline,True,,1621,25,200,4
1790489130.132502,1790489132.905267,45070.409795,45073.18256,2772.765,POST,/api/pipeline,True,,1622,26,200,4
1790489130.186357,1790489132.95912,45070.46365,45073.236412,2772.763,POST,/api/pipeline,True,,1622,27,200,4
1790489130.276027,1790489133.04898,45070.55332,45073.326273,2772.953,POST,/api/pipeline,True,,1621,28,200,4
1790489130.306271,1790489133.077785,45070.583564,45073.355079,2771.514,POST,/api/pipeline,True,,1622,29,200,4
1790489130.358855,1790489133.132243,45070.636149,45073.409536,2773.387,POST,/api/pipeline,True,,1622,30,200,4
1790489130.426194,1790489133.198264,45070.703487,45073.475557,2772.07,POST,/api/pipeline,True,,1622,31,200,4
1790489130.48041,1790489133.252848,45070.757702,45073.530141,2772.438,POST,/api/pipeline,True,,1621,32,200,4
1790489130.533851,1790489133.307674,45070.811143,45073.584967,2773.824,POST,/api/pipeline,True,,1620,33,200,4
1790489130.588732,1790489133.360839,45070.866025,45073.638131,2772.107,POST,/api/pipeline,True,,1621,34,200,4
1790489130.640021,1790489133.413568,45070.917313,45073.69086,2773.547,POST,/api/pipeline,True,,1621,35,200,4
1790489130.723587,1790489133.496437,45071.00088,45073.773729,2772.849,POST,/api/pipeline,True,,1621,36,200,4
1790489130.750559,1790489133.524509,45071.027852,45073.801802,2773.95,POST,/api/pipeline,True,,1621,37,200,4
1790489130.805022,1790489133.579855,45071.082315,45073.857148,2774.833,POST,/api/pipeline,True,,1622,38,200,4
1790489130.860882,1790489133.634266,45071.138175,45073.911558,2773.383,POST,/api/pipeline,True,,1622,39,200,4
1790489130.92761,1790489133.698947,45071.204903,45073.97624,2771.337,POST,/api/pipeline,True,,1621,40,200,4
1790489130.978155,1790489133.753329,45071.255448,45074.030622,2775.174,POST,/api/pipeline,True,,1622,41,200,4
1790489131.033236,1790489133.805688,45071.310529,45074.082981,2772.452,POST,/api/pipeline,True,,1622,42,200,4
1790489131.086286,1790489133.858629,45071.363579,45074.135922,2772.342,POST,/api/pipeline,True,,1621,43,200,4
1790489131.127562,1790489133.898189,45071.404855,45074.175482,2770.627,POST,/api/pipeline,True,,1621,44,200,4
1790489131.193424,1790489133.964811,45071.470717,45074.242104,2771.387,POST,/api/pipeline,True,,1621,45,200,4
1790489131.24895,1790489134.019135,45071.526243,45074.296428,2770.185,POST,/api/pipeline,True,,1622,46,200,4
1790489131.300331,1790489134.069803,45071.577624,45074.347096,2769.472,POST,/api/pipeline,True,,1619,47,200,4
1790489131.353202,1790489134.127537,45071.630495,45074.40483,2774.335,POST,/api/pipeline,True,,1619,48,200,4
1790489131.410299,1790489134.181118,45071.687592,45074.458411,2770.82,POST,/api/pipeline,True,,1621,49,200,4
1790489131.486944,1790489134.26072,45071.764237,45074.538013,2773.776,POST,/api/pipeline,True,,1621,0,200,4
1790489131.543868,1790489134.314783,45071.821161,45074.592076,2770.915,POST,/api/pipeline,True,,1621,1,200,4
1790489131.596676,1790489134.373829,45071.873969,45074.651122,2777.153,POST,/api/pipeline,True,,1620,2,200,4
1790489131.654721,1790489134.428339,45071.932014,45074.705632,2773.618,POST,/api/pipeline,True,,1619,3,200,4
1790489131.709618,1790489134.482569,45071.986911,45074.759862,2772.951,POST,/api/pipeline,True,,1622,4,200,4
1790489131.762522,1790489134.534077,45072.039815,45074.81137,2771.554,POST,/api/pipeline,True,,1622,5,200,4
1790489131.814194,1790489134.588241,45072.091486,45074.865534,2774.047,POST,/api/pipeline,True,,1622,6,200,4
1790489131.87155,1790489134.643169,45072.148843,45074.920462,2771.619,POST,/api/pipeline,True,,1622,7,200,4
1790489131.923736,1790489134.700238,45072.201029,45074.977531,2776.502,POST,/api/pipeline,True,,1620,8,200,4
1790489131.980174,1790489134.753469,45072.257467,45075.030762,2773.295,POST,/api/pipeline,True,,1622,9,200,4
1790489132.031417,1790489134.805116,45072.30871,45075.082409,2773.699,POST,/api/pipeline,True,,1621,10,200,4
1790489132.084581,1790489134.857364,45072.361874,45075.134657,2772.783,POST,/api/pipeline,True,,1622,11,200,4
1790489132.138769,1790489134.909529,45072.416062,45075.186822,2770.76,POST,/api/pipeline,True,,1622,12,200,4
1790489132.198097,1790489134.972808,45072.47539,45075.250101,2774.711,POST,/api/pipeline,True,,1622,13,200,4
1790489132.256524,1790489135.030949,45072.533817,45075.308242,2774.425,POST,/api/pipeline,True,,1622,14,200,4
1790489132.320091,1790489135.093141,45072.597384,45075.370434,2773.049,POST,/api/pipeline,True,,1622,15,200,4
1790489132.375106,1790489135.148374,45072.652399,45075.425667,2773.268,POST,/api/pipeline,True,,1622,16,200,4
1790489132.41924,1790489135.191291,45072.696533,45075.468584,2772.051,POST,/api/pipeline,True,,1622,17,200,4
1790489132.473294,1790489135.250328,45072.750587,45075.527621,2777.034,POST,/api/pipeline,True,,1622,18,200,4
1790489132.528853,1790489135.306042,45072.806145,45075.583335,2777.189,POST,/api/pipeline,True,,1622,19,200,4
1790489132.585956,1790489135.359927,45072.863249,45075.63722,2773.971,POST,/api/pipeline,True,,1622,20,200,4
1790489132.643993,1790489135.417971,45072.921286,45075.695264,2773.977,POST,/api/pipeline,True,,1622,21,200,4
1790489132.698739,1790489135.471537,45072.976032,45075.74883,2772.798,POST,/api/pipeline,True,,1622,22,200,4
1790489132.757742,1790489135.530597,45073.035035,45075.80789,2772.855,POST,/api/pipeline,True,,1622,23,200,4
1790489132.801825,1790489135.574914,45073.079118,45075.852208,2773.089,POST,/api/pipeline,True,,1620,24,200,4
1790489132.856577,1790489135.629077,45073.13387,45075.906371,2772.501,POST,/api/pipeline,True,,1621,25,200,4
1790489132.905521,1790489135.677449,45073.182814,45075.954742,2771.928,POST,/api/pipeline,True,,1622,26,200,4
1790489132.959376,1790489135.732268,45073.236669,45076.009561,2772.892,POST,/api/pipeline,True,,1621,27,200,4
1790489133.049283,1790489135.823704,45073.326576,45076.100997,2774.421,POST,/api/pipeline,True,,1619,28,200,4
1790489133.078022,1790489135.851298,45073.355315,45076.128591,2773.276,POST,/api/pipeline,True,,1621,29,200,4
1790489133.132451,1790489135.904111,45073.409744,45076.181404,2771.661,POST,/api/pipeline,True,,1620,30,200,4
1790489133.198498,1790489135.970668,45073.475791,45076.247961,2772.169,POST,/api/pipeline,True,,1620,31,200,4
1790489133.253085,1790489136.027967,45073.530378,45076.30526,2774.882,POST,/api/pipeline,True,,1621,32,200,4
1790489133.307982,1790489136.080465,45073.585274,45076.357758,2772.483,POST,/api/pipeline,True,,1622,33,200,4
1790489133.361076,1790489136.132074,45073.638369,45076.409367,2770.998,POST,/api/pipeline,True,,1620,34,200,4
1790489133.413827,1790489136.186202,45073.69112,45076.463494,2772.374,POST,/api/pipeline,True,,1622,35,200,4
1790489133.496713,1790489136.268376,45073.774006,45076.545669,2771.663,POST,/api/pipeline,True,,1622,36,200,4
1790489133.524745,1790489136.303192,45073.802038,45076.580485,2778.446,POST,/api/pipeline,True,,1622,37,200,4
1790489133.580127,1790489136.352788,45073.85742,45076.630081,2772.661,POST,/api/pipeline,True,,1622,38,200,4
1790489133.634596,1790489136.407964,45073.911889,45076.685256,2773.368,POST,/api/pipeline,True,,1622,39,200,4
1790489133.699195,1790489136.472123,45073.976488,45076.749416,2772.928,POST,/api/pipeline,True,,1621,40,200,4
1790489133.753556,1790489136.526928,45074.030848,45076.804221,2773.372,POST,/api/pipeline,True,,1620,41,200,4
1790489133.805909,1790489136.578121,45074.083202,45076.855414,2772.212,POST,/api/pipeline,True,,1622,42,200,4
1790489133.858982,1790489136.632512,45074.136275,45076.909805,2773.53,POST,/api/pipeline,True,,1619,43,200,4
1790489133.898405,1790489136.671701,45074.175698,45076.948994,2773.296,POST,/api/pipeline,True,,1622,44,200,4
1790489133.965032,1790489136.737025,45074.242325,45077.014318,2771.993,POST,/api/pipeline,True,,1621,45,200,4
1790489134.019397,1790489136.791199,45074.29669,45077.068492,2771.802,POST,/api/pipeline,True,,1621,46,200,4
1790489134.070031,1790489136.843349,45074.347324,45077.120641,2773.318,POST,/api/pipeline,True,,1621,47,200,4
1790489134.127765,1790489136.898904,45074.405058,45077.176197,2771.14,POST,/api/pipeline,True,,1622,48,200,4
1790489134.181338,1790489136.954995,45074.458631,45077.232288,2773.656,POST,/api/pipeline,True,,1622,49,200,4
1790489134.260953,1790489137.032487,45074.538246,45077.30978,2771.533,POST,/api/pipeline,True,,1622,0,200,4
1790489134.315022,1790489137.086986,45074.592314,45077.364279,2771.965,POST,/api/pipeline,True,,1619,1,200,4
1790489134.374059,1790489137.145507,45074.651352,45077.4228,2771.448,POST,/api/pipeline,True,,1620,2,200,4
1790489134.42858,1790489137.201024,45074.705873,45077.478317,2772.444,POST,/api/pipeline,True,,1622,3,200,4
1790489134.482902,1790489137.254059,45074.760195,45077.531352,2771.157,POST,/api/pipeline,True,,1622,4,200,4
1790489134.534309,1790489137.3074,45074.811602,45077.584693,2773.091,POST,/api/pipeline,True,,1622,5,200,4
1790489134.588563,1790489137.361335,45074.865856,45077.638628,2772.772,POST,/api/pipeline,True,,1621,6,200,4
1790489134.6434,1790489137.419054,45074.920693,45077.696347,2775.654,POST,/api/pipeline,True,,1622,7,200,4
1790489134.700477,1790489137.471841,45074.97777,45077.749134,2771.364,POST,/api/pipeline,True,,1622,8,200,4
1790489134.753707,1790489137.526032,45075.031,45077.803325,2772.325,POST,/api/pipeline,True,,1622,9,200,4
1790489134.805356,1790489137.578483,45075.082649,45077.855776,2773.127,POST,/api/pipeline,True,,1622,10,200,4
1790489134.85761,1790489137.629647,45075.134903,45077.90694,2772.037,POST,/api/pipeline,True,,1621,11,200,4
1790489134.90979,1790489137.683097,45075.187083,45077.96039,2773.307,POST,/api/pipeline,True,,1621,12,200,4
1790489134.973071,1790489137.751541,45075.250364,45078.028834,2778.47,POST,/api/pipeline,True,,1622,13,200,4
1790489135.03126,1790489137.804166,45075.308553,45078.081459,2772.906,POST,/api/pipeline,True,,1621,14,200,4
1790489135.093354,1790489137.865911,45075.370647,45078.143204,2772.557,POST,/api/pipeline,True,,1622,15,200,4
1790489135.148597,1790489137.920388,45075.42589,45078.197681,2771.791,POST,/api/pipeline,True,,1622,16,200,4
1790489135.191553,1790489137.966452,45075.468846,45078.243745,2774.899,POST,/api/pipeline,True,,1622,17,200,4
1790489135.250572,1790489138.024584,45075.527864,45078.301877,2774.012,POST,/api/pipeline,True,,1621,18,200,4
1790489135.306371,1790489138.079134,45075.583663,45078.356427,2772.763,POST,/api/pipeline,True,,1622,19,200,4
1790489135.360207,1790489138.135824,45075.6375,45078.413117,2775.617,POST,/api/pipeline,True,,1622,20,200,4
1790489135.418247,1790489138.189759,45075.695539,45078.467052,2771.513,POST,/api/pipeline,True,,1622,21,200,4
1790489135.471774,1790489138.244385,45075.749067,45078.521678,2772.61,POST,/api/pipeline,True,,1621,22,200,4
1790489135.530932,1790489138.301136,45075.808225,45078.578429,2770.204,POST,/api/pipeline,True,,1622,23,200,4
1790489135.575181,1790489138.347436,45075.852474,45078.62473,2772.256,POST,/api/pipeline,True,,1622,24,200,4
1790489135.629354,1790489138.402407,45075.906647,45078.6797,2773.053,POST,/api/pipeline,True,,1621,25,200,4
1790489135.677685,1790489138.451299,45075.954978,45078.728592,2773.614,POST,/api/pipeline,True,,1622,26,200,4
1790489135.732526,1790489138.50527,45076.009819,45078.782563,2772.744,POST,/api/pipeline,True,,1621,27,200,4
1790489135.823965,1790489138.595945,45076.101258,45078.873238,2771.98,POST,/api/pipeline,True,,1622,28,200,4
1790489135.851546,1790489138.624845,45076.128838,45078.902137,2773.299,POST,/api/pipeline,True,,1620,29,200,4
1790489135.904352,1790489138.67633,45076.181645,45078.953623,2771.978,POST,/api/pipeline,True,,1620,30,200,4
1790489135.971004,1790489138.744836,45076.248297,45079.022129,2773.833,POST,/api/pipeline,True,,1622,31,200,4
1790489136.02821,1790489138.799542,45076.305503,45079.076835,2771.332,POST,/api/pipeline,True,,1620,32,200,4
1790489136.080772,1790489138.853014,45076.358066,45079.130307,2772.242,POST,/api/pipeline,True,,1621,33,200,4
1790489136.132303,1790489138.90443,45076.409596,45079.181723,2772.127,POST,/api/pipeline,True,,1620,34,200,4
1790489136.186497,1790489138.958525,45076.46379,45079.235818,2772.028,POST,/api/pipeline,True,,1622,35,200,4
1790489136.268596,1790489139.041461,45076.545889,45079.318754,2772.865,POST,/api/pipeline,True,,1621,36,200,4
1790489136.303399,1790489139.074495,45076.580692,45079.351788,2771.096,POST,/api/pipeline,True,,1622,37,200,4
1790489136.353007,1790489139.126474,45076.630299,45079.403767,2773.467,POST,/api/pipeline,True,,1622,38,200,4
1790489136.40826,1790489139.182174,45076.685553,45079.459467,2773.914,POST,/api/pipeline,True,,1622,39,200,4
1790489136.472381,1790489139.243407,45076.749674,45079.5207,2771.026,POST,/api/pipeline,True,,1621,40,200,4
1790489136.527158,1790489139.30002,45076.804451,45079.577313,2772.863,POST,/api/pipeline,True,,1622,41,200,4
1790489136.578343,1790489139.350008,45076.855636,45079.627302,2771.666,POST,/api/pipeline,True,,1622,42,200,4
1790489136.632785,1790489139.407354,45076.910078,45079.684647,2774.569,POST,/api/pipeline,True,,1621,43,200,4
1790489136.671955,1790489139.444462,45076.949248,45079.721755,2772.506,POST,/api/pipeline,True,,1622,44,200,4
1790489136.737259,1790489139.509353,45077.014552,45079.786646,2772.094,POST,/api/pipeline,True,,1621,45,200,4
1790489136.791462,1790489139.563838,45077.068755,45079.841131,2772.376,POST,/api/pipeline,True,,1621,46,200,4
1790489136.843931,1790489139.621978,45077.121224,45079.899271,2778.047,POST,/api/pipeline,True,,1622,47,200,4
1790489136.899175,1790489139.675186,45077.176468,45079.952479,2776.011,POST,/api/pipeline,True,,1621,48,200,4
1790489136.9554,1790489139.728772,45077.232692,45080.006064,2773.372,POST,/api/pipeline,True,,1622,49,200,4
1790489137.032724,1790489139.805096,45077.310016,45080.082389,2772.373,POST,/api/pipeline,True,,1622,0,200,4
1790489137.087212,1790489139.86037,45077.364505,45080.137663,2773.158,POST,/api/pipeline,True,,1622,1,200,4
1790489137.14585,1790489139.918826,45077.423143,45080.196119,2772.976,POST,/api/pipeline,True,,1622,2,200,4
1790489137.201255,1790489139.975325,45077.478548,45080.252618,2774.07,POST,/api/pipeline,True,,1622,3,200,4
1790489137.254263,1790489140.02617,45077.531556,45080.303463,2771.907,POST,/api/pipeline,True,,1621,4,200,4
1790489137.307633,1790489140.079468,45077.584926,45080.356761,2771.834,POST,/api/pipeline,True,,1620,5,200,4
1790489137.361548,1790489140.13517,45077.638841,45080.412463,2773.622,POST,/api/pipeline,True,,1621,6,200,4
1790489137.419288,1790489140.194369,45077.696581,45080.471662,2775.08,POST,/api/pipeline,True,,1621,7,200,4
1790489137.472084,1790489140.246112,45077.749377,45080.523405,2774.028,POST,/api/pipeline,True,,1622,8,200,4
1790489137.52628,1790489140.300932,45077.803573,45080.578225,2774.653,POST,/api/pipeline,True,,1622,9,200,4
1790489137.578707,1790489140.352871,45077.856001,45080.630164,2774.164,POST,/api/pipeline,True,,1622,10,200,4
1790489137.629867,1790489140.401568,45077.90716,45080.678861,2771.702,POST,/api/pipeline,True,,1621,11,200,4
1790489137.683365,1790489140.455239,45077.960658,45080.732532,2771.874,POST,/api/pipeline,True,,1622,12,200,4
1790489137.751898,1790489140.522917,45078.029191,45080.80021,2771.019,POST,/api/pipeline,True,,1621,13,200,4
1790489137.8044,1790489140.5765,45078.081693,45080.853794,2772.101,POST,/api/pipeline,True,,1620,14,200,4
1790489137.866168,1790489140.639016,45078.143461,45080.916309,2772.848,POST,/api/pipeline,True,,1622,15,200,4
1790489137.920629,1790489140.69343,45078.197922,45080.970723,2772.801,POST,/api/pipeline,True,,1621,16,200,4
1790489137.966688,1790489140.737883,45078.243981,45081.015176,2771.194,POST,/api/pipeline,True,,1622,17,200,4
1790489138.024914,1790489140.796662,45078.302207,45081.073955,2771.748,POST,/api/pipeline,True,,1622,18,200,4
1790489138.079389,1790489140.853752,45078.356682,45081.131045,2774.363,POST,/api/pipeline,True,,1622,19,200,4
1790489138.136077,1790489140.908632,45078.41337,45081.185925,2772.555,POST,/api/pipeline,True,,1622,20,200,4
1790489138.189989,1790489140.962568,45078.467282,45081.239861,2772.579,POST,/api/pipeline,True,,1622,21,200,4
1790489138.24462,1790489141.016388,45078.521912,45081.293681,2771.768,POST,/api/pipeline,True,,1622,22,200,4
1790489138.301387,1790489141.074599,45078.57868,45081.351892,2773.212,POST,/api/pipeline,True,,1622,23,200,4
1790489138.347677,1790489141.120919,45078.62497,45081.398212,2773.243,POST,/api/pipeline,True,,1621,24,200,4
1790489138.402629,1790489141.174874,45078.679922,45081.452167,2772.244,POST,/api/pipeline,True,,1622,25,200,4
1790489138.451579,1790489141.225294,45078.728872,45081.502587,2773.715,POST,/api/pipeline,True,,1622,26,200,4
1790489138.505549,1790489141.278001,45078.782842,45081.555294,2772.452,POST,/api/pipeline,True,,1622,27,200,4
1790489138.596159,1790489141.367451,45078.873451,45081.644744,2771.292,POST,/api/pipeline,True,,1621,28,200,4
1790489138.625121,1790489141.397426,45078.902414,45081.674719,2772.305,POST,/api/pipeline,True,,1622,29,200,4
1790489138.676558,1790489141.450629,45078.953851,45081.727922,2774.071,POST,/api/pipeline,True,,1620,30,200,4
1790489138.745067,1790489141.517422,45079.02236,45081.794715,2772.355,POST,/api/pipeline,True,,1621,31,200,4
1790489138.799772,1790489141.571845,45079.077064,45081.849138,2772.074,POST,/api/pipeline,True,,1620,32,200,4
1790489138.853249,1790489141.62584,45079.130542,45081.903132,2772.59,POST,/api/pipeline,True,,1620,33,200,4
1790489138.904669,1790489141.678294,45079.181962,45081.955587,2773.625,POST,/api/pipeline,True,,1622,34,200,4
1790489138.958761,1790489141.732972,45079.236054,45082.010265,2774.211,POST,/api/pipeline,True,,1620,35,200,4
1790489139.041713,1790489141.815044,45079.319006,45082.092336,2773.331,POST,/api/pipeline,True,,1621,36,200,4
1790489139.074706,1790489141.84612,45079.351999,45082.123413,2771.413,POST,/api/pipeline,True,,1621,37,200,4
1790489139.126712,1790489141.900668,45079.404005,45082.177961,2773.956,POST,/api/pipeline,True,,1622,38,200,4
1790489139.182428,1790489141.955442,45079.459721,45082.232734,2773.014,POST,/api/pipeline,True,,1621,39,200,4
1790489139.243604,1790489142.014652,45079.520897,45082.291945,2771.049,POST,/api/pipeline,True,,1621,40,200,4
1790489139.300243,1790489142.072402,45079.577536,45082.349695,2772.159,POST,/api/pipeline,True,,1622,41,200,4
1790489139.350215,1790489142.123914,45079.627508,45082.401207,2773.7,POST,/api/pipeline,True,,1622,42,200,4
1790489139.407618,1790489142.180264,45079.684911,45082.457558,2772.647,POST,/api/pipeline,True,,1622,43,200,4
1790489139.444675,1790489142.216319,45079.721968,45082.493612,2771.644,POST,/api/pipeline,True,,1620,44,200,4
1790489139.5096,1790489142.280617,45079.786893,45082.557909,2771.016,POST,/api/pipeline,True,,1620,45,200,4
1790489139.564119,1790489142.337399,45079.841412,45082.614692,2773.28,POST,/api/pipeline,True,,1621,46,200,4
1790489139.622257,1790489142.393682,45079.89955,45082.670975,2771.425,POST,/api/pipeline,True,,1621,47,200,4
1790489139.675452,1790489142.447926,45079.952745,45082.725219,2772.474,POST,/api/pipeline,True,,1621,48,200,4
1790489139.729057,1790489142.501221,45080.006349,45082.778513,2772.164,POST,/api/pipeline,True,,1622,49,200,4
1790489139.805312,1790489142.577327,45080.082605,45082.854619,2772.015,POST,/api/pipeline,True,,1622,0,200,4
1790489139.860584,1790489142.633362,45080.137877,45082.910655,2772.778,POST,/api/pipeline,True,,1621,1,200,4
1790489139.919071,1790489142.690875,45080.196364,45082.968168,2771.804,POST,/api/pipeline,True,,1622,2,200,4
1790489139.975538,1790489142.747988,45080.252831,45083.025281,2772.45,POST,/api/pipeline,True,,1622,3,200,4
1790489140.02641,1790489142.799734,45080.303703,45083.077027,2773.324,POST,/api/pipeline,True,,1621,4,200,4
1790489140.079702,1790489142.85093,45080.356995,45083.128223,2771.228,POST,/api/pipeline,True,,1621,5,200,4
1790489140.135356,1790489142.906605,45080.412649,45083.183898,2771.249,POST,/api/pipeline,True,,1621,6,200,4
1790489140.194585,1790489142.964274,45080.471878,45083.241567,2769.689,POST,/api/pipeline,True,,1620,7,200,4
1790489140.246343,1790489143.017836,45080.523636,45083.295129,2771.493,POST,/api/pipeline,True,,1622,8,200,4
1790489140.301193,1790489143.074493,45080.578486,45083.351786,2773.3,POST,/api/pipeline,True,,1622,9,200,4
1790489140.353091,1790489143.126591,45080.630383,45083.403884,2773.5,POST,/api/pipeline,True,,1622,10,200,4
1790489140.401783,1790489143.172817,45080.679076,45083.45011,2771.035,POST,/api/pipeline,True,,1621,11,200,4
1790489140.455517,1790489143.226164,45080.73281,45083.503457,2770.646,POST,/api/pipeline,True,,1622,12,200,4
1790489140.523172,1790489143.293535,45080.800465,45083.570827,2770.363,POST,/api/pipeline,True,,1622,13,200,4
1790489140.576714,1790489143.347482,45080.854006,45083.624775,2770.769,POST,/api/pipeline,True,,1622,14,200,4
1790489140.639265,1790489143.411238,45080.916557,45083.688531,2771.974,POST,/api/pipeline,True,,1622,15,200,4
1790489140.693654,1790489143.465057,45080.970947,45083.74235,2771.403,POST,/api/pipeline,True,,1621,16,200,4
1790489140.738112,1790489143.508786,45081.015405,45083.786078,2770.674,POST,/api/pipeline,True,,1622,17,200,4
1790489140.796886,1790489143.568665,45081.074179,45083.845958,2771.779,POST,/api/pipeline,True,,1620,18,200,4
1790489140.854037,1790489143.625864,45081.13133,45083.903157,2771.827,POST,/api/pipeline,True,,1622,19,200,4
1790489140.9089,1790489143.680594,45081.186193,45083.957887,2771.694,POST,/api/pipeline,True,,1622,20,200,4
1790489140.962869,1790489143.732866,45081.240162,45084.010159,2769.997,POST,/api/pipeline,True,,1622,21,200,4
1790489141.016623,1790489143.789657,45081.293916,45084.06695,2773.034,POST,/api/pipeline,True,,1622,22,200,4
1790489141.074905,1790489143.845747,45081.352198,45084.12304,2770.842,POST,/api/pipeline,True,,1620,23,200,4
1790489141.12113,1790489143.891265,45081.398423,45084.168558,2770.135,POST,/api/pipeline,True,,1620,24,200,4
1790489141.175057,1790489143.947813,45081.45235,45084.225106,2772.756,POST,/api/pipeline,True,,1621,25,200,4
1790489141.22555,1790489143.997665,45081.502843,45084.274958,2772.115,POST,/api/pipeline,True,,1620,26,200,4
1790489141.278223,1790489144.051377,45081.555516,45084.328671,2773.154,POST,/api/pipeline,True,,1621,27,200,4
1790489141.367656,1790489144.138852,45081.644949,45084.416144,2771.195,POST,/api/pipeline,True,,1621,28,200,4
1790489141.397667,1790489144.167323,45081.674961,45084.444617,2769.656,POST,/api/pipeline,True,,1620,29,200,4
1790489141.450921,1790489144.223487,45081.728214,45084.50078,2772.566,POST,/api/pipeline,True,,1621,30,200,4
1790489141.517647,1790489144.289879,45081.79494,45084.567172,2772.233,POST,/api/pipeline,True,,1622,31,200,4
1790489141.572064,1790489144.345247,45081.849357,45084.62254,2773.183,POST,/api/pipeline,True,,1622,32,200,4
1790489141.626059,1790489144.39691,45081.903352,45084.674203,2770.851,POST,/api/pipeline,True,,1621,33,200,4
1790489141.678535,1790489144.450411,45081.955828,45084.727704,2771.875,POST,/api/pipeline,True,,1622,34,200,4
1790489141.733172,1790489144.503577,45082.010466,45084.78087,2770.405,POST,/api/pipeline,True,,1622,35,200,4
1790489141.815257,1790489144.585209,45082.09255,45084.862502,2769.952,POST,/api/pipeline,True,,1622,36,200,4
1790489141.846329,1790489144.61832,45082.123623,45084.895613,2771.99,POST,/api/pipeline,True,,1622,37,200,4
1790489141.900902,1790489144.6747,45082.178194,45084.951992,2773.798,POST,/api/pipeline,True,,1622,38,200,4
1790489141.955688,1790489144.72828,45082.23298,45085.005572,2772.592,POST,/api/pipeline,True,,1622,39,200,4
1790489142.015007,1790489144.787467,45082.2923,45085.06476,2772.46,POST,/api/pipeline,True,,1622,40,200,4
1790489142.072628,1790489144.84309,45082.349921,45085.120383,2770.461,POST,/api/pipeline,True,,1620,41,200,4
1790489142.12417,1790489144.899041,45082.401462,45085.176334,2774.872,POST,/api/pipeline,True,,1622,42,200,4
1790489142.180578,1790489144.954804,45082.457871,45085.232097,2774.226,POST,/api/pipeline,True,,1621,43,200,4
1790489142.21652,1790489144.985765,45082.493812,45085.263058,2769.245,POST,/api/pipeline,True,,1622,44,200,4
1790489142.280843,1790489145.050122,45082.558136,45085.327414,2769.279,POST,/api/pipeline,True,,1621,45,200,4
1790489142.337647,1790489145.108052,45082.61494,45085.385345,2770.404,POST,/api/pipeline,True,,1621,46,200,4
1790489142.393865,1790489145.164165,45082.671158,45085.441458,2770.3,POST,/api/pipeline,True,,1622,47,200,4
1790489142.448098,1790489145.221178,45082.725391,45085.498471,2773.08,POST,/api/pipeline,True,,1622,48,200,4
1790489142.5015,1790489145.272266,45082.778793,45085.549559,2770.766,POST,/api/pipeline,True,,1622,49,200,4
1790489142.577512,1790489145.347684,45082.854805,45085.624977,2770.172,POST,/api/pipeline,True,,1622,0,200,4
1790489142.633548,1790489145.402962,45082.91084,45085.680255,2769.415,POST,/api/pipeline,True,,1621,1,200,4
1790489142.6911,1790489145.461439,45082.968393,45085.738732,2770.339,POST,/api/pipeline,True,,1622,2,200,4
1790489142.748202,1790489145.519372,45083.025495,45085.796665,2771.171,POST,/api/pipeline,True,,1622,3,200,4
1790489142.799927,1790489145.571424,45083.07722,45085.848717,2771.497,POST,/api/pipeline,True,,1621,4,200,4
1790489142.85117,1790489145.623219,45083.128463,45085.900512,2772.049,POST,/api/pipeline,True,,1620,5,200,4
1790489142.90704,1790489145.676864,45083.184333,45085.954157,2769.824,POST,/api/pipeline,True,,1622,6,200,4
1790489142.964477,1790489145.735268,45083.24177,45086.012561,2770.791,POST,/api/pipeline,True,,1621,7,200,4
1790489143.018046,1790489145.790527,45083.295339,45086.06782,2772.481,POST,/api/pipeline,True,,1622,8,200,4
1790489143.074719,1790489145.846863,45083.352012,45086.124156,2772.144,POST,/api/pipeline,True,,1620,9,200,4
1790489143.126883,1790489145.898091,45083.404176,45086.175384,2771.208,POST,/api/pipeline,True,,1622,10,200,4
1790489143.173018,1790489145.943307,45083.450312,45086.2206,2770.289,POST,/api/pipeline,True,,1621,11,200,4
1790489143.226373,1790489145.995595,45083.503666,45086.272888,2769.222,POST,/api/pipeline,True,,1620,12,200,4
1790489143.293733,1790489146.065924,45083.571026,45086.343217,2772.191,POST,/api/pipeline,True,,1621,13,200,4
1790489143.347699,1790489146.11904,45083.624992,45086.396333,2771.341,POST,/api/pipeline,True,,1622,14,200,4
1790489143.411533,1790489146.182807,45083.688826,45086.4601,2771.274,POST,/api/pipeline,True,,1622,15,200,4
1790489143.46526,1790489146.236263,45083.742553,45086.513556,2771.003,POST,/api/pipeline,True,,1622,16,200,4
1790489143.509018,1790489146.278926,45083.78631,45086.556219,2769.909,POST,/api/pipeline,True,,1620,17,200,4
1790489143.568894,1790489146.339728,45083.846187,45086.617021,2770.834,POST,/api/pipeline,True,,1622,18,200,4
1790489143.626061,1790489146.397142,45083.903354,45086.674435,2771.081,POST,/api/pipeline,True,,1621,19,200,4
1790489143.680801,1790489146.452411,45083.958094,45086.729704,2771.61,POST,/api/pipeline,True,,1622,20,200,4
1790489143.733047,1790489146.503592,45084.010339,45086.780885,2770.545,POST,/api/pipeline,True,,1622,21,200,4
1790489143.789826,1790489146.560888,45084.067119,45086.838181,2771.061,POST,/api/pipeline,True,,1621,22,200,4
1790489143.845949,1790489146.617122,45084.123242,45086.894415,2771.172,POST,/api/pipeline,True,,1622,23,200,4
1790489143.891457,1790489146.663938,45084.16875,45086.941231,2772.482,POST,/api/pipeline,True,,1622,24,200,4
1790489143.947977,1790489146.717244,45084.22527,45086.994537,2769.267,POST,/api/pipeline,True,,1622,25,200,4
1790489143.9979,1790489146.767504,45084.275193,45087.044797,2769.604,POST,/api/pipeline,True,,1621,26,200,4
1790489144.051595,1790489146.821441,45084.328888,45087.098734,2769.846,POST,/api/pipeline,True,,1622,27,200,4
1790489144.13904,1790489146.90745,45084.416332,45087.184743,2768.411,POST,/api/pipeline,True,,1622,28,200,4
1790489144.167503,1790489146.936781,45084.444796,45087.214074,2769.279,POST,/api/pipeline,True,,1622,29,200,4
1790489144.223668,1790489146.993073,45084.500961,45087.270366,2769.405,POST,/api/pipeline,True,,1622,30,200,4
1790489144.290052,1790489147.059988,45084.567345,45087.337281,2769.936,POST,/api/pipeline,True,,1621,31,200,4
1790489144.345428,1790489147.115489,45084.622721,45087.392782,2770.061,POST,/api/pipeline,True,,1620,32,200,4
1790489144.397091,1790489147.168104,45084.674384,45087.445397,2771.013,POST,/api/pipeline,True,,1622,33,200,4
1790489144.450605,1790489147.221398,45084.727897,45087.498691,2770.793,POST,/api/pipeline,True,,1622,34,200,4
1790489144.503766,1790489147.275888,45084.781059,45087.553181,2772.122,POST,/api/pipeline,True,,1621,35,200,4
1790489144.585396,1790489147.355499,45084.862689,45087.632792,2770.103,POST,/api/pipeline,True,,1622,36,200,4
1790489144.618503,1790489147.390568,45084.895796,45087.667861,2772.065,POST,/api/pipeline,True,,1622,37,200,4
1790489144.67498,1790489147.447584,45084.952274,45087.724877,2772.604,POST,/api/pipeline,True,,1622,38,200,4
1790489144.728512,1790489147.498966,45085.005805,45087.776258,2770.453,POST,/api/pipeline,True,,1621,39,200,4
1790489144.787707,1790489147.557704,45085.065,45087.834997,2769.997,POST,/api/pipeline,True,,1622,40,200,4
1790489144.84334,1790489147.61568,45085.120633,45087.892973,2772.34,POST,/api/pipeline,True,,1621,41,200,4
1790489144.899244,1790489147.669654,45085.176537,45087.946947,2770.41,POST,/api/pipeline,True,,1620,42,200,4
1790489144.955081,1790489147.72599,45085.232374,45088.003283,2770.909,POST,/api/pipeline,True,,1621,43,200,4
1790489144.98599,1790489147.756536,45085.263284,45088.03383,2770.546,POST,/api/pipeline,True,,1621,44,200,4
1790489145.050315,1790489147.819887,45085.327608,45088.097179,2769.571,POST,/api/pipeline,True,,1621,45,200,4
1790489145.108226,1790489147.876763,45085.385519,45088.154056,2768.537,POST,/api/pipeline,True,,1621,46,200,4
1790489145.164341,1790489147.936892,45085.441634,45088.214185,2772.551,POST,/api/pipeline,True,,1622,47,200,4
1790489145.221408,1790489147.99116,45085.498701,45088.268453,2769.753,POST,/api/pipeline,True,,1622,48,200,4
1790489145.272465,1790489148.043246,45085.549758,45088.320539,2770.781,POST,/api/pipeline,True,,1621,49,200,4
1790489145.347849,1790489148.118509,45085.625142,45088.395802,2770.66,POST,/api/pipeline,True,,1621,0,200,4
1790489145.403135,1790489148.173721,45085.680428,45088.451014,2770.586,POST,/api/pipeline,True,,1621,1,200,4
1790489145.461675,1790489148.23463,45085.738968,45088.511923,2772.955,POST,/api/pipeline,True,,1621,2,200,4
1790489145.519623,1790489148.291902,45085.796916,45088.569195,2772.279,POST,/api/pipeline,True,,1622,3,200,4
1790489145.571616,1790489148.343644,45085.848909,45088.620937,2772.028,POST,/api/pipeline,True,,1622,4,200,4
1790489145.62345,1790489148.396097,45085.900743,45088.67339,2772.647,POST,/api/pipeline,True,,1621,5,200,4
1790489145.677145,1790489148.450354,45085.954438,45088.727647,2773.209,POST,/api/pipeline,True,,1619,6,200,4
1790489145.735503,1790489148.508397,45086.012796,45088.78569,2772.894,POST,/api/pipeline,True,,1622,7,200,4
1790489145.790725,1790489148.561691,45086.068018,45088.838984,2770.966,POST,/api/pipeline,True,,1621,8,200,4
1790489145.847187,1790489148.618811,45086.124479,45088.896103,2771.624,POST,/api/pipeline,True,,1620,9,200,4
1790489145.898313,1790489148.670946,45086.175606,45088.948239,2772.633,POST,/api/pipeline,True,,1622,10,200,4
1790489145.943517,1790489148.714575,45086.22081,45088.991868,2771.058,POST,/api/pipeline,True,,1622,11,200,4
1790489145.995845,1790489148.768708,45086.273138,45089.046001,2772.862,POST,/api/pipeline,True,,1622,12,200,4
1790489146.066167,1790489148.838588,45086.343459,45089.115881,2772.422,POST,/api/pipeline,True,,1621,13,200,4
1790489146.11928,1790489148.892272,45086.396573,45089.169565,2772.992,POST,/api/pipeline,True,,1621,14,200,4
1790489146.183052,1790489148.954444,45086.460345,45089.231737,2771.392,POST,/api/pipeline,True,,1620,15,200,4
1790489146.236478,1790489149.00916,45086.513771,45089.286453,2772.682,POST,/api/pipeline,True,,1622,16,200,4
1790489146.2792,1790489149.052652,45086.556493,45089.329945,2773.452,POST,/api/pipeline,True,,1622,17,200,4
1790489146.339979,1790489149.111622,45086.617272,45089.388915,2771.643,POST,/api/pipeline,True,,1622,18,200,4
1790489146.397312,1790489149.169528,45086.674605,45089.446821,2772.216,POST,/api/pipeline,True,,1622,19,200,4
1790489146.452672,1790489149.223276,45086.729965,45089.500569,2770.604,POST,/api/pipeline,True,,1622,20,200,4
1790489146.503789,1790489149.275364,45086.781082,45089.552657,2771.575,POST,/api/pipeline,True,,1622,21,200,4
1790489146.561078,1790489149.331196,45086.838371,45089.608489,2770.118,POST,/api/pipeline,True,,1620,22,200,4
1790489146.61733,1790489149.388171,45086.894623,45089.665464,2770.841,POST,/api/pipeline,True,,1620,23,200,4
1790489146.664151,1790489149.435421,45086.941444,45089.712714,2771.27,POST,/api/pipeline,True,,1621,24,200,4
1790489146.71744,1790489149.487128,45086.994731,45089.764419,2769.688,POST,/api/pipeline,True,,1622,25,200,4
1790489146.767709,1790489149.53961,45087.045002,45089.816902,2771.901,POST,/api/pipeline,True,,1622,26,200,4
1790489146.822135,1790489149.59263,45087.099428,45089.869923,2770.495,POST,/api/pipeline,True,,1621,27,200,4
